game_id,legion_id,team,unit_type,start_x,start_y,start_units,end_units,damage_dealt,damage_received,team_won
1,GREEN_1,GREEN,SPIDER,3,-3,15,15,0.00,0.00,false
1,GREEN_2,GREEN,GOLEM,1,-3,3,3,0.00,0.00,false
1,BLUE_3,BLUE,SPIDER,-3,3,15,15,0.00,0.00,false
1,BLUE_4,BLUE,GOLEM,-2,3,3,3,0.00,0.00,false
2,GREEN_1,GREEN,SPIDER,3,-3,15,15,0.00,0.00,false
2,GREEN_2,GREEN,GOLEM,1,-3,3,3,0.00,0.00,false
2,BLUE_3,BLUE,SPIDER,-3,3,15,15,0.00,0.00,false
2,BLUE_4,BLUE,GOLEM,-2,3,3,3,0.00,0.00,false
3,GREEN_1,GREEN,GOBLIN,1,-2,12,12,0.00,0.00,false
3,GREEN_2,GREEN,MAGE,2,-3,4,4,0.00,0.00,false
3,GREEN_3,GREEN,GOLEM,3,-3,1,1,0.00,0.00,false
3,BLUE_4,BLUE,GOBLIN,-3,3,12,12,0.00,0.00,false
3,BLUE_5,BLUE,MAGE,-2,3,4,4,0.00,0.00,false
3,BLUE_6,BLUE,GOLEM,-1,3,1,1,0.00,0.00,false
4,GREEN_1,GREEN,GOBLIN,1,-2,12,0,6.00,96.00,false
4,GREEN_2,GREEN,MAGE,2,-3,4,0,30.00,32.00,false
4,GREEN_3,GREEN,GOLEM,3,-3,1,0,16.00,26.00,false
4,BLUE_4,BLUE,GOBLIN,-3,3,12,12,0.00,0.00,true
4,BLUE_5,BLUE,MAGE,-2,3,4,1,124.00,30.00,true
4,BLUE_6,BLUE,GOLEM,-1,3,1,1,30.00,22.00,true
5,GREEN_1,GREEN,GOBLIN,0,-3,10,10,0.00,0.00,false
5,GREEN_2,GREEN,ASSASSIN,1,-2,5,0,44.00,40.00,false
5,GREEN_3,GREEN,ARCHER,2,-3,1,1,0.00,0.00,false
5,GREEN_4,GREEN,GOBLIN,-1,-2,1,1,0.00,0.00,false
5,BLUE_5,BLUE,GOBLIN,-3,3,10,10,0.00,0.00,false
5,BLUE_6,BLUE,ASSASSIN,-2,3,5,3,34.00,28.00,false
5,BLUE_7,BLUE,ARCHER,-1,3,1,0,2.00,8.00,false
5,BLUE_8,BLUE,GOBLIN,0,3,1,0,4.00,8.00,false
6,GREEN_1,GREEN,GOBLIN,0,-3,10,10,0.00,0.00,false
6,GREEN_2,GREEN,ASSASSIN,1,-2,5,0,24.00,40.00,false
6,GREEN_3,GREEN,ARCHER,2,-3,1,0,2.00,8.00,false
6,GREEN_4,GREEN,GOBLIN,-1,-2,1,0,4.00,8.00,false
6,BLUE_5,BLUE,GOBLIN,-3,3,10,10,0.00,0.00,false
6,BLUE_6,BLUE,ASSASSIN,-2,3,5,2,44.00,30.00,false
6,BLUE_7,BLUE,ARCHER,-1,3,1,1,12.00,0.00,false
6,BLUE_8,BLUE,GOBLIN,0,3,1,1,0.00,0.00,false
7,GREEN_1,GREEN,GOBLIN,1,-2,10,10,0.00,0.00,false
7,GREEN_2,GREEN,GOLEM,1,-3,4,4,0.00,0.00,false
7,GREEN_3,GREEN,GOBLIN,2,-3,1,1,0.00,0.00,false
7,BLUE_4,BLUE,GOBLIN,-3,3,10,10,0.00,0.00,false
7,BLUE_5,BLUE,GOLEM,-2,3,4,4,0.00,0.00,false
7,BLUE_6,BLUE,GOBLIN,-1,3,1,1,0.00,0.00,false
8,GREEN_1,GREEN,GOBLIN,1,-2,10,10,0.00,0.00,false
8,GREEN_2,GREEN,GOLEM,1,-3,4,4,0.00,0.00,false
8,GREEN_3,GREEN,GOBLIN,2,-3,1,1,0.00,0.00,false
8,BLUE_4,BLUE,GOBLIN,-3,3,10,10,0.00,0.00,false
8,BLUE_5,BLUE,GOLEM,-2,3,4,4,0.00,0.00,false
8,BLUE_6,BLUE,GOBLIN,-1,3,1,1,0.00,0.00,false
9,GREEN_1,GREEN,GOBLIN,0,-3,12,5,96.00,68.00,false
9,GREEN_2,GREEN,GOBLIN,3,-3,10,10,0.00,0.00,false
9,GREEN_3,GREEN,ARCHER,2,-2,1,1,0.00,0.00,false
9,GREEN_4,GREEN,GOBLIN,3,-2,1,1,0.00,0.00,false
9,BLUE_5,BLUE,GOBLIN,-3,3,12,12,0.00,0.00,false
9,BLUE_6,BLUE,GOBLIN,-2,3,10,0,62.00,80.00,false
9,BLUE_7,BLUE,ARCHER,-1,3,1,0,2.00,8.00,false
9,BLUE_8,BLUE,GOBLIN,0,3,1,0,4.00,8.00,false
10,GREEN_1,GREEN,GOBLIN,0,-3,12,12,0.00,0.00,false
10,GREEN_2,GREEN,GOBLIN,3,-3,10,10,0.00,0.00,false
10,GREEN_3,GREEN,ARCHER,2,-2,1,1,0.00,0.00,false
10,GREEN_4,GREEN,GOBLIN,3,-2,1,1,0.00,0.00,false
10,BLUE_5,BLUE,GOBLIN,-3,3,12,12,0.00,0.00,false
10,BLUE_6,BLUE,GOBLIN,-2,3,10,10,0.00,0.00,false
10,BLUE_7,BLUE,ARCHER,-1,3,1,1,0.00,0.00,false
10,BLUE_8,BLUE,GOBLIN,0,3,1,1,0.00,0.00,false
11,GREEN_1,GREEN,SCORPION_RIDER,2,-3,6,2,104.00,92.00,false
11,GREEN_2,GREEN,SPIDER,-1,-2,8,8,0.00,0.00,false
11,GREEN_3,GREEN,GOBLIN,2,-2,1,1,4.00,2.00,false
11,BLUE_4,BLUE,SCORPION_RIDER,-3,3,6,4,82.00,68.00,false
11,BLUE_5,BLUE,SPIDER,-2,3,8,0,12.00,32.00,false
11,BLUE_6,BLUE,GOBLIN,-1,3,1,0,0.00,8.00,false
12,GREEN_1,GREEN,SCORPION_RIDER,2,-3,6,6,0.00,0.00,false
12,GREEN_2,GREEN,SPIDER,-1,-2,8,8,0.00,0.00,false
12,GREEN_3,GREEN,GOBLIN,2,-2,1,1,0.00,0.00,false
12,BLUE_4,BLUE,SCORPION_RIDER,-3,3,6,6,0.00,0.00,false
12,BLUE_5,BLUE,SPIDER,-2,3,8,8,0.00,0.00,false
12,BLUE_6,BLUE,GOBLIN,-1,3,1,1,0.00,0.00,false
13,GREEN_1,GREEN,GARGOYLE,2,-3,6,6,0.00,0.00,false
13,GREEN_2,GREEN,GARGOYLE,0,-3,4,4,0.00,0.00,false
13,GREEN_3,GREEN,SPIDER,1,-3,1,1,0.00,0.00,false
13,BLUE_4,BLUE,GARGOYLE,-3,3,6,6,0.00,0.00,false
13,BLUE_5,BLUE,GARGOYLE,-2,3,4,4,0.00,0.00,false
13,BLUE_6,BLUE,SPIDER,-1,3,1,1,0.00,0.00,false
14,GREEN_1,GREEN,GARGOYLE,2,-3,6,6,0.00,0.00,false
14,GREEN_2,GREEN,GARGOYLE,0,-3,4,4,0.00,0.00,false
14,GREEN_3,GREEN,SPIDER,1,-3,1,1,0.00,0.00,false
14,BLUE_4,BLUE,GARGOYLE,-3,3,6,6,0.00,0.00,false
14,BLUE_5,BLUE,GARGOYLE,-2,3,4,4,0.00,0.00,false
14,BLUE_6,BLUE,SPIDER,-1,3,1,1,0.00,0.00,false
15,GREEN_1,GREEN,GARGOYLE,0,-2,5,5,53.00,33.00,true
15,GREEN_2,GREEN,MAGE,0,-3,4,2,63.00,25.00,true
15,GREEN_3,GREEN,GOBLIN,1,-3,4,0,28.00,32.00,true
15,BLUE_4,BLUE,GARGOYLE,-3,3,5,0,57.00,80.00,false
15,BLUE_5,BLUE,MAGE,-2,3,4,0,25.00,32.00,false
15,BLUE_6,BLUE,GOBLIN,-1,3,4,0,8.00,32.00,false
16,GREEN_1,GREEN,GARGOYLE,0,-2,5,5,0.00,0.00,false
16,GREEN_2,GREEN,MAGE,0,-3,4,4,0.00,0.00,false
16,GREEN_3,GREEN,GOBLIN,1,-3,4,4,0.00,0.00,false
16,BLUE_4,BLUE,GARGOYLE,-3,3,5,5,0.00,0.00,false
16,BLUE_5,BLUE,MAGE,-2,3,4,4,0.00,0.00,false
16,BLUE_6,BLUE,GOBLIN,-1,3,4,4,0.00,0.00,false
17,GREEN_1,GREEN,GARGOYLE,1,-3,6,6,0.00,0.00,false
17,GREEN_2,GREEN,GARGOYLE,0,-2,4,4,0.00,0.00,false
17,GREEN_3,GREEN,GOBLIN,0,-3,1,1,0.00,0.00,false
17,BLUE_4,BLUE,GARGOYLE,-3,3,6,6,0.00,0.00,false
17,BLUE_5,BLUE,GARGOYLE,-2,3,4,4,0.00,0.00,false
17,BLUE_6,BLUE,GOBLIN,-1,3,1,1,0.00,0.00,false
18,GREEN_1,GREEN,GARGOYLE,1,-3,6,6,0.00,0.00,false
18,GREEN_2,GREEN,GARGOYLE,0,-2,4,4,0.00,0.00,false
18,GREEN_3,GREEN,GOBLIN,0,-3,1,1,0.00,0.00,false
18,BLUE_4,BLUE,GARGOYLE,-3,3,6,6,0.00,0.00,false
18,BLUE_5,BLUE,GARGOYLE,-2,3,4,4,0.00,0.00,false
18,BLUE_6,BLUE,GOBLIN,-1,3,1,1,0.00,0.00,false
19,GREEN_1,GREEN,ARCHER,0,-2,7,7,0.00,0.00,false
19,GREEN_2,GREEN,GARGOYLE,1,-3,4,4,0.00,0.00,false
19,GREEN_3,GREEN,SPIDER,2,-3,1,1,0.00,0.00,false
19,BLUE_4,BLUE,ARCHER,-3,3,7,7,0.00,0.00,false
19,BLUE_5,BLUE,GARGOYLE,-2,3,4,4,0.00,0.00,false
19,BLUE_6,BLUE,SPIDER,-1,3,1,1,0.00,0.00,false
20,GREEN_1,GREEN,ARCHER,0,-2,7,7,0.00,0.00,false
20,GREEN_2,GREEN,GARGOYLE,1,-3,4,4,0.00,0.00,false
20,GREEN_3,GREEN,SPIDER,2,-3,1,1,0.00,0.00,false
20,BLUE_4,BLUE,ARCHER,-3,3,7,7,0.00,0.00,false
20,BLUE_5,BLUE,GARGOYLE,-2,3,4,4,0.00,0.00,false
20,BLUE_6,BLUE,SPIDER,-1,3,1,1,0.00,0.00,false
21,GREEN_1,GREEN,SCORPION_RIDER,0,-2,5,2,130.00,86.00,true
21,GREEN_2,GREEN,MAGE,1,-3,5,5,0.00,0.00,true
21,BLUE_3,BLUE,SCORPION_RIDER,-3,3,5,0,83.00,90.00,false
21,BLUE_4,BLUE,MAGE,-2,3,5,0,3.00,40.00,false
22,GREEN_1,GREEN,SCORPION_RIDER,0,-2,5,0,0.00,90.00,false
22,GREEN_2,GREEN,MAGE,1,-3,5,0,34.00,40.00,false
22,BLUE_3,BLUE,SCORPION_RIDER,-3,3,5,5,0.00,0.00,true
22,BLUE_4,BLUE,MAGE,-2,3,5,3,130.00,34.00,true
23,GREEN_1,GREEN,ARCHER,2,-3,4,2,20.00,20.00,true
23,GREEN_2,GREEN,ARCHER,0,-3,8,2,76.00,52.00,true
23,GREEN_3,GREEN,GOBLIN,2,-2,1,1,8.00,6.00,true
23,BLUE_4,BLUE,ARCHER,-3,3,4,0,12.00,32.00,false
23,BLUE_5,BLUE,ARCHER,-2,3,8,0,62.00,64.00,false
23,BLUE_6,BLUE,GOBLIN,-1,3,1,0,4.00,8.00,false
24,GREEN_1,GREEN,ARCHER,2,-3,4,4,0.00,0.00,false
24,GREEN_2,GREEN,ARCHER,0,-3,8,8,0.00,0.00,false
24,GREEN_3,GREEN,GOBLIN,2,-2,1,0,4.00,8.00,false
24,BLUE_4,BLUE,ARCHER,-3,3,4,4,0.00,0.00,false
24,BLUE_5,BLUE,ARCHER,-2,3,8,8,0.00,0.00,false
24,BLUE_6,BLUE,GOBLIN,-1,3,1,1,8.00,4.00,false
25,GREEN_1,GREEN,GARGOYLE,1,-3,6,6,0.00,0.00,false
25,GREEN_2,GREEN,MAGE,0,-3,4,4,0.00,0.00,false
25,GREEN_3,GREEN,SPIDER,2,-3,1,1,0.00,0.00,false
25,BLUE_4,BLUE,GARGOYLE,-3,3,6,6,0.00,0.00,false
25,BLUE_5,BLUE,MAGE,-2,3,4,4,0.00,0.00,false
25,BLUE_6,BLUE,SPIDER,-1,3,1,1,0.00,0.00,false
26,GREEN_1,GREEN,GARGOYLE,1,-3,6,6,0.00,0.00,false
26,GREEN_2,GREEN,MAGE,0,-3,4,4,0.00,0.00,false
26,GREEN_3,GREEN,SPIDER,2,-3,1,1,0.00,0.00,false
26,BLUE_4,BLUE,GARGOYLE,-3,3,6,6,0.00,0.00,false
26,BLUE_5,BLUE,MAGE,-2,3,4,4,0.00,0.00,false
26,BLUE_6,BLUE,SPIDER,-1,3,1,1,0.00,0.00,false
27,GREEN_1,GREEN,MAGE,0,-3,8,8,0.00,0.00,false
27,GREEN_2,GREEN,ARCHER,2,-2,3,3,0.00,0.00,false
27,BLUE_3,BLUE,MAGE,-3,3,8,8,0.00,0.00,false
27,BLUE_4,BLUE,ARCHER,-2,3,3,3,0.00,0.00,false
28,GREEN_1,GREEN,MAGE,0,-3,8,8,0.00,0.00,false
28,GREEN_2,GREEN,ARCHER,2,-2,3,3,0.00,0.00,false
28,BLUE_3,BLUE,MAGE,-3,3,8,8,0.00,0.00,false
28,BLUE_4,BLUE,ARCHER,-2,3,3,3,0.00,0.00,false
29,GREEN_1,GREEN,GARGOYLE,3,-3,6,5,96.00,52.00,true
29,GREEN_2,GREEN,ASSASSIN,2,-2,4,1,36.00,30.00,true
29,GREEN_3,GREEN,SPIDER,0,-3,1,1,0.00,0.00,true
29,BLUE_4,BLUE,GARGOYLE,-3,3,6,0,52.00,96.00,false
29,BLUE_5,BLUE,ASSASSIN,-2,3,4,0,30.00,32.00,false
29,BLUE_6,BLUE,SPIDER,-1,3,1,0,0.00,4.00,false
30,GREEN_1,GREEN,GARGOYLE,3,-3,6,6,0.00,0.00,false
30,GREEN_2,GREEN,ASSASSIN,2,-2,4,0,30.00,32.00,false
30,GREEN_3,GREEN,SPIDER,0,-3,1,0,0.00,4.00,false
30,BLUE_4,BLUE,GARGOYLE,-3,3,6,6,0.00,0.00,false
30,BLUE_5,BLUE,ASSASSIN,-2,3,4,1,36.00,30.00,false
30,BLUE_6,BLUE,SPIDER,-1,3,1,1,0.00,0.00,false
31,GREEN_1,GREEN,SPIDER,1,-3,14,14,0.00,0.00,true
31,GREEN_2,GREEN,MAGE,2,-2,4,1,92.00,30.00,true
31,GREEN_3,GREEN,SPIDER,3,-2,1,1,0.00,0.00,true
31,BLUE_4,BLUE,SPIDER,-3,3,14,0,0.00,56.00,false
31,BLUE_5,BLUE,MAGE,-2,3,4,0,30.00,32.00,false
31,BLUE_6,BLUE,SPIDER,-1,3,1,0,0.00,4.00,false
32,GREEN_1,GREEN,SPIDER,1,-3,14,14,0.00,0.00,false
32,GREEN_2,GREEN,MAGE,2,-2,4,4,0.00,0.00,false
32,GREEN_3,GREEN,SPIDER,3,-2,1,1,0.00,0.00,false
32,BLUE_4,BLUE,SPIDER,-3,3,14,14,0.00,0.00,false
32,BLUE_5,BLUE,MAGE,-2,3,4,4,0.00,0.00,false
32,BLUE_6,BLUE,SPIDER,-1,3,1,1,0.00,0.00,false
33,GREEN_1,GREEN,GOBLIN,2,-3,7,7,0.00,0.00,false
33,GREEN_2,GREEN,GOLEM,3,-3,4,2,135.00,98.00,false
33,GREEN_3,GREEN,MAGE,-1,-2,2,2,0.00,0.00,false
33,BLUE_4,BLUE,GOBLIN,-3,3,7,6,17.00,15.00,false
33,BLUE_5,BLUE,GOLEM,-2,3,4,0,81.00,104.00,false
33,BLUE_6,BLUE,MAGE,-1,3,2,0,0.00,16.00,false
34,GREEN_1,GREEN,GOBLIN,2,-3,7,7,0.00,0.00,false
34,GREEN_2,GREEN,GOLEM,3,-3,4,4,0.00,0.00,false
34,GREEN_3,GREEN,MAGE,-1,-2,2,2,0.00,0.00,false
34,BLUE_4,BLUE,GOBLIN,-3,3,7,7,0.00,0.00,false
34,BLUE_5,BLUE,GOLEM,-2,3,4,4,0.00,0.00,false
34,BLUE_6,BLUE,MAGE,-1,3,2,2,0.00,0.00,false
35,GREEN_1,GREEN,GARGOYLE,1,-3,6,2,72.00,88.00,true
35,GREEN_2,GREEN,SCORPION_RIDER,3,-3,4,4,96.00,78.00,true
35,BLUE_3,BLUE,GARGOYLE,-3,3,6,0,118.00,96.00,false
35,BLUE_4,BLUE,SCORPION_RIDER,-2,3,4,0,48.00,72.00,false
36,GREEN_1,GREEN,GARGOYLE,1,-3,6,6,54.00,51.00,false
36,GREEN_2,GREEN,SCORPION_RIDER,3,-3,4,4,0.00,0.00,false
36,BLUE_3,BLUE,GARGOYLE,-3,3,6,6,0.00,0.00,false
36,BLUE_4,BLUE,SCORPION_RIDER,-2,3,4,3,51.00,54.00,false
37,GREEN_1,GREEN,SPIDER,1,-2,14,14,0.00,0.00,false
37,GREEN_2,GREEN,GARGOYLE,2,-3,4,4,0.00,0.00,false
37,GREEN_3,GREEN,GOBLIN,1,-3,1,1,0.00,0.00,false
37,BLUE_4,BLUE,SPIDER,-3,3,14,14,0.00,0.00,false
37,BLUE_5,BLUE,GARGOYLE,-2,3,4,4,0.00,0.00,false
37,BLUE_6,BLUE,GOBLIN,-1,3,1,1,0.00,0.00,false
38,GREEN_1,GREEN,SPIDER,1,-2,14,14,0.00,0.00,false
38,GREEN_2,GREEN,GARGOYLE,2,-3,4,4,0.00,0.00,false
38,GREEN_3,GREEN,GOBLIN,1,-3,1,1,0.00,0.00,false
38,BLUE_4,BLUE,SPIDER,-3,3,14,14,0.00,0.00,false
38,BLUE_5,BLUE,GARGOYLE,-2,3,4,4,0.00,0.00,false
38,BLUE_6,BLUE,GOBLIN,-1,3,1,1,0.00,0.00,false
39,GREEN_1,GREEN,GOBLIN,1,-2,11,11,0.00,0.00,false
39,GREEN_2,GREEN,GOBLIN,2,-3,11,11,0.00,0.00,false
39,GREEN_3,GREEN,MAGE,0,-3,1,1,0.00,0.00,false
39,BLUE_4,BLUE,GOBLIN,-3,3,11,11,0.00,0.00,false
39,BLUE_5,BLUE,GOBLIN,-2,3,11,11,0.00,0.00,false
39,BLUE_6,BLUE,MAGE,-1,3,1,1,0.00,0.00,false
40,GREEN_1,GREEN,GOBLIN,1,-2,11,0,72.00,88.00,false
40,GREEN_2,GREEN,GOBLIN,2,-3,11,11,0.00,3.00,false
40,GREEN_3,GREEN,MAGE,0,-3,1,0,6.00,8.00,false
40,BLUE_4,BLUE,GOBLIN,-3,3,11,2,85.00,72.00,false
40,BLUE_5,BLUE,GOBLIN,-2,3,11,11,0.00,0.00,false
40,BLUE_6,BLUE,MAGE,-1,3,1,1,14.00,6.00,false
41,GREEN_1,GREEN,SCORPION_RIDER,0,-3,6,6,0.00,0.00,false
41,GREEN_2,GREEN,GARGOYLE,3,-3,3,3,0.00,0.00,false
41,GREEN_3,GREEN,SPIDER,2,-3,2,2,0.00,0.00,false
41,BLUE_4,BLUE,SCORPION_RIDER,-3,3,6,6,0.00,0.00,false
41,BLUE_5,BLUE,GARGOYLE,-2,3,3,3,0.00,0.00,false
41,BLUE_6,BLUE,SPIDER,-1,3,2,2,0.00,0.00,false
42,GREEN_1,GREEN,SCORPION_RIDER,0,-3,6,6,81.00,64.00,false
42,GREEN_2,GREEN,GARGOYLE,3,-3,3,0,15.00,48.00,false
42,GREEN_3,GREEN,SPIDER,2,-3,2,0,2.00,8.00,false
42,BLUE_4,BLUE,SCORPION_RIDER,-3,3,6,1,120.00,98.00,false
42,BLUE_5,BLUE,GARGOYLE,-2,3,3,3,0.00,0.00,false
42,BLUE_6,BLUE,SPIDER,-1,3,2,2,0.00,0.00,false
43,GREEN_1,GREEN,GARGOYLE,1,-2,5,5,0.00,0.00,false
43,GREEN_2,GREEN,GOLEM,3,-3,4,4,0.00,0.00,false
43,BLUE_3,BLUE,GARGOYLE,-3,3,5,5,0.00,0.00,false
43,BLUE_4,BLUE,GOLEM,-2,3,4,4,0.00,0.00,false
44,GREEN_1,GREEN,GARGOYLE,1,-2,5,0,65.00,80.00,false
44,GREEN_2,GREEN,GOLEM,3,-3,4,0,91.00,104.00,false
44,BLUE_3,BLUE,GARGOYLE,-3,3,5,3,55.00,65.00,true
44,BLUE_4,BLUE,GOLEM,-2,3,4,2,129.00,91.00,true
45,GREEN_1,GREEN,ARCHER,2,-2,7,7,0.00,0.00,false
45,GREEN_2,GREEN,SCORPION_RIDER,1,-3,4,0,106.00,72.00,false
45,BLUE_3,BLUE,ARCHER,-3,3,7,0,10.00,56.00,false
45,BLUE_4,BLUE,SCORPION_RIDER,-2,3,4,3,62.00,50.00,false
46,GREEN_1,GREEN,ARCHER,2,-2,7,0,10.00,56.00,false
46,GREEN_2,GREEN,SCORPION_RIDER,1,-3,4,0,24.00,72.00,false
46,BLUE_3,BLUE,ARCHER,-3,3,7,7,52.00,0.00,true
46,BLUE_4,BLUE,SCORPION_RIDER,-2,3,4,4,76.00,34.00,true
47,GREEN_1,GREEN,SCORPION_RIDER,1,-3,6,1,136.00,106.00,false
47,GREEN_2,GREEN,GOLEM,1,-2,2,2,0.00,0.00,false
47,GREEN_3,GREEN,ARCHER,2,-3,1,1,0.00,0.00,false
47,BLUE_4,BLUE,SCORPION_RIDER,-3,3,6,4,85.00,76.00,false
47,BLUE_5,BLUE,GOLEM,-2,3,2,0,21.00,52.00,false
47,BLUE_6,BLUE,ARCHER,-1,3,1,0,0.00,8.00,false
48,GREEN_1,GREEN,SCORPION_RIDER,1,-3,6,0,0.00,108.00,false
48,GREEN_2,GREEN,GOLEM,1,-2,2,0,0.00,52.00,false
48,GREEN_3,GREEN,ARCHER,2,-3,1,1,0.00,0.00,false
48,BLUE_4,BLUE,SCORPION_RIDER,-3,3,6,6,0.00,0.00,false
48,BLUE_5,BLUE,GOLEM,-2,3,2,2,0.00,0.00,false
48,BLUE_6,BLUE,ARCHER,-1,3,1,1,160.00,0.00,false
49,GREEN_1,GREEN,SPIDER,0,-2,2,2,0.00,0.00,false
49,GREEN_2,GREEN,MAGE,1,-3,8,8,0.00,0.00,false
49,GREEN_3,GREEN,GARGOYLE,-1,-2,1,1,0.00,0.00,false
49,GREEN_4,GREEN,SPIDER,2,-2,2,2,0.00,0.00,false
49,BLUE_5,BLUE,SPIDER,-3,3,2,2,0.00,0.00,false
49,BLUE_6,BLUE,MAGE,-2,3,8,8,0.00,0.00,false
49,BLUE_7,BLUE,GARGOYLE,-1,3,1,1,0.00,0.00,false
49,BLUE_8,BLUE,SPIDER,0,3,2,2,0.00,0.00,false
50,GREEN_1,GREEN,SPIDER,0,-2,2,2,0.00,0.00,false
50,GREEN_2,GREEN,MAGE,1,-3,8,8,0.00,0.00,false
50,GREEN_3,GREEN,GARGOYLE,-1,-2,1,1,0.00,0.00,false
50,GREEN_4,GREEN,SPIDER,2,-2,2,2,0.00,0.00,false
50,BLUE_5,BLUE,SPIDER,-3,3,2,2,0.00,0.00,false
50,BLUE_6,BLUE,MAGE,-2,3,8,8,0.00,0.00,false
50,BLUE_7,BLUE,GARGOYLE,-1,3,1,1,0.00,0.00,false
50,BLUE_8,BLUE,SPIDER,0,3,2,2,0.00,0.00,false
51,GREEN_1,GREEN,ASSASSIN,-1,-2,7,5,81.00,48.00,true
51,GREEN_2,GREEN,MAGE,0,-3,3,3,7.00,0.00,true
51,GREEN_3,GREEN,GOBLIN,3,-2,1,1,0.00,0.00,true
51,BLUE_4,BLUE,ASSASSIN,-3,3,7,0,41.00,56.00,false
51,BLUE_5,BLUE,MAGE,-2,3,3,0,3.00,24.00,false
51,BLUE_6,BLUE,GOBLIN,-1,3,1,0,4.00,8.00,false
52,GREEN_1,GREEN,ASSASSIN,-1,-2,7,0,42.00,56.00,false
52,GREEN_2,GREEN,MAGE,0,-3,3,0,3.00,24.00,false
52,GREEN_3,GREEN,GOBLIN,3,-2,1,0,4.00,8.00,false
52,BLUE_4,BLUE,ASSASSIN,-3,3,7,3,79.00,49.00,true
52,BLUE_5,BLUE,MAGE,-2,3,3,3,9.00,0.00,true
52,BLUE_6,BLUE,GOBLIN,-1,3,1,1,0.00,0.00,true
53,GREEN_1,GREEN,GARGOYLE,2,-3,6,6,0.00,0.00,false
53,GREEN_2,GREEN,GOBLIN,2,-2,11,11,0.00,0.00,false
53,BLUE_3,BLUE,GARGOYLE,-3,3,6,6,0.00,0.00,false
53,BLUE_4,BLUE,GOBLIN,-2,3,11,11,0.00,0.00,false
54,GREEN_1,GREEN,GARGOYLE,2,-3,6,6,0.00,0.00,false
54,GREEN_2,GREEN,GOBLIN,2,-2,11,11,0.00,0.00,false
54,BLUE_3,BLUE,GARGOYLE,-3,3,6,6,0.00,0.00,false
54,BLUE_4,BLUE,GOBLIN,-2,3,11,11,0.00,0.00,false
55,GREEN_1,GREEN,MAGE,1,-3,7,7,0.00,0.00,false
55,GREEN_2,GREEN,SCORPION_RIDER,2,-2,3,3,0.00,0.00,false
55,BLUE_3,BLUE,MAGE,-3,3,7,7,0.00,0.00,false
55,BLUE_4,BLUE,SCORPION_RIDER,-2,3,3,3,0.00,0.00,false
56,GREEN_1,GREEN,MAGE,1,-3,7,0,10.00,56.00,false
56,GREEN_2,GREEN,SCORPION_RIDER,2,-2,3,0,16.00,54.00,false
56,BLUE_3,BLUE,MAGE,-3,3,7,7,40.00,3.00,true
56,BLUE_4,BLUE,SCORPION_RIDER,-2,3,3,2,70.00,23.00,true
57,GREEN_1,GREEN,MAGE,1,-2,8,8,0.00,0.00,false
57,GREEN_2,GREEN,GOBLIN,1,-3,5,5,0.00,0.00,false
57,GREEN_3,GREEN,SPIDER,2,-3,1,1,0.00,0.00,false
57,BLUE_4,BLUE,MAGE,-3,3,8,8,0.00,0.00,false
57,BLUE_5,BLUE,GOBLIN,-2,3,5,5,0.00,0.00,false
57,BLUE_6,BLUE,SPIDER,-1,3,1,1,0.00,0.00,false
58,GREEN_1,GREEN,MAGE,1,-2,8,8,0.00,0.00,false
58,GREEN_2,GREEN,GOBLIN,1,-3,5,5,0.00,0.00,false
58,GREEN_3,GREEN,SPIDER,2,-3,1,1,0.00,0.00,false
58,BLUE_4,BLUE,MAGE,-3,3,8,8,0.00,0.00,false
58,BLUE_5,BLUE,GOBLIN,-2,3,5,5,0.00,0.00,false
58,BLUE_6,BLUE,SPIDER,-1,3,1,1,0.00,0.00,false
59,GREEN_1,GREEN,GOLEM,1,-2,4,4,0.00,0.00,false
59,GREEN_2,GREEN,MAGE,0,-2,4,4,0.00,0.00,false
59,GREEN_3,GREEN,ASSASSIN,1,-3,1,1,8.00,6.00,false
59,BLUE_4,BLUE,GOLEM,-3,3,4,4,0.00,0.00,false
59,BLUE_5,BLUE,MAGE,-2,3,4,4,0.00,0.00,false
59,BLUE_6,BLUE,ASSASSIN,-1,3,1,0,6.00,8.00,false
60,GREEN_1,GREEN,GOLEM,1,-2,4,4,0.00,0.00,false
60,GREEN_2,GREEN,MAGE,0,-2,4,4,4.00,6.00,false
60,GREEN_3,GREEN,ASSASSIN,1,-3,1,1,0.00,0.00,false
60,BLUE_4,BLUE,GOLEM,-3,3,4,4,0.00,0.00,false
60,BLUE_5,BLUE,MAGE,-2,3,4,4,0.00,0.00,false
60,BLUE_6,BLUE,ASSASSIN,-1,3,1,1,6.00,4.00,false
61,GREEN_1,GREEN,MAGE,2,-2,7,3,110.00,50.00,true
61,GREEN_2,GREEN,SCORPION_RIDER,2,-3,3,3,0.00,0.00,true
61,BLUE_3,BLUE,MAGE,-3,3,7,0,50.00,56.00,false
61,BLUE_4,BLUE,SCORPION_RIDER,-2,3,3,0,0.00,54.00,false
62,GREEN_1,GREEN,MAGE,2,-2,7,0,7.00,56.00,false
62,GREEN_2,GREEN,SCORPION_RIDER,2,-3,3,0,30.00,54.00,false
62,BLUE_3,BLUE,MAGE,-3,3,7,7,20.00,0.00,true
62,BLUE_4,BLUE,SCORPION_RIDER,-2,3,3,1,90.00,37.00,true
63,GREEN_1,GREEN,MAGE,3,-3,7,3,71.00,47.00,true
63,GREEN_2,GREEN,MAGE,0,-3,3,1,11.00,19.00,true
63,GREEN_3,GREEN,SPIDER,2,-3,1,0,2.00,4.00,true
63,BLUE_4,BLUE,MAGE,-3,3,7,0,60.00,56.00,false
63,BLUE_5,BLUE,MAGE,-2,3,3,0,10.00,24.00,false
63,BLUE_6,BLUE,SPIDER,-1,3,1,0,0.00,4.00,false
64,GREEN_1,GREEN,MAGE,3,-3,7,0,49.00,56.00,false
64,GREEN_2,GREEN,MAGE,0,-3,3,0,12.00,24.00,false
64,GREEN_3,GREEN,SPIDER,2,-3,1,0,2.00,4.00,false
64,BLUE_4,BLUE,MAGE,-3,3,7,2,64.00,46.00,true
64,BLUE_5,BLUE,MAGE,-2,3,3,2,20.00,17.00,true
64,BLUE_6,BLUE,SPIDER,-1,3,1,1,0.00,0.00,true
65,GREEN_1,GREEN,GOBLIN,0,-2,2,2,0.00,0.00,true
65,GREEN_2,GREEN,MAGE,2,-3,8,3,110.00,58.00,true
65,GREEN_3,GREEN,GOLEM,1,-3,1,1,0.00,0.00,true
65,GREEN_4,GREEN,SPIDER,0,-3,1,1,0.00,0.00,true
65,BLUE_5,BLUE,GOBLIN,-3,3,2,0,0.00,16.00,false
65,BLUE_6,BLUE,MAGE,-2,3,8,0,56.00,64.00,false
65,BLUE_7,BLUE,GOLEM,-1,3,1,0,0.00,26.00,false
65,BLUE_8,BLUE,SPIDER,0,3,1,0,2.00,4.00,false
66,GREEN_1,GREEN,GOBLIN,0,-2,2,0,0.00,16.00,false
66,GREEN_2,GREEN,MAGE,2,-3,8,8,0.00,0.00,false
66,GREEN_3,GREEN,GOLEM,1,-3,1,1,0.00,0.00,false
66,GREEN_4,GREEN,SPIDER,0,-3,1,0,2.00,4.00,false
66,BLUE_5,BLUE,GOBLIN,-3,3,2,2,0.00,0.00,false
66,BLUE_6,BLUE,MAGE,-2,3,8,8,0.00,0.00,false
66,BLUE_7,BLUE,GOLEM,-1,3,1,1,0.00,0.00,false
66,BLUE_8,BLUE,SPIDER,0,3,1,1,20.00,2.00,false
67,GREEN_1,GREEN,SPIDER,3,-3,13,13,0.00,0.00,false
67,GREEN_2,GREEN,MAGE,3,-2,1,1,32.00,6.00,false
67,GREEN_3,GREEN,GOLEM,2,-2,2,2,0.00,0.00,false
67,GREEN_4,GREEN,GOBLIN,0,-3,3,3,0.00,0.00,false
67,BLUE_5,BLUE,SPIDER,-3,3,13,13,0.00,0.00,false
67,BLUE_6,BLUE,MAGE,-2,3,1,0,6.00,8.00,false
67,BLUE_7,BLUE,GOLEM,-1,3,2,2,0.00,0.00,false
67,BLUE_8,BLUE,GOBLIN,0,3,3,0,0.00,24.00,false
68,GREEN_1,GREEN,SPIDER,3,-3,13,0,34.00,52.00,false
68,GREEN_2,GREEN,MAGE,3,-2,1,0,0.00,8.00,false
68,GREEN_3,GREEN,GOLEM,2,-2,2,0,8.00,52.00,false
68,GREEN_4,GREEN,GOBLIN,0,-3,3,0,7.00,24.00,false
68,BLUE_5,BLUE,SPIDER,-3,3,13,8,74.00,26.00,true
68,BLUE_6,BLUE,MAGE,-2,3,1,1,17.00,0.00,true
68,BLUE_7,BLUE,GOLEM,-1,3,2,2,45.00,23.00,true
68,BLUE_8,BLUE,GOBLIN,0,3,3,3,0.00,0.00,true
69,GREEN_1,GREEN,SPIDER,3,-3,15,3,70.00,52.00,true
69,GREEN_2,GREEN,SPIDER,0,-3,8,3,22.00,20.00,true
69,GREEN_3,GREEN,GOBLIN,1,-3,2,0,16.00,16.00,true
69,BLUE_4,BLUE,SPIDER,-3,3,15,0,70.00,60.00,false
69,BLUE_5,BLUE,SPIDER,-2,3,8,0,14.00,32.00,false
69,BLUE_6,BLUE,GOBLIN,-1,3,2,0,4.00,16.00,false
70,GREEN_1,GREEN,SPIDER,3,-3,15,15,0.00,0.00,false
70,GREEN_2,GREEN,SPIDER,0,-3,8,0,18.00,32.00,false
70,GREEN_3,GREEN,GOBLIN,1,-3,2,0,8.00,16.00,false
70,BLUE_4,BLUE,SPIDER,-3,3,15,14,32.00,18.00,false
70,BLUE_5,BLUE,SPIDER,-2,3,8,8,8.00,0.00,false
70,BLUE_6,BLUE,GOBLIN,-1,3,2,1,8.00,8.00,false
71,GREEN_1,GREEN,ASSASSIN,0,-2,6,3,68.00,36.00,true
71,GREEN_2,GREEN,SCORPION_RIDER,2,-2,4,3,52.00,50.00,true
71,BLUE_3,BLUE,ASSASSIN,-3,3,6,0,34.00,48.00,false
71,BLUE_4,BLUE,SCORPION_RIDER,-2,3,4,0,52.00,72.00,false
72,GREEN_1,GREEN,ASSASSIN,0,-2,6,0,34.00,48.00,false
72,GREEN_2,GREEN,SCORPION_RIDER,2,-2,4,0,48.00,72.00,false
72,BLUE_3,BLUE,ASSASSIN,-3,3,6,1,62.00,40.00,true
72,BLUE_4,BLUE,SCORPION_RIDER,-2,3,4,3,58.00,42.00,true
73,GREEN_1,GREEN,ARCHER,3,-3,8,3,68.00,52.00,true
73,GREEN_2,GREEN,ARCHER,-1,-2,4,3,32.00,16.00,true
73,GREEN_3,GREEN,SPIDER,2,-3,1,1,0.00,0.00,true
73,BLUE_4,BLUE,ARCHER,-3,3,8,0,52.00,64.00,false
73,BLUE_5,BLUE,ARCHER,-2,3,4,0,16.00,32.00,false
73,BLUE_6,BLUE,SPIDER,-1,3,1,0,0.00,4.00,false
74,GREEN_1,GREEN,ARCHER,3,-3,8,8,0.00,0.00,false
74,GREEN_2,GREEN,ARCHER,-1,-2,4,4,0.00,0.00,false
74,GREEN_3,GREEN,SPIDER,2,-3,1,0,2.00,4.00,false
74,BLUE_4,BLUE,ARCHER,-3,3,8,8,0.00,0.00,false
74,BLUE_5,BLUE,ARCHER,-2,3,4,4,0.00,0.00,false
74,BLUE_6,BLUE,SPIDER,-1,3,1,1,4.00,2.00,false
75,GREEN_1,GREEN,GOLEM,0,-2,4,4,0.00,0.00,false
75,GREEN_2,GREEN,ASSASSIN,1,-2,2,1,16.00,14.00,false
75,GREEN_3,GREEN,SPIDER,1,-3,6,6,0.00,0.00,false
75,GREEN_4,GREEN,GOBLIN,-1,-2,1,1,0.00,0.00,false
75,BLUE_5,BLUE,GOLEM,-3,3,4,4,0.00,0.00,false
75,BLUE_6,BLUE,ASSASSIN,-2,3,2,0,14.00,16.00,false
75,BLUE_7,BLUE,SPIDER,-1,3,6,6,0.00,0.00,false
75,BLUE_8,BLUE,GOBLIN,0,3,1,1,0.00,0.00,false
76,GREEN_1,GREEN,GOLEM,0,-2,4,4,0.00,0.00,false
76,GREEN_2,GREEN,ASSASSIN,1,-2,2,0,14.00,16.00,false
76,GREEN_3,GREEN,SPIDER,1,-3,6,6,0.00,0.00,false
76,GREEN_4,GREEN,GOBLIN,-1,-2,1,1,0.00,0.00,false
76,BLUE_5,BLUE,GOLEM,-3,3,4,4,0.00,0.00,false
76,BLUE_6,BLUE,ASSASSIN,-2,3,2,1,16.00,14.00,false
76,BLUE_7,BLUE,SPIDER,-1,3,6,6,0.00,0.00,false
76,BLUE_8,BLUE,GOBLIN,0,3,1,1,0.00,0.00,false
77,GREEN_1,GREEN,GOBLIN,0,-3,11,1,93.00,91.00,true
77,GREEN_2,GREEN,GOLEM,0,-2,4,3,99.00,70.00,true
77,BLUE_3,BLUE,GOBLIN,-3,3,11,0,76.00,88.00,false
77,BLUE_4,BLUE,GOLEM,-2,3,4,0,85.00,104.00,false
78,GREEN_1,GREEN,GOBLIN,0,-3,11,6,90.00,75.00,false
78,GREEN_2,GREEN,GOLEM,0,-2,4,4,0.00,0.00,false
78,BLUE_3,BLUE,GOBLIN,-3,3,11,11,0.00,0.00,false
78,BLUE_4,BLUE,GOLEM,-2,3,4,1,75.00,90.00,false
79,GREEN_1,GREEN,ARCHER,0,-2,7,7,0.00,0.00,false
79,GREEN_2,GREEN,ARCHER,0,-3,5,5,0.00,0.00,false
79,GREEN_3,GREEN,GOBLIN,1,-3,1,1,0.00,0.00,false
79,BLUE_4,BLUE,ARCHER,-3,3,7,7,0.00,0.00,false
79,BLUE_5,BLUE,ARCHER,-2,3,5,5,0.00,0.00,false
79,BLUE_6,BLUE,GOBLIN,-1,3,1,1,0.00,0.00,false
80,GREEN_1,GREEN,ARCHER,0,-2,7,7,0.00,0.00,false
80,GREEN_2,GREEN,ARCHER,0,-3,5,5,0.00,0.00,false
80,GREEN_3,GREEN,GOBLIN,1,-3,1,1,0.00,0.00,false
80,BLUE_4,BLUE,ARCHER,-3,3,7,7,0.00,0.00,false
80,BLUE_5,BLUE,ARCHER,-2,3,5,5,0.00,0.00,false
80,BLUE_6,BLUE,GOBLIN,-1,3,1,1,0.00,0.00,false
93,GREEN_1,GREEN,SPIDER,3,-3,15,15,0.00,0.00,false
93,GREEN_2,GREEN,GOLEM,1,-3,3,3,0.00,0.00,false
93,BLUE_3,BLUE,SPIDER,-3,3,15,15,0.00,0.00,false
93,BLUE_4,BLUE,GOLEM,-2,3,3,3,0.00,0.00,false
94,GREEN_1,GREEN,SPIDER,3,-3,15,15,0.00,0.00,false
94,GREEN_2,GREEN,GOLEM,1,-3,3,3,0.00,0.00,false
94,BLUE_3,BLUE,SPIDER,-3,3,15,15,0.00,0.00,false
94,BLUE_4,BLUE,GOLEM,-2,3,3,3,0.00,0.00,false
95,GREEN_1,GREEN,GOBLIN,1,-2,12,12,0.00,0.00,false
95,GREEN_2,GREEN,MAGE,2,-3,4,4,0.00,0.00,false
95,GREEN_3,GREEN,GOLEM,3,-3,1,1,0.00,0.00,false
95,BLUE_4,BLUE,GOBLIN,-3,3,12,12,0.00,0.00,false
95,BLUE_5,BLUE,MAGE,-2,3,4,4,0.00,0.00,false
95,BLUE_6,BLUE,GOLEM,-1,3,1,1,0.00,0.00,false
96,GREEN_1,GREEN,GOBLIN,1,-2,12,0,68.00,96.00,false
96,GREEN_2,GREEN,MAGE,2,-3,4,0,30.00,32.00,false
96,GREEN_3,GREEN,GOLEM,3,-3,1,0,12.00,26.00,false
96,BLUE_4,BLUE,GOBLIN,-3,3,12,6,105.00,72.00,true
96,BLUE_5,BLUE,MAGE,-2,3,4,1,33.00,30.00,true
96,BLUE_6,BLUE,GOLEM,-1,3,1,1,16.00,8.00,true
93,GREEN_1,GREEN,GOBLIN,2,-2,11,9,60.00,46.00,false
93,GREEN_2,GREEN,GOBLIN,3,-3,10,10,12.00,12.00,false
93,GREEN_3,GREEN,ARCHER,1,-3,2,1,8.00,8.00,false
93,BLUE_4,BLUE,ASSASSIN,-1,3,8,0,46.00,64.00,false
93,BLUE_5,BLUE,ASSASSIN,1,2,2,0,20.00,16.00,false
93,BLUE_6,BLUE,GOBLIN,-3,3,1,1,0.00,0.00,false
94,GREEN_1,GREEN,GOBLIN,2,-2,11,9,60.00,46.00,false
94,GREEN_2,GREEN,GOBLIN,3,-3,10,10,12.00,12.00,false
94,GREEN_3,GREEN,ARCHER,1,-3,2,1,8.00,8.00,false
94,BLUE_4,BLUE,ASSASSIN,-1,3,8,0,46.00,64.00,false
94,BLUE_5,BLUE,ASSASSIN,1,2,2,0,20.00,16.00,false
94,BLUE_6,BLUE,GOBLIN,-3,3,1,1,0.00,0.00,false
95,GREEN_1,GREEN,GOBLIN,1,-2,12,10,44.00,51.00,false
95,GREEN_2,GREEN,GOLEM,3,-3,3,3,16.00,0.00,false
95,GREEN_3,GREEN,SPIDER,2,-2,3,0,0.00,12.00,false
95,BLUE_4,BLUE,MAGE,1,2,7,0,61.00,56.00,false
95,BLUE_5,BLUE,GOBLIN,-3,3,7,7,0.00,0.00,false
95,BLUE_6,BLUE,SPIDER,-2,3,1,0,2.00,4.00,false
96,GREEN_1,GREEN,GOBLIN,1,-2,12,12,56.00,7.00,false
96,GREEN_2,GREEN,GOLEM,3,-3,3,3,0.00,0.00,false
96,GREEN_3,GREEN,SPIDER,2,-2,3,3,0.00,6.00,false
96,BLUE_4,BLUE,MAGE,1,2,7,0,13.00,56.00,false
96,BLUE_5,BLUE,GOBLIN,-3,3,7,7,0.00,0.00,false
96,BLUE_6,BLUE,SPIDER,-2,3,1,1,0.00,0.00,false
93,GREEN_1,GREEN,GARGOYLE,0,-3,6,0,78.00,96.00,true
93,GREEN_2,GREEN,GARGOYLE,3,-3,4,4,52.00,39.00,true
93,GREEN_3,GREEN,SPIDER,1,-2,1,0,0.00,4.00,true
93,BLUE_4,BLUE,SCORPION_RIDER,-3,3,5,0,78.00,90.00,false
93,BLUE_5,BLUE,MAGE,-2,3,4,0,61.00,32.00,false
93,BLUE_6,BLUE,SPIDER,-2,2,2,0,0.00,8.00,false
94,GREEN_1,GREEN,GARGOYLE,0,-3,6,0,78.00,96.00,true
94,GREEN_2,GREEN,GARGOYLE,3,-3,4,4,52.00,42.00,true
94,GREEN_3,GREEN,SPIDER,1,-2,1,0,0.00,4.00,true
94,BLUE_4,BLUE,SCORPION_RIDER,-3,3,5,0,78.00,90.00,false
94,BLUE_5,BLUE,MAGE,-2,3,4,0,64.00,32.00,false
94,BLUE_6,BLUE,SPIDER,-2,2,2,0,0.00,8.00,false
95,GREEN_1,GREEN,SPIDER,2,-3,15,0,24.00,60.00,false
95,GREEN_2,GREEN,ASSASSIN,0,-3,4,0,12.00,32.00,false
95,BLUE_3,BLUE,SCORPION_RIDER,-2,2,6,6,32.00,12.00,true
95,BLUE_4,BLUE,ASSASSIN,-2,3,3,0,12.00,24.00,true
95,BLUE_5,BLUE,ARCHER,0,2,1,1,48.00,0.00,true
96,GREEN_1,GREEN,SPIDER,2,-3,15,0,24.00,60.00,false
96,GREEN_2,GREEN,ASSASSIN,0,-3,4,0,12.00,32.00,false
96,BLUE_3,BLUE,SCORPION_RIDER,-2,2,6,6,32.00,12.00,true
96,BLUE_4,BLUE,ASSASSIN,-2,3,3,0,0.00,24.00,true
96,BLUE_5,BLUE,ARCHER,0,2,1,1,60.00,0.00,true
93,GREEN_1,GREEN,GOBLIN,3,-3,12,11,0.00,16.00,false
93,GREEN_2,GREEN,ARCHER,2,-2,6,4,48.00,24.00,false
93,GREEN_3,GREEN,GOBLIN,2,-3,1,0,0.00,8.00,false
93,BLUE_4,BLUE,ARCHER,-2,3,5,0,45.00,40.00,false
93,BLUE_5,BLUE,SPIDER,-3,2,12,12,0.00,0.00,false
93,BLUE_6,BLUE,MAGE,-3,3,1,0,3.00,8.00,false
94,GREEN_1,GREEN,GOBLIN,3,-3,12,11,0.00,16.00,false
94,GREEN_2,GREEN,ARCHER,2,-2,6,4,48.00,24.00,false
94,GREEN_3,GREEN,GOBLIN,2,-3,1,0,0.00,8.00,false
94,BLUE_4,BLUE,ARCHER,-2,3,5,0,45.00,40.00,false
94,BLUE_5,BLUE,SPIDER,-3,2,12,12,0.00,0.00,false
94,BLUE_6,BLUE,MAGE,-3,3,1,0,3.00,8.00,false
95,GREEN_1,GREEN,SPIDER,-1,-2,15,0,34.00,60.00,false
95,GREEN_2,GREEN,GOBLIN,3,-3,8,8,0.00,0.00,false
95,GREEN_3,GREEN,SPIDER,1,-3,2,2,0.00,0.00,false
95,BLUE_4,BLUE,GARGOYLE,1,2,6,6,20.00,2.00,false
95,BLUE_5,BLUE,ARCHER,-2,2,4,0,40.00,32.00,false
95,BLUE_6,BLUE,GOBLIN,0,3,3,3,0.00,0.00,false
96,GREEN_1,GREEN,SPIDER,-1,-2,15,0,34.00,60.00,false
96,GREEN_2,GREEN,GOBLIN,3,-3,8,8,0.00,0.00,false
96,GREEN_3,GREEN,SPIDER,1,-3,2,2,0.00,0.00,false
96,BLUE_4,BLUE,GARGOYLE,1,2,6,6,20.00,2.00,false
96,BLUE_5,BLUE,ARCHER,-2,2,4,0,40.00,32.00,false
96,BLUE_6,BLUE,GOBLIN,0,3,3,3,0.00,0.00,false
97,GREEN_1,GREEN,GARGOYLE,0,-3,6,5,119.00,76.00,true
97,GREEN_2,GREEN,SCORPION_RIDER,0,-2,4,3,49.00,62.00,true
97,BLUE_3,BLUE,GARGOYLE,-3,3,6,0,94.00,96.00,false
97,BLUE_4,BLUE,SCORPION_RIDER,-2,3,4,0,44.00,72.00,false
98,GREEN_1,GREEN,GARGOYLE,0,-3,6,0,69.00,96.00,false
98,GREEN_2,GREEN,SCORPION_RIDER,0,-2,4,0,70.00,72.00,false
98,BLUE_3,BLUE,GARGOYLE,-3,3,6,5,89.00,61.00,true
98,BLUE_4,BLUE,SCORPION_RIDER,-2,3,4,0,79.00,78.00,true
99,GREEN_1,GREEN,GARGOYLE,1,-3,5,5,0.00,0.00,false
99,GREEN_2,GREEN,SCORPION_RIDER,1,-2,5,5,0.00,0.00,false
99,BLUE_3,BLUE,GARGOYLE,-3,3,5,5,0.00,0.00,false
99,BLUE_4,BLUE,SCORPION_RIDER,-2,3,5,5,0.00,0.00,false
100,GREEN_1,GREEN,GARGOYLE,1,-3,5,0,48.00,80.00,false
100,GREEN_2,GREEN,SCORPION_RIDER,1,-2,5,5,0.00,0.00,false
100,BLUE_3,BLUE,GARGOYLE,-3,3,5,5,0.00,0.00,false
100,BLUE_4,BLUE,SCORPION_RIDER,-2,3,5,4,80.00,48.00,false
101,GREEN_1,GREEN,GARGOYLE,-1,-2,6,6,101.00,36.00,true
101,GREEN_2,GREEN,SCORPION_RIDER,1,-3,4,0,67.00,78.00,true
101,BLUE_3,BLUE,GARGOYLE,-3,3,6,0,90.00,96.00,false
101,BLUE_4,BLUE,SCORPION_RIDER,-2,3,4,0,24.00,72.00,false
102,GREEN_1,GREEN,GARGOYLE,-1,-2,6,6,54.00,51.00,false
102,GREEN_2,GREEN,SCORPION_RIDER,1,-3,4,4,0.00,0.00,false
102,BLUE_3,BLUE,GARGOYLE,-3,3,6,6,0.00,0.00,false
102,BLUE_4,BLUE,SCORPION_RIDER,-2,3,4,3,51.00,54.00,false
103,GREEN_1,GREEN,GOBLIN,-1,-2,9,9,0.00,0.00,false
103,GREEN_2,GREEN,ASSASSIN,2,-2,6,0,50.00,48.00,false
103,GREEN_3,GREEN,SPIDER,3,-3,2,2,0.00,0.00,false
103,BLUE_4,BLUE,GOBLIN,-3,3,9,9,0.00,0.00,false
103,BLUE_5,BLUE,ASSASSIN,-2,3,6,3,46.00,42.00,false
103,BLUE_6,BLUE,SPIDER,-1,3,2,0,2.00,8.00,false
104,GREEN_1,GREEN,GOBLIN,-1,-2,9,0,52.00,72.00,false
104,GREEN_2,GREEN,ASSASSIN,2,-2,6,0,36.00,48.00,false
104,GREEN_3,GREEN,SPIDER,3,-3,2,0,2.00,8.00,false
104,BLUE_4,BLUE,GOBLIN,-3,3,9,3,48.00,52.00,true
104,BLUE_5,BLUE,ASSASSIN,-2,3,6,2,56.00,38.00,true
104,BLUE_6,BLUE,SPIDER,-1,3,2,2,24.00,0.00,true
105,GREEN_1,GREEN,GOLEM,3,-3,4,2,124.00,93.00,true
105,GREEN_2,GREEN,SCORPION_RIDER,0,-3,4,1,60.00,61.00,true
105,GREEN_3,GREEN,GOBLIN,1,-3,1,1,0.00,0.00,true
105,BLUE_4,BLUE,GOLEM,-3,3,4,0,96.00,104.00,false
105,BLUE_5,BLUE,SCORPION_RIDER,-2,3,4,0,57.00,72.00,false
105,BLUE_6,BLUE,GOBLIN,-1,3,1,0,1.00,8.00,false
106,GREEN_1,GREEN,GOLEM,3,-3,4,4,0.00,0.00,false
106,GREEN_2,GREEN,SCORPION_RIDER,0,-3,4,0,62.00,72.00,false
106,GREEN_3,GREEN,GOBLIN,1,-3,1,0,0.00,8.00,false
106,BLUE_4,BLUE,GOLEM,-3,3,4,4,0.00,0.00,false
106,BLUE_5,BLUE,SCORPION_RIDER,-2,3,4,1,80.00,62.00,false
106,BLUE_6,BLUE,GOBLIN,-1,3,1,1,0.00,0.00,false
107,GREEN_1,GREEN,GARGOYLE,1,-2,5,5,0.00,0.00,false
107,GREEN_2,GREEN,SCORPION_RIDER,0,-2,4,1,80.00,70.00,false
107,GREEN_3,GREEN,SPIDER,2,-3,2,2,0.00,0.00,false
107,BLUE_4,BLUE,GARGOYLE,-3,3,5,5,0.00,0.00,false
107,BLUE_5,BLUE,SCORPION_RIDER,-2,3,4,0,68.00,72.00,false
107,BLUE_6,BLUE,SPIDER,-1,3,2,0,2.00,8.00,false
108,GREEN_1,GREEN,GARGOYLE,1,-2,5,0,33.00,80.00,false
108,GREEN_2,GREEN,SCORPION_RIDER,0,-2,4,0,27.00,72.00,false
108,GREEN_3,GREEN,SPIDER,2,-3,2,0,2.00,8.00,false
108,BLUE_4,BLUE,GARGOYLE,-3,3,5,5,50.00,12.00,true
108,BLUE_5,BLUE,SCORPION_RIDER,-2,3,4,2,90.00,50.00,true
108,BLUE_6,BLUE,SPIDER,-1,3,2,2,20.00,0.00,true
109,GREEN_1,GREEN,MAGE,3,-2,3,3,7.00,8.00,true
109,GREEN_2,GREEN,ARCHER,1,-2,8,4,89.00,53.00,true
109,GREEN_3,GREEN,GOBLIN,0,-3,2,2,8.00,6.00,true
109,BLUE_4,BLUE,MAGE,-3,3,3,0,9.00,24.00,false
109,BLUE_5,BLUE,ARCHER,-2,3,8,0,58.00,64.00,false
109,BLUE_6,BLUE,GOBLIN,-1,3,2,0,0.00,16.00,false
110,GREEN_1,GREEN,MAGE,3,-2,3,3,0.00,0.00,false
110,GREEN_2,GREEN,ARCHER,1,-2,8,8,0.00,0.00,false
110,GREEN_3,GREEN,GOBLIN,0,-3,2,2,0.00,0.00,false
110,BLUE_4,BLUE,MAGE,-3,3,3,3,0.00,0.00,false
110,BLUE_5,BLUE,ARCHER,-2,3,8,8,0.00,0.00,false
110,BLUE_6,BLUE,GOBLIN,-1,3,2,2,0.00,0.00,false
111,GREEN_1,GREEN,GARGOYLE,1,-3,5,4,58.00,54.00,true
111,GREEN_2,GREEN,ASSASSIN,2,-3,5,1,66.00,42.00,true
111,GREEN_3,GREEN,SPIDER,2,-2,1,1,0.00,0.00,true
111,BLUE_4,BLUE,GARGOYLE,-3,3,5,0,74.00,80.00,false
111,BLUE_5,BLUE,ASSASSIN,-2,3,5,0,22.00,40.00,false
111,BLUE_6,BLUE,SPIDER,-1,3,1,0,0.00,4.00,false
112,GREEN_1,GREEN,GARGOYLE,1,-3,5,5,13.00,4.00,false
112,GREEN_2,GREEN,ASSASSIN,2,-3,5,0,32.00,40.00,false
112,GREEN_3,GREEN,SPIDER,2,-2,1,0,0.00,4.00,false
112,BLUE_4,BLUE,GARGOYLE,-3,3,5,5,0.00,0.00,false
112,BLUE_5,BLUE,ASSASSIN,-2,3,5,3,46.00,45.00,false
112,BLUE_6,BLUE,SPIDER,-1,3,1,1,2.00,0.00,false
113,GREEN_1,GREEN,SPIDER,0,-2,13,13,0.00,0.00,true
113,GREEN_2,GREEN,GOLEM,3,-2,3,3,110.00,63.00,true
113,GREEN_3,GREEN,ARCHER,2,-2,1,1,28.00,0.00,true
113,BLUE_4,BLUE,SPIDER,-3,3,13,0,2.00,52.00,false
113,BLUE_5,BLUE,GOLEM,-2,3,3,0,61.00,78.00,false
113,BLUE_6,BLUE,ARCHER,-1,3,1,0,0.00,8.00,false
114,GREEN_1,GREEN,SPIDER,0,-2,13,13,0.00,0.00,false
114,GREEN_2,GREEN,GOLEM,3,-2,3,3,0.00,0.00,false
114,GREEN_3,GREEN,ARCHER,2,-2,1,1,0.00,0.00,false
114,BLUE_4,BLUE,SPIDER,-3,3,13,13,0.00,0.00,false
114,BLUE_5,BLUE,GOLEM,-2,3,3,3,0.00,0.00,false
114,BLUE_6,BLUE,ARCHER,-1,3,1,1,0.00,0.00,false
115,GREEN_1,GREEN,GOLEM,3,-3,4,4,0.00,0.00,false
115,GREEN_2,GREEN,GOLEM,2,-3,3,3,0.00,0.00,false
115,GREEN_3,GREEN,GOBLIN,1,-2,1,1,0.00,0.00,false
115,BLUE_4,BLUE,GOLEM,-3,3,4,4,0.00,0.00,false
115,BLUE_5,BLUE,GOLEM,-2,3,3,3,0.00,0.00,false
115,BLUE_6,BLUE,GOBLIN,-1,3,1,1,0.00,0.00,false
116,GREEN_1,GREEN,GOLEM,3,-3,4,4,0.00,0.00,false
116,GREEN_2,GREEN,GOLEM,2,-3,3,3,0.00,0.00,false
116,GREEN_3,GREEN,GOBLIN,1,-2,1,1,0.00,0.00,false
116,BLUE_4,BLUE,GOLEM,-3,3,4,4,0.00,0.00,false
116,BLUE_5,BLUE,GOLEM,-2,3,3,3,0.00,0.00,false
116,BLUE_6,BLUE,GOBLIN,-1,3,1,1,0.00,0.00,false
117,GREEN_1,GREEN,ARCHER,1,-3,7,7,0.00,0.00,false
117,GREEN_2,GREEN,GARGOYLE,2,-3,4,4,0.00,0.00,false
117,GREEN_3,GREEN,GOBLIN,2,-2,1,1,0.00,0.00,false
117,BLUE_4,BLUE,ARCHER,-3,3,7,7,0.00,0.00,false
117,BLUE_5,BLUE,GARGOYLE,-2,3,4,4,0.00,0.00,false
117,BLUE_6,BLUE,GOBLIN,-1,3,1,1,0.00,0.00,false
118,GREEN_1,GREEN,ARCHER,1,-3,7,0,52.00,56.00,false
118,GREEN_2,GREEN,GARGOYLE,2,-3,4,0,38.00,64.00,false
118,GREEN_3,GREEN,GOBLIN,2,-2,1,0,0.00,8.00,false
118,BLUE_4,BLUE,ARCHER,-3,3,7,1,66.00,52.00,true
118,BLUE_5,BLUE,GARGOYLE,-2,3,4,4,62.00,30.00,true
118,BLUE_6,BLUE,GOBLIN,-1,3,1,0,0.00,8.00,true
119,GREEN_1,GREEN,MAGE,0,-3,8,6,58.00,34.00,true
119,GREEN_2,GREEN,GOLEM,1,-3,1,1,32.00,23.00,true
119,GREEN_3,GREEN,ASSASSIN,2,-3,1,1,8.00,7.00,true
119,BLUE_4,BLUE,MAGE,-3,3,8,0,53.00,64.00,false
119,BLUE_5,BLUE,GOLEM,-2,3,1,0,8.00,26.00,false
119,BLUE_6,BLUE,ASSASSIN,-1,3,1,0,3.00,8.00,false
120,GREEN_1,GREEN,MAGE,0,-3,8,0,58.00,64.00,false
120,GREEN_2,GREEN,GOLEM,1,-3,1,0,0.00,26.00,false
120,GREEN_3,GREEN,ASSASSIN,2,-3,1,0,6.00,8.00,false
120,BLUE_4,BLUE,MAGE,-3,3,8,2,83.00,54.00,true
120,BLUE_5,BLUE,GOLEM,-2,3,1,1,2.00,0.00,true
120,BLUE_6,BLUE,ASSASSIN,-1,3,1,0,13.00,10.00,true
121,GREEN_1,GREEN,GOLEM,3,-3,4,4,0.00,0.00,false
121,GREEN_2,GREEN,MAGE,2,-2,5,5,0.00,0.00,false
121,BLUE_3,BLUE,GOLEM,-3,3,4,4,0.00,0.00,false
121,BLUE_4,BLUE,MAGE,-2,3,5,5,0.00,0.00,false
122,GREEN_1,GREEN,GOLEM,3,-3,4,0,54.00,104.00,false
122,GREEN_2,GREEN,MAGE,2,-2,5,0,32.00,40.00,false
122,BLUE_3,BLUE,GOLEM,-3,3,4,4,82.00,54.00,true
122,BLUE_4,BLUE,MAGE,-2,3,5,4,62.00,32.00,true
123,GREEN_1,GREEN,GOBLIN,0,-3,10,1,92.00,76.00,true
123,GREEN_2,GREEN,GOBLIN,3,-3,12,3,80.00,80.00,true
123,GREEN_3,GREEN,SCORPION_RIDER,3,-2,1,0,22.00,18.00,true
123,BLUE_4,BLUE,GOBLIN,-3,3,10,0,60.00,80.00,false
123,BLUE_5,BLUE,GOBLIN,-2,3,12,0,98.00,96.00,false
123,BLUE_6,BLUE,SCORPION_RIDER,-1,3,1,0,16.00,18.00,false
124,GREEN_1,GREEN,GOBLIN,0,-3,10,2,74.00,68.00,false
124,GREEN_2,GREEN,GOBLIN,3,-3,12,0,84.00,96.00,false
124,GREEN_3,GREEN,SCORPION_RIDER,3,-2,1,0,16.00,18.00,false
124,BLUE_4,BLUE,GOBLIN,-3,3,10,4,42.00,52.00,false
124,BLUE_5,BLUE,GOBLIN,-2,3,12,1,132.00,114.00,false
124,BLUE_6,BLUE,SCORPION_RIDER,-1,3,1,1,8.00,8.00,false
125,GREEN_1,GREEN,MAGE,0,-3,8,8,0.00,0.00,false
125,GREEN_2,GREEN,MAGE,2,-3,2,2,18.00,9.00,false
125,GREEN_3,GREEN,GOBLIN,1,-3,1,1,6.00,1.00,false
125,BLUE_4,BLUE,MAGE,-3,3,8,8,0.00,0.00,false
125,BLUE_5,BLUE,MAGE,-2,3,2,0,10.00,16.00,false
125,BLUE_6,BLUE,GOBLIN,-1,3,1,0,0.00,8.00,false
126,GREEN_1,GREEN,MAGE,0,-3,8,8,0.00,0.00,false
126,GREEN_2,GREEN,MAGE,2,-3,2,2,0.00,0.00,false
126,GREEN_3,GREEN,GOBLIN,1,-3,1,1,0.00,0.00,false
126,BLUE_4,BLUE,MAGE,-3,3,8,8,0.00,0.00,false
126,BLUE_5,BLUE,MAGE,-2,3,2,2,0.00,0.00,false
126,BLUE_6,BLUE,GOBLIN,-1,3,1,1,0.00,0.00,false
127,GREEN_1,GREEN,GARGOYLE,2,-3,5,5,69.00,24.00,true
127,GREEN_2,GREEN,ARCHER,1,-3,6,3,67.00,36.00,true
127,GREEN_3,GREEN,GOBLIN,0,-2,1,1,0.00,0.00,true
127,BLUE_4,BLUE,GARGOYLE,-3,3,5,0,24.00,80.00,false
127,BLUE_5,BLUE,ARCHER,-2,3,6,0,36.00,48.00,false
127,BLUE_6,BLUE,GOBLIN,-1,3,1,0,0.00,8.00,false
128,GREEN_1,GREEN,GARGOYLE,2,-3,5,0,24.00,80.00,false
128,GREEN_2,GREEN,ARCHER,1,-3,6,0,32.00,48.00,false
128,GREEN_3,GREEN,GOBLIN,0,-2,1,0,0.00,8.00,false
128,BLUE_4,BLUE,GARGOYLE,-3,3,5,5,65.00,24.00,true
128,BLUE_5,BLUE,ARCHER,-2,3,6,3,71.00,32.00,true
128,BLUE_6,BLUE,GOBLIN,-1,3,1,1,0.00,0.00,true
129,GREEN_1,GREEN,GOLEM,0,-3,4,1,111.00,97.00,false
129,GREEN_2,GREEN,ASSASSIN,3,-3,5,4,16.00,14.00,false
129,BLUE_3,BLUE,GOLEM,-3,3,4,2,82.00,87.00,false
129,BLUE_4,BLUE,ASSASSIN,-2,3,5,0,29.00,40.00,false
130,GREEN_1,GREEN,GOLEM,0,-3,4,0,74.00,104.00,false
130,GREEN_2,GREEN,ASSASSIN,3,-3,5,0,30.00,40.00,false
130,BLUE_3,BLUE,GOLEM,-3,3,4,3,101.00,72.00,true
130,BLUE_4,BLUE,ASSASSIN,-2,3,5,1,43.00,32.00,true
131,GREEN_1,GREEN,GARGOYLE,0,-3,5,5,0.00,0.00,false
131,GREEN_2,GREEN,GARGOYLE,1,-3,4,4,0.00,0.00,false
131,GREEN_3,GREEN,SCORPION_RIDER,0,-2,1,1,0.00,0.00,false
131,GREEN_4,GREEN,SPIDER,1,-2,1,1,0.00,0.00,false
131,BLUE_5,BLUE,GARGOYLE,-3,3,5,5,0.00,0.00,false
131,BLUE_6,BLUE,GARGOYLE,-2,3,4,4,0.00,0.00,false
131,BLUE_7,BLUE,SCORPION_RIDER,-1,3,1,1,0.00,0.00,false
131,BLUE_8,BLUE,SPIDER,0,3,1,1,0.00,0.00,false
132,GREEN_1,GREEN,GARGOYLE,0,-3,5,5,0.00,0.00,false
132,GREEN_2,GREEN,GARGOYLE,1,-3,4,4,0.00,0.00,false
132,GREEN_3,GREEN,SCORPION_RIDER,0,-2,1,1,0.00,0.00,false
132,GREEN_4,GREEN,SPIDER,1,-2,1,1,0.00,0.00,false
132,BLUE_5,BLUE,GARGOYLE,-3,3,5,5,0.00,0.00,false
132,BLUE_6,BLUE,GARGOYLE,-2,3,4,4,0.00,0.00,false
132,BLUE_7,BLUE,SCORPION_RIDER,-1,3,1,1,0.00,0.00,false
132,BLUE_8,BLUE,SPIDER,0,3,1,1,0.00,0.00,false
133,GREEN_1,GREEN,ARCHER,1,-3,8,8,0.00,0.00,false
133,GREEN_2,GREEN,GARGOYLE,0,-3,3,3,0.00,0.00,false
133,GREEN_3,GREEN,GOBLIN,0,-2,1,1,0.00,0.00,false
133,GREEN_4,GREEN,SPIDER,-1,-2,1,1,0.00,0.00,false
133,BLUE_5,BLUE,ARCHER,-3,3,8,8,0.00,0.00,false
133,BLUE_6,BLUE,GARGOYLE,-2,3,3,3,0.00,0.00,false
133,BLUE_7,BLUE,GOBLIN,-1,3,1,1,0.00,0.00,false
133,BLUE_8,BLUE,SPIDER,0,3,1,1,0.00,0.00,false
134,GREEN_1,GREEN,ARCHER,1,-3,8,8,0.00,0.00,false
134,GREEN_2,GREEN,GARGOYLE,0,-3,3,3,0.00,0.00,false
134,GREEN_3,GREEN,GOBLIN,0,-2,1,1,0.00,0.00,false
134,GREEN_4,GREEN,SPIDER,-1,-2,1,1,0.00,0.00,false
134,BLUE_5,BLUE,ARCHER,-3,3,8,8,0.00,0.00,false
134,BLUE_6,BLUE,GARGOYLE,-2,3,3,3,0.00,0.00,false
134,BLUE_7,BLUE,GOBLIN,-1,3,1,1,0.00,0.00,false
134,BLUE_8,BLUE,SPIDER,0,3,1,1,0.00,0.00,false
135,GREEN_1,GREEN,SCORPION_RIDER,1,-2,5,1,142.00,88.00,true
135,GREEN_2,GREEN,GOBLIN,3,-2,10,10,0.00,0.00,true
135,GREEN_3,GREEN,SPIDER,0,-3,1,1,32.00,0.00,true
135,BLUE_4,BLUE,SCORPION_RIDER,-3,3,5,0,48.00,90.00,false
135,BLUE_5,BLUE,GOBLIN,-2,3,10,0,40.00,80.00,false
135,BLUE_6,BLUE,SPIDER,-1,3,1,0,0.00,4.00,false
136,GREEN_1,GREEN,SCORPION_RIDER,1,-2,5,5,0.00,0.00,false
136,GREEN_2,GREEN,GOBLIN,3,-2,10,10,0.00,0.00,false
136,GREEN_3,GREEN,SPIDER,0,-3,1,1,0.00,0.00,false
136,BLUE_4,BLUE,SCORPION_RIDER,-3,3,5,5,0.00,0.00,false
136,BLUE_5,BLUE,GOBLIN,-2,3,10,10,0.00,0.00,false
136,BLUE_6,BLUE,SPIDER,-1,3,1,1,0.00,0.00,false
137,GREEN_1,GREEN,MAGE,1,-3,8,3,92.00,52.00,true
137,GREEN_2,GREEN,GOLEM,1,-2,1,1,0.00,0.00,true
137,GREEN_3,GREEN,SPIDER,3,-3,3,1,10.00,11.00,true
137,BLUE_4,BLUE,MAGE,-3,3,8,0,57.00,64.00,false
137,BLUE_5,BLUE,GOLEM,-2,3,1,0,0.00,26.00,false
137,BLUE_6,BLUE,SPIDER,-1,3,3,0,6.00,12.00,false
138,GREEN_1,GREEN,MAGE,1,-3,8,0,55.00,64.00,false
138,GREEN_2,GREEN,GOLEM,1,-2,1,0,0.00,26.00,false
138,GREEN_3,GREEN,SPIDER,3,-3,3,0,0.00,12.00,false
138,BLUE_4,BLUE,MAGE,-3,3,8,3,102.00,55.00,true
138,BLUE_5,BLUE,GOLEM,-2,3,1,1,0.00,0.00,true
138,BLUE_6,BLUE,SPIDER,-1,3,3,3,0.00,0.00,true
139,GREEN_1,GREEN,ARCHER,3,-3,7,4,70.00,40.00,true
139,GREEN_2,GREEN,GOLEM,-1,-2,3,3,58.00,47.00,true
139,GREEN_3,GREEN,SPIDER,0,-2,1,1,10.00,2.00,true
139,BLUE_4,BLUE,ARCHER,-3,3,7,0,40.00,56.00,false
139,BLUE_5,BLUE,GOLEM,-2,3,3,0,47.00,78.00,false
139,BLUE_6,BLUE,SPIDER,-1,3,1,0,2.00,4.00,false
140,GREEN_1,GREEN,ARCHER,3,-3,7,0,32.00,56.00,false
140,GREEN_2,GREEN,GOLEM,-1,-2,3,0,26.00,78.00,false
140,GREEN_3,GREEN,SPIDER,0,-2,1,0,0.00,4.00,false
140,BLUE_4,BLUE,ARCHER,-3,3,7,6,80.00,24.00,true
140,BLUE_5,BLUE,GOLEM,-2,3,3,3,56.00,34.00,true
140,BLUE_6,BLUE,SPIDER,-1,3,1,1,2.00,0.00,true
141,GREEN_1,GREEN,MAGE,2,-2,7,2,103.00,53.00,false
141,GREEN_2,GREEN,GOLEM,0,-3,2,2,0.00,0.00,false
141,GREEN_3,GREEN,SPIDER,3,-3,2,2,0.00,0.00,false
141,BLUE_4,BLUE,MAGE,-3,3,7,5,49.00,43.00,false
141,BLUE_5,BLUE,GOLEM,-2,3,2,0,0.00,52.00,false
141,BLUE_6,BLUE,SPIDER,-1,3,2,0,4.00,8.00,false
142,GREEN_1,GREEN,MAGE,2,-2,7,7,0.00,0.00,false
142,GREEN_2,GREEN,GOLEM,0,-3,2,2,0.00,0.00,false
142,GREEN_3,GREEN,SPIDER,3,-3,2,2,0.00,0.00,false
142,BLUE_4,BLUE,MAGE,-3,3,7,7,0.00,0.00,false
142,BLUE_5,BLUE,GOLEM,-2,3,2,2,0.00,0.00,false
142,BLUE_6,BLUE,SPIDER,-1,3,2,2,0.00,0.00,false
143,GREEN_1,GREEN,SCORPION_RIDER,2,-2,5,5,124.00,71.00,false
143,GREEN_2,GREEN,SPIDER,1,-3,2,2,0.00,0.00,false
143,GREEN_3,GREEN,GOLEM,3,-3,2,2,0.00,0.00,false
143,GREEN_4,GREEN,GOBLIN,2,-3,3,3,0.00,0.00,false
143,BLUE_5,BLUE,SCORPION_RIDER,-3,3,5,5,40.00,40.00,false
143,BLUE_6,BLUE,SPIDER,-2,3,2,0,2.00,8.00,false
143,BLUE_7,BLUE,GOLEM,-1,3,2,0,21.00,52.00,false
143,BLUE_8,BLUE,GOBLIN,0,3,3,0,8.00,24.00,false
144,GREEN_1,GREEN,SCORPION_RIDER,2,-2,5,0,60.00,90.00,false
144,GREEN_2,GREEN,SPIDER,1,-3,2,0,2.00,8.00,false
144,GREEN_3,GREEN,GOLEM,3,-3,2,0,21.00,52.00,false
144,GREEN_4,GREEN,GOBLIN,2,-3,3,0,8.00,24.00,false
144,BLUE_5,BLUE,SCORPION_RIDER,-3,3,5,2,138.00,65.00,true
144,BLUE_6,BLUE,SPIDER,-2,3,2,2,15.00,0.00,true
144,BLUE_7,BLUE,GOLEM,-1,3,2,2,21.00,26.00,true
144,BLUE_8,BLUE,GOBLIN,0,3,3,3,0.00,0.00,true
145,GREEN_1,GREEN,ASSASSIN,0,-2,8,2,90.00,57.00,true
145,GREEN_2,GREEN,GARGOYLE,1,-3,2,2,10.00,0.00,true
145,GREEN_3,GREEN,GOBLIN,2,-2,1,0,4.00,8.00,true
145,BLUE_4,BLUE,ASSASSIN,-3,3,8,0,55.00,64.00,false
145,BLUE_5,BLUE,GARGOYLE,-2,3,2,0,6.00,32.00,false
145,BLUE_6,BLUE,GOBLIN,-1,3,1,0,4.00,8.00,false
146,GREEN_1,GREEN,ASSASSIN,0,-2,8,0,62.00,64.00,false
146,GREEN_2,GREEN,GARGOYLE,1,-3,2,2,0.00,0.00,false
146,GREEN_3,GREEN,GOBLIN,2,-2,1,1,0.00,0.00,false
146,BLUE_4,BLUE,ASSASSIN,-3,3,8,1,64.00,62.00,false
146,BLUE_5,BLUE,GARGOYLE,-2,3,2,2,0.00,0.00,false
146,BLUE_6,BLUE,GOBLIN,-1,3,1,1,0.00,0.00,false
147,GREEN_1,GREEN,ARCHER,1,-3,8,1,68.00,60.00,false
147,GREEN_2,GREEN,ARCHER,3,-3,4,1,16.00,24.00,false
147,GREEN_3,GREEN,SPIDER,0,-3,1,1,0.00,0.00,false
147,BLUE_4,BLUE,ARCHER,-3,3,8,4,72.00,48.00,false
147,BLUE_5,BLUE,ARCHER,-2,3,4,0,12.00,32.00,false
147,BLUE_6,BLUE,SPIDER,-1,3,1,0,0.00,4.00,false
148,GREEN_1,GREEN,ARCHER,1,-3,8,2,64.00,56.00,false
148,GREEN_2,GREEN,ARCHER,3,-3,4,4,0.00,0.00,false
148,GREEN_3,GREEN,SPIDER,0,-3,1,0,0.00,4.00,false
148,BLUE_4,BLUE,ARCHER,-3,3,8,0,60.00,64.00,false
148,BLUE_5,BLUE,ARCHER,-2,3,4,4,0.00,0.00,false
148,BLUE_6,BLUE,SPIDER,-1,3,1,1,0.00,0.00,false
149,GREEN_1,GREEN,SCORPION_RIDER,3,-3,5,4,80.00,52.00,false
149,GREEN_2,GREEN,SPIDER,1,-3,10,10,0.00,0.00,false
149,GREEN_3,GREEN,GOBLIN,2,-3,1,1,0.00,0.00,false
149,BLUE_4,BLUE,SCORPION_RIDER,-3,3,5,5,36.00,32.00,false
149,BLUE_5,BLUE,SPIDER,-2,3,10,0,16.00,40.00,false
149,BLUE_6,BLUE,GOBLIN,-1,3,1,0,0.00,8.00,false
150,GREEN_1,GREEN,SCORPION_RIDER,3,-3,5,5,68.00,64.00,false
150,GREEN_2,GREEN,SPIDER,1,-3,10,0,20.00,40.00,false
150,GREEN_3,GREEN,GOBLIN,2,-3,1,0,0.00,8.00,false
150,BLUE_4,BLUE,SCORPION_RIDER,-3,3,5,1,112.00,88.00,false
150,BLUE_5,BLUE,SPIDER,-2,3,10,10,0.00,0.00,false
150,BLUE_6,BLUE,GOBLIN,-1,3,1,1,0.00,0.00,false
151,GREEN_1,GREEN,GOBLIN,1,-3,11,11,0.00,0.00,false
151,GREEN_2,GREEN,ARCHER,0,-2,6,6,0.00,0.00,false
151,GREEN_3,GREEN,ARCHER,0,-3,1,1,96.00,4.00,false
151,BLUE_4,BLUE,GOBLIN,-3,3,11,0,0.00,88.00,false
151,BLUE_5,BLUE,ARCHER,-2,3,6,6,0.00,0.00,false
151,BLUE_6,BLUE,ARCHER,-1,3,1,0,4.00,8.00,false
152,GREEN_1,GREEN,GOBLIN,1,-3,11,0,48.00,88.00,false
152,GREEN_2,GREEN,ARCHER,0,-2,6,0,36.00,48.00,false
152,GREEN_3,GREEN,ARCHER,0,-3,1,0,4.00,8.00,false
152,BLUE_4,BLUE,GOBLIN,-3,3,11,7,68.00,48.00,true
152,BLUE_5,BLUE,ARCHER,-2,3,6,2,60.00,36.00,true
152,BLUE_6,BLUE,ARCHER,-1,3,1,1,16.00,4.00,true
153,GREEN_1,GREEN,SCORPION_RIDER,-1,-2,6,5,115.00,62.00,true
153,GREEN_2,GREEN,MAGE,0,-3,3,3,25.00,0.00,true
153,GREEN_3,GREEN,SPIDER,1,-3,2,2,0.00,0.00,true
153,BLUE_4,BLUE,SCORPION_RIDER,-3,3,6,0,58.00,108.00,false
153,BLUE_5,BLUE,MAGE,-2,3,3,0,2.00,24.00,false
153,BLUE_6,BLUE,SPIDER,-1,3,2,0,2.00,8.00,false
154,GREEN_1,GREEN,SCORPION_RIDER,-1,-2,6,6,0.00,0.00,false
154,GREEN_2,GREEN,MAGE,0,-3,3,3,0.00,0.00,false
154,GREEN_3,GREEN,SPIDER,1,-3,2,2,0.00,0.00,false
154,BLUE_4,BLUE,SCORPION_RIDER,-3,3,6,6,0.00,0.00,false
154,BLUE_5,BLUE,MAGE,-2,3,3,3,0.00,0.00,false
154,BLUE_6,BLUE,SPIDER,-1,3,2,2,0.00,0.00,false
155,GREEN_1,GREEN,GOBLIN,1,-3,11,4,88.00,64.00,false
155,GREEN_2,GREEN,GARGOYLE,0,-3,6,6,0.00,0.00,false
155,BLUE_3,BLUE,GOBLIN,-3,3,11,0,64.00,88.00,false
155,BLUE_4,BLUE,GARGOYLE,-2,3,6,6,0.00,0.00,false
156,GREEN_1,GREEN,GOBLIN,1,-3,11,11,0.00,0.00,false
156,GREEN_2,GREEN,GARGOYLE,0,-3,6,6,0.00,0.00,false
156,BLUE_3,BLUE,GOBLIN,-3,3,11,11,0.00,0.00,false
156,BLUE_4,BLUE,GARGOYLE,-2,3,6,6,0.00,0.00,false
157,GREEN_1,GREEN,GARGOYLE,2,-3,6,6,121.00,54.00,true
157,GREEN_2,GREEN,GARGOYLE,1,-3,4,3,43.00,40.00,true
157,GREEN_3,GREEN,GOBLIN,3,-3,1,1,4.00,4.00,true
157,BLUE_4,BLUE,GARGOYLE,-3,3,6,0,79.00,96.00,false
157,BLUE_5,BLUE,GARGOYLE,-2,3,4,0,15.00,64.00,false
157,BLUE_6,BLUE,GOBLIN,-1,3,1,0,4.00,8.00,false
158,GREEN_1,GREEN,GARGOYLE,2,-3,6,6,0.00,0.00,false
158,GREEN_2,GREEN,GARGOYLE,1,-3,4,4,0.00,0.00,false
158,GREEN_3,GREEN,GOBLIN,3,-3,1,1,0.00,0.00,false
158,BLUE_4,BLUE,GARGOYLE,-3,3,6,6,0.00,0.00,false
158,BLUE_5,BLUE,GARGOYLE,-2,3,4,4,0.00,0.00,false
158,BLUE_6,BLUE,GOBLIN,-1,3,1,1,0.00,0.00,false
159,GREEN_1,GREEN,ASSASSIN,0,-3,7,1,76.00,48.00,true
159,GREEN_2,GREEN,SCORPION_RIDER,2,-3,3,1,34.00,48.00,true
159,BLUE_3,BLUE,ASSASSIN,-3,3,7,0,64.00,56.00,false
159,BLUE_4,BLUE,SCORPION_RIDER,-2,3,3,0,32.00,54.00,false
160,GREEN_1,GREEN,ASSASSIN,0,-3,7,0,84.00,56.00,false
160,GREEN_2,GREEN,SCORPION_RIDER,2,-3,3,0,32.00,54.00,false
160,BLUE_3,BLUE,ASSASSIN,-3,3,7,2,70.00,54.00,true
160,BLUE_4,BLUE,SCORPION_RIDER,-2,3,3,1,40.00,62.00,true
161,GREEN_1,GREEN,MAGE,3,-3,7,7,0.00,0.00,false
161,GREEN_2,GREEN,GOLEM,2,-2,2,2,0.00,0.00,false
161,GREEN_3,GREEN,GOBLIN,0,-3,2,1,16.00,13.00,false
161,BLUE_4,BLUE,MAGE,-3,3,7,6,13.00,16.00,false
161,BLUE_5,BLUE,GOLEM,-2,3,2,2,0.00,0.00,false
161,BLUE_6,BLUE,GOBLIN,-1,3,2,2,0.00,0.00,false
162,GREEN_1,GREEN,MAGE,3,-3,7,0,52.00,56.00,false
162,GREEN_2,GREEN,GOLEM,2,-2,2,0,0.00,52.00,false
162,GREEN_3,GREEN,GOBLIN,0,-3,2,0,0.00,16.00,false
162,BLUE_4,BLUE,MAGE,-3,3,7,2,124.00,52.00,true
162,BLUE_5,BLUE,GOLEM,-2,3,2,2,0.00,0.00,true
162,BLUE_6,BLUE,GOBLIN,-1,3,2,2,0.00,0.00,true
163,GREEN_1,GREEN,GOLEM,1,-2,4,4,0.00,0.00,true
163,GREEN_2,GREEN,SPIDER,3,-3,9,3,139.00,29.00,true
163,GREEN_3,GREEN,MAGE,2,-3,1,1,9.00,0.00,true
163,BLUE_4,BLUE,GOLEM,-3,3,4,0,0.00,104.00,false
163,BLUE_5,BLUE,SPIDER,-2,3,9,0,28.00,36.00,false
163,BLUE_6,BLUE,MAGE,-1,3,1,0,1.00,8.00,false
164,GREEN_1,GREEN,GOLEM,1,-2,4,0,79.00,104.00,false
164,GREEN_2,GREEN,SPIDER,3,-3,9,0,4.00,36.00,false
164,GREEN_3,GREEN,MAGE,2,-3,1,0,0.00,8.00,false
164,BLUE_4,BLUE,GOLEM,-3,3,4,3,127.00,83.00,true
164,BLUE_5,BLUE,SPIDER,-2,3,9,9,0.00,0.00,true
164,BLUE_6,BLUE,MAGE,-1,3,1,1,21.00,0.00,true
165,GREEN_1,GREEN,GOLEM,3,-2,4,4,98.00,92.00,true
165,GREEN_2,GREEN,ASSASSIN,0,-2,5,1,46.00,38.00,true
165,BLUE_3,BLUE,GOLEM,-3,3,4,0,96.00,104.00,false
165,BLUE_4,BLUE,ASSASSIN,-2,3,5,0,34.00,40.00,false
166,GREEN_1,GREEN,GOLEM,3,-2,4,4,0.00,0.00,false
166,GREEN_2,GREEN,ASSASSIN,0,-2,5,0,34.00,40.00,false
166,BLUE_3,BLUE,GOLEM,-3,3,4,4,0.00,0.00,false
166,BLUE_4,BLUE,ASSASSIN,-2,3,5,3,40.00,34.00,false
167,GREEN_1,GREEN,GOLEM,3,-2,4,4,0.00,0.00,false
167,GREEN_2,GREEN,GOLEM,2,-3,3,3,0.00,0.00,false
167,GREEN_3,GREEN,GOBLIN,0,-3,1,1,0.00,0.00,false
167,BLUE_4,BLUE,GOLEM,-3,3,4,4,0.00,0.00,false
167,BLUE_5,BLUE,GOLEM,-2,3,3,3,0.00,0.00,false
167,BLUE_6,BLUE,GOBLIN,-1,3,1,1,0.00,0.00,false
168,GREEN_1,GREEN,GOLEM,3,-2,4,4,0.00,0.00,false
168,GREEN_2,GREEN,GOLEM,2,-3,3,3,0.00,0.00,false
168,GREEN_3,GREEN,GOBLIN,0,-3,1,1,0.00,0.00,false
168,BLUE_4,BLUE,GOLEM,-3,3,4,4,0.00,0.00,false
168,BLUE_5,BLUE,GOLEM,-2,3,3,3,0.00,0.00,false
168,BLUE_6,BLUE,GOBLIN,-1,3,1,1,0.00,0.00,false
169,GREEN_1,GREEN,GOLEM,0,-3,4,4,0.00,0.00,false
169,GREEN_2,GREEN,MAGE,3,-3,4,2,88.00,24.00,false
169,GREEN_3,GREEN,SPIDER,0,-2,2,2,0.00,0.00,false
169,BLUE_4,BLUE,GOLEM,-3,3,4,4,0.00,63.00,false
169,BLUE_5,BLUE,MAGE,-2,3,4,3,20.00,17.00,false
169,BLUE_6,BLUE,SPIDER,-1,3,2,0,4.00,8.00,false
170,GREEN_1,GREEN,GOLEM,0,-3,4,0,0.00,104.00,false
170,GREEN_2,GREEN,MAGE,3,-3,4,0,17.00,32.00,false
170,GREEN_3,GREEN,SPIDER,0,-2,2,0,0.00,8.00,false
170,BLUE_4,BLUE,GOLEM,-3,3,4,4,13.00,1.00,true
170,BLUE_5,BLUE,MAGE,-2,3,4,4,86.00,12.00,true
170,BLUE_6,BLUE,SPIDER,-1,3,2,2,45.00,4.00,true
171,GREEN_1,GREEN,SPIDER,3,-2,13,13,40.00,0.00,true
171,GREEN_2,GREEN,ASSASSIN,0,-2,5,2,52.00,30.00,true
171,BLUE_3,BLUE,SPIDER,-3,3,13,0,30.00,52.00,false
171,BLUE_4,BLUE,ASSASSIN,-2,3,5,0,0.00,40.00,false
172,GREEN_1,GREEN,SPIDER,3,-2,13,0,30.00,52.00,false
172,GREEN_2,GREEN,ASSASSIN,0,-2,5,0,0.00,40.00,false
172,BLUE_3,BLUE,SPIDER,-3,3,13,13,40.00,0.00,true
172,BLUE_4,BLUE,ASSASSIN,-2,3,5,2,52.00,30.00,true
173,GREEN_1,GREEN,ARCHER,3,-3,4,1,32.00,28.00,true
173,GREEN_2,GREEN,SCORPION_RIDER,-1,-2,5,2,95.00,78.00,true
173,GREEN_3,GREEN,MAGE,1,-3,1,1,11.00,0.00,true
173,GREEN_4,GREEN,GOBLIN,2,-2,1,1,0.00,0.00,true
173,BLUE_5,BLUE,ARCHER,-3,3,4,0,28.00,32.00,false
173,BLUE_6,BLUE,SCORPION_RIDER,-2,3,5,0,78.00,90.00,false
173,BLUE_7,BLUE,MAGE,-1,3,1,0,0.00,8.00,false
173,BLUE_8,BLUE,GOBLIN,0,3,1,0,0.00,8.00,false
174,GREEN_1,GREEN,ARCHER,3,-3,4,0,21.00,32.00,false
174,GREEN_2,GREEN,SCORPION_RIDER,-1,-2,5,0,68.00,90.00,false
174,GREEN_3,GREEN,MAGE,1,-3,1,0,3.00,8.00,false
174,GREEN_4,GREEN,GOBLIN,2,-2,1,0,0.00,8.00,false
174,BLUE_5,BLUE,ARCHER,-3,3,4,2,64.00,24.00,true
174,BLUE_6,BLUE,SCORPION_RIDER,-2,3,5,3,71.00,68.00,true
174,BLUE_7,BLUE,MAGE,-1,3,1,1,3.00,0.00,true
174,BLUE_8,BLUE,GOBLIN,0,3,1,1,0.00,0.00,true
175,GREEN_1,GREEN,ARCHER,0,-2,8,8,0.00,0.00,false
175,GREEN_2,GREEN,MAGE,-1,-2,3,3,0.00,0.00,false
175,GREEN_3,GREEN,SPIDER,2,-3,2,2,0.00,0.00,false
175,BLUE_4,BLUE,ARCHER,-3,3,8,8,0.00,0.00,false
175,BLUE_5,BLUE,MAGE,-2,3,3,3,0.00,0.00,false
175,BLUE_6,BLUE,SPIDER,-1,3,2,2,0.00,0.00,false
176,GREEN_1,GREEN,ARCHER,0,-2,8,0,48.00,64.00,false
176,GREEN_2,GREEN,MAGE,-1,-2,3,3,0.00,0.00,false
176,GREEN_3,GREEN,SPIDER,2,-3,2,0,0.00,8.00,false
176,BLUE_4,BLUE,ARCHER,-3,3,8,3,64.00,48.00,false
176,BLUE_5,BLUE,MAGE,-2,3,3,3,8.00,0.00,false
176,BLUE_6,BLUE,SPIDER,-1,3,2,2,0.00,0.00,false
177,GREEN_1,GREEN,MAGE,0,-3,7,6,57.00,32.00,true
177,GREEN_2,GREEN,ASSASSIN,3,-3,3,3,31.00,10.00,true
177,GREEN_3,GREEN,GOBLIN,1,-2,1,1,0.00,0.00,true
177,BLUE_4,BLUE,MAGE,-3,3,7,0,38.00,56.00,false
177,BLUE_5,BLUE,ASSASSIN,-2,3,3,0,0.00,24.00,false
177,BLUE_6,BLUE,GOBLIN,-1,3,1,0,4.00,8.00,false
178,GREEN_1,GREEN,MAGE,0,-3,7,0,39.00,56.00,false
178,GREEN_2,GREEN,ASSASSIN,3,-3,3,0,6.00,24.00,false
178,GREEN_3,GREEN,GOBLIN,1,-2,1,0,4.00,8.00,false
178,BLUE_4,BLUE,MAGE,-3,3,7,5,48.00,31.00,true
178,BLUE_5,BLUE,ASSASSIN,-2,3,3,2,40.00,18.00,true
178,BLUE_6,BLUE,GOBLIN,-1,3,1,1,0.00,0.00,true
179,GREEN_1,GREEN,GOLEM,0,-3,4,4,0.00,0.00,false
179,GREEN_2,GREEN,ASSASSIN,2,-2,4,1,30.00,30.00,false
179,GREEN_3,GREEN,ARCHER,2,-3,1,1,0.00,0.00,false
179,BLUE_4,BLUE,GOLEM,-3,3,4,4,0.00,0.00,false
179,BLUE_5,BLUE,ASSASSIN,-2,3,4,2,28.00,22.00,false
179,BLUE_6,BLUE,ARCHER,-1,3,1,0,2.00,8.00,false
180,GREEN_1,GREEN,GOLEM,0,-3,4,4,0.00,0.00,false
180,GREEN_2,GREEN,ASSASSIN,2,-2,4,1,30.00,30.00,false
180,GREEN_3,GREEN,ARCHER,2,-3,1,0,2.00,8.00,false
180,BLUE_4,BLUE,GOLEM,-3,3,4,4,0.00,0.00,false
180,BLUE_5,BLUE,ASSASSIN,-2,3,4,0,38.00,32.00,false
180,BLUE_6,BLUE,ARCHER,-1,3,1,1,0.00,0.00,false
181,GREEN_1,GREEN,GOBLIN,3,-3,10,1,88.00,78.00,true
181,GREEN_2,GREEN,ASSASSIN,1,-3,5,1,42.00,38.00,true
181,GREEN_3,GREEN,SCORPION_RIDER,0,-3,1,0,8.00,18.00,true
181,BLUE_4,BLUE,GOBLIN,-3,3,10,0,72.00,80.00,false
181,BLUE_5,BLUE,ASSASSIN,-2,3,5,0,54.00,40.00,false
181,BLUE_6,BLUE,SCORPION_RIDER,-1,3,1,0,8.00,18.00,false
182,GREEN_1,GREEN,GOBLIN,3,-3,10,0,72.00,80.00,false
182,GREEN_2,GREEN,ASSASSIN,1,-3,5,0,34.00,40.00,false
182,GREEN_3,GREEN,SCORPION_RIDER,0,-3,1,0,2.00,18.00,false
182,BLUE_4,BLUE,GOBLIN,-3,3,10,2,78.00,72.00,true
182,BLUE_5,BLUE,ASSASSIN,-2,3,5,2,60.00,36.00,true
182,BLUE_6,BLUE,SCORPION_RIDER,-1,3,1,1,0.00,0.00,true
183,GREEN_1,GREEN,MAGE,2,-3,8,8,0.00,0.00,false
183,GREEN_2,GREEN,GOBLIN,1,-3,5,5,0.00,0.00,false
183,GREEN_3,GREEN,SPIDER,1,-2,1,1,0.00,0.00,false
183,BLUE_4,BLUE,MAGE,-3,3,8,8,0.00,0.00,false
183,BLUE_5,BLUE,GOBLIN,-2,3,5,5,0.00,0.00,false
183,BLUE_6,BLUE,SPIDER,-1,3,1,1,0.00,0.00,false
184,GREEN_1,GREEN,MAGE,2,-3,8,0,53.00,64.00,false
184,GREEN_2,GREEN,GOBLIN,1,-3,5,0,0.00,40.00,false
184,GREEN_3,GREEN,SPIDER,1,-2,1,0,2.00,4.00,false
184,BLUE_4,BLUE,MAGE,-3,3,8,3,108.00,55.00,true
184,BLUE_5,BLUE,GOBLIN,-2,3,5,5,0.00,0.00,true
184,BLUE_6,BLUE,SPIDER,-1,3,1,1,0.00,0.00,true
185,GREEN_1,GREEN,ARCHER,2,-2,8,8,0.00,0.00,false
185,GREEN_2,GREEN,MAGE,3,-3,3,3,0.00,0.00,false
185,GREEN_3,GREEN,ARCHER,1,-2,1,1,0.00,0.00,false
185,BLUE_4,BLUE,ARCHER,-3,3,8,8,0.00,0.00,false
185,BLUE_5,BLUE,MAGE,-2,3,3,3,0.00,0.00,false
185,BLUE_6,BLUE,ARCHER,-1,3,1,1,0.00,0.00,false
186,GREEN_1,GREEN,ARCHER,2,-2,8,8,0.00,0.00,false
186,GREEN_2,GREEN,MAGE,3,-3,3,0,19.00,24.00,false
186,GREEN_3,GREEN,ARCHER,1,-2,1,0,4.00,8.00,false
186,BLUE_4,BLUE,ARCHER,-3,3,8,8,8.00,4.00,false
186,BLUE_5,BLUE,MAGE,-2,3,3,1,20.00,16.00,false
186,BLUE_6,BLUE,ARCHER,-1,3,1,1,4.00,3.00,false
187,GREEN_1,GREEN,GOBLIN,0,-3,1,1,0.00,0.00,true
187,GREEN_2,GREEN,GOLEM,2,-2,4,3,120.00,90.00,true
187,GREEN_3,GREEN,ASSASSIN,3,-3,4,2,30.00,22.00,true
187,GREEN_4,GREEN,GOBLIN,1,-2,1,0,2.00,8.00,true
187,BLUE_5,BLUE,GOBLIN,-3,3,1,0,4.00,8.00,false
187,BLUE_6,BLUE,GOLEM,-2,3,4,0,84.00,104.00,false
187,BLUE_7,BLUE,ASSASSIN,-1,3,4,0,28.00,32.00,false
187,BLUE_8,BLUE,GOBLIN,0,3,1,0,4.00,8.00,false
188,GREEN_1,GREEN,GOBLIN,0,-3,1,0,4.00,8.00,false
188,GREEN_2,GREEN,GOLEM,2,-2,4,4,0.00,0.00,false
188,GREEN_3,GREEN,ASSASSIN,3,-3,4,3,14.00,14.00,false
188,GREEN_4,GREEN,GOBLIN,1,-2,1,0,4.00,8.00,false
188,BLUE_5,BLUE,GOBLIN,-3,3,1,1,0.00,0.00,false
188,BLUE_6,BLUE,GOLEM,-2,3,4,4,0.00,0.00,false
188,BLUE_7,BLUE,ASSASSIN,-1,3,4,2,30.00,22.00,false
188,BLUE_8,BLUE,GOBLIN,0,3,1,1,0.00,0.00,false
189,GREEN_1,GREEN,ARCHER,-1,-2,8,8,0.00,0.00,false
189,GREEN_2,GREEN,GOBLIN,1,-2,9,9,0.00,0.00,false
189,BLUE_3,BLUE,ARCHER,-3,3,8,8,0.00,0.00,false
189,BLUE_4,BLUE,GOBLIN,-2,3,9,9,0.00,0.00,false
190,GREEN_1,GREEN,ARCHER,-1,-2,8,0,56.00,64.00,false
190,GREEN_2,GREEN,GOBLIN,1,-2,9,0,0.00,72.00,false
190,BLUE_3,BLUE,ARCHER,-3,3,8,2,136.00,56.00,true
190,BLUE_4,BLUE,GOBLIN,-2,3,9,9,0.00,0.00,true
191,GREEN_1,GREEN,MAGE,2,-2,8,8,0.00,0.00,false
191,GREEN_2,GREEN,SPIDER,0,-3,6,6,0.00,0.00,false
191,BLUE_3,BLUE,MAGE,-3,3,8,8,0.00,0.00,false
191,BLUE_4,BLUE,SPIDER,-2,3,6,6,0.00,0.00,false
192,GREEN_1,GREEN,MAGE,2,-2,8,6,42.00,31.00,false
192,GREEN_2,GREEN,SPIDER,0,-3,6,0,12.00,24.00,false
192,BLUE_3,BLUE,MAGE,-3,3,8,2,55.00,54.00,false
192,BLUE_4,BLUE,SPIDER,-2,3,6,6,0.00,0.00,false
193,GREEN_1,GREEN,ARCHER,1,-3,3,2,108.00,14.00,false
193,GREEN_2,GREEN,GARGOYLE,2,-3,5,5,0.00,0.00,false
193,GREEN_3,GREEN,MAGE,0,-3,3,3,0.00,0.00,false
193,BLUE_4,BLUE,ARCHER,-3,3,3,3,6.00,4.00,false
193,BLUE_5,BLUE,GARGOYLE,-2,3,5,0,0.00,80.00,false
193,BLUE_6,BLUE,MAGE,-1,3,3,0,8.00,24.00,false
194,GREEN_1,GREEN,ARCHER,1,-3,3,3,12.00,6.00,false
194,GREEN_2,GREEN,GARGOYLE,2,-3,5,0,0.00,80.00,false
194,GREEN_3,GREEN,MAGE,0,-3,3,0,8.00,24.00,false
194,BLUE_4,BLUE,ARCHER,-3,3,3,2,24.00,8.00,false
194,BLUE_5,BLUE,GARGOYLE,-2,3,5,5,0.00,0.00,false
194,BLUE_6,BLUE,MAGE,-1,3,3,3,86.00,12.00,false
195,GREEN_1,GREEN,GOBLIN,0,-3,10,10,0.00,0.00,true
195,GREEN_2,GREEN,MAGE,-1,-2,5,2,116.00,33.00,true
195,GREEN_3,GREEN,ASSASSIN,0,-2,1,0,16.00,8.00,true
195,GREEN_4,GREEN,SPIDER,2,-2,1,1,0.00,0.00,true
195,BLUE_5,BLUE,GOBLIN,-3,3,10,0,2.00,80.00,false
195,BLUE_6,BLUE,MAGE,-2,3,5,0,33.00,40.00,false
195,BLUE_7,BLUE,ASSASSIN,-1,3,1,0,6.00,8.00,false
195,BLUE_8,BLUE,SPIDER,0,3,1,0,0.00,4.00,false
196,GREEN_1,GREEN,GOBLIN,0,-3,10,0,2.00,80.00,false
196,GREEN_2,GREEN,MAGE,-1,-2,5,0,30.00,40.00,false
196,GREEN_3,GREEN,ASSASSIN,0,-2,1,0,0.00,8.00,false
196,GREEN_4,GREEN,SPIDER,2,-2,1,0,0.00,4.00,false
196,BLUE_5,BLUE,GOBLIN,-3,3,10,10,0.00,0.00,true
196,BLUE_6,BLUE,MAGE,-2,3,5,2,118.00,24.00,true
196,BLUE_7,BLUE,ASSASSIN,-1,3,1,0,14.00,8.00,true
196,BLUE_8,BLUE,SPIDER,0,3,1,1,0.00,0.00,true
197,GREEN_1,GREEN,SPIDER,1,-3,13,13,0.00,0.00,false
197,GREEN_2,GREEN,ASSASSIN,0,-3,5,2,52.00,36.00,false
197,BLUE_3,BLUE,SPIDER,-3,3,13,0,36.00,52.00,false
197,BLUE_4,BLUE,ASSASSIN,-2,3,5,5,0.00,0.00,false
198,GREEN_1,GREEN,SPIDER,1,-3,13,0,36.00,52.00,false
198,GREEN_2,GREEN,ASSASSIN,0,-3,5,5,0.00,0.00,false
198,BLUE_3,BLUE,SPIDER,-3,3,13,13,0.00,0.00,false
198,BLUE_4,BLUE,ASSASSIN,-2,3,5,2,52.00,36.00,false
199,GREEN_1,GREEN,ARCHER,0,-3,7,7,0.00,0.00,false
199,GREEN_2,GREEN,GOLEM,-1,-2,3,3,0.00,0.00,false
199,GREEN_3,GREEN,SPIDER,2,-3,1,1,0.00,0.00,false
199,BLUE_4,BLUE,ARCHER,-3,3,7,7,0.00,0.00,false
199,BLUE_5,BLUE,GOLEM,-2,3,3,3,0.00,0.00,false
199,BLUE_6,BLUE,SPIDER,-1,3,1,1,0.00,0.00,false
200,GREEN_1,GREEN,ARCHER,0,-3,7,7,0.00,0.00,false
200,GREEN_2,GREEN,GOLEM,-1,-2,3,3,0.00,0.00,false
200,GREEN_3,GREEN,SPIDER,2,-3,1,1,0.00,0.00,false
200,BLUE_4,BLUE,ARCHER,-3,3,7,7,0.00,0.00,false
200,BLUE_5,BLUE,GOLEM,-2,3,3,3,0.00,0.00,false
200,BLUE_6,BLUE,SPIDER,-1,3,1,1,0.00,0.00,false
201,GREEN_1,GREEN,SPIDER,0,-3,13,13,0.00,0.00,false
201,GREEN_2,GREEN,GOLEM,-1,-2,3,3,0.00,0.00,false
201,GREEN_3,GREEN,SPIDER,1,-3,2,1,8.00,6.00,false
201,BLUE_4,BLUE,SPIDER,-3,3,13,13,0.00,0.00,false
201,BLUE_5,BLUE,GOLEM,-2,3,3,3,0.00,0.00,false
201,BLUE_6,BLUE,SPIDER,-1,3,2,0,6.00,8.00,false
202,GREEN_1,GREEN,SPIDER,0,-3,13,0,48.00,52.00,false
202,GREEN_2,GREEN,GOLEM,-1,-2,3,0,57.00,78.00,false
202,GREEN_3,GREEN,SPIDER,1,-3,2,0,4.00,8.00,false
202,BLUE_4,BLUE,SPIDER,-3,3,13,0,58.00,52.00,true
202,BLUE_5,BLUE,GOLEM,-2,3,3,2,80.00,57.00,true
202,BLUE_6,BLUE,SPIDER,-1,3,2,2,0.00,0.00,true
203,GREEN_1,GREEN,GARGOYLE,1,-3,6,3,74.00,85.00,true
203,GREEN_2,GREEN,GARGOYLE,3,-3,4,4,94.00,87.00,true
203,GREEN_3,GREEN,GOBLIN,0,-3,1,1,0.00,0.00,true
203,BLUE_4,BLUE,GARGOYLE,-3,3,6,0,142.00,96.00,false
203,BLUE_5,BLUE,GARGOYLE,-2,3,4,0,30.00,64.00,false
203,BLUE_6,BLUE,GOBLIN,-1,3,1,0,0.00,8.00,false
204,GREEN_1,GREEN,GARGOYLE,1,-3,6,5,70.00,64.00,false
204,GREEN_2,GREEN,GARGOYLE,3,-3,4,0,18.00,64.00,false
204,GREEN_3,GREEN,GOBLIN,0,-3,1,1,0.00,0.00,false
204,BLUE_4,BLUE,GARGOYLE,-3,3,6,2,128.00,88.00,false
204,BLUE_5,BLUE,GARGOYLE,-2,3,4,4,0.00,0.00,false
204,BLUE_6,BLUE,GOBLIN,-1,3,1,1,0.00,0.00,false
205,GREEN_1,GREEN,GARGOYLE,0,-3,6,4,95.00,65.00,true
205,GREEN_2,GREEN,ARCHER,2,-2,5,1,49.00,32.00,true
205,GREEN_3,GREEN,GOBLIN,1,-3,1,1,0.00,0.00,true
205,BLUE_4,BLUE,GARGOYLE,-3,3,6,0,65.00,96.00,false
205,BLUE_5,BLUE,ARCHER,-2,3,5,0,32.00,40.00,false
205,BLUE_6,BLUE,GOBLIN,-1,3,1,0,0.00,8.00,false
206,GREEN_1,GREEN,GARGOYLE,0,-3,6,0,33.00,96.00,false
206,GREEN_2,GREEN,ARCHER,2,-2,5,0,28.00,40.00,false
206,GREEN_3,GREEN,GOBLIN,1,-3,1,0,0.00,8.00,false
206,BLUE_4,BLUE,GARGOYLE,-3,3,6,6,89.00,33.00,true
206,BLUE_5,BLUE,ARCHER,-2,3,5,2,55.00,28.00,true
206,BLUE_6,BLUE,GOBLIN,-1,3,1,1,0.00,0.00,true
207,GREEN_1,GREEN,GOBLIN,3,-3,11,6,72.00,56.00,true
207,GREEN_2,GREEN,GOBLIN,0,-2,12,3,92.00,80.00,true
207,GREEN_3,GREEN,ARCHER,0,-3,1,1,28.00,0.00,true
207,BLUE_4,BLUE,GOBLIN,-3,3,11,0,56.00,88.00,false
207,BLUE_5,BLUE,GOBLIN,-2,3,12,0,78.00,96.00,false
207,BLUE_6,BLUE,ARCHER,-1,3,1,0,2.00,8.00,false
208,GREEN_1,GREEN,GOBLIN,3,-3,11,0,62.00,88.00,false
208,GREEN_2,GREEN,GOBLIN,0,-2,12,0,0.00,96.00,false
208,GREEN_3,GREEN,ARCHER,0,-3,1,0,4.00,8.00,false
208,BLUE_4,BLUE,GOBLIN,-3,3,11,11,0.00,0.00,true
208,BLUE_5,BLUE,GOBLIN,-2,3,12,6,86.00,64.00,true
208,BLUE_6,BLUE,ARCHER,-1,3,1,1,106.00,2.00,true
209,GREEN_1,GREEN,GARGOYLE,-1,-2,6,6,0.00,0.00,false
209,GREEN_2,GREEN,GARGOYLE,3,-3,4,4,0.00,0.00,false
209,GREEN_3,GREEN,GOBLIN,1,-3,1,1,0.00,0.00,false
209,BLUE_4,BLUE,GARGOYLE,-3,3,6,6,0.00,0.00,false
209,BLUE_5,BLUE,GARGOYLE,-2,3,4,4,0.00,0.00,false
209,BLUE_6,BLUE,GOBLIN,-1,3,1,1,0.00,0.00,false
210,GREEN_1,GREEN,GARGOYLE,-1,-2,6,6,0.00,0.00,false
210,GREEN_2,GREEN,GARGOYLE,3,-3,4,4,0.00,0.00,false
210,GREEN_3,GREEN,GOBLIN,1,-3,1,1,0.00,0.00,false
210,BLUE_4,BLUE,GARGOYLE,-3,3,6,6,0.00,0.00,false
210,BLUE_5,BLUE,GARGOYLE,-2,3,4,4,0.00,0.00,false
210,BLUE_6,BLUE,GOBLIN,-1,3,1,1,0.00,0.00,false
211,GREEN_1,GREEN,GARGOYLE,1,-3,5,5,0.00,0.00,false
211,GREEN_2,GREEN,ARCHER,2,-3,6,6,0.00,0.00,false
211,GREEN_3,GREEN,SPIDER,-1,-2,1,1,0.00,0.00,false
211,BLUE_4,BLUE,GARGOYLE,-3,3,5,5,0.00,0.00,false
211,BLUE_5,BLUE,ARCHER,-2,3,6,6,0.00,0.00,false
211,BLUE_6,BLUE,SPIDER,-1,3,1,1,0.00,0.00,false
212,GREEN_1,GREEN,GARGOYLE,1,-3,5,5,0.00,0.00,false
212,GREEN_2,GREEN,ARCHER,2,-3,6,6,0.00,0.00,false
212,GREEN_3,GREEN,SPIDER,-1,-2,1,1,0.00,0.00,false
212,BLUE_4,BLUE,GARGOYLE,-3,3,5,5,0.00,0.00,false
212,BLUE_5,BLUE,ARCHER,-2,3,6,6,0.00,0.00,false
212,BLUE_6,BLUE,SPIDER,-1,3,1,1,0.00,0.00,false
213,GREEN_1,GREEN,GOBLIN,1,-3,12,9,82.00,60.00,true
213,GREEN_2,GREEN,SPIDER,0,-3,10,7,46.00,20.00,true
213,GREEN_3,GREEN,ARCHER,1,-2,1,1,16.00,4.00,true
213,GREEN_4,GREEN,SPIDER,3,-2,1,1,4.00,2.00,true
213,BLUE_5,BLUE,GOBLIN,-3,3,12,0,60.00,96.00,false
213,BLUE_6,BLUE,SPIDER,-2,3,10,0,20.00,40.00,false
213,BLUE_7,BLUE,ARCHER,-1,3,1,0,6.00,8.00,false
213,BLUE_8,BLUE,SPIDER,0,3,1,0,0.00,4.00,false
214,GREEN_1,GREEN,GOBLIN,1,-3,12,0,28.00,96.00,false
214,GREEN_2,GREEN,SPIDER,0,-3,10,0,12.00,40.00,false
214,GREEN_3,GREEN,ARCHER,1,-2,1,0,6.00,8.00,false
214,GREEN_4,GREEN,SPIDER,3,-2,1,0,0.00,4.00,false
214,BLUE_5,BLUE,GOBLIN,-3,3,12,9,74.00,40.00,true
214,BLUE_6,BLUE,SPIDER,-2,3,10,10,40.00,0.00,true
214,BLUE_7,BLUE,ARCHER,-1,3,1,1,24.00,4.00,true
214,BLUE_8,BLUE,SPIDER,0,3,1,1,10.00,2.00,true
215,GREEN_1,GREEN,ASSASSIN,0,-2,7,2,92.00,52.00,false
215,GREEN_2,GREEN,GOLEM,1,-3,2,2,0.00,0.00,false
215,GREEN_3,GREEN,GOBLIN,3,-2,2,2,0.00,0.00,false
215,BLUE_4,BLUE,ASSASSIN,-3,3,7,7,29.00,24.00,false
215,BLUE_5,BLUE,GOLEM,-2,3,2,0,15.00,52.00,false
215,BLUE_6,BLUE,GOBLIN,-1,3,2,0,8.00,16.00,false
216,GREEN_1,GREEN,ASSASSIN,0,-2,7,6,23.00,32.00,false
216,GREEN_2,GREEN,GOLEM,1,-3,2,0,15.00,52.00,false
216,GREEN_3,GREEN,GOBLIN,3,-2,2,0,4.00,16.00,false
216,BLUE_4,BLUE,ASSASSIN,-3,3,7,3,100.00,42.00,false
216,BLUE_5,BLUE,GOLEM,-2,3,2,2,0.00,0.00,false
216,BLUE_6,BLUE,GOBLIN,-1,3,2,2,0.00,0.00,false
217,GREEN_1,GREEN,GARGOYLE,2,-3,5,5,0.00,0.00,false
217,GREEN_2,GREEN,SCORPION_RIDER,1,-3,4,2,88.00,60.00,false
217,GREEN_3,GREEN,ARCHER,-1,-2,1,1,0.00,0.00,false
217,BLUE_4,BLUE,GARGOYLE,-3,3,5,0,60.00,80.00,false
217,BLUE_5,BLUE,SCORPION_RIDER,-2,3,4,4,0.00,0.00,false
217,BLUE_6,BLUE,ARCHER,-1,3,1,0,0.00,8.00,false
218,GREEN_1,GREEN,GARGOYLE,2,-3,5,0,42.00,80.00,false
218,GREEN_2,GREEN,SCORPION_RIDER,1,-3,4,0,0.00,72.00,false
218,GREEN_3,GREEN,ARCHER,-1,-2,1,0,0.00,8.00,false
218,BLUE_4,BLUE,GARGOYLE,-3,3,5,5,73.00,3.00,true
218,BLUE_5,BLUE,SCORPION_RIDER,-2,3,4,4,66.00,39.00,true
218,BLUE_6,BLUE,ARCHER,-1,3,1,1,21.00,0.00,true
219,GREEN_1,GREEN,ASSASSIN,0,-3,8,2,66.00,60.00,false
219,GREEN_2,GREEN,GOBLIN,1,-2,6,3,20.00,36.00,false
219,BLUE_3,BLUE,ASSASSIN,-3,3,8,4,60.00,38.00,false
219,BLUE_4,BLUE,GOBLIN,-2,3,6,0,36.00,48.00,false
220,GREEN_1,GREEN,ASSASSIN,0,-3,8,8,0.00,0.00,false
220,GREEN_2,GREEN,GOBLIN,1,-2,6,0,32.00,48.00,false
220,BLUE_3,BLUE,ASSASSIN,-3,3,8,5,48.00,32.00,false
220,BLUE_4,BLUE,GOBLIN,-2,3,6,6,0.00,0.00,false
221,GREEN_1,GREEN,ASSASSIN,2,-2,8,4,88.00,56.00,true
221,GREEN_2,GREEN,MAGE,3,-3,2,2,0.00,0.00,true
221,GREEN_3,GREEN,GOBLIN,0,-2,1,1,0.00,0.00,true
221,BLUE_4,BLUE,ASSASSIN,-3,3,8,0,51.00,64.00,false
221,BLUE_5,BLUE,MAGE,-2,3,2,0,1.00,16.00,false
221,BLUE_6,BLUE,GOBLIN,-1,3,1,0,4.00,8.00,false
222,GREEN_1,GREEN,ASSASSIN,2,-2,8,0,56.00,64.00,false
222,GREEN_2,GREEN,MAGE,3,-3,2,0,2.00,16.00,false
222,GREEN_3,GREEN,GOBLIN,0,-2,1,0,4.00,8.00,false
222,BLUE_4,BLUE,ASSASSIN,-3,3,8,1,88.00,62.00,true
222,BLUE_5,BLUE,MAGE,-2,3,2,2,0.00,0.00,true
222,BLUE_6,BLUE,GOBLIN,-1,3,1,1,0.00,0.00,true
223,GREEN_1,GREEN,GARGOYLE,0,-3,6,6,83.00,39.00,true
223,GREEN_2,GREEN,ASSASSIN,3,-3,4,2,47.00,28.00,true
223,GREEN_3,GREEN,SPIDER,1,-2,1,1,2.00,2.00,true
223,BLUE_4,BLUE,GARGOYLE,-3,3,6,0,47.00,96.00,false
223,BLUE_5,BLUE,ASSASSIN,-2,3,4,0,20.00,32.00,false
223,BLUE_6,BLUE,SPIDER,-1,3,1,0,2.00,4.00,false
224,GREEN_1,GREEN,GARGOYLE,0,-3,6,6,17.00,4.00,false
224,GREEN_2,GREEN,ASSASSIN,3,-3,4,4,0.00,0.00,false
224,GREEN_3,GREEN,SPIDER,1,-2,1,0,0.00,4.00,false
224,BLUE_4,BLUE,GARGOYLE,-3,3,6,6,0.00,0.00,false
224,BLUE_5,BLUE,ASSASSIN,-2,3,4,3,8.00,17.00,false
224,BLUE_6,BLUE,SPIDER,-1,3,1,1,0.00,0.00,false
225,GREEN_1,GREEN,MAGE,2,-2,7,7,0.00,0.00,false
225,GREEN_2,GREEN,GOBLIN,0,-2,8,8,0.00,0.00,false
225,BLUE_3,BLUE,MAGE,-3,3,7,7,0.00,0.00,false
225,BLUE_4,BLUE,GOBLIN,-2,3,8,8,0.00,0.00,false
226,GREEN_1,GREEN,MAGE,2,-2,7,7,0.00,0.00,false
226,GREEN_2,GREEN,GOBLIN,0,-2,8,8,0.00,0.00,false
226,BLUE_3,BLUE,MAGE,-3,3,7,7,0.00,0.00,false
226,BLUE_4,BLUE,GOBLIN,-2,3,8,8,0.00,0.00,false
227,GREEN_1,GREEN,GOBLIN,1,-3,10,10,0.00,0.00,false
227,GREEN_2,GREEN,SCORPION_RIDER,3,-2,4,0,86.00,72.00,false
227,GREEN_3,GREEN,ASSASSIN,3,-3,1,0,6.00,8.00,false
227,GREEN_4,GREEN,GOBLIN,2,-2,2,2,0.00,0.00,false
227,BLUE_5,BLUE,GOBLIN,-3,3,10,10,0.00,0.00,false
227,BLUE_6,BLUE,SCORPION_RIDER,-2,3,4,1,76.00,68.00,false
227,BLUE_7,BLUE,ASSASSIN,-1,3,1,0,0.00,8.00,false
227,BLUE_8,BLUE,GOBLIN,0,3,2,0,4.00,16.00,false
228,GREEN_1,GREEN,GOBLIN,1,-3,10,0,40.00,80.00,false
228,GREEN_2,GREEN,SCORPION_RIDER,3,-2,4,0,68.00,72.00,false
228,GREEN_3,GREEN,ASSASSIN,3,-3,1,0,0.00,8.00,false
228,GREEN_4,GREEN,GOBLIN,2,-2,2,0,4.00,16.00,false
228,BLUE_5,BLUE,GOBLIN,-3,3,10,4,46.00,48.00,true
228,BLUE_6,BLUE,SCORPION_RIDER,-2,3,4,2,120.00,48.00,true
228,BLUE_7,BLUE,ASSASSIN,-1,3,1,1,6.00,0.00,true
228,BLUE_8,BLUE,GOBLIN,0,3,2,0,4.00,16.00,true
229,GREEN_1,GREEN,ARCHER,3,-2,8,1,48.00,56.00,false
229,GREEN_2,GREEN,MAGE,1,-3,3,1,6.00,16.00,false
229,GREEN_3,GREEN,GOBLIN,2,-2,2,2,0.00,0.00,false
229,BLUE_4,BLUE,ARCHER,-3,3,8,4,72.00,54.00,false
229,BLUE_5,BLUE,MAGE,-2,3,3,3,0.00,0.00,false
229,BLUE_6,BLUE,GOBLIN,-1,3,2,2,0.00,0.00,false
230,GREEN_1,GREEN,ARCHER,3,-2,8,8,0.00,0.00,false
230,GREEN_2,GREEN,MAGE,1,-3,3,3,0.00,0.00,false
230,GREEN_3,GREEN,GOBLIN,2,-2,2,2,0.00,0.00,false
230,BLUE_4,BLUE,ARCHER,-3,3,8,8,0.00,0.00,false
230,BLUE_5,BLUE,MAGE,-2,3,3,3,0.00,0.00,false
230,BLUE_6,BLUE,GOBLIN,-1,3,2,2,0.00,0.00,false
231,GREEN_1,GREEN,GOBLIN,3,-2,12,12,0.00,0.00,true
231,GREEN_2,GREEN,SPIDER,0,-3,13,4,148.00,44.00,true
231,BLUE_3,BLUE,GOBLIN,-3,3,12,0,0.00,96.00,false
231,BLUE_4,BLUE,SPIDER,-2,3,13,0,44.00,52.00,false
232,GREEN_1,GREEN,GOBLIN,3,-2,12,0,58.00,96.00,false
232,GREEN_2,GREEN,SPIDER,0,-3,13,0,42.00,52.00,false
232,BLUE_3,BLUE,GOBLIN,-3,3,12,8,84.00,62.00,true
232,BLUE_4,BLUE,SPIDER,-2,3,13,6,64.00,38.00,true
233,GREEN_1,GREEN,MAGE,2,-3,8,3,64.00,52.00,false
233,GREEN_2,GREEN,SPIDER,3,-3,6,6,0.00,0.00,false
233,BLUE_3,BLUE,MAGE,-3,3,8,0,52.00,64.00,false
233,BLUE_4,BLUE,SPIDER,-2,3,6,6,0.00,0.00,false
234,GREEN_1,GREEN,MAGE,2,-3,8,8,0.00,0.00,false
234,GREEN_2,GREEN,SPIDER,3,-3,6,6,0.00,0.00,false
234,BLUE_3,BLUE,MAGE,-3,3,8,8,0.00,0.00,false
234,BLUE_4,BLUE,SPIDER,-2,3,6,6,0.00,0.00,false
235,GREEN_1,GREEN,MAGE,2,-3,7,7,45.00,3.00,true
235,GREEN_2,GREEN,SCORPION_RIDER,0,-3,3,2,65.00,29.00,true
235,BLUE_3,BLUE,MAGE,-3,3,7,0,10.00,56.00,false
235,BLUE_4,BLUE,SCORPION_RIDER,-2,3,3,0,22.00,54.00,false
236,GREEN_1,GREEN,MAGE,2,-3,7,0,35.00,56.00,false
236,GREEN_2,GREEN,SCORPION_RIDER,0,-3,3,0,26.00,54.00,false
236,BLUE_3,BLUE,MAGE,-3,3,7,6,54.00,29.00,true
236,BLUE_4,BLUE,SCORPION_RIDER,-2,3,3,2,56.00,32.00,true
237,GREEN_1,GREEN,SCORPION_RIDER,1,-3,5,3,120.00,71.00,true
237,GREEN_2,GREEN,GARGOYLE,0,-3,5,5,50.00,0.00,true
237,BLUE_3,BLUE,SCORPION_RIDER,-3,3,5,0,32.00,90.00,false
237,BLUE_4,BLUE,GARGOYLE,-2,3,5,0,39.00,80.00,false
238,GREEN_1,GREEN,SCORPION_RIDER,1,-3,5,5,0.00,0.00,false
238,GREEN_2,GREEN,GARGOYLE,0,-3,5,5,0.00,0.00,false
238,BLUE_3,BLUE,SCORPION_RIDER,-3,3,5,5,0.00,0.00,false
238,BLUE_4,BLUE,GARGOYLE,-2,3,5,5,0.00,0.00,false
239,GREEN_1,GREEN,SPIDER,1,-3,13,5,48.00,38.00,true
239,GREEN_2,GREEN,SCORPION_RIDER,2,-3,4,4,80.00,64.00,true
239,GREEN_3,GREEN,GOBLIN,0,-3,1,0,4.00,8.00,true
239,BLUE_4,BLUE,SPIDER,-3,3,13,0,46.00,52.00,false
239,BLUE_5,BLUE,SCORPION_RIDER,-2,3,4,0,64.00,72.00,false
239,BLUE_6,BLUE,GOBLIN,-1,3,1,0,0.00,8.00,false
240,GREEN_1,GREEN,SPIDER,1,-3,13,0,46.00,52.00,false
240,GREEN_2,GREEN,SCORPION_RIDER,2,-3,4,0,42.00,72.00,false
240,GREEN_3,GREEN,GOBLIN,0,-3,1,0,0.00,8.00,false
240,BLUE_4,BLUE,SPIDER,-3,3,13,10,70.00,18.00,true
240,BLUE_5,BLUE,SCORPION_RIDER,-2,3,4,1,62.00,70.00,true
240,BLUE_6,BLUE,GOBLIN,-1,3,1,1,0.00,0.00,true
241,GREEN_1,GREEN,GOBLIN,2,-2,11,11,0.00,0.00,false
241,GREEN_2,GREEN,GOLEM,3,-2,4,4,0.00,0.00,false
241,BLUE_3,BLUE,GOBLIN,-3,3,11,11,0.00,0.00,false
241,BLUE_4,BLUE,GOLEM,-2,3,4,4,0.00,0.00,false
242,GREEN_1,GREEN,GOBLIN,2,-2,11,11,0.00,0.00,false
242,GREEN_2,GREEN,GOLEM,3,-2,4,4,0.00,0.00,false
242,BLUE_3,BLUE,GOBLIN,-3,3,11,11,0.00,0.00,false
242,BLUE_4,BLUE,GOLEM,-2,3,4,4,0.00,0.00,false
243,GREEN_1,GREEN,GOBLIN,0,-2,12,12,0.00,0.00,false
243,GREEN_2,GREEN,GOBLIN,1,-3,12,12,0.00,0.00,false
243,GREEN_3,GREEN,SPIDER,3,-3,1,1,0.00,0.00,false
243,BLUE_4,BLUE,GOBLIN,-3,3,12,12,0.00,0.00,false
243,BLUE_5,BLUE,GOBLIN,-2,3,12,12,0.00,0.00,false
243,BLUE_6,BLUE,SPIDER,-1,3,1,1,0.00,0.00,false
244,GREEN_1,GREEN,GOBLIN,0,-2,12,12,0.00,0.00,false
244,GREEN_2,GREEN,GOBLIN,1,-3,12,12,0.00,0.00,false
244,GREEN_3,GREEN,SPIDER,3,-3,1,1,0.00,0.00,false
244,BLUE_4,BLUE,GOBLIN,-3,3,12,12,0.00,0.00,false
244,BLUE_5,BLUE,GOBLIN,-2,3,12,12,0.00,0.00,false
244,BLUE_6,BLUE,SPIDER,-1,3,1,1,0.00,0.00,false
245,GREEN_1,GREEN,ASSASSIN,0,-2,8,1,68.00,62.00,true
245,GREEN_2,GREEN,ASSASSIN,1,-3,2,1,16.00,14.00,true
245,GREEN_3,GREEN,SPIDER,3,-3,1,1,0.00,0.00,true
245,BLUE_4,BLUE,ASSASSIN,-3,3,8,0,64.00,64.00,false
245,BLUE_5,BLUE,ASSASSIN,-2,3,2,0,12.00,16.00,false
245,BLUE_6,BLUE,SPIDER,-1,3,1,0,0.00,4.00,false
246,GREEN_1,GREEN,ASSASSIN,0,-2,8,0,54.00,64.00,false
246,GREEN_2,GREEN,ASSASSIN,1,-3,2,0,6.00,16.00,false
246,GREEN_3,GREEN,SPIDER,3,-3,1,0,0.00,4.00,false
246,BLUE_4,BLUE,ASSASSIN,-3,3,8,3,60.00,52.00,true
246,BLUE_5,BLUE,ASSASSIN,-2,3,2,1,16.00,8.00,true
246,BLUE_6,BLUE,SPIDER,-1,3,1,1,8.00,0.00,true
247,GREEN_1,GREEN,SCORPION_RIDER,0,-2,6,6,0.00,0.00,false
247,GREEN_2,GREEN,ARCHER,0,-3,4,4,0.00,0.00,false
247,GREEN_3,GREEN,SPIDER,1,-2,1,1,0.00,0.00,false
247,BLUE_4,BLUE,SCORPION_RIDER,-3,3,6,6,0.00,0.00,false
247,BLUE_5,BLUE,ARCHER,-2,3,4,4,0.00,0.00,false
247,BLUE_6,BLUE,SPIDER,-1,3,1,1,0.00,0.00,false
248,GREEN_1,GREEN,SCORPION_RIDER,0,-2,6,0,64.00,108.00,false
248,GREEN_2,GREEN,ARCHER,0,-3,4,0,6.00,32.00,false
248,GREEN_3,GREEN,SPIDER,1,-2,1,0,0.00,4.00,false
248,BLUE_4,BLUE,SCORPION_RIDER,-3,3,6,4,100.00,70.00,true
248,BLUE_5,BLUE,ARCHER,-2,3,4,4,44.00,0.00,true
248,BLUE_6,BLUE,SPIDER,-1,3,1,1,0.00,0.00,true
249,GREEN_1,GREEN,ASSASSIN,1,-3,7,1,56.00,54.00,false
249,GREEN_2,GREEN,SPIDER,2,-3,7,7,0.00,0.00,false
249,GREEN_3,GREEN,GOBLIN,-1,-2,1,1,0.00,0.00,false
249,BLUE_4,BLUE,ASSASSIN,-3,3,7,0,54.00,56.00,false
249,BLUE_5,BLUE,SPIDER,-2,3,7,7,0.00,0.00,false
249,BLUE_6,BLUE,GOBLIN,-1,3,1,1,0.00,0.00,false
250,GREEN_1,GREEN,ASSASSIN,1,-3,7,0,44.00,56.00,false
250,GREEN_2,GREEN,SPIDER,2,-3,7,0,6.00,28.00,false
250,GREEN_3,GREEN,GOBLIN,-1,-2,1,0,4.00,8.00,false
250,BLUE_4,BLUE,ASSASSIN,-3,3,7,1,74.00,54.00,true
250,BLUE_5,BLUE,SPIDER,-2,3,7,7,18.00,0.00,true
250,BLUE_6,BLUE,GOBLIN,-1,3,1,1,0.00,0.00,true
251,GREEN_1,GREEN,GOLEM,2,-2,4,4,108.00,63.00,false
251,GREEN_2,GREEN,GOLEM,2,-3,3,3,0.00,0.00,false
251,GREEN_3,GREEN,GOBLIN,1,-2,1,1,0.00,0.00,false
251,BLUE_4,BLUE,GOLEM,-3,3,4,4,16.00,22.00,false
251,BLUE_5,BLUE,GOLEM,-2,3,3,0,46.00,78.00,false
251,BLUE_6,BLUE,GOBLIN,-1,3,1,0,1.00,8.00,false
252,GREEN_1,GREEN,GOLEM,2,-2,4,4,0.00,0.00,false
252,GREEN_2,GREEN,GOLEM,2,-3,3,3,0.00,0.00,false
252,GREEN_3,GREEN,GOBLIN,1,-2,1,1,0.00,0.00,false
252,BLUE_4,BLUE,GOLEM,-3,3,4,4,0.00,0.00,false
252,BLUE_5,BLUE,GOLEM,-2,3,3,3,0.00,0.00,false
252,BLUE_6,BLUE,GOBLIN,-1,3,1,1,0.00,0.00,false
253,GREEN_1,GREEN,GARGOYLE,0,-3,5,5,0.00,0.00,false
253,GREEN_2,GREEN,GARGOYLE,1,-2,4,4,0.00,0.00,false
253,GREEN_3,GREEN,SCORPION_RIDER,3,-3,1,1,22.00,16.00,false
253,GREEN_4,GREEN,SPIDER,1,-3,1,1,0.00,0.00,false
253,BLUE_5,BLUE,GARGOYLE,-3,3,5,5,0.00,0.00,false
253,BLUE_6,BLUE,GARGOYLE,-2,3,4,4,0.00,0.00,false
253,BLUE_7,BLUE,SCORPION_RIDER,-1,3,1,0,16.00,18.00,false
253,BLUE_8,BLUE,SPIDER,0,3,1,0,0.00,4.00,false
254,GREEN_1,GREEN,GARGOYLE,0,-3,5,5,0.00,0.00,false
254,GREEN_2,GREEN,GARGOYLE,1,-2,4,4,0.00,0.00,false
254,GREEN_3,GREEN,SCORPION_RIDER,3,-3,1,1,0.00,0.00,false
254,GREEN_4,GREEN,SPIDER,1,-3,1,1,0.00,0.00,false
254,BLUE_5,BLUE,GARGOYLE,-3,3,5,5,0.00,0.00,false
254,BLUE_6,BLUE,GARGOYLE,-2,3,4,4,0.00,0.00,false
254,BLUE_7,BLUE,SCORPION_RIDER,-1,3,1,1,0.00,0.00,false
254,BLUE_8,BLUE,SPIDER,0,3,1,1,0.00,0.00,false
255,GREEN_1,GREEN,GARGOYLE,3,-3,6,6,0.00,0.00,false
255,GREEN_2,GREEN,MAGE,1,-3,4,4,0.00,0.00,false
255,GREEN_3,GREEN,GOBLIN,2,-3,1,1,0.00,0.00,false
255,BLUE_4,BLUE,GARGOYLE,-3,3,6,6,0.00,0.00,false
255,BLUE_5,BLUE,MAGE,-2,3,4,4,0.00,0.00,false
255,BLUE_6,BLUE,GOBLIN,-1,3,1,1,0.00,0.00,false
256,GREEN_1,GREEN,GARGOYLE,3,-3,6,6,0.00,0.00,false
256,GREEN_2,GREEN,MAGE,1,-3,4,4,0.00,0.00,false
256,GREEN_3,GREEN,GOBLIN,2,-3,1,1,0.00,0.00,false
256,BLUE_4,BLUE,GARGOYLE,-3,3,6,6,0.00,0.00,false
256,BLUE_5,BLUE,MAGE,-2,3,4,4,0.00,0.00,false
256,BLUE_6,BLUE,GOBLIN,-1,3,1,1,0.00,0.00,false
257,GREEN_1,GREEN,GOBLIN,2,-2,12,12,0.00,0.00,false
257,GREEN_2,GREEN,ASSASSIN,0,-3,4,2,44.00,28.00,false
257,GREEN_3,GREEN,MAGE,3,-2,1,1,0.00,0.00,false
257,GREEN_4,GREEN,GOBLIN,3,-3,1,1,4.00,4.00,false
257,BLUE_5,BLUE,GOBLIN,-3,3,12,12,0.00,0.00,false
257,BLUE_6,BLUE,ASSASSIN,-2,3,4,0,27.00,32.00,false
257,BLUE_7,BLUE,MAGE,-1,3,1,0,1.00,8.00,false
257,BLUE_8,BLUE,GOBLIN,0,3,1,0,4.00,8.00,false
258,GREEN_1,GREEN,GOBLIN,2,-2,12,0,12.00,96.00,false
258,GREEN_2,GREEN,ASSASSIN,0,-3,4,0,26.00,32.00,false
258,GREEN_3,GREEN,MAGE,3,-2,1,0,1.00,8.00,false
258,GREEN_4,GREEN,GOBLIN,3,-3,1,0,4.00,8.00,false
258,BLUE_5,BLUE,GOBLIN,-3,3,12,12,0.00,0.00,true
258,BLUE_6,BLUE,ASSASSIN,-2,3,4,0,43.00,35.00,true
258,BLUE_7,BLUE,MAGE,-1,3,1,1,97.00,0.00,true
258,BLUE_8,BLUE,GOBLIN,0,3,1,0,4.00,8.00,true
259,GREEN_1,GREEN,SPIDER,3,-3,15,15,0.00,0.00,false
259,GREEN_2,GREEN,SCORPION_RIDER,2,-2,3,1,62.00,44.00,false
259,GREEN_3,GREEN,ARCHER,1,-3,1,1,0.00,0.00,false
259,BLUE_4,BLUE,SPIDER,-3,3,15,15,0.00,0.00,false
259,BLUE_5,BLUE,SCORPION_RIDER,-2,3,3,0,44.00,54.00,false
259,BLUE_6,BLUE,ARCHER,-1,3,1,0,0.00,8.00,false
260,GREEN_1,GREEN,SPIDER,3,-3,15,15,0.00,0.00,false
260,GREEN_2,GREEN,SCORPION_RIDER,2,-2,3,3,0.00,0.00,false
260,GREEN_3,GREEN,ARCHER,1,-3,1,1,0.00,0.00,false
260,BLUE_4,BLUE,SPIDER,-3,3,15,15,0.00,0.00,false
260,BLUE_5,BLUE,SCORPION_RIDER,-2,3,3,3,0.00,0.00,false
260,BLUE_6,BLUE,ARCHER,-1,3,1,1,0.00,0.00,false
261,GREEN_1,GREEN,GOBLIN,1,-2,11,11,0.00,0.00,false
261,GREEN_2,GREEN,GARGOYLE,0,-3,6,6,0.00,0.00,false
261,BLUE_3,BLUE,GOBLIN,-3,3,11,11,0.00,0.00,false
261,BLUE_4,BLUE,GARGOYLE,-2,3,6,6,0.00,0.00,false
262,GREEN_1,GREEN,GOBLIN,1,-2,11,11,0.00,0.00,false
262,GREEN_2,GREEN,GARGOYLE,0,-3,6,6,0.00,0.00,false
262,BLUE_3,BLUE,GOBLIN,-3,3,11,11,0.00,0.00,false
262,BLUE_4,BLUE,GARGOYLE,-2,3,6,6,0.00,0.00,false
263,GREEN_1,GREEN,ASSASSIN,2,-2,7,1,66.00,48.00,true
263,GREEN_2,GREEN,SPIDER,3,-2,8,8,22.00,0.00,true
263,BLUE_3,BLUE,ASSASSIN,-3,3,7,0,38.00,56.00,false
263,BLUE_4,BLUE,SPIDER,-2,3,8,0,10.00,32.00,false
264,GREEN_1,GREEN,ASSASSIN,2,-2,7,0,32.00,56.00,false
264,GREEN_2,GREEN,SPIDER,3,-2,8,0,14.00,32.00,false
264,BLUE_3,BLUE,ASSASSIN,-3,3,7,3,72.00,46.00,true
264,BLUE_4,BLUE,SPIDER,-2,3,8,8,16.00,0.00,true
265,GREEN_1,GREEN,GARGOYLE,1,-3,6,2,100.00,88.00,false
265,GREEN_2,GREEN,SPIDER,3,-3,9,2,24.00,34.00,false
265,GREEN_3,GREEN,GOBLIN,0,-3,2,2,0.00,0.00,false
265,BLUE_4,BLUE,GARGOYLE,-3,3,6,4,114.00,72.00,false
265,BLUE_5,BLUE,SPIDER,-2,3,9,0,8.00,36.00,false
265,BLUE_6,BLUE,GOBLIN,-1,3,2,0,0.00,16.00,false
266,GREEN_1,GREEN,GARGOYLE,1,-3,6,6,0.00,0.00,false
266,GREEN_2,GREEN,SPIDER,3,-3,9,9,0.00,0.00,false
266,GREEN_3,GREEN,GOBLIN,0,-3,2,2,0.00,0.00,false
266,BLUE_4,BLUE,GARGOYLE,-3,3,6,6,0.00,0.00,false
266,BLUE_5,BLUE,SPIDER,-2,3,9,9,0.00,0.00,false
266,BLUE_6,BLUE,GOBLIN,-1,3,2,2,0.00,0.00,false
267,GREEN_1,GREEN,SCORPION_RIDER,0,-3,6,1,156.00,105.00,false
267,GREEN_2,GREEN,GOLEM,3,-2,2,2,0.00,0.00,false
267,GREEN_3,GREEN,MAGE,3,-3,1,1,0.00,0.00,false
267,BLUE_4,BLUE,SCORPION_RIDER,-3,3,6,2,84.00,96.00,false
267,BLUE_5,BLUE,GOLEM,-2,3,2,0,21.00,52.00,false
267,BLUE_6,BLUE,MAGE,-1,3,1,0,0.00,8.00,false
268,GREEN_1,GREEN,SCORPION_RIDER,0,-3,6,0,90.00,108.00,false
268,GREEN_2,GREEN,GOLEM,3,-2,2,0,18.00,52.00,false
268,GREEN_3,GREEN,MAGE,3,-3,1,0,1.00,8.00,false
268,BLUE_4,BLUE,SCORPION_RIDER,-3,3,6,2,146.00,104.00,true
268,BLUE_5,BLUE,GOLEM,-2,3,2,2,13.00,4.00,true
268,BLUE_6,BLUE,MAGE,-1,3,1,1,9.00,1.00,true
269,GREEN_1,GREEN,GARGOYLE,2,-2,6,6,0.00,0.00,false
269,GREEN_2,GREEN,SPIDER,0,-3,9,9,0.00,0.00,false
269,GREEN_3,GREEN,GOBLIN,1,-3,2,2,0.00,0.00,false
269,BLUE_4,BLUE,GARGOYLE,-3,3,6,6,0.00,0.00,false
269,BLUE_5,BLUE,SPIDER,-2,3,9,9,0.00,0.00,false
269,BLUE_6,BLUE,GOBLIN,-1,3,2,2,0.00,0.00,false
270,GREEN_1,GREEN,GARGOYLE,2,-2,6,6,0.00,0.00,false
270,GREEN_2,GREEN,SPIDER,0,-3,9,9,0.00,0.00,false
270,GREEN_3,GREEN,GOBLIN,1,-3,2,2,0.00,0.00,false
270,BLUE_4,BLUE,GARGOYLE,-3,3,6,6,0.00,0.00,false
270,BLUE_5,BLUE,SPIDER,-2,3,9,9,0.00,0.00,false
270,BLUE_6,BLUE,GOBLIN,-1,3,2,2,0.00,0.00,false
271,GREEN_1,GREEN,ARCHER,2,-3,7,7,0.00,0.00,false
271,GREEN_2,GREEN,GOLEM,3,-3,3,3,0.00,0.00,false
271,GREEN_3,GREEN,SPIDER,3,-2,1,1,0.00,0.00,false
271,BLUE_4,BLUE,ARCHER,-3,3,7,7,0.00,0.00,false
271,BLUE_5,BLUE,GOLEM,-2,3,3,3,0.00,0.00,false
271,BLUE_6,BLUE,SPIDER,-1,3,1,1,0.00,0.00,false
272,GREEN_1,GREEN,ARCHER,2,-3,7,7,0.00,0.00,false
272,GREEN_2,GREEN,GOLEM,3,-3,3,3,0.00,0.00,false
272,GREEN_3,GREEN,SPIDER,3,-2,1,1,0.00,0.00,false
272,BLUE_4,BLUE,ARCHER,-3,3,7,7,0.00,0.00,false
272,BLUE_5,BLUE,GOLEM,-2,3,3,3,0.00,0.00,false
272,BLUE_6,BLUE,SPIDER,-1,3,1,1,0.00,0.00,false
273,GREEN_1,GREEN,GARGOYLE,3,-3,5,5,0.00,0.00,false
273,GREEN_2,GREEN,GOBLIN,3,-2,10,10,0.00,0.00,false
273,GREEN_3,GREEN,ARCHER,2,-2,1,1,0.00,0.00,false
273,GREEN_4,GREEN,GOBLIN,1,-3,1,1,0.00,0.00,false
273,BLUE_5,BLUE,GARGOYLE,-3,3,5,5,0.00,0.00,false
273,BLUE_6,BLUE,GOBLIN,-2,3,10,10,0.00,0.00,false
273,BLUE_7,BLUE,ARCHER,-1,3,1,1,0.00,0.00,false
273,BLUE_8,BLUE,GOBLIN,0,3,1,1,0.00,0.00,false
274,GREEN_1,GREEN,GARGOYLE,3,-3,5,3,63.00,56.00,false
274,GREEN_2,GREEN,GOBLIN,3,-2,10,0,0.00,80.00,false
274,GREEN_3,GREEN,ARCHER,2,-2,1,0,4.00,8.00,false
274,GREEN_4,GREEN,GOBLIN,1,-3,1,0,0.00,8.00,false
274,BLUE_5,BLUE,GARGOYLE,-3,3,5,2,121.00,63.00,false
274,BLUE_6,BLUE,GOBLIN,-2,3,10,10,0.00,0.00,false
274,BLUE_7,BLUE,ARCHER,-1,3,1,1,31.00,4.00,false
274,BLUE_8,BLUE,GOBLIN,0,3,1,1,0.00,0.00,false
275,GREEN_1,GREEN,ASSASSIN,3,-3,8,2,90.00,60.00,false
275,GREEN_2,GREEN,GARGOYLE,1,-2,2,2,0.00,0.00,false
275,GREEN_3,GREEN,GOBLIN,3,-2,1,1,0.00,0.00,false
275,BLUE_4,BLUE,ASSASSIN,-3,3,8,4,50.00,50.00,false
275,BLUE_5,BLUE,GARGOYLE,-2,3,2,0,6.00,32.00,false
275,BLUE_6,BLUE,GOBLIN,-1,3,1,0,4.00,8.00,false
276,GREEN_1,GREEN,ASSASSIN,3,-3,8,8,0.00,0.00,false
276,GREEN_2,GREEN,GARGOYLE,1,-2,2,0,6.00,32.00,false
276,GREEN_3,GREEN,GOBLIN,3,-2,1,1,0.00,0.00,false
276,BLUE_4,BLUE,ASSASSIN,-3,3,8,8,32.00,6.00,false
276,BLUE_5,BLUE,GARGOYLE,-2,3,2,2,0.00,0.00,false
276,BLUE_6,BLUE,GOBLIN,-1,3,1,1,0.00,0.00,false
277,GREEN_1,GREEN,SCORPION_RIDER,1,-3,6,1,118.00,106.00,false
277,GREEN_2,GREEN,ASSASSIN,2,-3,3,2,14.00,14.00,false
277,GREEN_3,GREEN,GOBLIN,0,-3,2,2,0.00,0.00,false
277,BLUE_4,BLUE,SCORPION_RIDER,-3,3,6,4,96.00,92.00,false
277,BLUE_5,BLUE,ASSASSIN,-2,3,3,0,20.00,24.00,false
277,BLUE_6,BLUE,GOBLIN,-1,3,2,0,4.00,16.00,false
278,GREEN_1,GREEN,SCORPION_RIDER,1,-3,6,0,112.00,108.00,false
278,GREEN_2,GREEN,ASSASSIN,2,-3,3,0,20.00,24.00,false
278,GREEN_3,GREEN,GOBLIN,0,-3,2,0,4.00,16.00,false
278,BLUE_4,BLUE,SCORPION_RIDER,-3,3,6,1,110.00,106.00,true
278,BLUE_5,BLUE,ASSASSIN,-2,3,3,1,34.00,22.00,true
278,BLUE_6,BLUE,GOBLIN,-1,3,2,1,4.00,8.00,true
279,GREEN_1,GREEN,GARGOYLE,0,-2,5,5,0.00,0.00,false
279,GREEN_2,GREEN,GOBLIN,-1,-2,11,11,0.00,0.00,false
279,GREEN_3,GREEN,ASSASSIN,1,-3,1,1,0.00,0.00,false
279,BLUE_4,BLUE,GARGOYLE,-3,3,5,5,0.00,0.00,false
279,BLUE_5,BLUE,GOBLIN,-2,3,11,11,0.00,0.00,false
279,BLUE_6,BLUE,ASSASSIN,-1,3,1,1,0.00,0.00,false
280,GREEN_1,GREEN,GARGOYLE,0,-2,5,4,72.00,43.00,false
280,GREEN_2,GREEN,GOBLIN,-1,-2,11,11,0.00,0.00,false
280,GREEN_3,GREEN,ASSASSIN,1,-3,1,0,6.00,8.00,false
280,BLUE_4,BLUE,GARGOYLE,-3,3,5,2,43.00,72.00,false
280,BLUE_5,BLUE,GOBLIN,-2,3,11,11,0.00,0.00,false
280,BLUE_6,BLUE,ASSASSIN,-1,3,1,1,8.00,6.00,false
281,GREEN_1,GREEN,GARGOYLE,2,-3,5,5,64.00,6.00,true
281,GREEN_2,GREEN,SCORPION_RIDER,3,-3,5,0,106.00,90.00,true
281,BLUE_3,BLUE,GARGOYLE,-3,3,5,0,54.00,80.00,false
281,BLUE_4,BLUE,SCORPION_RIDER,-2,3,5,0,42.00,90.00,false
282,GREEN_1,GREEN,GARGOYLE,2,-3,5,0,54.00,80.00,false
282,GREEN_2,GREEN,SCORPION_RIDER,3,-3,5,0,0.00,90.00,false
282,BLUE_3,BLUE,GARGOYLE,-3,3,5,5,90.00,0.00,true
282,BLUE_4,BLUE,SCORPION_RIDER,-2,3,5,4,80.00,54.00,true
283,GREEN_1,GREEN,GOBLIN,0,-3,12,12,0.00,0.00,false
283,GREEN_2,GREEN,ARCHER,3,-3,6,1,132.00,40.00,false
283,GREEN_3,GREEN,SPIDER,1,-2,1,1,0.00,0.00,false
283,BLUE_4,BLUE,GOBLIN,-3,3,12,0,0.00,96.00,false
283,BLUE_5,BLUE,ARCHER,-2,3,6,4,40.00,32.00,false
283,BLUE_6,BLUE,SPIDER,-1,3,1,0,0.00,4.00,false
284,GREEN_1,GREEN,GOBLIN,0,-3,12,0,0.00,96.00,false
284,GREEN_2,GREEN,ARCHER,3,-3,6,4,40.00,32.00,false
284,GREEN_3,GREEN,SPIDER,1,-2,1,0,0.00,4.00,false
284,BLUE_4,BLUE,GOBLIN,-3,3,12,12,0.00,0.00,false
284,BLUE_5,BLUE,ARCHER,-2,3,6,1,132.00,40.00,false
284,BLUE_6,BLUE,SPIDER,-1,3,1,1,0.00,0.00,false
285,GREEN_1,GREEN,ARCHER,2,-2,8,8,0.00,0.00,false
285,GREEN_2,GREEN,GOLEM,0,-3,2,2,0.00,0.00,false
285,GREEN_3,GREEN,GOBLIN,3,-3,2,2,0.00,0.00,false
285,BLUE_4,BLUE,ARCHER,-3,3,8,8,0.00,0.00,false
285,BLUE_5,BLUE,GOLEM,-2,3,2,2,0.00,0.00,false
285,BLUE_6,BLUE,GOBLIN,-1,3,2,2,0.00,0.00,false
286,GREEN_1,GREEN,ARCHER,2,-2,8,0,56.00,64.00,false
286,GREEN_2,GREEN,GOLEM,0,-3,2,0,0.00,52.00,false
286,GREEN_3,GREEN,GOBLIN,3,-3,2,0,0.00,16.00,false
286,BLUE_4,BLUE,ARCHER,-3,3,8,5,120.00,44.00,true
286,BLUE_5,BLUE,GOLEM,-2,3,2,2,0.00,0.00,true
286,BLUE_6,BLUE,GOBLIN,-1,3,2,1,12.00,12.00,true
287,GREEN_1,GREEN,ASSASSIN,2,-2,8,1,64.00,56.00,false
287,GREEN_2,GREEN,ASSASSIN,3,-2,2,1,8.00,14.00,false
287,GREEN_3,GREEN,SPIDER,0,-3,1,1,0.00,0.00,false
287,BLUE_4,BLUE,ASSASSIN,-3,3,8,3,58.00,52.00,false
287,BLUE_5,BLUE,ASSASSIN,-2,3,2,0,12.00,16.00,false
287,BLUE_6,BLUE,SPIDER,-1,3,1,0,0.00,4.00,false
288,GREEN_1,GREEN,ASSASSIN,2,-2,8,3,62.00,52.00,false
288,GREEN_2,GREEN,ASSASSIN,3,-2,2,0,12.00,16.00,false
288,GREEN_3,GREEN,SPIDER,0,-3,1,0,0.00,4.00,false
288,BLUE_4,BLUE,ASSASSIN,-3,3,8,2,64.00,60.00,false
288,BLUE_5,BLUE,ASSASSIN,-2,3,2,1,8.00,14.00,false
288,BLUE_6,BLUE,SPIDER,-1,3,1,1,0.00,0.00,false
289,GREEN_1,GREEN,ARCHER,2,-3,8,8,0.00,0.00,false
289,GREEN_2,GREEN,GOBLIN,1,-2,9,9,0.00,0.00,false
289,BLUE_3,BLUE,ARCHER,-3,3,8,8,0.00,0.00,false
289,BLUE_4,BLUE,GOBLIN,-2,3,9,9,0.00,0.00,false
290,GREEN_1,GREEN,ARCHER,2,-3,8,8,0.00,0.00,false
290,GREEN_2,GREEN,GOBLIN,1,-2,9,0,0.00,72.00,false
290,BLUE_3,BLUE,ARCHER,-3,3,8,8,72.00,0.00,false
290,BLUE_4,BLUE,GOBLIN,-2,3,9,9,0.00,0.00,false
291,GREEN_1,GREEN,SPIDER,1,-3,15,12,54.00,21.00,true
291,GREEN_2,GREEN,MAGE,3,-3,4,4,38.00,0.00,true
291,BLUE_3,BLUE,SPIDER,-3,3,15,0,16.00,60.00,false
291,BLUE_4,BLUE,MAGE,-2,3,4,0,5.00,32.00,false
292,GREEN_1,GREEN,SPIDER,1,-3,15,0,0.00,60.00,false
292,GREEN_2,GREEN,MAGE,3,-3,4,0,29.00,32.00,false
292,BLUE_3,BLUE,SPIDER,-3,3,15,15,4.00,1.00,true
292,BLUE_4,BLUE,MAGE,-2,3,4,2,88.00,28.00,true
293,GREEN_1,GREEN,GOBLIN,2,-3,10,10,0.00,0.00,false
293,GREEN_2,GREEN,MAGE,3,-3,5,5,0.00,0.00,false
293,GREEN_3,GREEN,GOLEM,2,-2,1,1,0.00,0.00,false
293,BLUE_4,BLUE,GOBLIN,-3,3,10,10,0.00,0.00,false
293,BLUE_5,BLUE,MAGE,-2,3,5,5,0.00,0.00,false
293,BLUE_6,BLUE,GOLEM,-1,3,1,1,0.00,0.00,false
294,GREEN_1,GREEN,GOBLIN,2,-3,10,0,0.00,80.00,false
294,GREEN_2,GREEN,MAGE,3,-3,5,5,0.00,0.00,false
294,GREEN_3,GREEN,GOLEM,2,-2,1,0,0.00,26.00,false
294,BLUE_4,BLUE,GOBLIN,-3,3,10,10,0.00,0.00,false
294,BLUE_5,BLUE,MAGE,-2,3,5,5,106.00,0.00,false
294,BLUE_6,BLUE,GOLEM,-1,3,1,1,0.00,0.00,false
295,GREEN_1,GREEN,GARGOYLE,1,-3,5,3,129.00,56.00,true
295,GREEN_2,GREEN,GARGOYLE,3,-3,5,5,35.00,33.00,true
295,GREEN_3,GREEN,SPIDER,2,-2,1,1,0.00,0.00,true
295,BLUE_4,BLUE,GARGOYLE,-3,3,5,0,36.00,80.00,false
295,BLUE_5,BLUE,GARGOYLE,-2,3,5,0,53.00,80.00,false
295,BLUE_6,BLUE,SPIDER,-1,3,1,0,0.00,4.00,false
296,GREEN_1,GREEN,GARGOYLE,1,-3,5,0,59.00,80.00,false
296,GREEN_2,GREEN,GARGOYLE,3,-3,5,0,34.00,80.00,false
296,GREEN_3,GREEN,SPIDER,2,-2,1,0,0.00,4.00,false
296,BLUE_4,BLUE,GARGOYLE,-3,3,5,5,65.00,27.00,true
296,BLUE_5,BLUE,GARGOYLE,-2,3,5,3,97.00,62.00,true
296,BLUE_6,BLUE,SPIDER,-1,3,1,0,2.00,4.00,true
297,GREEN_1,GREEN,MAGE,1,-3,7,7,44.00,3.00,true
297,GREEN_2,GREEN,ASSASSIN,3,-3,3,3,42.00,16.00,true
297,GREEN_3,GREEN,GOBLIN,-1,-2,1,1,2.00,3.00,true
297,BLUE_4,BLUE,MAGE,-3,3,7,0,22.00,56.00,false
297,BLUE_5,BLUE,ASSASSIN,-2,3,3,0,0.00,24.00,false
297,BLUE_6,BLUE,GOBLIN,-1,3,1,0,0.00,8.00,false
298,GREEN_1,GREEN,MAGE,1,-3,7,0,31.00,56.00,false
298,GREEN_2,GREEN,ASSASSIN,3,-3,3,0,0.00,24.00,false
298,GREEN_3,GREEN,GOBLIN,-1,-2,1,0,4.00,8.00,false
298,BLUE_4,BLUE,MAGE,-3,3,7,7,57.00,24.00,true
298,BLUE_5,BLUE,ASSASSIN,-2,3,3,2,31.00,11.00,true
298,BLUE_6,BLUE,GOBLIN,-1,3,1,1,0.00,0.00,true
299,GREEN_1,GREEN,SCORPION_RIDER,3,-3,6,6,0.00,0.00,false
299,GREEN_2,GREEN,ASSASSIN,2,-2,3,0,36.00,24.00,false
299,GREEN_3,GREEN,GOBLIN,2,-3,2,2,0.00,0.00,false
299,BLUE_4,BLUE,SCORPION_RIDER,-3,3,6,6,0.00,0.00,false
299,BLUE_5,BLUE,ASSASSIN,-2,3,3,2,16.00,20.00,false
299,BLUE_6,BLUE,GOBLIN,-1,3,2,0,8.00,16.00,false
300,GREEN_1,GREEN,SCORPION_RIDER,3,-3,6,0,110.00,108.00,false
300,GREEN_2,GREEN,ASSASSIN,2,-2,3,0,14.00,24.00,false
300,GREEN_3,GREEN,GOBLIN,2,-3,2,0,4.00,16.00,false
300,BLUE_4,BLUE,SCORPION_RIDER,-3,3,6,2,122.00,104.00,true
300,BLUE_5,BLUE,ASSASSIN,-2,3,3,0,26.00,24.00,true
300,BLUE_6,BLUE,GOBLIN,-1,3,2,2,0.00,0.00,true
301,GREEN_1,GREEN,ASSASSIN,3,-2,8,4,68.00,44.00,true
301,GREEN_2,GREEN,MAGE,0,-3,2,2,12.00,0.00,true
301,GREEN_3,GREEN,SPIDER,0,-2,1,1,4.00,0.00,true
301,BLUE_4,BLUE,ASSASSIN,-3,3,8,0,42.00,64.00,false
301,BLUE_5,BLUE,MAGE,-2,3,2,0,2.00,16.00,false
301,BLUE_6,BLUE,SPIDER,-1,3,1,0,0.00,4.00,false
302,GREEN_1,GREEN,ASSASSIN,3,-2,8,0,56.00,64.00,false
302,GREEN_2,GREEN,MAGE,0,-3,2,0,2.00,16.00,false
302,GREEN_3,GREEN,SPIDER,0,-2,1,0,0.00,4.00,false
302,BLUE_4,BLUE,ASSASSIN,-3,3,8,3,74.00,58.00,true
302,BLUE_5,BLUE,MAGE,-2,3,2,2,10.00,0.00,true
302,BLUE_6,BLUE,SPIDER,-1,3,1,1,0.00,0.00,true
303,GREEN_1,GREEN,GOBLIN,2,-3,12,12,0.00,0.00,true
303,GREEN_2,GREEN,ASSASSIN,3,-2,3,0,42.00,24.00,true
303,GREEN_3,GREEN,GARGOYLE,1,-2,2,2,0.00,0.00,true
303,GREEN_4,GREEN,SPIDER,-1,-2,1,1,114.00,0.00,true
303,BLUE_5,BLUE,GOBLIN,-3,3,12,0,0.00,96.00,false
303,BLUE_6,BLUE,ASSASSIN,-2,3,3,0,2.00,24.00,false
303,BLUE_7,BLUE,GARGOYLE,-1,3,2,0,22.00,32.00,false
303,BLUE_8,BLUE,SPIDER,0,3,1,0,0.00,4.00,false
304,GREEN_1,GREEN,GOBLIN,2,-3,12,0,98.00,96.00,false
304,GREEN_2,GREEN,ASSASSIN,3,-2,3,0,0.00,24.00,false
304,GREEN_3,GREEN,GARGOYLE,1,-2,2,0,12.00,32.00,false
304,GREEN_4,GREEN,SPIDER,-1,-2,1,0,0.00,4.00,false
304,BLUE_5,BLUE,GOBLIN,-3,3,12,3,104.00,87.00,true
304,BLUE_6,BLUE,ASSASSIN,-2,3,3,1,22.00,23.00,true
304,BLUE_7,BLUE,GARGOYLE,-1,3,2,2,22.00,0.00,true
304,BLUE_8,BLUE,SPIDER,0,3,1,1,8.00,0.00,true
305,GREEN_1,GREEN,GARGOYLE,0,-3,5,5,53.00,15.00,true
305,GREEN_2,GREEN,MAGE,-1,-2,4,3,56.00,20.00,true
305,GREEN_3,GREEN,GARGOYLE,3,-3,1,1,21.00,15.00,true
305,GREEN_4,GREEN,SPIDER,1,-3,1,0,2.00,4.00,true
305,BLUE_5,BLUE,GARGOYLE,-3,3,5,0,24.00,80.00,false
305,BLUE_6,BLUE,MAGE,-2,3,4,0,27.00,32.00,false
305,BLUE_7,BLUE,GARGOYLE,-1,3,1,0,3.00,16.00,false
305,BLUE_8,BLUE,SPIDER,0,3,1,0,0.00,4.00,false
306,GREEN_1,GREEN,GARGOYLE,0,-3,5,4,12.00,49.00,false
306,GREEN_2,GREEN,MAGE,-1,-2,4,0,28.00,32.00,false
306,GREEN_3,GREEN,GARGOYLE,3,-3,1,0,0.00,16.00,false
306,GREEN_4,GREEN,SPIDER,1,-3,1,0,0.00,4.00,false
306,BLUE_5,BLUE,GARGOYLE,-3,3,5,5,0.00,0.00,false
306,BLUE_6,BLUE,MAGE,-2,3,4,2,90.00,28.00,false
306,BLUE_7,BLUE,GARGOYLE,-1,3,1,1,11.00,12.00,false
306,BLUE_8,BLUE,SPIDER,0,3,1,1,0.00,0.00,false
307,GREEN_1,GREEN,MAGE,-1,-2,8,6,63.00,40.00,true
307,GREEN_2,GREEN,ASSASSIN,3,-2,2,1,25.00,15.00,true
307,GREEN_3,GREEN,GOBLIN,2,-3,1,1,0.00,0.00,true
307,BLUE_4,BLUE,MAGE,-3,3,8,0,51.00,64.00,false
307,BLUE_5,BLUE,ASSASSIN,-2,3,2,0,0.00,16.00,false
307,BLUE_6,BLUE,GOBLIN,-1,3,1,0,4.00,8.00,false
308,GREEN_1,GREEN,MAGE,-1,-2,8,8,8.00,12.00,false
308,GREEN_2,GREEN,ASSASSIN,3,-2,2,2,0.00,0.00,false
308,GREEN_3,GREEN,GOBLIN,2,-3,1,0,4.00,8.00,false
308,BLUE_4,BLUE,MAGE,-3,3,8,8,0.00,0.00,false
308,BLUE_5,BLUE,ASSASSIN,-2,3,2,1,20.00,12.00,false
308,BLUE_6,BLUE,GOBLIN,-1,3,1,1,0.00,0.00,false
309,GREEN_1,GREEN,SPIDER,0,-2,14,14,0.00,0.00,false
309,GREEN_2,GREEN,GARGOYLE,1,-2,4,4,0.00,0.00,false
309,GREEN_3,GREEN,GOBLIN,2,-2,1,1,0.00,0.00,false
309,BLUE_4,BLUE,SPIDER,-3,3,14,14,0.00,0.00,false
309,BLUE_5,BLUE,GARGOYLE,-2,3,4,4,0.00,0.00,false
309,BLUE_6,BLUE,GOBLIN,-1,3,1,1,0.00,0.00,false
310,GREEN_1,GREEN,SPIDER,0,-2,14,14,0.00,0.00,false
310,GREEN_2,GREEN,GARGOYLE,1,-2,4,4,0.00,0.00,false
310,GREEN_3,GREEN,GOBLIN,2,-2,1,0,4.00,8.00,false
310,BLUE_4,BLUE,SPIDER,-3,3,14,14,0.00,0.00,false
310,BLUE_5,BLUE,GARGOYLE,-2,3,4,4,0.00,0.00,false
310,BLUE_6,BLUE,GOBLIN,-1,3,1,1,8.00,4.00,false
311,GREEN_1,GREEN,SPIDER,1,-3,16,10,75.00,42.00,true
311,GREEN_2,GREEN,GOLEM,0,-3,2,2,44.00,26.00,true
311,GREEN_3,GREEN,MAGE,3,-3,1,1,5.00,0.00,true
311,BLUE_4,BLUE,SPIDER,-3,3,16,0,42.00,64.00,false
311,BLUE_5,BLUE,GOLEM,-2,3,2,0,26.00,52.00,false
311,BLUE_6,BLUE,MAGE,-1,3,1,0,0.00,8.00,false
312,GREEN_1,GREEN,SPIDER,1,-3,16,16,0.00,0.00,false
312,GREEN_2,GREEN,GOLEM,0,-3,2,2,0.00,0.00,false
312,GREEN_3,GREEN,MAGE,3,-3,1,1,0.00,0.00,false
312,BLUE_4,BLUE,SPIDER,-3,3,16,16,0.00,0.00,false
312,BLUE_5,BLUE,GOLEM,-2,3,2,2,0.00,0.00,false
312,BLUE_6,BLUE,MAGE,-1,3,1,1,0.00,0.00,false
313,GREEN_1,GREEN,MAGE,2,-3,8,8,0.00,0.00,false
313,GREEN_2,GREEN,ARCHER,3,-2,3,3,0.00,0.00,false
313,BLUE_3,BLUE,MAGE,-3,3,8,8,0.00,0.00,false
313,BLUE_4,BLUE,ARCHER,-2,3,3,3,0.00,0.00,false
314,GREEN_1,GREEN,MAGE,2,-3,8,8,0.00,0.00,false
314,GREEN_2,GREEN,ARCHER,3,-2,3,3,0.00,0.00,false
314,BLUE_3,BLUE,MAGE,-3,3,8,8,0.00,0.00,false
314,BLUE_4,BLUE,ARCHER,-2,3,3,3,0.00,0.00,false
315,GREEN_1,GREEN,GARGOYLE,2,-2,5,5,0.00,0.00,false
315,GREEN_2,GREEN,SCORPION_RIDER,1,-3,1,1,0.00,0.00,false
315,GREEN_3,GREEN,MAGE,3,-2,4,2,40.00,22.00,false
315,GREEN_4,GREEN,GOBLIN,0,-3,1,1,0.00,0.00,false
315,BLUE_5,BLUE,GARGOYLE,-3,3,5,5,0.00,0.00,false
315,BLUE_6,BLUE,SCORPION_RIDER,-2,3,1,1,0.00,0.00,false
315,BLUE_7,BLUE,MAGE,-1,3,4,0,22.00,32.00,false
315,BLUE_8,BLUE,GOBLIN,0,3,1,0,0.00,8.00,false
316,GREEN_1,GREEN,GARGOYLE,2,-2,5,5,0.00,0.00,false
316,GREEN_2,GREEN,SCORPION_RIDER,1,-3,1,1,0.00,0.00,false
316,GREEN_3,GREEN,MAGE,3,-2,4,4,0.00,0.00,false
316,GREEN_4,GREEN,GOBLIN,0,-3,1,1,0.00,0.00,false
316,BLUE_5,BLUE,GARGOYLE,-3,3,5,5,0.00,0.00,false
316,BLUE_6,BLUE,SCORPION_RIDER,-2,3,1,1,0.00,0.00,false
316,BLUE_7,BLUE,MAGE,-1,3,4,4,0.00,0.00,false
316,BLUE_8,BLUE,GOBLIN,0,3,1,1,0.00,0.00,false
317,GREEN_1,GREEN,ARCHER,2,-3,8,2,44.00,48.00,true
317,GREEN_2,GREEN,ASSASSIN,0,-3,3,0,42.00,24.00,true
317,GREEN_3,GREEN,SPIDER,-1,-2,2,2,10.00,0.00,true
317,BLUE_4,BLUE,ARCHER,-3,3,8,0,54.00,64.00,false
317,BLUE_5,BLUE,ASSASSIN,-2,3,3,0,16.00,24.00,false
317,BLUE_6,BLUE,SPIDER,-1,3,2,0,2.00,8.00,false
318,GREEN_1,GREEN,ARCHER,2,-3,8,0,42.00,64.00,false
318,GREEN_2,GREEN,ASSASSIN,0,-3,3,0,0.00,24.00,false
318,GREEN_3,GREEN,SPIDER,-1,-2,2,0,2.00,8.00,false
318,BLUE_4,BLUE,ARCHER,-3,3,8,5,74.00,36.00,true
318,BLUE_5,BLUE,ASSASSIN,-2,3,3,3,22.00,8.00,true
318,BLUE_6,BLUE,SPIDER,-1,3,2,2,0.00,0.00,true
319,GREEN_1,GREEN,MAGE,1,-2,8,0,98.00,64.00,false
319,GREEN_2,GREEN,GOLEM,2,-2,1,1,0.00,0.00,false
319,GREEN_3,GREEN,SPIDER,2,-3,3,3,0.00,0.00,false
319,BLUE_4,BLUE,MAGE,-3,3,8,2,60.00,60.00,false
319,BLUE_5,BLUE,GOLEM,-2,3,1,0,0.00,26.00,false
319,BLUE_6,BLUE,SPIDER,-1,3,3,0,4.00,12.00,false
320,GREEN_1,GREEN,MAGE,1,-2,8,8,0.00,0.00,false
320,GREEN_2,GREEN,GOLEM,2,-2,1,1,0.00,0.00,false
320,GREEN_3,GREEN,SPIDER,2,-3,3,3,0.00,0.00,false
320,BLUE_4,BLUE,MAGE,-3,3,8,8,0.00,0.00,false
320,BLUE_5,BLUE,GOLEM,-2,3,1,1,0.00,0.00,false
320,BLUE_6,BLUE,SPIDER,-1,3,3,3,0.00,0.00,false
321,GREEN_1,GREEN,GOBLIN,1,-3,10,10,0.00,0.00,false
321,GREEN_2,GREEN,SPIDER,3,-3,15,15,0.00,0.00,false
321,BLUE_3,BLUE,GOBLIN,-3,3,10,10,0.00,0.00,false
321,BLUE_4,BLUE,SPIDER,-2,3,15,15,0.00,0.00,false
322,GREEN_1,GREEN,GOBLIN,1,-3,10,10,0.00,0.00,false
322,GREEN_2,GREEN,SPIDER,3,-3,15,15,0.00,0.00,false
322,BLUE_3,BLUE,GOBLIN,-3,3,10,10,0.00,0.00,false
322,BLUE_4,BLUE,SPIDER,-2,3,15,15,0.00,0.00,false
323,GREEN_1,GREEN,SCORPION_RIDER,0,-3,5,1,88.00,88.00,true
323,GREEN_2,GREEN,SCORPION_RIDER,2,-3,4,0,78.00,72.00,true
323,GREEN_3,GREEN,SPIDER,3,-2,1,1,0.00,0.00,true
323,BLUE_4,BLUE,SCORPION_RIDER,-3,3,5,0,92.00,90.00,false
323,BLUE_5,BLUE,SCORPION_RIDER,-2,3,4,0,68.00,72.00,false
323,BLUE_6,BLUE,SPIDER,-1,3,1,0,0.00,4.00,false
324,GREEN_1,GREEN,SCORPION_RIDER,0,-3,5,0,98.00,90.00,false
324,GREEN_2,GREEN,SCORPION_RIDER,2,-3,4,0,64.00,72.00,false
324,GREEN_3,GREEN,SPIDER,3,-2,1,0,0.00,4.00,false
324,BLUE_4,BLUE,SCORPION_RIDER,-3,3,5,3,92.00,84.00,true
324,BLUE_5,BLUE,SCORPION_RIDER,-2,3,4,1,74.00,78.00,true
324,BLUE_6,BLUE,SPIDER,-1,3,1,1,0.00,0.00,true
325,GREEN_1,GREEN,ARCHER,0,-3,8,8,0.00,0.00,false
325,GREEN_2,GREEN,GOLEM,2,-3,2,2,0.00,0.00,false
325,GREEN_3,GREEN,GARGOYLE,-1,-2,1,1,0.00,0.00,false
325,BLUE_4,BLUE,ARCHER,-3,3,8,8,0.00,0.00,false
325,BLUE_5,BLUE,GOLEM,-2,3,2,2,0.00,0.00,false
325,BLUE_6,BLUE,GARGOYLE,-1,3,1,1,0.00,0.00,false
326,GREEN_1,GREEN,ARCHER,0,-3,8,0,60.00,64.00,false
326,GREEN_2,GREEN,GOLEM,2,-3,2,0,0.00,52.00,false
326,GREEN_3,GREEN,GARGOYLE,-1,-2,1,0,0.00,16.00,false
326,BLUE_4,BLUE,ARCHER,-3,3,8,1,132.00,60.00,true
326,BLUE_5,BLUE,GOLEM,-2,3,2,2,0.00,0.00,true
326,BLUE_6,BLUE,GARGOYLE,-1,3,1,1,0.00,0.00,true
327,GREEN_1,GREEN,GARGOYLE,0,-2,6,6,81.00,9.00,true
327,GREEN_2,GREEN,GOBLIN,2,-3,11,8,103.00,62.00,true
327,BLUE_3,BLUE,GARGOYLE,-3,3,6,0,47.00,96.00,false
327,BLUE_4,BLUE,GOBLIN,-2,3,11,0,24.00,88.00,false
328,GREEN_1,GREEN,GARGOYLE,0,-2,6,6,0.00,0.00,false
328,GREEN_2,GREEN,GOBLIN,2,-3,11,11,0.00,0.00,false
328,BLUE_3,BLUE,GARGOYLE,-3,3,6,6,0.00,0.00,false
328,BLUE_4,BLUE,GOBLIN,-2,3,11,11,0.00,0.00,false
329,GREEN_1,GREEN,SPIDER,2,-3,13,13,0.00,0.00,false
329,GREEN_2,GREEN,GOLEM,1,-2,3,3,0.00,0.00,false
329,GREEN_3,GREEN,GOBLIN,3,-2,2,2,0.00,0.00,false
329,BLUE_4,BLUE,SPIDER,-3,3,13,13,0.00,0.00,false
329,BLUE_5,BLUE,GOLEM,-2,3,3,3,0.00,0.00,false
329,BLUE_6,BLUE,GOBLIN,-1,3,2,2,0.00,0.00,false
330,GREEN_1,GREEN,SPIDER,2,-3,13,13,0.00,0.00,false
330,GREEN_2,GREEN,GOLEM,1,-2,3,3,0.00,0.00,false
330,GREEN_3,GREEN,GOBLIN,3,-2,2,2,0.00,0.00,false
330,BLUE_4,BLUE,SPIDER,-3,3,13,13,0.00,0.00,false
330,BLUE_5,BLUE,GOLEM,-2,3,3,3,0.00,0.00,false
330,BLUE_6,BLUE,GOBLIN,-1,3,2,2,0.00,0.00,false
331,GREEN_1,GREEN,ASSASSIN,3,-2,7,7,56.00,25.00,false
331,GREEN_2,GREEN,GARGOYLE,1,-3,3,3,0.00,0.00,false
331,GREEN_3,GREEN,GOBLIN,3,-3,1,1,0.00,0.00,false
331,BLUE_4,BLUE,ASSASSIN,-3,3,7,7,0.00,0.00,false
331,BLUE_5,BLUE,GARGOYLE,-2,3,3,0,21.00,48.00,false
331,BLUE_6,BLUE,GOBLIN,-1,3,1,0,4.00,8.00,false
332,GREEN_1,GREEN,ASSASSIN,3,-2,7,6,26.00,26.00,false
332,GREEN_2,GREEN,GARGOYLE,1,-3,3,0,15.00,48.00,false
332,GREEN_3,GREEN,GOBLIN,3,-3,1,0,4.00,8.00,false
332,BLUE_4,BLUE,ASSASSIN,-3,3,7,3,74.00,41.00,false
332,BLUE_5,BLUE,GARGOYLE,-2,3,3,3,0.00,0.00,false
332,BLUE_6,BLUE,GOBLIN,-1,3,1,1,8.00,4.00,false
333,GREEN_1,GREEN,GOLEM,3,-3,4,4,0.00,0.00,false
333,GREEN_2,GREEN,SCORPION_RIDER,1,-2,4,1,80.00,70.00,false
333,GREEN_3,GREEN,GOBLIN,-1,-2,1,1,0.00,0.00,false
333,BLUE_4,BLUE,GOLEM,-3,3,4,4,0.00,0.00,false
333,BLUE_5,BLUE,SCORPION_RIDER,-2,3,4,0,70.00,72.00,false
333,BLUE_6,BLUE,GOBLIN,-1,3,1,0,0.00,8.00,false
334,GREEN_1,GREEN,GOLEM,3,-3,4,4,0.00,0.00,false
334,GREEN_2,GREEN,SCORPION_RIDER,1,-2,4,4,0.00,0.00,false
334,GREEN_3,GREEN,GOBLIN,-1,-2,1,1,0.00,0.00,false
334,BLUE_4,BLUE,GOLEM,-3,3,4,4,0.00,0.00,false
334,BLUE_5,BLUE,SCORPION_RIDER,-2,3,4,4,0.00,0.00,false
334,BLUE_6,BLUE,GOBLIN,-1,3,1,1,0.00,0.00,false
335,GREEN_1,GREEN,ARCHER,-1,-2,7,7,0.00,0.00,false
335,GREEN_2,GREEN,MAGE,2,-3,4,4,0.00,0.00,false
335,GREEN_3,GREEN,GOBLIN,1,-2,1,1,0.00,0.00,false
335,BLUE_4,BLUE,ARCHER,-3,3,7,7,0.00,0.00,false
335,BLUE_5,BLUE,MAGE,-2,3,4,4,0.00,0.00,false
335,BLUE_6,BLUE,GOBLIN,-1,3,1,1,0.00,0.00,false
336,GREEN_1,GREEN,ARCHER,-1,-2,7,0,61.00,56.00,false
336,GREEN_2,GREEN,MAGE,2,-3,4,0,9.00,32.00,false
336,GREEN_3,GREEN,GOBLIN,1,-2,1,0,0.00,8.00,false
336,BLUE_4,BLUE,ARCHER,-3,3,7,2,72.00,46.00,true
336,BLUE_5,BLUE,MAGE,-2,3,4,3,24.00,24.00,true
336,BLUE_6,BLUE,GOBLIN,-1,3,1,1,0.00,0.00,true
337,GREEN_1,GREEN,GOBLIN,3,-3,12,6,77.00,67.00,true
337,GREEN_2,GREEN,MAGE,3,-2,5,4,63.00,14.00,true
337,GREEN_3,GREEN,SPIDER,-1,-2,1,1,0.00,0.00,true
337,BLUE_4,BLUE,GOBLIN,-3,3,12,0,63.00,96.00,false
337,BLUE_5,BLUE,MAGE,-2,3,5,0,18.00,40.00,false
337,BLUE_6,BLUE,SPIDER,-1,3,1,0,0.00,4.00,false
338,GREEN_1,GREEN,GOBLIN,3,-3,12,12,0.00,0.00,false
338,GREEN_2,GREEN,MAGE,3,-2,5,5,0.00,0.00,false
338,GREEN_3,GREEN,SPIDER,-1,-2,1,1,0.00,0.00,false
338,BLUE_4,BLUE,GOBLIN,-3,3,12,12,0.00,0.00,false
338,BLUE_5,BLUE,MAGE,-2,3,5,5,0.00,0.00,false
338,BLUE_6,BLUE,SPIDER,-1,3,1,1,0.00,0.00,false
339,GREEN_1,GREEN,GARGOYLE,0,-3,5,5,0.00,0.00,false
339,GREEN_2,GREEN,GOLEM,1,-3,4,4,0.00,0.00,false
339,BLUE_3,BLUE,GARGOYLE,-3,3,5,5,0.00,0.00,false
339,BLUE_4,BLUE,GOLEM,-2,3,4,4,0.00,0.00,false
340,GREEN_1,GREEN,GARGOYLE,0,-3,5,5,0.00,0.00,false
340,GREEN_2,GREEN,GOLEM,1,-3,4,4,0.00,0.00,false
340,BLUE_3,BLUE,GARGOYLE,-3,3,5,5,0.00,0.00,false
340,BLUE_4,BLUE,GOLEM,-2,3,4,4,0.00,0.00,false
341,GREEN_1,GREEN,GOLEM,2,-2,4,4,0.00,0.00,false
341,GREEN_2,GREEN,GOLEM,1,-2,3,3,0.00,0.00,false
341,GREEN_3,GREEN,GOBLIN,3,-3,1,1,0.00,0.00,false
341,BLUE_4,BLUE,GOLEM,-3,3,4,4,0.00,0.00,false
341,BLUE_5,BLUE,GOLEM,-2,3,3,3,0.00,0.00,false
341,BLUE_6,BLUE,GOBLIN,-1,3,1,1,0.00,0.00,false
342,GREEN_1,GREEN,GOLEM,2,-2,4,0,89.00,104.00,false
342,GREEN_2,GREEN,GOLEM,1,-2,3,0,71.00,78.00,false
342,GREEN_3,GREEN,GOBLIN,3,-3,1,0,1.00,8.00,false
342,BLUE_4,BLUE,GOLEM,-3,3,4,2,105.00,83.00,true
342,BLUE_5,BLUE,GOLEM,-2,3,3,1,84.00,71.00,true
342,BLUE_6,BLUE,GOBLIN,-1,3,1,1,1.00,7.00,true
343,GREEN_1,GREEN,ASSASSIN,2,-3,7,3,80.00,47.00,false
343,GREEN_2,GREEN,GARGOYLE,1,-2,3,3,0.00,0.00,false
343,GREEN_3,GREEN,SPIDER,-1,-2,1,1,0.00,0.00,false
343,BLUE_4,BLUE,ASSASSIN,-3,3,7,5,29.00,28.00,false
343,BLUE_5,BLUE,GARGOYLE,-2,3,3,0,18.00,48.00,false
343,BLUE_6,BLUE,SPIDER,-1,3,1,0,0.00,4.00,false
344,GREEN_1,GREEN,ASSASSIN,2,-3,7,0,34.00,56.00,false
344,GREEN_2,GREEN,GARGOYLE,1,-2,3,0,15.00,48.00,false
344,GREEN_3,GREEN,SPIDER,-1,-2,1,0,0.00,4.00,false
344,BLUE_4,BLUE,ASSASSIN,-3,3,7,2,84.00,49.00,true
344,BLUE_5,BLUE,GARGOYLE,-2,3,3,3,24.00,0.00,true
344,BLUE_6,BLUE,SPIDER,-1,3,1,1,0.00,0.00,true
345,GREEN_1,GREEN,GOLEM,1,-3,4,2,94.00,77.00,true
345,GREEN_2,GREEN,SCORPION_RIDER,2,-3,4,3,90.00,63.00,true
345,GREEN_3,GREEN,GOBLIN,2,-2,1,1,0.00,0.00,true
345,BLUE_4,BLUE,GOLEM,-3,3,4,0,75.00,104.00,false
345,BLUE_5,BLUE,SCORPION_RIDER,-2,3,4,0,65.00,72.00,false
345,BLUE_6,BLUE,GOBLIN,-1,3,1,0,0.00,8.00,false
346,GREEN_1,GREEN,GOLEM,1,-3,4,0,70.00,104.00,false
346,GREEN_2,GREEN,SCORPION_RIDER,2,-3,4,0,65.00,72.00,false
346,GREEN_3,GREEN,GOBLIN,2,-2,1,0,0.00,8.00,false
346,BLUE_4,BLUE,GOLEM,-3,3,4,4,92.00,74.00,true
346,BLUE_5,BLUE,SCORPION_RIDER,-2,3,4,1,92.00,61.00,true
346,BLUE_6,BLUE,GOBLIN,-1,3,1,1,0.00,0.00,true
347,GREEN_1,GREEN,GOBLIN,0,-2,11,4,86.00,65.00,true
347,GREEN_2,GREEN,MAGE,2,-3,6,0,50.00,48.00,true
347,BLUE_3,BLUE,GOBLIN,-3,3,11,0,64.00,88.00,false
347,BLUE_4,BLUE,MAGE,-2,3,6,0,49.00,48.00,false
348,GREEN_1,GREEN,GOBLIN,0,-2,11,0,64.00,88.00,false
348,GREEN_2,GREEN,MAGE,2,-3,6,0,46.00,48.00,false
348,BLUE_3,BLUE,GOBLIN,-3,3,11,4,81.00,64.00,true
348,BLUE_4,BLUE,MAGE,-2,3,6,1,55.00,46.00,true
349,GREEN_1,GREEN,MAGE,1,-3,7,7,34.00,0.00,true
349,GREEN_2,GREEN,SCORPION_RIDER,2,-3,3,3,76.00,32.00,true
349,BLUE_3,BLUE,MAGE,-3,3,7,0,8.00,56.00,false
349,BLUE_4,BLUE,SCORPION_RIDER,-2,3,3,0,24.00,54.00,false
350,GREEN_1,GREEN,MAGE,1,-3,7,0,6.00,56.00,false
350,GREEN_2,GREEN,SCORPION_RIDER,2,-3,3,1,47.00,36.00,false
350,BLUE_3,BLUE,MAGE,-3,3,7,7,0.00,0.00,false
350,BLUE_4,BLUE,SCORPION_RIDER,-2,3,3,1,92.00,53.00,false
351,GREEN_1,GREEN,SCORPION_RIDER,0,-2,5,1,120.00,88.00,true
351,GREEN_2,GREEN,SCORPION_RIDER,-1,-2,4,2,48.00,68.00,true
351,GREEN_3,GREEN,GOBLIN,0,-3,1,0,2.00,8.00,true
351,BLUE_4,BLUE,SCORPION_RIDER,-3,3,5,0,100.00,90.00,false
351,BLUE_5,BLUE,SCORPION_RIDER,-2,3,4,0,64.00,72.00,false
351,BLUE_6,BLUE,GOBLIN,-1,3,1,0,0.00,8.00,false
352,GREEN_1,GREEN,SCORPION_RIDER,0,-2,5,5,0.00,0.00,false
352,GREEN_2,GREEN,SCORPION_RIDER,-1,-2,4,0,58.00,72.00,false
352,GREEN_3,GREEN,GOBLIN,0,-3,1,0,0.00,8.00,false
352,BLUE_4,BLUE,SCORPION_RIDER,-3,3,5,4,80.00,58.00,false
352,BLUE_5,BLUE,SCORPION_RIDER,-2,3,4,4,0.00,0.00,false
352,BLUE_6,BLUE,GOBLIN,-1,3,1,1,0.00,0.00,false
353,GREEN_1,GREEN,GARGOYLE,0,-3,5,5,0.00,0.00,false
353,GREEN_2,GREEN,GARGOYLE,1,-3,4,1,69.00,60.00,false
353,GREEN_3,GREEN,GARGOYLE,3,-3,1,1,7.00,30.00,false
353,GREEN_4,GREEN,GOBLIN,3,-2,1,0,4.00,10.00,false
353,BLUE_5,BLUE,GARGOYLE,-3,3,5,5,0.00,0.00,false
353,BLUE_6,BLUE,GARGOYLE,-2,3,4,3,97.00,56.00,false
353,BLUE_7,BLUE,GARGOYLE,-1,3,1,0,3.00,16.00,false
353,BLUE_8,BLUE,GOBLIN,0,3,1,0,0.00,8.00,false
354,GREEN_1,GREEN,GARGOYLE,0,-3,5,5,0.00,0.00,false
354,GREEN_2,GREEN,GARGOYLE,1,-3,4,4,0.00,0.00,false
354,GREEN_3,GREEN,GARGOYLE,3,-3,1,1,3.00,0.00,false
354,GREEN_4,GREEN,GOBLIN,3,-2,1,0,4.00,8.00,false
354,BLUE_5,BLUE,GARGOYLE,-3,3,5,5,0.00,0.00,false
354,BLUE_6,BLUE,GARGOYLE,-2,3,4,4,0.00,0.00,false
354,BLUE_7,BLUE,GARGOYLE,-1,3,1,1,0.00,0.00,false
354,BLUE_8,BLUE,GOBLIN,0,3,1,1,8.00,7.00,false
355,GREEN_1,GREEN,GOBLIN,3,-3,11,11,0.00,0.00,false
355,GREEN_2,GREEN,GOBLIN,0,-2,10,10,0.00,0.00,false
355,GREEN_3,GREEN,GOLEM,1,-3,1,1,0.00,0.00,false
355,BLUE_4,BLUE,GOBLIN,-3,3,11,11,0.00,0.00,false
355,BLUE_5,BLUE,GOBLIN,-2,3,10,10,0.00,0.00,false
355,BLUE_6,BLUE,GOLEM,-1,3,1,1,0.00,0.00,false
356,GREEN_1,GREEN,GOBLIN,3,-3,11,11,0.00,0.00,false
356,GREEN_2,GREEN,GOBLIN,0,-2,10,10,0.00,0.00,false
356,GREEN_3,GREEN,GOLEM,1,-3,1,1,0.00,0.00,false
356,BLUE_4,BLUE,GOBLIN,-3,3,11,11,0.00,0.00,false
356,BLUE_5,BLUE,GOBLIN,-2,3,10,10,0.00,0.00,false
356,BLUE_6,BLUE,GOLEM,-1,3,1,1,0.00,0.00,false
357,GREEN_1,GREEN,SPIDER,0,-3,16,9,69.00,36.00,true
357,GREEN_2,GREEN,MAGE,1,-3,1,1,7.00,0.00,true
357,GREEN_3,GREEN,SCORPION_RIDER,1,-2,2,0,40.00,36.00,true
357,GREEN_4,GREEN,GOBLIN,3,-3,1,1,0.00,0.00,true
357,BLUE_5,BLUE,SPIDER,-3,3,16,0,56.00,64.00,false
357,BLUE_6,BLUE,MAGE,-2,3,1,0,0.00,8.00,false
357,BLUE_7,BLUE,SCORPION_RIDER,-1,3,2,0,16.00,36.00,false
357,BLUE_8,BLUE,GOBLIN,0,3,1,0,0.00,8.00,false
358,GREEN_1,GREEN,SPIDER,0,-3,16,0,60.00,64.00,false
358,GREEN_2,GREEN,MAGE,1,-3,1,0,0.00,8.00,false
358,GREEN_3,GREEN,SCORPION_RIDER,1,-2,2,0,24.00,36.00,false
358,GREEN_4,GREEN,GOBLIN,3,-3,1,0,0.00,8.00,false
358,BLUE_5,BLUE,SPIDER,-3,3,16,9,55.00,40.00,true
358,BLUE_6,BLUE,MAGE,-2,3,1,1,17.00,0.00,true
358,BLUE_7,BLUE,SCORPION_RIDER,-1,3,2,0,40.00,36.00,true
358,BLUE_8,BLUE,GOBLIN,0,3,1,0,4.00,8.00,true
359,GREEN_1,GREEN,SCORPION_RIDER,3,-3,5,5,101.00,50.00,true
359,GREEN_2,GREEN,MAGE,0,-3,5,5,29.00,0.00,true
359,BLUE_3,BLUE,SCORPION_RIDER,-3,3,5,0,48.00,90.00,false
359,BLUE_4,BLUE,MAGE,-2,3,5,0,2.00,40.00,false
360,GREEN_1,GREEN,SCORPION_RIDER,3,-3,5,0,0.00,90.00,false
360,GREEN_2,GREEN,MAGE,0,-3,5,0,31.00,40.00,false
360,BLUE_3,BLUE,SCORPION_RIDER,-3,3,5,5,0.00,0.00,true
360,BLUE_4,BLUE,MAGE,-2,3,5,3,130.00,31.00,true
361,GREEN_1,GREEN,SCORPION_RIDER,2,-2,6,3,161.00,83.00,true
361,GREEN_2,GREEN,GARGOYLE,3,-3,3,3,9.00,0.00,true
361,GREEN_3,GREEN,GOBLIN,2,-3,2,2,2.00,0.00,true
361,BLUE_4,BLUE,SCORPION_RIDER,-3,3,6,0,61.00,108.00,false
361,BLUE_5,BLUE,GARGOYLE,-2,3,3,0,18.00,48.00,false
361,BLUE_6,BLUE,GOBLIN,-1,3,2,0,4.00,16.00,false
362,GREEN_1,GREEN,SCORPION_RIDER,2,-2,6,0,51.00,108.00,false
362,GREEN_2,GREEN,GARGOYLE,3,-3,3,0,18.00,48.00,false
362,GREEN_3,GREEN,GOBLIN,2,-3,2,0,4.00,16.00,false
362,BLUE_4,BLUE,SCORPION_RIDER,-3,3,6,4,143.00,73.00,true
362,BLUE_5,BLUE,GARGOYLE,-2,3,3,3,25.00,0.00,true
362,BLUE_6,BLUE,GOBLIN,-1,3,2,2,4.00,0.00,true
363,GREEN_1,GREEN,GOLEM,0,-3,4,0,94.00,104.00,false
363,GREEN_2,GREEN,ASSASSIN,0,-2,5,0,43.00,40.00,false
363,BLUE_3,BLUE,GOLEM,-3,3,4,2,112.00,97.00,true
363,BLUE_4,BLUE,ASSASSIN,-2,3,5,0,32.00,40.00,true
364,GREEN_1,GREEN,GOLEM,0,-3,4,4,0.00,0.00,false
364,GREEN_2,GREEN,ASSASSIN,0,-2,5,3,32.00,34.00,false
364,BLUE_3,BLUE,GOLEM,-3,3,4,4,0.00,0.00,false
364,BLUE_4,BLUE,ASSASSIN,-2,3,5,1,34.00,32.00,false
365,GREEN_1,GREEN,SCORPION_RIDER,-1,-2,6,3,116.00,88.00,true
365,GREEN_2,GREEN,SPIDER,1,-3,7,7,36.00,2.00,true
365,GREEN_3,GREEN,GOBLIN,3,-3,2,2,0.00,0.00,true
365,BLUE_4,BLUE,SCORPION_RIDER,-3,3,6,0,76.00,108.00,false
365,BLUE_5,BLUE,SPIDER,-2,3,7,0,10.00,28.00,false
365,BLUE_6,BLUE,GOBLIN,-1,3,2,0,4.00,16.00,false
366,GREEN_1,GREEN,SCORPION_RIDER,-1,-2,6,0,96.00,108.00,false
366,GREEN_2,GREEN,SPIDER,1,-3,7,4,12.00,12.00,false
366,GREEN_3,GREEN,GOBLIN,3,-3,2,2,0.00,0.00,false
366,BLUE_4,BLUE,SCORPION_RIDER,-3,3,6,0,120.00,108.00,false
366,BLUE_5,BLUE,SPIDER,-2,3,7,7,0.00,0.00,false
366,BLUE_6,BLUE,GOBLIN,-1,3,2,2,0.00,0.00,false
367,GREEN_1,GREEN,ASSASSIN,2,-3,7,6,43.00,14.00,true
367,GREEN_2,GREEN,GARGOYLE,1,-3,3,3,65.00,3.00,true
367,GREEN_3,GREEN,SPIDER,0,-2,1,1,0.00,0.00,true
367,BLUE_4,BLUE,ASSASSIN,-3,3,7,0,0.00,56.00,false
367,BLUE_5,BLUE,GARGOYLE,-2,3,3,0,17.00,48.00,false
367,BLUE_6,BLUE,SPIDER,-1,3,1,0,0.00,4.00,false
368,GREEN_1,GREEN,ASSASSIN,2,-3,7,0,38.00,56.00,false
368,GREEN_2,GREEN,GARGOYLE,1,-3,3,0,18.00,48.00,false
368,GREEN_3,GREEN,SPIDER,0,-2,1,0,0.00,4.00,false
368,BLUE_4,BLUE,ASSASSIN,-3,3,7,0,88.00,56.00,true
368,BLUE_5,BLUE,GARGOYLE,-2,3,3,3,0.00,0.00,true
368,BLUE_6,BLUE,SPIDER,-1,3,1,1,20.00,0.00,true
369,GREEN_1,GREEN,ARCHER,-1,-2,7,7,0.00,0.00,true
369,GREEN_2,GREEN,GOBLIN,2,-3,10,1,124.00,76.00,true
369,GREEN_3,GREEN,SPIDER,1,-3,1,1,16.00,2.00,true
369,BLUE_4,BLUE,ARCHER,-3,3,7,0,14.00,56.00,false
369,BLUE_5,BLUE,GOBLIN,-2,3,10,0,62.00,80.00,false
369,BLUE_6,BLUE,SPIDER,-1,3,1,0,2.00,4.00,false
370,GREEN_1,GREEN,ARCHER,-1,-2,7,0,36.00,56.00,false
370,GREEN_2,GREEN,GOBLIN,2,-3,10,0,0.00,80.00,false
370,GREEN_3,GREEN,SPIDER,1,-3,1,0,0.00,4.00,false
370,BLUE_4,BLUE,ARCHER,-3,3,7,4,140.00,36.00,true
370,BLUE_5,BLUE,GOBLIN,-2,3,10,10,0.00,0.00,true
370,BLUE_6,BLUE,SPIDER,-1,3,1,1,0.00,0.00,true
371,GREEN_1,GREEN,GARGOYLE,1,-3,6,6,95.00,28.00,true
371,GREEN_2,GREEN,MAGE,2,-2,4,4,37.00,6.00,true
371,GREEN_3,GREEN,GOBLIN,-1,-2,1,1,4.00,6.00,true
371,BLUE_4,BLUE,GARGOYLE,-3,3,6,0,33.00,96.00,false
371,BLUE_5,BLUE,MAGE,-2,3,4,0,7.00,32.00,false
371,BLUE_6,BLUE,GOBLIN,-1,3,1,0,0.00,8.00,false
372,GREEN_1,GREEN,GARGOYLE,1,-3,6,6,0.00,0.00,false
372,GREEN_2,GREEN,MAGE,2,-2,4,0,32.00,32.00,false
372,GREEN_3,GREEN,GOBLIN,-1,-2,1,1,0.00,0.00,false
372,BLUE_4,BLUE,GARGOYLE,-3,3,6,6,0.00,0.00,false
372,BLUE_5,BLUE,MAGE,-2,3,4,3,26.00,26.00,false
372,BLUE_6,BLUE,GOBLIN,-1,3,1,1,6.00,6.00,false
373,GREEN_1,GREEN,GARGOYLE,2,-3,6,6,0.00,0.00,false
373,GREEN_2,GREEN,GARGOYLE,0,-2,4,4,0.00,0.00,false
373,GREEN_3,GREEN,SPIDER,2,-2,1,1,0.00,0.00,false
373,BLUE_4,BLUE,GARGOYLE,-3,3,6,6,0.00,0.00,false
373,BLUE_5,BLUE,GARGOYLE,-2,3,4,4,0.00,0.00,false
373,BLUE_6,BLUE,SPIDER,-1,3,1,1,0.00,0.00,false
374,GREEN_1,GREEN,GARGOYLE,2,-3,6,6,30.00,6.00,false
374,GREEN_2,GREEN,GARGOYLE,0,-2,4,4,0.00,0.00,false
374,GREEN_3,GREEN,SPIDER,2,-2,1,0,2.00,4.00,false
374,BLUE_4,BLUE,GARGOYLE,-3,3,6,6,0.00,0.00,false
374,BLUE_5,BLUE,GARGOYLE,-2,3,4,4,6.00,30.00,false
374,BLUE_6,BLUE,SPIDER,-1,3,1,1,4.00,2.00,false
375,GREEN_1,GREEN,MAGE,0,-3,7,7,0.00,0.00,false
375,GREEN_2,GREEN,ARCHER,3,-3,4,4,0.00,0.00,false
375,BLUE_3,BLUE,MAGE,-3,3,7,7,0.00,0.00,false
375,BLUE_4,BLUE,ARCHER,-2,3,4,4,0.00,0.00,false
376,GREEN_1,GREEN,MAGE,0,-3,7,7,0.00,0.00,false
376,GREEN_2,GREEN,ARCHER,3,-3,4,4,0.00,0.00,false
376,BLUE_3,BLUE,MAGE,-3,3,7,7,0.00,0.00,false
376,BLUE_4,BLUE,ARCHER,-2,3,4,4,0.00,0.00,false
377,GREEN_1,GREEN,ASSASSIN,1,-2,8,2,102.00,60.00,true
377,GREEN_2,GREEN,GOLEM,2,-3,1,1,0.00,0.00,true
377,GREEN_3,GREEN,SPIDER,1,-3,3,3,0.00,0.00,true
377,BLUE_4,BLUE,ASSASSIN,-3,3,8,0,51.00,64.00,false
377,BLUE_5,BLUE,GOLEM,-2,3,1,0,7.00,26.00,false
377,BLUE_6,BLUE,SPIDER,-1,3,3,0,2.00,12.00,false
378,GREEN_1,GREEN,ASSASSIN,1,-2,8,0,45.00,64.00,false
378,GREEN_2,GREEN,GOLEM,2,-3,1,0,7.00,26.00,false
378,GREEN_3,GREEN,SPIDER,1,-3,3,0,2.00,12.00,false
378,BLUE_4,BLUE,ASSASSIN,-3,3,8,2,90.00,54.00,true
378,BLUE_5,BLUE,GOLEM,-2,3,1,1,0.00,0.00,true
378,BLUE_6,BLUE,SPIDER,-1,3,3,3,12.00,0.00,true
379,GREEN_1,GREEN,ASSASSIN,0,-3,8,0,82.00,64.00,true
379,GREEN_2,GREEN,SCORPION_RIDER,2,-2,2,0,16.00,36.00,true
379,GREEN_3,GREEN,SPIDER,1,-3,1,1,6.00,0.00,true
379,BLUE_4,BLUE,ASSASSIN,-3,3,8,0,84.00,64.00,false
379,BLUE_5,BLUE,SCORPION_RIDER,-2,3,2,0,16.00,36.00,false
379,BLUE_6,BLUE,SPIDER,-1,3,1,0,0.00,4.00,false
380,GREEN_1,GREEN,ASSASSIN,0,-3,8,0,64.00,64.00,false
380,GREEN_2,GREEN,SCORPION_RIDER,2,-2,2,0,16.00,36.00,false
380,GREEN_3,GREEN,SPIDER,1,-3,1,0,0.00,4.00,false
380,BLUE_4,BLUE,ASSASSIN,-3,3,8,4,78.00,44.00,true
380,BLUE_5,BLUE,SCORPION_RIDER,-2,3,2,0,18.00,36.00,true
380,BLUE_6,BLUE,SPIDER,-1,3,1,1,8.00,0.00,true
381,GREEN_1,GREEN,GARGOYLE,3,-3,5,5,0.00,0.00,false
381,GREEN_2,GREEN,GARGOYLE,1,-3,5,5,0.00,0.00,false
381,GREEN_3,GREEN,SPIDER,0,-2,1,1,0.00,0.00,false
381,BLUE_4,BLUE,GARGOYLE,-3,3,5,5,0.00,0.00,false
381,BLUE_5,BLUE,GARGOYLE,-2,3,5,5,0.00,0.00,false
381,BLUE_6,BLUE,SPIDER,-1,3,1,1,0.00,0.00,false
382,GREEN_1,GREEN,GARGOYLE,3,-3,5,5,0.00,0.00,false
382,GREEN_2,GREEN,GARGOYLE,1,-3,5,5,0.00,0.00,false
382,GREEN_3,GREEN,SPIDER,0,-2,1,1,0.00,0.00,false
382,BLUE_4,BLUE,GARGOYLE,-3,3,5,5,0.00,0.00,false
382,BLUE_5,BLUE,GARGOYLE,-2,3,5,5,0.00,0.00,false
382,BLUE_6,BLUE,SPIDER,-1,3,1,1,0.00,0.00,false
383,GREEN_1,GREEN,MAGE,0,-3,7,7,57.00,12.00,true
383,GREEN_2,GREEN,GOBLIN,-1,-2,8,8,63.00,24.00,true
383,BLUE_3,BLUE,MAGE,-3,3,7,0,20.00,56.00,false
383,BLUE_4,BLUE,GOBLIN,-2,3,8,0,16.00,64.00,false
384,GREEN_1,GREEN,MAGE,0,-3,7,0,20.00,56.00,false
384,GREEN_2,GREEN,GOBLIN,-1,-2,8,0,8.00,64.00,false
384,BLUE_3,BLUE,MAGE,-3,3,7,7,75.00,12.00,true
384,BLUE_4,BLUE,GOBLIN,-2,3,8,8,45.00,16.00,true
385,GREEN_1,GREEN,GOBLIN,1,-3,12,11,84.00,40.00,true
385,GREEN_2,GREEN,ARCHER,-1,-2,5,5,60.00,0.00,true
385,GREEN_3,GREEN,ASSASSIN,3,-3,1,1,0.00,0.00,true
385,BLUE_4,BLUE,GOBLIN,-3,3,12,0,32.00,96.00,false
385,BLUE_5,BLUE,ARCHER,-2,3,5,0,8.00,40.00,false
385,BLUE_6,BLUE,ASSASSIN,-1,3,1,0,0.00,8.00,false
386,GREEN_1,GREEN,GOBLIN,1,-3,12,0,28.00,96.00,false
386,GREEN_2,GREEN,ARCHER,-1,-2,5,0,30.00,40.00,false
386,GREEN_3,GREEN,ASSASSIN,3,-3,1,0,0.00,8.00,false
386,BLUE_4,BLUE,GOBLIN,-3,3,12,10,40.00,28.00,true
386,BLUE_5,BLUE,ARCHER,-2,3,5,3,96.00,24.00,true
386,BLUE_6,BLUE,ASSASSIN,-1,3,1,1,8.00,6.00,true
387,GREEN_1,GREEN,SCORPION_RIDER,2,-2,5,1,113.00,86.00,true
387,GREEN_2,GREEN,GARGOYLE,3,-2,5,5,57.00,0.00,true
387,BLUE_3,BLUE,SCORPION_RIDER,-3,3,5,0,50.00,90.00,false
387,BLUE_4,BLUE,GARGOYLE,-2,3,5,0,36.00,80.00,false
388,GREEN_1,GREEN,SCORPION_RIDER,2,-2,5,0,80.00,90.00,false
388,GREEN_2,GREEN,GARGOYLE,3,-2,5,4,132.00,43.00,false
388,BLUE_3,BLUE,SCORPION_RIDER,-3,3,5,1,90.00,80.00,false
388,BLUE_4,BLUE,GARGOYLE,-2,3,5,1,43.00,132.00,false
389,GREEN_1,GREEN,MAGE,0,-2,8,8,0.00,0.00,false
389,GREEN_2,GREEN,MAGE,0,-3,2,2,0.00,0.00,false
389,GREEN_3,GREEN,SPIDER,1,-3,1,1,0.00,0.00,false
389,BLUE_4,BLUE,MAGE,-3,3,8,8,0.00,0.00,false
389,BLUE_5,BLUE,MAGE,-2,3,2,2,0.00,0.00,false
389,BLUE_6,BLUE,SPIDER,-1,3,1,1,0.00,0.00,false
390,GREEN_1,GREEN,MAGE,0,-2,8,0,65.00,64.00,false
390,GREEN_2,GREEN,MAGE,0,-3,2,0,6.00,16.00,false
390,GREEN_3,GREEN,SPIDER,1,-3,1,1,0.00,0.00,false
390,BLUE_4,BLUE,MAGE,-3,3,8,4,72.00,62.00,false
390,BLUE_5,BLUE,MAGE,-2,3,2,2,8.00,9.00,false
390,BLUE_6,BLUE,SPIDER,-1,3,1,1,0.00,0.00,false
391,GREEN_1,GREEN,ASSASSIN,0,-2,8,2,88.00,60.00,true
391,GREEN_2,GREEN,GOLEM,2,-3,1,1,15.00,15.00,true
391,GREEN_3,GREEN,GOBLIN,1,-2,3,1,11.00,22.00,true
391,BLUE_4,BLUE,ASSASSIN,-3,3,8,0,81.00,64.00,false
391,BLUE_5,BLUE,GOLEM,-2,3,1,0,7.00,26.00,false
391,BLUE_6,BLUE,GOBLIN,-1,3,3,0,9.00,24.00,false
392,GREEN_1,GREEN,ASSASSIN,0,-2,8,0,70.00,64.00,false
392,GREEN_2,GREEN,GOLEM,2,-3,1,0,11.00,26.00,false
392,GREEN_3,GREEN,GOBLIN,1,-2,3,0,10.00,24.00,false
392,BLUE_4,BLUE,ASSASSIN,-3,3,8,1,83.00,62.00,true
392,BLUE_5,BLUE,GOLEM,-2,3,1,1,13.00,7.00,true
392,BLUE_6,BLUE,GOBLIN,-1,3,3,1,18.00,22.00,true
393,GREEN_1,GREEN,ASSASSIN,0,-3,8,1,92.00,63.00,true
393,GREEN_2,GREEN,GARGOYLE,3,-3,1,1,0.00,0.00,true
393,GREEN_3,GREEN,MAGE,1,-3,1,1,0.00,0.00,true
393,GREEN_4,GREEN,SPIDER,3,-2,1,1,0.00,0.00,true
393,BLUE_5,BLUE,ASSASSIN,-3,3,8,0,59.00,64.00,false
393,BLUE_6,BLUE,GARGOYLE,-2,3,1,0,3.00,16.00,false
393,BLUE_7,BLUE,MAGE,-1,3,1,0,1.00,8.00,false
393,BLUE_8,BLUE,SPIDER,0,3,1,0,0.00,4.00,false
394,GREEN_1,GREEN,ASSASSIN,0,-3,8,0,58.00,64.00,false
394,GREEN_2,GREEN,GARGOYLE,3,-3,1,0,3.00,16.00,false
394,GREEN_3,GREEN,MAGE,1,-3,1,0,1.00,8.00,false
394,GREEN_4,GREEN,SPIDER,3,-2,1,0,0.00,4.00,false
394,BLUE_5,BLUE,ASSASSIN,-3,3,8,1,92.00,62.00,true
394,BLUE_6,BLUE,GARGOYLE,-2,3,1,1,0.00,0.00,true
394,BLUE_7,BLUE,MAGE,-1,3,1,1,0.00,0.00,true
394,BLUE_8,BLUE,SPIDER,0,3,1,1,0.00,0.00,true
395,GREEN_1,GREEN,ASSASSIN,2,-2,5,1,68.00,38.00,true
395,GREEN_2,GREEN,ASSASSIN,3,-3,4,3,16.00,20.00,true
395,GREEN_3,GREEN,SCORPION_RIDER,2,-3,1,1,10.00,12.00,true
395,GREEN_4,GREEN,SPIDER,3,-2,1,1,0.00,0.00,true
395,BLUE_5,BLUE,ASSASSIN,-3,3,5,0,36.00,40.00,false
395,BLUE_6,BLUE,ASSASSIN,-2,3,4,0,26.00,32.00,false
395,BLUE_7,BLUE,SCORPION_RIDER,-1,3,1,0,8.00,18.00,false
395,BLUE_8,BLUE,SPIDER,0,3,1,0,0.00,4.00,false
396,GREEN_1,GREEN,ASSASSIN,2,-2,5,0,40.00,40.00,false
396,GREEN_2,GREEN,ASSASSIN,3,-3,4,0,26.00,32.00,false
396,GREEN_3,GREEN,SCORPION_RIDER,2,-3,1,0,8.00,18.00,false
396,GREEN_4,GREEN,SPIDER,3,-2,1,0,0.00,4.00,false
396,BLUE_5,BLUE,ASSASSIN,-3,3,5,3,48.00,34.00,true
396,BLUE_6,BLUE,ASSASSIN,-2,3,4,2,38.00,22.00,true
396,BLUE_7,BLUE,SCORPION_RIDER,-1,3,1,0,8.00,18.00,true
396,BLUE_8,BLUE,SPIDER,0,3,1,1,0.00,0.00,true
397,GREEN_1,GREEN,ARCHER,2,-3,7,4,84.00,36.00,true
397,GREEN_2,GREEN,SCORPION_RIDER,0,-3,2,2,20.00,9.00,true
397,GREEN_3,GREEN,MAGE,1,-3,2,2,8.00,4.00,true
397,GREEN_4,GREEN,GOBLIN,3,-3,1,1,4.00,2.00,true
397,BLUE_5,BLUE,ARCHER,-3,3,7,0,40.00,56.00,false
397,BLUE_6,BLUE,SCORPION_RIDER,-2,3,2,0,8.00,36.00,false
397,BLUE_7,BLUE,MAGE,-1,3,2,0,3.00,16.00,false
397,BLUE_8,BLUE,GOBLIN,0,3,1,0,0.00,8.00,false
398,GREEN_1,GREEN,ARCHER,2,-3,7,0,20.00,56.00,false
398,GREEN_2,GREEN,SCORPION_RIDER,0,-3,2,2,0.00,0.00,false
398,GREEN_3,GREEN,MAGE,1,-3,2,0,1.00,16.00,false
398,GREEN_4,GREEN,GOBLIN,3,-3,1,0,0.00,8.00,false
398,BLUE_5,BLUE,ARCHER,-3,3,7,7,0.00,0.00,false
398,BLUE_6,BLUE,SCORPION_RIDER,-2,3,2,2,80.00,21.00,false
398,BLUE_7,BLUE,MAGE,-1,3,2,2,0.00,0.00,false
398,BLUE_8,BLUE,GOBLIN,0,3,1,1,0.00,0.00,false
399,GREEN_1,GREEN,GOLEM,3,-3,4,4,0.00,0.00,false
399,GREEN_2,GREEN,SPIDER,1,-3,10,10,0.00,0.00,false
399,GREEN_3,GREEN,GOBLIN,0,-2,1,1,0.00,0.00,false
399,BLUE_4,BLUE,GOLEM,-3,3,4,4,0.00,0.00,false
399,BLUE_5,BLUE,SPIDER,-2,3,10,10,0.00,0.00,false
399,BLUE_6,BLUE,GOBLIN,-1,3,1,1,0.00,0.00,false
400,GREEN_1,GREEN,GOLEM,3,-3,4,4,0.00,0.00,false
400,GREEN_2,GREEN,SPIDER,1,-3,10,10,0.00,0.00,false
400,GREEN_3,GREEN,GOBLIN,0,-2,1,1,0.00,0.00,false
400,BLUE_4,BLUE,GOLEM,-3,3,4,4,0.00,0.00,false
400,BLUE_5,BLUE,SPIDER,-2,3,10,10,0.00,0.00,false
400,BLUE_6,BLUE,GOBLIN,-1,3,1,1,0.00,0.00,false
401,GREEN_1,GREEN,ARCHER,3,-3,8,8,0.00,0.00,false
401,GREEN_2,GREEN,GOLEM,2,-3,2,2,0.00,0.00,false
401,GREEN_3,GREEN,GOBLIN,0,-3,2,2,0.00,0.00,false
401,BLUE_4,BLUE,ARCHER,-3,3,8,8,0.00,0.00,false
401,BLUE_5,BLUE,GOLEM,-2,3,2,2,0.00,0.00,false
401,BLUE_6,BLUE,GOBLIN,-1,3,2,2,0.00,0.00,false
402,GREEN_1,GREEN,ARCHER,3,-3,8,8,0.00,0.00,false
402,GREEN_2,GREEN,GOLEM,2,-3,2,2,0.00,0.00,false
402,GREEN_3,GREEN,GOBLIN,0,-3,2,2,0.00,0.00,false
402,BLUE_4,BLUE,ARCHER,-3,3,8,8,0.00,0.00,false
402,BLUE_5,BLUE,GOLEM,-2,3,2,2,0.00,0.00,false
402,BLUE_6,BLUE,GOBLIN,-1,3,2,2,0.00,0.00,false
403,GREEN_1,GREEN,ARCHER,1,-2,8,8,0.00,0.00,false
403,GREEN_2,GREEN,GOBLIN,2,-3,8,8,0.00,0.00,false
403,GREEN_3,GREEN,GOBLIN,3,-3,1,1,0.00,0.00,false
403,BLUE_4,BLUE,ARCHER,-3,3,8,8,0.00,0.00,false
403,BLUE_5,BLUE,GOBLIN,-2,3,8,8,0.00,0.00,false
403,BLUE_6,BLUE,GOBLIN,-1,3,1,1,0.00,0.00,false
404,GREEN_1,GREEN,ARCHER,1,-2,8,0,22.00,64.00,false
404,GREEN_2,GREEN,GOBLIN,2,-3,8,7,26.00,24.00,false
404,GREEN_3,GREEN,GOBLIN,3,-3,1,0,4.00,8.00,false
404,BLUE_4,BLUE,ARCHER,-3,3,8,8,0.00,0.00,false
404,BLUE_5,BLUE,GOBLIN,-2,3,8,3,96.00,52.00,false
404,BLUE_6,BLUE,GOBLIN,-1,3,1,1,0.00,0.00,false
405,GREEN_1,GREEN,SCORPION_RIDER,3,-2,5,4,104.00,69.00,false
405,GREEN_2,GREEN,GARGOYLE,0,-3,4,4,0.00,0.00,false
405,GREEN_3,GREEN,ARCHER,-1,-2,1,1,0.00,0.00,false
405,BLUE_4,BLUE,SCORPION_RIDER,-3,3,5,5,39.00,32.00,false
405,BLUE_5,BLUE,GARGOYLE,-2,3,4,0,30.00,64.00,false
405,BLUE_6,BLUE,ARCHER,-1,3,1,0,0.00,8.00,false
406,GREEN_1,GREEN,SCORPION_RIDER,3,-2,5,5,0.00,0.00,false
406,GREEN_2,GREEN,GARGOYLE,0,-3,4,0,30.00,64.00,false
406,GREEN_3,GREEN,ARCHER,-1,-2,1,0,0.00,8.00,false
406,BLUE_4,BLUE,SCORPION_RIDER,-3,3,5,5,62.00,30.00,false
406,BLUE_5,BLUE,GARGOYLE,-2,3,4,4,8.00,0.00,false
406,BLUE_6,BLUE,ARCHER,-1,3,1,1,2.00,0.00,false
407,GREEN_1,GREEN,ARCHER,1,-3,7,7,0.00,0.00,false
407,GREEN_2,GREEN,MAGE,1,-2,4,4,0.00,0.00,false
407,GREEN_3,GREEN,GOBLIN,3,-3,1,1,0.00,0.00,false
407,BLUE_4,BLUE,ARCHER,-3,3,7,7,0.00,0.00,false
407,BLUE_5,BLUE,MAGE,-2,3,4,4,0.00,0.00,false
407,BLUE_6,BLUE,GOBLIN,-1,3,1,1,0.00,0.00,false
408,GREEN_1,GREEN,ARCHER,1,-3,7,7,0.00,0.00,false
408,GREEN_2,GREEN,MAGE,1,-2,4,4,0.00,0.00,false
408,GREEN_3,GREEN,GOBLIN,3,-3,1,1,0.00,0.00,false
408,BLUE_4,BLUE,ARCHER,-3,3,7,7,0.00,0.00,false
408,BLUE_5,BLUE,MAGE,-2,3,4,4,0.00,0.00,false
408,BLUE_6,BLUE,GOBLIN,-1,3,1,1,0.00,0.00,false
409,GREEN_1,GREEN,MAGE,0,-3,8,8,0.00,0.00,false
409,GREEN_2,GREEN,GARGOYLE,-1,-2,2,2,0.00,0.00,false
409,GREEN_3,GREEN,SPIDER,2,-3,1,1,0.00,0.00,false
409,BLUE_4,BLUE,MAGE,-3,3,8,8,0.00,0.00,false
409,BLUE_5,BLUE,GARGOYLE,-2,3,2,2,0.00,0.00,false
409,BLUE_6,BLUE,SPIDER,-1,3,1,1,0.00,0.00,false
410,GREEN_1,GREEN,MAGE,0,-3,8,8,0.00,0.00,false
410,GREEN_2,GREEN,GARGOYLE,-1,-2,2,2,0.00,0.00,false
410,GREEN_3,GREEN,SPIDER,2,-3,1,1,0.00,0.00,false
410,BLUE_4,BLUE,MAGE,-3,3,8,8,0.00,0.00,false
410,BLUE_5,BLUE,GARGOYLE,-2,3,2,2,0.00,0.00,false
410,BLUE_6,BLUE,SPIDER,-1,3,1,1,0.00,0.00,false
411,GREEN_1,GREEN,GOLEM,-1,-2,4,3,132.00,69.00,true
411,GREEN_2,GREEN,GOLEM,1,-3,3,2,50.00,68.00,true
411,GREEN_3,GREEN,GOBLIN,3,-3,1,1,8.00,4.00,true
411,BLUE_4,BLUE,GOLEM,-3,3,4,0,98.00,104.00,false
411,BLUE_5,BLUE,GOLEM,-2,3,3,0,39.00,78.00,false
411,BLUE_6,BLUE,GOBLIN,-1,3,1,0,4.00,8.00,false
412,GREEN_1,GREEN,GOLEM,-1,-2,4,4,0.00,0.00,false
412,GREEN_2,GREEN,GOLEM,1,-3,3,3,0.00,0.00,false
412,GREEN_3,GREEN,GOBLIN,3,-3,1,1,0.00,0.00,false
412,BLUE_4,BLUE,GOLEM,-3,3,4,4,0.00,0.00,false
412,BLUE_5,BLUE,GOLEM,-2,3,3,3,0.00,0.00,false
412,BLUE_6,BLUE,GOBLIN,-1,3,1,1,0.00,0.00,false
413,GREEN_1,GREEN,MAGE,3,-3,8,8,0.00,0.00,false
413,GREEN_2,GREEN,GARGOYLE,2,-3,2,1,24.00,31.00,false
413,GREEN_3,GREEN,GOBLIN,2,-2,1,0,12.00,8.00,false
413,BLUE_4,BLUE,MAGE,-3,3,8,8,0.00,0.00,false
413,BLUE_5,BLUE,GARGOYLE,-2,3,2,2,35.00,28.00,false
413,BLUE_6,BLUE,GOBLIN,-1,3,1,0,4.00,8.00,false
414,GREEN_1,GREEN,MAGE,3,-3,8,0,58.00,64.00,false
414,GREEN_2,GREEN,GARGOYLE,2,-3,2,0,6.00,32.00,false
414,GREEN_3,GREEN,GOBLIN,2,-2,1,0,0.00,8.00,false
414,BLUE_4,BLUE,MAGE,-3,3,8,5,79.00,48.00,true
414,BLUE_5,BLUE,GARGOYLE,-2,3,2,2,23.00,14.00,true
414,BLUE_6,BLUE,GOBLIN,-1,3,1,1,2.00,2.00,true
415,GREEN_1,GREEN,GOBLIN,3,-3,11,4,108.00,70.00,true
415,GREEN_2,GREEN,GOLEM,-1,-2,4,0,84.00,104.00,true
415,BLUE_3,BLUE,GOBLIN,-3,3,11,0,112.00,88.00,false
415,BLUE_4,BLUE,GOLEM,-2,3,4,0,62.00,104.00,false
416,GREEN_1,GREEN,GOBLIN,3,-3,11,11,0.00,0.00,false
416,GREEN_2,GREEN,GOLEM,-1,-2,4,4,0.00,0.00,false
416,BLUE_3,BLUE,GOBLIN,-3,3,11,11,0.00,0.00,false
416,BLUE_4,BLUE,GOLEM,-2,3,4,4,0.00,0.00,false
417,GREEN_1,GREEN,GOBLIN,1,-2,11,7,71.00,52.00,false
417,GREEN_2,GREEN,GOBLIN,2,-3,10,4,60.00,60.00,false
417,GREEN_3,GREEN,GOLEM,0,-2,1,1,11.00,17.00,false
417,BLUE_4,BLUE,GOBLIN,-3,3,11,8,37.00,36.00,false
417,BLUE_5,BLUE,GOBLIN,-2,3,10,0,81.00,80.00,false
417,BLUE_6,BLUE,GOLEM,-1,3,1,0,11.00,26.00,false
418,GREEN_1,GREEN,GOBLIN,1,-2,11,0,65.00,88.00,false
418,GREEN_2,GREEN,GOBLIN,2,-3,10,0,80.00,80.00,false
418,GREEN_3,GREEN,GOLEM,0,-2,1,0,7.00,26.00,false
418,BLUE_4,BLUE,GOBLIN,-3,3,11,1,94.00,84.00,true
418,BLUE_5,BLUE,GOBLIN,-2,3,10,2,100.00,68.00,true
418,BLUE_6,BLUE,GOLEM,-1,3,1,1,0.00,0.00,true
419,GREEN_1,GREEN,GOLEM,3,-2,4,4,0.00,0.00,false
419,GREEN_2,GREEN,SCORPION_RIDER,-1,-2,4,2,43.00,50.00,false
419,GREEN_3,GREEN,GOBLIN,1,-3,1,1,0.00,0.00,false
419,BLUE_4,BLUE,GOLEM,-3,3,4,4,50.00,43.00,false
419,BLUE_5,BLUE,SCORPION_RIDER,-2,3,4,4,0.00,0.00,false
419,BLUE_6,BLUE,GOBLIN,-1,3,1,1,0.00,0.00,false
420,GREEN_1,GREEN,GOLEM,3,-2,4,4,50.00,35.00,false
420,GREEN_2,GREEN,SCORPION_RIDER,-1,-2,4,0,62.00,72.00,false
420,GREEN_3,GREEN,GOBLIN,1,-3,1,0,1.00,8.00,false
420,BLUE_4,BLUE,GOLEM,-3,3,4,3,76.00,55.00,false
420,BLUE_5,BLUE,SCORPION_RIDER,-2,3,4,2,35.00,50.00,false
420,BLUE_6,BLUE,GOBLIN,-1,3,1,0,4.00,8.00,false
421,GREEN_1,GREEN,GOLEM,-1,-2,4,4,0.00,0.00,false
421,GREEN_2,GREEN,MAGE,2,-3,5,5,0.00,0.00,false
421,BLUE_3,BLUE,GOLEM,-3,3,4,4,0.00,0.00,false
421,BLUE_4,BLUE,MAGE,-2,3,5,5,0.00,0.00,false
422,GREEN_1,GREEN,GOLEM,-1,-2,4,4,0.00,6.00,false
422,GREEN_2,GREEN,MAGE,2,-3,5,1,35.00,32.00,false
422,BLUE_3,BLUE,GOLEM,-3,3,4,4,0.00,0.00,false
422,BLUE_4,BLUE,MAGE,-2,3,5,1,38.00,35.00,false
423,GREEN_1,GREEN,GOBLIN,2,-3,11,11,0.00,0.00,false
423,GREEN_2,GREEN,GOLEM,0,-3,4,1,62.00,89.00,false
423,BLUE_3,BLUE,GOBLIN,-3,3,11,5,89.00,62.00,false
423,BLUE_4,BLUE,GOLEM,-2,3,4,4,0.00,0.00,false
424,GREEN_1,GREEN,GOBLIN,2,-3,11,11,0.00,0.00,false
424,GREEN_2,GREEN,GOLEM,0,-3,4,4,0.00,0.00,false
424,BLUE_3,BLUE,GOBLIN,-3,3,11,11,0.00,0.00,false
424,BLUE_4,BLUE,GOLEM,-2,3,4,4,0.00,0.00,false
425,GREEN_1,GREEN,MAGE,-1,-2,8,2,88.00,60.00,true
425,GREEN_2,GREEN,GOLEM,2,-3,1,1,0.00,0.00,true
425,GREEN_3,GREEN,ASSASSIN,0,-3,1,1,10.00,7.00,true
425,BLUE_4,BLUE,MAGE,-3,3,8,0,60.00,64.00,false
425,BLUE_5,BLUE,GOLEM,-2,3,1,0,7.00,26.00,false
425,BLUE_6,BLUE,ASSASSIN,-1,3,1,0,0.00,8.00,false
426,GREEN_1,GREEN,MAGE,-1,-2,8,0,63.00,64.00,false
426,GREEN_2,GREEN,GOLEM,2,-3,1,0,0.00,26.00,false
426,GREEN_3,GREEN,ASSASSIN,0,-3,1,0,0.00,8.00,false
426,BLUE_4,BLUE,MAGE,-3,3,8,7,72.00,35.00,true
426,BLUE_5,BLUE,GOLEM,-2,3,1,1,23.00,21.00,true
426,BLUE_6,BLUE,ASSASSIN,-1,3,1,1,3.00,7.00,true
427,GREEN_1,GREEN,GARGOYLE,2,-3,5,1,91.00,71.00,false
427,GREEN_2,GREEN,MAGE,0,-2,5,5,0.00,0.00,false
427,GREEN_3,GREEN,GOBLIN,0,-3,1,1,0.00,0.00,false
427,BLUE_4,BLUE,GARGOYLE,-3,3,5,4,69.00,43.00,false
427,BLUE_5,BLUE,MAGE,-2,3,5,0,2.00,40.00,false
427,BLUE_6,BLUE,GOBLIN,-1,3,1,0,0.00,8.00,false
428,GREEN_1,GREEN,GARGOYLE,2,-3,5,0,12.00,80.00,false
428,GREEN_2,GREEN,MAGE,0,-2,5,0,18.00,40.00,false
428,GREEN_3,GREEN,GOBLIN,0,-3,1,0,0.00,8.00,false
428,BLUE_4,BLUE,GARGOYLE,-3,3,5,5,70.00,15.00,true
428,BLUE_5,BLUE,MAGE,-2,3,5,5,54.00,12.00,true
428,BLUE_6,BLUE,GOBLIN,-1,3,1,1,4.00,3.00,true
429,GREEN_1,GREEN,ASSASSIN,3,-2,8,1,88.00,63.00,true
429,GREEN_2,GREEN,MAGE,-1,-2,2,2,0.00,0.00,true
429,GREEN_3,GREEN,GOBLIN,3,-3,1,1,0.00,0.00,true
429,BLUE_4,BLUE,ASSASSIN,-3,3,8,0,57.00,64.00,false
429,BLUE_5,BLUE,MAGE,-2,3,2,0,2.00,16.00,false
429,BLUE_6,BLUE,GOBLIN,-1,3,1,0,4.00,8.00,false
430,GREEN_1,GREEN,ASSASSIN,3,-2,8,0,41.00,64.00,false
430,GREEN_2,GREEN,MAGE,-1,-2,2,0,2.00,16.00,false
430,GREEN_3,GREEN,GOBLIN,3,-3,1,0,0.00,8.00,false
430,BLUE_4,BLUE,ASSASSIN,-3,3,8,5,72.00,43.00,true
430,BLUE_5,BLUE,MAGE,-2,3,2,2,16.00,0.00,true
430,BLUE_6,BLUE,GOBLIN,-1,3,1,1,0.00,0.00,true
431,GREEN_1,GREEN,SCORPION_RIDER,2,-3,6,4,138.00,100.00,true
431,GREEN_2,GREEN,MAGE,1,-3,3,3,10.00,0.00,true
431,GREEN_3,GREEN,GOBLIN,-1,-2,2,2,0.00,0.00,true
431,BLUE_4,BLUE,SCORPION_RIDER,-3,3,6,0,94.00,108.00,false
431,BLUE_5,BLUE,MAGE,-2,3,3,0,2.00,24.00,false
431,BLUE_6,BLUE,GOBLIN,-1,3,2,0,4.00,16.00,false
432,GREEN_1,GREEN,SCORPION_RIDER,2,-3,6,1,115.00,102.00,false
432,GREEN_2,GREEN,MAGE,1,-3,3,0,5.00,24.00,false
432,GREEN_3,GREEN,GOBLIN,-1,-2,2,0,4.00,16.00,false
432,BLUE_4,BLUE,SCORPION_RIDER,-3,3,6,0,120.00,108.00,false
432,BLUE_5,BLUE,MAGE,-2,3,3,3,0.00,0.00,false
432,BLUE_6,BLUE,GOBLIN,-1,3,2,0,22.00,16.00,false
433,GREEN_1,GREEN,GARGOYLE,-1,-2,6,6,0.00,0.00,false
433,GREEN_2,GREEN,SCORPION_RIDER,0,-3,4,4,0.00,0.00,false
433,BLUE_3,BLUE,GARGOYLE,-3,3,6,6,0.00,0.00,false
433,BLUE_4,BLUE,SCORPION_RIDER,-2,3,4,4,0.00,0.00,false
434,GREEN_1,GREEN,GARGOYLE,-1,-2,6,6,0.00,0.00,false
434,GREEN_2,GREEN,SCORPION_RIDER,0,-3,4,4,0.00,0.00,false
434,BLUE_3,BLUE,GARGOYLE,-3,3,6,6,0.00,0.00,false
434,BLUE_4,BLUE,SCORPION_RIDER,-2,3,4,4,0.00,0.00,false
435,GREEN_1,GREEN,GOBLIN,0,-3,12,3,105.00,84.00,true
435,GREEN_2,GREEN,GOBLIN,2,-3,10,3,78.00,68.00,true
435,GREEN_3,GREEN,GARGOYLE,3,-2,1,1,9.00,0.00,true
435,BLUE_4,BLUE,GOBLIN,-3,3,12,0,93.00,96.00,false
435,BLUE_5,BLUE,GOBLIN,-2,3,10,0,56.00,80.00,false
435,BLUE_6,BLUE,GARGOYLE,-1,3,1,0,3.00,16.00,false
436,GREEN_1,GREEN,GOBLIN,0,-3,12,12,0.00,0.00,false
436,GREEN_2,GREEN,GOBLIN,2,-3,10,10,0.00,0.00,false
436,GREEN_3,GREEN,GARGOYLE,3,-2,1,1,0.00,0.00,false
436,BLUE_4,BLUE,GOBLIN,-3,3,12,12,0.00,0.00,false
436,BLUE_5,BLUE,GOBLIN,-2,3,10,10,0.00,0.00,false
436,BLUE_6,BLUE,GARGOYLE,-1,3,1,1,0.00,0.00,false
437,GREEN_1,GREEN,GOLEM,-1,-2,4,3,97.00,60.00,true
437,GREEN_2,GREEN,ARCHER,2,-3,4,3,39.00,17.00,true
437,GREEN_3,GREEN,MAGE,2,-2,1,1,12.00,0.00,true
437,GREEN_4,GREEN,SPIDER,0,-2,1,1,0.00,0.00,true
437,BLUE_5,BLUE,GOLEM,-3,3,4,0,60.00,104.00,false
437,BLUE_6,BLUE,ARCHER,-2,3,4,0,16.00,32.00,false
437,BLUE_7,BLUE,MAGE,-1,3,1,0,1.00,8.00,false
437,BLUE_8,BLUE,SPIDER,0,3,1,0,0.00,4.00,false
438,GREEN_1,GREEN,GOLEM,-1,-2,4,0,0.00,104.00,false
438,GREEN_2,GREEN,ARCHER,2,-3,4,0,21.00,32.00,false
438,GREEN_3,GREEN,MAGE,2,-2,1,0,4.00,8.00,false
438,GREEN_4,GREEN,SPIDER,0,-2,1,0,0.00,4.00,false
438,BLUE_5,BLUE,GOLEM,-3,3,4,4,0.00,0.00,true
438,BLUE_6,BLUE,ARCHER,-2,3,4,2,100.00,24.00,true
438,BLUE_7,BLUE,MAGE,-1,3,1,1,30.00,0.00,true
438,BLUE_8,BLUE,SPIDER,0,3,1,1,18.00,1.00,true
439,GREEN_1,GREEN,ARCHER,3,-3,8,5,74.00,40.00,true
439,GREEN_2,GREEN,ASSASSIN,2,-3,3,3,22.00,12.00,true
439,GREEN_3,GREEN,ARCHER,1,-3,1,1,0.00,0.00,true
439,BLUE_4,BLUE,ARCHER,-3,3,8,0,50.00,64.00,false
439,BLUE_5,BLUE,ASSASSIN,-2,3,3,0,0.00,24.00,false
439,BLUE_6,BLUE,ARCHER,-1,3,1,0,2.00,8.00,false
440,GREEN_1,GREEN,ARCHER,3,-3,8,0,52.00,64.00,false
440,GREEN_2,GREEN,ASSASSIN,2,-3,3,0,14.00,24.00,false
440,GREEN_3,GREEN,ARCHER,1,-3,1,0,2.00,8.00,false
440,BLUE_4,BLUE,ARCHER,-3,3,8,5,62.00,46.00,true
440,BLUE_5,BLUE,ASSASSIN,-2,3,3,2,28.00,18.00,true
440,BLUE_6,BLUE,ARCHER,-1,3,1,1,6.00,4.00,true
441,GREEN_1,GREEN,GARGOYLE,0,-2,6,6,0.00,0.00,false
441,GREEN_2,GREEN,GOBLIN,1,-3,10,10,0.00,0.00,false
441,GREEN_3,GREEN,SPIDER,0,-3,1,1,84.00,2.00,false
441,BLUE_4,BLUE,GARGOYLE,-3,3,6,6,0.00,0.00,false
441,BLUE_5,BLUE,GOBLIN,-2,3,10,0,0.00,80.00,false
441,BLUE_6,BLUE,SPIDER,-1,3,1,0,2.00,4.00,false
442,GREEN_1,GREEN,GARGOYLE,0,-2,6,6,0.00,0.00,false
442,GREEN_2,GREEN,GOBLIN,1,-3,10,10,0.00,0.00,false
442,GREEN_3,GREEN,SPIDER,0,-3,1,1,0.00,0.00,false
442,BLUE_4,BLUE,GARGOYLE,-3,3,6,6,0.00,0.00,false
442,BLUE_5,BLUE,GOBLIN,-2,3,10,10,0.00,0.00,false
442,BLUE_6,BLUE,SPIDER,-1,3,1,1,0.00,0.00,false
443,GREEN_1,GREEN,GARGOYLE,-1,-2,6,6,90.00,37.00,true
443,GREEN_2,GREEN,ARCHER,0,-2,5,3,53.00,28.00,true
443,GREEN_3,GREEN,GOBLIN,1,-3,1,0,1.00,8.00,true
443,BLUE_4,BLUE,GARGOYLE,-3,3,6,0,41.00,96.00,false
443,BLUE_5,BLUE,ARCHER,-2,3,5,0,32.00,40.00,false
443,BLUE_6,BLUE,GOBLIN,-1,3,1,0,0.00,8.00,false
444,GREEN_1,GREEN,GARGOYLE,-1,-2,6,0,23.00,96.00,false
444,GREEN_2,GREEN,ARCHER,0,-2,5,0,18.00,40.00,false
444,GREEN_3,GREEN,GOBLIN,1,-3,1,0,0.00,8.00,false
444,BLUE_4,BLUE,GARGOYLE,-3,3,6,6,61.00,11.00,true
444,BLUE_5,BLUE,ARCHER,-2,3,5,5,79.00,22.00,true
444,BLUE_6,BLUE,GOBLIN,-1,3,1,0,4.00,8.00,true
445,GREEN_1,GREEN,SPIDER,3,-2,13,13,0.00,0.00,false
445,GREEN_2,GREEN,SPIDER,0,-3,11,11,0.00,0.00,false
445,GREEN_3,GREEN,SPIDER,3,-3,1,1,0.00,0.00,false
445,BLUE_4,BLUE,SPIDER,-3,3,13,13,0.00,0.00,false
445,BLUE_5,BLUE,SPIDER,-2,3,11,11,0.00,0.00,false
445,BLUE_6,BLUE,SPIDER,-1,3,1,1,0.00,0.00,false
446,GREEN_1,GREEN,SPIDER,3,-2,13,13,0.00,0.00,false
446,GREEN_2,GREEN,SPIDER,0,-3,11,11,0.00,0.00,false
446,GREEN_3,GREEN,SPIDER,3,-3,1,1,0.00,0.00,false
446,BLUE_4,BLUE,SPIDER,-3,3,13,13,0.00,0.00,false
446,BLUE_5,BLUE,SPIDER,-2,3,11,11,0.00,0.00,false
446,BLUE_6,BLUE,SPIDER,-1,3,1,1,0.00,0.00,false
447,GREEN_1,GREEN,SPIDER,3,-3,14,3,54.00,50.00,true
447,GREEN_2,GREEN,GOLEM,2,-3,3,2,78.00,64.00,true
447,GREEN_3,GREEN,SPIDER,0,-2,1,1,6.00,2.00,true
447,BLUE_4,BLUE,SPIDER,-3,3,14,0,52.00,56.00,false
447,BLUE_5,BLUE,GOLEM,-2,3,3,0,64.00,78.00,false
447,BLUE_6,BLUE,SPIDER,-1,3,1,0,0.00,4.00,false
448,GREEN_1,GREEN,SPIDER,3,-3,14,0,35.00,56.00,false
448,GREEN_2,GREEN,GOLEM,2,-3,3,0,30.00,78.00,false
448,GREEN_3,GREEN,SPIDER,0,-2,1,0,0.00,4.00,false
448,BLUE_4,BLUE,SPIDER,-3,3,14,14,42.00,0.00,true
448,BLUE_5,BLUE,GOLEM,-2,3,3,2,96.00,65.00,true
448,BLUE_6,BLUE,SPIDER,-1,3,1,1,0.00,0.00,true
449,GREEN_1,GREEN,GOLEM,2,-3,4,2,101.00,87.00,true
449,GREEN_2,GREEN,MAGE,1,-2,5,4,43.00,29.00,true
449,BLUE_3,BLUE,GOLEM,-3,3,4,0,87.00,104.00,false
449,BLUE_4,BLUE,MAGE,-2,3,5,0,29.00,40.00,false
450,GREEN_1,GREEN,GOLEM,2,-3,4,0,72.00,104.00,false
450,GREEN_2,GREEN,MAGE,1,-2,5,0,29.00,40.00,false
450,BLUE_3,BLUE,GOLEM,-3,3,4,3,95.00,72.00,true
450,BLUE_4,BLUE,MAGE,-2,3,5,4,49.00,29.00,true
451,GREEN_1,GREEN,GOLEM,2,-3,4,4,0.00,0.00,true
451,GREEN_2,GREEN,ARCHER,1,-2,4,4,139.00,8.00,true
451,GREEN_3,GREEN,SCORPION_RIDER,-1,-2,1,0,22.00,18.00,true
451,GREEN_4,GREEN,GOBLIN,0,-2,1,1,1.00,0.00,true
451,BLUE_5,BLUE,GOLEM,-3,3,4,0,8.00,104.00,false
451,BLUE_6,BLUE,ARCHER,-2,3,4,0,18.00,32.00,false
451,BLUE_7,BLUE,SCORPION_RIDER,-1,3,1,0,0.00,18.00,false
451,BLUE_8,BLUE,GOBLIN,0,3,1,0,0.00,8.00,false
452,GREEN_1,GREEN,GOLEM,2,-3,4,0,61.00,104.00,false
452,GREEN_2,GREEN,ARCHER,1,-2,4,0,28.00,32.00,false
452,GREEN_3,GREEN,SCORPION_RIDER,-1,-2,1,0,8.00,18.00,false
452,GREEN_4,GREEN,GOBLIN,0,-2,1,0,0.00,8.00,false
452,BLUE_5,BLUE,GOLEM,-3,3,4,3,79.00,54.00,true
452,BLUE_6,BLUE,ARCHER,-2,3,4,1,67.00,28.00,true
452,BLUE_7,BLUE,SCORPION_RIDER,-1,3,1,1,16.00,15.00,true
452,BLUE_8,BLUE,GOBLIN,0,3,1,1,0.00,0.00,true
453,GREEN_1,GREEN,GOBLIN,0,-3,10,10,0.00,0.00,false
453,GREEN_2,GREEN,ASSASSIN,-1,-2,5,0,38.00,40.00,false
453,GREEN_3,GREEN,SCORPION_RIDER,1,-3,1,1,20.00,16.00,false
453,BLUE_4,BLUE,GOBLIN,-3,3,10,10,0.00,0.00,false
453,BLUE_5,BLUE,ASSASSIN,-2,3,5,0,40.00,40.00,false
453,BLUE_6,BLUE,SCORPION_RIDER,-1,3,1,0,16.00,18.00,false
454,GREEN_1,GREEN,GOBLIN,0,-3,10,9,2.00,8.00,false
454,GREEN_2,GREEN,ASSASSIN,-1,-2,5,0,38.00,40.00,false
454,GREEN_3,GREEN,SCORPION_RIDER,1,-3,1,0,16.00,18.00,false
454,BLUE_4,BLUE,GOBLIN,-3,3,10,10,0.00,0.00,false
454,BLUE_5,BLUE,ASSASSIN,-2,3,5,1,40.00,38.00,false
454,BLUE_6,BLUE,SCORPION_RIDER,-1,3,1,0,26.00,18.00,false
455,GREEN_1,GREEN,MAGE,2,-3,8,1,112.00,59.00,true
455,GREEN_2,GREEN,GOBLIN,0,-3,6,6,0.00,0.00,true
455,BLUE_3,BLUE,MAGE,-3,3,8,0,59.00,64.00,false
455,BLUE_4,BLUE,GOBLIN,-2,3,6,0,0.00,48.00,false
456,GREEN_1,GREEN,MAGE,2,-3,8,8,0.00,0.00,false
456,GREEN_2,GREEN,GOBLIN,0,-3,6,0,0.00,48.00,false
456,BLUE_3,BLUE,MAGE,-3,3,8,8,48.00,0.00,false
456,BLUE_4,BLUE,GOBLIN,-2,3,6,6,0.00,0.00,false
457,GREEN_1,GREEN,ASSASSIN,3,-3,8,4,76.00,40.00,true
457,GREEN_2,GREEN,ARCHER,2,-3,3,3,12.00,0.00,true
457,BLUE_3,BLUE,ASSASSIN,-3,3,8,0,36.00,64.00,false
457,BLUE_4,BLUE,ARCHER,-2,3,3,0,4.00,24.00,false
458,GREEN_1,GREEN,ASSASSIN,3,-3,8,0,30.00,64.00,false
458,GREEN_2,GREEN,ARCHER,2,-3,3,0,6.00,24.00,false
458,BLUE_3,BLUE,ASSASSIN,-3,3,8,8,60.00,36.00,true
458,BLUE_4,BLUE,ARCHER,-2,3,3,3,28.00,0.00,true
459,GREEN_1,GREEN,ASSASSIN,3,-2,8,4,80.00,52.00,true
459,GREEN_2,GREEN,MAGE,-1,-2,2,2,8.00,0.00,true
459,GREEN_3,GREEN,GOBLIN,0,-2,1,1,0.00,0.00,true
459,BLUE_4,BLUE,ASSASSIN,-3,3,8,0,46.00,64.00,false
459,BLUE_5,BLUE,MAGE,-2,3,2,0,2.00,16.00,false
459,BLUE_6,BLUE,GOBLIN,-1,3,1,0,4.00,8.00,false
460,GREEN_1,GREEN,ASSASSIN,3,-2,8,0,40.00,64.00,false
460,GREEN_2,GREEN,MAGE,-1,-2,2,0,2.00,16.00,false
460,GREEN_3,GREEN,GOBLIN,0,-2,1,0,4.00,8.00,false
460,BLUE_4,BLUE,ASSASSIN,-3,3,8,4,72.00,46.00,true
460,BLUE_5,BLUE,MAGE,-2,3,2,2,16.00,0.00,true
460,BLUE_6,BLUE,GOBLIN,-1,3,1,1,0.00,0.00,true
461,GREEN_1,GREEN,ASSASSIN,1,-3,8,3,85.00,53.00,true
461,GREEN_2,GREEN,GOLEM,3,-2,1,1,14.00,20.00,true
461,GREEN_3,GREEN,SCORPION_RIDER,0,-2,1,0,9.00,18.00,true
461,BLUE_4,BLUE,ASSASSIN,-3,3,8,0,71.00,64.00,false
461,BLUE_5,BLUE,GOLEM,-2,3,1,0,7.00,26.00,false
461,BLUE_6,BLUE,SCORPION_RIDER,-1,3,1,0,13.00,18.00,false
462,GREEN_1,GREEN,ASSASSIN,1,-3,8,3,91.00,59.00,false
462,GREEN_2,GREEN,GOLEM,3,-2,1,0,7.00,26.00,false
462,GREEN_3,GREEN,SCORPION_RIDER,0,-2,1,0,8.00,18.00,false
462,BLUE_4,BLUE,ASSASSIN,-3,3,8,1,92.00,62.00,false
462,BLUE_5,BLUE,GOLEM,-2,3,1,0,9.00,26.00,false
462,BLUE_6,BLUE,SCORPION_RIDER,-1,3,1,0,2.00,18.00,false
463,GREEN_1,GREEN,MAGE,1,-3,8,8,0.00,0.00,false
463,GREEN_2,GREEN,SPIDER,0,-3,6,6,0.00,0.00,false
463,BLUE_3,BLUE,MAGE,-3,3,8,8,0.00,0.00,false
463,BLUE_4,BLUE,SPIDER,-2,3,6,6,0.00,0.00,false
464,GREEN_1,GREEN,MAGE,1,-3,8,0,51.00,64.00,false
464,GREEN_2,GREEN,SPIDER,0,-3,6,0,14.00,24.00,false
464,BLUE_3,BLUE,MAGE,-3,3,8,5,60.00,48.00,true
464,BLUE_4,BLUE,SPIDER,-2,3,6,4,28.00,17.00,true
465,GREEN_1,GREEN,SPIDER,0,-2,14,14,0.00,0.00,false
465,GREEN_2,GREEN,GOBLIN,0,-3,9,9,0.00,0.00,false
465,GREEN_3,GREEN,GOBLIN,1,-3,2,2,0.00,0.00,false
465,BLUE_4,BLUE,SPIDER,-3,3,14,14,0.00,0.00,false
465,BLUE_5,BLUE,GOBLIN,-2,3,9,9,0.00,0.00,false
465,BLUE_6,BLUE,GOBLIN,-1,3,2,2,0.00,0.00,false
466,GREEN_1,GREEN,SPIDER,0,-2,14,0,38.00,56.00,false
466,GREEN_2,GREEN,GOBLIN,0,-3,9,0,32.00,72.00,false
466,GREEN_3,GREEN,GOBLIN,1,-3,2,0,12.00,16.00,false
466,BLUE_4,BLUE,SPIDER,-3,3,14,10,70.00,28.00,true
466,BLUE_5,BLUE,GOBLIN,-2,3,9,5,62.00,42.00,true
466,BLUE_6,BLUE,GOBLIN,-1,3,2,1,12.00,12.00,true
467,GREEN_1,GREEN,ASSASSIN,1,-2,8,3,84.00,52.00,true
467,GREEN_2,GREEN,MAGE,0,-2,2,2,0.00,0.00,true
467,GREEN_3,GREEN,SPIDER,0,-3,1,1,0.00,0.00,true
467,BLUE_4,BLUE,ASSASSIN,-3,3,8,0,51.00,64.00,false
467,BLUE_5,BLUE,MAGE,-2,3,2,0,1.00,16.00,false
467,BLUE_6,BLUE,SPIDER,-1,3,1,0,0.00,4.00,false
468,GREEN_1,GREEN,ASSASSIN,1,-2,8,0,45.00,64.00,false
468,GREEN_2,GREEN,MAGE,0,-2,2,0,1.00,16.00,false
468,GREEN_3,GREEN,SPIDER,0,-3,1,0,0.00,4.00,false
468,BLUE_4,BLUE,ASSASSIN,-3,3,8,3,69.00,46.00,true
468,BLUE_5,BLUE,MAGE,-2,3,2,2,15.00,0.00,true
468,BLUE_6,BLUE,SPIDER,-1,3,1,1,0.00,0.00,true
469,GREEN_1,GREEN,SCORPION_RIDER,2,-2,5,5,56.00,18.00,true
469,GREEN_2,GREEN,GARGOYLE,1,-3,4,4,106.00,9.00,true
469,GREEN_3,GREEN,ARCHER,2,-3,1,1,0.00,0.00,true
469,BLUE_4,BLUE,SCORPION_RIDER,-3,3,5,0,6.00,90.00,false
469,BLUE_5,BLUE,GARGOYLE,-2,3,4,0,21.00,64.00,false
469,BLUE_6,BLUE,ARCHER,-1,3,1,0,0.00,8.00,false
470,GREEN_1,GREEN,SCORPION_RIDER,2,-2,5,5,0.00,0.00,false
470,GREEN_2,GREEN,GARGOYLE,1,-3,4,4,0.00,0.00,false
470,GREEN_3,GREEN,ARCHER,2,-3,1,1,0.00,0.00,false
470,BLUE_4,BLUE,SCORPION_RIDER,-3,3,5,5,0.00,0.00,false
470,BLUE_5,BLUE,GARGOYLE,-2,3,4,4,0.00,0.00,false
470,BLUE_6,BLUE,ARCHER,-1,3,1,1,0.00,0.00,false
471,GREEN_1,GREEN,GOBLIN,3,-3,10,10,0.00,0.00,false
471,GREEN_2,GREEN,ARCHER,1,-3,7,1,132.00,52.00,false
471,GREEN_3,GREEN,SPIDER,1,-2,1,1,0.00,0.00,false
471,BLUE_4,BLUE,GOBLIN,-3,3,10,0,0.00,80.00,false
471,BLUE_5,BLUE,ARCHER,-2,3,7,2,52.00,48.00,false
471,BLUE_6,BLUE,SPIDER,-1,3,1,0,0.00,4.00,false
472,GREEN_1,GREEN,GOBLIN,3,-3,10,10,0.00,0.00,false
472,GREEN_2,GREEN,ARCHER,1,-3,7,7,0.00,0.00,false
472,GREEN_3,GREEN,SPIDER,1,-2,1,1,0.00,0.00,false
472,BLUE_4,BLUE,GOBLIN,-3,3,10,10,0.00,0.00,false
472,BLUE_5,BLUE,ARCHER,-2,3,7,7,0.00,0.00,false
472,BLUE_6,BLUE,SPIDER,-1,3,1,1,0.00,0.00,false
473,GREEN_1,GREEN,GOLEM,3,-3,4,4,0.00,0.00,false
473,GREEN_2,GREEN,GOLEM,2,-3,3,3,0.00,0.00,false
473,GREEN_3,GREEN,SPIDER,0,-3,1,1,0.00,0.00,false
473,BLUE_4,BLUE,GOLEM,-3,3,4,4,0.00,0.00,false
473,BLUE_5,BLUE,GOLEM,-2,3,3,3,0.00,0.00,false
473,BLUE_6,BLUE,SPIDER,-1,3,1,1,0.00,0.00,false
474,GREEN_1,GREEN,GOLEM,3,-3,4,4,0.00,0.00,false
474,GREEN_2,GREEN,GOLEM,2,-3,3,3,0.00,0.00,false
474,GREEN_3,GREEN,SPIDER,0,-3,1,1,0.00,0.00,false
474,BLUE_4,BLUE,GOLEM,-3,3,4,4,0.00,0.00,false
474,BLUE_5,BLUE,GOLEM,-2,3,3,3,0.00,0.00,false
474,BLUE_6,BLUE,SPIDER,-1,3,1,1,0.00,0.00,false
475,GREEN_1,GREEN,GOLEM,2,-3,4,3,97.00,72.00,false
475,GREEN_2,GREEN,GOLEM,3,-3,3,3,0.00,0.00,false
475,GREEN_3,GREEN,SPIDER,1,-3,1,1,0.00,0.00,false
475,BLUE_4,BLUE,GOLEM,-3,3,4,4,19.00,15.00,false
475,BLUE_5,BLUE,GOLEM,-2,3,3,0,53.00,78.00,false
475,BLUE_6,BLUE,SPIDER,-1,3,1,0,0.00,4.00,false
476,GREEN_1,GREEN,GOLEM,2,-3,4,4,0.00,0.00,false
476,GREEN_2,GREEN,GOLEM,3,-3,3,3,0.00,0.00,false
476,GREEN_3,GREEN,SPIDER,1,-3,1,1,0.00,0.00,false
476,BLUE_4,BLUE,GOLEM,-3,3,4,4,0.00,0.00,false
476,BLUE_5,BLUE,GOLEM,-2,3,3,3,0.00,0.00,false
476,BLUE_6,BLUE,SPIDER,-1,3,1,1,0.00,0.00,false
477,GREEN_1,GREEN,SCORPION_RIDER,1,-3,6,6,82.00,60.00,false
477,GREEN_2,GREEN,SPIDER,1,-2,8,8,0.00,0.00,false
477,GREEN_3,GREEN,GOBLIN,0,-3,1,1,0.00,0.00,false
477,BLUE_4,BLUE,SCORPION_RIDER,-3,3,6,5,48.00,42.00,false
477,BLUE_5,BLUE,SPIDER,-2,3,8,0,12.00,32.00,false
477,BLUE_6,BLUE,GOBLIN,-1,3,1,0,0.00,8.00,false
478,GREEN_1,GREEN,SCORPION_RIDER,1,-3,6,0,0.00,108.00,false
478,GREEN_2,GREEN,SPIDER,1,-2,8,0,28.00,32.00,false
478,GREEN_3,GREEN,GOBLIN,0,-3,1,0,0.00,8.00,false
478,BLUE_4,BLUE,SCORPION_RIDER,-3,3,6,6,0.00,0.00,true
478,BLUE_5,BLUE,SPIDER,-2,3,8,2,148.00,28.00,true
478,BLUE_6,BLUE,GOBLIN,-1,3,1,1,0.00,0.00,true
479,GREEN_1,GREEN,SPIDER,0,-3,13,13,0.00,0.00,true
479,GREEN_2,GREEN,ARCHER,2,-3,5,2,82.00,34.00,true
479,GREEN_3,GREEN,ARCHER,3,-2,1,1,18.00,4.00,true
479,BLUE_4,BLUE,SPIDER,-3,3,13,0,0.00,52.00,false
479,BLUE_5,BLUE,ARCHER,-2,3,5,0,36.00,40.00,false
479,BLUE_6,BLUE,ARCHER,-1,3,1,0,2.00,8.00,false
480,GREEN_1,GREEN,SPIDER,0,-3,13,13,0.00,0.00,false
480,GREEN_2,GREEN,ARCHER,2,-3,5,5,0.00,0.00,false
480,GREEN_3,GREEN,ARCHER,3,-2,1,0,4.00,8.00,false
480,BLUE_4,BLUE,SPIDER,-3,3,13,13,0.00,0.00,false
480,BLUE_5,BLUE,ARCHER,-2,3,5,5,0.00,0.00,false
480,BLUE_6,BLUE,ARCHER,-1,3,1,1,8.00,4.00,false
481,GREEN_1,GREEN,SPIDER,1,-3,13,8,48.00,28.00,false
481,GREEN_2,GREEN,SPIDER,2,-3,11,11,0.00,0.00,false
481,GREEN_3,GREEN,GOBLIN,0,-2,1,0,4.00,8.00,false
481,BLUE_4,BLUE,SPIDER,-3,3,13,13,0.00,0.00,false
481,BLUE_5,BLUE,SPIDER,-2,3,11,0,36.00,44.00,false
481,BLUE_6,BLUE,GOBLIN,-1,3,1,0,0.00,8.00,false
482,GREEN_1,GREEN,SPIDER,1,-3,13,13,0.00,0.00,false
482,GREEN_2,GREEN,SPIDER,2,-3,11,11,0.00,0.00,false
482,GREEN_3,GREEN,GOBLIN,0,-2,1,1,0.00,0.00,false
482,BLUE_4,BLUE,SPIDER,-3,3,13,13,0.00,0.00,false
482,BLUE_5,BLUE,SPIDER,-2,3,11,11,0.00,0.00,false
482,BLUE_6,BLUE,GOBLIN,-1,3,1,1,0.00,0.00,false
483,GREEN_1,GREEN,SCORPION_RIDER,0,-2,5,3,136.00,84.00,true
483,GREEN_2,GREEN,GOBLIN,2,-3,9,4,34.00,40.00,true
483,GREEN_3,GREEN,GARGOYLE,0,-3,1,1,8.00,0.00,true
483,BLUE_4,BLUE,SCORPION_RIDER,-3,3,5,0,89.00,90.00,false
483,BLUE_5,BLUE,GOBLIN,-2,3,9,0,32.00,72.00,false
483,BLUE_6,BLUE,GARGOYLE,-1,3,1,0,3.00,16.00,false
484,GREEN_1,GREEN,SCORPION_RIDER,0,-2,5,0,76.00,90.00,false
484,GREEN_2,GREEN,GOBLIN,2,-3,9,0,58.00,72.00,false
484,GREEN_3,GREEN,GARGOYLE,0,-3,1,0,2.00,16.00,false
484,BLUE_4,BLUE,SCORPION_RIDER,-3,3,5,1,103.00,80.00,true
484,BLUE_5,BLUE,GOBLIN,-2,3,9,3,64.00,56.00,true
484,BLUE_6,BLUE,GARGOYLE,-1,3,1,1,11.00,0.00,true
485,GREEN_1,GREEN,GOBLIN,3,-2,12,12,0.00,0.00,false
485,GREEN_2,GREEN,GARGOYLE,1,-3,5,5,0.00,0.00,false
485,GREEN_3,GREEN,SPIDER,3,-3,1,1,0.00,0.00,false
485,BLUE_4,BLUE,GOBLIN,-3,3,12,12,0.00,0.00,false
485,BLUE_5,BLUE,GARGOYLE,-2,3,5,5,0.00,0.00,false
485,BLUE_6,BLUE,SPIDER,-1,3,1,1,0.00,0.00,false
486,GREEN_1,GREEN,GOBLIN,3,-2,12,0,0.00,96.00,false
486,GREEN_2,GREEN,GARGOYLE,1,-3,5,0,54.00,80.00,false
486,GREEN_3,GREEN,SPIDER,3,-3,1,0,0.00,4.00,false
486,BLUE_4,BLUE,GOBLIN,-3,3,12,12,0.00,0.00,true
486,BLUE_5,BLUE,GARGOYLE,-2,3,5,5,180.00,54.00,true
486,BLUE_6,BLUE,SPIDER,-1,3,1,1,0.00,0.00,true
487,GREEN_1,GREEN,SPIDER,2,-3,13,13,0.00,0.00,false
487,GREEN_2,GREEN,GOBLIN,3,-3,12,12,0.00,0.00,false
487,BLUE_3,BLUE,SPIDER,-3,3,13,13,0.00,0.00,false
487,BLUE_4,BLUE,GOBLIN,-2,3,12,12,0.00,0.00,false
488,GREEN_1,GREEN,SPIDER,2,-3,13,13,0.00,0.00,false
488,GREEN_2,GREEN,GOBLIN,3,-3,12,12,0.00,0.00,false
488,BLUE_3,BLUE,SPIDER,-3,3,13,13,0.00,0.00,false
488,BLUE_4,BLUE,GOBLIN,-2,3,12,12,0.00,0.00,false
489,GREEN_1,GREEN,ARCHER,1,-3,8,3,89.00,52.00,true
489,GREEN_2,GREEN,GOLEM,-1,-2,2,2,25.00,15.00,true
489,GREEN_3,GREEN,GOBLIN,3,-3,1,1,4.00,7.00,true
489,GREEN_4,GREEN,SPIDER,2,-3,1,1,10.00,2.00,true
489,BLUE_5,BLUE,ARCHER,-3,3,8,0,54.00,64.00,false
489,BLUE_6,BLUE,GOLEM,-2,3,2,0,22.00,52.00,false
489,BLUE_7,BLUE,GOBLIN,-1,3,1,0,0.00,8.00,false
489,BLUE_8,BLUE,SPIDER,0,3,1,0,0.00,4.00,false
490,GREEN_1,GREEN,ARCHER,1,-3,8,0,54.00,64.00,false
490,GREEN_2,GREEN,GOLEM,-1,-2,2,0,7.00,52.00,false
490,GREEN_3,GREEN,GOBLIN,3,-3,1,0,0.00,8.00,false
490,GREEN_4,GREEN,SPIDER,2,-3,1,0,0.00,4.00,false
490,BLUE_5,BLUE,ARCHER,-3,3,8,4,110.00,48.00,true
490,BLUE_6,BLUE,GOLEM,-2,3,2,2,0.00,0.00,true
490,BLUE_7,BLUE,GOBLIN,-1,3,1,1,16.00,9.00,true
490,BLUE_8,BLUE,SPIDER,0,3,1,0,2.00,4.00,true
491,GREEN_1,GREEN,ASSASSIN,2,-2,7,3,64.00,50.00,true
491,GREEN_2,GREEN,ASSASSIN,1,-3,3,1,16.00,22.00,true
491,GREEN_3,GREEN,SPIDER,3,-3,1,1,4.00,0.00,true
491,BLUE_4,BLUE,ASSASSIN,-3,3,7,0,58.00,56.00,false
491,BLUE_5,BLUE,ASSASSIN,-2,3,3,0,14.00,24.00,false
491,BLUE_6,BLUE,SPIDER,-1,3,1,0,0.00,4.00,false
492,GREEN_1,GREEN,ASSASSIN,2,-2,7,0,58.00,56.00,false
492,GREEN_2,GREEN,ASSASSIN,1,-3,3,0,16.00,24.00,false
492,GREEN_3,GREEN,SPIDER,3,-3,1,0,0.00,4.00,false
492,BLUE_4,BLUE,ASSASSIN,-3,3,7,3,68.00,50.00,true
492,BLUE_5,BLUE,ASSASSIN,-2,3,3,0,16.00,24.00,true
492,BLUE_6,BLUE,SPIDER,-1,3,1,1,0.00,0.00,true
493,GREEN_1,GREEN,GOBLIN,1,-3,12,12,0.00,0.00,true
493,GREEN_2,GREEN,SPIDER,-1,-2,11,4,156.00,34.00,true
493,GREEN_3,GREEN,GOBLIN,1,-2,2,2,0.00,0.00,true
493,BLUE_4,BLUE,GOBLIN,-3,3,12,0,0.00,96.00,false
493,BLUE_5,BLUE,SPIDER,-2,3,11,0,34.00,44.00,false
493,BLUE_6,BLUE,GOBLIN,-1,3,2,0,0.00,16.00,false
494,GREEN_1,GREEN,GOBLIN,1,-3,12,0,70.00,96.00,false
494,GREEN_2,GREEN,SPIDER,-1,-2,11,0,14.00,44.00,false
494,GREEN_3,GREEN,GOBLIN,1,-2,2,0,12.00,16.00,false
494,BLUE_4,BLUE,GOBLIN,-3,3,12,3,104.00,84.00,true
494,BLUE_5,BLUE,SPIDER,-2,3,11,11,36.00,0.00,true
494,BLUE_6,BLUE,GOBLIN,-1,3,2,1,16.00,12.00,true
495,GREEN_1,GREEN,SCORPION_RIDER,1,-2,6,3,133.00,86.00,true
495,GREEN_2,GREEN,GARGOYLE,2,-3,3,3,25.00,0.00,true
495,GREEN_3,GREEN,ARCHER,2,-2,1,1,6.00,0.00,true
495,BLUE_4,BLUE,SCORPION_RIDER,-3,3,6,0,71.00,108.00,false
495,BLUE_5,BLUE,GARGOYLE,-2,3,3,0,15.00,48.00,false
495,BLUE_6,BLUE,ARCHER,-1,3,1,0,0.00,8.00,false
496,GREEN_1,GREEN,SCORPION_RIDER,1,-2,6,0,59.00,108.00,false
496,GREEN_2,GREEN,GARGOYLE,2,-3,3,0,15.00,48.00,false
496,GREEN_3,GREEN,ARCHER,2,-2,1,0,4.00,8.00,false
496,BLUE_4,BLUE,SCORPION_RIDER,-3,3,6,4,124.00,74.00,true
496,BLUE_5,BLUE,GARGOYLE,-2,3,3,3,24.00,0.00,true
496,BLUE_6,BLUE,ARCHER,-1,3,1,1,16.00,4.00,true
497,GREEN_1,GREEN,MAGE,0,-3,7,2,52.00,49.00,true
497,GREEN_2,GREEN,ARCHER,2,-2,4,1,36.00,31.00,true
497,BLUE_3,BLUE,MAGE,-3,3,7,0,52.00,56.00,false
497,BLUE_4,BLUE,ARCHER,-2,3,4,0,28.00,32.00,false
498,GREEN_1,GREEN,MAGE,0,-3,7,0,48.00,56.00,false
498,GREEN_2,GREEN,ARCHER,2,-2,4,0,28.00,32.00,false
498,BLUE_3,BLUE,MAGE,-3,3,7,3,56.00,47.00,true
498,BLUE_4,BLUE,ARCHER,-2,3,4,2,32.00,29.00,true
499,GREEN_1,GREEN,ASSASSIN,0,-2,8,2,84.00,60.00,true
499,GREEN_2,GREEN,SCORPION_RIDER,3,-2,2,0,18.00,36.00,true
499,GREEN_3,GREEN,SPIDER,2,-2,1,1,2.00,0.00,true
499,BLUE_4,BLUE,ASSASSIN,-3,3,8,0,80.00,64.00,false
499,BLUE_5,BLUE,SCORPION_RIDER,-2,3,2,0,16.00,36.00,false
499,BLUE_6,BLUE,SPIDER,-1,3,1,0,0.00,4.00,false
500,GREEN_1,GREEN,ASSASSIN,0,-2,8,0,56.00,64.00,false
500,GREEN_2,GREEN,SCORPION_RIDER,3,-2,2,0,12.00,36.00,false
500,GREEN_3,GREEN,SPIDER,2,-2,1,0,0.00,4.00,false
500,BLUE_4,BLUE,ASSASSIN,-3,3,8,1,98.00,62.00,true
500,BLUE_5,BLUE,SCORPION_RIDER,-2,3,2,2,6.00,6.00,true
500,BLUE_6,BLUE,SPIDER,-1,3,1,1,0.00,0.00,true
501,GREEN_1,GREEN,ASSASSIN,1,-3,8,8,56.00,28.00,true
501,GREEN_2,GREEN,ARCHER,-1,-2,3,3,32.00,0.00,true
501,BLUE_3,BLUE,ASSASSIN,-3,3,8,0,24.00,64.00,false
501,BLUE_4,BLUE,ARCHER,-2,3,3,0,4.00,24.00,false
502,GREEN_1,GREEN,ASSASSIN,1,-3,8,0,34.00,64.00,false
502,GREEN_2,GREEN,ARCHER,-1,-2,3,0,6.00,24.00,false
502,BLUE_3,BLUE,ASSASSIN,-3,3,8,5,68.00,40.00,true
502,BLUE_4,BLUE,ARCHER,-2,3,3,3,20.00,0.00,true
503,GREEN_1,GREEN,ARCHER,1,-3,7,7,52.00,0.00,true
503,GREEN_2,GREEN,SCORPION_RIDER,-1,-2,4,4,76.00,36.00,true
503,BLUE_3,BLUE,ARCHER,-3,3,7,0,12.00,56.00,false
503,BLUE_4,BLUE,SCORPION_RIDER,-2,3,4,0,24.00,72.00,false
504,GREEN_1,GREEN,ARCHER,1,-3,7,0,44.00,56.00,false
504,GREEN_2,GREEN,SCORPION_RIDER,-1,-2,4,0,62.00,72.00,false
504,BLUE_3,BLUE,ARCHER,-3,3,7,2,56.00,44.00,true
504,BLUE_4,BLUE,SCORPION_RIDER,-2,3,4,1,72.00,62.00,true
505,GREEN_1,GREEN,ARCHER,2,-3,7,7,50.00,8.00,true
505,GREEN_2,GREEN,ASSASSIN,1,-3,4,0,44.00,32.00,true
505,GREEN_3,GREEN,GOBLIN,3,-3,1,1,2.00,4.00,true
505,BLUE_4,BLUE,ARCHER,-3,3,7,0,44.00,56.00,false
505,BLUE_5,BLUE,ASSASSIN,-2,3,4,0,0.00,32.00,false
505,BLUE_6,BLUE,GOBLIN,-1,3,1,0,0.00,8.00,false
506,GREEN_1,GREEN,ARCHER,2,-3,7,0,48.00,56.00,false
506,GREEN_2,GREEN,ASSASSIN,1,-3,4,0,14.00,32.00,false
506,GREEN_3,GREEN,GOBLIN,3,-3,1,0,0.00,8.00,false
506,BLUE_4,BLUE,ARCHER,-3,3,7,3,58.00,36.00,true
506,BLUE_5,BLUE,ASSASSIN,-2,3,4,2,38.00,26.00,true
506,BLUE_6,BLUE,GOBLIN,-1,3,1,1,0.00,0.00,true
507,GREEN_1,GREEN,GOLEM,0,-2,4,4,0.00,0.00,false
507,GREEN_2,GREEN,SPIDER,2,-3,10,10,0.00,0.00,false
507,GREEN_3,GREEN,SPIDER,1,-2,1,1,0.00,0.00,false
507,BLUE_4,BLUE,GOLEM,-3,3,4,4,0.00,0.00,false
507,BLUE_5,BLUE,SPIDER,-2,3,10,10,0.00,0.00,false
507,BLUE_6,BLUE,SPIDER,-1,3,1,1,0.00,0.00,false
508,GREEN_1,GREEN,GOLEM,0,-2,4,4,0.00,0.00,false
508,GREEN_2,GREEN,SPIDER,2,-3,10,3,36.00,32.00,false
508,GREEN_3,GREEN,SPIDER,1,-2,1,0,2.00,4.00,false
508,BLUE_4,BLUE,GOLEM,-3,3,4,4,0.00,0.00,false
508,BLUE_5,BLUE,SPIDER,-2,3,10,1,36.00,38.00,false
508,BLUE_6,BLUE,SPIDER,-1,3,1,1,0.00,0.00,false
509,GREEN_1,GREEN,GOBLIN,3,-2,10,2,88.00,70.00,true
509,GREEN_2,GREEN,GARGOYLE,2,-3,5,5,87.00,6.00,true
509,GREEN_3,GREEN,GOBLIN,0,-3,3,2,9.00,17.00,true
509,BLUE_4,BLUE,GOBLIN,-3,3,10,0,29.00,80.00,false
509,BLUE_5,BLUE,GARGOYLE,-2,3,5,0,52.00,80.00,false
509,BLUE_6,BLUE,GOBLIN,-1,3,3,0,12.00,24.00,false
510,GREEN_1,GREEN,GOBLIN,3,-2,10,0,0.00,80.00,false
510,GREEN_2,GREEN,GARGOYLE,2,-3,5,0,62.00,80.00,false
510,GREEN_3,GREEN,GOBLIN,0,-3,3,0,16.00,24.00,false
510,BLUE_4,BLUE,GOBLIN,-3,3,10,10,0.00,0.00,true
510,BLUE_5,BLUE,GARGOYLE,-2,3,5,3,160.00,62.00,true
510,BLUE_6,BLUE,GOBLIN,-1,3,3,2,24.00,16.00,true
511,GREEN_1,GREEN,GOBLIN,3,-3,10,6,94.00,52.00,true
511,GREEN_2,GREEN,GARGOYLE,2,-2,5,5,66.00,0.00,true
511,GREEN_3,GREEN,SCORPION_RIDER,2,-3,1,1,18.00,16.00,true
511,BLUE_4,BLUE,GOBLIN,-3,3,10,0,17.00,80.00,false
511,BLUE_5,BLUE,GARGOYLE,-2,3,5,0,35.00,80.00,false
511,BLUE_6,BLUE,SCORPION_RIDER,-1,3,1,0,16.00,18.00,false
512,GREEN_1,GREEN,GOBLIN,3,-3,10,0,38.00,80.00,false
512,GREEN_2,GREEN,GARGOYLE,2,-2,5,0,40.00,80.00,false
512,GREEN_3,GREEN,SCORPION_RIDER,2,-3,1,0,16.00,18.00,false
512,BLUE_4,BLUE,GOBLIN,-3,3,10,1,93.00,75.00,true
512,BLUE_5,BLUE,GARGOYLE,-2,3,5,5,69.00,3.00,true
512,BLUE_6,BLUE,SCORPION_RIDER,-1,3,1,1,16.00,16.00,true
513,GREEN_1,GREEN,MAGE,2,-3,7,7,39.00,15.00,true
513,GREEN_2,GREEN,ASSASSIN,1,-2,3,1,49.00,18.00,true
513,GREEN_3,GREEN,GOBLIN,-1,-2,1,1,0.00,0.00,true
513,BLUE_4,BLUE,MAGE,-3,3,7,0,29.00,56.00,false
513,BLUE_5,BLUE,ASSASSIN,-2,3,3,0,2.00,24.00,false
513,BLUE_6,BLUE,GOBLIN,-1,3,1,0,2.00,8.00,false
514,GREEN_1,GREEN,MAGE,2,-3,7,0,30.00,56.00,false
514,GREEN_2,GREEN,ASSASSIN,1,-2,3,0,12.00,24.00,false
514,GREEN_3,GREEN,GOBLIN,-1,-2,1,0,0.00,8.00,false
514,BLUE_4,BLUE,MAGE,-3,3,7,6,49.00,20.00,true
514,BLUE_5,BLUE,ASSASSIN,-2,3,3,1,39.00,22.00,true
514,BLUE_6,BLUE,GOBLIN,-1,3,1,1,0.00,0.00,true
515,GREEN_1,GREEN,ARCHER,1,-2,7,5,76.00,32.00,true
515,GREEN_2,GREEN,GARGOYLE,3,-3,4,4,46.00,10.00,true
515,GREEN_3,GREEN,SPIDER,2,-3,1,0,2.00,4.00,true
515,BLUE_4,BLUE,ARCHER,-3,3,7,0,40.00,56.00,false
515,BLUE_5,BLUE,GARGOYLE,-2,3,4,0,6.00,64.00,false
515,BLUE_6,BLUE,SPIDER,-1,3,1,0,0.00,4.00,false
516,GREEN_1,GREEN,ARCHER,1,-2,7,0,40.00,56.00,false
516,GREEN_2,GREEN,GARGOYLE,3,-3,4,0,9.00,64.00,false
516,GREEN_3,GREEN,SPIDER,2,-3,1,0,0.00,4.00,false
516,BLUE_4,BLUE,ARCHER,-3,3,7,5,65.00,28.00,true
516,BLUE_5,BLUE,GARGOYLE,-2,3,4,4,57.00,17.00,true
516,BLUE_6,BLUE,SPIDER,-1,3,1,0,2.00,4.00,true
517,GREEN_1,GREEN,GARGOYLE,3,-2,3,3,57.00,12.00,true
517,GREEN_2,GREEN,MAGE,-1,-2,6,4,42.00,25.00,true
517,GREEN_3,GREEN,ASSASSIN,2,-3,1,1,8.00,6.00,true
517,GREEN_4,GREEN,SPIDER,0,-2,1,1,1.00,0.00,true
517,BLUE_5,BLUE,GARGOYLE,-3,3,3,0,9.00,48.00,false
517,BLUE_6,BLUE,MAGE,-2,3,6,0,28.00,48.00,false
517,BLUE_7,BLUE,ASSASSIN,-1,3,1,0,6.00,8.00,false
517,BLUE_8,BLUE,SPIDER,0,3,1,0,0.00,4.00,false
518,GREEN_1,GREEN,GARGOYLE,3,-2,3,0,11.00,48.00,false
518,GREEN_2,GREEN,MAGE,-1,-2,6,0,11.00,48.00,false
518,GREEN_3,GREEN,ASSASSIN,2,-3,1,0,0.00,8.00,false
518,GREEN_4,GREEN,SPIDER,0,-2,1,0,0.00,4.00,false
518,BLUE_5,BLUE,GARGOYLE,-3,3,3,3,48.00,11.00,true
518,BLUE_6,BLUE,MAGE,-2,3,6,6,49.00,0.00,true
518,BLUE_7,BLUE,ASSASSIN,-1,3,1,0,10.00,8.00,true
518,BLUE_8,BLUE,SPIDER,0,3,1,1,1.00,3.00,true
519,GREEN_1,GREEN,ASSASSIN,3,-2,8,3,76.00,46.00,true
519,GREEN_2,GREEN,ASSASSIN,2,-3,2,0,4.00,16.00,true
519,GREEN_3,GREEN,SPIDER,0,-3,1,1,4.00,0.00,true
519,BLUE_4,BLUE,ASSASSIN,-3,3,8,0,56.00,64.00,false
519,BLUE_5,BLUE,ASSASSIN,-2,3,2,0,6.00,16.00,false
519,BLUE_6,BLUE,SPIDER,-1,3,1,0,0.00,4.00,false
520,GREEN_1,GREEN,ASSASSIN,3,-2,8,0,62.00,64.00,false
520,GREEN_2,GREEN,ASSASSIN,2,-3,2,0,6.00,16.00,false
520,GREEN_3,GREEN,SPIDER,0,-3,1,0,0.00,4.00,false
520,BLUE_4,BLUE,ASSASSIN,-3,3,8,2,70.00,54.00,true
520,BLUE_5,BLUE,ASSASSIN,-2,3,2,1,14.00,14.00,true
520,BLUE_6,BLUE,SPIDER,-1,3,1,1,0.00,0.00,true
521,GREEN_1,GREEN,GOLEM,2,-2,4,4,0.00,0.00,false
521,GREEN_2,GREEN,GARGOYLE,3,-3,4,4,0.00,0.00,false
521,GREEN_3,GREEN,MAGE,3,-2,1,1,0.00,0.00,false
521,BLUE_4,BLUE,GOLEM,-3,3,4,4,0.00,0.00,false
521,BLUE_5,BLUE,GARGOYLE,-2,3,4,4,0.00,0.00,false
521,BLUE_6,BLUE,MAGE,-1,3,1,1,0.00,0.00,false
522,GREEN_1,GREEN,GOLEM,2,-2,4,4,0.00,0.00,false
522,GREEN_2,GREEN,GARGOYLE,3,-3,4,4,0.00,0.00,false
522,GREEN_3,GREEN,MAGE,3,-2,1,1,0.00,0.00,false
522,BLUE_4,BLUE,GOLEM,-3,3,4,4,0.00,0.00,false
522,BLUE_5,BLUE,GARGOYLE,-2,3,4,4,0.00,0.00,false
522,BLUE_6,BLUE,MAGE,-1,3,1,1,0.00,0.00,false
523,GREEN_1,GREEN,SPIDER,0,-3,13,9,80.00,22.00,true
523,GREEN_2,GREEN,GOLEM,1,-2,3,3,46.00,28.00,true
523,GREEN_3,GREEN,ARCHER,1,-3,1,1,12.00,0.00,true
523,BLUE_4,BLUE,SPIDER,-3,3,13,0,22.00,52.00,false
523,BLUE_5,BLUE,GOLEM,-2,3,3,0,28.00,78.00,false
523,BLUE_6,BLUE,ARCHER,-1,3,1,0,0.00,8.00,false
524,GREEN_1,GREEN,SPIDER,0,-3,13,0,28.00,52.00,false
524,GREEN_2,GREEN,GOLEM,1,-2,3,0,45.00,78.00,false
524,GREEN_3,GREEN,ARCHER,1,-3,1,0,0.00,8.00,false
524,BLUE_4,BLUE,SPIDER,-3,3,13,13,0.00,0.00,true
524,BLUE_5,BLUE,GOLEM,-2,3,3,2,127.00,73.00,true
524,BLUE_6,BLUE,ARCHER,-1,3,1,1,11.00,0.00,true
525,GREEN_1,GREEN,SPIDER,2,-2,13,8,36.00,35.00,false
525,GREEN_2,GREEN,GARGOYLE,1,-3,5,5,0.00,0.00,false
525,BLUE_3,BLUE,SPIDER,-3,3,13,13,0.00,0.00,false
525,BLUE_4,BLUE,GARGOYLE,-2,3,5,5,35.00,36.00,false
526,GREEN_1,GREEN,SPIDER,2,-2,13,0,52.00,52.00,false
526,GREEN_2,GREEN,GARGOYLE,1,-3,5,4,73.00,46.00,false
526,BLUE_3,BLUE,SPIDER,-3,3,13,0,42.00,52.00,false
526,BLUE_4,BLUE,GARGOYLE,-2,3,5,1,56.00,73.00,false
527,GREEN_1,GREEN,GOLEM,1,-3,4,2,152.00,88.00,true
527,GREEN_2,GREEN,SPIDER,2,-3,10,10,0.00,0.00,true
527,GREEN_3,GREEN,GOBLIN,3,-3,1,1,0.00,0.00,true
527,BLUE_4,BLUE,GOLEM,-3,3,4,0,81.00,104.00,false
527,BLUE_5,BLUE,SPIDER,-2,3,10,0,6.00,40.00,false
527,BLUE_6,BLUE,GOBLIN,-1,3,1,0,1.00,8.00,false
528,GREEN_1,GREEN,GOLEM,1,-3,4,4,0.00,0.00,false
528,GREEN_2,GREEN,SPIDER,2,-3,10,10,0.00,0.00,false
528,GREEN_3,GREEN,GOBLIN,3,-3,1,1,0.00,0.00,false
528,BLUE_4,BLUE,GOLEM,-3,3,4,4,0.00,0.00,false
528,BLUE_5,BLUE,SPIDER,-2,3,10,10,0.00,0.00,false
528,BLUE_6,BLUE,GOBLIN,-1,3,1,1,0.00,0.00,false
529,GREEN_1,GREEN,GOLEM,1,-2,4,4,87.00,67.00,true
529,GREEN_2,GREEN,SCORPION_RIDER,3,-3,4,3,93.00,64.00,true
529,GREEN_3,GREEN,SPIDER,0,-2,1,1,0.00,0.00,true
529,BLUE_4,BLUE,GOLEM,-3,3,4,0,76.00,104.00,false
529,BLUE_5,BLUE,SCORPION_RIDER,-2,3,4,0,55.00,72.00,false
529,BLUE_6,BLUE,SPIDER,-1,3,1,0,0.00,4.00,false
530,GREEN_1,GREEN,GOLEM,1,-2,4,3,90.00,77.00,false
530,GREEN_2,GREEN,SCORPION_RIDER,3,-3,4,0,68.00,72.00,false
530,GREEN_3,GREEN,SPIDER,0,-2,1,0,0.00,4.00,false
530,BLUE_4,BLUE,GOLEM,-3,3,4,1,77.00,90.00,false
530,BLUE_5,BLUE,SCORPION_RIDER,-2,3,4,2,76.00,68.00,false
530,BLUE_6,BLUE,SPIDER,-1,3,1,1,0.00,0.00,false
531,GREEN_1,GREEN,SPIDER,3,-2,16,11,78.00,40.00,true
531,GREEN_2,GREEN,GOLEM,0,-2,2,2,41.00,29.00,true
531,GREEN_3,GREEN,MAGE,3,-3,1,1,5.00,0.00,true
531,BLUE_4,BLUE,SPIDER,-3,3,16,0,54.00,64.00,false
531,BLUE_5,BLUE,GOLEM,-2,3,2,0,15.00,52.00,false
531,BLUE_6,BLUE,MAGE,-1,3,1,0,0.00,8.00,false
532,GREEN_1,GREEN,SPIDER,3,-2,16,0,42.00,64.00,false
532,GREEN_2,GREEN,GOLEM,0,-2,2,2,19.00,19.00,false
532,GREEN_3,GREEN,MAGE,3,-3,1,0,1.00,8.00,false
532,BLUE_4,BLUE,SPIDER,-3,3,16,8,58.00,43.00,false
532,BLUE_5,BLUE,GOLEM,-2,3,2,2,22.00,19.00,false
532,BLUE_6,BLUE,MAGE,-1,3,1,1,11.00,0.00,false
533,GREEN_1,GREEN,GOBLIN,0,-3,11,1,120.00,80.00,false
533,GREEN_2,GREEN,ARCHER,2,-3,5,5,0.00,0.00,false
533,GREEN_3,GREEN,GARGOYLE,1,-2,1,1,0.00,0.00,false
533,GREEN_4,GREEN,GOBLIN,1,-3,1,1,0.00,0.00,false
533,BLUE_5,BLUE,GOBLIN,-3,3,11,7,66.00,56.00,false
533,BLUE_6,BLUE,ARCHER,-2,3,5,0,8.00,40.00,false
533,BLUE_7,BLUE,GARGOYLE,-1,3,1,0,3.00,16.00,false
533,BLUE_8,BLUE,GOBLIN,0,3,1,0,3.00,8.00,false
534,GREEN_1,GREEN,GOBLIN,0,-3,11,11,0.00,0.00,false
534,GREEN_2,GREEN,ARCHER,2,-3,5,5,0.00,0.00,false
534,GREEN_3,GREEN,GARGOYLE,1,-2,1,1,0.00,0.00,false
534,GREEN_4,GREEN,GOBLIN,1,-3,1,1,0.00,0.00,false
534,BLUE_5,BLUE,GOBLIN,-3,3,11,11,0.00,0.00,false
534,BLUE_6,BLUE,ARCHER,-2,3,5,5,0.00,0.00,false
534,BLUE_7,BLUE,GARGOYLE,-1,3,1,1,0.00,0.00,false
534,BLUE_8,BLUE,GOBLIN,0,3,1,1,0.00,0.00,false
535,GREEN_1,GREEN,ARCHER,0,-2,8,7,80.00,20.00,true
535,GREEN_2,GREEN,SCORPION_RIDER,2,-2,3,3,42.00,12.00,true
535,GREEN_3,GREEN,GOBLIN,1,-2,1,0,4.00,8.00,true
535,BLUE_4,BLUE,ARCHER,-3,3,8,0,40.00,64.00,false
535,BLUE_5,BLUE,SCORPION_RIDER,-2,3,3,0,0.00,54.00,false
535,BLUE_6,BLUE,GOBLIN,-1,3,1,0,0.00,8.00,false
536,GREEN_1,GREEN,ARCHER,0,-2,8,0,44.00,64.00,false
536,GREEN_2,GREEN,SCORPION_RIDER,2,-2,3,0,24.00,54.00,false
536,GREEN_3,GREEN,GOBLIN,1,-2,1,0,0.00,8.00,false
536,BLUE_4,BLUE,ARCHER,-3,3,8,4,84.00,36.00,true
536,BLUE_5,BLUE,SCORPION_RIDER,-2,3,3,2,42.00,32.00,true
536,BLUE_6,BLUE,GOBLIN,-1,3,1,1,0.00,0.00,true
537,GREEN_1,GREEN,GOBLIN,3,-3,8,8,0.00,0.00,false
537,GREEN_2,GREEN,ARCHER,1,-3,7,2,120.00,48.00,false
537,GREEN_3,GREEN,GARGOYLE,0,-3,1,1,0.00,0.00,false
537,BLUE_4,BLUE,GOBLIN,-3,3,8,0,0.00,64.00,false
537,BLUE_5,BLUE,ARCHER,-2,3,7,4,48.00,40.00,false
537,BLUE_6,BLUE,GARGOYLE,-1,3,1,0,0.00,16.00,false
538,GREEN_1,GREEN,GOBLIN,3,-3,8,3,37.00,44.00,false
538,GREEN_2,GREEN,ARCHER,1,-3,7,0,18.00,56.00,false
538,GREEN_3,GREEN,GARGOYLE,0,-3,1,0,3.00,16.00,false
538,BLUE_4,BLUE,GOBLIN,-3,3,8,2,116.00,58.00,false
538,BLUE_5,BLUE,ARCHER,-2,3,7,7,0.00,0.00,false
538,BLUE_6,BLUE,GARGOYLE,-1,3,1,1,0.00,0.00,false
539,GREEN_1,GREEN,ASSASSIN,3,-3,8,3,78.00,56.00,true
539,GREEN_2,GREEN,GOBLIN,0,-3,5,2,34.00,28.00,true
539,GREEN_3,GREEN,GOBLIN,1,-2,1,1,0.00,0.00,true
539,BLUE_4,BLUE,ASSASSIN,-3,3,8,0,60.00,64.00,false
539,BLUE_5,BLUE,GOBLIN,-2,3,5,0,20.00,40.00,false
539,BLUE_6,BLUE,GOBLIN,-1,3,1,0,4.00,8.00,false
540,GREEN_1,GREEN,ASSASSIN,3,-3,8,0,58.00,64.00,false
540,GREEN_2,GREEN,GOBLIN,0,-3,5,0,20.00,40.00,false
540,GREEN_3,GREEN,GOBLIN,1,-2,1,0,4.00,8.00,false
540,BLUE_4,BLUE,ASSASSIN,-3,3,8,4,70.00,48.00,true
540,BLUE_5,BLUE,GOBLIN,-2,3,5,2,42.00,34.00,true
540,BLUE_6,BLUE,GOBLIN,-1,3,1,1,0.00,0.00,true
541,GREEN_1,GREEN,GARGOYLE,3,-2,6,4,137.00,61.00,true
541,GREEN_2,GREEN,ARCHER,0,-3,5,5,0.00,0.00,true
541,GREEN_3,GREEN,GOBLIN,2,-2,1,0,7.00,8.00,true
541,BLUE_4,BLUE,GARGOYLE,-3,3,6,0,59.00,96.00,false
541,BLUE_5,BLUE,ARCHER,-2,3,5,0,6.00,40.00,false
541,BLUE_6,BLUE,GOBLIN,-1,3,1,0,4.00,8.00,false
542,GREEN_1,GREEN,GARGOYLE,3,-2,6,0,21.00,96.00,false
542,GREEN_2,GREEN,ARCHER,0,-3,5,0,4.00,40.00,false
542,GREEN_3,GREEN,GOBLIN,2,-2,1,0,4.00,8.00,false
542,BLUE_4,BLUE,GARGOYLE,-3,3,6,6,119.00,22.00,true
542,BLUE_5,BLUE,ARCHER,-2,3,5,5,13.00,0.00,true
542,BLUE_6,BLUE,GOBLIN,-1,3,1,1,12.00,7.00,true
543,GREEN_1,GREEN,SCORPION_RIDER,2,-3,5,4,77.00,46.00,true
543,GREEN_2,GREEN,GOLEM,0,-3,3,3,0.00,0.00,true
543,GREEN_3,GREEN,SPIDER,3,-2,1,1,95.00,0.00,true
543,BLUE_4,BLUE,SCORPION_RIDER,-3,3,5,0,0.00,90.00,false
543,BLUE_5,BLUE,GOLEM,-2,3,3,0,46.00,78.00,false
543,BLUE_6,BLUE,SPIDER,-1,3,1,0,0.00,4.00,false
544,GREEN_1,GREEN,SCORPION_RIDER,2,-3,5,5,30.00,40.00,false
544,GREEN_2,GREEN,GOLEM,0,-3,3,0,42.00,78.00,false
544,GREEN_3,GREEN,SPIDER,3,-2,1,0,0.00,4.00,false
544,BLUE_4,BLUE,SCORPION_RIDER,-3,3,5,3,122.00,72.00,false
544,BLUE_5,BLUE,GOLEM,-2,3,3,3,0.00,0.00,false
544,BLUE_6,BLUE,SPIDER,-1,3,1,1,0.00,0.00,false
545,GREEN_1,GREEN,GARGOYLE,0,-3,5,5,0.00,0.00,false
545,GREEN_2,GREEN,GARGOYLE,2,-3,4,3,42.00,52.00,false
545,GREEN_3,GREEN,ASSASSIN,1,-2,1,1,4.00,0.00,false
545,GREEN_4,GREEN,SPIDER,3,-3,1,1,0.00,0.00,false
545,BLUE_5,BLUE,GARGOYLE,-3,3,5,5,0.00,0.00,false
545,BLUE_6,BLUE,GARGOYLE,-2,3,4,3,52.00,34.00,false
545,BLUE_7,BLUE,ASSASSIN,-1,3,1,0,0.00,8.00,false
545,BLUE_8,BLUE,SPIDER,0,3,1,0,0.00,4.00,false
546,GREEN_1,GREEN,GARGOYLE,0,-3,5,0,51.00,80.00,false
546,GREEN_2,GREEN,GARGOYLE,2,-3,4,0,24.00,64.00,false
546,GREEN_3,GREEN,ASSASSIN,1,-2,1,0,6.00,8.00,false
546,GREEN_4,GREEN,SPIDER,3,-3,1,0,0.00,4.00,false
546,BLUE_5,BLUE,GARGOYLE,-3,3,5,5,103.00,60.00,true
546,BLUE_6,BLUE,GARGOYLE,-2,3,4,4,47.00,15.00,true
546,BLUE_7,BLUE,ASSASSIN,-1,3,1,1,6.00,6.00,true
546,BLUE_8,BLUE,SPIDER,0,3,1,1,0.00,0.00,true
547,GREEN_1,GREEN,GARGOYLE,1,-3,5,5,0.00,0.00,false
547,GREEN_2,GREEN,ARCHER,-1,-2,5,5,0.00,0.00,false
547,GREEN_3,GREEN,ARCHER,1,-2,1,1,0.00,0.00,false
547,GREEN_4,GREEN,SPIDER,3,-3,1,1,0.00,0.00,false
547,BLUE_5,BLUE,GARGOYLE,-3,3,5,5,0.00,0.00,false
547,BLUE_6,BLUE,ARCHER,-2,3,5,5,0.00,0.00,false
547,BLUE_7,BLUE,ARCHER,-1,3,1,1,0.00,0.00,false
547,BLUE_8,BLUE,SPIDER,0,3,1,1,0.00,0.00,false
548,GREEN_1,GREEN,GARGOYLE,1,-3,5,0,0.00,80.00,false
548,GREEN_2,GREEN,ARCHER,-1,-2,5,0,28.00,40.00,false
548,GREEN_3,GREEN,ARCHER,1,-2,1,0,4.00,8.00,false
548,GREEN_4,GREEN,SPIDER,3,-3,1,0,0.00,4.00,false
548,BLUE_5,BLUE,GARGOYLE,-3,3,5,5,0.00,0.00,true
548,BLUE_6,BLUE,ARCHER,-2,3,5,3,80.00,28.00,true
548,BLUE_7,BLUE,ARCHER,-1,3,1,1,52.00,4.00,true
548,BLUE_8,BLUE,SPIDER,0,3,1,1,0.00,0.00,true
549,GREEN_1,GREEN,ARCHER,0,-2,8,8,0.00,0.00,false
549,GREEN_2,GREEN,GOLEM,1,-3,2,2,0.00,0.00,false
549,GREEN_3,GREEN,MAGE,2,-3,1,1,8.00,6.00,false
549,BLUE_4,BLUE,ARCHER,-3,3,8,8,0.00,0.00,false
549,BLUE_5,BLUE,GOLEM,-2,3,2,2,0.00,0.00,false
549,BLUE_6,BLUE,MAGE,-1,3,1,0,6.00,8.00,false
550,GREEN_1,GREEN,ARCHER,0,-2,8,0,52.00,64.00,false
550,GREEN_2,GREEN,GOLEM,1,-3,2,0,23.00,52.00,false
550,GREEN_3,GREEN,MAGE,2,-3,1,0,3.00,8.00,false
550,BLUE_4,BLUE,ARCHER,-3,3,8,3,77.00,55.00,true
550,BLUE_5,BLUE,GOLEM,-2,3,2,2,47.00,23.00,true
550,BLUE_6,BLUE,MAGE,-1,3,1,1,0.00,0.00,true
551,GREEN_1,GREEN,ASSASSIN,1,-3,7,2,60.00,46.00,true
551,GREEN_2,GREEN,ARCHER,3,-3,4,2,28.00,16.00,true
551,BLUE_3,BLUE,ASSASSIN,-3,3,7,0,40.00,56.00,false
551,BLUE_4,BLUE,ARCHER,-2,3,4,0,22.00,32.00,false
552,GREEN_1,GREEN,ASSASSIN,1,-3,7,0,40.00,56.00,false
552,GREEN_2,GREEN,ARCHER,3,-3,4,0,14.00,32.00,false
552,BLUE_3,BLUE,ASSASSIN,-3,3,7,5,58.00,42.00,true
552,BLUE_4,BLUE,ARCHER,-2,3,4,4,30.00,12.00,true
553,GREEN_1,GREEN,SPIDER,3,-2,13,13,0.00,0.00,false
553,GREEN_2,GREEN,GOBLIN,2,-2,12,12,0.00,0.00,false
553,BLUE_3,BLUE,SPIDER,-3,3,13,13,0.00,0.00,false
553,BLUE_4,BLUE,GOBLIN,-2,3,12,12,0.00,0.00,false
554,GREEN_1,GREEN,SPIDER,3,-2,13,13,0.00,0.00,false
554,GREEN_2,GREEN,GOBLIN,2,-2,12,12,0.00,0.00,false
554,BLUE_3,BLUE,SPIDER,-3,3,13,13,0.00,0.00,false
554,BLUE_4,BLUE,GOBLIN,-2,3,12,12,0.00,0.00,false
555,GREEN_1,GREEN,GOBLIN,3,-2,11,4,64.00,80.00,false
555,GREEN_2,GREEN,GARGOYLE,0,-3,6,6,0.00,0.00,false
555,BLUE_3,BLUE,GOBLIN,-3,3,11,11,0.00,0.00,false
555,BLUE_4,BLUE,GARGOYLE,-2,3,6,5,80.00,64.00,false
556,GREEN_1,GREEN,GOBLIN,3,-2,11,11,0.00,0.00,false
556,GREEN_2,GREEN,GARGOYLE,0,-3,6,6,111.00,54.00,false
556,BLUE_3,BLUE,GOBLIN,-3,3,11,11,0.00,0.00,false
556,BLUE_4,BLUE,GARGOYLE,-2,3,6,1,54.00,111.00,false
557,GREEN_1,GREEN,SPIDER,2,-3,15,15,0.00,0.00,false
557,GREEN_2,GREEN,SCORPION_RIDER,3,-3,3,2,24.00,42.00,false
557,GREEN_3,GREEN,ARCHER,0,-3,1,1,0.00,0.00,false
557,BLUE_4,BLUE,SPIDER,-3,3,15,9,42.00,24.00,false
557,BLUE_5,BLUE,SCORPION_RIDER,-2,3,3,3,0.00,0.00,false
557,BLUE_6,BLUE,ARCHER,-1,3,1,1,0.00,0.00,false
558,GREEN_1,GREEN,SPIDER,2,-3,15,15,0.00,0.00,false
558,GREEN_2,GREEN,SCORPION_RIDER,3,-3,3,3,0.00,0.00,false
558,GREEN_3,GREEN,ARCHER,0,-3,1,1,0.00,0.00,false
558,BLUE_4,BLUE,SPIDER,-3,3,15,15,0.00,0.00,false
558,BLUE_5,BLUE,SCORPION_RIDER,-2,3,3,3,0.00,0.00,false
558,BLUE_6,BLUE,ARCHER,-1,3,1,1,0.00,0.00,false
559,GREEN_1,GREEN,GARGOYLE,3,-3,6,6,0.00,0.00,false
559,GREEN_2,GREEN,MAGE,0,-2,4,4,0.00,0.00,false
559,GREEN_3,GREEN,GOBLIN,1,-3,1,1,0.00,0.00,false
559,BLUE_4,BLUE,GARGOYLE,-3,3,6,6,0.00,0.00,false
559,BLUE_5,BLUE,MAGE,-2,3,4,4,0.00,0.00,false
559,BLUE_6,BLUE,GOBLIN,-1,3,1,1,0.00,0.00,false
560,GREEN_1,GREEN,GARGOYLE,3,-3,6,0,33.00,96.00,false
560,GREEN_2,GREEN,MAGE,0,-2,4,0,1.00,32.00,false
560,GREEN_3,GREEN,GOBLIN,1,-3,1,0,4.00,8.00,false
560,BLUE_4,BLUE,GARGOYLE,-3,3,6,6,105.00,34.00,true
560,BLUE_5,BLUE,MAGE,-2,3,4,4,23.00,0.00,true
560,BLUE_6,BLUE,GOBLIN,-1,3,1,1,8.00,4.00,true
561,GREEN_1,GREEN,MAGE,0,-3,7,2,60.00,46.00,true
561,GREEN_2,GREEN,MAGE,3,-3,3,3,20.00,15.00,true
561,GREEN_3,GREEN,SPIDER,1,-2,1,0,4.00,4.00,true
561,BLUE_4,BLUE,MAGE,-3,3,7,0,55.00,56.00,false
561,BLUE_5,BLUE,MAGE,-2,3,3,0,10.00,24.00,false
561,BLUE_6,BLUE,SPIDER,-1,3,1,0,0.00,4.00,false
562,GREEN_1,GREEN,MAGE,0,-3,7,0,58.00,56.00,false
562,GREEN_2,GREEN,MAGE,3,-3,3,0,10.00,24.00,false
562,GREEN_3,GREEN,SPIDER,1,-2,1,0,2.00,4.00,false
562,BLUE_4,BLUE,MAGE,-3,3,7,2,70.00,49.00,true
562,BLUE_5,BLUE,MAGE,-2,3,3,2,12.00,20.00,true
562,BLUE_6,BLUE,SPIDER,-1,3,1,1,2.00,1.00,true
563,GREEN_1,GREEN,GARGOYLE,-1,-2,5,5,0.00,0.00,true
563,GREEN_2,GREEN,MAGE,1,-2,4,2,101.00,27.00,true
563,GREEN_3,GREEN,ARCHER,1,-3,2,0,27.00,16.00,true
563,BLUE_4,BLUE,GARGOYLE,-3,3,5,0,0.00,80.00,false
563,BLUE_5,BLUE,MAGE,-2,3,4,0,31.00,32.00,false
563,BLUE_6,BLUE,ARCHER,-1,3,2,0,12.00,16.00,false
564,GREEN_1,GREEN,GARGOYLE,-1,-2,5,0,0.00,80.00,false
564,GREEN_2,GREEN,MAGE,1,-2,4,0,26.00,32.00,false
564,GREEN_3,GREEN,ARCHER,1,-3,2,0,12.00,16.00,false
564,BLUE_4,BLUE,GARGOYLE,-3,3,5,5,0.00,0.00,true
564,BLUE_5,BLUE,MAGE,-2,3,4,2,48.00,25.00,true
564,BLUE_6,BLUE,ARCHER,-1,3,2,1,80.00,13.00,true
565,GREEN_1,GREEN,ASSASSIN,1,-2,7,4,50.00,40.00,true
565,GREEN_2,GREEN,SPIDER,3,-2,7,7,42.00,0.00,true
565,GREEN_3,GREEN,GOBLIN,3,-3,1,1,0.00,0.00,true
565,BLUE_4,BLUE,ASSASSIN,-3,3,7,0,26.00,56.00,false
565,BLUE_5,BLUE,SPIDER,-2,3,7,0,10.00,28.00,false
565,BLUE_6,BLUE,GOBLIN,-1,3,1,0,4.00,8.00,false
566,GREEN_1,GREEN,ASSASSIN,1,-2,7,0,34.00,56.00,false
566,GREEN_2,GREEN,SPIDER,3,-2,7,0,14.00,28.00,false
566,GREEN_3,GREEN,GOBLIN,3,-3,1,0,2.00,8.00,false
566,BLUE_4,BLUE,ASSASSIN,-3,3,7,2,64.00,50.00,true
566,BLUE_5,BLUE,SPIDER,-2,3,7,7,28.00,0.00,true
566,BLUE_6,BLUE,GOBLIN,-1,3,1,1,0.00,0.00,true
567,GREEN_1,GREEN,GOBLIN,1,-2,11,11,0.00,0.00,false
567,GREEN_2,GREEN,SPIDER,1,-3,14,14,0.00,0.00,false
567,BLUE_3,BLUE,GOBLIN,-3,3,11,11,0.00,0.00,false
567,BLUE_4,BLUE,SPIDER,-2,3,14,14,0.00,0.00,false
568,GREEN_1,GREEN,GOBLIN,1,-2,11,11,0.00,0.00,false
568,GREEN_2,GREEN,SPIDER,1,-3,14,14,0.00,0.00,false
568,BLUE_3,BLUE,GOBLIN,-3,3,11,11,0.00,0.00,false
568,BLUE_4,BLUE,SPIDER,-2,3,14,14,0.00,0.00,false
569,GREEN_1,GREEN,SPIDER,2,-3,16,16,0.00,0.00,false
569,GREEN_2,GREEN,ASSASSIN,0,-3,3,2,26.00,20.00,false
569,GREEN_3,GREEN,SPIDER,3,-3,2,2,0.00,0.00,false
569,BLUE_4,BLUE,SPIDER,-3,3,16,16,0.00,0.00,false
569,BLUE_5,BLUE,ASSASSIN,-2,3,3,3,18.00,18.00,false
569,BLUE_6,BLUE,SPIDER,-1,3,2,0,2.00,8.00,false
570,GREEN_1,GREEN,SPIDER,2,-3,16,0,60.00,64.00,false
570,GREEN_2,GREEN,ASSASSIN,0,-3,3,0,20.00,24.00,false
570,GREEN_3,GREEN,SPIDER,3,-3,2,0,2.00,8.00,false
570,BLUE_4,BLUE,SPIDER,-3,3,16,1,66.00,60.00,true
570,BLUE_5,BLUE,ASSASSIN,-2,3,3,2,30.00,22.00,true
570,BLUE_6,BLUE,SPIDER,-1,3,2,2,0.00,0.00,true
571,GREEN_1,GREEN,SCORPION_RIDER,0,-2,5,5,63.00,39.00,true
571,GREEN_2,GREEN,GARGOYLE,2,-2,5,5,107.00,6.00,true
571,BLUE_3,BLUE,SCORPION_RIDER,-3,3,5,0,0.00,90.00,false
571,BLUE_4,BLUE,GARGOYLE,-2,3,5,0,45.00,80.00,false
572,GREEN_1,GREEN,SCORPION_RIDER,0,-2,5,5,0.00,0.00,false
572,GREEN_2,GREEN,GARGOYLE,2,-2,5,0,48.00,80.00,false
572,BLUE_3,BLUE,SCORPION_RIDER,-3,3,5,4,80.00,48.00,false
572,BLUE_4,BLUE,GARGOYLE,-2,3,5,5,0.00,0.00,false
573,GREEN_1,GREEN,GARGOYLE,2,-3,6,6,0.00,0.00,false
573,GREEN_2,GREEN,GARGOYLE,0,-3,2,2,0.00,0.00,false
573,GREEN_3,GREEN,MAGE,1,-2,2,2,0.00,0.00,false
573,GREEN_4,GREEN,SPIDER,0,-2,1,1,0.00,0.00,false
573,BLUE_5,BLUE,GARGOYLE,-3,3,6,6,0.00,0.00,false
573,BLUE_6,BLUE,GARGOYLE,-2,3,2,2,0.00,0.00,false
573,BLUE_7,BLUE,MAGE,-1,3,2,2,0.00,0.00,false
573,BLUE_8,BLUE,SPIDER,0,3,1,1,0.00,0.00,false
574,GREEN_1,GREEN,GARGOYLE,2,-3,6,5,105.00,67.00,false
574,GREEN_2,GREEN,GARGOYLE,0,-3,2,0,3.00,32.00,false
574,GREEN_3,GREEN,MAGE,1,-2,2,0,0.00,16.00,false
574,GREEN_4,GREEN,SPIDER,0,-2,1,0,0.00,4.00,false
574,BLUE_5,BLUE,GARGOYLE,-3,3,6,1,93.00,86.00,false
574,BLUE_6,BLUE,GARGOYLE,-2,3,2,1,26.00,22.00,false
574,BLUE_7,BLUE,MAGE,-1,3,2,2,0.00,0.00,false
574,BLUE_8,BLUE,SPIDER,0,3,1,1,0.00,0.00,false
575,GREEN_1,GREEN,SPIDER,3,-2,14,14,72.00,0.00,true
575,GREEN_2,GREEN,SCORPION_RIDER,0,-2,4,4,56.00,44.00,true
575,BLUE_3,BLUE,SPIDER,-3,3,14,0,44.00,56.00,false
575,BLUE_4,BLUE,SCORPION_RIDER,-2,3,4,0,0.00,72.00,false
576,GREEN_1,GREEN,SPIDER,3,-2,14,14,0.00,0.00,false
576,GREEN_2,GREEN,SCORPION_RIDER,0,-2,4,4,0.00,0.00,false
576,BLUE_3,BLUE,SPIDER,-3,3,14,14,0.00,0.00,false
576,BLUE_4,BLUE,SCORPION_RIDER,-2,3,4,4,0.00,0.00,false
577,GREEN_1,GREEN,MAGE,-1,-2,8,0,89.00,64.00,false
577,GREEN_2,GREEN,SCORPION_RIDER,1,-2,2,2,0.00,0.00,false
577,GREEN_3,GREEN,GOBLIN,3,-3,1,1,0.00,0.00,false
577,BLUE_4,BLUE,MAGE,-3,3,8,4,64.00,53.00,false
577,BLUE_5,BLUE,SCORPION_RIDER,-2,3,2,0,0.00,36.00,false
577,BLUE_6,BLUE,GOBLIN,-1,3,1,1,0.00,0.00,false
578,GREEN_1,GREEN,MAGE,-1,-2,8,8,0.00,0.00,false
578,GREEN_2,GREEN,SCORPION_RIDER,1,-2,2,2,0.00,0.00,false
578,GREEN_3,GREEN,GOBLIN,3,-3,1,1,0.00,0.00,false
578,BLUE_4,BLUE,MAGE,-3,3,8,8,0.00,0.00,false
578,BLUE_5,BLUE,SCORPION_RIDER,-2,3,2,2,0.00,0.00,false
578,BLUE_6,BLUE,GOBLIN,-1,3,1,1,0.00,0.00,false
579,GREEN_1,GREEN,GARGOYLE,3,-3,5,5,0.00,0.00,false
579,GREEN_2,GREEN,SCORPION_RIDER,0,-3,5,3,104.00,78.00,false
579,BLUE_3,BLUE,GARGOYLE,-3,3,5,0,39.00,80.00,false
579,BLUE_4,BLUE,SCORPION_RIDER,-2,3,5,5,39.00,24.00,false
580,GREEN_1,GREEN,GARGOYLE,3,-3,5,5,0.00,0.00,false
580,GREEN_2,GREEN,SCORPION_RIDER,0,-3,5,5,0.00,0.00,false
580,BLUE_3,BLUE,GARGOYLE,-3,3,5,5,0.00,0.00,false
580,BLUE_4,BLUE,SCORPION_RIDER,-2,3,5,5,0.00,0.00,false
581,GREEN_1,GREEN,ARCHER,3,-3,7,7,0.00,0.00,false
581,GREEN_2,GREEN,ARCHER,-1,-2,4,4,0.00,0.00,false
581,GREEN_3,GREEN,SPIDER,1,-3,3,3,0.00,0.00,false
581,BLUE_4,BLUE,ARCHER,-3,3,7,7,0.00,0.00,false
581,BLUE_5,BLUE,ARCHER,-2,3,4,4,0.00,0.00,false
581,BLUE_6,BLUE,SPIDER,-1,3,3,3,0.00,0.00,false
582,GREEN_1,GREEN,ARCHER,3,-3,7,7,0.00,0.00,false
582,GREEN_2,GREEN,ARCHER,-1,-2,4,4,0.00,0.00,false
582,GREEN_3,GREEN,SPIDER,1,-3,3,3,0.00,0.00,false
582,BLUE_4,BLUE,ARCHER,-3,3,7,7,0.00,0.00,false
582,BLUE_5,BLUE,ARCHER,-2,3,4,4,0.00,0.00,false
582,BLUE_6,BLUE,SPIDER,-1,3,3,3,0.00,0.00,false
583,GREEN_1,GREEN,GOBLIN,3,-3,11,11,0.00,0.00,false
583,GREEN_2,GREEN,GOLEM,0,-3,4,4,0.00,0.00,false
583,BLUE_3,BLUE,GOBLIN,-3,3,11,11,0.00,0.00,false
583,BLUE_4,BLUE,GOLEM,-2,3,4,4,0.00,0.00,false
584,GREEN_1,GREEN,GOBLIN,3,-3,11,11,0.00,0.00,false
584,GREEN_2,GREEN,GOLEM,0,-3,4,4,0.00,0.00,false
584,BLUE_3,BLUE,GOBLIN,-3,3,11,11,0.00,0.00,false
584,BLUE_4,BLUE,GOLEM,-2,3,4,4,0.00,0.00,false
585,GREEN_1,GREEN,ASSASSIN,1,-2,7,3,68.00,44.00,true
585,GREEN_2,GREEN,MAGE,0,-3,3,3,16.00,0.00,true
585,GREEN_3,GREEN,SPIDER,3,-3,1,1,0.00,0.00,true
585,BLUE_4,BLUE,ASSASSIN,-3,3,7,0,41.00,56.00,false
585,BLUE_5,BLUE,MAGE,-2,3,3,0,3.00,24.00,false
585,BLUE_6,BLUE,SPIDER,-1,3,1,0,0.00,4.00,false
586,GREEN_1,GREEN,ASSASSIN,1,-2,7,0,31.00,56.00,false
586,GREEN_2,GREEN,MAGE,0,-3,3,0,3.00,24.00,false
586,GREEN_3,GREEN,SPIDER,3,-3,1,0,0.00,4.00,false
586,BLUE_4,BLUE,ASSASSIN,-3,3,7,6,60.00,34.00,true
586,BLUE_5,BLUE,MAGE,-2,3,3,3,24.00,0.00,true
586,BLUE_6,BLUE,SPIDER,-1,3,1,1,0.00,0.00,true
587,GREEN_1,GREEN,SPIDER,3,-2,13,13,0.00,0.00,false
587,GREEN_2,GREEN,GARGOYLE,3,-3,5,5,0.00,0.00,false
587,BLUE_3,BLUE,SPIDER,-3,3,13,13,0.00,0.00,false
587,BLUE_4,BLUE,GARGOYLE,-2,3,5,5,0.00,0.00,false
588,GREEN_1,GREEN,SPIDER,3,-2,13,13,0.00,0.00,false
588,GREEN_2,GREEN,GARGOYLE,3,-3,5,5,0.00,0.00,false
588,BLUE_3,BLUE,SPIDER,-3,3,13,13,0.00,0.00,false
588,BLUE_4,BLUE,GARGOYLE,-2,3,5,5,0.00,0.00,false
589,GREEN_1,GREEN,GOBLIN,2,-3,10,10,0.00,0.00,false
589,GREEN_2,GREEN,SCORPION_RIDER,1,-3,5,4,120.00,70.00,false
589,GREEN_3,GREEN,GOBLIN,-1,-2,1,1,0.00,0.00,false
589,BLUE_4,BLUE,GOBLIN,-3,3,10,0,36.00,80.00,false
589,BLUE_5,BLUE,SCORPION_RIDER,-2,3,5,5,34.00,32.00,false
589,BLUE_6,BLUE,GOBLIN,-1,3,1,0,0.00,8.00,false
590,GREEN_1,GREEN,GOBLIN,2,-3,10,8,16.00,16.00,false
590,GREEN_2,GREEN,SCORPION_RIDER,1,-3,5,0,74.00,90.00,false
590,GREEN_3,GREEN,GOBLIN,-1,-2,1,0,0.00,8.00,false
590,BLUE_4,BLUE,GOBLIN,-3,3,10,10,0.00,0.00,false
590,BLUE_5,BLUE,SCORPION_RIDER,-2,3,5,0,114.00,90.00,false
590,BLUE_6,BLUE,GOBLIN,-1,3,1,1,0.00,0.00,false
591,GREEN_1,GREEN,GOBLIN,1,-3,11,11,0.00,0.00,false
591,GREEN_2,GREEN,GOLEM,2,-2,4,4,0.00,0.00,false
591,BLUE_3,BLUE,GOBLIN,-3,3,11,11,0.00,0.00,false
591,BLUE_4,BLUE,GOLEM,-2,3,4,4,0.00,0.00,false
592,GREEN_1,GREEN,GOBLIN,1,-3,11,9,90.00,65.00,false
592,GREEN_2,GREEN,GOLEM,2,-2,4,4,0.00,0.00,false
592,BLUE_3,BLUE,GOBLIN,-3,3,11,11,0.00,0.00,false
592,BLUE_4,BLUE,GOLEM,-2,3,4,2,65.00,90.00,false
593,GREEN_1,GREEN,ARCHER,0,-2,8,3,70.00,58.00,false
593,GREEN_2,GREEN,MAGE,3,-3,3,0,9.00,24.00,false
593,GREEN_3,GREEN,ARCHER,2,-3,1,1,0.00,0.00,false
593,BLUE_4,BLUE,ARCHER,-3,3,8,4,69.00,47.00,false
593,BLUE_5,BLUE,MAGE,-2,3,3,0,9.00,24.00,false
593,BLUE_6,BLUE,ARCHER,-1,3,1,0,4.00,8.00,false
594,GREEN_1,GREEN,ARCHER,0,-2,8,0,68.00,64.00,false
594,GREEN_2,GREEN,MAGE,3,-3,3,0,16.00,24.00,false
594,GREEN_3,GREEN,ARCHER,2,-3,1,0,4.00,8.00,false
594,BLUE_4,BLUE,ARCHER,-3,3,8,1,70.00,63.00,true
594,BLUE_5,BLUE,MAGE,-2,3,3,2,14.00,18.00,true
594,BLUE_6,BLUE,ARCHER,-1,3,1,1,12.00,7.00,true
595,GREEN_1,GREEN,GOBLIN,3,-3,10,9,32.00,24.00,true
595,GREEN_2,GREEN,SPIDER,0,-3,14,4,102.00,48.00,true
595,GREEN_3,GREEN,GOBLIN,1,-3,1,1,10.00,4.00,true
595,BLUE_4,BLUE,GOBLIN,-3,3,10,0,24.00,80.00,false
595,BLUE_5,BLUE,SPIDER,-2,3,14,0,48.00,56.00,false
595,BLUE_6,BLUE,GOBLIN,-1,3,1,0,4.00,8.00,false
596,GREEN_1,GREEN,GOBLIN,3,-3,10,0,0.00,80.00,false
596,GREEN_2,GREEN,SPIDER,0,-3,14,0,34.00,56.00,false
596,GREEN_3,GREEN,GOBLIN,1,-3,1,0,0.00,8.00,false
596,BLUE_4,BLUE,GOBLIN,-3,3,10,10,30.00,12.00,true
596,BLUE_5,BLUE,SPIDER,-2,3,14,10,114.00,22.00,true
596,BLUE_6,BLUE,GOBLIN,-1,3,1,1,0.00,0.00,true
597,GREEN_1,GREEN,SCORPION_RIDER,0,-3,5,4,114.00,55.00,true
597,GREEN_2,GREEN,MAGE,0,-2,4,4,24.00,0.00,true
597,GREEN_3,GREEN,GARGOYLE,-1,-2,1,1,0.00,0.00,true
597,BLUE_4,BLUE,SCORPION_RIDER,-3,3,5,0,50.00,90.00,false
597,BLUE_5,BLUE,MAGE,-2,3,4,0,2.00,32.00,false
597,BLUE_6,BLUE,GARGOYLE,-1,3,1,0,3.00,16.00,false
598,GREEN_1,GREEN,SCORPION_RIDER,0,-3,5,0,58.00,90.00,false
598,GREEN_2,GREEN,MAGE,0,-2,4,0,2.00,32.00,false
598,GREEN_3,GREEN,GARGOYLE,-1,-2,1,0,3.00,16.00,false
598,BLUE_4,BLUE,SCORPION_RIDER,-3,3,5,4,120.00,63.00,true
598,BLUE_5,BLUE,MAGE,-2,3,4,4,11.00,0.00,true
598,BLUE_6,BLUE,GARGOYLE,-1,3,1,1,7.00,0.00,true
599,GREEN_1,GREEN,GOBLIN,3,-3,11,0,103.00,88.00,true
599,GREEN_2,GREEN,SPIDER,0,-3,11,11,0.00,0.00,true
599,GREEN_3,GREEN,MAGE,1,-3,1,1,37.00,1.00,true
599,BLUE_4,BLUE,GOBLIN,-3,3,11,0,75.00,88.00,false
599,BLUE_5,BLUE,SPIDER,-2,3,11,0,12.00,44.00,false
599,BLUE_6,BLUE,MAGE,-1,3,1,0,2.00,8.00,false
600,GREEN_1,GREEN,GOBLIN,3,-3,11,0,63.00,88.00,false
600,GREEN_2,GREEN,SPIDER,0,-3,11,0,24.00,44.00,false
600,GREEN_3,GREEN,MAGE,1,-3,1,0,1.00,8.00,false
600,BLUE_4,BLUE,GOBLIN,-3,3,11,0,119.00,88.00,true
600,BLUE_5,BLUE,SPIDER,-2,3,11,11,0.00,0.00,true
600,BLUE_6,BLUE,MAGE,-1,3,1,1,21.00,0.00,true
601,GREEN_1,GREEN,ASSASSIN,2,-2,8,4,56.00,44.00,false
601,GREEN_2,GREEN,SPIDER,1,-3,6,6,0.00,0.00,false
601,BLUE_3,BLUE,ASSASSIN,-3,3,8,7,38.00,32.00,false
601,BLUE_4,BLUE,SPIDER,-2,3,6,0,6.00,24.00,false
602,GREEN_1,GREEN,ASSASSIN,2,-2,8,7,38.00,32.00,false
602,GREEN_2,GREEN,SPIDER,1,-3,6,0,6.00,24.00,false
602,BLUE_3,BLUE,ASSASSIN,-3,3,8,4,56.00,44.00,false
602,BLUE_4,BLUE,SPIDER,-2,3,6,6,0.00,0.00,false
603,GREEN_1,GREEN,SCORPION_RIDER,0,-2,6,5,114.00,68.00,true
603,GREEN_2,GREEN,ARCHER,3,-2,4,4,34.00,0.00,true
603,GREEN_3,GREEN,GOBLIN,1,-3,1,1,0.00,0.00,true
603,BLUE_4,BLUE,SCORPION_RIDER,-3,3,6,0,64.00,108.00,false
603,BLUE_5,BLUE,ARCHER,-2,3,4,0,4.00,32.00,false
603,BLUE_6,BLUE,GOBLIN,-1,3,1,0,0.00,8.00,false
604,GREEN_1,GREEN,SCORPION_RIDER,0,-2,6,6,0.00,0.00,false
604,GREEN_2,GREEN,ARCHER,3,-2,4,4,0.00,0.00,false
604,GREEN_3,GREEN,GOBLIN,1,-3,1,1,0.00,0.00,false
604,BLUE_4,BLUE,SCORPION_RIDER,-3,3,6,6,0.00,0.00,false
604,BLUE_5,BLUE,ARCHER,-2,3,4,4,0.00,0.00,false
604,BLUE_6,BLUE,GOBLIN,-1,3,1,1,0.00,0.00,false
605,GREEN_1,GREEN,ARCHER,1,-2,7,3,80.00,38.00,true
605,GREEN_2,GREEN,SPIDER,3,-3,11,10,20.00,12.00,true
605,BLUE_3,BLUE,ARCHER,-3,3,7,0,44.00,56.00,false
605,BLUE_4,BLUE,SPIDER,-2,3,11,0,6.00,44.00,false
606,GREEN_1,GREEN,ARCHER,1,-2,7,0,36.00,56.00,false
606,GREEN_2,GREEN,SPIDER,3,-3,11,0,28.00,44.00,false
606,BLUE_3,BLUE,ARCHER,-3,3,7,6,54.00,20.00,true
606,BLUE_4,BLUE,SPIDER,-2,3,11,0,46.00,44.00,true
607,GREEN_1,GREEN,GARGOYLE,0,-2,5,5,0.00,0.00,true
607,GREEN_2,GREEN,MAGE,2,-3,4,2,138.00,25.00,true
607,GREEN_3,GREEN,SCORPION_RIDER,-1,-2,1,1,0.00,0.00,true
607,GREEN_4,GREEN,GOBLIN,1,-3,1,1,0.00,0.00,true
607,BLUE_5,BLUE,GARGOYLE,-3,3,5,0,0.00,80.00,false
607,BLUE_6,BLUE,MAGE,-2,3,4,0,25.00,32.00,false
607,BLUE_7,BLUE,SCORPION_RIDER,-1,3,1,0,0.00,18.00,false
607,BLUE_8,BLUE,GOBLIN,0,3,1,0,0.00,8.00,false
608,GREEN_1,GREEN,GARGOYLE,0,-2,5,5,0.00,0.00,false
608,GREEN_2,GREEN,MAGE,2,-3,4,0,6.00,32.00,false
608,GREEN_3,GREEN,SCORPION_RIDER,-1,-2,1,1,0.00,0.00,false
608,GREEN_4,GREEN,GOBLIN,1,-3,1,0,0.00,8.00,false
608,BLUE_5,BLUE,GARGOYLE,-3,3,5,5,0.00,0.00,false
608,BLUE_6,BLUE,MAGE,-2,3,4,4,0.00,0.00,false
608,BLUE_7,BLUE,SCORPION_RIDER,-1,3,1,1,40.00,6.00,false
608,BLUE_8,BLUE,GOBLIN,0,3,1,1,0.00,0.00,false
609,GREEN_1,GREEN,MAGE,3,-3,7,7,0.00,0.00,false
609,GREEN_2,GREEN,SCORPION_RIDER,2,-3,3,3,0.00,0.00,false
609,BLUE_3,BLUE,MAGE,-3,3,7,7,0.00,0.00,false
609,BLUE_4,BLUE,SCORPION_RIDER,-2,3,3,3,0.00,0.00,false
610,GREEN_1,GREEN,MAGE,3,-3,7,0,29.00,56.00,false
610,GREEN_2,GREEN,SCORPION_RIDER,2,-3,3,0,26.00,54.00,false
610,BLUE_3,BLUE,MAGE,-3,3,7,7,56.00,24.00,true
610,BLUE_4,BLUE,SCORPION_RIDER,-2,3,3,2,54.00,31.00,true
611,GREEN_1,GREEN,ASSASSIN,0,-3,7,3,78.00,50.00,true
611,GREEN_2,GREEN,SPIDER,2,-3,7,7,0.00,0.00,true
611,GREEN_3,GREEN,SPIDER,-1,-2,1,1,10.00,0.00,true
611,BLUE_4,BLUE,ASSASSIN,-3,3,7,0,44.00,56.00,false
611,BLUE_5,BLUE,SPIDER,-2,3,7,0,6.00,28.00,false
611,BLUE_6,BLUE,SPIDER,-1,3,1,0,0.00,4.00,false
612,GREEN_1,GREEN,ASSASSIN,0,-3,7,5,30.00,22.00,false
612,GREEN_2,GREEN,SPIDER,2,-3,7,0,8.00,28.00,false
612,GREEN_3,GREEN,SPIDER,-1,-2,1,0,0.00,4.00,false
612,BLUE_4,BLUE,ASSASSIN,-3,3,7,4,54.00,38.00,false
612,BLUE_5,BLUE,SPIDER,-2,3,7,7,0.00,0.00,false
612,BLUE_6,BLUE,SPIDER,-1,3,1,1,0.00,0.00,false
613,GREEN_1,GREEN,GOLEM,3,-2,3,3,0.00,0.00,false
613,GREEN_2,GREEN,GARGOYLE,2,-3,6,6,0.00,0.00,false
613,GREEN_3,GREEN,GOBLIN,3,-3,1,1,0.00,0.00,false
613,BLUE_4,BLUE,GOLEM,-3,3,3,3,0.00,0.00,false
613,BLUE_5,BLUE,GARGOYLE,-2,3,6,6,0.00,0.00,false
613,BLUE_6,BLUE,GOBLIN,-1,3,1,1,0.00,0.00,false
614,GREEN_1,GREEN,GOLEM,3,-2,3,0,0.00,78.00,false
614,GREEN_2,GREEN,GARGOYLE,2,-3,6,6,82.00,27.00,false
614,GREEN_3,GREEN,GOBLIN,3,-3,1,0,0.00,8.00,false
614,BLUE_4,BLUE,GOLEM,-3,3,3,3,0.00,0.00,false
614,BLUE_5,BLUE,GARGOYLE,-2,3,6,2,113.00,82.00,false
614,BLUE_6,BLUE,GOBLIN,-1,3,1,1,0.00,0.00,false
615,GREEN_1,GREEN,GOLEM,3,-2,4,4,0.00,0.00,false
615,GREEN_2,GREEN,GOBLIN,2,-2,10,10,0.00,0.00,false
615,GREEN_3,GREEN,SPIDER,1,-3,1,1,84.00,2.00,false
615,BLUE_4,BLUE,GOLEM,-3,3,4,4,0.00,0.00,false
615,BLUE_5,BLUE,GOBLIN,-2,3,10,0,0.00,80.00,false
615,BLUE_6,BLUE,SPIDER,-1,3,1,0,2.00,4.00,false
616,GREEN_1,GREEN,GOLEM,3,-2,4,0,83.00,104.00,false
616,GREEN_2,GREEN,GOBLIN,2,-2,10,0,81.00,80.00,false
616,GREEN_3,GREEN,SPIDER,1,-3,1,0,2.00,4.00,false
616,BLUE_4,BLUE,GOLEM,-3,3,4,3,112.00,84.00,true
616,BLUE_5,BLUE,GOBLIN,-2,3,10,0,74.00,80.00,true
616,BLUE_6,BLUE,SPIDER,-1,3,1,1,2.00,2.00,true
617,GREEN_1,GREEN,MAGE,0,-2,4,4,0.00,0.00,false
617,GREEN_2,GREEN,ARCHER,2,-2,7,7,0.00,0.00,false
617,GREEN_3,GREEN,GOBLIN,1,-3,1,1,0.00,0.00,false
617,BLUE_4,BLUE,MAGE,-3,3,4,4,0.00,0.00,false
617,BLUE_5,BLUE,ARCHER,-2,3,7,7,0.00,0.00,false
617,BLUE_6,BLUE,GOBLIN,-1,3,1,1,0.00,0.00,false
618,GREEN_1,GREEN,MAGE,0,-2,4,0,12.00,32.00,false
618,GREEN_2,GREEN,ARCHER,2,-2,7,0,42.00,56.00,false
618,GREEN_3,GREEN,GOBLIN,1,-3,1,0,4.00,8.00,false
618,BLUE_4,BLUE,MAGE,-3,3,4,4,16.00,11.00,true
618,BLUE_5,BLUE,ARCHER,-2,3,7,3,76.00,43.00,true
618,BLUE_6,BLUE,GOBLIN,-1,3,1,1,4.00,4.00,true
619,GREEN_1,GREEN,SCORPION_RIDER,1,-3,6,3,134.00,94.00,true
619,GREEN_2,GREEN,SCORPION_RIDER,3,-3,3,1,32.00,52.00,true
619,GREEN_3,GREEN,SPIDER,2,-3,1,1,0.00,0.00,true
619,BLUE_4,BLUE,SCORPION_RIDER,-3,3,6,0,122.00,108.00,false
619,BLUE_5,BLUE,SCORPION_RIDER,-2,3,3,0,24.00,54.00,false
619,BLUE_6,BLUE,SPIDER,-1,3,1,0,0.00,4.00,false
620,GREEN_1,GREEN,SCORPION_RIDER,1,-3,6,0,106.00,108.00,false
620,GREEN_2,GREEN,SCORPION_RIDER,3,-3,3,0,28.00,54.00,false
620,GREEN_3,GREEN,SPIDER,2,-3,1,0,0.00,4.00,false
620,BLUE_4,BLUE,SCORPION_RIDER,-3,3,6,4,120.00,94.00,true
620,BLUE_5,BLUE,SCORPION_RIDER,-2,3,3,3,38.00,40.00,true
620,BLUE_6,BLUE,SPIDER,-1,3,1,1,8.00,0.00,true
621,GREEN_1,GREEN,MAGE,3,-3,2,2,8.00,4.00,false
621,GREEN_2,GREEN,SPIDER,2,-3,15,15,0.00,0.00,false
621,GREEN_3,GREEN,GOLEM,1,-3,1,1,0.00,0.00,false
621,GREEN_4,GREEN,ARCHER,1,-2,1,1,94.00,7.00,false
621,BLUE_5,BLUE,MAGE,-3,3,2,1,7.00,8.00,false
621,BLUE_6,BLUE,SPIDER,-2,3,15,0,0.00,60.00,false
621,BLUE_7,BLUE,GOLEM,-1,3,1,0,0.00,26.00,false
621,BLUE_8,BLUE,ARCHER,0,3,1,0,4.00,8.00,false
622,GREEN_1,GREEN,MAGE,3,-3,2,2,0.00,0.00,false
622,GREEN_2,GREEN,SPIDER,2,-3,15,15,0.00,0.00,false
622,GREEN_3,GREEN,GOLEM,1,-3,1,1,0.00,0.00,false
622,GREEN_4,GREEN,ARCHER,1,-2,1,1,0.00,0.00,false
622,BLUE_5,BLUE,MAGE,-3,3,2,2,0.00,0.00,false
622,BLUE_6,BLUE,SPIDER,-2,3,15,15,0.00,0.00,false
622,BLUE_7,BLUE,GOLEM,-1,3,1,1,0.00,0.00,false
622,BLUE_8,BLUE,ARCHER,0,3,1,1,0.00,0.00,false
623,GREEN_1,GREEN,SPIDER,0,-2,15,3,60.00,50.00,false
623,GREEN_2,GREEN,GARGOYLE,2,-3,4,2,36.00,59.00,false
623,BLUE_3,BLUE,SPIDER,-3,3,15,0,50.00,60.00,false
623,BLUE_4,BLUE,GARGOYLE,-2,3,4,4,59.00,36.00,false
624,GREEN_1,GREEN,SPIDER,0,-2,15,0,50.00,60.00,false
624,GREEN_2,GREEN,GARGOYLE,2,-3,4,4,0.00,0.00,false
624,BLUE_3,BLUE,SPIDER,-3,3,15,3,60.00,50.00,false
624,BLUE_4,BLUE,GARGOYLE,-2,3,4,4,0.00,0.00,false
625,GREEN_1,GREEN,MAGE,3,-3,8,7,63.00,40.00,true
625,GREEN_2,GREEN,ASSASSIN,-1,-2,2,1,25.00,15.00,true
625,GREEN_3,GREEN,GOBLIN,2,-2,1,1,0.00,0.00,true
625,BLUE_4,BLUE,MAGE,-3,3,8,0,51.00,64.00,false
625,BLUE_5,BLUE,ASSASSIN,-2,3,2,0,0.00,16.00,false
625,BLUE_6,BLUE,GOBLIN,-1,3,1,0,4.00,8.00,false
626,GREEN_1,GREEN,MAGE,3,-3,8,0,42.00,64.00,false
626,GREEN_2,GREEN,ASSASSIN,-1,-2,2,0,0.00,16.00,false
626,GREEN_3,GREEN,GOBLIN,2,-2,1,0,4.00,8.00,false
626,BLUE_4,BLUE,MAGE,-3,3,8,7,55.00,26.00,true
626,BLUE_5,BLUE,ASSASSIN,-2,3,2,1,29.00,15.00,true
626,BLUE_6,BLUE,GOBLIN,-1,3,1,1,4.00,5.00,true
627,GREEN_1,GREEN,SPIDER,3,-3,16,16,0.00,0.00,false
627,GREEN_2,GREEN,SPIDER,3,-2,8,8,0.00,0.00,false
627,GREEN_3,GREEN,SPIDER,2,-3,1,1,0.00,0.00,false
627,BLUE_4,BLUE,SPIDER,-3,3,16,16,0.00,0.00,false
627,BLUE_5,BLUE,SPIDER,-2,3,8,8,0.00,0.00,false
627,BLUE_6,BLUE,SPIDER,-1,3,1,1,0.00,0.00,false
628,GREEN_1,GREEN,SPIDER,3,-3,16,16,0.00,0.00,false
628,GREEN_2,GREEN,SPIDER,3,-2,8,8,0.00,0.00,false
628,GREEN_3,GREEN,SPIDER,2,-3,1,1,0.00,0.00,false
628,BLUE_4,BLUE,SPIDER,-3,3,16,16,0.00,0.00,false
628,BLUE_5,BLUE,SPIDER,-2,3,8,8,0.00,0.00,false
628,BLUE_6,BLUE,SPIDER,-1,3,1,1,0.00,0.00,false
629,GREEN_1,GREEN,ASSASSIN,3,-2,7,3,82.00,51.00,false
629,GREEN_2,GREEN,GOLEM,0,-3,2,2,0.00,0.00,false
629,GREEN_3,GREEN,SPIDER,3,-3,2,2,0.00,0.00,false
629,BLUE_4,BLUE,ASSASSIN,-3,3,7,5,22.00,22.00,false
629,BLUE_5,BLUE,GOLEM,-2,3,2,0,27.00,52.00,false
629,BLUE_6,BLUE,SPIDER,-1,3,2,0,2.00,8.00,false
630,GREEN_1,GREEN,ASSASSIN,3,-2,7,5,22.00,22.00,false
630,GREEN_2,GREEN,GOLEM,0,-3,2,0,27.00,52.00,false
630,GREEN_3,GREEN,SPIDER,3,-3,2,0,2.00,8.00,false
630,BLUE_4,BLUE,ASSASSIN,-3,3,7,3,82.00,51.00,false
630,BLUE_5,BLUE,GOLEM,-2,3,2,2,0.00,0.00,false
630,BLUE_6,BLUE,SPIDER,-1,3,2,2,0.00,0.00,false
631,GREEN_1,GREEN,SCORPION_RIDER,3,-3,4,3,52.00,50.00,true
631,GREEN_2,GREEN,ARCHER,1,-2,6,3,68.00,32.00,true
631,GREEN_3,GREEN,ASSASSIN,1,-3,1,1,8.00,6.00,true
631,BLUE_4,BLUE,SCORPION_RIDER,-3,3,4,0,50.00,72.00,false
631,BLUE_5,BLUE,ARCHER,-2,3,6,0,32.00,48.00,false
631,BLUE_6,BLUE,ASSASSIN,-1,3,1,0,6.00,8.00,false
632,GREEN_1,GREEN,SCORPION_RIDER,3,-3,4,0,56.00,72.00,false
632,GREEN_2,GREEN,ARCHER,1,-2,6,0,42.00,48.00,false
632,GREEN_3,GREEN,ASSASSIN,1,-3,1,0,0.00,8.00,false
632,BLUE_4,BLUE,SCORPION_RIDER,-3,3,4,4,54.00,56.00,true
632,BLUE_5,BLUE,ARCHER,-2,3,6,2,62.00,36.00,true
632,BLUE_6,BLUE,ASSASSIN,-1,3,1,1,12.00,6.00,true
633,GREEN_1,GREEN,SCORPION_RIDER,1,-2,6,1,140.00,106.00,true
633,GREEN_2,GREEN,MAGE,2,-2,3,3,0.00,0.00,true
633,GREEN_3,GREEN,SPIDER,2,-3,2,2,0.00,0.00,true
633,BLUE_4,BLUE,SCORPION_RIDER,-3,3,6,0,102.00,108.00,false
633,BLUE_5,BLUE,MAGE,-2,3,3,0,2.00,24.00,false
633,BLUE_6,BLUE,SPIDER,-1,3,2,0,2.00,8.00,false
634,GREEN_1,GREEN,SCORPION_RIDER,1,-2,6,0,0.00,108.00,false
634,GREEN_2,GREEN,MAGE,2,-2,3,3,0.00,0.00,false
634,GREEN_3,GREEN,SPIDER,2,-3,2,0,6.00,8.00,false
634,BLUE_4,BLUE,SCORPION_RIDER,-3,3,6,6,0.00,0.00,false
634,BLUE_5,BLUE,MAGE,-2,3,3,3,0.00,0.00,false
634,BLUE_6,BLUE,SPIDER,-1,3,2,1,116.00,6.00,false
635,GREEN_1,GREEN,MAGE,3,-3,1,1,0.00,0.00,false
635,GREEN_2,GREEN,GARGOYLE,1,-3,5,5,0.00,0.00,false
635,GREEN_3,GREEN,MAGE,0,-2,4,4,0.00,0.00,false
635,GREEN_4,GREEN,GOBLIN,2,-2,1,1,0.00,0.00,false
635,BLUE_5,BLUE,MAGE,-3,3,1,1,0.00,0.00,false
635,BLUE_6,BLUE,GARGOYLE,-2,3,5,5,0.00,0.00,false
635,BLUE_7,BLUE,MAGE,-1,3,4,4,0.00,0.00,false
635,BLUE_8,BLUE,GOBLIN,0,3,1,1,0.00,0.00,false
636,GREEN_1,GREEN,MAGE,3,-3,1,0,3.00,8.00,false
636,GREEN_2,GREEN,GARGOYLE,1,-3,5,5,0.00,0.00,false
636,GREEN_3,GREEN,MAGE,0,-2,4,4,0.00,0.00,false
636,GREEN_4,GREEN,GOBLIN,2,-2,1,0,0.00,8.00,false
636,BLUE_5,BLUE,MAGE,-3,3,1,1,0.00,0.00,false
636,BLUE_6,BLUE,GARGOYLE,-2,3,5,5,0.00,0.00,false
636,BLUE_7,BLUE,MAGE,-1,3,4,4,16.00,3.00,false
636,BLUE_8,BLUE,GOBLIN,0,3,1,1,0.00,0.00,false
637,GREEN_1,GREEN,GOBLIN,1,-3,11,11,0.00,0.00,false
637,GREEN_2,GREEN,SPIDER,-1,-2,14,14,0.00,0.00,false
637,BLUE_3,BLUE,GOBLIN,-3,3,11,11,0.00,0.00,false
637,BLUE_4,BLUE,SPIDER,-2,3,14,14,0.00,0.00,false
638,GREEN_1,GREEN,GOBLIN,1,-3,11,11,0.00,0.00,false
638,GREEN_2,GREEN,SPIDER,-1,-2,14,14,0.00,0.00,false
638,BLUE_3,BLUE,GOBLIN,-3,3,11,11,0.00,0.00,false
638,BLUE_4,BLUE,SPIDER,-2,3,14,14,0.00,0.00,false
639,GREEN_1,GREEN,SPIDER,0,-3,15,12,66.00,22.00,true
639,GREEN_2,GREEN,ASSASSIN,1,-2,4,1,26.00,28.00,true
639,BLUE_3,BLUE,SPIDER,-3,3,15,0,50.00,60.00,false
639,BLUE_4,BLUE,ASSASSIN,-2,3,4,0,0.00,32.00,false
640,GREEN_1,GREEN,SPIDER,0,-3,15,15,0.00,0.00,false
640,GREEN_2,GREEN,ASSASSIN,1,-2,4,0,28.00,32.00,false
640,BLUE_3,BLUE,SPIDER,-3,3,15,15,0.00,0.00,false
640,BLUE_4,BLUE,ASSASSIN,-2,3,4,2,32.00,28.00,false
641,GREEN_1,GREEN,GOLEM,0,-3,4,1,90.00,90.00,false
641,GREEN_2,GREEN,GOLEM,2,-3,3,3,45.00,45.00,false
641,GREEN_3,GREEN,GOBLIN,1,-3,1,1,4.00,4.00,false
641,BLUE_4,BLUE,GOLEM,-3,3,4,4,82.00,53.00,false
641,BLUE_5,BLUE,GOLEM,-2,3,3,0,53.00,78.00,false
641,BLUE_6,BLUE,GOBLIN,-1,3,1,0,4.00,8.00,false
642,GREEN_1,GREEN,GOLEM,0,-3,4,4,0.00,0.00,false
642,GREEN_2,GREEN,GOLEM,2,-3,3,3,0.00,0.00,false
642,GREEN_3,GREEN,GOBLIN,1,-3,1,1,0.00,0.00,false
642,BLUE_4,BLUE,GOLEM,-3,3,4,4,0.00,0.00,false
642,BLUE_5,BLUE,GOLEM,-2,3,3,3,0.00,0.00,false
642,BLUE_6,BLUE,GOBLIN,-1,3,1,1,0.00,0.00,false
643,GREEN_1,GREEN,SCORPION_RIDER,2,-3,5,3,70.00,52.00,true
643,GREEN_2,GREEN,SPIDER,2,-2,9,9,22.00,0.00,true
643,GREEN_3,GREEN,MAGE,1,-3,1,1,42.00,2.00,true
643,BLUE_4,BLUE,SCORPION_RIDER,-3,3,5,0,50.00,90.00,false
643,BLUE_5,BLUE,SPIDER,-2,3,9,0,2.00,36.00,false
643,BLUE_6,BLUE,MAGE,-1,3,1,0,2.00,8.00,false
644,GREEN_1,GREEN,SCORPION_RIDER,2,-3,5,0,68.00,90.00,false
644,GREEN_2,GREEN,SPIDER,2,-2,9,0,14.00,36.00,false
644,GREEN_3,GREEN,MAGE,1,-3,1,0,6.00,8.00,false
644,BLUE_4,BLUE,SCORPION_RIDER,-3,3,5,1,107.00,82.00,true
644,BLUE_5,BLUE,SPIDER,-2,3,9,9,0.00,0.00,true
644,BLUE_6,BLUE,MAGE,-1,3,1,1,27.00,6.00,true
645,GREEN_1,GREEN,GOBLIN,3,-2,10,10,0.00,0.00,true
645,GREEN_2,GREEN,SCORPION_RIDER,2,-3,4,0,107.00,72.00,true
645,GREEN_3,GREEN,GARGOYLE,0,-3,1,1,71.00,0.00,true
645,GREEN_4,GREEN,GOBLIN,0,-2,2,0,6.00,16.00,true
645,BLUE_5,BLUE,GOBLIN,-3,3,10,0,34.00,80.00,false
645,BLUE_6,BLUE,SCORPION_RIDER,-2,3,4,0,47.00,72.00,false
645,BLUE_7,BLUE,GARGOYLE,-1,3,1,0,3.00,16.00,false
645,BLUE_8,BLUE,GOBLIN,0,3,2,0,4.00,16.00,false
646,GREEN_1,GREEN,GOBLIN,3,-2,10,10,0.00,0.00,false
646,GREEN_2,GREEN,SCORPION_RIDER,2,-3,4,3,65.00,66.00,false
646,GREEN_3,GREEN,GARGOYLE,0,-3,1,0,3.00,16.00,false
646,GREEN_4,GREEN,GOBLIN,0,-2,2,0,4.00,16.00,false
646,BLUE_5,BLUE,GOBLIN,-3,3,10,10,0.00,0.00,false
646,BLUE_6,BLUE,SCORPION_RIDER,-2,3,4,0,98.00,72.00,false
646,BLUE_7,BLUE,GARGOYLE,-1,3,1,1,0.00,0.00,false
646,BLUE_8,BLUE,GOBLIN,0,3,2,2,0.00,0.00,false
647,GREEN_1,GREEN,GOLEM,2,-2,4,1,117.00,96.00,false
647,GREEN_2,GREEN,MAGE,1,-3,4,4,0.00,0.00,false
647,GREEN_3,GREEN,GOBLIN,1,-2,2,2,0.00,0.00,false
647,BLUE_4,BLUE,GOLEM,-3,3,4,3,91.00,69.00,false
647,BLUE_5,BLUE,MAGE,-2,3,4,0,3.00,32.00,false
647,BLUE_6,BLUE,GOBLIN,-1,3,2,0,2.00,16.00,false
648,GREEN_1,GREEN,GOLEM,2,-2,4,0,61.00,104.00,false
648,GREEN_2,GREEN,MAGE,1,-3,4,0,21.00,32.00,false
648,GREEN_3,GREEN,GOBLIN,1,-2,2,0,4.00,16.00,false
648,BLUE_4,BLUE,GOLEM,-3,3,4,4,73.00,61.00,true
648,BLUE_5,BLUE,MAGE,-2,3,4,3,62.00,17.00,true
648,BLUE_6,BLUE,GOBLIN,-1,3,2,1,17.00,8.00,true
649,GREEN_1,GREEN,MAGE,2,-3,8,4,60.00,47.00,true
649,GREEN_2,GREEN,ASSASSIN,1,-3,2,0,20.00,16.00,true
649,GREEN_3,GREEN,SPIDER,0,-2,1,1,4.00,1.00,true
649,BLUE_4,BLUE,MAGE,-3,3,8,0,56.00,64.00,false
649,BLUE_5,BLUE,ASSASSIN,-2,3,2,0,8.00,16.00,false
649,BLUE_6,BLUE,SPIDER,-1,3,1,0,0.00,4.00,false
650,GREEN_1,GREEN,MAGE,2,-3,8,0,56.00,64.00,false
650,GREEN_2,GREEN,ASSASSIN,1,-3,2,0,6.00,16.00,false
650,GREEN_3,GREEN,SPIDER,0,-2,1,0,0.00,4.00,false
650,BLUE_4,BLUE,MAGE,-3,3,8,7,61.00,44.00,true
650,BLUE_5,BLUE,ASSASSIN,-2,3,2,1,21.00,15.00,true
650,BLUE_6,BLUE,SPIDER,-1,3,1,1,2.00,3.00,true
651,GREEN_1,GREEN,SPIDER,2,-2,14,8,44.00,28.00,false
651,GREEN_2,GREEN,SPIDER,0,-3,11,11,0.00,0.00,false
651,BLUE_3,BLUE,SPIDER,-3,3,14,14,0.00,0.00,false
651,BLUE_4,BLUE,SPIDER,-2,3,11,0,28.00,44.00,false
652,GREEN_1,GREEN,SPIDER,2,-2,14,0,42.00,56.00,false
652,GREEN_2,GREEN,SPIDER,0,-3,11,0,58.00,44.00,false
652,BLUE_3,BLUE,SPIDER,-3,3,14,0,56.00,56.00,true
652,BLUE_4,BLUE,SPIDER,-2,3,11,1,44.00,44.00,true
653,GREEN_1,GREEN,SPIDER,0,-2,15,9,70.00,32.00,true
653,GREEN_2,GREEN,MAGE,1,-3,4,4,22.00,0.00,true
653,BLUE_3,BLUE,SPIDER,-3,3,15,0,28.00,60.00,false
653,BLUE_4,BLUE,MAGE,-2,3,4,0,4.00,32.00,false
654,GREEN_1,GREEN,SPIDER,0,-2,15,0,32.00,60.00,false
654,GREEN_2,GREEN,MAGE,1,-3,4,0,5.00,32.00,false
654,BLUE_3,BLUE,SPIDER,-3,3,15,12,58.00,27.00,true
654,BLUE_4,BLUE,MAGE,-2,3,4,4,34.00,10.00,true
655,GREEN_1,GREEN,GARGOYLE,1,-2,5,5,0.00,0.00,false
655,GREEN_2,GREEN,ASSASSIN,1,-3,4,2,22.00,22.00,false
655,GREEN_3,GREEN,SCORPION_RIDER,-1,-2,1,1,14.00,12.00,false
655,GREEN_4,GREEN,SPIDER,2,-3,1,1,0.00,0.00,false
655,BLUE_5,BLUE,GARGOYLE,-3,3,5,5,0.00,0.00,false
655,BLUE_6,BLUE,ASSASSIN,-2,3,4,0,34.00,32.00,false
655,BLUE_7,BLUE,SCORPION_RIDER,-1,3,1,1,0.00,0.00,false
655,BLUE_8,BLUE,SPIDER,0,3,1,0,0.00,4.00,false
656,GREEN_1,GREEN,GARGOYLE,1,-2,5,5,0.00,0.00,false
656,GREEN_2,GREEN,ASSASSIN,1,-3,4,0,38.00,32.00,false
656,GREEN_3,GREEN,SCORPION_RIDER,-1,-2,1,0,8.00,18.00,false
656,GREEN_4,GREEN,SPIDER,2,-3,1,0,0.00,4.00,false
656,BLUE_5,BLUE,GARGOYLE,-3,3,5,5,0.00,0.00,false
656,BLUE_6,BLUE,ASSASSIN,-2,3,4,2,46.00,28.00,false
656,BLUE_7,BLUE,SCORPION_RIDER,-1,3,1,0,8.00,18.00,false
656,BLUE_8,BLUE,SPIDER,0,3,1,1,0.00,0.00,false
657,GREEN_1,GREEN,ARCHER,2,-2,7,7,0.00,0.00,false
657,GREEN_2,GREEN,SCORPION_RIDER,3,-3,4,4,0.00,0.00,false
657,BLUE_3,BLUE,ARCHER,-3,3,7,7,0.00,0.00,false
657,BLUE_4,BLUE,SCORPION_RIDER,-2,3,4,4,0.00,0.00,false
658,GREEN_1,GREEN,ARCHER,2,-2,7,7,0.00,0.00,false
658,GREEN_2,GREEN,SCORPION_RIDER,3,-3,4,4,0.00,0.00,false
658,BLUE_3,BLUE,ARCHER,-3,3,7,7,0.00,0.00,false
658,BLUE_4,BLUE,SCORPION_RIDER,-2,3,4,4,0.00,0.00,false
659,GREEN_1,GREEN,GOBLIN,1,-3,10,8,68.00,36.00,true
659,GREEN_2,GREEN,ARCHER,0,-3,7,7,72.00,8.00,true
659,GREEN_3,GREEN,GOBLIN,-1,-2,1,1,4.00,6.00,true
659,BLUE_4,BLUE,GOBLIN,-3,3,10,0,24.00,80.00,false
659,BLUE_5,BLUE,ARCHER,-2,3,7,0,26.00,56.00,false
659,BLUE_6,BLUE,GOBLIN,-1,3,1,0,0.00,8.00,false
660,GREEN_1,GREEN,GOBLIN,1,-3,10,0,28.00,80.00,false
660,GREEN_2,GREEN,ARCHER,0,-3,7,0,22.00,56.00,false
660,GREEN_3,GREEN,GOBLIN,-1,-2,1,0,4.00,8.00,false
660,BLUE_4,BLUE,GOBLIN,-3,3,10,6,76.00,46.00,true
660,BLUE_5,BLUE,ARCHER,-2,3,7,7,68.00,8.00,true
660,BLUE_6,BLUE,GOBLIN,-1,3,1,1,0.00,0.00,true
661,GREEN_1,GREEN,GOBLIN,0,-3,12,12,0.00,0.00,true
661,GREEN_2,GREEN,SPIDER,2,-3,11,7,44.00,26.00,true
661,GREEN_3,GREEN,ARCHER,3,-3,1,1,104.00,0.00,true
661,BLUE_4,BLUE,GOBLIN,-3,3,12,0,0.00,96.00,false
661,BLUE_5,BLUE,SPIDER,-2,3,11,0,24.00,44.00,false
661,BLUE_6,BLUE,ARCHER,-1,3,1,0,2.00,8.00,false
662,GREEN_1,GREEN,GOBLIN,0,-3,12,0,0.00,96.00,false
662,GREEN_2,GREEN,SPIDER,2,-3,11,0,8.00,44.00,false
662,GREEN_3,GREEN,ARCHER,3,-3,1,0,2.00,8.00,false
662,BLUE_4,BLUE,GOBLIN,-3,3,12,12,8.00,2.00,true
662,BLUE_5,BLUE,SPIDER,-2,3,11,10,112.00,8.00,true
662,BLUE_6,BLUE,ARCHER,-1,3,1,1,28.00,0.00,true
663,GREEN_1,GREEN,SCORPION_RIDER,1,-2,6,3,134.00,86.00,true
663,GREEN_2,GREEN,ASSASSIN,2,-3,3,0,14.00,24.00,true
663,GREEN_3,GREEN,GOBLIN,-1,-2,2,2,0.00,0.00,true
663,BLUE_4,BLUE,SCORPION_RIDER,-3,3,6,0,100.00,108.00,false
663,BLUE_5,BLUE,ASSASSIN,-2,3,3,0,6.00,24.00,false
663,BLUE_6,BLUE,GOBLIN,-1,3,2,0,4.00,16.00,false
664,GREEN_1,GREEN,SCORPION_RIDER,1,-2,6,0,102.00,108.00,false
664,GREEN_2,GREEN,ASSASSIN,2,-3,3,0,10.00,24.00,false
664,GREEN_3,GREEN,GOBLIN,-1,-2,2,0,8.00,16.00,false
664,BLUE_4,BLUE,SCORPION_RIDER,-3,3,6,2,120.00,104.00,true
664,BLUE_5,BLUE,ASSASSIN,-2,3,3,2,28.00,16.00,true
664,BLUE_6,BLUE,GOBLIN,-1,3,2,2,0.00,0.00,true
665,GREEN_1,GREEN,ASSASSIN,3,-2,8,0,90.00,64.00,true
665,GREEN_2,GREEN,GARGOYLE,0,-2,2,2,0.00,0.00,true
665,GREEN_3,GREEN,SPIDER,1,-2,1,1,10.00,0.00,true
665,BLUE_4,BLUE,ASSASSIN,-3,3,8,0,58.00,64.00,false
665,BLUE_5,BLUE,GARGOYLE,-2,3,2,0,6.00,32.00,false
665,BLUE_6,BLUE,SPIDER,-1,3,1,0,0.00,4.00,false
666,GREEN_1,GREEN,ASSASSIN,3,-2,8,4,54.00,50.00,false
666,GREEN_2,GREEN,GARGOYLE,0,-2,2,0,6.00,32.00,false
666,GREEN_3,GREEN,SPIDER,1,-2,1,0,0.00,4.00,false
666,BLUE_4,BLUE,ASSASSIN,-3,3,8,2,86.00,60.00,false
666,BLUE_5,BLUE,GARGOYLE,-2,3,2,2,0.00,0.00,false
666,BLUE_6,BLUE,SPIDER,-1,3,1,1,0.00,0.00,false
667,GREEN_1,GREEN,SPIDER,1,-2,15,15,0.00,0.00,false
667,GREEN_2,GREEN,GOBLIN,3,-2,8,8,0.00,0.00,false
667,GREEN_3,GREEN,ARCHER,3,-3,1,1,0.00,0.00,false
667,BLUE_4,BLUE,SPIDER,-3,3,15,15,0.00,0.00,false
667,BLUE_5,BLUE,GOBLIN,-2,3,8,8,0.00,0.00,false
667,BLUE_6,BLUE,ARCHER,-1,3,1,1,0.00,0.00,false
668,GREEN_1,GREEN,SPIDER,1,-2,15,0,0.00,60.00,false
668,GREEN_2,GREEN,GOBLIN,3,-2,8,0,0.00,64.00,false
668,GREEN_3,GREEN,ARCHER,3,-3,1,1,0.00,0.00,false
668,BLUE_4,BLUE,SPIDER,-3,3,15,15,0.00,0.00,false
668,BLUE_5,BLUE,GOBLIN,-2,3,8,8,0.00,0.00,false
668,BLUE_6,BLUE,ARCHER,-1,3,1,1,124.00,0.00,false
669,GREEN_1,GREEN,GOBLIN,1,-2,12,4,105.00,77.00,true
669,GREEN_2,GREEN,MAGE,3,-3,5,5,35.00,0.00,true
669,GREEN_3,GREEN,GOBLIN,0,-2,1,0,4.00,8.00,true
669,BLUE_4,BLUE,GOBLIN,-3,3,12,0,80.00,96.00,false
669,BLUE_5,BLUE,MAGE,-2,3,5,0,5.00,40.00,false
669,BLUE_6,BLUE,GOBLIN,-1,3,1,0,0.00,8.00,false
670,GREEN_1,GREEN,GOBLIN,1,-2,12,0,56.00,96.00,false
670,GREEN_2,GREEN,MAGE,3,-3,5,0,19.00,40.00,false
670,GREEN_3,GREEN,GOBLIN,0,-2,1,0,4.00,8.00,false
670,BLUE_4,BLUE,GOBLIN,-3,3,12,7,102.00,64.00,true
670,BLUE_5,BLUE,MAGE,-2,3,5,5,42.00,15.00,true
670,BLUE_6,BLUE,GOBLIN,-1,3,1,1,0.00,0.00,true
671,GREEN_1,GREEN,MAGE,1,-2,7,7,0.00,0.00,false
671,GREEN_2,GREEN,ASSASSIN,0,-3,3,1,28.00,16.00,false
671,GREEN_3,GREEN,SPIDER,1,-3,1,1,0.00,0.00,false
671,BLUE_4,BLUE,MAGE,-3,3,7,7,0.00,0.00,false
671,BLUE_5,BLUE,ASSASSIN,-2,3,3,0,16.00,24.00,false
671,BLUE_6,BLUE,SPIDER,-1,3,1,0,0.00,4.00,false
672,GREEN_1,GREEN,MAGE,1,-2,7,0,25.00,56.00,false
672,GREEN_2,GREEN,ASSASSIN,0,-3,3,0,0.00,24.00,false
672,GREEN_3,GREEN,SPIDER,1,-3,1,0,0.00,4.00,false
672,BLUE_4,BLUE,MAGE,-3,3,7,7,41.00,9.00,true
672,BLUE_5,BLUE,ASSASSIN,-2,3,3,2,43.00,16.00,true
672,BLUE_6,BLUE,SPIDER,-1,3,1,1,0.00,0.00,true
673,GREEN_1,GREEN,SPIDER,1,-2,15,15,0.00,0.00,false
673,GREEN_2,GREEN,SCORPION_RIDER,0,-2,3,0,48.00,54.00,false
673,GREEN_3,GREEN,GOBLIN,3,-2,2,2,0.00,0.00,false
673,BLUE_4,BLUE,SPIDER,-3,3,15,7,50.00,32.00,false
673,BLUE_5,BLUE,SCORPION_RIDER,-2,3,3,3,0.00,0.00,false
673,BLUE_6,BLUE,GOBLIN,-1,3,2,0,4.00,16.00,false
674,GREEN_1,GREEN,SPIDER,1,-2,15,0,66.00,60.00,false
674,GREEN_2,GREEN,SCORPION_RIDER,0,-2,3,0,44.00,54.00,false
674,GREEN_3,GREEN,GOBLIN,3,-2,2,0,12.00,16.00,false
674,BLUE_4,BLUE,SPIDER,-3,3,15,2,58.00,56.00,true
674,BLUE_5,BLUE,SCORPION_RIDER,-2,3,3,0,56.00,54.00,true
674,BLUE_6,BLUE,GOBLIN,-1,3,2,1,16.00,12.00,true
675,GREEN_1,GREEN,SCORPION_RIDER,3,-2,5,0,126.00,90.00,true
675,GREEN_2,GREEN,GOBLIN,0,-3,3,3,0.00,0.00,true
675,GREEN_3,GREEN,ASSASSIN,2,-2,3,1,20.00,16.00,true
675,GREEN_4,GREEN,GOBLIN,1,-3,1,1,0.00,0.00,true
675,BLUE_5,BLUE,SCORPION_RIDER,-3,3,5,0,88.00,90.00,false
675,BLUE_6,BLUE,GOBLIN,-2,3,3,0,12.00,24.00,false
675,BLUE_7,BLUE,ASSASSIN,-1,3,3,0,6.00,24.00,false
675,BLUE_8,BLUE,GOBLIN,0,3,1,0,0.00,8.00,false
676,GREEN_1,GREEN,SCORPION_RIDER,3,-2,5,5,0.00,0.00,false
676,GREEN_2,GREEN,GOBLIN,0,-3,3,0,12.00,24.00,false
676,GREEN_3,GREEN,ASSASSIN,2,-2,3,3,0.00,0.00,false
676,GREEN_4,GREEN,GOBLIN,1,-3,1,0,4.00,8.00,false
676,BLUE_5,BLUE,SCORPION_RIDER,-3,3,5,5,0.00,0.00,false
676,BLUE_6,BLUE,GOBLIN,-2,3,3,3,0.00,0.00,false
676,BLUE_7,BLUE,ASSASSIN,-1,3,3,1,32.00,16.00,false
676,BLUE_8,BLUE,GOBLIN,0,3,1,1,0.00,0.00,false
677,GREEN_1,GREEN,ASSASSIN,0,-2,8,1,68.00,60.00,true
677,GREEN_2,GREEN,SPIDER,-1,-2,6,1,20.00,22.00,true
677,BLUE_3,BLUE,ASSASSIN,-3,3,8,0,56.00,64.00,false
677,BLUE_4,BLUE,SPIDER,-2,3,6,0,26.00,24.00,false
678,GREEN_1,GREEN,ASSASSIN,0,-2,8,7,38.00,32.00,false
678,GREEN_2,GREEN,SPIDER,-1,-2,6,0,8.00,24.00,false
678,BLUE_3,BLUE,ASSASSIN,-3,3,8,3,56.00,46.00,false
678,BLUE_4,BLUE,SPIDER,-2,3,6,6,0.00,0.00,false
679,GREEN_1,GREEN,SPIDER,3,-3,16,13,44.00,24.00,true
679,GREEN_2,GREEN,GOLEM,2,-3,2,0,20.00,52.00,true
679,GREEN_3,GREEN,SPIDER,1,-3,2,1,60.00,6.00,true
679,BLUE_4,BLUE,SPIDER,-3,3,16,0,76.00,64.00,false
679,BLUE_5,BLUE,GOLEM,-2,3,2,0,0.00,52.00,false
679,BLUE_6,BLUE,SPIDER,-1,3,2,0,6.00,8.00,false
680,GREEN_1,GREEN,SPIDER,3,-3,16,0,64.00,64.00,false
680,GREEN_2,GREEN,GOLEM,2,-3,2,0,0.00,52.00,false
680,GREEN_3,GREEN,SPIDER,1,-3,2,0,2.00,8.00,false
680,BLUE_4,BLUE,SPIDER,-3,3,16,3,114.00,56.00,true
680,BLUE_5,BLUE,GOLEM,-2,3,2,2,10.00,10.00,true
680,BLUE_6,BLUE,SPIDER,-1,3,2,2,0.00,0.00,true
681,GREEN_1,GREEN,SCORPION_RIDER,0,-3,5,1,78.00,88.00,true
681,GREEN_2,GREEN,ARCHER,2,-3,5,1,50.00,36.00,true
681,GREEN_3,GREEN,SPIDER,2,-2,1,1,6.00,2.00,true
681,BLUE_4,BLUE,SCORPION_RIDER,-3,3,5,0,88.00,90.00,false
681,BLUE_5,BLUE,ARCHER,-2,3,5,0,36.00,40.00,false
681,BLUE_6,BLUE,SPIDER,-1,3,1,0,2.00,4.00,false
682,GREEN_1,GREEN,SCORPION_RIDER,0,-3,5,5,40.00,32.00,false
682,GREEN_2,GREEN,ARCHER,2,-3,5,0,6.00,40.00,false
682,GREEN_3,GREEN,SPIDER,2,-2,1,0,0.00,4.00,false
682,BLUE_4,BLUE,SCORPION_RIDER,-3,3,5,4,76.00,46.00,false
682,BLUE_5,BLUE,ARCHER,-2,3,5,5,0.00,0.00,false
682,BLUE_6,BLUE,SPIDER,-1,3,1,1,0.00,0.00,false
683,GREEN_1,GREEN,SPIDER,-1,-2,14,14,0.00,0.00,false
683,GREEN_2,GREEN,SCORPION_RIDER,2,-3,4,0,100.00,90.00,false
683,BLUE_3,BLUE,SPIDER,-3,3,14,0,44.00,56.00,false
683,BLUE_4,BLUE,SCORPION_RIDER,-2,3,4,2,46.00,44.00,false
684,GREEN_1,GREEN,SPIDER,-1,-2,14,0,50.00,56.00,false
684,GREEN_2,GREEN,SCORPION_RIDER,2,-3,4,0,32.00,72.00,false
684,BLUE_3,BLUE,SPIDER,-3,3,14,13,64.00,10.00,true
684,BLUE_4,BLUE,SCORPION_RIDER,-2,3,4,0,64.00,72.00,true
685,GREEN_1,GREEN,ASSASSIN,2,-2,8,1,96.00,62.00,true
685,GREEN_2,GREEN,GOLEM,3,-3,1,1,0.00,0.00,true
685,GREEN_3,GREEN,ASSASSIN,0,-3,1,1,2.00,6.00,true
685,BLUE_4,BLUE,ASSASSIN,-3,3,8,0,55.00,64.00,false
685,BLUE_5,BLUE,GOLEM,-2,3,1,0,7.00,26.00,false
685,BLUE_6,BLUE,ASSASSIN,-1,3,1,0,6.00,8.00,false
686,GREEN_1,GREEN,ASSASSIN,2,-2,8,0,73.00,64.00,false
686,GREEN_2,GREEN,GOLEM,3,-3,1,1,4.00,4.00,false
686,GREEN_3,GREEN,ASSASSIN,0,-3,1,0,6.00,8.00,false
686,BLUE_4,BLUE,ASSASSIN,-3,3,8,1,56.00,62.00,false
686,BLUE_5,BLUE,GOLEM,-2,3,1,1,11.00,13.00,false
686,BLUE_6,BLUE,ASSASSIN,-1,3,1,0,9.00,8.00,false
687,GREEN_1,GREEN,SPIDER,1,-3,14,0,59.00,56.00,false
687,GREEN_2,GREEN,GARGOYLE,3,-3,4,1,58.00,63.00,false
687,GREEN_3,GREEN,SPIDER,-1,-2,1,1,0.00,0.00,false
687,BLUE_4,BLUE,SPIDER,-3,3,14,4,76.00,49.00,false
687,BLUE_5,BLUE,GARGOYLE,-2,3,4,0,43.00,64.00,false
687,BLUE_6,BLUE,SPIDER,-1,3,1,0,0.00,4.00,false
688,GREEN_1,GREEN,SPIDER,1,-3,14,14,0.00,0.00,false
688,GREEN_2,GREEN,GARGOYLE,3,-3,4,4,0.00,0.00,false
688,GREEN_3,GREEN,SPIDER,-1,-2,1,1,0.00,0.00,false
688,BLUE_4,BLUE,SPIDER,-3,3,14,14,0.00,0.00,false
688,BLUE_5,BLUE,GARGOYLE,-2,3,4,4,0.00,0.00,false
688,BLUE_6,BLUE,SPIDER,-1,3,1,1,0.00,0.00,false
689,GREEN_1,GREEN,GARGOYLE,3,-3,5,5,0.00,0.00,false
689,GREEN_2,GREEN,GARGOYLE,0,-3,4,4,0.00,0.00,false
689,GREEN_3,GREEN,GARGOYLE,2,-3,1,1,8.00,0.00,false
689,GREEN_4,GREEN,GOBLIN,1,-2,1,1,0.00,0.00,false
689,BLUE_5,BLUE,GARGOYLE,-3,3,5,5,0.00,0.00,false
689,BLUE_6,BLUE,GARGOYLE,-2,3,4,4,0.00,0.00,false
689,BLUE_7,BLUE,GARGOYLE,-1,3,1,1,0.00,0.00,false
689,BLUE_8,BLUE,GOBLIN,0,3,1,0,0.00,8.00,false
690,GREEN_1,GREEN,GARGOYLE,3,-3,5,0,83.00,80.00,false
690,GREEN_2,GREEN,GARGOYLE,0,-3,4,0,67.00,64.00,false
690,GREEN_3,GREEN,GARGOYLE,2,-3,1,0,0.00,16.00,false
690,GREEN_4,GREEN,GOBLIN,1,-2,1,0,0.00,8.00,false
690,BLUE_5,BLUE,GARGOYLE,-3,3,5,3,98.00,83.00,true
690,BLUE_6,BLUE,GARGOYLE,-2,3,4,3,64.00,58.00,true
690,BLUE_7,BLUE,GARGOYLE,-1,3,1,1,6.00,9.00,true
690,BLUE_8,BLUE,GOBLIN,0,3,1,1,0.00,0.00,true
691,GREEN_1,GREEN,SPIDER,3,-3,13,8,52.00,28.00,true
691,GREEN_2,GREEN,GOLEM,0,-2,3,3,74.00,50.00,true
691,GREEN_3,GREEN,ARCHER,-1,-2,1,1,12.00,0.00,true
691,BLUE_4,BLUE,SPIDER,-3,3,13,0,28.00,52.00,false
691,BLUE_5,BLUE,GOLEM,-2,3,3,0,50.00,78.00,false
691,BLUE_6,BLUE,ARCHER,-1,3,1,0,0.00,8.00,false
692,GREEN_1,GREEN,SPIDER,3,-3,13,0,2.00,52.00,false
692,GREEN_2,GREEN,GOLEM,0,-2,3,0,35.00,78.00,false
692,GREEN_3,GREEN,ARCHER,-1,-2,1,0,0.00,8.00,false
692,BLUE_4,BLUE,SPIDER,-3,3,13,13,0.00,0.00,true
692,BLUE_5,BLUE,GOLEM,-2,3,3,3,73.00,35.00,true
692,BLUE_6,BLUE,ARCHER,-1,3,1,1,65.00,2.00,true
693,GREEN_1,GREEN,SPIDER,0,-2,14,10,72.00,31.00,true
693,GREEN_2,GREEN,ARCHER,-1,-2,4,4,32.00,4.00,true
693,GREEN_3,GREEN,GARGOYLE,2,-3,1,1,0.00,0.00,true
693,BLUE_4,BLUE,SPIDER,-3,3,14,0,20.00,56.00,false
693,BLUE_5,BLUE,ARCHER,-2,3,4,0,12.00,32.00,false
693,BLUE_6,BLUE,GARGOYLE,-1,3,1,0,3.00,16.00,false
694,GREEN_1,GREEN,SPIDER,0,-2,14,0,18.00,56.00,false
694,GREEN_2,GREEN,ARCHER,-1,-2,4,0,12.00,32.00,false
694,GREEN_3,GREEN,GARGOYLE,2,-3,1,0,3.00,16.00,false
694,BLUE_4,BLUE,SPIDER,-3,3,14,10,60.00,26.00,true
694,BLUE_5,BLUE,ARCHER,-2,3,4,4,41.00,7.00,true
694,BLUE_6,BLUE,GARGOYLE,-1,3,1,1,3.00,0.00,true
695,GREEN_1,GREEN,GOLEM,0,-3,4,4,0.00,0.00,false
695,GREEN_2,GREEN,SCORPION_RIDER,1,-3,4,1,76.00,62.00,false
695,GREEN_3,GREEN,SPIDER,-1,-2,1,1,0.00,0.00,false
695,BLUE_4,BLUE,GOLEM,-3,3,4,4,0.00,0.00,false
695,BLUE_5,BLUE,SCORPION_RIDER,-2,3,4,0,62.00,72.00,false
695,BLUE_6,BLUE,SPIDER,-1,3,1,0,0.00,4.00,false
696,GREEN_1,GREEN,GOLEM,0,-3,4,4,0.00,0.00,false
696,GREEN_2,GREEN,SCORPION_RIDER,1,-3,4,4,0.00,0.00,false
696,GREEN_3,GREEN,SPIDER,-1,-2,1,1,0.00,0.00,false
696,BLUE_4,BLUE,GOLEM,-3,3,4,4,0.00,0.00,false
696,BLUE_5,BLUE,SCORPION_RIDER,-2,3,4,4,0.00,0.00,false
696,BLUE_6,BLUE,SPIDER,-1,3,1,1,0.00,0.00,false
709,GREEN_1,GREEN,ASSASSIN,1,-3,7,2,54.00,40.00,true
709,GREEN_2,GREEN,ASSASSIN,1,-2,3,2,24.00,20.00,true
709,GREEN_3,GREEN,SPIDER,2,-3,1,1,6.00,0.00,true
709,BLUE_4,BLUE,ASSASSIN,-3,3,7,0,42.00,56.00,false
709,BLUE_5,BLUE,ASSASSIN,-2,3,3,0,18.00,24.00,false
709,BLUE_6,BLUE,SPIDER,-1,3,1,0,0.00,4.00,false
710,GREEN_1,GREEN,ASSASSIN,1,-3,7,0,60.00,56.00,false
710,GREEN_2,GREEN,ASSASSIN,1,-2,3,0,12.00,24.00,false
710,GREEN_3,GREEN,SPIDER,2,-3,1,0,0.00,4.00,false
710,BLUE_4,BLUE,ASSASSIN,-3,3,7,1,62.00,54.00,true
710,BLUE_5,BLUE,ASSASSIN,-2,3,3,3,22.00,18.00,true
710,BLUE_6,BLUE,SPIDER,-1,3,1,1,0.00,0.00,true
711,GREEN_1,GREEN,SPIDER,2,-3,15,5,56.00,46.00,true
711,GREEN_2,GREEN,ASSASSIN,3,-3,4,1,36.00,30.00,true
711,BLUE_3,BLUE,SPIDER,-3,3,15,0,54.00,60.00,false
711,BLUE_4,BLUE,ASSASSIN,-2,3,4,0,22.00,32.00,false
712,GREEN_1,GREEN,SPIDER,2,-3,15,11,22.00,16.00,false
712,GREEN_2,GREEN,ASSASSIN,3,-3,4,4,0.00,0.00,false
712,BLUE_3,BLUE,SPIDER,-3,3,15,15,0.00,0.00,false
712,BLUE_4,BLUE,ASSASSIN,-2,3,4,3,16.00,22.00,false
709,GREEN_1,GREEN,SPIDER,3,-3,15,0,28.00,60.00,false
709,GREEN_2,GREEN,GOLEM,-1,-2,3,0,16.00,78.00,false
709,BLUE_3,BLUE,SPIDER,-3,3,15,9,93.00,28.00,true
709,BLUE_4,BLUE,ARCHER,0,2,4,4,44.00,0.00,true
709,BLUE_5,BLUE,GOBLIN,-2,2,2,0,1.00,16.00,true
710,GREEN_1,GREEN,SPIDER,3,-3,15,0,0.00,60.00,false
710,GREEN_2,GREEN,GOLEM,-1,-2,3,0,16.00,78.00,false
710,BLUE_3,BLUE,SPIDER,-3,3,15,15,49.00,0.00,true
710,BLUE_4,BLUE,ARCHER,0,2,4,4,88.00,0.00,true
710,BLUE_5,BLUE,GOBLIN,-2,2,2,0,1.00,16.00,true
711,GREEN_1,GREEN,ASSASSIN,1,-3,8,0,118.00,76.00,false
711,GREEN_2,GREEN,MAGE,2,-3,2,2,12.00,0.00,false
711,GREEN_3,GREEN,SPIDER,3,-3,1,0,0.00,4.00,false
711,BLUE_4,BLUE,GOLEM,-1,2,4,4,38.00,48.00,false
711,BLUE_5,BLUE,GARGOYLE,-3,2,3,0,21.00,48.00,false
711,BLUE_6,BLUE,SCORPION_RIDER,-1,3,1,0,13.00,18.00,false
711,BLUE_7,BLUE,GOBLIN,0,3,2,0,8.00,16.00,false
712,GREEN_1,GREEN,ASSASSIN,1,-3,8,0,114.00,76.00,false
712,GREEN_2,GREEN,MAGE,2,-3,2,2,9.00,0.00,false
712,GREEN_3,GREEN,SPIDER,3,-3,1,1,0.00,0.00,false
712,BLUE_4,BLUE,GOLEM,-1,2,4,3,47.00,53.00,false
712,BLUE_5,BLUE,GARGOYLE,-3,2,3,0,21.00,48.00,false
712,BLUE_6,BLUE,SCORPION_RIDER,-1,3,1,1,0.00,6.00,false
712,BLUE_7,BLUE,GOBLIN,0,3,2,0,8.00,16.00,false
709,GREEN_1,GREEN,SPIDER,1,-3,14,14,112.00,5.00,true
709,GREEN_2,GREEN,SPIDER,0,-2,9,0,28.00,36.00,true
709,GREEN_3,GREEN,ARCHER,3,-3,1,0,4.00,8.00,true
709,BLUE_4,BLUE,GOLEM,-3,3,4,0,35.00,104.00,false
709,BLUE_5,BLUE,MAGE,-2,3,5,0,14.00,40.00,false
710,GREEN_1,GREEN,SPIDER,1,-3,14,10,108.00,20.00,true
710,GREEN_2,GREEN,SPIDER,0,-2,9,0,32.00,36.00,true
710,GREEN_3,GREEN,ARCHER,3,-3,1,0,4.00,8.00,true
710,BLUE_4,BLUE,GOLEM,-3,3,4,0,32.00,104.00,false
710,BLUE_5,BLUE,MAGE,-2,3,5,0,32.00,40.00,false
711,GREEN_1,GREEN,ASSASSIN,2,-3,8,0,56.00,64.00,false
711,GREEN_2,GREEN,SCORPION_RIDER,2,-2,2,0,20.00,36.00,false
711,GREEN_3,GREEN,SPIDER,0,-3,1,1,0.00,0.00,false
711,BLUE_4,BLUE,SCORPION_RIDER,-3,3,6,6,28.00,18.00,false
711,BLUE_5,BLUE,GOBLIN,-3,2,9,4,72.00,58.00,false
712,GREEN_1,GREEN,ASSASSIN,2,-3,8,0,56.00,64.00,false
712,GREEN_2,GREEN,SCORPION_RIDER,2,-2,2,2,0.00,0.00,false
712,GREEN_3,GREEN,SPIDER,0,-3,1,1,0.00,0.00,false
712,BLUE_4,BLUE,SCORPION_RIDER,-3,3,6,6,28.00,18.00,false
712,BLUE_5,BLUE,GOBLIN,-3,2,9,8,36.00,38.00,false
709,GREEN_1,GREEN,SPIDER,2,-2,14,14,0.00,0.00,false
709,GREEN_2,GREEN,GOBLIN,0,-2,11,0,86.00,88.00,false
709,BLUE_3,BLUE,GOBLIN,-1,2,9,5,32.00,40.00,false
709,BLUE_4,BLUE,GOLEM,-3,3,4,4,52.00,38.00,false
709,BLUE_5,BLUE,ASSASSIN,0,3,1,0,4.00,8.00,false
710,GREEN_1,GREEN,SPIDER,2,-2,14,14,0.00,0.00,false
710,GREEN_2,GREEN,GOBLIN,0,-2,11,0,86.00,88.00,false
710,BLUE_3,BLUE,GOBLIN,-1,2,9,5,32.00,40.00,false
710,BLUE_4,BLUE,GOLEM,-3,3,4,4,52.00,38.00,false
710,BLUE_5,BLUE,ASSASSIN,0,3,1,0,4.00,8.00,false
711,GREEN_1,GREEN,MAGE,1,-3,7,0,53.00,56.00,true
711,GREEN_2,GREEN,GARGOYLE,0,-3,3,3,33.00,12.00,true
711,GREEN_3,GREEN,SPIDER,-1,-2,1,0,2.00,4.00,true
711,BLUE_4,BLUE,MAGE,-3,2,8,0,64.00,64.00,false
711,BLUE_5,BLUE,MAGE,-1,3,2,0,8.00,16.00,false
711,BLUE_6,BLUE,GOBLIN,-3,3,1,0,0.00,8.00,false
712,GREEN_1,GREEN,MAGE,1,-3,7,0,58.00,56.00,true
712,GREEN_2,GREEN,GARGOYLE,0,-3,3,3,28.00,7.00,true
712,GREEN_3,GREEN,SPIDER,-1,-2,1,0,2.00,4.00,true
712,BLUE_4,BLUE,MAGE,-3,2,8,0,55.00,64.00,false
712,BLUE_5,BLUE,MAGE,-1,3,2,0,12.00,16.00,false
712,BLUE_6,BLUE,GOBLIN,-3,3,1,0,0.00,8.00,false
713,GREEN_1,GREEN,MAGE,0,-3,7,7,0.00,0.00,false
713,GREEN_2,GREEN,MAGE,3,-3,3,1,28.00,22.00,false
713,GREEN_3,GREEN,SPIDER,1,-3,1,1,0.00,0.00,false
713,BLUE_4,BLUE,MAGE,-3,3,7,7,0.00,0.00,false
713,BLUE_5,BLUE,MAGE,-2,3,3,0,20.00,24.00,false
713,BLUE_6,BLUE,SPIDER,-1,3,1,0,2.00,4.00,false
714,GREEN_1,GREEN,MAGE,0,-3,7,7,0.00,0.00,false
714,GREEN_2,GREEN,MAGE,3,-3,3,0,11.00,24.00,false
714,GREEN_3,GREEN,SPIDER,1,-3,1,0,0.00,4.00,false
714,BLUE_4,BLUE,MAGE,-3,3,7,6,28.00,11.00,false
714,BLUE_5,BLUE,MAGE,-2,3,3,3,0.00,0.00,false
714,BLUE_6,BLUE,SPIDER,-1,3,1,1,0.00,0.00,false
715,GREEN_1,GREEN,ASSASSIN,3,-3,3,1,32.00,20.00,true
715,GREEN_2,GREEN,ASSASSIN,1,-3,1,1,8.00,6.00,true
715,GREEN_3,GREEN,ARCHER,0,-2,7,5,56.00,24.00,true
715,GREEN_4,GREEN,GOBLIN,3,-2,1,1,0.00,0.00,true
715,BLUE_5,BLUE,ASSASSIN,-3,3,3,0,0.00,24.00,false
715,BLUE_6,BLUE,ASSASSIN,-2,3,1,0,6.00,8.00,false
715,BLUE_7,BLUE,ARCHER,-1,3,7,0,40.00,56.00,false
715,BLUE_8,BLUE,GOBLIN,0,3,1,0,4.00,8.00,false
716,GREEN_1,GREEN,ASSASSIN,3,-3,3,3,0.00,0.00,false
716,GREEN_2,GREEN,ASSASSIN,1,-3,1,0,2.00,8.00,false
716,GREEN_3,GREEN,ARCHER,0,-2,7,7,14.00,18.00,false
716,GREEN_4,GREEN,GOBLIN,3,-2,1,0,4.00,8.00,false
716,BLUE_5,BLUE,ASSASSIN,-3,3,3,2,26.00,16.00,false
716,BLUE_6,BLUE,ASSASSIN,-2,3,1,1,8.00,4.00,false
716,BLUE_7,BLUE,ARCHER,-1,3,7,7,0.00,0.00,false
716,BLUE_8,BLUE,GOBLIN,0,3,1,1,0.00,0.00,false
717,GREEN_1,GREEN,ARCHER,2,-3,8,8,0.00,0.00,false
717,GREEN_2,GREEN,GOBLIN,3,-3,6,6,0.00,0.00,false
717,GREEN_3,GREEN,GOBLIN,0,-3,3,3,0.00,0.00,false
717,BLUE_4,BLUE,ARCHER,-3,3,8,8,0.00,0.00,false
717,BLUE_5,BLUE,GOBLIN,-2,3,6,6,0.00,0.00,false
717,BLUE_6,BLUE,GOBLIN,-1,3,3,3,0.00,0.00,false
718,GREEN_1,GREEN,ARCHER,2,-3,8,0,52.00,64.00,false
718,GREEN_2,GREEN,GOBLIN,3,-3,6,0,0.00,48.00,false
718,GREEN_3,GREEN,GOBLIN,0,-3,3,0,0.00,24.00,false
718,BLUE_4,BLUE,ARCHER,-3,3,8,2,124.00,48.00,true
718,BLUE_5,BLUE,GOBLIN,-2,3,6,6,0.00,0.00,true
718,BLUE_6,BLUE,GOBLIN,-1,3,3,3,12.00,4.00,true
719,GREEN_1,GREEN,GARGOYLE,3,-3,6,6,0.00,0.00,false
719,GREEN_2,GREEN,GOBLIN,0,-3,10,10,0.00,0.00,false
719,GREEN_3,GREEN,GOBLIN,0,-2,1,1,0.00,0.00,false
719,BLUE_4,BLUE,GARGOYLE,-3,3,6,6,0.00,0.00,false
719,BLUE_5,BLUE,GOBLIN,-2,3,10,10,0.00,0.00,false
719,BLUE_6,BLUE,GOBLIN,-1,3,1,1,0.00,0.00,false
720,GREEN_1,GREEN,GARGOYLE,3,-3,6,6,0.00,0.00,false
720,GREEN_2,GREEN,GOBLIN,0,-3,10,10,0.00,0.00,false
720,GREEN_3,GREEN,GOBLIN,0,-2,1,1,0.00,0.00,false
720,BLUE_4,BLUE,GARGOYLE,-3,3,6,6,0.00,0.00,false
720,BLUE_5,BLUE,GOBLIN,-2,3,10,10,0.00,0.00,false
720,BLUE_6,BLUE,GOBLIN,-1,3,1,1,0.00,0.00,false
721,GREEN_1,GREEN,GOLEM,-1,-2,4,4,0.00,0.00,false
721,GREEN_2,GREEN,SCORPION_RIDER,2,-2,4,4,0.00,0.00,false
721,GREEN_3,GREEN,SPIDER,3,-2,1,1,0.00,0.00,false
721,BLUE_4,BLUE,GOLEM,-3,3,4,4,0.00,0.00,false
721,BLUE_5,BLUE,SCORPION_RIDER,-2,3,4,4,0.00,0.00,false
721,BLUE_6,BLUE,SPIDER,-1,3,1,1,0.00,0.00,false
722,GREEN_1,GREEN,GOLEM,-1,-2,4,4,0.00,0.00,false
722,GREEN_2,GREEN,SCORPION_RIDER,2,-2,4,3,70.00,58.00,false
722,GREEN_3,GREEN,SPIDER,3,-2,1,0,0.00,4.00,false
722,BLUE_4,BLUE,GOLEM,-3,3,4,4,0.00,0.00,false
722,BLUE_5,BLUE,SCORPION_RIDER,-2,3,4,1,62.00,70.00,false
722,BLUE_6,BLUE,SPIDER,-1,3,1,1,0.00,0.00,false
723,GREEN_1,GREEN,GOBLIN,1,-3,11,11,0.00,0.00,false
723,GREEN_2,GREEN,SPIDER,0,-2,12,12,0.00,0.00,false
723,GREEN_3,GREEN,ARCHER,3,-3,1,1,0.00,0.00,false
723,BLUE_4,BLUE,GOBLIN,-3,3,11,11,0.00,0.00,false
723,BLUE_5,BLUE,SPIDER,-2,3,12,12,0.00,0.00,false
723,BLUE_6,BLUE,ARCHER,-1,3,1,1,0.00,0.00,false
724,GREEN_1,GREEN,GOBLIN,1,-3,11,11,0.00,0.00,false
724,GREEN_2,GREEN,SPIDER,0,-2,12,12,0.00,0.00,false
724,GREEN_3,GREEN,ARCHER,3,-3,1,1,0.00,0.00,false
724,BLUE_4,BLUE,GOBLIN,-3,3,11,11,0.00,0.00,false
724,BLUE_5,BLUE,SPIDER,-2,3,12,12,0.00,0.00,false
724,BLUE_6,BLUE,ARCHER,-1,3,1,1,0.00,0.00,false
725,GREEN_1,GREEN,GOLEM,2,-2,4,4,89.00,48.00,false
725,GREEN_2,GREEN,SPIDER,1,-3,9,9,0.00,0.00,false
725,GREEN_3,GREEN,GOBLIN,2,-3,2,2,4.00,0.00,false
725,BLUE_4,BLUE,GOLEM,-3,3,4,4,38.00,41.00,false
725,BLUE_5,BLUE,SPIDER,-2,3,9,0,8.00,36.00,false
725,BLUE_6,BLUE,GOBLIN,-1,3,2,0,2.00,16.00,false
726,GREEN_1,GREEN,GOLEM,2,-2,4,0,69.00,104.00,false
726,GREEN_2,GREEN,SPIDER,1,-3,9,0,15.00,36.00,false
726,GREEN_3,GREEN,GOBLIN,2,-3,2,0,12.00,16.00,false
726,BLUE_4,BLUE,GOLEM,-3,3,4,2,136.00,82.00,true
726,BLUE_5,BLUE,SPIDER,-2,3,9,9,0.00,0.00,true
726,BLUE_6,BLUE,GOBLIN,-1,3,2,1,20.00,14.00,true
727,GREEN_1,GREEN,ARCHER,2,-3,8,3,88.00,52.00,true
727,GREEN_2,GREEN,ARCHER,3,-3,4,2,12.00,20.00,true
727,GREEN_3,GREEN,SPIDER,3,-2,1,1,0.00,0.00,true
727,BLUE_4,BLUE,ARCHER,-3,3,8,0,60.00,64.00,false
727,BLUE_5,BLUE,ARCHER,-2,3,4,0,12.00,32.00,false
727,BLUE_6,BLUE,SPIDER,-1,3,1,0,0.00,4.00,false
728,GREEN_1,GREEN,ARCHER,2,-3,8,8,0.00,0.00,false
728,GREEN_2,GREEN,ARCHER,3,-3,4,0,20.00,32.00,false
728,GREEN_3,GREEN,SPIDER,3,-2,1,0,2.00,4.00,false
728,BLUE_4,BLUE,ARCHER,-3,3,8,8,0.00,0.00,false
728,BLUE_5,BLUE,ARCHER,-2,3,4,3,30.00,16.00,false
728,BLUE_6,BLUE,SPIDER,-1,3,1,0,6.00,6.00,false
729,GREEN_1,GREEN,GOBLIN,3,-3,4,4,0.00,0.00,false
729,GREEN_2,GREEN,GARGOYLE,3,-2,5,5,0.00,0.00,false
729,GREEN_3,GREEN,ASSASSIN,1,-2,4,1,22.00,24.00,false
729,BLUE_4,BLUE,GOBLIN,-3,3,4,2,24.00,22.00,false
729,BLUE_5,BLUE,GARGOYLE,-2,3,5,5,0.00,0.00,false
729,BLUE_6,BLUE,ASSASSIN,-1,3,4,4,0.00,0.00,false
730,GREEN_1,GREEN,GOBLIN,3,-3,4,2,24.00,22.00,false
730,GREEN_2,GREEN,GARGOYLE,3,-2,5,5,0.00,0.00,false
730,GREEN_3,GREEN,ASSASSIN,1,-2,4,4,0.00,0.00,false
730,BLUE_4,BLUE,GOBLIN,-3,3,4,4,0.00,0.00,false
730,BLUE_5,BLUE,GARGOYLE,-2,3,5,5,0.00,0.00,false
730,BLUE_6,BLUE,ASSASSIN,-1,3,4,1,22.00,24.00,false
731,GREEN_1,GREEN,GOBLIN,0,-3,11,11,0.00,0.00,true
731,GREEN_2,GREEN,GARGOYLE,0,-2,5,4,176.00,58.00,true
731,GREEN_3,GREEN,SPIDER,-1,-2,2,2,0.00,0.00,true
731,BLUE_4,BLUE,GOBLIN,-3,3,11,0,0.00,88.00,false
731,BLUE_5,BLUE,GARGOYLE,-2,3,5,0,58.00,80.00,false
731,BLUE_6,BLUE,SPIDER,-1,3,2,0,0.00,8.00,false
732,GREEN_1,GREEN,GOBLIN,0,-3,11,11,0.00,0.00,false
732,GREEN_2,GREEN,GARGOYLE,0,-2,5,5,0.00,0.00,false
732,GREEN_3,GREEN,SPIDER,-1,-2,2,2,0.00,0.00,false
732,BLUE_4,BLUE,GOBLIN,-3,3,11,11,0.00,0.00,false
732,BLUE_5,BLUE,GARGOYLE,-2,3,5,5,0.00,0.00,false
732,BLUE_6,BLUE,SPIDER,-1,3,2,2,0.00,0.00,false
733,GREEN_1,GREEN,ASSASSIN,2,-2,8,5,76.00,50.00,true
733,GREEN_2,GREEN,MAGE,3,-3,2,2,12.00,0.00,true
733,GREEN_3,GREEN,GOBLIN,1,-3,1,1,0.00,0.00,true
733,BLUE_4,BLUE,ASSASSIN,-3,3,8,0,44.00,64.00,false
733,BLUE_5,BLUE,MAGE,-2,3,2,0,2.00,16.00,false
733,BLUE_6,BLUE,GOBLIN,-1,3,1,0,4.00,8.00,false
734,GREEN_1,GREEN,ASSASSIN,2,-2,8,0,45.00,64.00,false
734,GREEN_2,GREEN,MAGE,3,-3,2,0,1.00,16.00,false
734,GREEN_3,GREEN,GOBLIN,1,-3,1,0,4.00,8.00,false
734,BLUE_4,BLUE,ASSASSIN,-3,3,8,3,77.00,50.00,true
734,BLUE_5,BLUE,MAGE,-2,3,2,2,9.00,0.00,true
734,BLUE_6,BLUE,GOBLIN,-1,3,1,1,2.00,0.00,true
735,GREEN_1,GREEN,ARCHER,2,-3,7,7,44.00,4.00,true
735,GREEN_2,GREEN,GOBLIN,0,-3,10,5,96.00,62.00,true
735,GREEN_3,GREEN,GOBLIN,3,-3,1,0,4.00,8.00,true
735,BLUE_4,BLUE,ARCHER,-3,3,7,0,16.00,56.00,false
735,BLUE_5,BLUE,GOBLIN,-2,3,10,0,58.00,80.00,false
735,BLUE_6,BLUE,GOBLIN,-1,3,1,0,0.00,8.00,false
736,GREEN_1,GREEN,ARCHER,2,-3,7,0,20.00,56.00,false
736,GREEN_2,GREEN,GOBLIN,0,-3,10,0,14.00,80.00,false
736,GREEN_3,GREEN,GOBLIN,3,-3,1,0,4.00,8.00,false
736,BLUE_4,BLUE,ARCHER,-3,3,7,7,72.00,8.00,true
736,BLUE_5,BLUE,GOBLIN,-2,3,10,9,64.00,26.00,true
736,BLUE_6,BLUE,GOBLIN,-1,3,1,1,8.00,4.00,true
737,GREEN_1,GREEN,GOBLIN,2,-3,10,1,74.00,78.00,true
737,GREEN_2,GREEN,GARGOYLE,1,-3,6,6,101.00,26.00,true
737,GREEN_3,GREEN,GOBLIN,3,-3,1,1,9.00,4.00,true
737,BLUE_4,BLUE,GOBLIN,-3,3,10,0,20.00,80.00,false
737,BLUE_5,BLUE,GARGOYLE,-2,3,6,0,84.00,96.00,false
737,BLUE_6,BLUE,GOBLIN,-1,3,1,0,4.00,8.00,false
738,GREEN_1,GREEN,GOBLIN,2,-3,10,0,20.00,80.00,false
738,GREEN_2,GREEN,GARGOYLE,1,-3,6,0,56.00,96.00,false
738,GREEN_3,GREEN,GOBLIN,3,-3,1,0,0.00,8.00,false
738,BLUE_4,BLUE,GOBLIN,-3,3,10,6,73.00,50.00,true
738,BLUE_5,BLUE,GARGOYLE,-2,3,6,6,111.00,26.00,true
738,BLUE_6,BLUE,GOBLIN,-1,3,1,1,0.00,0.00,true
739,GREEN_1,GREEN,GARGOYLE,1,-3,6,6,0.00,0.00,false
739,GREEN_2,GREEN,GOLEM,2,-3,3,3,0.00,0.00,false
739,GREEN_3,GREEN,GOBLIN,0,-3,1,1,0.00,0.00,false
739,BLUE_4,BLUE,GARGOYLE,-3,3,6,6,0.00,0.00,false
739,BLUE_5,BLUE,GOLEM,-2,3,3,3,0.00,0.00,false
739,BLUE_6,BLUE,GOBLIN,-1,3,1,1,0.00,0.00,false
740,GREEN_1,GREEN,GARGOYLE,1,-3,6,6,36.00,24.00,false
740,GREEN_2,GREEN,GOLEM,2,-3,3,3,0.00,0.00,false
740,GREEN_3,GREEN,GOBLIN,0,-3,1,1,0.00,0.00,false
740,BLUE_4,BLUE,GARGOYLE,-3,3,6,6,0.00,0.00,false
740,BLUE_5,BLUE,GOLEM,-2,3,3,3,24.00,36.00,false
740,BLUE_6,BLUE,GOBLIN,-1,3,1,1,0.00,0.00,false
741,GREEN_1,GREEN,SCORPION_RIDER,1,-3,6,3,110.00,72.00,true
741,GREEN_2,GREEN,ARCHER,1,-2,4,4,38.00,0.00,true
741,GREEN_3,GREEN,GOBLIN,3,-3,1,1,0.00,0.00,true
741,BLUE_4,BLUE,SCORPION_RIDER,-3,3,6,0,68.00,108.00,false
741,BLUE_5,BLUE,ARCHER,-2,3,4,0,4.00,32.00,false
741,BLUE_6,BLUE,GOBLIN,-1,3,1,0,0.00,8.00,false
742,GREEN_1,GREEN,SCORPION_RIDER,1,-3,6,4,102.00,84.00,false
742,GREEN_2,GREEN,ARCHER,1,-2,4,0,16.00,32.00,false
742,GREEN_3,GREEN,GOBLIN,3,-3,1,0,0.00,8.00,false
742,BLUE_4,BLUE,SCORPION_RIDER,-3,3,6,1,100.00,106.00,false
742,BLUE_5,BLUE,ARCHER,-2,3,4,4,24.00,12.00,false
742,BLUE_6,BLUE,GOBLIN,-1,3,1,1,0.00,0.00,false
743,GREEN_1,GREEN,ASSASSIN,1,-3,8,3,85.00,40.00,true
743,GREEN_2,GREEN,GOLEM,2,-3,1,1,0.00,0.00,true
743,GREEN_3,GREEN,MAGE,3,-2,1,1,13.00,3.00,true
743,BLUE_4,BLUE,ASSASSIN,-3,3,8,0,33.00,64.00,false
743,BLUE_5,BLUE,GOLEM,-2,3,1,0,7.00,26.00,false
743,BLUE_6,BLUE,MAGE,-1,3,1,0,3.00,8.00,false
744,GREEN_1,GREEN,ASSASSIN,1,-3,8,0,48.00,64.00,false
744,GREEN_2,GREEN,GOLEM,2,-3,1,0,19.00,26.00,false
744,GREEN_3,GREEN,MAGE,3,-2,1,0,3.00,8.00,false
744,BLUE_4,BLUE,ASSASSIN,-3,3,8,5,69.00,55.00,true
744,BLUE_5,BLUE,GOLEM,-2,3,1,1,12.00,12.00,true
744,BLUE_6,BLUE,MAGE,-1,3,1,1,17.00,3.00,true
745,GREEN_1,GREEN,GOBLIN,0,-3,10,3,89.00,66.00,true
745,GREEN_2,GREEN,ASSASSIN,3,-3,5,2,49.00,32.00,true
745,GREEN_3,GREEN,GARGOYLE,1,-3,1,1,6.00,0.00,true
745,GREEN_4,GREEN,GOBLIN,2,-3,1,1,0.00,0.00,true
745,BLUE_5,BLUE,GOBLIN,-3,3,10,0,61.00,80.00,false
745,BLUE_6,BLUE,ASSASSIN,-2,3,5,0,30.00,40.00,false
745,BLUE_7,BLUE,GARGOYLE,-1,3,1,0,3.00,16.00,false
745,BLUE_8,BLUE,GOBLIN,0,3,1,0,4.00,8.00,false
746,GREEN_1,GREEN,GOBLIN,0,-3,10,0,78.00,80.00,false
746,GREEN_2,GREEN,ASSASSIN,3,-3,5,0,27.00,40.00,false
746,GREEN_3,GREEN,GARGOYLE,1,-3,1,0,3.00,16.00,false
746,GREEN_4,GREEN,GOBLIN,2,-3,1,0,4.00,8.00,false
746,BLUE_5,BLUE,GOBLIN,-3,3,10,1,72.00,72.00,true
746,BLUE_6,BLUE,ASSASSIN,-2,3,5,0,67.00,40.00,true
746,BLUE_7,BLUE,GARGOYLE,-1,3,1,1,5.00,0.00,true
746,BLUE_8,BLUE,GOBLIN,0,3,1,1,0.00,0.00,true
747,GREEN_1,GREEN,MAGE,-1,-2,8,7,68.00,44.00,true
747,GREEN_2,GREEN,GOLEM,0,-2,1,1,33.00,19.00,true
747,GREEN_3,GREEN,SCORPION_RIDER,2,-3,1,1,7.00,10.00,true
747,BLUE_4,BLUE,MAGE,-3,3,8,0,63.00,64.00,false
747,BLUE_5,BLUE,GOLEM,-2,3,1,0,0.00,26.00,false
747,BLUE_6,BLUE,SCORPION_RIDER,-1,3,1,0,10.00,18.00,false
748,GREEN_1,GREEN,MAGE,-1,-2,8,0,51.00,64.00,false
748,GREEN_2,GREEN,GOLEM,0,-2,1,0,0.00,26.00,false
748,GREEN_3,GREEN,SCORPION_RIDER,2,-3,1,0,5.00,18.00,false
748,BLUE_4,BLUE,MAGE,-3,3,8,6,72.00,34.00,true
748,BLUE_5,BLUE,GOLEM,-2,3,1,1,29.00,16.00,true
748,BLUE_6,BLUE,SCORPION_RIDER,-1,3,1,1,7.00,6.00,true
749,GREEN_1,GREEN,ARCHER,1,-2,8,8,0.00,0.00,false
749,GREEN_2,GREEN,GOBLIN,1,-3,7,7,0.00,0.00,false
749,GREEN_3,GREEN,ARCHER,0,-3,1,1,0.00,0.00,false
749,BLUE_4,BLUE,ARCHER,-3,3,8,8,0.00,0.00,false
749,BLUE_5,BLUE,GOBLIN,-2,3,7,7,0.00,0.00,false
749,BLUE_6,BLUE,ARCHER,-1,3,1,1,0.00,0.00,false
750,GREEN_1,GREEN,ARCHER,1,-2,8,0,32.00,64.00,false
750,GREEN_2,GREEN,GOBLIN,1,-3,7,0,24.00,56.00,false
750,GREEN_3,GREEN,ARCHER,0,-3,1,0,4.00,8.00,false
750,BLUE_4,BLUE,ARCHER,-3,3,8,7,48.00,10.00,true
750,BLUE_5,BLUE,GOBLIN,-2,3,7,2,76.00,50.00,true
750,BLUE_6,BLUE,ARCHER,-1,3,1,1,4.00,0.00,true
751,GREEN_1,GREEN,MAGE,2,-3,8,6,86.00,43.00,true
751,GREEN_2,GREEN,GOLEM,-1,-2,1,1,0.00,0.00,true
751,GREEN_3,GREEN,ASSASSIN,3,-2,1,1,12.00,7.00,true
751,BLUE_4,BLUE,MAGE,-3,3,8,0,50.00,64.00,false
751,BLUE_5,BLUE,GOLEM,-2,3,1,0,0.00,26.00,false
751,BLUE_6,BLUE,ASSASSIN,-1,3,1,0,0.00,8.00,false
752,GREEN_1,GREEN,MAGE,2,-3,8,0,60.00,64.00,false
752,GREEN_2,GREEN,GOLEM,-1,-2,1,0,0.00,26.00,false
752,GREEN_3,GREEN,ASSASSIN,3,-2,1,0,6.00,8.00,false
752,BLUE_4,BLUE,MAGE,-3,3,8,1,87.00,59.00,true
752,BLUE_5,BLUE,GOLEM,-2,3,1,1,0.00,0.00,true
752,BLUE_6,BLUE,ASSASSIN,-1,3,1,1,11.00,7.00,true
753,GREEN_1,GREEN,SCORPION_RIDER,2,-3,5,2,147.00,104.00,true
753,GREEN_2,GREEN,GOLEM,2,-2,3,3,21.00,31.00,true
753,GREEN_3,GREEN,GOBLIN,0,-2,1,1,8.00,4.00,true
753,BLUE_4,BLUE,SCORPION_RIDER,-3,3,5,0,79.00,90.00,false
753,BLUE_5,BLUE,GOLEM,-2,3,3,0,56.00,78.00,false
753,BLUE_6,BLUE,GOBLIN,-1,3,1,0,4.00,8.00,false
754,GREEN_1,GREEN,SCORPION_RIDER,2,-3,5,5,0.00,0.00,false
754,GREEN_2,GREEN,GOLEM,2,-2,3,0,53.00,78.00,false
754,GREEN_3,GREEN,GOBLIN,0,-2,1,0,0.00,8.00,false
754,BLUE_4,BLUE,SCORPION_RIDER,-3,3,5,4,86.00,53.00,false
754,BLUE_5,BLUE,GOLEM,-2,3,3,3,0.00,0.00,false
754,BLUE_6,BLUE,GOBLIN,-1,3,1,1,0.00,0.00,false
755,GREEN_1,GREEN,GARGOYLE,1,-2,5,5,0.00,0.00,false
755,GREEN_2,GREEN,SPIDER,3,-3,11,11,0.00,0.00,false
755,GREEN_3,GREEN,GARGOYLE,0,-3,1,1,0.00,0.00,false
755,BLUE_4,BLUE,GARGOYLE,-3,3,5,5,0.00,0.00,false
755,BLUE_5,BLUE,SPIDER,-2,3,11,11,0.00,0.00,false
755,BLUE_6,BLUE,GARGOYLE,-1,3,1,1,0.00,0.00,false
756,GREEN_1,GREEN,GARGOYLE,1,-2,5,5,88.00,32.00,false
756,GREEN_2,GREEN,SPIDER,3,-3,11,0,30.00,44.00,false
756,GREEN_3,GREEN,GARGOYLE,0,-3,1,0,0.00,16.00,false
756,BLUE_4,BLUE,GARGOYLE,-3,3,5,2,72.00,71.00,false
756,BLUE_5,BLUE,SPIDER,-2,3,11,6,20.00,35.00,false
756,BLUE_6,BLUE,GARGOYLE,-1,3,1,1,0.00,12.00,false
757,GREEN_1,GREEN,GOLEM,-1,-2,4,1,157.00,101.00,true
757,GREEN_2,GREEN,GARGOYLE,3,-2,5,5,27.00,0.00,true
757,BLUE_3,BLUE,GOLEM,-3,3,4,0,83.00,104.00,false
757,BLUE_4,BLUE,GARGOYLE,-2,3,5,0,18.00,80.00,false
758,GREEN_1,GREEN,GOLEM,-1,-2,4,4,0.00,0.00,false
758,GREEN_2,GREEN,GARGOYLE,3,-2,5,5,0.00,0.00,false
758,BLUE_3,BLUE,GOLEM,-3,3,4,4,0.00,0.00,false
758,BLUE_4,BLUE,GARGOYLE,-2,3,5,5,0.00,0.00,false
759,GREEN_1,GREEN,GARGOYLE,3,-3,5,4,75.00,23.00,true
759,GREEN_2,GREEN,MAGE,-1,-2,5,5,47.00,9.00,true
759,GREEN_3,GREEN,SPIDER,0,-2,1,0,2.00,4.00,true
759,BLUE_4,BLUE,GARGOYLE,-3,3,5,0,21.00,80.00,false
759,BLUE_5,BLUE,MAGE,-2,3,5,0,15.00,40.00,false
759,BLUE_6,BLUE,SPIDER,-1,3,1,0,0.00,4.00,false
760,GREEN_1,GREEN,GARGOYLE,3,-3,5,0,15.00,80.00,false
760,GREEN_2,GREEN,MAGE,-1,-2,5,0,22.00,40.00,false
760,GREEN_3,GREEN,SPIDER,0,-2,1,0,0.00,4.00,false
760,BLUE_4,BLUE,GARGOYLE,-3,3,5,5,55.00,17.00,true
760,BLUE_5,BLUE,MAGE,-2,3,5,4,69.00,20.00,true
760,BLUE_6,BLUE,SPIDER,-1,3,1,1,0.00,0.00,true
761,GREEN_1,GREEN,SPIDER,0,-3,16,16,0.00,0.00,false
761,GREEN_2,GREEN,GOLEM,0,-2,2,2,0.00,0.00,false
761,GREEN_3,GREEN,SPIDER,2,-3,2,2,0.00,0.00,false
761,BLUE_4,BLUE,SPIDER,-3,3,16,16,0.00,0.00,false
761,BLUE_5,BLUE,GOLEM,-2,3,2,2,0.00,0.00,false
761,BLUE_6,BLUE,SPIDER,-1,3,2,2,0.00,0.00,false
762,GREEN_1,GREEN,SPIDER,0,-3,16,0,64.00,64.00,false
762,GREEN_2,GREEN,GOLEM,0,-2,2,0,0.00,52.00,false
762,GREEN_3,GREEN,SPIDER,2,-3,2,0,2.00,8.00,false
762,BLUE_4,BLUE,SPIDER,-3,3,16,8,108.00,44.00,true
762,BLUE_5,BLUE,GOLEM,-2,3,2,2,16.00,22.00,true
762,BLUE_6,BLUE,SPIDER,-1,3,2,2,0.00,0.00,true
763,GREEN_1,GREEN,ARCHER,2,-2,8,4,76.00,48.00,true
763,GREEN_2,GREEN,ARCHER,1,-3,4,2,24.00,24.00,true
763,GREEN_3,GREEN,GOBLIN,0,-2,1,1,4.00,0.00,true
763,BLUE_4,BLUE,ARCHER,-3,3,8,0,48.00,64.00,false
763,BLUE_5,BLUE,ARCHER,-2,3,4,0,24.00,32.00,false
763,BLUE_6,BLUE,GOBLIN,-1,3,1,0,0.00,8.00,false
764,GREEN_1,GREEN,ARCHER,2,-2,8,2,88.00,56.00,true
764,GREEN_2,GREEN,ARCHER,1,-3,4,0,16.00,32.00,true
764,GREEN_3,GREEN,GOBLIN,0,-2,1,0,0.00,8.00,true
764,BLUE_4,BLUE,ARCHER,-3,3,8,0,70.00,64.00,false
764,BLUE_5,BLUE,ARCHER,-2,3,4,0,22.00,32.00,false
764,BLUE_6,BLUE,GOBLIN,-1,3,1,0,4.00,8.00,false
765,GREEN_1,GREEN,SPIDER,0,-3,15,15,0.00,0.00,false
765,GREEN_2,GREEN,SPIDER,1,-2,10,10,0.00,0.00,false
765,BLUE_3,BLUE,SPIDER,-3,3,15,15,0.00,0.00,false
765,BLUE_4,BLUE,SPIDER,-2,3,10,10,0.00,0.00,false
766,GREEN_1,GREEN,SPIDER,0,-3,15,15,0.00,0.00,false
766,GREEN_2,GREEN,SPIDER,1,-2,10,10,0.00,0.00,false
766,BLUE_3,BLUE,SPIDER,-3,3,15,15,0.00,0.00,false
766,BLUE_4,BLUE,SPIDER,-2,3,10,10,0.00,0.00,false
767,GREEN_1,GREEN,SCORPION_RIDER,1,-3,5,5,0.00,0.00,false
767,GREEN_2,GREEN,SCORPION_RIDER,3,-3,4,4,0.00,0.00,false
767,GREEN_3,GREEN,SPIDER,-1,-2,1,1,0.00,0.00,false
767,BLUE_4,BLUE,SCORPION_RIDER,-3,3,5,5,0.00,0.00,false
767,BLUE_5,BLUE,SCORPION_RIDER,-2,3,4,4,0.00,0.00,false
767,BLUE_6,BLUE,SPIDER,-1,3,1,1,0.00,0.00,false
768,GREEN_1,GREEN,SCORPION_RIDER,1,-3,5,0,88.00,90.00,false
768,GREEN_2,GREEN,SCORPION_RIDER,3,-3,4,0,0.00,72.00,false
768,GREEN_3,GREEN,SPIDER,-1,-2,1,0,0.00,4.00,false
768,BLUE_4,BLUE,SCORPION_RIDER,-3,3,5,1,94.00,88.00,true
768,BLUE_5,BLUE,SCORPION_RIDER,-2,3,4,4,0.00,0.00,true
768,BLUE_6,BLUE,SPIDER,-1,3,1,1,72.00,0.00,true
769,GREEN_1,GREEN,SCORPION_RIDER,1,-2,6,2,166.00,112.00,true
769,GREEN_2,GREEN,GOBLIN,2,-3,8,8,0.00,0.00,true
769,GREEN_3,GREEN,SPIDER,0,-3,1,1,10.00,0.00,true
769,BLUE_4,BLUE,SCORPION_RIDER,-3,3,6,0,92.00,108.00,false
769,BLUE_5,BLUE,GOBLIN,-2,3,8,0,20.00,64.00,false
769,BLUE_6,BLUE,SPIDER,-1,3,1,0,0.00,4.00,false
770,GREEN_1,GREEN,SCORPION_RIDER,1,-2,6,0,88.00,108.00,false
770,GREEN_2,GREEN,GOBLIN,2,-3,8,0,20.00,64.00,false
770,GREEN_3,GREEN,SPIDER,0,-3,1,0,0.00,4.00,false
770,BLUE_4,BLUE,SCORPION_RIDER,-3,3,6,0,160.00,108.00,true
770,BLUE_5,BLUE,GOBLIN,-2,3,8,8,0.00,0.00,true
770,BLUE_6,BLUE,SPIDER,-1,3,1,1,16.00,0.00,true
771,GREEN_1,GREEN,GARGOYLE,1,-2,5,5,0.00,0.00,false
771,GREEN_2,GREEN,GARGOYLE,0,-2,4,4,0.00,0.00,false
771,GREEN_3,GREEN,MAGE,3,-3,1,1,0.00,0.00,false
771,GREEN_4,GREEN,GOBLIN,2,-3,1,1,0.00,0.00,false
771,BLUE_5,BLUE,GARGOYLE,-3,3,5,5,0.00,0.00,false
771,BLUE_6,BLUE,GARGOYLE,-2,3,4,4,0.00,0.00,false
771,BLUE_7,BLUE,MAGE,-1,3,1,1,0.00,0.00,false
771,BLUE_8,BLUE,GOBLIN,0,3,1,1,0.00,0.00,false
772,GREEN_1,GREEN,GARGOYLE,1,-2,5,5,49.00,48.00,false
772,GREEN_2,GREEN,GARGOYLE,0,-2,4,0,24.00,64.00,false
772,GREEN_3,GREEN,MAGE,3,-3,1,0,0.00,8.00,false
772,GREEN_4,GREEN,GOBLIN,2,-3,1,0,0.00,8.00,false
772,BLUE_5,BLUE,GARGOYLE,-3,3,5,1,109.00,73.00,false
772,BLUE_6,BLUE,GARGOYLE,-2,3,4,4,0.00,0.00,false
772,BLUE_7,BLUE,MAGE,-1,3,1,1,19.00,0.00,false
772,BLUE_8,BLUE,GOBLIN,0,3,1,1,0.00,0.00,false
773,GREEN_1,GREEN,ARCHER,3,-3,7,1,144.00,52.00,true
773,GREEN_2,GREEN,GOBLIN,2,-3,9,9,0.00,0.00,true
773,GREEN_3,GREEN,GOBLIN,0,-3,2,2,0.00,0.00,true
773,BLUE_4,BLUE,ARCHER,-3,3,7,0,52.00,56.00,false
773,BLUE_5,BLUE,GOBLIN,-2,3,9,0,0.00,72.00,false
773,BLUE_6,BLUE,GOBLIN,-1,3,2,0,0.00,16.00,false
774,GREEN_1,GREEN,ARCHER,3,-3,7,7,0.00,0.00,false
774,GREEN_2,GREEN,GOBLIN,2,-3,9,9,0.00,0.00,false
774,GREEN_3,GREEN,GOBLIN,0,-3,2,2,0.00,0.00,false
774,BLUE_4,BLUE,ARCHER,-3,3,7,7,0.00,0.00,false
774,BLUE_5,BLUE,GOBLIN,-2,3,9,9,0.00,0.00,false
774,BLUE_6,BLUE,GOBLIN,-1,3,2,2,0.00,0.00,false
775,GREEN_1,GREEN,ARCHER,3,-2,8,2,96.00,52.00,true
775,GREEN_2,GREEN,SPIDER,1,-2,8,8,4.00,2.00,true
775,GREEN_3,GREEN,SPIDER,0,-2,1,1,0.00,0.00,true
775,BLUE_4,BLUE,ARCHER,-3,3,8,0,54.00,64.00,false
775,BLUE_5,BLUE,SPIDER,-2,3,8,0,0.00,32.00,false
775,BLUE_6,BLUE,SPIDER,-1,3,1,0,0.00,4.00,false
776,GREEN_1,GREEN,ARCHER,3,-2,8,0,52.00,64.00,false
776,GREEN_2,GREEN,SPIDER,1,-2,8,0,0.00,32.00,false
776,GREEN_3,GREEN,SPIDER,0,-2,1,0,0.00,4.00,false
776,BLUE_4,BLUE,ARCHER,-3,3,8,2,100.00,52.00,true
776,BLUE_5,BLUE,SPIDER,-2,3,8,8,0.00,0.00,true
776,BLUE_6,BLUE,SPIDER,-1,3,1,1,0.00,0.00,true
777,GREEN_1,GREEN,SCORPION_RIDER,2,-3,6,3,149.00,96.00,true
777,GREEN_2,GREEN,GOLEM,0,-3,2,1,11.00,31.00,true
777,GREEN_3,GREEN,MAGE,1,-2,1,1,8.00,0.00,true
777,BLUE_4,BLUE,SCORPION_RIDER,-3,3,6,0,106.00,108.00,false
777,BLUE_5,BLUE,GOLEM,-2,3,2,0,21.00,52.00,false
777,BLUE_6,BLUE,MAGE,-1,3,1,0,0.00,8.00,false
778,GREEN_1,GREEN,SCORPION_RIDER,2,-3,6,0,90.00,108.00,false
778,GREEN_2,GREEN,GOLEM,0,-3,2,0,21.00,52.00,false
778,GREEN_3,GREEN,MAGE,1,-2,1,0,0.00,8.00,false
778,BLUE_4,BLUE,SCORPION_RIDER,-3,3,6,1,143.00,106.00,true
778,BLUE_5,BLUE,GOLEM,-2,3,2,2,13.00,5.00,true
778,BLUE_6,BLUE,MAGE,-1,3,1,1,12.00,0.00,true
779,GREEN_1,GREEN,GOBLIN,1,-2,10,1,70.00,76.00,true
779,GREEN_2,GREEN,GOBLIN,0,-3,12,2,120.00,88.00,true
779,GREEN_3,GREEN,SCORPION_RIDER,3,-3,1,0,4.00,18.00,true
779,BLUE_4,BLUE,GOBLIN,-3,3,10,0,68.00,80.00,false
779,BLUE_5,BLUE,GOBLIN,-2,3,12,0,106.00,96.00,false
779,BLUE_6,BLUE,SCORPION_RIDER,-1,3,1,0,8.00,18.00,false
780,GREEN_1,GREEN,GOBLIN,1,-2,10,10,0.00,0.00,false
780,GREEN_2,GREEN,GOBLIN,0,-3,12,12,0.00,0.00,false
780,GREEN_3,GREEN,SCORPION_RIDER,3,-3,1,1,0.00,0.00,false
780,BLUE_4,BLUE,GOBLIN,-3,3,10,10,0.00,0.00,false
780,BLUE_5,BLUE,GOBLIN,-2,3,12,12,0.00,0.00,false
780,BLUE_6,BLUE,SCORPION_RIDER,-1,3,1,1,0.00,0.00,false
781,GREEN_1,GREEN,ARCHER,2,-2,7,1,138.00,52.00,true
781,GREEN_2,GREEN,GOLEM,0,-3,3,3,0.00,0.00,true
781,GREEN_3,GREEN,SPIDER,1,-3,1,1,0.00,0.00,true
781,BLUE_4,BLUE,ARCHER,-3,3,7,0,52.00,56.00,false
781,BLUE_5,BLUE,GOLEM,-2,3,3,0,0.00,78.00,false
781,BLUE_6,BLUE,SPIDER,-1,3,1,0,0.00,4.00,false
782,GREEN_1,GREEN,ARCHER,2,-2,7,0,36.00,56.00,false
782,GREEN_2,GREEN,GOLEM,0,-3,3,3,0.00,0.00,false
782,GREEN_3,GREEN,SPIDER,1,-3,1,1,0.00,0.00,false
782,BLUE_4,BLUE,ARCHER,-3,3,7,3,56.00,36.00,false
782,BLUE_5,BLUE,GOLEM,-2,3,3,3,0.00,0.00,false
782,BLUE_6,BLUE,SPIDER,-1,3,1,1,0.00,0.00,false
783,GREEN_1,GREEN,ARCHER,1,-3,8,8,0.00,0.00,false
783,GREEN_2,GREEN,SCORPION_RIDER,3,-2,3,3,0.00,0.00,false
783,GREEN_3,GREEN,GOBLIN,3,-3,1,1,8.00,4.00,false
783,BLUE_4,BLUE,ARCHER,-3,3,8,8,0.00,0.00,false
783,BLUE_5,BLUE,SCORPION_RIDER,-2,3,3,3,0.00,0.00,false
783,BLUE_6,BLUE,GOBLIN,-1,3,1,0,4.00,8.00,false
784,GREEN_1,GREEN,ARCHER,1,-3,8,8,0.00,0.00,false
784,GREEN_2,GREEN,SCORPION_RIDER,3,-2,3,3,0.00,0.00,false
784,GREEN_3,GREEN,GOBLIN,3,-3,1,1,0.00,0.00,false
784,BLUE_4,BLUE,ARCHER,-3,3,8,8,0.00,0.00,false
784,BLUE_5,BLUE,SCORPION_RIDER,-2,3,3,3,0.00,0.00,false
784,BLUE_6,BLUE,GOBLIN,-1,3,1,1,0.00,0.00,false
785,GREEN_1,GREEN,GOBLIN,0,-3,12,0,136.00,96.00,false
785,GREEN_2,GREEN,SPIDER,1,-2,13,13,0.00,0.00,false
785,BLUE_3,BLUE,GOBLIN,-3,3,12,3,80.00,84.00,false
785,BLUE_4,BLUE,SPIDER,-2,3,13,0,16.00,52.00,false
786,GREEN_1,GREEN,GOBLIN,0,-3,12,12,0.00,0.00,false
786,GREEN_2,GREEN,SPIDER,1,-2,13,13,0.00,0.00,false
786,BLUE_3,BLUE,GOBLIN,-3,3,12,12,0.00,0.00,false
786,BLUE_4,BLUE,SPIDER,-2,3,13,13,0.00,0.00,false
787,GREEN_1,GREEN,GOBLIN,1,-2,11,11,0.00,0.00,true
787,GREEN_2,GREEN,MAGE,2,-3,6,4,136.00,31.00,true
787,BLUE_3,BLUE,GOBLIN,-3,3,11,0,0.00,88.00,false
787,BLUE_4,BLUE,MAGE,-2,3,6,0,31.00,48.00,false
788,GREEN_1,GREEN,GOBLIN,1,-2,11,11,0.00,0.00,false
788,GREEN_2,GREEN,MAGE,2,-3,6,6,0.00,0.00,false
788,BLUE_3,BLUE,GOBLIN,-3,3,11,11,0.00,0.00,false
788,BLUE_4,BLUE,MAGE,-2,3,6,6,0.00,0.00,false
789,GREEN_1,GREEN,SPIDER,1,-3,16,16,0.00,0.00,false
789,GREEN_2,GREEN,SPIDER,-1,-2,8,8,0.00,0.00,false
789,GREEN_3,GREEN,GOBLIN,0,-2,1,1,0.00,0.00,false
789,BLUE_4,BLUE,SPIDER,-3,3,16,16,0.00,0.00,false
789,BLUE_5,BLUE,SPIDER,-2,3,8,8,0.00,0.00,false
789,BLUE_6,BLUE,GOBLIN,-1,3,1,1,0.00,0.00,false
790,GREEN_1,GREEN,SPIDER,1,-3,16,16,0.00,0.00,false
790,GREEN_2,GREEN,SPIDER,-1,-2,8,0,30.00,32.00,false
790,GREEN_3,GREEN,GOBLIN,0,-2,1,0,4.00,8.00,false
790,BLUE_4,BLUE,SPIDER,-3,3,16,16,0.00,0.00,false
790,BLUE_5,BLUE,SPIDER,-2,3,8,2,28.00,26.00,false
790,BLUE_6,BLUE,GOBLIN,-1,3,1,0,12.00,8.00,false
791,GREEN_1,GREEN,SPIDER,0,-3,14,4,50.00,44.00,true
791,GREEN_2,GREEN,ASSASSIN,3,-3,4,0,38.00,32.00,true
791,GREEN_3,GREEN,SPIDER,2,-3,1,1,4.00,0.00,true
791,BLUE_4,BLUE,SPIDER,-3,3,14,0,54.00,56.00,false
791,BLUE_5,BLUE,ASSASSIN,-2,3,4,0,22.00,32.00,false
791,BLUE_6,BLUE,SPIDER,-1,3,1,0,0.00,4.00,false
792,GREEN_1,GREEN,SPIDER,0,-3,14,8,36.00,26.00,false
792,GREEN_2,GREEN,ASSASSIN,3,-3,4,0,0.00,32.00,false
792,GREEN_3,GREEN,SPIDER,2,-3,1,0,0.00,4.00,false
792,BLUE_4,BLUE,SPIDER,-3,3,14,14,0.00,0.00,false
792,BLUE_5,BLUE,ASSASSIN,-2,3,4,0,28.00,32.00,false
792,BLUE_6,BLUE,SPIDER,-1,3,1,0,34.00,4.00,false
793,GREEN_1,GREEN,ARCHER,1,-3,7,4,54.00,44.00,true
793,GREEN_2,GREEN,ASSASSIN,3,-2,4,2,42.00,28.00,true
793,GREEN_3,GREEN,GOBLIN,2,-3,1,1,0.00,0.00,true
793,BLUE_4,BLUE,ARCHER,-3,3,7,0,50.00,56.00,false
793,BLUE_5,BLUE,ASSASSIN,-2,3,4,0,18.00,32.00,false
793,BLUE_6,BLUE,GOBLIN,-1,3,1,0,4.00,8.00,false
794,GREEN_1,GREEN,ARCHER,1,-3,7,0,36.00,56.00,false
794,GREEN_2,GREEN,ASSASSIN,3,-2,4,0,6.00,32.00,false
794,GREEN_3,GREEN,GOBLIN,2,-3,1,0,0.00,8.00,false
794,BLUE_4,BLUE,ARCHER,-3,3,7,6,56.00,20.00,true
794,BLUE_5,BLUE,ASSASSIN,-2,3,4,3,40.00,22.00,true
794,BLUE_6,BLUE,GOBLIN,-1,3,1,1,0.00,0.00,true
795,GREEN_1,GREEN,MAGE,3,-2,8,8,0.00,0.00,false
795,GREEN_2,GREEN,SPIDER,-1,-2,6,0,30.00,24.00,false
795,BLUE_3,BLUE,MAGE,-3,3,8,8,24.00,30.00,false
795,BLUE_4,BLUE,SPIDER,-2,3,6,6,0.00,0.00,false
796,GREEN_1,GREEN,MAGE,3,-2,8,8,0.00,0.00,false
796,GREEN_2,GREEN,SPIDER,-1,-2,6,0,0.00,24.00,false
796,BLUE_3,BLUE,MAGE,-3,3,8,8,24.00,0.00,false
796,BLUE_4,BLUE,SPIDER,-2,3,6,6,0.00,0.00,false
797,GREEN_1,GREEN,ASSASSIN,1,-2,7,3,60.00,42.00,true
797,GREEN_2,GREEN,SPIDER,0,-3,8,8,28.00,0.00,true
797,BLUE_3,BLUE,ASSASSIN,-3,3,7,0,28.00,56.00,false
797,BLUE_4,BLUE,SPIDER,-2,3,8,0,14.00,32.00,false
798,GREEN_1,GREEN,ASSASSIN,1,-2,7,0,22.00,56.00,false
798,GREEN_2,GREEN,SPIDER,0,-3,8,0,8.00,32.00,false
798,BLUE_3,BLUE,ASSASSIN,-3,3,7,5,52.00,30.00,true
798,BLUE_4,BLUE,SPIDER,-2,3,8,8,36.00,0.00,true
799,GREEN_1,GREEN,GOLEM,3,-3,4,4,0.00,0.00,false
799,GREEN_2,GREEN,GOLEM,3,-2,3,3,0.00,0.00,false
799,GREEN_3,GREEN,GOBLIN,0,-3,1,1,8.00,4.00,false
799,BLUE_4,BLUE,GOLEM,-3,3,4,4,0.00,0.00,false
799,BLUE_5,BLUE,GOLEM,-2,3,3,3,0.00,0.00,false
799,BLUE_6,BLUE,GOBLIN,-1,3,1,0,4.00,8.00,false
800,GREEN_1,GREEN,GOLEM,3,-3,4,4,38.00,32.00,false
800,GREEN_2,GREEN,GOLEM,3,-2,3,0,46.00,78.00,false
800,GREEN_3,GREEN,GOBLIN,0,-3,1,0,1.00,8.00,false
800,BLUE_4,BLUE,GOLEM,-3,3,4,3,81.00,62.00,false
800,BLUE_5,BLUE,GOLEM,-2,3,3,3,37.00,23.00,false
800,BLUE_6,BLUE,GOBLIN,-1,3,1,1,0.00,0.00,false
801,GREEN_1,GREEN,SCORPION_RIDER,1,-2,6,6,0.00,0.00,true
801,GREEN_2,GREEN,SCORPION_RIDER,0,-2,3,3,0.00,0.00,true
801,GREEN_3,GREEN,SPIDER,2,-2,1,1,166.00,2.00,true
801,BLUE_4,BLUE,SCORPION_RIDER,-3,3,6,0,0.00,108.00,false
801,BLUE_5,BLUE,SCORPION_RIDER,-2,3,3,0,0.00,54.00,false
801,BLUE_6,BLUE,SPIDER,-1,3,1,0,2.00,4.00,false
802,GREEN_1,GREEN,SCORPION_RIDER,1,-2,6,6,0.00,0.00,false
802,GREEN_2,GREEN,SCORPION_RIDER,0,-2,3,0,50.00,54.00,false
802,GREEN_3,GREEN,SPIDER,2,-2,1,0,0.00,4.00,false
802,BLUE_4,BLUE,SCORPION_RIDER,-3,3,6,6,0.00,0.00,false
802,BLUE_5,BLUE,SCORPION_RIDER,-2,3,3,2,58.00,50.00,false
802,BLUE_6,BLUE,SPIDER,-1,3,1,1,0.00,0.00,false
803,GREEN_1,GREEN,ASSASSIN,1,-2,8,2,58.00,54.00,false
803,GREEN_2,GREEN,ASSASSIN,3,-3,1,1,0.00,0.00,false
803,GREEN_3,GREEN,GOBLIN,2,-3,4,2,16.00,28.00,false
803,BLUE_4,BLUE,ASSASSIN,-3,3,8,6,62.00,34.00,false
803,BLUE_5,BLUE,ASSASSIN,-2,3,1,0,6.00,8.00,false
803,BLUE_6,BLUE,GOBLIN,-1,3,4,0,14.00,32.00,false
804,GREEN_1,GREEN,ASSASSIN,1,-2,8,0,54.00,64.00,false
804,GREEN_2,GREEN,ASSASSIN,3,-3,1,0,4.00,8.00,false
804,GREEN_3,GREEN,GOBLIN,2,-3,4,0,16.00,32.00,false
804,BLUE_4,BLUE,ASSASSIN,-3,3,8,3,74.00,56.00,true
804,BLUE_5,BLUE,ASSASSIN,-2,3,1,1,6.00,6.00,true
804,BLUE_6,BLUE,GOBLIN,-1,3,4,3,24.00,12.00,true
805,GREEN_1,GREEN,GARGOYLE,-1,-2,5,5,68.00,9.00,true
805,GREEN_2,GREEN,GOBLIN,3,-2,11,5,100.00,69.00,true
805,GREEN_3,GREEN,ASSASSIN,2,-2,1,1,8.00,6.00,true
805,BLUE_4,BLUE,GARGOYLE,-3,3,5,0,38.00,80.00,false
805,BLUE_5,BLUE,GOBLIN,-2,3,11,0,40.00,88.00,false
805,BLUE_6,BLUE,ASSASSIN,-1,3,1,0,6.00,8.00,false
806,GREEN_1,GREEN,GARGOYLE,-1,-2,5,0,30.00,80.00,false
806,GREEN_2,GREEN,GOBLIN,3,-2,11,0,47.00,88.00,false
806,GREEN_3,GREEN,ASSASSIN,2,-2,1,0,6.00,8.00,false
806,BLUE_4,BLUE,GARGOYLE,-3,3,5,5,75.00,3.00,true
806,BLUE_5,BLUE,GOBLIN,-2,3,11,5,90.00,74.00,true
806,BLUE_6,BLUE,ASSASSIN,-1,3,1,1,11.00,6.00,true
807,GREEN_1,GREEN,ARCHER,2,-3,7,7,128.00,28.00,true
807,GREEN_2,GREEN,GOBLIN,-1,-2,9,9,0.00,0.00,true
807,GREEN_3,GREEN,GOBLIN,1,-3,2,1,16.00,14.00,true
807,BLUE_4,BLUE,ARCHER,-3,3,7,0,34.00,56.00,false
807,BLUE_5,BLUE,GOBLIN,-2,3,9,0,8.00,72.00,false
807,BLUE_6,BLUE,GOBLIN,-1,3,2,0,0.00,16.00,false
808,GREEN_1,GREEN,ARCHER,2,-3,7,0,22.00,56.00,false
808,GREEN_2,GREEN,GOBLIN,-1,-2,9,0,32.00,72.00,false
808,GREEN_3,GREEN,GOBLIN,1,-3,2,0,8.00,16.00,false
808,BLUE_4,BLUE,ARCHER,-3,3,7,6,76.00,12.00,true
808,BLUE_5,BLUE,GOBLIN,-2,3,9,7,60.00,42.00,true
808,BLUE_6,BLUE,GOBLIN,-1,3,2,2,8.00,8.00,true
809,GREEN_1,GREEN,SCORPION_RIDER,2,-3,5,5,0.00,0.00,false
809,GREEN_2,GREEN,GOBLIN,1,-3,11,11,0.00,0.00,false
809,BLUE_3,BLUE,SCORPION_RIDER,-3,3,5,5,0.00,0.00,false
809,BLUE_4,BLUE,GOBLIN,-2,3,11,11,0.00,0.00,false
810,GREEN_1,GREEN,SCORPION_RIDER,2,-3,5,5,0.00,0.00,false
810,GREEN_2,GREEN,GOBLIN,1,-3,11,11,0.00,0.00,false
810,BLUE_3,BLUE,SCORPION_RIDER,-3,3,5,5,0.00,0.00,false
810,BLUE_4,BLUE,GOBLIN,-2,3,11,11,0.00,0.00,false
811,GREEN_1,GREEN,ASSASSIN,-1,-2,7,1,98.00,54.00,true
811,GREEN_2,GREEN,GOLEM,2,-3,2,1,10.00,44.00,true
811,GREEN_3,GREEN,ARCHER,1,-3,1,1,8.00,0.00,true
811,BLUE_4,BLUE,ASSASSIN,-3,3,7,0,68.00,56.00,false
811,BLUE_5,BLUE,GOLEM,-2,3,2,0,28.00,52.00,false
811,BLUE_6,BLUE,ARCHER,-1,3,1,0,2.00,8.00,false
812,GREEN_1,GREEN,ASSASSIN,-1,-2,7,0,74.00,56.00,false
812,GREEN_2,GREEN,GOLEM,2,-3,2,0,12.00,52.00,false
812,GREEN_3,GREEN,ARCHER,1,-3,1,0,2.00,8.00,false
812,BLUE_4,BLUE,ASSASSIN,-3,3,7,3,80.00,46.00,true
812,BLUE_5,BLUE,GOLEM,-2,3,2,2,24.00,42.00,true
812,BLUE_6,BLUE,ARCHER,-1,3,1,1,12.00,0.00,true
813,GREEN_1,GREEN,GARGOYLE,0,-3,5,5,0.00,0.00,false
813,GREEN_2,GREEN,ASSASSIN,1,-3,5,0,40.00,40.00,false
813,GREEN_3,GREEN,SPIDER,0,-2,1,1,0.00,0.00,false
813,BLUE_4,BLUE,GARGOYLE,-3,3,5,5,0.00,0.00,false
813,BLUE_5,BLUE,ASSASSIN,-2,3,5,2,40.00,36.00,false
813,BLUE_6,BLUE,SPIDER,-1,3,1,0,0.00,4.00,false
814,GREEN_1,GREEN,GARGOYLE,0,-3,5,5,0.00,0.00,false
814,GREEN_2,GREEN,ASSASSIN,1,-3,5,0,40.00,40.00,false
814,GREEN_3,GREEN,SPIDER,0,-2,1,0,0.00,4.00,false
814,BLUE_4,BLUE,GARGOYLE,-3,3,5,5,0.00,0.00,false
814,BLUE_5,BLUE,ASSASSIN,-2,3,5,0,40.00,40.00,false
814,BLUE_6,BLUE,SPIDER,-1,3,1,1,4.00,0.00,false
815,GREEN_1,GREEN,MAGE,0,-2,8,2,68.00,55.00,true
815,GREEN_2,GREEN,ARCHER,3,-3,3,3,20.00,16.00,true
815,BLUE_3,BLUE,MAGE,-3,3,8,0,55.00,64.00,false
815,BLUE_4,BLUE,ARCHER,-2,3,3,0,16.00,24.00,false
816,GREEN_1,GREEN,MAGE,0,-2,8,0,62.00,64.00,false
816,GREEN_2,GREEN,ARCHER,3,-3,3,3,12.00,9.00,false
816,BLUE_3,BLUE,MAGE,-3,3,8,3,56.00,59.00,false
816,BLUE_4,BLUE,ARCHER,-2,3,3,2,17.00,15.00,false
817,GREEN_1,GREEN,SCORPION_RIDER,1,-2,5,5,0.00,0.00,false
817,GREEN_2,GREEN,ASSASSIN,-1,-2,4,2,40.00,23.00,false
817,GREEN_3,GREEN,MAGE,0,-3,1,1,0.00,0.00,false
817,BLUE_4,BLUE,SCORPION_RIDER,-3,3,5,5,0.00,0.00,false
817,BLUE_5,BLUE,ASSASSIN,-2,3,4,0,22.00,32.00,false
817,BLUE_6,BLUE,MAGE,-1,3,1,0,1.00,8.00,false
818,GREEN_1,GREEN,SCORPION_RIDER,1,-2,5,0,86.00,90.00,false
818,GREEN_2,GREEN,ASSASSIN,-1,-2,4,0,22.00,32.00,false
818,GREEN_3,GREEN,MAGE,0,-3,1,0,1.00,8.00,false
818,BLUE_4,BLUE,SCORPION_RIDER,-3,3,5,2,85.00,78.00,true
818,BLUE_5,BLUE,ASSASSIN,-2,3,4,1,40.00,31.00,true
818,BLUE_6,BLUE,MAGE,-1,3,1,1,5.00,0.00,true
819,GREEN_1,GREEN,SPIDER,1,-3,6,6,0.00,0.00,false
819,GREEN_2,GREEN,ARCHER,1,-2,7,7,0.00,0.00,false
819,GREEN_3,GREEN,GARGOYLE,2,-3,2,2,0.00,0.00,false
819,BLUE_4,BLUE,SPIDER,-3,3,6,6,0.00,0.00,false
819,BLUE_5,BLUE,ARCHER,-2,3,7,7,0.00,0.00,false
819,BLUE_6,BLUE,GARGOYLE,-1,3,2,2,0.00,0.00,false
820,GREEN_1,GREEN,SPIDER,1,-3,6,6,0.00,0.00,false
820,GREEN_2,GREEN,ARCHER,1,-2,7,7,14.00,12.00,false
820,GREEN_3,GREEN,GARGOYLE,2,-3,2,2,0.00,0.00,false
820,BLUE_4,BLUE,SPIDER,-3,3,6,4,12.00,14.00,false
820,BLUE_5,BLUE,ARCHER,-2,3,7,7,0.00,0.00,false
820,BLUE_6,BLUE,GARGOYLE,-1,3,2,2,0.00,0.00,false
821,GREEN_1,GREEN,GARGOYLE,0,-3,5,5,0.00,0.00,false
821,GREEN_2,GREEN,GOBLIN,2,-3,10,10,0.00,0.00,false
821,GREEN_3,GREEN,SPIDER,3,-2,3,3,0.00,0.00,false
821,BLUE_4,BLUE,GARGOYLE,-3,3,5,5,0.00,0.00,false
821,BLUE_5,BLUE,GOBLIN,-2,3,10,10,0.00,0.00,false
821,BLUE_6,BLUE,SPIDER,-1,3,3,3,0.00,0.00,false
822,GREEN_1,GREEN,GARGOYLE,0,-3,5,5,0.00,0.00,false
822,GREEN_2,GREEN,GOBLIN,2,-3,10,10,0.00,0.00,false
822,GREEN_3,GREEN,SPIDER,3,-2,3,3,0.00,0.00,false
822,BLUE_4,BLUE,GARGOYLE,-3,3,5,5,0.00,0.00,false
822,BLUE_5,BLUE,GOBLIN,-2,3,10,10,0.00,0.00,false
822,BLUE_6,BLUE,SPIDER,-1,3,3,3,0.00,0.00,false
823,GREEN_1,GREEN,ASSASSIN,2,-2,8,3,82.00,58.00,true
823,GREEN_2,GREEN,SCORPION_RIDER,2,-3,2,0,24.00,36.00,true
823,GREEN_3,GREEN,GOBLIN,-1,-2,1,0,2.00,8.00,true
823,BLUE_4,BLUE,ASSASSIN,-3,3,8,0,86.00,64.00,false
823,BLUE_5,BLUE,SCORPION_RIDER,-2,3,2,0,12.00,36.00,false
823,BLUE_6,BLUE,GOBLIN,-1,3,1,0,4.00,8.00,false
824,GREEN_1,GREEN,ASSASSIN,2,-2,8,8,0.00,0.00,false
824,GREEN_2,GREEN,SCORPION_RIDER,2,-3,2,0,12.00,36.00,false
824,GREEN_3,GREEN,GOBLIN,-1,-2,1,0,4.00,8.00,false
824,BLUE_4,BLUE,ASSASSIN,-3,3,8,6,44.00,16.00,false
824,BLUE_5,BLUE,SCORPION_RIDER,-2,3,2,2,0.00,0.00,false
824,BLUE_6,BLUE,GOBLIN,-1,3,1,1,0.00,0.00,false
825,GREEN_1,GREEN,GOBLIN,0,-2,11,11,0.00,0.00,false
825,GREEN_2,GREEN,GOLEM,1,-3,4,4,0.00,0.00,false
825,BLUE_3,BLUE,GOBLIN,-3,3,11,11,0.00,0.00,false
825,BLUE_4,BLUE,GOLEM,-2,3,4,4,0.00,0.00,false
826,GREEN_1,GREEN,GOBLIN,0,-2,11,11,0.00,0.00,false
826,GREEN_2,GREEN,GOLEM,1,-3,4,4,0.00,0.00,false
826,BLUE_3,BLUE,GOBLIN,-3,3,11,11,0.00,0.00,false
826,BLUE_4,BLUE,GOLEM,-2,3,4,4,0.00,0.00,false
827,GREEN_1,GREEN,GOBLIN,2,-2,10,10,80.00,36.00,true
827,GREEN_2,GREEN,ARCHER,3,-3,6,6,72.00,4.00,true
827,GREEN_3,GREEN,GOBLIN,0,-3,3,3,0.00,0.00,true
827,BLUE_4,BLUE,GOBLIN,-3,3,10,0,24.00,80.00,false
827,BLUE_5,BLUE,ARCHER,-2,3,6,0,16.00,48.00,false
827,BLUE_6,BLUE,GOBLIN,-1,3,3,0,0.00,24.00,false
828,GREEN_1,GREEN,GOBLIN,2,-2,10,0,64.00,80.00,false
828,GREEN_2,GREEN,ARCHER,3,-3,6,0,24.00,48.00,false
828,GREEN_3,GREEN,GOBLIN,0,-3,3,0,6.00,24.00,false
828,BLUE_4,BLUE,GOBLIN,-3,3,10,4,88.00,58.00,true
828,BLUE_5,BLUE,ARCHER,-2,3,6,5,52.00,12.00,true
828,BLUE_6,BLUE,GOBLIN,-1,3,3,0,12.00,24.00,true
829,GREEN_1,GREEN,GARGOYLE,-1,-2,5,5,73.00,6.00,true
829,GREEN_2,GREEN,ARCHER,1,-2,6,5,59.00,26.00,true
829,GREEN_3,GREEN,SPIDER,0,-3,1,1,0.00,0.00,true
829,BLUE_4,BLUE,GARGOYLE,-3,3,5,0,6.00,80.00,false
829,BLUE_5,BLUE,ARCHER,-2,3,6,0,26.00,48.00,false
829,BLUE_6,BLUE,SPIDER,-1,3,1,0,0.00,4.00,false
830,GREEN_1,GREEN,GARGOYLE,-1,-2,5,0,10.00,80.00,false
830,GREEN_2,GREEN,ARCHER,1,-2,6,0,26.00,48.00,false
830,GREEN_3,GREEN,SPIDER,0,-3,1,0,0.00,4.00,false
830,BLUE_4,BLUE,GARGOYLE,-3,3,5,5,38.00,6.00,true
830,BLUE_5,BLUE,ARCHER,-2,3,6,5,92.00,26.00,true
830,BLUE_6,BLUE,SPIDER,-1,3,1,0,2.00,4.00,true
831,GREEN_1,GREEN,GOLEM,0,-2,4,4,0.00,0.00,true
831,GREEN_2,GREEN,MAGE,-1,-2,4,2,71.00,25.00,true
831,GREEN_3,GREEN,MAGE,3,-2,1,1,73.00,4.00,true
831,BLUE_4,BLUE,GOLEM,-3,3,4,0,0.00,104.00,false
831,BLUE_5,BLUE,MAGE,-2,3,4,0,24.00,32.00,false
831,BLUE_6,BLUE,MAGE,-1,3,1,0,5.00,8.00,false
832,GREEN_1,GREEN,GOLEM,0,-2,4,4,0.00,0.00,false
832,GREEN_2,GREEN,MAGE,-1,-2,4,4,0.00,0.00,false
832,GREEN_3,GREEN,MAGE,3,-2,1,0,5.00,8.00,false
832,BLUE_4,BLUE,GOLEM,-3,3,4,4,0.00,0.00,false
832,BLUE_5,BLUE,MAGE,-2,3,4,4,0.00,0.00,false
832,BLUE_6,BLUE,MAGE,-1,3,1,1,8.00,5.00,false
833,GREEN_1,GREEN,SPIDER,0,-2,15,4,58.00,50.00,true
833,GREEN_2,GREEN,ASSASSIN,2,-2,4,0,34.00,32.00,true
833,BLUE_3,BLUE,SPIDER,-3,3,15,0,54.00,60.00,false
833,BLUE_4,BLUE,ASSASSIN,-2,3,4,0,28.00,32.00,false
834,GREEN_1,GREEN,SPIDER,0,-2,15,0,50.00,60.00,false
834,GREEN_2,GREEN,ASSASSIN,2,-2,4,0,4.00,32.00,false
834,BLUE_3,BLUE,SPIDER,-3,3,15,10,64.00,28.00,true
834,BLUE_4,BLUE,ASSASSIN,-2,3,4,2,28.00,26.00,true
835,GREEN_1,GREEN,GOLEM,0,-3,4,4,0.00,0.00,false
835,GREEN_2,GREEN,GOBLIN,2,-3,11,11,0.00,0.00,false
835,BLUE_3,BLUE,GOLEM,-3,3,4,4,0.00,0.00,false
835,BLUE_4,BLUE,GOBLIN,-2,3,11,11,0.00,0.00,false
836,GREEN_1,GREEN,GOLEM,0,-3,4,4,0.00,0.00,false
836,GREEN_2,GREEN,GOBLIN,2,-3,11,0,96.00,88.00,false
836,BLUE_3,BLUE,GOLEM,-3,3,4,2,88.00,96.00,false
836,BLUE_4,BLUE,GOBLIN,-2,3,11,11,0.00,0.00,false
837,GREEN_1,GREEN,GOLEM,3,-3,4,1,92.00,94.00,true
837,GREEN_2,GREEN,ASSASSIN,0,-3,4,1,46.00,37.00,true
837,GREEN_3,GREEN,ASSASSIN,-1,-2,1,0,6.00,8.00,true
837,BLUE_4,BLUE,GOLEM,-3,3,4,0,106.00,104.00,false
837,BLUE_5,BLUE,ASSASSIN,-2,3,4,0,27.00,32.00,false
837,BLUE_6,BLUE,ASSASSIN,-1,3,1,0,6.00,8.00,false
838,GREEN_1,GREEN,GOLEM,3,-3,4,4,0.00,0.00,false
838,GREEN_2,GREEN,ASSASSIN,0,-3,4,4,16.00,18.00,false
838,GREEN_3,GREEN,ASSASSIN,-1,-2,1,0,6.00,8.00,false
838,BLUE_4,BLUE,GOLEM,-3,3,4,4,0.00,0.00,false
838,BLUE_5,BLUE,ASSASSIN,-2,3,4,2,26.00,22.00,false
838,BLUE_6,BLUE,ASSASSIN,-1,3,1,1,0.00,0.00,false
839,GREEN_1,GREEN,MAGE,-1,-2,7,7,0.00,0.00,false
839,GREEN_2,GREEN,SPIDER,2,-3,8,8,0.00,0.00,false
839,BLUE_3,BLUE,MAGE,-3,3,7,7,0.00,0.00,false
839,BLUE_4,BLUE,SPIDER,-2,3,8,8,0.00,0.00,false
840,GREEN_1,GREEN,MAGE,-1,-2,7,0,45.00,56.00,false
840,GREEN_2,GREEN,SPIDER,2,-3,8,0,0.00,32.00,false
840,BLUE_3,BLUE,MAGE,-3,3,7,4,88.00,45.00,true
840,BLUE_4,BLUE,SPIDER,-2,3,8,8,0.00,0.00,true
841,GREEN_1,GREEN,ASSASSIN,3,-2,8,2,88.00,60.00,true
841,GREEN_2,GREEN,GOLEM,0,-2,1,1,0.00,0.00,true
841,GREEN_3,GREEN,MAGE,2,-3,1,1,10.00,0.00,true
841,BLUE_4,BLUE,ASSASSIN,-3,3,8,0,52.00,64.00,false
841,BLUE_5,BLUE,GOLEM,-2,3,1,0,7.00,26.00,false
841,BLUE_6,BLUE,MAGE,-1,3,1,0,1.00,8.00,false
842,GREEN_1,GREEN,ASSASSIN,3,-2,8,0,46.00,64.00,false
842,GREEN_2,GREEN,GOLEM,0,-2,1,0,7.00,26.00,false
842,GREEN_3,GREEN,MAGE,2,-3,1,0,1.00,8.00,false
842,BLUE_4,BLUE,ASSASSIN,-3,3,8,2,83.00,54.00,true
842,BLUE_5,BLUE,GOLEM,-2,3,1,1,0.00,0.00,true
842,BLUE_6,BLUE,MAGE,-1,3,1,1,15.00,0.00,true
843,GREEN_1,GREEN,GOBLIN,2,-2,11,11,0.00,0.00,true
843,GREEN_2,GREEN,ARCHER,3,-3,7,3,144.00,40.00,true
843,BLUE_3,BLUE,GOBLIN,-3,3,11,0,0.00,88.00,false
843,BLUE_4,BLUE,ARCHER,-2,3,7,0,40.00,56.00,false
844,GREEN_1,GREEN,GOBLIN,2,-2,11,0,0.00,88.00,false
844,GREEN_2,GREEN,ARCHER,3,-3,7,0,40.00,56.00,false
844,BLUE_3,BLUE,GOBLIN,-3,3,11,11,0.00,0.00,true
844,BLUE_4,BLUE,ARCHER,-2,3,7,3,144.00,40.00,true
845,GREEN_1,GREEN,ARCHER,2,-2,7,7,0.00,0.00,false
845,GREEN_2,GREEN,GARGOYLE,2,-3,4,4,0.00,0.00,false
845,GREEN_3,GREEN,GOBLIN,1,-3,1,1,0.00,0.00,false
845,BLUE_4,BLUE,ARCHER,-3,3,7,7,0.00,0.00,false
845,BLUE_5,BLUE,GARGOYLE,-2,3,4,4,0.00,0.00,false
845,BLUE_6,BLUE,GOBLIN,-1,3,1,1,0.00,0.00,false
846,GREEN_1,GREEN,ARCHER,2,-2,7,0,48.00,56.00,false
846,GREEN_2,GREEN,GARGOYLE,2,-3,4,0,12.00,64.00,false
846,GREEN_3,GREEN,GOBLIN,1,-3,1,0,4.00,8.00,false
846,BLUE_4,BLUE,ARCHER,-3,3,7,4,101.00,44.00,true
846,BLUE_5,BLUE,GARGOYLE,-2,3,4,4,19.00,12.00,true
846,BLUE_6,BLUE,GOBLIN,-1,3,1,0,8.00,8.00,true
847,GREEN_1,GREEN,ASSASSIN,0,-2,8,1,88.00,62.00,true
847,GREEN_2,GREEN,GOLEM,2,-3,1,1,4.00,9.00,true
847,GREEN_3,GREEN,ASSASSIN,2,-2,1,1,6.00,6.00,true
847,BLUE_4,BLUE,ASSASSIN,-3,3,8,0,64.00,64.00,false
847,BLUE_5,BLUE,GOLEM,-2,3,1,0,7.00,26.00,false
847,BLUE_6,BLUE,ASSASSIN,-1,3,1,0,6.00,8.00,false
848,GREEN_1,GREEN,ASSASSIN,0,-2,8,4,43.00,44.00,false
848,GREEN_2,GREEN,GOLEM,2,-3,1,0,7.00,26.00,false
848,GREEN_3,GREEN,ASSASSIN,2,-2,1,0,6.00,8.00,false
848,BLUE_4,BLUE,ASSASSIN,-3,3,8,1,78.00,56.00,false
848,BLUE_5,BLUE,GOLEM,-2,3,1,1,0.00,0.00,false
848,BLUE_6,BLUE,ASSASSIN,-1,3,1,1,0.00,0.00,false
849,GREEN_1,GREEN,GOBLIN,2,-3,11,11,0.00,0.00,false
849,GREEN_2,GREEN,SPIDER,2,-2,12,12,0.00,0.00,false
849,GREEN_3,GREEN,GOBLIN,3,-2,2,1,16.00,12.00,false
849,BLUE_4,BLUE,GOBLIN,-3,3,11,11,0.00,0.00,false
849,BLUE_5,BLUE,SPIDER,-2,3,12,12,0.00,0.00,false
849,BLUE_6,BLUE,GOBLIN,-1,3,2,0,12.00,16.00,false
850,GREEN_1,GREEN,GOBLIN,2,-3,11,0,38.00,88.00,false
850,GREEN_2,GREEN,SPIDER,2,-2,12,0,48.00,48.00,false
850,GREEN_3,GREEN,GOBLIN,3,-2,2,0,0.00,16.00,false
850,BLUE_4,BLUE,GOBLIN,-3,3,11,7,56.00,48.00,true
850,BLUE_5,BLUE,SPIDER,-2,3,12,9,88.00,22.00,true
850,BLUE_6,BLUE,GOBLIN,-1,3,2,0,8.00,16.00,true
851,GREEN_1,GREEN,MAGE,1,-3,7,6,56.00,31.00,true
851,GREEN_2,GREEN,SPIDER,3,-3,8,8,32.00,13.00,true
851,BLUE_3,BLUE,MAGE,-3,3,7,0,32.00,56.00,false
851,BLUE_4,BLUE,SPIDER,-2,3,8,0,12.00,32.00,false
852,GREEN_1,GREEN,MAGE,1,-3,7,0,31.00,56.00,false
852,GREEN_2,GREEN,SPIDER,3,-3,8,0,0.00,32.00,false
852,BLUE_3,BLUE,MAGE,-3,3,7,7,57.00,22.00,true
852,BLUE_4,BLUE,SPIDER,-2,3,8,8,31.00,9.00,true
853,GREEN_1,GREEN,ARCHER,3,-3,8,4,70.00,40.00,true
853,GREEN_2,GREEN,ASSASSIN,2,-3,3,3,26.00,12.00,true
853,GREEN_3,GREEN,SPIDER,1,-3,2,2,0.00,0.00,true
853,BLUE_4,BLUE,ARCHER,-3,3,8,0,50.00,64.00,false
853,BLUE_5,BLUE,ASSASSIN,-2,3,3,0,0.00,24.00,false
853,BLUE_6,BLUE,SPIDER,-1,3,2,0,2.00,8.00,false
854,GREEN_1,GREEN,ARCHER,3,-3,8,8,8.00,4.00,false
854,GREEN_2,GREEN,ASSASSIN,2,-3,3,0,12.00,24.00,false
854,GREEN_3,GREEN,SPIDER,1,-3,2,0,0.00,8.00,false
854,BLUE_4,BLUE,ARCHER,-3,3,8,8,8.00,0.00,false
854,BLUE_5,BLUE,ASSASSIN,-2,3,3,3,20.00,12.00,false
854,BLUE_6,BLUE,SPIDER,-1,3,2,0,8.00,8.00,false
855,GREEN_1,GREEN,SPIDER,0,-3,13,11,50.00,18.00,true
855,GREEN_2,GREEN,ARCHER,2,-3,6,4,50.00,24.00,true
855,BLUE_3,BLUE,SPIDER,-3,3,13,0,12.00,52.00,false
855,BLUE_4,BLUE,ARCHER,-2,3,6,0,30.00,48.00,false
856,GREEN_1,GREEN,SPIDER,0,-3,13,0,2.00,52.00,false
856,GREEN_2,GREEN,ARCHER,2,-3,6,0,30.00,48.00,false
856,BLUE_3,BLUE,SPIDER,-3,3,13,12,28.00,8.00,true
856,BLUE_4,BLUE,ARCHER,-2,3,6,4,72.00,24.00,true
857,GREEN_1,GREEN,MAGE,3,-2,7,7,0.00,0.00,false
857,GREEN_2,GREEN,MAGE,3,-3,3,3,0.00,0.00,false
857,GREEN_3,GREEN,SPIDER,2,-3,1,1,0.00,0.00,false
857,BLUE_4,BLUE,MAGE,-3,3,7,7,0.00,0.00,false
857,BLUE_5,BLUE,MAGE,-2,3,3,3,0.00,0.00,false
857,BLUE_6,BLUE,SPIDER,-1,3,1,1,0.00,0.00,false
858,GREEN_1,GREEN,MAGE,3,-2,7,7,0.00,0.00,false
858,GREEN_2,GREEN,MAGE,3,-3,3,3,0.00,0.00,false
858,GREEN_3,GREEN,SPIDER,2,-3,1,1,0.00,0.00,false
858,BLUE_4,BLUE,MAGE,-3,3,7,7,0.00,0.00,false
858,BLUE_5,BLUE,MAGE,-2,3,3,3,0.00,0.00,false
858,BLUE_6,BLUE,SPIDER,-1,3,1,1,0.00,0.00,false
859,GREEN_1,GREEN,GARGOYLE,1,-3,6,5,83.00,58.00,true
859,GREEN_2,GREEN,GOBLIN,2,-2,10,2,95.00,75.00,true
859,GREEN_3,GREEN,SPIDER,3,-3,1,1,2.00,0.00,true
859,BLUE_4,BLUE,GARGOYLE,-3,3,6,0,85.00,96.00,false
859,BLUE_5,BLUE,GOBLIN,-2,3,10,0,48.00,80.00,false
859,BLUE_6,BLUE,SPIDER,-1,3,1,0,0.00,4.00,false
860,GREEN_1,GREEN,GARGOYLE,1,-3,6,0,49.00,96.00,false
860,GREEN_2,GREEN,GOBLIN,2,-2,10,0,0.00,80.00,false
860,GREEN_3,GREEN,SPIDER,3,-3,1,0,2.00,4.00,false
860,BLUE_4,BLUE,GARGOYLE,-3,3,6,6,30.00,6.00,true
860,BLUE_5,BLUE,GOBLIN,-2,3,10,8,68.00,43.00,true
860,BLUE_6,BLUE,SPIDER,-1,3,1,1,82.00,2.00,true
861,GREEN_1,GREEN,SPIDER,1,-2,15,15,0.00,0.00,false
861,GREEN_2,GREEN,ASSASSIN,0,-3,4,1,32.00,30.00,false
861,BLUE_3,BLUE,SPIDER,-3,3,15,15,0.00,0.00,false
861,BLUE_4,BLUE,ASSASSIN,-2,3,4,0,30.00,32.00,false
862,GREEN_1,GREEN,SPIDER,1,-2,15,15,0.00,0.00,false
862,GREEN_2,GREEN,ASSASSIN,0,-3,4,0,30.00,32.00,false
862,BLUE_3,BLUE,SPIDER,-3,3,15,15,0.00,0.00,false
862,BLUE_4,BLUE,ASSASSIN,-2,3,4,1,32.00,30.00,false
863,GREEN_1,GREEN,SCORPION_RIDER,-1,-2,5,2,115.00,62.00,true
863,GREEN_2,GREEN,SCORPION_RIDER,0,-3,2,0,20.00,42.00,true
863,GREEN_3,GREEN,MAGE,2,-3,1,1,15.00,0.00,true
863,GREEN_4,GREEN,SPIDER,3,-3,4,4,0.00,0.00,true
863,BLUE_5,BLUE,SCORPION_RIDER,-3,3,5,0,84.00,90.00,false
863,BLUE_6,BLUE,SCORPION_RIDER,-2,3,2,0,16.00,36.00,false
863,BLUE_7,BLUE,MAGE,-1,3,1,0,0.00,8.00,false
863,BLUE_8,BLUE,SPIDER,0,3,4,0,4.00,16.00,false
864,GREEN_1,GREEN,SCORPION_RIDER,-1,-2,5,0,76.00,90.00,false
864,GREEN_2,GREEN,SCORPION_RIDER,0,-3,2,0,16.00,36.00,false
864,GREEN_3,GREEN,MAGE,2,-3,1,0,0.00,8.00,false
864,GREEN_4,GREEN,SPIDER,3,-3,4,0,4.00,16.00,false
864,BLUE_5,BLUE,SCORPION_RIDER,-3,3,5,4,123.00,70.00,true
864,BLUE_6,BLUE,SCORPION_RIDER,-2,3,2,1,10.00,26.00,true
864,BLUE_7,BLUE,MAGE,-1,3,1,1,9.00,0.00,true
864,BLUE_8,BLUE,SPIDER,0,3,4,4,8.00,0.00,true
865,GREEN_1,GREEN,ARCHER,0,-2,8,8,0.00,0.00,false
865,GREEN_2,GREEN,MAGE,-1,-2,3,3,0.00,0.00,false
865,GREEN_3,GREEN,SPIDER,0,-3,2,2,0.00,0.00,false
865,BLUE_4,BLUE,ARCHER,-3,3,8,8,0.00,0.00,false
865,BLUE_5,BLUE,MAGE,-2,3,3,3,0.00,0.00,false
865,BLUE_6,BLUE,SPIDER,-1,3,2,2,0.00,0.00,false
866,GREEN_1,GREEN,ARCHER,0,-2,8,0,60.00,64.00,false
866,GREEN_2,GREEN,MAGE,-1,-2,3,3,0.00,0.00,false
866,GREEN_3,GREEN,SPIDER,0,-3,2,2,0.00,0.00,false
866,BLUE_4,BLUE,ARCHER,-3,3,8,2,64.00,60.00,false
866,BLUE_5,BLUE,MAGE,-2,3,3,3,0.00,0.00,false
866,BLUE_6,BLUE,SPIDER,-1,3,2,2,0.00,0.00,false
867,GREEN_1,GREEN,SCORPION_RIDER,-1,-2,6,0,142.00,108.00,false
867,GREEN_2,GREEN,GOBLIN,1,-2,8,8,0.00,0.00,false
867,GREEN_3,GREEN,GOBLIN,2,-2,1,1,0.00,0.00,false
867,BLUE_4,BLUE,SCORPION_RIDER,-3,3,6,3,84.00,70.00,false
867,BLUE_5,BLUE,GOBLIN,-2,3,8,0,24.00,64.00,false
867,BLUE_6,BLUE,GOBLIN,-1,3,1,0,0.00,8.00,false
868,GREEN_1,GREEN,SCORPION_RIDER,-1,-2,6,0,126.00,108.00,false
868,GREEN_2,GREEN,GOBLIN,1,-2,8,0,24.00,64.00,false
868,GREEN_3,GREEN,GOBLIN,2,-2,1,0,0.00,8.00,false
868,BLUE_4,BLUE,SCORPION_RIDER,-3,3,6,3,156.00,94.00,true
868,BLUE_5,BLUE,GOBLIN,-2,3,8,1,24.00,56.00,true
868,BLUE_6,BLUE,GOBLIN,-1,3,1,1,0.00,0.00,true
869,GREEN_1,GREEN,MAGE,0,-2,7,1,60.00,55.00,true
869,GREEN_2,GREEN,ARCHER,3,-3,4,2,28.00,26.00,true
869,BLUE_3,BLUE,MAGE,-3,3,7,0,49.00,56.00,false
869,BLUE_4,BLUE,ARCHER,-2,3,4,0,32.00,32.00,false
870,GREEN_1,GREEN,MAGE,0,-2,7,0,55.00,56.00,false
870,GREEN_2,GREEN,ARCHER,3,-3,4,0,20.00,32.00,false
870,BLUE_3,BLUE,MAGE,-3,3,7,2,48.00,49.00,true
870,BLUE_4,BLUE,ARCHER,-2,3,4,2,40.00,26.00,true
871,GREEN_1,GREEN,ARCHER,2,-3,7,5,61.00,28.00,true
871,GREEN_2,GREEN,GOLEM,0,-2,3,2,81.00,49.00,true
871,GREEN_3,GREEN,GOBLIN,1,-2,1,1,0.00,0.00,true
871,BLUE_4,BLUE,ARCHER,-3,3,7,0,36.00,56.00,false
871,BLUE_5,BLUE,GOLEM,-2,3,3,0,40.00,78.00,false
871,BLUE_6,BLUE,GOBLIN,-1,3,1,0,1.00,8.00,false
872,GREEN_1,GREEN,ARCHER,2,-3,7,0,32.00,56.00,false
872,GREEN_2,GREEN,GOLEM,0,-2,3,0,15.00,78.00,false
872,GREEN_3,GREEN,GOBLIN,1,-2,1,0,0.00,8.00,false
872,BLUE_4,BLUE,ARCHER,-3,3,7,5,93.00,24.00,true
872,BLUE_5,BLUE,GOLEM,-2,3,3,3,49.00,23.00,true
872,BLUE_6,BLUE,GOBLIN,-1,3,1,1,0.00,0.00,true
873,GREEN_1,GREEN,ARCHER,2,-2,8,5,66.00,36.00,true
873,GREEN_2,GREEN,MAGE,1,-3,3,2,22.00,17.00,true
873,GREEN_3,GREEN,GOBLIN,3,-3,2,2,16.00,10.00,true
873,BLUE_4,BLUE,ARCHER,-3,3,8,0,46.00,64.00,false
873,BLUE_5,BLUE,MAGE,-2,3,3,0,17.00,24.00,false
873,BLUE_6,BLUE,GOBLIN,-1,3,2,0,0.00,16.00,false
874,GREEN_1,GREEN,ARCHER,2,-2,8,8,0.00,0.00,false
874,GREEN_2,GREEN,MAGE,1,-3,3,3,0.00,0.00,false
874,GREEN_3,GREEN,GOBLIN,3,-3,2,2,0.00,0.00,false
874,BLUE_4,BLUE,ARCHER,-3,3,8,8,0.00,0.00,false
874,BLUE_5,BLUE,MAGE,-2,3,3,3,0.00,0.00,false
874,BLUE_6,BLUE,GOBLIN,-1,3,2,2,0.00,0.00,false
875,GREEN_1,GREEN,SCORPION_RIDER,2,-3,5,3,84.00,64.00,false
875,GREEN_2,GREEN,SPIDER,-1,-2,11,11,0.00,0.00,false
875,BLUE_3,BLUE,SCORPION_RIDER,-3,3,5,5,40.00,40.00,false
875,BLUE_4,BLUE,SPIDER,-2,3,11,0,24.00,44.00,false
876,GREEN_1,GREEN,SCORPION_RIDER,2,-3,5,5,40.00,40.00,false
876,GREEN_2,GREEN,SPIDER,-1,-2,11,0,24.00,44.00,false
876,BLUE_3,BLUE,SCORPION_RIDER,-3,3,5,3,84.00,64.00,false
876,BLUE_4,BLUE,SPIDER,-2,3,11,11,0.00,0.00,false
877,GREEN_1,GREEN,GARGOYLE,2,-3,5,5,0.00,0.00,false
877,GREEN_2,GREEN,GOLEM,2,-2,4,4,0.00,0.00,false
877,BLUE_3,BLUE,GARGOYLE,-3,3,5,5,0.00,0.00,false
877,BLUE_4,BLUE,GOLEM,-2,3,4,4,0.00,0.00,false
878,GREEN_1,GREEN,GARGOYLE,2,-3,5,0,21.00,80.00,false
878,GREEN_2,GREEN,GOLEM,2,-2,4,0,54.00,104.00,false
878,BLUE_3,BLUE,GARGOYLE,-3,3,5,5,41.00,3.00,true
878,BLUE_4,BLUE,GOLEM,-2,3,4,4,143.00,72.00,true
879,GREEN_1,GREEN,ASSASSIN,3,-3,7,6,54.00,24.00,true
879,GREEN_2,GREEN,ARCHER,0,-2,4,4,34.00,0.00,true
879,BLUE_3,BLUE,ASSASSIN,-3,3,7,0,18.00,56.00,false
879,BLUE_4,BLUE,ARCHER,-2,3,4,0,6.00,32.00,false
880,GREEN_1,GREEN,ASSASSIN,3,-3,7,0,38.00,56.00,false
880,GREEN_2,GREEN,ARCHER,0,-2,4,0,8.00,32.00,false
880,BLUE_3,BLUE,ASSASSIN,-3,3,7,2,74.00,46.00,true
880,BLUE_4,BLUE,ARCHER,-2,3,4,4,14.00,0.00,true
881,GREEN_1,GREEN,MAGE,2,-2,8,8,0.00,0.00,false
881,GREEN_2,GREEN,ASSASSIN,3,-3,2,2,12.00,8.00,false
881,GREEN_3,GREEN,GOBLIN,3,-2,1,1,0.00,0.00,false
881,BLUE_4,BLUE,MAGE,-3,3,8,8,8.00,12.00,false
881,BLUE_5,BLUE,ASSASSIN,-2,3,2,2,0.00,0.00,false
881,BLUE_6,BLUE,GOBLIN,-1,3,1,1,0.00,0.00,false
882,GREEN_1,GREEN,MAGE,2,-2,8,0,46.00,64.00,false
882,GREEN_2,GREEN,ASSASSIN,3,-3,2,0,0.00,16.00,false
882,GREEN_3,GREEN,GOBLIN,3,-2,1,0,0.00,8.00,false
882,BLUE_4,BLUE,MAGE,-3,3,8,6,61.00,31.00,true
882,BLUE_5,BLUE,ASSASSIN,-2,3,2,1,25.00,14.00,true
882,BLUE_6,BLUE,GOBLIN,-1,3,1,1,2.00,1.00,true
883,GREEN_1,GREEN,SPIDER,-1,-2,15,15,0.00,0.00,false
883,GREEN_2,GREEN,ARCHER,0,-3,5,5,0.00,0.00,false
883,BLUE_3,BLUE,SPIDER,-3,3,15,15,0.00,0.00,false
883,BLUE_4,BLUE,ARCHER,-2,3,5,5,0.00,0.00,false
884,GREEN_1,GREEN,SPIDER,-1,-2,15,0,12.00,60.00,false
884,GREEN_2,GREEN,ARCHER,0,-3,5,0,34.00,40.00,false
884,BLUE_3,BLUE,SPIDER,-3,3,15,15,16.00,6.00,true
884,BLUE_4,BLUE,ARCHER,-2,3,5,0,84.00,40.00,true
885,GREEN_1,GREEN,MAGE,2,-3,7,7,0.00,0.00,false
885,GREEN_2,GREEN,GARGOYLE,1,-3,3,3,0.00,0.00,false
885,GREEN_3,GREEN,GOBLIN,0,-3,1,1,0.00,0.00,false
885,BLUE_4,BLUE,MAGE,-3,3,7,7,0.00,0.00,false
885,BLUE_5,BLUE,GARGOYLE,-2,3,3,3,0.00,0.00,false
885,BLUE_6,BLUE,GOBLIN,-1,3,1,1,0.00,0.00,false
886,GREEN_1,GREEN,MAGE,2,-3,7,7,0.00,0.00,false
886,GREEN_2,GREEN,GARGOYLE,1,-3,3,3,0.00,0.00,false
886,GREEN_3,GREEN,GOBLIN,0,-3,1,1,0.00,0.00,false
886,BLUE_4,BLUE,MAGE,-3,3,7,7,0.00,0.00,false
886,BLUE_5,BLUE,GARGOYLE,-2,3,3,3,0.00,0.00,false
886,BLUE_6,BLUE,GOBLIN,-1,3,1,1,0.00,0.00,false
887,GREEN_1,GREEN,ARCHER,0,-2,7,1,77.00,51.00,true
887,GREEN_2,GREEN,MAGE,1,-3,4,1,19.00,31.00,true
887,GREEN_3,GREEN,GOBLIN,3,-2,1,1,0.00,0.00,true
887,BLUE_4,BLUE,ARCHER,-3,3,7,0,67.00,56.00,false
887,BLUE_5,BLUE,MAGE,-2,3,4,0,15.00,32.00,false
887,BLUE_6,BLUE,GOBLIN,-1,3,1,0,0.00,8.00,false
888,GREEN_1,GREEN,ARCHER,0,-2,7,7,8.00,4.00,false
888,GREEN_2,GREEN,MAGE,1,-3,4,0,28.00,32.00,false
888,GREEN_3,GREEN,GOBLIN,3,-2,1,0,0.00,8.00,false
888,BLUE_4,BLUE,ARCHER,-3,3,7,7,0.00,0.00,false
888,BLUE_5,BLUE,MAGE,-2,3,4,2,40.00,28.00,false
888,BLUE_6,BLUE,GOBLIN,-1,3,1,0,4.00,8.00,false
889,GREEN_1,GREEN,SPIDER,2,-3,14,14,0.00,0.00,true
889,GREEN_2,GREEN,MAGE,0,-2,4,3,92.00,20.00,true
889,GREEN_3,GREEN,SPIDER,3,-3,1,1,0.00,0.00,true
889,BLUE_4,BLUE,SPIDER,-3,3,14,0,0.00,56.00,false
889,BLUE_5,BLUE,MAGE,-2,3,4,0,20.00,32.00,false
889,BLUE_6,BLUE,SPIDER,-1,3,1,0,0.00,4.00,false
890,GREEN_1,GREEN,SPIDER,2,-3,14,0,16.00,56.00,false
890,GREEN_2,GREEN,MAGE,0,-2,4,0,15.00,32.00,false
890,GREEN_3,GREEN,SPIDER,3,-3,1,0,0.00,4.00,false
890,BLUE_4,BLUE,SPIDER,-3,3,14,11,43.00,19.00,true
890,BLUE_5,BLUE,MAGE,-2,3,4,4,49.00,12.00,true
890,BLUE_6,BLUE,SPIDER,-1,3,1,1,0.00,0.00,true
891,GREEN_1,GREEN,ARCHER,0,-2,7,2,72.00,44.00,true
891,GREEN_2,GREEN,SCORPION_RIDER,2,-3,4,3,56.00,42.00,true
891,BLUE_3,BLUE,ARCHER,-3,3,7,0,44.00,56.00,false
891,BLUE_4,BLUE,SCORPION_RIDER,-2,3,4,0,42.00,72.00,false
892,GREEN_1,GREEN,ARCHER,0,-2,7,0,20.00,56.00,false
892,GREEN_2,GREEN,SCORPION_RIDER,2,-3,4,0,26.00,72.00,false
892,BLUE_3,BLUE,ARCHER,-3,3,7,7,70.00,12.00,true
892,BLUE_4,BLUE,SCORPION_RIDER,-2,3,4,3,58.00,34.00,true
893,GREEN_1,GREEN,GARGOYLE,1,-3,6,6,0.00,0.00,false
893,GREEN_2,GREEN,SPIDER,0,-3,9,9,0.00,0.00,false
893,GREEN_3,GREEN,ARCHER,2,-3,1,1,0.00,0.00,false
893,BLUE_4,BLUE,GARGOYLE,-3,3,6,6,0.00,0.00,false
893,BLUE_5,BLUE,SPIDER,-2,3,9,9,0.00,0.00,false
893,BLUE_6,BLUE,ARCHER,-1,3,1,1,0.00,0.00,false
894,GREEN_1,GREEN,GARGOYLE,1,-3,6,0,72.00,96.00,false
894,GREEN_2,GREEN,SPIDER,0,-3,9,0,14.00,36.00,false
894,GREEN_3,GREEN,ARCHER,2,-3,1,0,2.00,8.00,false
894,BLUE_4,BLUE,GARGOYLE,-3,3,6,6,88.00,53.00,true
894,BLUE_5,BLUE,SPIDER,-2,3,9,1,36.00,35.00,true
894,BLUE_6,BLUE,ARCHER,-1,3,1,1,16.00,0.00,true
895,GREEN_1,GREEN,GOLEM,-1,-2,4,3,85.00,65.00,true
895,GREEN_2,GREEN,MAGE,0,-2,4,3,59.00,23.00,true
895,GREEN_3,GREEN,SPIDER,2,-2,2,2,0.00,0.00,true
895,BLUE_4,BLUE,GOLEM,-3,3,4,0,65.00,104.00,false
895,BLUE_5,BLUE,MAGE,-2,3,4,0,23.00,32.00,false
895,BLUE_6,BLUE,SPIDER,-1,3,2,0,0.00,8.00,false
896,GREEN_1,GREEN,GOLEM,-1,-2,4,4,0.00,0.00,false
896,GREEN_2,GREEN,MAGE,0,-2,4,4,0.00,0.00,false
896,GREEN_3,GREEN,SPIDER,2,-2,2,0,6.00,8.00,false
896,BLUE_4,BLUE,GOLEM,-3,3,4,4,0.00,0.00,false
896,BLUE_5,BLUE,MAGE,-2,3,4,4,0.00,0.00,false
896,BLUE_6,BLUE,SPIDER,-1,3,2,1,8.00,6.00,false
897,GREEN_1,GREEN,MAGE,3,-3,8,8,0.00,0.00,false
897,GREEN_2,GREEN,ASSASSIN,3,-2,2,1,20.00,14.00,false
897,GREEN_3,GREEN,SPIDER,2,-2,1,1,0.00,0.00,false
897,BLUE_4,BLUE,MAGE,-3,3,8,8,0.00,0.00,false
897,BLUE_5,BLUE,ASSASSIN,-2,3,2,0,14.00,16.00,false
897,BLUE_6,BLUE,SPIDER,-1,3,1,0,0.00,4.00,false
898,GREEN_1,GREEN,MAGE,3,-3,8,8,0.00,0.00,false
898,GREEN_2,GREEN,ASSASSIN,3,-2,2,0,14.00,16.00,false
898,GREEN_3,GREEN,SPIDER,2,-2,1,0,0.00,4.00,false
898,BLUE_4,BLUE,MAGE,-3,3,8,8,0.00,0.00,false
898,BLUE_5,BLUE,ASSASSIN,-2,3,2,1,20.00,14.00,false
898,BLUE_6,BLUE,SPIDER,-1,3,1,1,0.00,0.00,false
899,GREEN_1,GREEN,ASSASSIN,2,-2,8,1,84.00,60.00,false
899,GREEN_2,GREEN,GOBLIN,3,-2,6,6,0.00,0.00,false
899,BLUE_3,BLUE,ASSASSIN,-3,3,8,8,32.00,36.00,false
899,BLUE_4,BLUE,GOBLIN,-2,3,6,0,28.00,48.00,false
900,GREEN_1,GREEN,ASSASSIN,2,-2,8,0,50.00,64.00,false
900,GREEN_2,GREEN,GOBLIN,3,-2,6,0,32.00,48.00,false
900,BLUE_3,BLUE,ASSASSIN,-3,3,8,2,76.00,58.00,true
900,BLUE_4,BLUE,GOBLIN,-2,3,6,4,36.00,24.00,true
901,GREEN_1,GREEN,SPIDER,1,-3,13,13,0.00,0.00,false
901,GREEN_2,GREEN,MAGE,0,-3,4,4,0.00,0.00,false
901,GREEN_3,GREEN,SCORPION_RIDER,3,-3,1,1,32.00,6.00,false
901,BLUE_4,BLUE,SPIDER,-3,3,13,13,0.00,0.00,false
901,BLUE_5,BLUE,MAGE,-2,3,4,0,6.00,32.00,false
901,BLUE_6,BLUE,SCORPION_RIDER,-1,3,1,1,0.00,0.00,false
902,GREEN_1,GREEN,SPIDER,1,-3,13,13,0.00,0.00,false
902,GREEN_2,GREEN,MAGE,0,-3,4,0,6.00,32.00,false
902,GREEN_3,GREEN,SCORPION_RIDER,3,-3,1,1,0.00,0.00,false
902,BLUE_4,BLUE,SPIDER,-3,3,13,13,0.00,0.00,false
902,BLUE_5,BLUE,MAGE,-2,3,4,4,0.00,0.00,false
902,BLUE_6,BLUE,SCORPION_RIDER,-1,3,1,1,32.00,6.00,false
903,GREEN_1,GREEN,SPIDER,3,-2,13,13,0.00,0.00,false
903,GREEN_2,GREEN,SPIDER,0,-3,12,12,0.00,0.00,false
903,BLUE_3,BLUE,SPIDER,-3,3,13,13,0.00,0.00,false
903,BLUE_4,BLUE,SPIDER,-2,3,12,12,0.00,0.00,false
904,GREEN_1,GREEN,SPIDER,3,-2,13,13,0.00,0.00,false
904,GREEN_2,GREEN,SPIDER,0,-3,12,12,0.00,0.00,false
904,BLUE_3,BLUE,SPIDER,-3,3,13,13,0.00,0.00,false
904,BLUE_4,BLUE,SPIDER,-2,3,12,12,0.00,0.00,false
905,GREEN_1,GREEN,GOBLIN,-1,-2,11,11,0.00,0.00,false
905,GREEN_2,GREEN,SCORPION_RIDER,2,-2,4,0,104.00,76.00,false
905,GREEN_3,GREEN,ARCHER,2,-3,1,1,0.00,0.00,false
905,GREEN_4,GREEN,GOBLIN,1,-2,1,1,0.00,0.00,false
905,BLUE_5,BLUE,GOBLIN,-3,3,11,9,16.00,16.00,false
905,BLUE_6,BLUE,SCORPION_RIDER,-2,3,4,0,60.00,72.00,false
905,BLUE_7,BLUE,ARCHER,-1,3,1,0,0.00,8.00,false
905,BLUE_8,BLUE,GOBLIN,0,3,1,0,0.00,8.00,false
906,GREEN_1,GREEN,GOBLIN,-1,-2,11,11,0.00,0.00,false
906,GREEN_2,GREEN,SCORPION_RIDER,2,-2,4,0,60.00,72.00,false
906,GREEN_3,GREEN,ARCHER,2,-3,1,0,0.00,8.00,false
906,GREEN_4,GREEN,GOBLIN,1,-2,1,0,0.00,8.00,false
906,BLUE_5,BLUE,GOBLIN,-3,3,11,11,0.00,0.00,false
906,BLUE_6,BLUE,SCORPION_RIDER,-2,3,4,2,86.00,60.00,false
906,BLUE_7,BLUE,ARCHER,-1,3,1,1,0.00,0.00,false
906,BLUE_8,BLUE,GOBLIN,0,3,1,1,2.00,0.00,false
907,GREEN_1,GREEN,MAGE,0,-3,7,5,56.00,37.00,true
907,GREEN_2,GREEN,ASSASSIN,3,-3,3,0,28.00,24.00,true
907,GREEN_3,GREEN,SPIDER,2,-3,1,1,0.00,0.00,true
907,BLUE_4,BLUE,MAGE,-3,3,7,0,45.00,56.00,false
907,BLUE_5,BLUE,ASSASSIN,-2,3,3,0,14.00,24.00,false
907,BLUE_6,BLUE,SPIDER,-1,3,1,0,2.00,4.00,false
908,GREEN_1,GREEN,MAGE,0,-3,7,0,31.00,56.00,false
908,GREEN_2,GREEN,ASSASSIN,3,-3,3,0,10.00,24.00,false
908,GREEN_3,GREEN,SPIDER,2,-3,1,0,0.00,4.00,false
908,BLUE_4,BLUE,MAGE,-3,3,7,6,44.00,23.00,true
908,BLUE_5,BLUE,ASSASSIN,-2,3,3,1,36.00,18.00,true
908,BLUE_6,BLUE,SPIDER,-1,3,1,1,4.00,0.00,true
909,GREEN_1,GREEN,SPIDER,0,-2,15,15,0.00,0.00,false
909,GREEN_2,GREEN,SCORPION_RIDER,0,-3,3,2,24.00,42.00,false
909,GREEN_3,GREEN,SPIDER,1,-3,2,2,0.00,0.00,false
909,BLUE_4,BLUE,SPIDER,-3,3,15,9,42.00,24.00,false
909,BLUE_5,BLUE,SCORPION_RIDER,-2,3,3,3,0.00,0.00,false
909,BLUE_6,BLUE,SPIDER,-1,3,2,2,0.00,0.00,false
910,GREEN_1,GREEN,SPIDER,0,-2,15,0,68.00,60.00,false
910,GREEN_2,GREEN,SCORPION_RIDER,0,-3,3,0,0.00,54.00,false
910,GREEN_3,GREEN,SPIDER,1,-3,2,0,4.00,8.00,false
910,BLUE_4,BLUE,SPIDER,-3,3,15,12,88.00,18.00,true
910,BLUE_5,BLUE,SCORPION_RIDER,-2,3,3,2,30.00,46.00,true
910,BLUE_6,BLUE,SPIDER,-1,3,2,0,4.00,8.00,true
911,GREEN_1,GREEN,MAGE,3,-3,7,7,0.00,0.00,false
911,GREEN_2,GREEN,GOLEM,-1,-2,2,2,0.00,0.00,false
911,GREEN_3,GREEN,SPIDER,2,-3,2,2,0.00,0.00,false
911,BLUE_4,BLUE,MAGE,-3,3,7,7,0.00,0.00,false
911,BLUE_5,BLUE,GOLEM,-2,3,2,2,0.00,0.00,false
911,BLUE_6,BLUE,SPIDER,-1,3,2,2,0.00,0.00,false
912,GREEN_1,GREEN,MAGE,3,-3,7,0,42.00,56.00,false
912,GREEN_2,GREEN,GOLEM,-1,-2,2,0,0.00,52.00,false
912,GREEN_3,GREEN,SPIDER,2,-3,2,0,0.00,8.00,false
912,BLUE_4,BLUE,MAGE,-3,3,7,6,106.00,41.00,true
912,BLUE_5,BLUE,GOLEM,-2,3,2,2,10.00,1.00,true
912,BLUE_6,BLUE,SPIDER,-1,3,2,2,0.00,0.00,true
913,GREEN_1,GREEN,SCORPION_RIDER,2,-3,5,2,112.00,79.00,false
913,GREEN_2,GREEN,GARGOYLE,0,-3,5,5,0.00,0.00,false
913,BLUE_3,BLUE,SCORPION_RIDER,-3,3,5,5,31.00,32.00,false
913,BLUE_4,BLUE,GARGOYLE,-2,3,5,0,48.00,80.00,false
914,GREEN_1,GREEN,SCORPION_RIDER,2,-3,5,0,14.00,90.00,false
914,GREEN_2,GREEN,GARGOYLE,0,-3,5,0,45.00,80.00,false
914,BLUE_3,BLUE,SCORPION_RIDER,-3,3,5,3,106.00,59.00,true
914,BLUE_4,BLUE,GARGOYLE,-2,3,5,5,64.00,0.00,true
915,GREEN_1,GREEN,GOBLIN,3,-2,12,4,124.00,82.00,false
915,GREEN_2,GREEN,GOLEM,2,-3,3,3,0.00,0.00,false
915,GREEN_3,GREEN,SCORPION_RIDER,0,-3,1,0,8.00,18.00,false
915,BLUE_4,BLUE,GOBLIN,-3,3,12,10,55.00,36.00,false
915,BLUE_5,BLUE,GOLEM,-2,3,3,0,37.00,78.00,false
915,BLUE_6,BLUE,SCORPION_RIDER,-1,3,1,0,8.00,18.00,false
916,GREEN_1,GREEN,GOBLIN,3,-2,12,0,90.00,96.00,false
916,GREEN_2,GREEN,GOLEM,2,-3,3,0,68.00,78.00,false
916,GREEN_3,GREEN,SCORPION_RIDER,0,-3,1,0,16.00,18.00,false
916,BLUE_4,BLUE,GOBLIN,-3,3,12,3,77.00,80.00,true
916,BLUE_5,BLUE,GOLEM,-2,3,3,1,93.00,76.00,true
916,BLUE_6,BLUE,SCORPION_RIDER,-1,3,1,0,22.00,18.00,true
917,GREEN_1,GREEN,GOLEM,0,-3,4,4,104.00,74.00,true
917,GREEN_2,GREEN,MAGE,1,-2,5,3,40.00,25.00,true
917,BLUE_3,BLUE,GOLEM,-3,3,4,0,73.00,104.00,false
917,BLUE_4,BLUE,MAGE,-2,3,5,0,26.00,40.00,false
918,GREEN_1,GREEN,GOLEM,0,-3,4,4,0.00,0.00,false
918,GREEN_2,GREEN,MAGE,1,-2,5,5,0.00,0.00,false
918,BLUE_3,BLUE,GOLEM,-3,3,4,4,0.00,0.00,false
918,BLUE_4,BLUE,MAGE,-2,3,5,5,0.00,0.00,false
919,GREEN_1,GREEN,GARGOYLE,3,-3,6,6,91.00,39.00,true
919,GREEN_2,GREEN,GARGOYLE,3,-2,4,4,73.00,48.00,true
919,GREEN_3,GREEN,SPIDER,1,-3,1,1,0.00,0.00,true
919,BLUE_4,BLUE,GARGOYLE,-3,3,6,0,66.00,96.00,false
919,BLUE_5,BLUE,GARGOYLE,-2,3,4,0,21.00,64.00,false
919,BLUE_6,BLUE,SPIDER,-1,3,1,0,0.00,4.00,false
920,GREEN_1,GREEN,GARGOYLE,3,-3,6,0,54.00,96.00,false
920,GREEN_2,GREEN,GARGOYLE,3,-2,4,0,30.00,64.00,false
920,GREEN_3,GREEN,SPIDER,1,-3,1,0,2.00,4.00,false
920,BLUE_4,BLUE,GARGOYLE,-3,3,6,6,91.00,39.00,true
920,BLUE_5,BLUE,GARGOYLE,-2,3,4,4,69.00,45.00,true
920,BLUE_6,BLUE,SPIDER,-1,3,1,1,4.00,2.00,true
921,GREEN_1,GREEN,SCORPION_RIDER,3,-2,2,1,12.00,24.00,false
921,GREEN_2,GREEN,ASSASSIN,1,-3,8,1,60.00,62.00,false
921,GREEN_3,GREEN,GOBLIN,3,-3,1,1,0.00,0.00,false
921,BLUE_4,BLUE,SCORPION_RIDER,-3,3,2,2,0.00,0.00,false
921,BLUE_5,BLUE,ASSASSIN,-2,3,8,0,82.00,64.00,false
921,BLUE_6,BLUE,GOBLIN,-1,3,1,0,4.00,8.00,false
922,GREEN_1,GREEN,SCORPION_RIDER,3,-2,2,0,16.00,36.00,false
922,GREEN_2,GREEN,ASSASSIN,1,-3,8,3,78.00,40.00,false
922,GREEN_3,GREEN,GOBLIN,3,-3,1,0,4.00,8.00,false
922,BLUE_4,BLUE,SCORPION_RIDER,-3,3,2,0,12.00,36.00,false
922,BLUE_5,BLUE,ASSASSIN,-2,3,8,2,70.00,54.00,false
922,BLUE_6,BLUE,GOBLIN,-1,3,1,0,2.00,8.00,false
923,GREEN_1,GREEN,GOBLIN,1,-3,10,9,80.00,34.00,true
923,GREEN_2,GREEN,ARCHER,2,-3,6,6,49.00,3.00,true
923,GREEN_3,GREEN,MAGE,0,-3,1,1,7.00,2.00,true
923,BLUE_4,BLUE,GOBLIN,-3,3,10,0,24.00,80.00,false
923,BLUE_5,BLUE,ARCHER,-2,3,6,0,14.00,48.00,false
923,BLUE_6,BLUE,MAGE,-1,3,1,0,1.00,8.00,false
924,GREEN_1,GREEN,GOBLIN,1,-3,10,0,16.00,80.00,false
924,GREEN_2,GREEN,ARCHER,2,-3,6,0,14.00,48.00,false
924,GREEN_3,GREEN,MAGE,0,-3,1,0,1.00,8.00,false
924,BLUE_4,BLUE,GOBLIN,-3,3,10,10,80.00,27.00,true
924,BLUE_5,BLUE,ARCHER,-2,3,6,6,56.00,4.00,true
924,BLUE_6,BLUE,MAGE,-1,3,1,1,0.00,0.00,true
925,GREEN_1,GREEN,GOBLIN,-1,-2,12,1,96.00,92.00,false
925,GREEN_2,GREEN,SCORPION_RIDER,3,-3,4,4,0.00,0.00,false
925,GREEN_3,GREEN,ASSASSIN,0,-3,1,1,8.00,6.00,false
925,BLUE_4,BLUE,GOBLIN,-3,3,12,0,92.00,96.00,false
925,BLUE_5,BLUE,SCORPION_RIDER,-2,3,4,4,0.00,0.00,false
925,BLUE_6,BLUE,ASSASSIN,-1,3,1,0,6.00,8.00,false
926,GREEN_1,GREEN,GOBLIN,-1,-2,12,12,0.00,0.00,false
926,GREEN_2,GREEN,SCORPION_RIDER,3,-3,4,4,0.00,0.00,false
926,GREEN_3,GREEN,ASSASSIN,0,-3,1,0,6.00,8.00,false
926,BLUE_4,BLUE,GOBLIN,-3,3,12,12,0.00,0.00,false
926,BLUE_5,BLUE,SCORPION_RIDER,-2,3,4,4,0.00,0.00,false
926,BLUE_6,BLUE,ASSASSIN,-1,3,1,1,8.00,6.00,false
927,GREEN_1,GREEN,MAGE,0,-2,7,7,43.00,3.00,true
927,GREEN_2,GREEN,SCORPION_RIDER,0,-3,3,3,67.00,22.00,true
927,BLUE_3,BLUE,MAGE,-3,3,7,0,9.00,56.00,false
927,BLUE_4,BLUE,SCORPION_RIDER,-2,3,3,0,16.00,54.00,false
928,GREEN_1,GREEN,MAGE,0,-2,7,0,17.00,56.00,false
928,GREEN_2,GREEN,SCORPION_RIDER,0,-3,3,0,8.00,54.00,false
928,BLUE_3,BLUE,MAGE,-3,3,7,7,62.00,12.00,true
928,BLUE_4,BLUE,SCORPION_RIDER,-2,3,3,3,48.00,13.00,true
929,GREEN_1,GREEN,ARCHER,2,-3,8,1,72.00,56.00,false
929,GREEN_2,GREEN,MAGE,1,-3,3,3,0.00,0.00,false
929,GREEN_3,GREEN,ARCHER,3,-3,1,1,0.00,0.00,false
929,BLUE_4,BLUE,ARCHER,-3,3,8,5,43.00,40.00,false
929,BLUE_5,BLUE,MAGE,-2,3,3,0,9.00,24.00,false
929,BLUE_6,BLUE,ARCHER,-1,3,1,0,4.00,8.00,false
930,GREEN_1,GREEN,ARCHER,2,-3,8,0,49.00,64.00,false
930,GREEN_2,GREEN,MAGE,1,-3,3,0,33.00,24.00,false
930,GREEN_3,GREEN,ARCHER,3,-3,1,0,6.00,8.00,false
930,BLUE_4,BLUE,ARCHER,-3,3,8,2,74.00,56.00,true
930,BLUE_5,BLUE,MAGE,-2,3,3,0,18.00,24.00,true
930,BLUE_6,BLUE,ARCHER,-1,3,1,0,4.00,8.00,true
931,GREEN_1,GREEN,SCORPION_RIDER,1,-2,5,5,48.00,16.00,false
931,GREEN_2,GREEN,ASSASSIN,1,-3,4,4,0.00,0.00,false
931,GREEN_3,GREEN,GOBLIN,2,-3,2,2,0.00,0.00,false
931,BLUE_4,BLUE,SCORPION_RIDER,-3,3,5,5,0.00,0.00,false
931,BLUE_5,BLUE,ASSASSIN,-2,3,4,0,12.00,32.00,false
931,BLUE_6,BLUE,GOBLIN,-1,3,2,0,4.00,16.00,false
932,GREEN_1,GREEN,SCORPION_RIDER,1,-2,5,5,0.00,0.00,false
932,GREEN_2,GREEN,ASSASSIN,1,-3,4,2,22.00,22.00,false
932,GREEN_3,GREEN,GOBLIN,2,-3,2,0,8.00,16.00,false
932,BLUE_4,BLUE,SCORPION_RIDER,-3,3,5,5,0.00,0.00,false
932,BLUE_5,BLUE,ASSASSIN,-2,3,4,1,38.00,30.00,false
932,BLUE_6,BLUE,GOBLIN,-1,3,2,2,0.00,0.00,false
933,GREEN_1,GREEN,GOLEM,2,-3,4,4,104.00,61.00,true
933,GREEN_2,GREEN,SPIDER,3,-2,9,9,54.00,0.00,true
933,GREEN_3,GREEN,SCORPION_RIDER,-1,-2,1,1,0.00,0.00,true
933,BLUE_4,BLUE,GOLEM,-3,3,4,0,53.00,104.00,false
933,BLUE_5,BLUE,SPIDER,-2,3,9,0,8.00,36.00,false
933,BLUE_6,BLUE,SCORPION_RIDER,-1,3,1,0,0.00,18.00,false
934,GREEN_1,GREEN,GOLEM,2,-3,4,2,94.00,86.00,false
934,GREEN_2,GREEN,SPIDER,3,-2,9,0,22.00,36.00,false
934,GREEN_3,GREEN,SCORPION_RIDER,-1,-2,1,1,0.00,0.00,false
934,BLUE_4,BLUE,GOLEM,-3,3,4,1,114.00,98.00,false
934,BLUE_5,BLUE,SPIDER,-2,3,9,9,0.00,0.00,false
934,BLUE_6,BLUE,SCORPION_RIDER,-1,3,1,0,8.00,18.00,false
935,GREEN_1,GREEN,GOLEM,3,-3,4,4,0.00,0.00,false
935,GREEN_2,GREEN,GOBLIN,0,-3,9,3,88.00,59.00,false
935,GREEN_3,GREEN,GARGOYLE,1,-2,1,1,0.00,0.00,false
935,BLUE_4,BLUE,GOLEM,-3,3,4,4,0.00,0.00,false
935,BLUE_5,BLUE,GOBLIN,-2,3,9,0,56.00,72.00,false
935,BLUE_6,BLUE,GARGOYLE,-1,3,1,0,3.00,16.00,false
936,GREEN_1,GREEN,GOLEM,3,-3,4,4,0.00,0.00,false
936,GREEN_2,GREEN,GOBLIN,0,-3,9,9,0.00,0.00,false
936,GREEN_3,GREEN,GARGOYLE,1,-2,1,1,0.00,0.00,false
936,BLUE_4,BLUE,GOLEM,-3,3,4,4,0.00,0.00,false
936,BLUE_5,BLUE,GOBLIN,-2,3,9,9,0.00,0.00,false
936,BLUE_6,BLUE,GARGOYLE,-1,3,1,1,0.00,0.00,false
937,GREEN_1,GREEN,ASSASSIN,0,-2,8,5,94.00,49.00,true
937,GREEN_2,GREEN,GOLEM,2,-3,1,1,0.00,0.00,true
937,GREEN_3,GREEN,MAGE,0,-3,1,1,4.00,0.00,true
937,BLUE_4,BLUE,ASSASSIN,-3,3,8,0,41.00,64.00,false
937,BLUE_5,BLUE,GOLEM,-2,3,1,0,7.00,26.00,false
937,BLUE_6,BLUE,MAGE,-1,3,1,0,1.00,8.00,false
938,GREEN_1,GREEN,ASSASSIN,0,-2,8,0,54.00,64.00,false
938,GREEN_2,GREEN,GOLEM,2,-3,1,0,15.00,26.00,false
938,GREEN_3,GREEN,MAGE,0,-3,1,0,0.00,8.00,false
938,BLUE_4,BLUE,ASSASSIN,-3,3,8,2,76.00,61.00,true
938,BLUE_5,BLUE,GOLEM,-2,3,1,1,18.00,8.00,true
938,BLUE_6,BLUE,MAGE,-1,3,1,1,4.00,0.00,true
939,GREEN_1,GREEN,SPIDER,2,-2,13,2,64.00,47.00,true
939,GREEN_2,GREEN,GARGOYLE,2,-3,4,4,54.00,29.00,true
939,GREEN_3,GREEN,ASSASSIN,1,-3,1,1,6.00,3.00,true
939,BLUE_4,BLUE,SPIDER,-3,3,13,0,50.00,52.00,false
939,BLUE_5,BLUE,GARGOYLE,-2,3,4,0,29.00,64.00,false
939,BLUE_6,BLUE,ASSASSIN,-1,3,1,0,0.00,8.00,false
940,GREEN_1,GREEN,SPIDER,2,-2,13,0,54.00,52.00,false
940,GREEN_2,GREEN,GARGOYLE,2,-3,4,0,50.00,64.00,false
940,GREEN_3,GREEN,ASSASSIN,1,-3,1,0,0.00,8.00,false
940,BLUE_4,BLUE,SPIDER,-3,3,13,4,68.00,47.00,true
940,BLUE_5,BLUE,GARGOYLE,-2,3,4,3,52.00,51.00,true
940,BLUE_6,BLUE,ASSASSIN,-1,3,1,1,4.00,6.00,true
941,GREEN_1,GREEN,GARGOYLE,3,-2,6,3,123.00,90.00,true
941,GREEN_2,GREEN,SCORPION_RIDER,2,-2,4,3,45.00,50.00,true
941,BLUE_3,BLUE,GARGOYLE,-3,3,6,0,90.00,96.00,false
941,BLUE_4,BLUE,SCORPION_RIDER,-2,3,4,0,50.00,72.00,false
942,GREEN_1,GREEN,GARGOYLE,3,-2,6,0,80.00,96.00,false
942,GREEN_2,GREEN,SCORPION_RIDER,2,-2,4,0,50.00,72.00,false
942,BLUE_3,BLUE,GARGOYLE,-3,3,6,5,94.00,58.00,true
942,BLUE_4,BLUE,SCORPION_RIDER,-2,3,4,0,74.00,72.00,true
943,GREEN_1,GREEN,GARGOYLE,0,-2,5,5,74.00,18.00,true
943,GREEN_2,GREEN,ARCHER,3,-3,6,5,56.00,16.00,true
943,GREEN_3,GREEN,SPIDER,3,-2,1,0,2.00,4.00,true
943,BLUE_4,BLUE,GARGOYLE,-3,3,5,0,10.00,80.00,false
943,BLUE_5,BLUE,ARCHER,-2,3,6,0,28.00,48.00,false
943,BLUE_6,BLUE,SPIDER,-1,3,1,0,0.00,4.00,false
944,GREEN_1,GREEN,GARGOYLE,0,-2,5,5,0.00,0.00,false
944,GREEN_2,GREEN,ARCHER,3,-3,6,6,0.00,0.00,false
944,GREEN_3,GREEN,SPIDER,3,-2,1,1,0.00,0.00,false
944,BLUE_4,BLUE,GARGOYLE,-3,3,5,5,0.00,0.00,false
944,BLUE_5,BLUE,ARCHER,-2,3,6,6,0.00,0.00,false
944,BLUE_6,BLUE,SPIDER,-1,3,1,1,0.00,0.00,false
945,GREEN_1,GREEN,MAGE,0,-3,8,2,89.00,57.00,true
945,GREEN_2,GREEN,GARGOYLE,3,-3,2,2,11.00,3.00,true
945,GREEN_3,GREEN,GOBLIN,1,-3,1,0,4.00,8.00,true
945,BLUE_4,BLUE,MAGE,-3,3,8,0,62.00,64.00,false
945,BLUE_5,BLUE,GARGOYLE,-2,3,2,0,6.00,32.00,false
945,BLUE_6,BLUE,GOBLIN,-1,3,1,0,0.00,8.00,false
946,GREEN_1,GREEN,MAGE,0,-3,8,8,0.00,0.00,false
946,GREEN_2,GREEN,GARGOYLE,3,-3,2,2,0.00,0.00,false
946,GREEN_3,GREEN,GOBLIN,1,-3,1,1,0.00,0.00,false
946,BLUE_4,BLUE,MAGE,-3,3,8,8,0.00,0.00,false
946,BLUE_5,BLUE,GARGOYLE,-2,3,2,2,0.00,0.00,false
946,BLUE_6,BLUE,GOBLIN,-1,3,1,1,0.00,0.00,false
947,GREEN_1,GREEN,MAGE,2,-3,8,3,112.00,55.00,true
947,GREEN_2,GREEN,GOBLIN,0,-3,5,5,0.00,0.00,true
947,GREEN_3,GREEN,GOBLIN,1,-2,1,1,0.00,0.00,true
947,BLUE_4,BLUE,MAGE,-3,3,8,0,55.00,64.00,false
947,BLUE_5,BLUE,GOBLIN,-2,3,5,0,0.00,40.00,false
947,BLUE_6,BLUE,GOBLIN,-1,3,1,0,0.00,8.00,false
948,GREEN_1,GREEN,MAGE,2,-3,8,0,22.00,64.00,false
948,GREEN_2,GREEN,GOBLIN,0,-3,5,0,0.00,40.00,false
948,GREEN_3,GREEN,GOBLIN,1,-2,1,0,0.00,8.00,false
948,BLUE_4,BLUE,MAGE,-3,3,8,8,48.00,0.00,true
948,BLUE_5,BLUE,GOBLIN,-2,3,5,5,60.00,15.00,true
948,BLUE_6,BLUE,GOBLIN,-1,3,1,1,4.00,7.00,true
949,GREEN_1,GREEN,GOLEM,0,-2,4,3,108.00,70.00,true
949,GREEN_2,GREEN,MAGE,3,-3,5,5,36.00,3.00,true
949,BLUE_3,BLUE,GOLEM,-3,3,4,0,68.00,104.00,false
949,BLUE_4,BLUE,MAGE,-2,3,5,0,5.00,40.00,false
950,GREEN_1,GREEN,GOLEM,0,-2,4,0,53.00,104.00,false
950,GREEN_2,GREEN,MAGE,3,-3,5,0,35.00,40.00,false
950,BLUE_3,BLUE,GOLEM,-3,3,4,4,53.00,53.00,true
950,BLUE_4,BLUE,MAGE,-2,3,5,1,91.00,35.00,true
951,GREEN_1,GREEN,ARCHER,1,-3,7,2,142.00,44.00,true
951,GREEN_2,GREEN,GOLEM,2,-2,3,3,0.00,0.00,true
951,GREEN_3,GREEN,GOBLIN,2,-3,1,1,0.00,0.00,true
951,BLUE_4,BLUE,ARCHER,-3,3,7,0,44.00,56.00,false
951,BLUE_5,BLUE,GOLEM,-2,3,3,0,0.00,78.00,false
951,BLUE_6,BLUE,GOBLIN,-1,3,1,0,0.00,8.00,false
952,GREEN_1,GREEN,ARCHER,1,-3,7,0,22.00,56.00,false
952,GREEN_2,GREEN,GOLEM,2,-2,3,3,40.00,35.00,false
952,GREEN_3,GREEN,GOBLIN,2,-3,1,0,1.00,8.00,false
952,BLUE_4,BLUE,ARCHER,-3,3,7,7,0.00,0.00,false
952,BLUE_5,BLUE,GOLEM,-2,3,3,2,97.00,57.00,false
952,BLUE_6,BLUE,GOBLIN,-1,3,1,1,2.00,6.00,false
953,GREEN_1,GREEN,GARGOYLE,2,-3,1,1,0.00,0.00,false
953,GREEN_2,GREEN,ASSASSIN,0,-3,8,1,90.00,62.00,false
953,GREEN_3,GREEN,SCORPION_RIDER,0,-2,1,1,0.00,0.00,false
953,GREEN_4,GREEN,GOBLIN,3,-3,1,1,0.00,0.00,false
953,BLUE_5,BLUE,GARGOYLE,-3,3,1,0,3.00,16.00,false
953,BLUE_6,BLUE,ASSASSIN,-2,3,8,5,51.00,48.00,false
953,BLUE_7,BLUE,SCORPION_RIDER,-1,3,1,0,4.00,18.00,false
953,BLUE_8,BLUE,GOBLIN,0,3,1,0,4.00,8.00,false
954,GREEN_1,GREEN,GARGOYLE,2,-3,1,0,3.00,16.00,false
954,GREEN_2,GREEN,ASSASSIN,0,-3,8,5,50.00,30.00,false
954,GREEN_3,GREEN,SCORPION_RIDER,0,-2,1,0,8.00,18.00,false
954,GREEN_4,GREEN,GOBLIN,3,-3,1,0,4.00,8.00,false
954,BLUE_5,BLUE,GARGOYLE,-3,3,1,1,0.00,0.00,false
954,BLUE_6,BLUE,ASSASSIN,-2,3,8,4,70.00,47.00,false
954,BLUE_7,BLUE,SCORPION_RIDER,-1,3,1,0,2.00,18.00,false
954,BLUE_8,BLUE,GOBLIN,0,3,1,1,0.00,0.00,false
955,GREEN_1,GREEN,MAGE,2,-3,7,2,93.00,53.00,false
955,GREEN_2,GREEN,GARGOYLE,1,-3,3,3,0.00,0.00,false
955,GREEN_3,GREEN,SPIDER,2,-2,1,1,0.00,0.00,false
955,BLUE_4,BLUE,MAGE,-3,3,7,4,40.00,41.00,false
955,BLUE_5,BLUE,GARGOYLE,-2,3,3,0,11.00,48.00,false
955,BLUE_6,BLUE,SPIDER,-1,3,1,0,2.00,4.00,false
956,GREEN_1,GREEN,MAGE,2,-3,7,7,0.00,0.00,false
956,GREEN_2,GREEN,GARGOYLE,1,-3,3,3,0.00,0.00,false
956,GREEN_3,GREEN,SPIDER,2,-2,1,0,2.00,4.00,false
956,BLUE_4,BLUE,MAGE,-3,3,7,7,0.00,0.00,false
956,BLUE_5,BLUE,GARGOYLE,-2,3,3,3,0.00,0.00,false
956,BLUE_6,BLUE,SPIDER,-1,3,1,1,4.00,2.00,false
957,GREEN_1,GREEN,MAGE,3,-3,8,5,67.00,45.00,true
957,GREEN_2,GREEN,ASSASSIN,0,-3,2,1,21.00,13.00,true
957,GREEN_3,GREEN,GOBLIN,3,-2,1,1,0.00,0.00,true
957,BLUE_4,BLUE,MAGE,-3,3,8,0,54.00,64.00,false
957,BLUE_5,BLUE,ASSASSIN,-2,3,2,0,0.00,16.00,false
957,BLUE_6,BLUE,GOBLIN,-1,3,1,0,4.00,8.00,false
958,GREEN_1,GREEN,MAGE,3,-3,8,8,0.00,0.00,false
958,GREEN_2,GREEN,ASSASSIN,0,-3,2,2,0.00,0.00,false
958,GREEN_3,GREEN,GOBLIN,3,-2,1,0,4.00,8.00,false
958,BLUE_4,BLUE,MAGE,-3,3,8,8,0.00,0.00,false
958,BLUE_5,BLUE,ASSASSIN,-2,3,2,2,8.00,4.00,false
958,BLUE_6,BLUE,GOBLIN,-1,3,1,1,0.00,0.00,false
959,GREEN_1,GREEN,GOBLIN,1,-3,10,7,74.00,44.00,true
959,GREEN_2,GREEN,SPIDER,0,-3,12,12,46.00,0.00,true
959,GREEN_3,GREEN,GOBLIN,2,-2,3,0,32.00,24.00,true
959,BLUE_4,BLUE,GOBLIN,-3,3,10,0,32.00,80.00,false
959,BLUE_5,BLUE,SPIDER,-2,3,12,0,24.00,48.00,false
959,BLUE_6,BLUE,GOBLIN,-1,3,3,0,12.00,24.00,false
960,GREEN_1,GREEN,GOBLIN,1,-3,10,10,0.00,0.00,false
960,GREEN_2,GREEN,SPIDER,0,-3,12,12,0.00,0.00,false
960,GREEN_3,GREEN,GOBLIN,2,-2,3,3,0.00,0.00,false
960,BLUE_4,BLUE,GOBLIN,-3,3,10,10,0.00,0.00,false
960,BLUE_5,BLUE,SPIDER,-2,3,12,12,0.00,0.00,false
960,BLUE_6,BLUE,GOBLIN,-1,3,3,3,0.00,0.00,false
961,GREEN_1,GREEN,ARCHER,-1,-2,7,7,0.00,0.00,false
961,GREEN_2,GREEN,SPIDER,1,-3,9,9,0.00,0.00,false
961,GREEN_3,GREEN,GOBLIN,3,-2,2,2,0.00,0.00,false
961,BLUE_4,BLUE,ARCHER,-3,3,7,7,0.00,0.00,false
961,BLUE_5,BLUE,SPIDER,-2,3,9,9,0.00,0.00,false
961,BLUE_6,BLUE,GOBLIN,-1,3,2,2,0.00,0.00,false
962,GREEN_1,GREEN,ARCHER,-1,-2,7,0,56.00,56.00,false
962,GREEN_2,GREEN,SPIDER,1,-3,9,0,0.00,36.00,false
962,GREEN_3,GREEN,GOBLIN,3,-2,2,0,0.00,16.00,false
962,BLUE_4,BLUE,ARCHER,-3,3,7,2,88.00,44.00,true
962,BLUE_5,BLUE,SPIDER,-2,3,9,9,0.00,0.00,true
962,BLUE_6,BLUE,GOBLIN,-1,3,2,2,20.00,12.00,true
963,GREEN_1,GREEN,ASSASSIN,1,-3,8,4,90.00,51.00,true
963,GREEN_2,GREEN,GOLEM,2,-2,1,1,0.00,0.00,true
963,GREEN_3,GREEN,SPIDER,3,-3,3,3,12.00,0.00,true
963,BLUE_4,BLUE,ASSASSIN,-3,3,8,0,40.00,64.00,false
963,BLUE_5,BLUE,GOLEM,-2,3,1,0,7.00,26.00,false
963,BLUE_6,BLUE,SPIDER,-1,3,3,0,4.00,12.00,false
964,GREEN_1,GREEN,ASSASSIN,1,-3,8,0,46.00,64.00,false
964,GREEN_2,GREEN,GOLEM,2,-2,1,0,7.00,26.00,false
964,GREEN_3,GREEN,SPIDER,3,-3,3,0,4.00,12.00,false
964,BLUE_4,BLUE,ASSASSIN,-3,3,8,2,78.00,54.00,true
964,BLUE_5,BLUE,GOLEM,-2,3,1,1,6.00,3.00,true
964,BLUE_6,BLUE,SPIDER,-1,3,3,3,18.00,0.00,true
965,GREEN_1,GREEN,GOLEM,3,-3,4,4,0.00,0.00,false
965,GREEN_2,GREEN,GOBLIN,1,-2,9,4,57.00,54.00,false
965,GREEN_3,GREEN,ARCHER,2,-2,1,1,0.00,0.00,false
965,BLUE_4,BLUE,GOLEM,-3,3,4,4,54.00,57.00,false
965,BLUE_5,BLUE,GOBLIN,-2,3,9,9,0.00,0.00,false
965,BLUE_6,BLUE,ARCHER,-1,3,1,1,0.00,0.00,false
966,GREEN_1,GREEN,GOLEM,3,-3,4,4,19.00,15.00,false
966,GREEN_2,GREEN,GOBLIN,1,-2,9,0,52.00,72.00,false
966,GREEN_3,GREEN,ARCHER,2,-2,1,0,0.00,8.00,false
966,BLUE_4,BLUE,GOLEM,-3,3,4,3,95.00,71.00,false
966,BLUE_5,BLUE,GOBLIN,-2,3,9,9,0.00,0.00,false
966,BLUE_6,BLUE,ARCHER,-1,3,1,1,0.00,0.00,false
967,GREEN_1,GREEN,GOBLIN,1,-2,10,10,12.00,4.00,true
967,GREEN_2,GREEN,ASSASSIN,0,-3,5,0,48.00,40.00,true
967,GREEN_3,GREEN,SPIDER,0,-2,3,3,72.00,0.00,true
967,BLUE_4,BLUE,GOBLIN,-3,3,10,0,24.00,80.00,false
967,BLUE_5,BLUE,ASSASSIN,-2,3,5,0,16.00,40.00,false
967,BLUE_6,BLUE,SPIDER,-1,3,3,0,4.00,12.00,false
968,GREEN_1,GREEN,GOBLIN,1,-2,10,0,50.00,80.00,false
968,GREEN_2,GREEN,ASSASSIN,0,-3,5,0,46.00,40.00,false
968,GREEN_3,GREEN,SPIDER,0,-2,3,0,4.00,12.00,false
968,BLUE_4,BLUE,GOBLIN,-3,3,10,3,60.00,62.00,true
968,BLUE_5,BLUE,ASSASSIN,-2,3,5,1,42.00,38.00,true
968,BLUE_6,BLUE,SPIDER,-1,3,3,3,30.00,0.00,true
969,GREEN_1,GREEN,MAGE,1,-3,7,3,76.00,46.00,true
969,GREEN_2,GREEN,MAGE,0,-3,3,1,12.00,17.00,true
969,GREEN_3,GREEN,GOBLIN,2,-3,1,1,0.00,0.00,true
969,BLUE_4,BLUE,MAGE,-3,3,7,0,51.00,56.00,false
969,BLUE_5,BLUE,MAGE,-2,3,3,0,12.00,24.00,false
969,BLUE_6,BLUE,GOBLIN,-1,3,1,0,0.00,8.00,false
970,GREEN_1,GREEN,MAGE,1,-3,7,0,60.00,56.00,false
970,GREEN_2,GREEN,MAGE,0,-3,3,0,12.00,24.00,false
970,GREEN_3,GREEN,GOBLIN,2,-3,1,0,0.00,8.00,false
970,BLUE_4,BLUE,MAGE,-3,3,7,2,71.00,52.00,true
970,BLUE_5,BLUE,MAGE,-2,3,3,1,17.00,20.00,true
970,BLUE_6,BLUE,GOBLIN,-1,3,1,1,0.00,0.00,true
971,GREEN_1,GREEN,SCORPION_RIDER,-1,-2,6,4,146.00,92.00,true
971,GREEN_2,GREEN,GOBLIN,0,-2,7,7,8.00,4.00,true
971,GREEN_3,GREEN,ARCHER,3,-3,1,1,18.00,0.00,true
971,BLUE_4,BLUE,SCORPION_RIDER,-3,3,6,0,80.00,108.00,false
971,BLUE_5,BLUE,GOBLIN,-2,3,7,0,16.00,56.00,false
971,BLUE_6,BLUE,ARCHER,-1,3,1,0,0.00,8.00,false
972,GREEN_1,GREEN,SCORPION_RIDER,-1,-2,6,0,80.00,108.00,false
972,GREEN_2,GREEN,GOBLIN,0,-2,7,0,20.00,56.00,false
972,GREEN_3,GREEN,ARCHER,3,-3,1,0,0.00,8.00,false
972,BLUE_4,BLUE,SCORPION_RIDER,-3,3,6,4,130.00,80.00,true
972,BLUE_5,BLUE,GOBLIN,-2,3,7,5,24.00,20.00,true
972,BLUE_6,BLUE,ARCHER,-1,3,1,1,18.00,0.00,true
973,GREEN_1,GREEN,MAGE,-1,-2,8,4,73.00,44.00,true
973,GREEN_2,GREEN,SPIDER,3,-2,5,5,13.00,6.00,true
973,GREEN_3,GREEN,SPIDER,0,-2,1,0,2.00,4.00,true
973,BLUE_4,BLUE,MAGE,-3,3,8,0,52.00,64.00,false
973,BLUE_5,BLUE,SPIDER,-2,3,5,0,0.00,20.00,false
973,BLUE_6,BLUE,SPIDER,-1,3,1,0,2.00,4.00,false
974,GREEN_1,GREEN,MAGE,-1,-2,8,4,66.00,50.00,false
974,GREEN_2,GREEN,SPIDER,3,-2,5,0,20.00,20.00,false
974,GREEN_3,GREEN,SPIDER,0,-2,1,0,0.00,4.00,false
974,BLUE_4,BLUE,MAGE,-3,3,8,2,52.00,62.00,false
974,BLUE_5,BLUE,SPIDER,-2,3,5,0,18.00,22.00,false
974,BLUE_6,BLUE,SPIDER,-1,3,1,1,4.00,2.00,false
975,GREEN_1,GREEN,SCORPION_RIDER,0,-3,6,2,114.00,82.00,true
975,GREEN_2,GREEN,ARCHER,3,-2,4,4,34.00,0.00,true
975,GREEN_3,GREEN,GOBLIN,1,-3,1,1,0.00,0.00,true
975,BLUE_4,BLUE,SCORPION_RIDER,-3,3,6,0,78.00,108.00,false
975,BLUE_5,BLUE,ARCHER,-2,3,4,0,4.00,32.00,false
975,BLUE_6,BLUE,GOBLIN,-1,3,1,0,0.00,8.00,false
976,GREEN_1,GREEN,SCORPION_RIDER,0,-3,6,0,64.00,108.00,false
976,GREEN_2,GREEN,ARCHER,3,-2,4,0,18.00,32.00,false
976,GREEN_3,GREEN,GOBLIN,1,-3,1,0,0.00,8.00,false
976,BLUE_4,BLUE,SCORPION_RIDER,-3,3,6,6,96.00,66.00,true
976,BLUE_5,BLUE,ARCHER,-2,3,4,3,52.00,16.00,true
976,BLUE_6,BLUE,GOBLIN,-1,3,1,1,0.00,0.00,true
977,GREEN_1,GREEN,MAGE,0,-3,8,8,0.00,0.00,false
977,GREEN_2,GREEN,SCORPION_RIDER,1,-2,2,2,72.00,15.00,false
977,GREEN_3,GREEN,GOBLIN,-1,-2,1,1,0.00,0.00,false
977,BLUE_4,BLUE,MAGE,-3,3,8,0,15.00,64.00,false
977,BLUE_5,BLUE,SCORPION_RIDER,-2,3,2,2,0.00,0.00,false
977,BLUE_6,BLUE,GOBLIN,-1,3,1,0,0.00,8.00,false
978,GREEN_1,GREEN,MAGE,0,-3,8,0,28.00,64.00,false
978,GREEN_2,GREEN,SCORPION_RIDER,1,-2,2,0,16.00,36.00,false
978,GREEN_3,GREEN,GOBLIN,-1,-2,1,0,0.00,8.00,false
978,BLUE_4,BLUE,MAGE,-3,3,8,8,60.00,15.00,true
978,BLUE_5,BLUE,SCORPION_RIDER,-2,3,2,1,48.00,29.00,true
978,BLUE_6,BLUE,GOBLIN,-1,3,1,1,0.00,0.00,true
979,GREEN_1,GREEN,ARCHER,0,-2,8,1,92.00,56.00,true
979,GREEN_2,GREEN,ARCHER,3,-3,3,1,20.00,16.00,true
979,GREEN_3,GREEN,GOBLIN,1,-3,3,3,0.00,0.00,true
979,BLUE_4,BLUE,ARCHER,-3,3,8,0,64.00,64.00,false
979,BLUE_5,BLUE,ARCHER,-2,3,3,0,8.00,24.00,false
979,BLUE_6,BLUE,GOBLIN,-1,3,3,0,0.00,24.00,false
980,GREEN_1,GREEN,ARCHER,0,-2,8,0,60.00,64.00,false
980,GREEN_2,GREEN,ARCHER,3,-3,3,0,8.00,24.00,false
980,GREEN_3,GREEN,GOBLIN,1,-3,3,0,0.00,24.00,false
980,BLUE_4,BLUE,ARCHER,-3,3,8,2,52.00,52.00,true
980,BLUE_5,BLUE,ARCHER,-2,3,3,2,36.00,8.00,true
980,BLUE_6,BLUE,GOBLIN,-1,3,3,3,24.00,8.00,true
981,GREEN_1,GREEN,GOLEM,0,-3,4,4,106.00,62.00,true
981,GREEN_2,GREEN,SCORPION_RIDER,2,-3,4,0,74.00,72.00,true
981,GREEN_3,GREEN,GOBLIN,1,-3,1,0,4.00,8.00,true
981,BLUE_4,BLUE,GOLEM,-3,3,4,0,95.00,104.00,false
981,BLUE_5,BLUE,SCORPION_RIDER,-2,3,4,0,47.00,72.00,false
981,BLUE_6,BLUE,GOBLIN,-1,3,1,0,0.00,8.00,false
982,GREEN_1,GREEN,GOLEM,0,-3,4,4,0.00,0.00,false
982,GREEN_2,GREEN,SCORPION_RIDER,2,-3,4,0,50.00,72.00,false
982,GREEN_3,GREEN,GOBLIN,1,-3,1,0,0.00,8.00,false
982,BLUE_4,BLUE,GOLEM,-3,3,4,4,0.00,0.00,false
982,BLUE_5,BLUE,SCORPION_RIDER,-2,3,4,3,80.00,50.00,false
982,BLUE_6,BLUE,GOBLIN,-1,3,1,1,0.00,0.00,false
983,GREEN_1,GREEN,MAGE,3,-2,8,3,69.00,56.00,true
983,GREEN_2,GREEN,ARCHER,1,-2,3,3,19.00,11.00,true
983,BLUE_3,BLUE,MAGE,-3,3,8,0,55.00,64.00,false
983,BLUE_4,BLUE,ARCHER,-2,3,3,0,12.00,24.00,false
984,GREEN_1,GREEN,MAGE,3,-2,8,8,0.00,0.00,false
984,GREEN_2,GREEN,ARCHER,1,-2,3,0,12.00,24.00,false
984,BLUE_3,BLUE,MAGE,-3,3,8,8,22.00,12.00,false
984,BLUE_4,BLUE,ARCHER,-2,3,3,3,2.00,0.00,false
985,GREEN_1,GREEN,ASSASSIN,0,-2,8,1,72.00,62.00,false
985,GREEN_2,GREEN,ASSASSIN,3,-3,2,0,8.00,16.00,false
985,GREEN_3,GREEN,SPIDER,1,-3,1,1,0.00,0.00,false
985,BLUE_4,BLUE,ASSASSIN,-3,3,8,2,66.00,60.00,false
985,BLUE_5,BLUE,ASSASSIN,-2,3,2,0,12.00,16.00,false
985,BLUE_6,BLUE,SPIDER,-1,3,1,0,0.00,4.00,false
986,GREEN_1,GREEN,ASSASSIN,0,-2,8,0,58.00,64.00,false
986,GREEN_2,GREEN,ASSASSIN,3,-3,2,0,2.00,16.00,false
986,GREEN_3,GREEN,SPIDER,1,-3,1,0,0.00,4.00,false
986,BLUE_4,BLUE,ASSASSIN,-3,3,8,2,78.00,60.00,true
986,BLUE_5,BLUE,ASSASSIN,-2,3,2,2,6.00,0.00,true
986,BLUE_6,BLUE,SPIDER,-1,3,1,1,0.00,0.00,true
987,GREEN_1,GREEN,GOLEM,0,-2,4,4,0.00,0.00,false
987,GREEN_2,GREEN,GOLEM,-1,-2,3,3,0.00,0.00,false
987,GREEN_3,GREEN,SPIDER,2,-2,1,1,0.00,0.00,false
987,BLUE_4,BLUE,GOLEM,-3,3,4,4,0.00,0.00,false
987,BLUE_5,BLUE,GOLEM,-2,3,3,3,0.00,0.00,false
987,BLUE_6,BLUE,SPIDER,-1,3,1,1,0.00,0.00,false
988,GREEN_1,GREEN,GOLEM,0,-2,4,4,0.00,0.00,false
988,GREEN_2,GREEN,GOLEM,-1,-2,3,3,0.00,0.00,false
988,GREEN_3,GREEN,SPIDER,2,-2,1,1,0.00,0.00,false
988,BLUE_4,BLUE,GOLEM,-3,3,4,4,0.00,0.00,false
988,BLUE_5,BLUE,GOLEM,-2,3,3,3,0.00,0.00,false
988,BLUE_6,BLUE,SPIDER,-1,3,1,1,0.00,0.00,false
989,GREEN_1,GREEN,SCORPION_RIDER,3,-2,6,4,150.00,88.00,true
989,GREEN_2,GREEN,GOBLIN,1,-2,9,3,30.00,48.00,true
989,BLUE_3,BLUE,SCORPION_RIDER,-3,3,6,0,116.00,108.00,false
989,BLUE_4,BLUE,GOBLIN,-2,3,9,0,20.00,72.00,false
990,GREEN_1,GREEN,SCORPION_RIDER,3,-2,6,6,0.00,0.00,false
990,GREEN_2,GREEN,GOBLIN,1,-2,9,9,0.00,0.00,false
990,BLUE_3,BLUE,SCORPION_RIDER,-3,3,6,6,0.00,0.00,false
990,BLUE_4,BLUE,GOBLIN,-2,3,9,9,0.00,0.00,false
991,GREEN_1,GREEN,SPIDER,3,-2,14,1,70.00,52.00,true
991,GREEN_2,GREEN,ASSASSIN,3,-3,4,1,26.00,24.00,true
991,GREEN_3,GREEN,GOBLIN,2,-2,1,1,0.00,0.00,true
991,BLUE_4,BLUE,SPIDER,-3,3,14,0,56.00,56.00,false
991,BLUE_5,BLUE,ASSASSIN,-2,3,4,0,20.00,32.00,false
991,BLUE_6,BLUE,GOBLIN,-1,3,1,0,0.00,8.00,false
992,GREEN_1,GREEN,SPIDER,3,-2,14,0,50.00,56.00,false
992,GREEN_2,GREEN,ASSASSIN,3,-3,4,0,0.00,32.00,false
992,GREEN_3,GREEN,GOBLIN,2,-2,1,0,4.00,8.00,false
992,BLUE_4,BLUE,SPIDER,-3,3,14,11,66.00,22.00,true
992,BLUE_5,BLUE,ASSASSIN,-2,3,4,0,30.00,32.00,true
992,BLUE_6,BLUE,GOBLIN,-1,3,1,1,0.00,0.00,true
993,GREEN_1,GREEN,SCORPION_RIDER,0,-3,6,6,36.00,10.00,true
993,GREEN_2,GREEN,SPIDER,1,-3,8,8,96.00,0.00,true
993,GREEN_3,GREEN,SPIDER,2,-3,1,1,12.00,0.00,true
993,BLUE_4,BLUE,SCORPION_RIDER,-3,3,6,0,0.00,108.00,false
993,BLUE_5,BLUE,SPIDER,-2,3,8,0,10.00,32.00,false
993,BLUE_6,BLUE,SPIDER,-1,3,1,0,0.00,4.00,false
994,GREEN_1,GREEN,SCORPION_RIDER,0,-3,6,0,0.00,108.00,false
994,GREEN_2,GREEN,SPIDER,1,-3,8,0,12.00,32.00,false
994,GREEN_3,GREEN,SPIDER,2,-3,1,0,0.00,4.00,false
994,BLUE_4,BLUE,SCORPION_RIDER,-3,3,6,6,36.00,12.00,true
994,BLUE_5,BLUE,SPIDER,-2,3,8,8,96.00,0.00,true
994,BLUE_6,BLUE,SPIDER,-1,3,1,1,12.00,0.00,true
995,GREEN_1,GREEN,ARCHER,3,-3,8,5,104.00,42.00,true
995,GREEN_2,GREEN,GARGOYLE,2,-2,3,3,12.00,0.00,true
995,GREEN_3,GREEN,SPIDER,3,-2,2,2,4.00,2.00,true
995,BLUE_4,BLUE,ARCHER,-3,3,8,0,42.00,64.00,false
995,BLUE_5,BLUE,GARGOYLE,-2,3,3,0,0.00,48.00,false
995,BLUE_6,BLUE,SPIDER,-1,3,2,0,2.00,8.00,false
996,GREEN_1,GREEN,ARCHER,3,-3,8,0,38.00,64.00,false
996,GREEN_2,GREEN,GARGOYLE,2,-2,3,0,9.00,48.00,false
996,GREEN_3,GREEN,SPIDER,3,-2,2,0,0.00,8.00,false
996,BLUE_4,BLUE,ARCHER,-3,3,8,4,108.00,47.00,true
996,BLUE_5,BLUE,GARGOYLE,-2,3,3,3,12.00,0.00,true
996,BLUE_6,BLUE,SPIDER,-1,3,2,2,0.00,0.00,true
997,GREEN_1,GREEN,ARCHER,2,-3,8,8,8.00,4.00,false
997,GREEN_2,GREEN,GARGOYLE,1,-3,3,3,0.00,0.00,false
997,GREEN_3,GREEN,ARCHER,-1,-2,1,1,0.00,0.00,false
997,BLUE_4,BLUE,ARCHER,-3,3,8,8,0.00,0.00,false
997,BLUE_5,BLUE,GARGOYLE,-2,3,3,3,0.00,0.00,false
997,BLUE_6,BLUE,ARCHER,-1,3,1,0,4.00,8.00,false
998,GREEN_1,GREEN,ARCHER,2,-3,8,0,54.00,64.00,false
998,GREEN_2,GREEN,GARGOYLE,1,-3,3,0,0.00,48.00,false
998,GREEN_3,GREEN,ARCHER,-1,-2,1,0,0.00,8.00,false
998,BLUE_4,BLUE,ARCHER,-3,3,8,7,77.00,38.00,true
998,BLUE_5,BLUE,GARGOYLE,-2,3,3,3,39.00,16.00,true
998,BLUE_6,BLUE,ARCHER,-1,3,1,1,4.00,0.00,true
999,GREEN_1,GREEN,ARCHER,-1,-2,8,4,100.00,44.00,true
999,GREEN_2,GREEN,GARGOYLE,2,-3,3,3,20.00,6.00,true
999,GREEN_3,GREEN,SPIDER,3,-2,2,2,0.00,0.00,true
999,BLUE_4,BLUE,ARCHER,-3,3,8,0,50.00,64.00,false
999,BLUE_5,BLUE,GARGOYLE,-2,3,3,0,0.00,48.00,false
999,BLUE_6,BLUE,SPIDER,-1,3,2,0,0.00,8.00,false
1000,GREEN_1,GREEN,ARCHER,-1,-2,8,8,0.00,0.00,false
1000,GREEN_2,GREEN,GARGOYLE,2,-3,3,3,0.00,0.00,false
1000,GREEN_3,GREEN,SPIDER,3,-2,2,2,0.00,0.00,false
1000,BLUE_4,BLUE,ARCHER,-3,3,8,8,0.00,0.00,false
1000,BLUE_5,BLUE,GARGOYLE,-2,3,3,3,0.00,0.00,false
1000,BLUE_6,BLUE,SPIDER,-1,3,2,2,0.00,0.00,false
1001,GREEN_1,GREEN,GOBLIN,0,-2,10,10,0.00,0.00,false
1001,GREEN_2,GREEN,GARGOYLE,3,-3,5,5,0.00,0.00,false
1001,GREEN_3,GREEN,GOBLIN,2,-3,3,3,0.00,0.00,false
1001,BLUE_4,BLUE,GOBLIN,-3,3,10,10,0.00,0.00,false
1001,BLUE_5,BLUE,GARGOYLE,-2,3,5,5,0.00,0.00,false
1001,BLUE_6,BLUE,GOBLIN,-1,3,3,3,0.00,0.00,false
1002,GREEN_1,GREEN,GOBLIN,0,-2,10,10,0.00,0.00,false
1002,GREEN_2,GREEN,GARGOYLE,3,-3,5,5,0.00,0.00,false
1002,GREEN_3,GREEN,GOBLIN,2,-3,3,3,0.00,0.00,false
1002,BLUE_4,BLUE,GOBLIN,-3,3,10,10,0.00,0.00,false
1002,BLUE_5,BLUE,GARGOYLE,-2,3,5,5,0.00,0.00,false
1002,BLUE_6,BLUE,GOBLIN,-1,3,3,3,0.00,0.00,false
1003,GREEN_1,GREEN,GOLEM,3,-3,4,4,0.00,0.00,false
1003,GREEN_2,GREEN,GOBLIN,1,-3,10,10,0.00,0.00,false
1003,GREEN_3,GREEN,GOBLIN,2,-3,1,1,0.00,0.00,false
1003,BLUE_4,BLUE,GOLEM,-3,3,4,4,0.00,0.00,false
1003,BLUE_5,BLUE,GOBLIN,-2,3,10,10,0.00,0.00,false
1003,BLUE_6,BLUE,GOBLIN,-1,3,1,1,0.00,0.00,false
1004,GREEN_1,GREEN,GOLEM,3,-3,4,4,0.00,0.00,false
1004,GREEN_2,GREEN,GOBLIN,1,-3,10,10,0.00,0.00,false
1004,GREEN_3,GREEN,GOBLIN,2,-3,1,1,0.00,0.00,false
1004,BLUE_4,BLUE,GOLEM,-3,3,4,4,0.00,0.00,false
1004,BLUE_5,BLUE,GOBLIN,-2,3,10,10,0.00,0.00,false
1004,BLUE_6,BLUE,GOBLIN,-1,3,1,1,0.00,0.00,false
1005,GREEN_1,GREEN,ASSASSIN,0,-2,7,4,38.00,30.00,false
1005,GREEN_2,GREEN,SCORPION_RIDER,0,-3,3,2,34.00,42.00,false
1005,BLUE_3,BLUE,ASSASSIN,-3,3,7,0,48.00,56.00,false
1005,BLUE_4,BLUE,SCORPION_RIDER,-2,3,3,3,24.00,16.00,false
1006,GREEN_1,GREEN,ASSASSIN,0,-2,7,0,52.00,56.00,true
1006,GREEN_2,GREEN,SCORPION_RIDER,0,-3,3,1,58.00,50.00,true
1006,BLUE_3,BLUE,ASSASSIN,-3,3,7,0,54.00,56.00,false
1006,BLUE_4,BLUE,SCORPION_RIDER,-2,3,3,0,52.00,54.00,false
1007,GREEN_1,GREEN,ASSASSIN,3,-3,7,2,64.00,48.00,true
1007,GREEN_2,GREEN,GOBLIN,0,-3,7,4,56.00,48.00,true
1007,GREEN_3,GREEN,GOBLIN,1,-3,1,1,0.00,0.00,true
1007,BLUE_4,BLUE,ASSASSIN,-3,3,7,0,48.00,56.00,false
1007,BLUE_5,BLUE,GOBLIN,-2,3,7,0,44.00,56.00,false
1007,BLUE_6,BLUE,GOBLIN,-1,3,1,0,4.00,8.00,false
1008,GREEN_1,GREEN,ASSASSIN,3,-3,7,2,66.00,50.00,false
1008,GREEN_2,GREEN,GOBLIN,0,-3,7,0,40.00,56.00,false
1008,GREEN_3,GREEN,GOBLIN,1,-3,1,0,4.00,8.00,false
1008,BLUE_4,BLUE,ASSASSIN,-3,3,7,1,66.00,54.00,false
1008,BLUE_5,BLUE,GOBLIN,-2,3,7,0,48.00,56.00,false
1008,BLUE_6,BLUE,GOBLIN,-1,3,1,1,0.00,0.00,false
1009,GREEN_1,GREEN,ARCHER,0,-3,7,3,82.00,40.00,true
1009,GREEN_2,GREEN,GARGOYLE,2,-3,4,4,46.00,18.00,true
1009,GREEN_3,GREEN,GOBLIN,1,-2,1,1,0.00,0.00,true
1009,BLUE_4,BLUE,ARCHER,-3,3,7,0,40.00,56.00,false
1009,BLUE_5,BLUE,GARGOYLE,-2,3,4,0,18.00,64.00,false
1009,BLUE_6,BLUE,GOBLIN,-1,3,1,0,0.00,8.00,false
1010,GREEN_1,GREEN,ARCHER,0,-3,7,0,34.00,56.00,false
1010,GREEN_2,GREEN,GARGOYLE,2,-3,4,0,6.00,64.00,false
1010,GREEN_3,GREEN,GOBLIN,1,-2,1,0,4.00,8.00,false
1010,BLUE_4,BLUE,ARCHER,-3,3,7,6,64.00,20.00,true
1010,BLUE_5,BLUE,GARGOYLE,-2,3,4,4,58.00,18.00,true
1010,BLUE_6,BLUE,GOBLIN,-1,3,1,1,6.00,6.00,true
1011,GREEN_1,GREEN,SCORPION_RIDER,3,-2,6,6,0.00,0.00,false
1011,GREEN_2,GREEN,ASSASSIN,1,-3,3,0,30.00,24.00,false
1011,GREEN_3,GREEN,ARCHER,2,-2,1,1,0.00,0.00,false
1011,BLUE_4,BLUE,SCORPION_RIDER,-3,3,6,6,0.00,0.00,false
1011,BLUE_5,BLUE,ASSASSIN,-2,3,3,1,22.00,22.00,false
1011,BLUE_6,BLUE,ARCHER,-1,3,1,0,2.00,8.00,false
1012,GREEN_1,GREEN,SCORPION_RIDER,3,-2,6,6,0.00,0.00,false
1012,GREEN_2,GREEN,ASSASSIN,1,-3,3,0,18.00,24.00,false
1012,GREEN_3,GREEN,ARCHER,2,-2,1,0,2.00,8.00,false
1012,BLUE_4,BLUE,SCORPION_RIDER,-3,3,6,6,0.00,0.00,false
1012,BLUE_5,BLUE,ASSASSIN,-2,3,3,2,32.00,20.00,false
1012,BLUE_6,BLUE,ARCHER,-1,3,1,1,0.00,0.00,false
1013,GREEN_1,GREEN,GOBLIN,2,-3,10,5,48.00,48.00,false
1013,GREEN_2,GREEN,ASSASSIN,3,-2,5,2,42.00,30.00,false
1013,GREEN_3,GREEN,SCORPION_RIDER,0,-2,1,1,0.00,0.00,false
1013,BLUE_4,BLUE,GOBLIN,-3,3,10,8,34.00,32.00,false
1013,BLUE_5,BLUE,ASSASSIN,-2,3,5,0,36.00,40.00,false
1013,BLUE_6,BLUE,SCORPION_RIDER,-1,3,1,0,8.00,18.00,false
1014,GREEN_1,GREEN,GOBLIN,2,-3,10,10,0.00,0.00,false
1014,GREEN_2,GREEN,ASSASSIN,3,-2,5,5,22.00,24.00,false
1014,GREEN_3,GREEN,SCORPION_RIDER,0,-2,1,0,8.00,18.00,false
1014,BLUE_4,BLUE,GOBLIN,-3,3,10,10,0.00,0.00,false
1014,BLUE_5,BLUE,ASSASSIN,-2,3,5,2,42.00,30.00,false
1014,BLUE_6,BLUE,SCORPION_RIDER,-1,3,1,1,0.00,0.00,false
1015,GREEN_1,GREEN,GOBLIN,2,-3,11,11,0.00,0.00,false
1015,GREEN_2,GREEN,GOBLIN,-1,-2,4,4,0.00,0.00,false
1015,GREEN_3,GREEN,GOBLIN,0,-2,8,8,0.00,0.00,false
1015,GREEN_4,GREEN,SPIDER,1,-3,2,2,0.00,0.00,false
1015,BLUE_5,BLUE,GOBLIN,-3,3,11,11,0.00,0.00,false
1015,BLUE_6,BLUE,GOBLIN,-2,3,4,4,0.00,0.00,false
1015,BLUE_7,BLUE,GOBLIN,-1,3,8,8,0.00,0.00,false
1015,BLUE_8,BLUE,SPIDER,0,3,2,2,0.00,0.00,false
1016,GREEN_1,GREEN,GOBLIN,2,-3,11,11,0.00,0.00,false
1016,GREEN_2,GREEN,GOBLIN,-1,-2,4,4,0.00,0.00,false
1016,GREEN_3,GREEN,GOBLIN,0,-2,8,8,0.00,0.00,false
1016,GREEN_4,GREEN,SPIDER,1,-3,2,2,0.00,0.00,false
1016,BLUE_5,BLUE,GOBLIN,-3,3,11,11,0.00,0.00,false
1016,BLUE_6,BLUE,GOBLIN,-2,3,4,4,0.00,0.00,false
1016,BLUE_7,BLUE,GOBLIN,-1,3,8,8,0.00,0.00,false
1016,BLUE_8,BLUE,SPIDER,0,3,2,2,0.00,0.00,false
1017,GREEN_1,GREEN,GOBLIN,1,-2,10,10,0.00,0.00,true
1017,GREEN_2,GREEN,MAGE,3,-3,5,2,97.00,30.00,true
1017,GREEN_3,GREEN,ASSASSIN,3,-2,1,0,11.00,8.00,true
1017,GREEN_4,GREEN,SPIDER,0,-2,1,1,24.00,3.00,true
1017,BLUE_5,BLUE,GOBLIN,-3,3,10,0,0.00,80.00,false
1017,BLUE_6,BLUE,MAGE,-2,3,5,0,33.00,40.00,false
1017,BLUE_7,BLUE,ASSASSIN,-1,3,1,0,6.00,8.00,false
1017,BLUE_8,BLUE,SPIDER,0,3,1,0,2.00,4.00,false
1018,GREEN_1,GREEN,GOBLIN,1,-2,10,0,39.00,80.00,false
1018,GREEN_2,GREEN,MAGE,3,-3,5,0,23.00,40.00,false
1018,GREEN_3,GREEN,ASSASSIN,3,-2,1,0,0.00,8.00,false
1018,GREEN_4,GREEN,SPIDER,0,-2,1,0,0.00,4.00,false
1018,BLUE_5,BLUE,GOBLIN,-3,3,10,7,53.00,43.00,true
1018,BLUE_6,BLUE,MAGE,-2,3,5,4,61.00,14.00,true
1018,BLUE_7,BLUE,ASSASSIN,-1,3,1,1,12.00,5.00,true
1018,BLUE_8,BLUE,SPIDER,0,3,1,1,6.00,0.00,true
1019,GREEN_1,GREEN,ASSASSIN,1,-2,8,1,72.00,56.00,true
1019,GREEN_2,GREEN,ARCHER,0,-3,3,3,16.00,0.00,true
1019,BLUE_3,BLUE,ASSASSIN,-3,3,8,0,50.00,64.00,false
1019,BLUE_4,BLUE,ARCHER,-2,3,3,0,6.00,24.00,false
1020,GREEN_1,GREEN,ASSASSIN,1,-2,8,0,34.00,64.00,false
1020,GREEN_2,GREEN,ARCHER,0,-3,3,0,6.00,24.00,false
1020,BLUE_3,BLUE,ASSASSIN,-3,3,8,6,68.00,40.00,true
1020,BLUE_4,BLUE,ARCHER,-2,3,3,3,20.00,0.00,true
1021,GREEN_1,GREEN,GARGOYLE,2,-2,1,1,7.00,14.00,true
1021,GREEN_2,GREEN,ARCHER,3,-3,8,2,121.00,56.00,true
1021,GREEN_3,GREEN,GOBLIN,0,-2,6,6,0.00,0.00,true
1021,BLUE_4,BLUE,GARGOYLE,-3,3,1,0,0.00,16.00,false
1021,BLUE_5,BLUE,ARCHER,-2,3,8,0,70.00,64.00,false
1021,BLUE_6,BLUE,GOBLIN,-1,3,6,0,0.00,48.00,false
1022,GREEN_1,GREEN,GARGOYLE,2,-2,1,0,3.00,16.00,false
1022,GREEN_2,GREEN,ARCHER,3,-3,8,0,49.00,64.00,false
1022,GREEN_3,GREEN,GOBLIN,0,-2,6,0,0.00,48.00,false
1022,BLUE_4,BLUE,GARGOYLE,-3,3,1,1,0.00,0.00,true
1022,BLUE_5,BLUE,ARCHER,-2,3,8,3,128.00,52.00,true
1022,BLUE_6,BLUE,GOBLIN,-1,3,6,6,0.00,0.00,true
1023,GREEN_1,GREEN,GOLEM,1,-3,4,4,0.00,0.00,false
1023,GREEN_2,GREEN,GOLEM,3,-3,3,3,0.00,0.00,false
1023,GREEN_3,GREEN,GOBLIN,2,-3,1,1,0.00,0.00,false
1023,BLUE_4,BLUE,GOLEM,-3,3,4,4,0.00,0.00,false
1023,BLUE_5,BLUE,GOLEM,-2,3,3,3,0.00,0.00,false
1023,BLUE_6,BLUE,GOBLIN,-1,3,1,1,0.00,0.00,false
1024,GREEN_1,GREEN,GOLEM,1,-3,4,4,63.00,32.00,false
1024,GREEN_2,GREEN,GOLEM,3,-3,3,0,43.00,78.00,false
1024,GREEN_3,GREEN,GOBLIN,2,-3,1,0,4.00,8.00,false
1024,BLUE_4,BLUE,GOLEM,-3,3,4,4,78.00,43.00,false
1024,BLUE_5,BLUE,GOLEM,-2,3,3,2,32.00,63.00,false
1024,BLUE_6,BLUE,GOBLIN,-1,3,1,1,8.00,4.00,false
1025,GREEN_1,GREEN,ASSASSIN,3,-2,8,4,52.00,44.00,false
1025,GREEN_2,GREEN,SPIDER,1,-3,5,5,0.00,0.00,false
1025,GREEN_3,GREEN,SPIDER,0,-3,1,1,0.00,0.00,false
1025,BLUE_4,BLUE,ASSASSIN,-3,3,8,6,38.00,28.00,false
1025,BLUE_5,BLUE,SPIDER,-2,3,5,0,6.00,20.00,false
1025,BLUE_6,BLUE,SPIDER,-1,3,1,0,0.00,4.00,false
1026,GREEN_1,GREEN,ASSASSIN,3,-2,8,6,38.00,28.00,false
1026,GREEN_2,GREEN,SPIDER,1,-3,5,0,6.00,20.00,false
1026,GREEN_3,GREEN,SPIDER,0,-3,1,0,0.00,4.00,false
1026,BLUE_4,BLUE,ASSASSIN,-3,3,8,4,52.00,44.00,false
1026,BLUE_5,BLUE,SPIDER,-2,3,5,5,0.00,0.00,false
1026,BLUE_6,BLUE,SPIDER,-1,3,1,1,0.00,0.00,false
1027,GREEN_1,GREEN,MAGE,3,-3,7,5,84.00,43.00,true
1027,GREEN_2,GREEN,GOLEM,1,-3,2,2,24.00,15.00,true
1027,GREEN_3,GREEN,GOBLIN,3,-2,2,2,16.00,11.00,true
1027,BLUE_4,BLUE,MAGE,-3,3,7,0,47.00,56.00,false
1027,BLUE_5,BLUE,GOLEM,-2,3,2,0,22.00,52.00,false
1027,BLUE_6,BLUE,GOBLIN,-1,3,2,0,0.00,16.00,false
1028,GREEN_1,GREEN,MAGE,3,-3,7,7,0.00,0.00,false
1028,GREEN_2,GREEN,GOLEM,1,-3,2,2,0.00,0.00,false
1028,GREEN_3,GREEN,GOBLIN,3,-2,2,2,0.00,0.00,false
1028,BLUE_4,BLUE,MAGE,-3,3,7,7,0.00,0.00,false
1028,BLUE_5,BLUE,GOLEM,-2,3,2,2,0.00,0.00,false
1028,BLUE_6,BLUE,GOBLIN,-1,3,2,2,0.00,0.00,false
1029,GREEN_1,GREEN,GOBLIN,2,-3,4,4,0.00,0.00,false
1029,GREEN_2,GREEN,GOLEM,-1,-2,4,4,0.00,0.00,false
1029,GREEN_3,GREEN,SCORPION_RIDER,2,-2,2,2,0.00,0.00,false
1029,GREEN_4,GREEN,MAGE,0,-2,1,1,0.00,0.00,false
1029,BLUE_5,BLUE,GOBLIN,-3,3,4,4,0.00,0.00,false
1029,BLUE_6,BLUE,GOLEM,-2,3,4,4,0.00,0.00,false
1029,BLUE_7,BLUE,SCORPION_RIDER,-1,3,2,2,0.00,0.00,false
1029,BLUE_8,BLUE,MAGE,0,3,1,1,0.00,0.00,false
1030,GREEN_1,GREEN,GOBLIN,2,-3,4,0,28.00,32.00,false
1030,GREEN_2,GREEN,GOLEM,-1,-2,4,0,115.00,104.00,false
1030,GREEN_3,GREEN,SCORPION_RIDER,2,-2,2,0,18.00,36.00,false
1030,GREEN_4,GREEN,MAGE,0,-2,1,0,1.00,8.00,false
1030,BLUE_5,BLUE,GOBLIN,-3,3,4,3,33.00,24.00,true
1030,BLUE_6,BLUE,GOLEM,-2,3,4,1,86.00,101.00,true
1030,BLUE_7,BLUE,SCORPION_RIDER,-1,3,2,1,46.00,37.00,true
1030,BLUE_8,BLUE,MAGE,0,3,1,1,15.00,0.00,true
1031,GREEN_1,GREEN,GOLEM,3,-2,4,1,76.00,101.00,false
1031,GREEN_2,GREEN,ASSASSIN,1,-3,5,2,40.00,36.00,false
1031,BLUE_3,BLUE,GOLEM,-3,3,4,4,101.00,76.00,false
1031,BLUE_4,BLUE,ASSASSIN,-2,3,5,0,36.00,40.00,false
1032,GREEN_1,GREEN,GOLEM,3,-2,4,4,0.00,0.00,false
1032,GREEN_2,GREEN,ASSASSIN,1,-3,5,0,36.00,40.00,false
1032,BLUE_3,BLUE,GOLEM,-3,3,4,4,0.00,0.00,false
1032,BLUE_4,BLUE,ASSASSIN,-2,3,5,2,40.00,36.00,false
1033,GREEN_1,GREEN,MAGE,3,-2,8,3,58.00,49.00,true
1033,GREEN_2,GREEN,ARCHER,1,-3,3,0,30.00,24.00,true
1033,BLUE_3,BLUE,MAGE,-3,3,8,0,61.00,64.00,false
1033,BLUE_4,BLUE,ARCHER,-2,3,3,0,12.00,24.00,false
1034,GREEN_1,GREEN,MAGE,3,-2,8,0,69.00,64.00,false
1034,GREEN_2,GREEN,ARCHER,1,-3,3,0,12.00,24.00,false
1034,BLUE_3,BLUE,MAGE,-3,3,8,1,71.00,59.00,true
1034,BLUE_4,BLUE,ARCHER,-2,3,3,1,17.00,22.00,true
1035,GREEN_1,GREEN,ARCHER,0,-3,8,8,0.00,0.00,false
1035,GREEN_2,GREEN,MAGE,1,-2,3,0,30.00,24.00,false
1035,GREEN_3,GREEN,SPIDER,-1,-2,1,1,0.00,0.00,false
1035,GREEN_4,GREEN,GOBLIN,2,-3,1,1,0.00,0.00,false
1035,BLUE_5,BLUE,ARCHER,-3,3,8,8,0.00,0.00,false
1035,BLUE_6,BLUE,MAGE,-2,3,3,3,24.00,18.00,false
1035,BLUE_7,BLUE,SPIDER,-1,3,1,0,0.00,4.00,false
1035,BLUE_8,BLUE,GOBLIN,0,3,1,0,0.00,8.00,false
1036,GREEN_1,GREEN,ARCHER,0,-3,8,8,0.00,0.00,false
1036,GREEN_2,GREEN,MAGE,1,-2,3,3,0.00,0.00,false
1036,GREEN_3,GREEN,SPIDER,-1,-2,1,1,0.00,0.00,false
1036,GREEN_4,GREEN,GOBLIN,2,-3,1,1,0.00,0.00,false
1036,BLUE_5,BLUE,ARCHER,-3,3,8,8,0.00,0.00,false
1036,BLUE_6,BLUE,MAGE,-2,3,3,3,0.00,0.00,false
1036,BLUE_7,BLUE,SPIDER,-1,3,1,1,0.00,0.00,false
1036,BLUE_8,BLUE,GOBLIN,0,3,1,1,0.00,0.00,false
1037,GREEN_1,GREEN,GOLEM,-1,-2,4,4,0.00,0.00,false
1037,GREEN_2,GREEN,SPIDER,0,-3,10,10,0.00,0.00,false
1037,GREEN_3,GREEN,GOBLIN,1,-3,1,1,0.00,0.00,false
1037,BLUE_4,BLUE,GOLEM,-3,3,4,4,0.00,0.00,false
1037,BLUE_5,BLUE,SPIDER,-2,3,10,10,0.00,0.00,false
1037,BLUE_6,BLUE,GOBLIN,-1,3,1,1,0.00,0.00,false
1038,GREEN_1,GREEN,GOLEM,-1,-2,4,0,23.00,104.00,false
1038,GREEN_2,GREEN,SPIDER,0,-3,10,0,12.00,40.00,false
1038,GREEN_3,GREEN,GOBLIN,1,-3,1,0,4.00,8.00,false
1038,BLUE_4,BLUE,GOLEM,-3,3,4,4,81.00,33.00,true
1038,BLUE_5,BLUE,SPIDER,-2,3,10,10,63.00,0.00,true
1038,BLUE_6,BLUE,GOBLIN,-1,3,1,1,8.00,6.00,true
1039,GREEN_1,GREEN,ASSASSIN,0,-3,7,1,70.00,48.00,true
1039,GREEN_2,GREEN,ASSASSIN,-1,-2,1,1,0.00,0.00,true
1039,GREEN_3,GREEN,GOLEM,3,-3,1,1,20.00,15.00,true
1039,GREEN_4,GREEN,ASSASSIN,1,-3,1,1,8.00,6.00,true
1039,BLUE_5,BLUE,ASSASSIN,-3,3,7,0,46.00,56.00,false
1039,BLUE_6,BLUE,ASSASSIN,-2,3,1,0,6.00,8.00,false
1039,BLUE_7,BLUE,GOLEM,-1,3,1,0,14.00,26.00,false
1039,BLUE_8,BLUE,ASSASSIN,0,3,1,0,3.00,8.00,false
1040,GREEN_1,GREEN,ASSASSIN,0,-3,7,0,34.00,56.00,false
1040,GREEN_2,GREEN,ASSASSIN,-1,-2,1,0,6.00,8.00,false
1040,GREEN_3,GREEN,GOLEM,3,-3,1,0,13.00,26.00,false
1040,GREEN_4,GREEN,ASSASSIN,1,-3,1,0,6.00,8.00,false
1040,BLUE_5,BLUE,ASSASSIN,-3,3,7,4,83.00,42.00,true
1040,BLUE_6,BLUE,ASSASSIN,-2,3,1,1,3.00,7.00,true
1040,BLUE_7,BLUE,GOLEM,-1,3,1,1,4.00,4.00,true
1040,BLUE_8,BLUE,ASSASSIN,0,3,1,1,8.00,6.00,true
1041,GREEN_1,GREEN,ARCHER,1,-2,7,3,124.00,40.00,true
1041,GREEN_2,GREEN,GARGOYLE,-1,-2,4,4,0.00,0.00,true
1041,GREEN_3,GREEN,GOBLIN,0,-3,1,1,4.00,6.00,true
1041,BLUE_4,BLUE,ARCHER,-3,3,7,0,40.00,56.00,false
1041,BLUE_5,BLUE,GARGOYLE,-2,3,4,0,6.00,64.00,false
1041,BLUE_6,BLUE,GOBLIN,-1,3,1,0,0.00,8.00,false
1042,GREEN_1,GREEN,ARCHER,1,-2,7,0,52.00,56.00,false
1042,GREEN_2,GREEN,GARGOYLE,-1,-2,4,0,0.00,64.00,false
1042,GREEN_3,GREEN,GOBLIN,0,-3,1,0,0.00,8.00,false
1042,BLUE_4,BLUE,ARCHER,-3,3,7,2,124.00,48.00,true
1042,BLUE_5,BLUE,GARGOYLE,-2,3,4,4,0.00,0.00,true
1042,BLUE_6,BLUE,GOBLIN,-1,3,1,1,4.00,4.00,true
1043,GREEN_1,GREEN,SCORPION_RIDER,3,-3,5,2,109.00,76.00,true
1043,GREEN_2,GREEN,GARGOYLE,-1,-2,4,4,43.00,0.00,true
1043,GREEN_3,GREEN,MAGE,3,-2,1,1,10.00,0.00,true
1043,BLUE_4,BLUE,SCORPION_RIDER,-3,3,5,0,52.00,90.00,false
1043,BLUE_5,BLUE,GARGOYLE,-2,3,4,0,24.00,64.00,false
1043,BLUE_6,BLUE,MAGE,-1,3,1,0,0.00,8.00,false
1044,GREEN_1,GREEN,SCORPION_RIDER,3,-3,5,0,51.00,90.00,false
1044,GREEN_2,GREEN,GARGOYLE,-1,-2,4,0,24.00,64.00,false
1044,GREEN_3,GREEN,MAGE,3,-2,1,0,0.00,8.00,false
1044,BLUE_4,BLUE,SCORPION_RIDER,-3,3,5,3,126.00,72.00,true
1044,BLUE_5,BLUE,GARGOYLE,-2,3,4,4,27.00,0.00,true
1044,BLUE_6,BLUE,MAGE,-1,3,1,1,9.00,3.00,true
1045,GREEN_1,GREEN,MAGE,2,-3,8,3,61.00,53.00,false
1045,GREEN_2,GREEN,MAGE,2,-2,2,2,0.00,0.00,false
1045,GREEN_3,GREEN,SPIDER,3,-3,1,1,0.00,0.00,false
1045,BLUE_4,BLUE,MAGE,-3,3,8,7,47.00,41.00,false
1045,BLUE_5,BLUE,MAGE,-2,3,2,0,6.00,16.00,false
1045,BLUE_6,BLUE,SPIDER,-1,3,1,0,0.00,4.00,false
1046,GREEN_1,GREEN,MAGE,2,-3,8,0,66.00,64.00,false
1046,GREEN_2,GREEN,MAGE,2,-2,2,0,12.00,16.00,false
1046,GREEN_3,GREEN,SPIDER,3,-3,1,0,0.00,4.00,false
1046,BLUE_4,BLUE,MAGE,-3,3,8,1,68.00,62.00,true
1046,BLUE_5,BLUE,MAGE,-2,3,2,0,16.00,16.00,true
1046,BLUE_6,BLUE,SPIDER,-1,3,1,1,0.00,0.00,true
1047,GREEN_1,GREEN,SCORPION_RIDER,0,-2,6,5,120.00,76.00,true
1047,GREEN_2,GREEN,ARCHER,1,-3,4,4,24.00,0.00,true
1047,GREEN_3,GREEN,SPIDER,2,-3,1,1,0.00,0.00,true
1047,BLUE_4,BLUE,SCORPION_RIDER,-3,3,6,0,72.00,108.00,false
1047,BLUE_5,BLUE,ARCHER,-2,3,4,0,4.00,32.00,false
1047,BLUE_6,BLUE,SPIDER,-1,3,1,0,0.00,4.00,false
1048,GREEN_1,GREEN,SCORPION_RIDER,0,-2,6,0,72.00,108.00,false
1048,GREEN_2,GREEN,ARCHER,1,-3,4,0,4.00,32.00,false
1048,GREEN_3,GREEN,SPIDER,2,-3,1,0,0.00,4.00,false
1048,BLUE_4,BLUE,SCORPION_RIDER,-3,3,6,5,116.00,76.00,true
1048,BLUE_5,BLUE,ARCHER,-2,3,4,4,28.00,0.00,true
1048,BLUE_6,BLUE,SPIDER,-1,3,1,1,0.00,0.00,true
1049,GREEN_1,GREEN,SCORPION_RIDER,1,-3,6,3,160.00,104.00,true
1049,GREEN_2,GREEN,GOBLIN,3,-2,8,2,20.00,48.00,true
1049,GREEN_3,GREEN,GOBLIN,3,-3,1,1,0.00,0.00,true
1049,BLUE_4,BLUE,SCORPION_RIDER,-3,3,6,0,128.00,108.00,false
1049,BLUE_5,BLUE,GOBLIN,-2,3,8,0,24.00,64.00,false
1049,BLUE_6,BLUE,GOBLIN,-1,3,1,0,0.00,8.00,false
1050,GREEN_1,GREEN,SCORPION_RIDER,1,-3,6,0,100.00,108.00,false
1050,GREEN_2,GREEN,GOBLIN,3,-2,8,0,26.00,64.00,false
1050,GREEN_3,GREEN,GOBLIN,3,-3,1,0,0.00,8.00,false
1050,BLUE_4,BLUE,SCORPION_RIDER,-3,3,6,3,140.00,90.00,true
1050,BLUE_5,BLUE,GOBLIN,-2,3,8,4,40.00,36.00,true
1050,BLUE_6,BLUE,GOBLIN,-1,3,1,1,0.00,0.00,true
1051,GREEN_1,GREEN,GARGOYLE,0,-2,6,6,0.00,0.00,true
1051,GREEN_2,GREEN,MAGE,3,-3,4,3,127.00,17.00,true
1051,GREEN_3,GREEN,GOBLIN,2,-3,1,1,9.00,7.00,true
1051,BLUE_4,BLUE,GARGOYLE,-3,3,6,0,0.00,96.00,false
1051,BLUE_5,BLUE,MAGE,-2,3,4,0,24.00,32.00,false
1051,BLUE_6,BLUE,GOBLIN,-1,3,1,0,0.00,8.00,false
1052,GREEN_1,GREEN,GARGOYLE,0,-2,6,0,36.00,96.00,false
1052,GREEN_2,GREEN,MAGE,3,-3,4,0,10.00,32.00,false
1052,GREEN_3,GREEN,GOBLIN,2,-3,1,0,0.00,8.00,false
1052,BLUE_4,BLUE,GARGOYLE,-3,3,6,5,95.00,29.00,true
1052,BLUE_5,BLUE,MAGE,-2,3,4,4,41.00,9.00,true
1052,BLUE_6,BLUE,GOBLIN,-1,3,1,0,0.00,8.00,true
1053,GREEN_1,GREEN,SPIDER,1,-3,13,13,0.00,0.00,false
1053,GREEN_2,GREEN,ASSASSIN,3,-3,4,2,16.00,22.00,false
1053,GREEN_3,GREEN,SCORPION_RIDER,2,-3,1,0,8.00,18.00,false
1053,BLUE_4,BLUE,SPIDER,-3,3,13,7,40.00,24.00,false
1053,BLUE_5,BLUE,ASSASSIN,-2,3,4,4,0.00,0.00,false
1053,BLUE_6,BLUE,SCORPION_RIDER,-1,3,1,1,0.00,0.00,false
1054,GREEN_1,GREEN,SPIDER,1,-3,13,0,48.00,52.00,false
1054,GREEN_2,GREEN,ASSASSIN,3,-3,4,0,0.00,32.00,false
1054,GREEN_3,GREEN,SCORPION_RIDER,2,-3,1,0,16.00,18.00,false
1054,BLUE_4,BLUE,SPIDER,-3,3,13,11,58.00,20.00,true
1054,BLUE_5,BLUE,ASSASSIN,-2,3,4,2,26.00,28.00,true
1054,BLUE_6,BLUE,SCORPION_RIDER,-1,3,1,1,18.00,16.00,true
1055,GREEN_1,GREEN,SCORPION_RIDER,2,-2,5,1,86.00,88.00,true
1055,GREEN_2,GREEN,SPIDER,0,-3,11,3,48.00,38.00,true
1055,BLUE_3,BLUE,SCORPION_RIDER,-3,3,5,0,88.00,90.00,false
1055,BLUE_4,BLUE,SPIDER,-2,3,11,0,38.00,44.00,false
1056,GREEN_1,GREEN,SCORPION_RIDER,2,-2,5,0,60.00,90.00,false
1056,GREEN_2,GREEN,SPIDER,0,-3,11,0,20.00,44.00,false
1056,BLUE_3,BLUE,SCORPION_RIDER,-3,3,5,3,98.00,78.00,true
1056,BLUE_4,BLUE,SPIDER,-2,3,11,11,36.00,2.00,true
1057,GREEN_1,GREEN,SCORPION_RIDER,3,-3,6,4,110.00,78.00,true
1057,GREEN_2,GREEN,SPIDER,0,-3,8,1,34.00,30.00,true
1057,GREEN_3,GREEN,SPIDER,3,-2,1,1,0.00,0.00,true
1057,BLUE_4,BLUE,SCORPION_RIDER,-3,3,6,0,76.00,108.00,false
1057,BLUE_5,BLUE,SPIDER,-2,3,8,0,32.00,32.00,false
1057,BLUE_6,BLUE,SPIDER,-1,3,1,0,0.00,4.00,false
1058,GREEN_1,GREEN,SCORPION_RIDER,3,-3,6,0,86.00,108.00,false
1058,GREEN_2,GREEN,SPIDER,0,-3,8,0,12.00,32.00,false
1058,GREEN_3,GREEN,SPIDER,3,-2,1,0,0.00,4.00,false
1058,BLUE_4,BLUE,SCORPION_RIDER,-3,3,6,3,144.00,98.00,true
1058,BLUE_5,BLUE,SPIDER,-2,3,8,8,0.00,0.00,true
1058,BLUE_6,BLUE,SPIDER,-1,3,1,1,0.00,0.00,true
1059,GREEN_1,GREEN,GOBLIN,0,-2,12,5,146.00,81.00,true
1059,GREEN_2,GREEN,GARGOYLE,2,-3,5,5,34.00,0.00,true
1059,GREEN_3,GREEN,SPIDER,3,-3,1,1,0.00,0.00,true
1059,BLUE_4,BLUE,GOBLIN,-3,3,12,0,48.00,96.00,false
1059,BLUE_5,BLUE,GARGOYLE,-2,3,5,0,33.00,80.00,false
1059,BLUE_6,BLUE,SPIDER,-1,3,1,0,0.00,4.00,false
1060,GREEN_1,GREEN,GOBLIN,0,-2,12,12,0.00,0.00,false
1060,GREEN_2,GREEN,GARGOYLE,2,-3,5,5,0.00,0.00,false
1060,GREEN_3,GREEN,SPIDER,3,-3,1,1,0.00,0.00,false
1060,BLUE_4,BLUE,GOBLIN,-3,3,12,12,0.00,0.00,false
1060,BLUE_5,BLUE,GARGOYLE,-2,3,5,5,0.00,0.00,false
1060,BLUE_6,BLUE,SPIDER,-1,3,1,1,0.00,0.00,false
1061,GREEN_1,GREEN,GOLEM,0,-3,4,1,73.00,86.00,false
1061,GREEN_2,GREEN,SCORPION_RIDER,0,-2,4,2,74.00,65.00,false
1061,GREEN_3,GREEN,GOBLIN,-1,-2,1,0,2.00,8.00,false
1061,BLUE_4,BLUE,GOLEM,-3,3,4,2,88.00,69.00,false
1061,BLUE_5,BLUE,SCORPION_RIDER,-2,3,4,0,71.00,72.00,false
1061,BLUE_6,BLUE,GOBLIN,-1,3,1,0,0.00,8.00,false
1062,GREEN_1,GREEN,GOLEM,0,-3,4,4,84.00,64.00,false
1062,GREEN_2,GREEN,SCORPION_RIDER,0,-2,4,0,67.00,72.00,false
1062,GREEN_3,GREEN,GOBLIN,-1,-2,1,0,0.00,8.00,false
1062,BLUE_4,BLUE,GOLEM,-3,3,4,1,70.00,89.00,false
1062,BLUE_5,BLUE,SCORPION_RIDER,-2,3,4,1,74.00,62.00,false
1062,BLUE_6,BLUE,GOBLIN,-1,3,1,1,0.00,0.00,false
1063,GREEN_1,GREEN,GOBLIN,2,-2,11,6,96.00,57.00,true
1063,GREEN_2,GREEN,MAGE,3,-2,6,6,40.00,3.00,true
1063,BLUE_3,BLUE,GOBLIN,-3,3,11,0,52.00,88.00,false
1063,BLUE_4,BLUE,MAGE,-2,3,6,0,8.00,48.00,false
1064,GREEN_1,GREEN,GOBLIN,2,-2,11,0,20.00,88.00,false
1064,GREEN_2,GREEN,MAGE,3,-2,6,0,7.00,48.00,false
1064,BLUE_3,BLUE,GOBLIN,-3,3,11,10,76.00,26.00,true
1064,BLUE_4,BLUE,MAGE,-2,3,6,6,60.00,1.00,true
1065,GREEN_1,GREEN,GARGOYLE,2,-3,6,6,0.00,0.00,false
1065,GREEN_2,GREEN,MAGE,0,-3,4,4,0.00,0.00,false
1065,GREEN_3,GREEN,SPIDER,2,-2,1,1,0.00,0.00,false
1065,BLUE_4,BLUE,GARGOYLE,-3,3,6,6,0.00,0.00,false
1065,BLUE_5,BLUE,MAGE,-2,3,4,4,0.00,0.00,false
1065,BLUE_6,BLUE,SPIDER,-1,3,1,1,0.00,0.00,false
1066,GREEN_1,GREEN,GARGOYLE,2,-3,6,0,36.00,96.00,false
1066,GREEN_2,GREEN,MAGE,0,-3,4,0,15.00,32.00,false
1066,GREEN_3,GREEN,SPIDER,2,-2,1,0,0.00,4.00,false
1066,BLUE_4,BLUE,GARGOYLE,-3,3,6,6,101.00,37.00,true
1066,BLUE_5,BLUE,MAGE,-2,3,4,3,31.00,14.00,true
1066,BLUE_6,BLUE,SPIDER,-1,3,1,1,0.00,0.00,true
1067,GREEN_1,GREEN,GOLEM,3,-3,4,4,0.00,0.00,false
1067,GREEN_2,GREEN,ARCHER,0,-3,4,4,0.00,0.00,false
1067,GREEN_3,GREEN,GOLEM,1,-3,1,1,0.00,0.00,false
1067,BLUE_4,BLUE,GOLEM,-3,3,4,4,0.00,0.00,false
1067,BLUE_5,BLUE,ARCHER,-2,3,4,4,0.00,0.00,false
1067,BLUE_6,BLUE,GOLEM,-1,3,1,1,0.00,0.00,false
1068,GREEN_1,GREEN,GOLEM,3,-3,4,0,67.00,104.00,false
1068,GREEN_2,GREEN,ARCHER,0,-3,4,0,20.00,32.00,false
1068,GREEN_3,GREEN,GOLEM,1,-3,1,0,0.00,26.00,false
1068,BLUE_4,BLUE,GOLEM,-3,3,4,4,58.00,42.00,true
1068,BLUE_5,BLUE,ARCHER,-2,3,4,3,100.00,20.00,true
1068,BLUE_6,BLUE,GOLEM,-1,3,1,1,4.00,25.00,true
1069,GREEN_1,GREEN,ASSASSIN,1,-3,7,4,56.00,34.00,false
1069,GREEN_2,GREEN,SPIDER,0,-3,2,2,0.00,0.00,false
1069,GREEN_3,GREEN,GOBLIN,3,-3,6,6,0.00,0.00,false
1069,BLUE_4,BLUE,ASSASSIN,-3,3,7,7,0.00,0.00,false
1069,BLUE_5,BLUE,SPIDER,-2,3,2,0,2.00,8.00,false
1069,BLUE_6,BLUE,GOBLIN,-1,3,6,0,32.00,48.00,false
1070,GREEN_1,GREEN,ASSASSIN,1,-3,7,0,50.00,56.00,false
1070,GREEN_2,GREEN,SPIDER,0,-3,2,0,2.00,8.00,false
1070,GREEN_3,GREEN,GOBLIN,3,-3,6,0,4.00,48.00,false
1070,BLUE_4,BLUE,ASSASSIN,-3,3,7,0,72.00,56.00,true
1070,BLUE_5,BLUE,SPIDER,-2,3,2,2,40.00,0.00,true
1070,BLUE_6,BLUE,GOBLIN,-1,3,6,6,0.00,0.00,true
1071,GREEN_1,GREEN,ARCHER,0,-3,7,7,0.00,0.00,false
1071,GREEN_2,GREEN,MAGE,2,-2,4,0,29.00,32.00,false
1071,GREEN_3,GREEN,SPIDER,1,-3,1,1,0.00,0.00,false
1071,BLUE_4,BLUE,ARCHER,-3,3,7,7,0.00,0.00,false
1071,BLUE_5,BLUE,MAGE,-2,3,4,3,30.00,25.00,false
1071,BLUE_6,BLUE,SPIDER,-1,3,1,0,2.00,4.00,false
1072,GREEN_1,GREEN,ARCHER,0,-3,7,7,0.00,0.00,false
1072,GREEN_2,GREEN,MAGE,2,-2,4,4,0.00,0.00,false
1072,GREEN_3,GREEN,SPIDER,1,-3,1,1,0.00,0.00,false
1072,BLUE_4,BLUE,ARCHER,-3,3,7,7,0.00,0.00,false
1072,BLUE_5,BLUE,MAGE,-2,3,4,4,0.00,0.00,false
1072,BLUE_6,BLUE,SPIDER,-1,3,1,1,0.00,0.00,false
1073,GREEN_1,GREEN,ASSASSIN,3,-2,8,2,83.00,54.00,true
1073,GREEN_2,GREEN,GOLEM,2,-3,1,1,9.00,15.00,true
1073,GREEN_3,GREEN,ASSASSIN,1,-3,1,1,6.00,6.00,true
1073,BLUE_4,BLUE,ASSASSIN,-3,3,8,0,62.00,64.00,false
1073,BLUE_5,BLUE,GOLEM,-2,3,1,0,7.00,26.00,false
1073,BLUE_6,BLUE,ASSASSIN,-1,3,1,0,6.00,8.00,false
1074,GREEN_1,GREEN,ASSASSIN,3,-2,8,0,43.00,64.00,false
1074,GREEN_2,GREEN,GOLEM,2,-3,1,0,7.00,26.00,false
1074,GREEN_3,GREEN,ASSASSIN,1,-3,1,0,6.00,8.00,false
1074,BLUE_4,BLUE,ASSASSIN,-3,3,8,4,98.00,56.00,true
1074,BLUE_5,BLUE,GOLEM,-2,3,1,1,0.00,0.00,true
1074,BLUE_6,BLUE,ASSASSIN,-1,3,1,1,0.00,0.00,true
1075,GREEN_1,GREEN,ARCHER,3,-3,7,7,0.00,0.00,false
1075,GREEN_2,GREEN,GARGOYLE,0,-3,4,1,34.00,57.00,false
1075,GREEN_3,GREEN,SPIDER,2,-2,1,1,0.00,0.00,false
1075,BLUE_4,BLUE,ARCHER,-3,3,7,7,0.00,0.00,false
1075,BLUE_5,BLUE,GARGOYLE,-2,3,4,4,57.00,30.00,false
1075,BLUE_6,BLUE,SPIDER,-1,3,1,0,0.00,4.00,false
1076,GREEN_1,GREEN,ARCHER,3,-3,7,7,0.00,0.00,false
1076,GREEN_2,GREEN,GARGOYLE,0,-3,4,4,0.00,0.00,false
1076,GREEN_3,GREEN,SPIDER,2,-2,1,1,0.00,0.00,false
1076,BLUE_4,BLUE,ARCHER,-3,3,7,7,0.00,0.00,false
1076,BLUE_5,BLUE,GARGOYLE,-2,3,4,4,0.00,0.00,false
1076,BLUE_6,BLUE,SPIDER,-1,3,1,1,0.00,0.00,false
1077,GREEN_1,GREEN,GOLEM,1,-3,4,4,0.00,0.00,false
1077,GREEN_2,GREEN,MAGE,0,-3,4,4,0.00,0.00,false
1077,GREEN_3,GREEN,GOBLIN,2,-3,1,1,0.00,0.00,false
1077,GREEN_4,GREEN,GOBLIN,0,-2,1,1,0.00,0.00,false
1077,BLUE_5,BLUE,GOLEM,-3,3,4,4,0.00,0.00,false
1077,BLUE_6,BLUE,MAGE,-2,3,4,4,0.00,0.00,false
1077,BLUE_7,BLUE,GOBLIN,-1,3,1,1,0.00,0.00,false
1077,BLUE_8,BLUE,GOBLIN,0,3,1,1,0.00,0.00,false
1078,GREEN_1,GREEN,GOLEM,1,-3,4,4,0.00,0.00,false
1078,GREEN_2,GREEN,MAGE,0,-3,4,4,0.00,0.00,false
1078,GREEN_3,GREEN,GOBLIN,2,-3,1,1,0.00,0.00,false
1078,GREEN_4,GREEN,GOBLIN,0,-2,1,1,0.00,0.00,false
1078,BLUE_5,BLUE,GOLEM,-3,3,4,4,0.00,0.00,false
1078,BLUE_6,BLUE,MAGE,-2,3,4,4,0.00,0.00,false
1078,BLUE_7,BLUE,GOBLIN,-1,3,1,1,0.00,0.00,false
1078,BLUE_8,BLUE,GOBLIN,0,3,1,1,0.00,0.00,false
1079,GREEN_1,GREEN,ARCHER,3,-3,8,2,119.00,56.00,true
1079,GREEN_2,GREEN,GOLEM,2,-3,2,2,0.00,0.00,true
1079,GREEN_3,GREEN,GOBLIN,0,-2,2,1,13.00,15.00,true
1079,BLUE_4,BLUE,ARCHER,-3,3,8,0,56.00,64.00,false
1079,BLUE_5,BLUE,GOLEM,-2,3,2,0,15.00,52.00,false
1079,BLUE_6,BLUE,GOBLIN,-1,3,2,0,0.00,16.00,false
1080,GREEN_1,GREEN,ARCHER,3,-3,8,8,0.00,0.00,false
1080,GREEN_2,GREEN,GOLEM,2,-3,2,2,0.00,0.00,false
1080,GREEN_3,GREEN,GOBLIN,0,-2,2,2,0.00,0.00,false
1080,BLUE_4,BLUE,ARCHER,-3,3,8,8,0.00,0.00,false
1080,BLUE_5,BLUE,GOLEM,-2,3,2,2,0.00,0.00,false
1080,BLUE_6,BLUE,GOBLIN,-1,3,2,2,0.00,0.00,false
1081,GREEN_1,GREEN,SCORPION_RIDER,1,-2,6,4,108.00,78.00,true
1081,GREEN_2,GREEN,ARCHER,3,-3,4,4,36.00,0.00,true
1081,GREEN_3,GREEN,GOBLIN,0,-2,1,0,4.00,8.00,true
1081,BLUE_4,BLUE,SCORPION_RIDER,-3,3,6,0,80.00,108.00,false
1081,BLUE_5,BLUE,ARCHER,-2,3,4,0,6.00,32.00,false
1081,BLUE_6,BLUE,GOBLIN,-1,3,1,0,0.00,8.00,false
1082,GREEN_1,GREEN,SCORPION_RIDER,1,-2,6,0,64.00,108.00,false
1082,GREEN_2,GREEN,ARCHER,3,-3,4,0,6.00,32.00,false
1082,GREEN_3,GREEN,GOBLIN,0,-2,1,0,0.00,8.00,false
1082,BLUE_4,BLUE,SCORPION_RIDER,-3,3,6,4,106.00,70.00,true
1082,BLUE_5,BLUE,ARCHER,-2,3,4,4,42.00,0.00,true
1082,BLUE_6,BLUE,GOBLIN,-1,3,1,1,0.00,0.00,true
1083,GREEN_1,GREEN,ASSASSIN,1,-2,7,0,58.00,56.00,false
1083,GREEN_2,GREEN,GOBLIN,1,-3,8,0,58.00,64.00,false
1083,BLUE_3,BLUE,ASSASSIN,-3,3,7,0,46.00,56.00,true
1083,BLUE_4,BLUE,GOBLIN,-2,3,8,1,74.00,60.00,true
1084,GREEN_1,GREEN,ASSASSIN,1,-2,7,0,46.00,56.00,false
1084,GREEN_2,GREEN,GOBLIN,1,-3,8,0,62.00,64.00,false
1084,BLUE_3,BLUE,ASSASSIN,-3,3,7,1,64.00,52.00,true
1084,BLUE_4,BLUE,GOBLIN,-2,3,8,1,56.00,56.00,true
1085,GREEN_1,GREEN,SPIDER,-1,-2,15,15,0.00,0.00,true
1085,GREEN_2,GREEN,ARCHER,2,-3,4,1,108.00,28.00,true
1085,GREEN_3,GREEN,GOBLIN,0,-3,2,2,0.00,0.00,true
1085,BLUE_4,BLUE,SPIDER,-3,3,15,0,0.00,60.00,false
1085,BLUE_5,BLUE,ARCHER,-2,3,4,0,28.00,32.00,false
1085,BLUE_6,BLUE,GOBLIN,-1,3,2,0,0.00,16.00,false
1086,GREEN_1,GREEN,SPIDER,-1,-2,15,15,0.00,0.00,false
1086,GREEN_2,GREEN,ARCHER,2,-3,4,4,0.00,0.00,false
1086,GREEN_3,GREEN,GOBLIN,0,-3,2,2,0.00,0.00,false
1086,BLUE_4,BLUE,SPIDER,-3,3,15,15,0.00,0.00,false
1086,BLUE_5,BLUE,ARCHER,-2,3,4,4,0.00,0.00,false
1086,BLUE_6,BLUE,GOBLIN,-1,3,2,2,0.00,0.00,false
1087,GREEN_1,GREEN,GARGOYLE,2,-3,5,5,0.00,0.00,false
1087,GREEN_2,GREEN,MAGE,0,-3,4,4,0.00,0.00,false
1087,GREEN_3,GREEN,SCORPION_RIDER,0,-2,1,1,0.00,0.00,false
1087,GREEN_4,GREEN,GOBLIN,-1,-2,1,1,0.00,0.00,false
1087,BLUE_5,BLUE,GARGOYLE,-3,3,5,5,0.00,0.00,false
1087,BLUE_6,BLUE,MAGE,-2,3,4,4,0.00,0.00,false
1087,BLUE_7,BLUE,SCORPION_RIDER,-1,3,1,1,0.00,0.00,false
1087,BLUE_8,BLUE,GOBLIN,0,3,1,1,0.00,0.00,false
1088,GREEN_1,GREEN,GARGOYLE,2,-3,5,5,0.00,0.00,false
1088,GREEN_2,GREEN,MAGE,0,-3,4,0,6.00,32.00,false
1088,GREEN_3,GREEN,SCORPION_RIDER,0,-2,1,0,16.00,18.00,false
1088,GREEN_4,GREEN,GOBLIN,-1,-2,1,0,0.00,8.00,false
1088,BLUE_5,BLUE,GARGOYLE,-3,3,5,5,0.00,0.00,false
1088,BLUE_6,BLUE,MAGE,-2,3,4,4,0.00,0.00,false
1088,BLUE_7,BLUE,SCORPION_RIDER,-1,3,1,1,56.00,22.00,false
1088,BLUE_8,BLUE,GOBLIN,0,3,1,1,2.00,0.00,false
1089,GREEN_1,GREEN,GOLEM,0,-2,4,4,116.00,56.00,true
1089,GREEN_2,GREEN,SPIDER,1,-2,6,6,27.00,0.00,true
1089,GREEN_3,GREEN,ARCHER,3,-3,2,2,8.00,0.00,true
1089,GREEN_4,GREEN,GOBLIN,-1,-2,1,1,1.00,7.00,true
1089,BLUE_5,BLUE,GOLEM,-3,3,4,0,60.00,104.00,false
1089,BLUE_6,BLUE,SPIDER,-2,3,6,0,2.00,24.00,false
1089,BLUE_7,BLUE,ARCHER,-1,3,2,0,0.00,16.00,false
1089,BLUE_8,BLUE,GOBLIN,0,3,1,0,1.00,8.00,false
1090,GREEN_1,GREEN,GOLEM,0,-2,4,4,0.00,0.00,false
1090,GREEN_2,GREEN,SPIDER,1,-2,6,6,0.00,0.00,false
1090,GREEN_3,GREEN,ARCHER,3,-3,2,2,0.00,0.00,false
1090,GREEN_4,GREEN,GOBLIN,-1,-2,1,1,0.00,0.00,false
1090,BLUE_5,BLUE,GOLEM,-3,3,4,4,0.00,0.00,false
1090,BLUE_6,BLUE,SPIDER,-2,3,6,6,0.00,0.00,false
1090,BLUE_7,BLUE,ARCHER,-1,3,2,2,0.00,0.00,false
1090,BLUE_8,BLUE,GOBLIN,0,3,1,1,0.00,0.00,false
1091,GREEN_1,GREEN,MAGE,0,-3,7,7,0.00,0.00,false
1091,GREEN_2,GREEN,GARGOYLE,3,-2,3,3,0.00,0.00,false
1091,GREEN_3,GREEN,GOBLIN,2,-3,1,1,0.00,0.00,false
1091,BLUE_4,BLUE,MAGE,-3,3,7,7,0.00,0.00,false
1091,BLUE_5,BLUE,GARGOYLE,-2,3,3,3,0.00,0.00,false
1091,BLUE_6,BLUE,GOBLIN,-1,3,1,1,0.00,0.00,false
1092,GREEN_1,GREEN,MAGE,0,-3,7,7,0.00,0.00,false
1092,GREEN_2,GREEN,GARGOYLE,3,-2,3,3,0.00,0.00,false
1092,GREEN_3,GREEN,GOBLIN,2,-3,1,1,0.00,0.00,false
1092,BLUE_4,BLUE,MAGE,-3,3,7,7,0.00,0.00,false
1092,BLUE_5,BLUE,GARGOYLE,-2,3,3,3,0.00,0.00,false
1092,BLUE_6,BLUE,GOBLIN,-1,3,1,1,0.00,0.00,false
1093,GREEN_1,GREEN,SCORPION_RIDER,1,-2,5,3,88.00,54.00,true
1093,GREEN_2,GREEN,ARCHER,3,-2,4,4,46.00,0.00,true
1093,GREEN_3,GREEN,SPIDER,0,-3,3,3,0.00,0.00,true
1093,BLUE_4,BLUE,SCORPION_RIDER,-3,3,5,0,50.00,90.00,false
1093,BLUE_5,BLUE,ARCHER,-2,3,4,0,4.00,32.00,false
1093,BLUE_6,BLUE,SPIDER,-1,3,3,0,0.00,12.00,false
1094,GREEN_1,GREEN,SCORPION_RIDER,1,-2,5,0,32.00,90.00,false
1094,GREEN_2,GREEN,ARCHER,3,-2,4,0,4.00,32.00,false
1094,GREEN_3,GREEN,SPIDER,0,-3,3,0,4.00,12.00,false
1094,BLUE_4,BLUE,SCORPION_RIDER,-3,3,5,5,62.00,36.00,true
1094,BLUE_5,BLUE,ARCHER,-2,3,4,4,72.00,4.00,true
1094,BLUE_6,BLUE,SPIDER,-1,3,3,3,0.00,0.00,true
1095,GREEN_1,GREEN,SPIDER,3,-3,13,13,0.00,0.00,false
1095,GREEN_2,GREEN,GOLEM,2,-3,3,3,0.00,0.00,false
1095,GREEN_3,GREEN,GOBLIN,1,-2,2,2,0.00,0.00,false
1095,BLUE_4,BLUE,SPIDER,-3,3,13,13,0.00,0.00,false
1095,BLUE_5,BLUE,GOLEM,-2,3,3,3,0.00,0.00,false
1095,BLUE_6,BLUE,GOBLIN,-1,3,2,2,0.00,0.00,false
1096,GREEN_1,GREEN,SPIDER,3,-3,13,13,0.00,0.00,false
1096,GREEN_2,GREEN,GOLEM,2,-3,3,3,0.00,0.00,false
1096,GREEN_3,GREEN,GOBLIN,1,-2,2,2,0.00,0.00,false
1096,BLUE_4,BLUE,SPIDER,-3,3,13,13,0.00,0.00,false
1096,BLUE_5,BLUE,GOLEM,-2,3,3,3,0.00,0.00,false
1096,BLUE_6,BLUE,GOBLIN,-1,3,2,2,0.00,0.00,false
1097,GREEN_1,GREEN,MAGE,3,-3,7,7,42.00,3.00,true
1097,GREEN_2,GREEN,SCORPION_RIDER,1,-2,3,2,68.00,29.00,true
1097,BLUE_3,BLUE,MAGE,-3,3,7,0,10.00,56.00,false
1097,BLUE_4,BLUE,SCORPION_RIDER,-2,3,3,0,22.00,54.00,false
1098,GREEN_1,GREEN,MAGE,3,-3,7,0,18.00,56.00,false
1098,GREEN_2,GREEN,SCORPION_RIDER,1,-2,3,0,18.00,54.00,false
1098,BLUE_3,BLUE,MAGE,-3,3,7,7,53.00,9.00,true
1098,BLUE_4,BLUE,SCORPION_RIDER,-2,3,3,2,57.00,27.00,true
1099,GREEN_1,GREEN,GOBLIN,-1,-2,10,9,64.00,24.00,true
1099,GREEN_2,GREEN,ARCHER,3,-2,7,7,76.00,8.00,true
1099,GREEN_3,GREEN,SPIDER,2,-2,1,1,0.00,0.00,true
1099,BLUE_4,BLUE,GOBLIN,-3,3,10,0,12.00,80.00,false
1099,BLUE_5,BLUE,ARCHER,-2,3,7,0,20.00,56.00,false
1099,BLUE_6,BLUE,SPIDER,-1,3,1,0,0.00,4.00,false
1100,GREEN_1,GREEN,GOBLIN,-1,-2,10,0,0.00,80.00,false
1100,GREEN_2,GREEN,ARCHER,3,-2,7,7,0.00,0.00,false
1100,GREEN_3,GREEN,SPIDER,2,-2,1,1,0.00,0.00,false
1100,BLUE_4,BLUE,GOBLIN,-3,3,10,10,0.00,0.00,false
1100,BLUE_5,BLUE,ARCHER,-2,3,7,7,80.00,0.00,false
1100,BLUE_6,BLUE,SPIDER,-1,3,1,1,0.00,0.00,false
1101,GREEN_1,GREEN,GARGOYLE,3,-3,5,5,0.00,0.00,false
1101,GREEN_2,GREEN,SPIDER,2,-3,4,4,0.00,0.00,false
1101,GREEN_3,GREEN,GOLEM,2,-2,2,2,0.00,0.00,false
1101,GREEN_4,GREEN,ASSASSIN,1,-3,1,1,4.00,6.00,false
1101,BLUE_5,BLUE,GARGOYLE,-3,3,5,5,0.00,0.00,false
1101,BLUE_6,BLUE,SPIDER,-2,3,4,3,6.00,4.00,false
1101,BLUE_7,BLUE,GOLEM,-1,3,2,2,0.00,0.00,false
1101,BLUE_8,BLUE,ASSASSIN,0,3,1,1,0.00,0.00,false
1102,GREEN_1,GREEN,GARGOYLE,3,-3,5,5,0.00,0.00,false
1102,GREEN_2,GREEN,SPIDER,2,-3,4,3,2.00,4.00,false
1102,GREEN_3,GREEN,GOLEM,2,-2,2,2,0.00,0.00,false
1102,GREEN_4,GREEN,ASSASSIN,1,-3,1,0,6.00,8.00,false
1102,BLUE_5,BLUE,GARGOYLE,-3,3,5,5,0.00,0.00,false
1102,BLUE_6,BLUE,SPIDER,-2,3,4,4,0.00,0.00,false
1102,BLUE_7,BLUE,GOLEM,-1,3,2,2,0.00,0.00,false
1102,BLUE_8,BLUE,ASSASSIN,0,3,1,0,12.00,8.00,false
1103,GREEN_1,GREEN,MAGE,1,-3,8,1,71.00,62.00,true
1103,GREEN_2,GREEN,MAGE,0,-3,2,1,9.00,15.00,true
1103,GREEN_3,GREEN,SPIDER,3,-3,1,1,4.00,3.00,true
1103,BLUE_4,BLUE,MAGE,-3,3,8,0,74.00,64.00,false
1103,BLUE_5,BLUE,MAGE,-2,3,2,0,6.00,16.00,false
1103,BLUE_6,BLUE,SPIDER,-1,3,1,0,0.00,4.00,false
1104,GREEN_1,GREEN,MAGE,1,-3,8,0,58.00,64.00,false
1104,GREEN_2,GREEN,MAGE,0,-3,2,0,11.00,16.00,false
1104,GREEN_3,GREEN,SPIDER,3,-3,1,0,0.00,4.00,false
1104,BLUE_4,BLUE,MAGE,-3,3,8,3,67.00,52.00,true
1104,BLUE_5,BLUE,MAGE,-2,3,2,1,13.00,14.00,true
1104,BLUE_6,BLUE,SPIDER,-1,3,1,1,4.00,3.00,true
1105,GREEN_1,GREEN,ARCHER,3,-3,8,7,92.00,20.00,true
1105,GREEN_2,GREEN,SCORPION_RIDER,0,-2,3,3,32.00,12.00,true
1105,GREEN_3,GREEN,GOBLIN,2,-3,1,1,2.00,0.00,true
1105,BLUE_4,BLUE,ARCHER,-3,3,8,0,32.00,64.00,false
1105,BLUE_5,BLUE,SCORPION_RIDER,-2,3,3,0,0.00,54.00,false
1105,BLUE_6,BLUE,GOBLIN,-1,3,1,0,0.00,8.00,false
1106,GREEN_1,GREEN,ARCHER,3,-3,8,0,26.00,64.00,false
1106,GREEN_2,GREEN,SCORPION_RIDER,0,-2,3,0,0.00,54.00,false
1106,GREEN_3,GREEN,GOBLIN,2,-3,1,0,0.00,8.00,false
1106,BLUE_4,BLUE,ARCHER,-3,3,8,8,70.00,8.00,true
1106,BLUE_5,BLUE,SCORPION_RIDER,-2,3,3,3,56.00,18.00,true
1106,BLUE_6,BLUE,GOBLIN,-1,3,1,1,0.00,0.00,true
1107,GREEN_1,GREEN,GOBLIN,2,-3,10,10,0.00,0.00,false
1107,GREEN_2,GREEN,SPIDER,2,-2,12,12,0.00,0.00,false
1107,GREEN_3,GREEN,MAGE,3,-3,1,1,0.00,0.00,false
1107,BLUE_4,BLUE,GOBLIN,-3,3,10,10,0.00,0.00,false
1107,BLUE_5,BLUE,SPIDER,-2,3,12,12,0.00,0.00,false
1107,BLUE_6,BLUE,MAGE,-1,3,1,1,0.00,0.00,false
1108,GREEN_1,GREEN,GOBLIN,2,-3,10,0,46.00,80.00,false
1108,GREEN_2,GREEN,SPIDER,2,-2,12,0,14.00,48.00,false
1108,GREEN_3,GREEN,MAGE,3,-3,1,0,1.00,8.00,false
1108,BLUE_4,BLUE,GOBLIN,-3,3,10,4,104.00,61.00,true
1108,BLUE_5,BLUE,SPIDER,-2,3,12,12,24.00,0.00,true
1108,BLUE_6,BLUE,MAGE,-1,3,1,1,8.00,0.00,true
1109,GREEN_1,GREEN,ARCHER,3,-2,7,2,70.00,51.00,false
1109,GREEN_2,GREEN,MAGE,3,-3,4,4,0.00,0.00,false
1109,GREEN_3,GREEN,SPIDER,0,-3,1,0,4.00,5.00,false
1109,BLUE_4,BLUE,ARCHER,-3,3,7,4,43.00,38.00,false
1109,BLUE_5,BLUE,MAGE,-2,3,4,0,13.00,32.00,false
1109,BLUE_6,BLUE,SPIDER,-1,3,1,0,0.00,4.00,false
1110,GREEN_1,GREEN,ARCHER,3,-2,7,0,61.00,56.00,false
1110,GREEN_2,GREEN,MAGE,3,-3,4,0,9.00,32.00,false
1110,GREEN_3,GREEN,SPIDER,0,-3,1,0,2.00,4.00,false
1110,BLUE_4,BLUE,ARCHER,-3,3,7,3,71.00,42.00,true
1110,BLUE_5,BLUE,MAGE,-2,3,4,1,19.00,28.00,true
1110,BLUE_6,BLUE,SPIDER,-1,3,1,1,2.00,2.00,true
1111,GREEN_1,GREEN,GOLEM,3,-3,4,3,139.00,74.00,true
1111,GREEN_2,GREEN,GOLEM,3,-2,3,2,51.00,53.00,true
1111,GREEN_3,GREEN,GOBLIN,1,-3,1,1,0.00,0.00,true
1111,BLUE_4,BLUE,GOLEM,-3,3,4,0,90.00,104.00,false
1111,BLUE_5,BLUE,GOLEM,-2,3,3,0,36.00,78.00,false
1111,BLUE_6,BLUE,GOBLIN,-1,3,1,0,1.00,8.00,false
1112,GREEN_1,GREEN,GOLEM,3,-3,4,0,89.00,104.00,false
1112,GREEN_2,GREEN,GOLEM,3,-2,3,0,60.00,78.00,false
1112,GREEN_3,GREEN,GOBLIN,1,-3,1,0,1.00,8.00,false
1112,BLUE_4,BLUE,GOLEM,-3,3,4,3,90.00,72.00,true
1112,BLUE_5,BLUE,GOLEM,-2,3,3,0,100.00,78.00,true
1112,BLUE_6,BLUE,GOBLIN,-1,3,1,1,0.00,0.00,true
1113,GREEN_1,GREEN,GOBLIN,1,-3,12,1,112.00,92.00,true
1113,GREEN_2,GREEN,GOLEM,0,-3,3,3,72.00,52.00,true
1113,GREEN_3,GREEN,SCORPION_RIDER,3,-3,1,0,8.00,18.00,true
1113,BLUE_4,BLUE,GOBLIN,-3,3,12,0,80.00,96.00,false
1113,BLUE_5,BLUE,GOLEM,-2,3,3,0,77.00,78.00,false
1113,BLUE_6,BLUE,SCORPION_RIDER,-1,3,1,0,5.00,18.00,false
1114,GREEN_1,GREEN,GOBLIN,1,-3,12,11,18.00,8.00,false
1114,GREEN_2,GREEN,GOLEM,0,-3,3,0,58.00,78.00,false
1114,GREEN_3,GREEN,SCORPION_RIDER,3,-3,1,1,0.00,0.00,false
1114,BLUE_4,BLUE,GOBLIN,-3,3,12,12,0.00,0.00,false
1114,BLUE_5,BLUE,GOLEM,-2,3,3,3,78.00,58.00,false
1114,BLUE_6,BLUE,SCORPION_RIDER,-1,3,1,0,8.00,18.00,false
1115,GREEN_1,GREEN,ARCHER,0,-2,7,6,32.00,20.00,false
1115,GREEN_2,GREEN,ARCHER,1,-3,5,5,12.00,8.00,false
1115,GREEN_3,GREEN,SPIDER,3,-3,1,1,0.00,0.00,false
1115,BLUE_4,BLUE,ARCHER,-3,3,7,7,0.00,0.00,false
1115,BLUE_5,BLUE,ARCHER,-2,3,5,0,28.00,40.00,false
1115,BLUE_6,BLUE,SPIDER,-1,3,1,0,0.00,4.00,false
1116,GREEN_1,GREEN,ARCHER,0,-2,7,7,0.00,0.00,false
1116,GREEN_2,GREEN,ARCHER,1,-3,5,5,0.00,0.00,false
1116,GREEN_3,GREEN,SPIDER,3,-3,1,1,0.00,0.00,false
1116,BLUE_4,BLUE,ARCHER,-3,3,7,7,0.00,0.00,false
1116,BLUE_5,BLUE,ARCHER,-2,3,5,5,0.00,0.00,false
1116,BLUE_6,BLUE,SPIDER,-1,3,1,1,0.00,0.00,false
1117,GREEN_1,GREEN,ASSASSIN,2,-3,8,1,87.00,62.00,true
1117,GREEN_2,GREEN,GARGOYLE,2,-2,2,2,17.00,12.00,true
1117,GREEN_3,GREEN,GOBLIN,0,-3,1,1,0.00,0.00,true
1117,BLUE_4,BLUE,ASSASSIN,-3,3,8,0,58.00,64.00,false
1117,BLUE_5,BLUE,GARGOYLE,-2,3,2,0,16.00,32.00,false
1117,BLUE_6,BLUE,GOBLIN,-1,3,1,0,0.00,8.00,false
1118,GREEN_1,GREEN,ASSASSIN,2,-3,8,0,40.00,64.00,false
1118,GREEN_2,GREEN,GARGOYLE,2,-2,2,0,13.00,32.00,false
1118,GREEN_3,GREEN,GOBLIN,0,-3,1,0,4.00,8.00,false
1118,BLUE_4,BLUE,ASSASSIN,-3,3,8,2,79.00,57.00,true
1118,BLUE_5,BLUE,GARGOYLE,-2,3,2,2,25.00,0.00,true
1118,BLUE_6,BLUE,GOBLIN,-1,3,1,1,0.00,0.00,true
1119,GREEN_1,GREEN,SCORPION_RIDER,1,-3,6,2,118.00,88.00,false
1119,GREEN_2,GREEN,GOLEM,2,-3,2,2,0.00,0.00,false
1119,GREEN_3,GREEN,ASSASSIN,0,-2,1,1,8.00,6.00,false
1119,BLUE_4,BLUE,SCORPION_RIDER,-3,3,6,5,67.00,66.00,false
1119,BLUE_5,BLUE,GOLEM,-2,3,2,0,21.00,52.00,false
1119,BLUE_6,BLUE,ASSASSIN,-1,3,1,0,6.00,8.00,false
1120,GREEN_1,GREEN,SCORPION_RIDER,1,-3,6,5,100.00,73.00,false
1120,GREEN_2,GREEN,GOLEM,2,-3,2,0,21.00,52.00,false
1120,GREEN_3,GREEN,ASSASSIN,0,-2,1,0,6.00,8.00,false
1120,BLUE_4,BLUE,SCORPION_RIDER,-3,3,6,2,116.00,87.00,false
1120,BLUE_5,BLUE,GOLEM,-2,3,2,2,9.00,34.00,false
1120,BLUE_6,BLUE,ASSASSIN,-1,3,1,1,8.00,6.00,false
1121,GREEN_1,GREEN,GARGOYLE,0,-3,6,5,88.00,70.00,true
1121,GREEN_2,GREEN,SPIDER,-1,-2,10,1,46.00,39.00,true
1121,GREEN_3,GREEN,SPIDER,3,-3,1,0,6.00,4.00,true
1121,BLUE_4,BLUE,GARGOYLE,-3,3,6,0,81.00,96.00,false
1121,BLUE_5,BLUE,SPIDER,-2,3,10,0,30.00,40.00,false
1121,BLUE_6,BLUE,SPIDER,-1,3,1,0,2.00,4.00,false
1122,GREEN_1,GREEN,GARGOYLE,0,-3,6,5,75.00,70.00,false
1122,GREEN_2,GREEN,SPIDER,-1,-2,10,0,12.00,40.00,false
1122,GREEN_3,GREEN,SPIDER,3,-3,1,0,2.00,4.00,false
1122,BLUE_4,BLUE,GARGOYLE,-3,3,6,2,110.00,87.00,false
1122,BLUE_5,BLUE,SPIDER,-2,3,10,10,0.00,0.00,false
1122,BLUE_6,BLUE,SPIDER,-1,3,1,1,4.00,2.00,false
1123,GREEN_1,GREEN,GOBLIN,2,-3,10,10,4.00,0.00,false
1123,GREEN_2,GREEN,GOLEM,0,-3,4,4,0.00,0.00,false
1123,GREEN_3,GREEN,SPIDER,3,-2,1,1,0.00,0.00,false
1123,BLUE_4,BLUE,GOBLIN,-3,3,10,10,0.00,0.00,false
1123,BLUE_5,BLUE,GOLEM,-2,3,4,4,0.00,0.00,false
1123,BLUE_6,BLUE,SPIDER,-1,3,1,0,0.00,4.00,false
1124,GREEN_1,GREEN,GOBLIN,2,-3,10,10,0.00,0.00,false
1124,GREEN_2,GREEN,GOLEM,0,-3,4,4,0.00,0.00,false
1124,GREEN_3,GREEN,SPIDER,3,-2,1,1,0.00,0.00,false
1124,BLUE_4,BLUE,GOBLIN,-3,3,10,10,0.00,0.00,false
1124,BLUE_5,BLUE,GOLEM,-2,3,4,4,0.00,0.00,false
1124,BLUE_6,BLUE,SPIDER,-1,3,1,1,0.00,0.00,false
1125,GREEN_1,GREEN,SPIDER,-1,-2,14,14,0.00,0.00,false
1125,GREEN_2,GREEN,SCORPION_RIDER,2,-2,4,4,56.00,44.00,false
1125,BLUE_3,BLUE,SPIDER,-3,3,14,0,44.00,56.00,false
1125,BLUE_4,BLUE,SCORPION_RIDER,-2,3,4,4,0.00,0.00,false
1126,GREEN_1,GREEN,SPIDER,-1,-2,14,0,48.00,56.00,false
1126,GREEN_2,GREEN,SCORPION_RIDER,2,-2,4,3,30.00,26.00,false
1126,BLUE_3,BLUE,SPIDER,-3,3,14,9,40.00,26.00,false
1126,BLUE_4,BLUE,SCORPION_RIDER,-2,3,4,3,42.00,52.00,false
1127,GREEN_1,GREEN,GOLEM,0,-3,4,4,0.00,0.00,false
1127,GREEN_2,GREEN,ARCHER,0,-2,5,5,0.00,0.00,false
1127,GREEN_3,GREEN,GOBLIN,3,-3,1,1,0.00,0.00,false
1127,BLUE_4,BLUE,GOLEM,-3,3,4,4,0.00,0.00,false
1127,BLUE_5,BLUE,ARCHER,-2,3,5,5,0.00,0.00,false
1127,BLUE_6,BLUE,GOBLIN,-1,3,1,1,0.00,0.00,false
1128,GREEN_1,GREEN,GOLEM,0,-3,4,0,45.00,104.00,false
1128,GREEN_2,GREEN,ARCHER,0,-2,5,0,14.00,40.00,false
1128,GREEN_3,GREEN,GOBLIN,3,-3,1,0,1.00,8.00,false
1128,BLUE_4,BLUE,GOLEM,-3,3,4,4,99.00,48.00,true
1128,BLUE_5,BLUE,ARCHER,-2,3,5,5,53.00,12.00,true
1128,BLUE_6,BLUE,GOBLIN,-1,3,1,1,0.00,0.00,true
1129,GREEN_1,GREEN,ASSASSIN,0,-3,8,4,78.00,44.00,true
1129,GREEN_2,GREEN,ARCHER,-1,-2,3,3,10.00,0.00,true
1129,BLUE_3,BLUE,ASSASSIN,-3,3,8,0,40.00,64.00,false
1129,BLUE_4,BLUE,ARCHER,-2,3,3,0,4.00,24.00,false
1130,GREEN_1,GREEN,ASSASSIN,0,-3,8,0,40.00,64.00,false
1130,GREEN_2,GREEN,ARCHER,-1,-2,3,0,4.00,24.00,false
1130,BLUE_3,BLUE,ASSASSIN,-3,3,8,4,78.00,44.00,true
1130,BLUE_4,BLUE,ARCHER,-2,3,3,3,10.00,0.00,true
1131,GREEN_1,GREEN,SPIDER,0,-2,14,14,0.00,0.00,false
1131,GREEN_2,GREEN,GOBLIN,3,-3,9,9,0.00,0.00,false
1131,GREEN_3,GREEN,SPIDER,1,-3,2,2,0.00,0.00,false
1131,BLUE_4,BLUE,SPIDER,-3,3,14,14,0.00,0.00,false
1131,BLUE_5,BLUE,GOBLIN,-2,3,9,9,0.00,0.00,false
1131,BLUE_6,BLUE,SPIDER,-1,3,2,2,0.00,0.00,false
1132,GREEN_1,GREEN,SPIDER,0,-2,14,14,0.00,0.00,false
1132,GREEN_2,GREEN,GOBLIN,3,-3,9,9,0.00,4.00,false
1132,GREEN_3,GREEN,SPIDER,1,-3,2,0,4.00,8.00,false
1132,BLUE_4,BLUE,SPIDER,-3,3,14,14,0.00,0.00,false
1132,BLUE_5,BLUE,GOBLIN,-2,3,9,9,0.00,0.00,false
1132,BLUE_6,BLUE,SPIDER,-1,3,2,2,12.00,4.00,false
1145,GREEN_1,GREEN,SPIDER,3,-3,13,13,0.00,0.00,false
1145,GREEN_2,GREEN,ASSASSIN,0,-2,2,2,0.00,0.00,false
1145,GREEN_3,GREEN,ASSASSIN,3,-2,3,3,16.00,12.00,false
1145,BLUE_4,BLUE,SPIDER,-3,3,13,13,0.00,0.00,false
1145,BLUE_5,BLUE,ASSASSIN,-2,3,2,0,12.00,16.00,false
1145,BLUE_6,BLUE,ASSASSIN,-1,3,3,3,0.00,0.00,false
1146,GREEN_1,GREEN,SPIDER,3,-3,13,8,28.00,20.00,false
1146,GREEN_2,GREEN,ASSASSIN,0,-2,2,0,12.00,16.00,false
1146,GREEN_3,GREEN,ASSASSIN,3,-2,3,3,0.00,0.00,false
1146,BLUE_4,BLUE,SPIDER,-3,3,13,13,0.00,0.00,false
1146,BLUE_5,BLUE,ASSASSIN,-2,3,2,0,8.00,16.00,false
1146,BLUE_6,BLUE,ASSASSIN,-1,3,3,0,28.00,24.00,false
1147,GREEN_1,GREEN,ARCHER,0,-2,7,2,74.00,46.00,true
1147,GREEN_2,GREEN,MAGE,3,-3,4,3,18.00,21.00,true
1147,GREEN_3,GREEN,SPIDER,2,-3,1,1,0.00,0.00,true
1147,BLUE_4,BLUE,ARCHER,-3,3,7,0,54.00,56.00,false
1147,BLUE_5,BLUE,MAGE,-2,3,4,0,13.00,32.00,false
1147,BLUE_6,BLUE,SPIDER,-1,3,1,0,0.00,4.00,false
1148,GREEN_1,GREEN,ARCHER,0,-2,7,0,60.00,56.00,false
1148,GREEN_2,GREEN,MAGE,3,-3,4,0,26.00,32.00,false
1148,GREEN_3,GREEN,SPIDER,2,-3,1,0,0.00,4.00,false
1148,BLUE_4,BLUE,ARCHER,-3,3,7,3,61.00,51.00,true
1148,BLUE_5,BLUE,MAGE,-2,3,4,1,28.00,31.00,true
1148,BLUE_6,BLUE,SPIDER,-1,3,1,0,3.00,4.00,true
1145,GREEN_1,GREEN,GOBLIN,1,-3,10,0,34.00,80.00,false
1145,GREEN_2,GREEN,GOBLIN,1,-2,11,11,0.00,0.00,false
1145,GREEN_3,GREEN,ASSASSIN,2,-3,1,0,0.00,8.00,false
1145,GREEN_4,GREEN,SPIDER,-1,-2,1,0,2.00,4.00,false
1145,BLUE_5,BLUE,SCORPION_RIDER,-3,3,5,5,88.00,32.00,false
1145,BLUE_6,BLUE,GOLEM,-1,2,3,3,0.00,0.00,false
1145,BLUE_7,BLUE,SPIDER,1,2,1,0,4.00,4.00,false
1146,GREEN_1,GREEN,GOBLIN,1,-3,10,0,34.00,80.00,false
1146,GREEN_2,GREEN,GOBLIN,1,-2,11,11,0.00,0.00,false
1146,GREEN_3,GREEN,ASSASSIN,2,-3,1,0,0.00,8.00,false
1146,GREEN_4,GREEN,SPIDER,-1,-2,1,0,2.00,4.00,false
1146,BLUE_5,BLUE,SCORPION_RIDER,-3,3,5,5,88.00,32.00,false
1146,BLUE_6,BLUE,GOLEM,-1,2,3,3,0.00,0.00,false
1146,BLUE_7,BLUE,SPIDER,1,2,1,0,4.00,4.00,false
1147,GREEN_1,GREEN,ARCHER,0,-3,8,1,84.00,62.00,true
1147,GREEN_2,GREEN,GARGOYLE,1,-3,3,3,14.00,0.00,true
1147,GREEN_3,GREEN,SPIDER,-1,-2,2,0,2.00,8.00,true
1147,BLUE_4,BLUE,ASSASSIN,-2,3,8,0,70.00,64.00,false
1147,BLUE_5,BLUE,GARGOYLE,-3,3,2,0,0.00,32.00,false
1147,BLUE_6,BLUE,SPIDER,0,3,1,0,0.00,4.00,false
1148,GREEN_1,GREEN,ARCHER,0,-3,8,1,69.00,62.00,true
1148,GREEN_2,GREEN,GARGOYLE,1,-3,3,3,29.00,6.00,true
1148,GREEN_3,GREEN,SPIDER,-1,-2,2,0,2.00,8.00,true
1148,BLUE_4,BLUE,ASSASSIN,-2,3,8,0,64.00,64.00,false
1148,BLUE_5,BLUE,GARGOYLE,-3,3,2,0,12.00,32.00,false
1148,BLUE_6,BLUE,SPIDER,0,3,1,0,0.00,4.00,false
1145,GREEN_1,GREEN,GARGOYLE,3,-2,6,5,162.00,61.00,true
1145,GREEN_2,GREEN,ARCHER,0,-3,4,4,0.00,0.00,true
1145,GREEN_3,GREEN,SCORPION_RIDER,3,-3,1,0,6.00,18.00,true
1145,BLUE_4,BLUE,GARGOYLE,0,3,5,0,46.00,80.00,false
1145,BLUE_5,BLUE,GARGOYLE,-2,2,4,0,18.00,64.00,false
1145,BLUE_6,BLUE,GARGOYLE,-1,3,1,0,15.00,16.00,false
1145,BLUE_7,BLUE,GOBLIN,0,2,1,0,0.00,8.00,false
1146,GREEN_1,GREEN,GARGOYLE,3,-2,6,5,77.00,46.00,false
1146,GREEN_2,GREEN,ARCHER,0,-3,4,4,0.00,0.00,false
1146,GREEN_3,GREEN,SCORPION_RIDER,3,-3,1,0,3.00,18.00,false
1146,BLUE_4,BLUE,GARGOYLE,0,3,5,0,64.00,80.00,false
1146,BLUE_5,BLUE,GARGOYLE,-2,2,4,4,0.00,0.00,false
1146,BLUE_6,BLUE,GARGOYLE,-1,3,1,1,0.00,0.00,false
1146,BLUE_7,BLUE,GOBLIN,0,2,1,1,0.00,0.00,false
1147,GREEN_1,GREEN,GOLEM,1,-2,4,4,74.00,36.00,true
1147,GREEN_2,GREEN,ASSASSIN,3,-2,4,0,20.00,32.00,true
1147,GREEN_3,GREEN,SPIDER,2,-2,2,0,2.00,8.00,true
1147,BLUE_4,BLUE,ARCHER,1,2,7,0,64.00,56.00,false
1147,BLUE_5,BLUE,MAGE,-2,3,4,0,11.00,32.00,false
1147,BLUE_6,BLUE,GOBLIN,-3,3,1,0,1.00,8.00,false
1148,GREEN_1,GREEN,GOLEM,1,-2,4,4,66.00,35.00,false
1148,GREEN_2,GREEN,ASSASSIN,3,-2,4,0,20.00,32.00,false
1148,GREEN_3,GREEN,SPIDER,2,-2,2,0,2.00,8.00,false
1148,BLUE_4,BLUE,ARCHER,1,2,7,0,64.00,56.00,false
1148,BLUE_5,BLUE,MAGE,-2,3,4,0,11.00,32.00,false
1148,BLUE_6,BLUE,GOBLIN,-3,3,1,1,0.00,0.00,false
1145,GREEN_1,GREEN,ASSASSIN,-1,-2,7,0,64.00,56.00,true
1145,GREEN_2,GREEN,ASSASSIN,0,-3,3,2,28.00,18.00,true
1145,GREEN_3,GREEN,GOBLIN,1,-3,1,0,4.00,8.00,true
1145,BLUE_4,BLUE,ARCHER,-3,3,7,0,44.00,56.00,false
1145,BLUE_5,BLUE,ASSASSIN,-2,3,4,0,34.00,32.00,false
1145,BLUE_6,BLUE,GOBLIN,0,3,1,0,4.00,8.00,false
1146,GREEN_1,GREEN,ASSASSIN,-1,-2,7,0,64.00,56.00,true
1146,GREEN_2,GREEN,ASSASSIN,0,-3,3,2,28.00,18.00,true
1146,GREEN_3,GREEN,GOBLIN,1,-3,1,0,4.00,8.00,true
1146,BLUE_4,BLUE,ARCHER,-3,3,7,0,44.00,56.00,false
1146,BLUE_5,BLUE,ASSASSIN,-2,3,4,0,34.00,32.00,false
1146,BLUE_6,BLUE,GOBLIN,0,3,1,0,4.00,8.00,false
1147,GREEN_1,GREEN,MAGE,1,-2,7,0,26.00,56.00,false
1147,GREEN_2,GREEN,GARGOYLE,3,-3,3,0,49.00,48.00,false
1147,GREEN_3,GREEN,GOBLIN,2,-3,1,0,0.00,8.00,false
1147,BLUE_4,BLUE,SCORPION_RIDER,-1,3,5,5,92.00,27.00,true
1147,BLUE_5,BLUE,MAGE,0,2,4,0,20.00,32.00,true
1147,BLUE_6,BLUE,GOBLIN,-2,3,2,0,0.00,16.00,true
1148,GREEN_1,GREEN,MAGE,1,-2,7,0,35.00,56.00,false
1148,GREEN_2,GREEN,GARGOYLE,3,-3,3,0,49.00,48.00,false
1148,GREEN_3,GREEN,GOBLIN,2,-3,1,0,0.00,8.00,false
1148,BLUE_4,BLUE,SCORPION_RIDER,-1,3,5,5,91.00,36.00,true
1148,BLUE_5,BLUE,MAGE,0,2,4,0,17.00,32.00,true
1148,BLUE_6,BLUE,GOBLIN,-2,3,2,0,4.00,16.00,true
1149,GREEN_1,GREEN,SPIDER,1,-3,15,15,0.00,0.00,false
1149,GREEN_2,GREEN,GOLEM,3,-3,3,3,0.00,0.00,false
1149,BLUE_3,BLUE,SPIDER,-3,3,15,15,0.00,0.00,false
1149,BLUE_4,BLUE,GOLEM,-2,3,3,3,0.00,0.00,false
1150,GREEN_1,GREEN,SPIDER,1,-3,15,15,0.00,0.00,false
1150,GREEN_2,GREEN,GOLEM,3,-3,3,3,0.00,0.00,false
1150,BLUE_3,BLUE,SPIDER,-3,3,15,15,0.00,0.00,false
1150,BLUE_4,BLUE,GOLEM,-2,3,3,3,0.00,0.00,false
1151,GREEN_1,GREEN,GOBLIN,0,-3,11,11,0.00,0.00,false
1151,GREEN_2,GREEN,ASSASSIN,1,-3,6,3,48.00,36.00,false
1151,BLUE_3,BLUE,GOBLIN,-3,3,11,11,0.00,0.00,false
1151,BLUE_4,BLUE,ASSASSIN,-2,3,6,0,36.00,48.00,false
1152,GREEN_1,GREEN,GOBLIN,0,-3,11,11,0.00,0.00,false
1152,GREEN_2,GREEN,ASSASSIN,1,-3,6,0,36.00,48.00,false
1152,BLUE_3,BLUE,GOBLIN,-3,3,11,11,0.00,0.00,false
1152,BLUE_4,BLUE,ASSASSIN,-2,3,6,3,48.00,36.00,false
1153,GREEN_1,GREEN,SPIDER,3,-3,11,11,0.00,0.00,false
1153,GREEN_2,GREEN,ASSASSIN,0,-3,5,4,48.00,20.00,false
1153,GREEN_3,GREEN,ASSASSIN,0,-2,1,0,4.00,8.00,false
1153,BLUE_4,BLUE,SPIDER,-3,3,11,0,24.00,44.00,false
1153,BLUE_5,BLUE,ASSASSIN,-2,3,5,5,0.00,0.00,false
1153,BLUE_6,BLUE,ASSASSIN,-1,3,1,0,4.00,8.00,false
1154,GREEN_1,GREEN,SPIDER,3,-3,11,0,24.00,44.00,false
1154,GREEN_2,GREEN,ASSASSIN,0,-3,5,0,8.00,40.00,false
1154,GREEN_3,GREEN,ASSASSIN,0,-2,1,0,6.00,8.00,false
1154,BLUE_4,BLUE,SPIDER,-3,3,11,11,38.00,0.00,true
1154,BLUE_5,BLUE,ASSASSIN,-2,3,5,4,52.00,30.00,true
1154,BLUE_6,BLUE,ASSASSIN,-1,3,1,0,2.00,8.00,true
1155,GREEN_1,GREEN,SCORPION_RIDER,2,-2,1,0,8.00,18.00,false
1155,GREEN_2,GREEN,ASSASSIN,2,-3,8,0,68.00,64.00,false
1155,GREEN_3,GREEN,GOBLIN,1,-3,3,3,0.00,0.00,false
1155,BLUE_4,BLUE,SCORPION_RIDER,-3,3,1,0,8.00,18.00,false
1155,BLUE_5,BLUE,ASSASSIN,-2,3,8,3,74.00,58.00,false
1155,BLUE_6,BLUE,GOBLIN,-1,3,3,3,0.00,0.00,false
1156,GREEN_1,GREEN,SCORPION_RIDER,2,-2,1,0,8.00,18.00,false
1156,GREEN_2,GREEN,ASSASSIN,2,-3,8,0,78.00,64.00,false
1156,GREEN_3,GREEN,GOBLIN,1,-3,3,0,12.00,24.00,false
1156,BLUE_4,BLUE,SCORPION_RIDER,-3,3,1,1,20.00,14.00,true
1156,BLUE_5,BLUE,ASSASSIN,-2,3,8,1,74.00,62.00,true
1156,BLUE_6,BLUE,GOBLIN,-1,3,3,1,12.00,22.00,true
1157,GREEN_1,GREEN,GOLEM,0,-2,4,4,0.00,0.00,false
1157,GREEN_2,GREEN,ARCHER,0,-3,4,4,0.00,0.00,false
1157,GREEN_3,GREEN,SCORPION_RIDER,1,-2,1,1,44.00,12.00,false
1157,GREEN_4,GREEN,SPIDER,3,-3,1,1,10.00,0.00,false
1157,BLUE_5,BLUE,GOLEM,-3,3,4,4,0.00,0.00,false
1157,BLUE_6,BLUE,ARCHER,-2,3,4,0,12.00,32.00,false
1157,BLUE_7,BLUE,SCORPION_RIDER,-1,3,1,0,0.00,18.00,false
1157,BLUE_8,BLUE,SPIDER,0,3,1,0,0.00,4.00,false
1158,GREEN_1,GREEN,GOLEM,0,-2,4,0,4.00,104.00,false
1158,GREEN_2,GREEN,ARCHER,0,-3,4,0,18.00,32.00,false
1158,GREEN_3,GREEN,SCORPION_RIDER,1,-2,1,0,8.00,18.00,false
1158,GREEN_4,GREEN,SPIDER,3,-3,1,0,0.00,4.00,false
1158,BLUE_5,BLUE,GOLEM,-3,3,4,4,0.00,0.00,true
1158,BLUE_6,BLUE,ARCHER,-2,3,4,3,129.00,12.00,true
1158,BLUE_7,BLUE,SCORPION_RIDER,-1,3,1,0,29.00,18.00,true
1158,BLUE_8,BLUE,SPIDER,0,3,1,1,0.00,0.00,true
1159,GREEN_1,GREEN,GOLEM,1,-3,4,4,0.00,0.00,true
1159,GREEN_2,GREEN,ARCHER,2,-2,3,1,112.00,20.00,true
1159,GREEN_3,GREEN,SPIDER,0,-3,4,4,0.00,0.00,true
1159,GREEN_4,GREEN,SPIDER,1,-2,1,1,36.00,2.00,true
1159,BLUE_5,BLUE,GOLEM,-3,3,4,0,0.00,104.00,false
1159,BLUE_6,BLUE,ARCHER,-2,3,3,0,22.00,24.00,false
1159,BLUE_7,BLUE,SPIDER,-1,3,4,0,0.00,16.00,false
1159,BLUE_8,BLUE,SPIDER,0,3,1,0,0.00,4.00,false
1160,GREEN_1,GREEN,GOLEM,1,-3,4,0,61.00,104.00,false
1160,GREEN_2,GREEN,ARCHER,2,-2,3,0,0.00,24.00,false
1160,GREEN_3,GREEN,SPIDER,0,-3,4,0,4.00,16.00,false
1160,GREEN_4,GREEN,SPIDER,1,-2,1,0,0.00,4.00,false
1160,BLUE_5,BLUE,GOLEM,-3,3,4,3,96.00,61.00,true
1160,BLUE_6,BLUE,ARCHER,-2,3,3,3,48.00,4.00,true
1160,BLUE_7,BLUE,SPIDER,-1,3,4,4,0.00,0.00,true
1160,BLUE_8,BLUE,SPIDER,0,3,1,1,4.00,0.00,true
1161,GREEN_1,GREEN,ARCHER,0,-2,8,8,100.00,12.00,true
1161,GREEN_2,GREEN,GOBLIN,3,-3,7,7,28.00,14.00,true
1161,GREEN_3,GREEN,GOBLIN,1,-3,2,2,8.00,8.00,true
1161,BLUE_4,BLUE,ARCHER,-3,3,8,0,34.00,64.00,false
1161,BLUE_5,BLUE,GOBLIN,-2,3,7,0,0.00,56.00,false
1161,BLUE_6,BLUE,GOBLIN,-1,3,2,0,0.00,16.00,false
1162,GREEN_1,GREEN,ARCHER,0,-2,8,0,52.00,64.00,false
1162,GREEN_2,GREEN,GOBLIN,3,-3,7,0,24.00,56.00,false
1162,GREEN_3,GREEN,GOBLIN,1,-3,2,0,0.00,16.00,false
1162,BLUE_4,BLUE,ARCHER,-3,3,8,3,88.00,48.00,true
1162,BLUE_5,BLUE,GOBLIN,-2,3,7,5,48.00,28.00,true
1162,BLUE_6,BLUE,GOBLIN,-1,3,2,2,0.00,0.00,true
1163,GREEN_1,GREEN,ARCHER,3,-2,2,2,76.00,4.00,true
1163,GREEN_2,GREEN,ASSASSIN,0,-2,2,1,20.00,14.00,true
1163,GREEN_3,GREEN,GOLEM,0,-3,4,4,33.00,23.00,true
1163,GREEN_4,GREEN,ARCHER,3,-3,1,1,19.00,4.00,true
1163,GREEN_5,GREEN,GOBLIN,1,-3,1,0,4.00,8.00,true
1163,BLUE_6,BLUE,ARCHER,-3,3,2,0,8.00,16.00,false
1163,BLUE_7,BLUE,ASSASSIN,-2,3,2,0,12.00,16.00,false
1163,BLUE_8,BLUE,GOLEM,-1,3,4,0,31.00,104.00,false
1163,BLUE_9,BLUE,ARCHER,0,3,1,0,2.00,8.00,false
1163,BLUE_10,BLUE,GOBLIN,-1,2,1,0,0.00,8.00,false
1164,GREEN_1,GREEN,ARCHER,3,-2,2,0,6.00,16.00,false
1164,GREEN_2,GREEN,ASSASSIN,0,-2,2,0,0.00,16.00,false
1164,GREEN_3,GREEN,GOLEM,0,-3,4,0,60.00,104.00,false
1164,GREEN_4,GREEN,ARCHER,3,-3,1,0,2.00,8.00,false
1164,GREEN_5,GREEN,GOBLIN,1,-3,1,0,4.00,8.00,false
1164,BLUE_6,BLUE,ARCHER,-3,3,2,2,29.00,0.00,true
1164,BLUE_7,BLUE,ASSASSIN,-2,3,2,2,26.00,8.00,true
1164,BLUE_8,BLUE,GOLEM,-1,3,4,4,82.00,60.00,true
1164,BLUE_9,BLUE,ARCHER,0,3,1,1,9.00,0.00,true
1164,BLUE_10,BLUE,GOBLIN,-1,2,1,1,6.00,4.00,true
1165,GREEN_1,GREEN,GOLEM,-1,-2,4,4,0.00,0.00,false
1165,GREEN_2,GREEN,GOLEM,1,-3,3,3,0.00,0.00,false
1165,GREEN_3,GREEN,SPIDER,1,-2,1,1,0.00,0.00,false
1165,BLUE_4,BLUE,GOLEM,-3,3,4,4,0.00,0.00,false
1165,BLUE_5,BLUE,GOLEM,-2,3,3,3,0.00,0.00,false
1165,BLUE_6,BLUE,SPIDER,-1,3,1,1,0.00,0.00,false
1166,GREEN_1,GREEN,GOLEM,-1,-2,4,0,86.00,104.00,false
1166,GREEN_2,GREEN,GOLEM,1,-3,3,0,56.00,78.00,false
1166,GREEN_3,GREEN,SPIDER,1,-2,1,0,2.00,4.00,false
1166,BLUE_4,BLUE,GOLEM,-3,3,4,0,121.00,104.00,true
1166,BLUE_5,BLUE,GOLEM,-2,3,3,3,61.00,38.00,true
1166,BLUE_6,BLUE,SPIDER,-1,3,1,1,4.00,2.00,true
1167,GREEN_1,GREEN,ARCHER,2,-3,8,8,0.00,0.00,false
1167,GREEN_2,GREEN,GOLEM,0,-3,2,0,59.00,52.00,false
1167,GREEN_3,GREEN,GARGOYLE,3,-3,1,1,0.00,0.00,false
1167,BLUE_4,BLUE,ARCHER,-3,3,8,8,0.00,0.00,false
1167,BLUE_5,BLUE,GOLEM,-2,3,2,2,52.00,43.00,false
1167,BLUE_6,BLUE,GARGOYLE,-1,3,1,0,0.00,16.00,false
1168,GREEN_1,GREEN,ARCHER,2,-3,8,8,0.00,0.00,false
1168,GREEN_2,GREEN,GOLEM,0,-3,2,2,0.00,0.00,false
1168,GREEN_3,GREEN,GARGOYLE,3,-3,1,1,0.00,0.00,false
1168,BLUE_4,BLUE,ARCHER,-3,3,8,8,0.00,0.00,false
1168,BLUE_5,BLUE,GOLEM,-2,3,2,2,0.00,0.00,false
1168,BLUE_6,BLUE,GARGOYLE,-1,3,1,1,0.00,0.00,false
1169,GREEN_1,GREEN,GOBLIN,0,-3,12,12,0.00,0.00,false
1169,GREEN_2,GREEN,MAGE,1,-3,4,4,0.00,0.00,false
1169,GREEN_3,GREEN,ARCHER,-1,-2,1,1,106.00,2.00,false
1169,GREEN_4,GREEN,SPIDER,1,-2,1,1,2.00,2.00,false
1169,BLUE_5,BLUE,GOBLIN,-3,3,12,0,0.00,96.00,false
1169,BLUE_6,BLUE,MAGE,-2,3,4,4,0.00,0.00,false
1169,BLUE_7,BLUE,ARCHER,-1,3,1,0,4.00,8.00,false
1169,BLUE_8,BLUE,SPIDER,0,3,1,0,0.00,4.00,false
1170,GREEN_1,GREEN,GOBLIN,0,-3,12,0,68.00,96.00,false
1170,GREEN_2,GREEN,MAGE,1,-3,4,0,22.00,32.00,false
1170,GREEN_3,GREEN,ARCHER,-1,-2,1,0,2.00,8.00,false
1170,GREEN_4,GREEN,SPIDER,1,-2,1,0,0.00,4.00,false
1170,BLUE_5,BLUE,GOBLIN,-3,3,12,5,99.00,73.00,true
1170,BLUE_6,BLUE,MAGE,-2,3,4,3,25.00,11.00,true
1170,BLUE_7,BLUE,ARCHER,-1,3,1,1,14.00,4.00,true
1170,BLUE_8,BLUE,SPIDER,0,3,1,0,2.00,4.00,true
1171,GREEN_1,GREEN,GOBLIN,3,-3,11,0,80.00,88.00,false
1171,GREEN_2,GREEN,ASSASSIN,1,-3,6,0,36.00,48.00,false
1171,BLUE_3,BLUE,GOBLIN,-3,3,11,4,104.00,68.00,true
1171,BLUE_4,BLUE,ASSASSIN,-2,3,6,0,32.00,48.00,true
1172,GREEN_1,GREEN,GOBLIN,3,-3,11,11,0.00,0.00,false
1172,GREEN_2,GREEN,ASSASSIN,1,-3,6,4,40.00,40.00,false
1172,BLUE_3,BLUE,GOBLIN,-3,3,11,11,0.00,0.00,false
1172,BLUE_4,BLUE,ASSASSIN,-2,3,6,1,40.00,40.00,false
1173,GREEN_1,GREEN,GOLEM,2,-3,4,4,0.00,0.00,false
1173,GREEN_2,GREEN,SPIDER,0,-3,10,10,0.00,0.00,false
1173,GREEN_3,GREEN,GOBLIN,1,-2,1,1,0.00,0.00,false
1173,BLUE_4,BLUE,GOLEM,-3,3,4,4,0.00,0.00,false
1173,BLUE_5,BLUE,SPIDER,-2,3,10,10,0.00,0.00,false
1173,BLUE_6,BLUE,GOBLIN,-1,3,1,1,0.00,0.00,false
1174,GREEN_1,GREEN,GOLEM,2,-3,4,4,0.00,0.00,false
1174,GREEN_2,GREEN,SPIDER,0,-3,10,10,0.00,0.00,false
1174,GREEN_3,GREEN,GOBLIN,1,-2,1,1,0.00,0.00,false
1174,BLUE_4,BLUE,GOLEM,-3,3,4,4,0.00,0.00,false
1174,BLUE_5,BLUE,SPIDER,-2,3,10,10,0.00,0.00,false
1174,BLUE_6,BLUE,GOBLIN,-1,3,1,1,0.00,0.00,false
1175,GREEN_1,GREEN,SCORPION_RIDER,2,-2,5,0,130.00,90.00,true
1175,GREEN_2,GREEN,GOBLIN,-1,-2,9,9,0.00,0.00,true
1175,GREEN_3,GREEN,GARGOYLE,2,-3,1,1,48.00,0.00,true
1175,BLUE_4,BLUE,SCORPION_RIDER,-3,3,5,0,52.00,90.00,false
1175,BLUE_5,BLUE,GOBLIN,-2,3,9,0,35.00,72.00,false
1175,BLUE_6,BLUE,GARGOYLE,-1,3,1,0,3.00,16.00,false
1176,GREEN_1,GREEN,SCORPION_RIDER,2,-2,5,0,68.00,90.00,false
1176,GREEN_2,GREEN,GOBLIN,-1,-2,9,7,19.00,16.00,false
1176,GREEN_3,GREEN,GARGOYLE,2,-3,1,0,3.00,16.00,false
1176,BLUE_4,BLUE,SCORPION_RIDER,-3,3,5,0,115.00,90.00,false
1176,BLUE_5,BLUE,GOBLIN,-2,3,9,9,0.00,0.00,false
1176,BLUE_6,BLUE,GARGOYLE,-1,3,1,1,7.00,0.00,false
1177,GREEN_1,GREEN,GOBLIN,2,-2,10,5,80.00,60.00,true
1177,GREEN_2,GREEN,ASSASSIN,0,-2,6,2,56.00,44.00,true
1177,GREEN_3,GREEN,GOBLIN,-1,-2,1,1,0.00,0.00,true
1177,BLUE_4,BLUE,GOBLIN,-3,3,10,0,60.00,80.00,false
1177,BLUE_5,BLUE,ASSASSIN,-2,3,6,0,42.00,48.00,false
1177,BLUE_6,BLUE,GOBLIN,-1,3,1,0,2.00,8.00,false
1178,GREEN_1,GREEN,GOBLIN,2,-2,10,0,54.00,80.00,false
1178,GREEN_2,GREEN,ASSASSIN,0,-2,6,0,42.00,48.00,false
1178,GREEN_3,GREEN,GOBLIN,-1,-2,1,0,4.00,8.00,false
1178,BLUE_4,BLUE,GOBLIN,-3,3,10,5,84.00,64.00,true
1178,BLUE_5,BLUE,ASSASSIN,-2,3,6,4,52.00,36.00,true
1178,BLUE_6,BLUE,GOBLIN,-1,3,1,1,0.00,0.00,true
1179,GREEN_1,GREEN,SPIDER,1,-3,16,13,86.00,32.00,true
1179,GREEN_2,GREEN,SCORPION_RIDER,0,-3,3,3,34.00,42.00,true
1179,GREEN_3,GREEN,SPIDER,3,-3,1,0,2.00,4.00,true
1179,BLUE_4,BLUE,SPIDER,-3,3,16,0,62.00,64.00,false
1179,BLUE_5,BLUE,SCORPION_RIDER,-2,3,3,0,16.00,54.00,false
1179,BLUE_6,BLUE,SPIDER,-1,3,1,0,0.00,4.00,false
1180,GREEN_1,GREEN,SPIDER,1,-3,16,0,70.00,64.00,false
1180,GREEN_2,GREEN,SCORPION_RIDER,0,-3,3,0,0.00,54.00,false
1180,GREEN_3,GREEN,SPIDER,3,-3,1,0,0.00,4.00,false
1180,BLUE_4,BLUE,SPIDER,-3,3,16,11,88.00,32.00,true
1180,BLUE_5,BLUE,SCORPION_RIDER,-2,3,3,3,28.00,38.00,true
1180,BLUE_6,BLUE,SPIDER,-1,3,1,1,6.00,0.00,true
1181,GREEN_1,GREEN,SPIDER,0,-2,13,13,56.00,6.00,true
1181,GREEN_2,GREEN,ASSASSIN,1,-3,5,4,36.00,28.00,true
1181,BLUE_3,BLUE,SPIDER,-3,3,13,0,34.00,52.00,false
1181,BLUE_4,BLUE,ASSASSIN,-2,3,5,0,0.00,40.00,false
1182,GREEN_1,GREEN,SPIDER,0,-2,13,0,30.00,52.00,false
1182,GREEN_2,GREEN,ASSASSIN,1,-3,5,0,4.00,40.00,false
1182,BLUE_3,BLUE,SPIDER,-3,3,13,13,40.00,4.00,true
1182,BLUE_4,BLUE,ASSASSIN,-2,3,5,3,52.00,30.00,true
1183,GREEN_1,GREEN,ARCHER,2,-3,8,8,0.00,0.00,false
1183,GREEN_2,GREEN,MAGE,3,-3,3,3,0.00,0.00,false
1183,GREEN_3,GREEN,SPIDER,2,-2,2,2,0.00,0.00,false
1183,BLUE_4,BLUE,ARCHER,-3,3,8,8,0.00,0.00,false
1183,BLUE_5,BLUE,MAGE,-2,3,3,3,0.00,0.00,false
1183,BLUE_6,BLUE,SPIDER,-1,3,2,2,0.00,0.00,false
1184,GREEN_1,GREEN,ARCHER,2,-3,8,0,66.00,64.00,false
1184,GREEN_2,GREEN,MAGE,3,-3,3,0,15.00,24.00,false
1184,GREEN_3,GREEN,SPIDER,2,-2,2,0,0.00,8.00,false
1184,BLUE_4,BLUE,ARCHER,-3,3,8,2,67.00,59.00,true
1184,BLUE_5,BLUE,MAGE,-2,3,3,2,26.00,18.00,true
1184,BLUE_6,BLUE,SPIDER,-1,3,2,2,3.00,4.00,true
1185,GREEN_1,GREEN,ARCHER,1,-3,7,2,72.00,44.00,true
1185,GREEN_2,GREEN,GARGOYLE,3,-3,4,4,50.00,27.00,true
1185,GREEN_3,GREEN,SPIDER,2,-3,1,0,2.00,4.00,true
1185,BLUE_4,BLUE,ARCHER,-3,3,7,0,48.00,56.00,false
1185,BLUE_5,BLUE,GARGOYLE,-2,3,4,0,27.00,64.00,false
1185,BLUE_6,BLUE,SPIDER,-1,3,1,0,0.00,4.00,false
1186,GREEN_1,GREEN,ARCHER,1,-3,7,0,44.00,56.00,false
1186,GREEN_2,GREEN,GARGOYLE,3,-3,4,0,15.00,64.00,false
1186,GREEN_3,GREEN,SPIDER,2,-3,1,0,2.00,4.00,false
1186,BLUE_4,BLUE,ARCHER,-3,3,7,3,62.00,44.00,true
1186,BLUE_5,BLUE,GARGOYLE,-2,3,4,4,57.00,15.00,true
1186,BLUE_6,BLUE,SPIDER,-1,3,1,1,5.00,2.00,true
1187,GREEN_1,GREEN,GOBLIN,0,-3,11,11,8.00,2.00,true
1187,GREEN_2,GREEN,ARCHER,1,-3,6,1,128.00,44.00,true
1187,GREEN_3,GREEN,ARCHER,2,-3,1,1,8.00,4.00,true
1187,BLUE_4,BLUE,GOBLIN,-3,3,11,0,0.00,88.00,false
1187,BLUE_5,BLUE,ARCHER,-2,3,6,0,46.00,48.00,false
1187,BLUE_6,BLUE,ARCHER,-1,3,1,0,4.00,8.00,false
1188,GREEN_1,GREEN,GOBLIN,0,-3,11,5,58.00,60.00,false
1188,GREEN_2,GREEN,ARCHER,1,-3,6,0,12.00,48.00,false
1188,GREEN_3,GREEN,ARCHER,2,-3,1,0,2.00,8.00,false
1188,BLUE_4,BLUE,GOBLIN,-3,3,11,3,116.00,72.00,false
1188,BLUE_5,BLUE,ARCHER,-2,3,6,6,0.00,0.00,false
1188,BLUE_6,BLUE,ARCHER,-1,3,1,1,0.00,0.00,false
1189,GREEN_1,GREEN,MAGE,0,-3,7,5,74.00,40.00,true
1189,GREEN_2,GREEN,GARGOYLE,3,-3,3,3,34.00,11.00,true
1189,GREEN_3,GREEN,SPIDER,3,-2,1,1,0.00,0.00,true
1189,BLUE_4,BLUE,MAGE,-3,3,7,0,39.00,56.00,false
1189,BLUE_5,BLUE,GARGOYLE,-2,3,3,0,12.00,48.00,false
1189,BLUE_6,BLUE,SPIDER,-1,3,1,0,0.00,4.00,false
1190,GREEN_1,GREEN,MAGE,0,-3,7,0,47.00,56.00,false
1190,GREEN_2,GREEN,GARGOYLE,3,-3,3,0,18.00,48.00,false
1190,GREEN_3,GREEN,SPIDER,3,-2,1,0,0.00,4.00,false
1190,BLUE_4,BLUE,MAGE,-3,3,7,4,76.00,49.00,true
1190,BLUE_5,BLUE,GARGOYLE,-2,3,3,3,30.00,12.00,true
1190,BLUE_6,BLUE,SPIDER,-1,3,1,0,2.00,4.00,true
1191,GREEN_1,GREEN,GOBLIN,0,-2,10,6,92.00,56.00,true
1191,GREEN_2,GREEN,ARCHER,1,-3,7,7,48.00,8.00,true
1191,GREEN_3,GREEN,SPIDER,3,-3,1,1,0.00,0.00,true
1191,BLUE_4,BLUE,GOBLIN,-3,3,10,0,44.00,80.00,false
1191,BLUE_5,BLUE,ARCHER,-2,3,7,0,20.00,56.00,false
1191,BLUE_6,BLUE,SPIDER,-1,3,1,0,0.00,4.00,false
1192,GREEN_1,GREEN,GOBLIN,0,-2,10,0,0.00,80.00,false
1192,GREEN_2,GREEN,ARCHER,1,-3,7,0,14.00,56.00,false
1192,GREEN_3,GREEN,SPIDER,3,-3,1,0,0.00,4.00,false
1192,BLUE_4,BLUE,GOBLIN,-3,3,10,10,56.00,14.00,true
1192,BLUE_5,BLUE,ARCHER,-2,3,7,7,82.00,0.00,true
1192,BLUE_6,BLUE,SPIDER,-1,3,1,1,2.00,0.00,true
1193,GREEN_1,GREEN,GOLEM,3,-2,4,4,90.00,69.00,true
1193,GREEN_2,GREEN,SPIDER,3,-3,10,4,48.00,30.00,true
1193,GREEN_3,GREEN,SPIDER,1,-3,1,1,10.00,2.00,true
1193,BLUE_4,BLUE,GOLEM,-3,3,4,0,69.00,104.00,false
1193,BLUE_5,BLUE,SPIDER,-2,3,10,0,30.00,40.00,false
1193,BLUE_6,BLUE,SPIDER,-1,3,1,0,2.00,4.00,false
1194,GREEN_1,GREEN,GOLEM,3,-2,4,0,0.00,104.00,false
1194,GREEN_2,GREEN,SPIDER,3,-3,10,0,30.00,40.00,false
1194,GREEN_3,GREEN,SPIDER,1,-3,1,0,2.00,4.00,false
1194,BLUE_4,BLUE,GOLEM,-3,3,4,4,2.00,0.00,true
1194,BLUE_5,BLUE,SPIDER,-2,3,10,4,144.00,30.00,true
1194,BLUE_6,BLUE,SPIDER,-1,3,1,1,2.00,2.00,true
1195,GREEN_1,GREEN,ARCHER,3,-2,7,1,68.00,48.00,true
1195,GREEN_2,GREEN,GARGOYLE,2,-3,4,4,54.00,21.00,true
1195,GREEN_3,GREEN,SPIDER,1,-2,1,1,2.00,2.00,true
1195,BLUE_4,BLUE,ARCHER,-3,3,7,0,48.00,56.00,false
1195,BLUE_5,BLUE,GARGOYLE,-2,3,4,0,21.00,64.00,false
1195,BLUE_6,BLUE,SPIDER,-1,3,1,0,2.00,4.00,false
1196,GREEN_1,GREEN,ARCHER,3,-2,7,0,50.00,56.00,false
1196,GREEN_2,GREEN,GARGOYLE,2,-3,4,0,21.00,64.00,false
1196,GREEN_3,GREEN,SPIDER,1,-2,1,0,0.00,4.00,false
1196,BLUE_4,BLUE,ARCHER,-3,3,7,4,54.00,38.00,true
1196,BLUE_5,BLUE,GARGOYLE,-2,3,4,4,68.00,29.00,true
1196,BLUE_6,BLUE,SPIDER,-1,3,1,0,2.00,4.00,true
1197,GREEN_1,GREEN,ASSASSIN,3,-2,8,5,76.00,42.00,true
1197,GREEN_2,GREEN,MAGE,1,-3,2,2,12.00,0.00,true
1197,GREEN_3,GREEN,GOBLIN,0,-2,1,1,0.00,0.00,true
1197,BLUE_4,BLUE,ASSASSIN,-3,3,8,0,37.00,64.00,false
1197,BLUE_5,BLUE,MAGE,-2,3,2,0,1.00,16.00,false
1197,BLUE_6,BLUE,GOBLIN,-1,3,1,0,4.00,8.00,false
1198,GREEN_1,GREEN,ASSASSIN,3,-2,8,0,46.00,64.00,false
1198,GREEN_2,GREEN,MAGE,1,-3,2,0,2.00,16.00,false
1198,GREEN_3,GREEN,GOBLIN,0,-2,1,0,4.00,8.00,false
1198,BLUE_4,BLUE,ASSASSIN,-3,3,8,3,76.00,52.00,true
1198,BLUE_5,BLUE,MAGE,-2,3,2,2,12.00,0.00,true
1198,BLUE_6,BLUE,GOBLIN,-1,3,1,1,0.00,0.00,true
1199,GREEN_1,GREEN,SCORPION_RIDER,1,-2,6,5,108.00,64.00,true
1199,GREEN_2,GREEN,ARCHER,2,-2,4,4,40.00,0.00,true
1199,GREEN_3,GREEN,GOBLIN,0,-3,1,1,0.00,0.00,true
1199,BLUE_4,BLUE,SCORPION_RIDER,-3,3,6,0,58.00,108.00,false
1199,BLUE_5,BLUE,ARCHER,-2,3,4,0,6.00,32.00,false
1199,BLUE_6,BLUE,GOBLIN,-1,3,1,0,0.00,8.00,false
1200,GREEN_1,GREEN,SCORPION_RIDER,1,-2,6,0,48.00,108.00,false
1200,GREEN_2,GREEN,ARCHER,2,-2,4,0,6.00,32.00,false
1200,GREEN_3,GREEN,GOBLIN,0,-3,1,0,0.00,8.00,false
1200,BLUE_4,BLUE,SCORPION_RIDER,-3,3,6,4,92.00,54.00,true
1200,BLUE_5,BLUE,ARCHER,-2,3,4,4,56.00,0.00,true
1200,BLUE_6,BLUE,GOBLIN,-1,3,1,1,0.00,0.00,true
1201,GREEN_1,GREEN,GOBLIN,0,-3,10,10,32.00,6.00,true
1201,GREEN_2,GREEN,ARCHER,3,-3,6,4,120.00,20.00,true
1201,GREEN_3,GREEN,GOBLIN,-1,-2,3,3,0.00,0.00,true
1201,BLUE_4,BLUE,GOBLIN,-3,3,10,0,0.00,80.00,false
1201,BLUE_5,BLUE,ARCHER,-2,3,6,0,26.00,48.00,false
1201,BLUE_6,BLUE,GOBLIN,-1,3,3,0,0.00,24.00,false
1202,GREEN_1,GREEN,GOBLIN,0,-3,10,0,0.00,80.00,false
1202,GREEN_2,GREEN,ARCHER,3,-3,6,0,52.00,48.00,false
1202,GREEN_3,GREEN,GOBLIN,-1,-2,3,0,0.00,24.00,false
1202,BLUE_4,BLUE,GOBLIN,-3,3,10,10,12.00,4.00,true
1202,BLUE_5,BLUE,ARCHER,-2,3,6,0,140.00,48.00,true
1202,BLUE_6,BLUE,GOBLIN,-1,3,3,3,0.00,0.00,true
1203,GREEN_1,GREEN,GOLEM,2,-3,4,4,20.00,4.00,true
1203,GREEN_2,GREEN,SPIDER,1,-2,10,9,124.00,12.00,true
1203,GREEN_3,GREEN,GOBLIN,2,-2,1,1,8.00,4.00,true
1203,BLUE_4,BLUE,GOLEM,-3,3,4,0,0.00,104.00,false
1203,BLUE_5,BLUE,SPIDER,-2,3,10,0,16.00,40.00,false
1203,BLUE_6,BLUE,GOBLIN,-1,3,1,0,4.00,8.00,false
1204,GREEN_1,GREEN,GOLEM,2,-3,4,0,76.00,104.00,false
1204,GREEN_2,GREEN,SPIDER,1,-2,10,0,36.00,40.00,false
1204,GREEN_3,GREEN,GOBLIN,2,-2,1,0,4.00,8.00,false
1204,BLUE_4,BLUE,GOLEM,-3,3,4,2,91.00,76.00,true
1204,BLUE_5,BLUE,SPIDER,-2,3,10,2,55.00,34.00,true
1204,BLUE_6,BLUE,GOBLIN,-1,3,1,1,6.00,6.00,true
1205,GREEN_1,GREEN,SPIDER,2,-3,13,10,56.00,24.00,true
1205,GREEN_2,GREEN,ARCHER,1,-3,5,3,36.00,16.00,true
1205,GREEN_3,GREEN,ARCHER,0,-3,1,1,8.00,0.00,true
1205,BLUE_4,BLUE,SPIDER,-3,3,13,0,14.00,52.00,false
1205,BLUE_5,BLUE,ARCHER,-2,3,5,0,24.00,40.00,false
1205,BLUE_6,BLUE,ARCHER,-1,3,1,0,2.00,8.00,false
1206,GREEN_1,GREEN,SPIDER,2,-3,13,0,6.00,52.00,false
1206,GREEN_2,GREEN,ARCHER,1,-3,5,0,18.00,40.00,false
1206,GREEN_3,GREEN,ARCHER,0,-3,1,0,4.00,8.00,false
1206,BLUE_4,BLUE,SPIDER,-3,3,13,11,36.00,16.00,true
1206,BLUE_5,BLUE,ARCHER,-2,3,5,4,64.00,12.00,true
1206,BLUE_6,BLUE,ARCHER,-1,3,1,1,0.00,0.00,true
1207,GREEN_1,GREEN,GOLEM,3,-2,4,4,0.00,0.00,false
1207,GREEN_2,GREEN,GOLEM,3,-3,3,3,0.00,0.00,false
1207,GREEN_3,GREEN,GOBLIN,2,-2,1,1,0.00,0.00,false
1207,BLUE_4,BLUE,GOLEM,-3,3,4,4,0.00,0.00,false
1207,BLUE_5,BLUE,GOLEM,-2,3,3,3,0.00,0.00,false
1207,BLUE_6,BLUE,GOBLIN,-1,3,1,1,0.00,0.00,false
1208,GREEN_1,GREEN,GOLEM,3,-2,4,4,0.00,0.00,false
1208,GREEN_2,GREEN,GOLEM,3,-3,3,1,77.00,74.00,false
1208,GREEN_3,GREEN,GOBLIN,2,-2,1,0,1.00,8.00,false
1208,BLUE_4,BLUE,GOLEM,-3,3,4,4,0.00,0.00,false
1208,BLUE_5,BLUE,GOLEM,-2,3,3,0,82.00,78.00,false
1208,BLUE_6,BLUE,GOBLIN,-1,3,1,1,0.00,0.00,false
1209,GREEN_1,GREEN,ARCHER,1,-3,7,7,0.00,0.00,false
1209,GREEN_2,GREEN,ARCHER,2,-3,4,4,0.00,0.00,false
1209,GREEN_3,GREEN,GOBLIN,3,-3,3,3,0.00,0.00,false
1209,BLUE_4,BLUE,ARCHER,-3,3,7,7,0.00,0.00,false
1209,BLUE_5,BLUE,ARCHER,-2,3,4,4,0.00,0.00,false
1209,BLUE_6,BLUE,GOBLIN,-1,3,3,3,0.00,0.00,false
1210,GREEN_1,GREEN,ARCHER,1,-3,7,7,0.00,0.00,false
1210,GREEN_2,GREEN,ARCHER,2,-3,4,4,0.00,0.00,false
1210,GREEN_3,GREEN,GOBLIN,3,-3,3,3,0.00,0.00,false
1210,BLUE_4,BLUE,ARCHER,-3,3,7,7,0.00,0.00,false
1210,BLUE_5,BLUE,ARCHER,-2,3,4,4,0.00,0.00,false
1210,BLUE_6,BLUE,GOBLIN,-1,3,3,3,0.00,0.00,false
1211,GREEN_1,GREEN,MAGE,2,-3,8,3,73.00,55.00,true
1211,GREEN_2,GREEN,MAGE,0,-2,2,1,11.00,14.00,true
1211,GREEN_3,GREEN,SPIDER,1,-2,1,1,0.00,0.00,true
1211,BLUE_4,BLUE,MAGE,-3,3,8,0,55.00,64.00,false
1211,BLUE_5,BLUE,MAGE,-2,3,2,0,12.00,16.00,false
1211,BLUE_6,BLUE,SPIDER,-1,3,1,0,2.00,4.00,false
1212,GREEN_1,GREEN,MAGE,2,-3,8,8,0.00,0.00,false
1212,GREEN_2,GREEN,MAGE,0,-2,2,2,0.00,0.00,false
1212,GREEN_3,GREEN,SPIDER,1,-2,1,1,0.00,0.00,false
1212,BLUE_4,BLUE,MAGE,-3,3,8,8,0.00,0.00,false
1212,BLUE_5,BLUE,MAGE,-2,3,2,2,0.00,0.00,false
1212,BLUE_6,BLUE,SPIDER,-1,3,1,1,0.00,0.00,false
1213,GREEN_1,GREEN,GOBLIN,2,-2,10,10,0.00,0.00,false
1213,GREEN_2,GREEN,GOLEM,3,-3,4,4,0.00,0.00,false
1213,GREEN_3,GREEN,GOBLIN,2,-3,1,1,0.00,0.00,false
1213,BLUE_4,BLUE,GOBLIN,-3,3,10,10,0.00,0.00,false
1213,BLUE_5,BLUE,GOLEM,-2,3,4,4,0.00,0.00,false
1213,BLUE_6,BLUE,GOBLIN,-1,3,1,1,0.00,0.00,false
1214,GREEN_1,GREEN,GOBLIN,2,-2,10,10,0.00,0.00,false
1214,GREEN_2,GREEN,GOLEM,3,-3,4,4,0.00,0.00,false
1214,GREEN_3,GREEN,GOBLIN,2,-3,1,1,0.00,0.00,false
1214,BLUE_4,BLUE,GOBLIN,-3,3,10,10,0.00,0.00,false
1214,BLUE_5,BLUE,GOLEM,-2,3,4,4,0.00,0.00,false
1214,BLUE_6,BLUE,GOBLIN,-1,3,1,1,0.00,0.00,false
1215,GREEN_1,GREEN,ARCHER,3,-3,5,1,44.00,36.00,false
1215,GREEN_2,GREEN,ARCHER,0,-3,7,7,0.00,0.00,false
1215,GREEN_3,GREEN,SPIDER,1,-3,1,1,0.00,0.00,false
1215,BLUE_4,BLUE,ARCHER,-3,3,5,0,36.00,40.00,false
1215,BLUE_5,BLUE,ARCHER,-2,3,7,7,0.00,0.00,false
1215,BLUE_6,BLUE,SPIDER,-1,3,1,0,0.00,4.00,false
1216,GREEN_1,GREEN,ARCHER,3,-3,5,5,0.00,0.00,false
1216,GREEN_2,GREEN,ARCHER,0,-3,7,0,48.00,56.00,false
1216,GREEN_3,GREEN,SPIDER,1,-3,1,0,0.00,4.00,false
1216,BLUE_4,BLUE,ARCHER,-3,3,5,5,24.00,16.00,false
1216,BLUE_5,BLUE,ARCHER,-2,3,7,4,36.00,32.00,false
1216,BLUE_6,BLUE,SPIDER,-1,3,1,1,0.00,0.00,false
1217,GREEN_1,GREEN,SCORPION_RIDER,0,-2,6,3,106.00,94.00,true
1217,GREEN_2,GREEN,ASSASSIN,1,-3,3,0,24.00,24.00,true
1217,GREEN_3,GREEN,ARCHER,3,-3,1,1,10.00,0.00,true
1217,BLUE_4,BLUE,SCORPION_RIDER,-3,3,6,0,92.00,108.00,false
1217,BLUE_5,BLUE,ASSASSIN,-2,3,3,0,24.00,24.00,false
1217,BLUE_6,BLUE,ARCHER,-1,3,1,0,2.00,8.00,false
1218,GREEN_1,GREEN,SCORPION_RIDER,0,-2,6,0,92.00,108.00,false
1218,GREEN_2,GREEN,ASSASSIN,1,-3,3,0,24.00,24.00,false
1218,GREEN_3,GREEN,ARCHER,3,-3,1,0,2.00,8.00,false
1218,BLUE_4,BLUE,SCORPION_RIDER,-3,3,6,3,110.00,102.00,true
1218,BLUE_5,BLUE,ASSASSIN,-2,3,3,1,20.00,16.00,true
1218,BLUE_6,BLUE,ARCHER,-1,3,1,1,10.00,0.00,true
1219,GREEN_1,GREEN,GOBLIN,0,-2,10,10,0.00,0.00,false
1219,GREEN_2,GREEN,SPIDER,0,-3,12,12,0.00,0.00,false
1219,GREEN_3,GREEN,SPIDER,3,-2,3,0,10.00,12.00,false
1219,BLUE_4,BLUE,GOBLIN,-3,3,10,10,0.00,0.00,false
1219,BLUE_5,BLUE,SPIDER,-2,3,12,12,0.00,0.00,false
1219,BLUE_6,BLUE,SPIDER,-1,3,3,1,12.00,10.00,false
1220,GREEN_1,GREEN,GOBLIN,0,-2,10,0,0.00,80.00,false
1220,GREEN_2,GREEN,SPIDER,0,-3,12,0,44.00,48.00,false
1220,GREEN_3,GREEN,SPIDER,3,-2,3,0,2.00,12.00,false
1220,BLUE_4,BLUE,GOBLIN,-3,3,10,10,34.00,12.00,true
1220,BLUE_5,BLUE,SPIDER,-2,3,12,9,88.00,22.00,true
1220,BLUE_6,BLUE,SPIDER,-1,3,3,0,18.00,12.00,true
1221,GREEN_1,GREEN,GOLEM,2,-3,4,2,103.00,93.00,true
1221,GREEN_2,GREEN,ASSASSIN,2,-2,4,0,36.00,32.00,true
1221,GREEN_3,GREEN,ARCHER,1,-3,1,1,5.00,0.00,true
1221,BLUE_4,BLUE,GOLEM,-3,3,4,0,100.00,104.00,false
1221,BLUE_5,BLUE,ASSASSIN,-2,3,4,0,23.00,32.00,false
1221,BLUE_6,BLUE,ARCHER,-1,3,1,0,2.00,8.00,false
1222,GREEN_1,GREEN,GOLEM,2,-3,4,0,68.00,104.00,false
1222,GREEN_2,GREEN,ASSASSIN,2,-2,4,0,22.00,32.00,false
1222,GREEN_3,GREEN,ARCHER,1,-3,1,0,2.00,8.00,false
1222,BLUE_4,BLUE,GOLEM,-3,3,4,3,91.00,61.00,true
1222,BLUE_5,BLUE,ASSASSIN,-2,3,4,1,34.00,31.00,true
1222,BLUE_6,BLUE,ARCHER,-1,3,1,1,19.00,0.00,true
1223,GREEN_1,GREEN,SPIDER,0,-3,14,5,54.00,42.00,true
1223,GREEN_2,GREEN,ARCHER,2,-2,5,3,48.00,20.00,true
1223,GREEN_3,GREEN,GOBLIN,1,-3,1,1,2.00,4.00,true
1223,BLUE_4,BLUE,SPIDER,-3,3,14,0,34.00,56.00,false
1223,BLUE_5,BLUE,ARCHER,-2,3,5,0,32.00,40.00,false
1223,BLUE_6,BLUE,GOBLIN,-1,3,1,0,0.00,8.00,false
1224,GREEN_1,GREEN,SPIDER,0,-3,14,0,16.00,56.00,false
1224,GREEN_2,GREEN,ARCHER,2,-2,5,0,18.00,40.00,false
1224,GREEN_3,GREEN,GOBLIN,1,-3,1,0,0.00,8.00,false
1224,BLUE_4,BLUE,SPIDER,-3,3,14,10,56.00,26.00,true
1224,BLUE_5,BLUE,ARCHER,-2,3,5,5,48.00,8.00,true
1224,BLUE_6,BLUE,GOBLIN,-1,3,1,1,0.00,0.00,true
1225,GREEN_1,GREEN,GARGOYLE,2,-2,3,3,0.00,0.00,false
1225,GREEN_2,GREEN,ARCHER,2,-3,7,7,0.00,0.00,false
1225,GREEN_3,GREEN,ASSASSIN,1,-3,1,1,4.00,0.00,false
1225,GREEN_4,GREEN,SPIDER,0,-3,1,1,0.00,0.00,false
1225,BLUE_5,BLUE,GARGOYLE,-3,3,3,3,0.00,0.00,false
1225,BLUE_6,BLUE,ARCHER,-2,3,7,7,0.00,0.00,false
1225,BLUE_7,BLUE,ASSASSIN,-1,3,1,1,0.00,0.00,false
1225,BLUE_8,BLUE,SPIDER,0,3,1,0,0.00,4.00,false
1226,GREEN_1,GREEN,GARGOYLE,2,-2,3,3,0.00,0.00,false
1226,GREEN_2,GREEN,ARCHER,2,-3,7,7,0.00,0.00,false
1226,GREEN_3,GREEN,ASSASSIN,1,-3,1,1,0.00,0.00,false
1226,GREEN_4,GREEN,SPIDER,0,-3,1,0,0.00,4.00,false
1226,BLUE_5,BLUE,GARGOYLE,-3,3,3,3,0.00,0.00,false
1226,BLUE_6,BLUE,ARCHER,-2,3,7,7,0.00,0.00,false
1226,BLUE_7,BLUE,ASSASSIN,-1,3,1,1,4.00,0.00,false
1226,BLUE_8,BLUE,SPIDER,0,3,1,1,0.00,0.00,false
1227,GREEN_1,GREEN,MAGE,3,-2,5,5,28.00,0.00,true
1227,GREEN_2,GREEN,SCORPION_RIDER,0,-2,4,2,92.00,61.00,true
1227,GREEN_3,GREEN,SCORPION_RIDER,2,-3,1,1,10.00,16.00,true
1227,BLUE_4,BLUE,MAGE,-3,3,5,0,3.00,40.00,false
1227,BLUE_5,BLUE,SCORPION_RIDER,-2,3,4,0,74.00,72.00,false
1227,BLUE_6,BLUE,SCORPION_RIDER,-1,3,1,0,0.00,18.00,false
1228,GREEN_1,GREEN,MAGE,3,-2,5,0,9.00,40.00,false
1228,GREEN_2,GREEN,SCORPION_RIDER,0,-2,4,0,42.00,72.00,false
1228,GREEN_3,GREEN,SCORPION_RIDER,2,-3,1,0,8.00,18.00,false
1228,BLUE_4,BLUE,MAGE,-3,3,5,5,34.00,6.00,true
1228,BLUE_5,BLUE,SCORPION_RIDER,-2,3,4,3,96.00,53.00,true
1228,BLUE_6,BLUE,SCORPION_RIDER,-1,3,1,1,0.00,0.00,true
1229,GREEN_1,GREEN,SCORPION_RIDER,2,-2,5,3,106.00,76.00,true
1229,GREEN_2,GREEN,SCORPION_RIDER,0,-2,4,1,62.00,70.00,true
1229,GREEN_3,GREEN,GOBLIN,0,-3,1,1,2.00,0.00,true
1229,BLUE_4,BLUE,SCORPION_RIDER,-3,3,5,0,82.00,90.00,false
1229,BLUE_5,BLUE,SCORPION_RIDER,-2,3,4,0,64.00,72.00,false
1229,BLUE_6,BLUE,GOBLIN,-1,3,1,0,0.00,8.00,false
1230,GREEN_1,GREEN,SCORPION_RIDER,2,-2,5,0,74.00,90.00,false
1230,GREEN_2,GREEN,SCORPION_RIDER,0,-2,4,0,64.00,72.00,false
1230,GREEN_3,GREEN,GOBLIN,0,-3,1,0,0.00,8.00,false
1230,BLUE_4,BLUE,SCORPION_RIDER,-3,3,5,1,104.00,80.00,true
1230,BLUE_5,BLUE,SCORPION_RIDER,-2,3,4,3,64.00,58.00,true
1230,BLUE_6,BLUE,GOBLIN,-1,3,1,1,2.00,0.00,true
1231,GREEN_1,GREEN,SPIDER,3,-3,13,13,0.00,0.00,false
1231,GREEN_2,GREEN,GOLEM,3,-2,3,3,0.00,0.00,false
1231,GREEN_3,GREEN,GOBLIN,2,-2,2,2,0.00,0.00,false
1231,BLUE_4,BLUE,SPIDER,-3,3,13,13,0.00,0.00,false
1231,BLUE_5,BLUE,GOLEM,-2,3,3,3,0.00,0.00,false
1231,BLUE_6,BLUE,GOBLIN,-1,3,2,2,0.00,0.00,false
1232,GREEN_1,GREEN,SPIDER,3,-3,13,13,0.00,0.00,false
1232,GREEN_2,GREEN,GOLEM,3,-2,3,3,0.00,0.00,false
1232,GREEN_3,GREEN,GOBLIN,2,-2,2,2,0.00,0.00,false
1232,BLUE_4,BLUE,SPIDER,-3,3,13,13,0.00,0.00,false
1232,BLUE_5,BLUE,GOLEM,-2,3,3,3,0.00,0.00,false
1232,BLUE_6,BLUE,GOBLIN,-1,3,2,2,0.00,0.00,false
1233,GREEN_1,GREEN,MAGE,0,-3,7,0,56.00,56.00,true
1233,GREEN_2,GREEN,ARCHER,3,-3,4,1,32.00,31.00,true
1233,BLUE_3,BLUE,MAGE,-3,3,7,0,59.00,56.00,false
1233,BLUE_4,BLUE,ARCHER,-2,3,4,0,28.00,32.00,false
1234,GREEN_1,GREEN,MAGE,0,-3,7,7,0.00,0.00,false
1234,GREEN_2,GREEN,ARCHER,3,-3,4,4,0.00,0.00,false
1234,BLUE_3,BLUE,MAGE,-3,3,7,7,0.00,0.00,false
1234,BLUE_4,BLUE,ARCHER,-2,3,4,4,0.00,0.00,false
1235,GREEN_1,GREEN,ARCHER,0,-2,8,4,100.00,48.00,true
1235,GREEN_2,GREEN,SPIDER,1,-3,9,9,0.00,0.00,true
1235,BLUE_3,BLUE,ARCHER,-3,3,8,0,48.00,64.00,false
1235,BLUE_4,BLUE,SPIDER,-2,3,9,0,0.00,36.00,false
1236,GREEN_1,GREEN,ARCHER,0,-2,8,8,0.00,0.00,false
1236,GREEN_2,GREEN,SPIDER,1,-3,9,9,0.00,0.00,false
1236,BLUE_3,BLUE,ARCHER,-3,3,8,8,0.00,0.00,false
1236,BLUE_4,BLUE,SPIDER,-2,3,9,9,0.00,0.00,false
1237,GREEN_1,GREEN,GOBLIN,3,-3,10,10,0.00,0.00,false
1237,GREEN_2,GREEN,SPIDER,0,-2,12,12,0.00,0.00,false
1237,GREEN_3,GREEN,GARGOYLE,2,-3,1,1,80.00,0.00,false
1237,BLUE_4,BLUE,GOBLIN,-3,3,10,0,0.00,80.00,false
1237,BLUE_5,BLUE,SPIDER,-2,3,12,12,0.00,0.00,false
1237,BLUE_6,BLUE,GARGOYLE,-1,3,1,1,0.00,0.00,false
1238,GREEN_1,GREEN,GOBLIN,3,-3,10,0,0.00,80.00,false
1238,GREEN_2,GREEN,SPIDER,0,-2,12,0,18.00,48.00,false
1238,GREEN_3,GREEN,GARGOYLE,2,-3,1,0,3.00,16.00,false
1238,BLUE_4,BLUE,GOBLIN,-3,3,10,10,40.00,14.00,true
1238,BLUE_5,BLUE,SPIDER,-2,3,12,12,104.00,7.00,true
1238,BLUE_6,BLUE,GARGOYLE,-1,3,1,1,0.00,0.00,true
1239,GREEN_1,GREEN,ARCHER,1,-3,7,3,66.00,36.00,true
1239,GREEN_2,GREEN,ARCHER,2,-3,4,3,16.00,16.00,true
1239,GREEN_3,GREEN,SCORPION_RIDER,2,-2,1,1,24.00,16.00,true
1239,BLUE_4,BLUE,ARCHER,-3,3,7,0,54.00,56.00,false
1239,BLUE_5,BLUE,ARCHER,-2,3,4,0,14.00,32.00,false
1239,BLUE_6,BLUE,SCORPION_RIDER,-1,3,1,0,0.00,18.00,false
1240,GREEN_1,GREEN,ARCHER,1,-3,7,0,50.00,56.00,false
1240,GREEN_2,GREEN,ARCHER,2,-3,4,0,14.00,32.00,false
1240,GREEN_3,GREEN,SCORPION_RIDER,2,-2,1,0,0.00,18.00,false
1240,BLUE_4,BLUE,ARCHER,-3,3,7,5,66.00,30.00,true
1240,BLUE_5,BLUE,ARCHER,-2,3,4,3,16.00,16.00,true
1240,BLUE_6,BLUE,SCORPION_RIDER,-1,3,1,0,24.00,18.00,true
1241,GREEN_1,GREEN,GOBLIN,-1,-2,12,6,86.00,56.00,true
1241,GREEN_2,GREEN,SCORPION_RIDER,3,-2,4,0,96.00,72.00,true
1241,GREEN_3,GREEN,GOBLIN,0,-2,2,2,2.00,0.00,true
1241,BLUE_4,BLUE,GOBLIN,-3,3,12,0,66.00,96.00,false
1241,BLUE_5,BLUE,SCORPION_RIDER,-2,3,4,0,58.00,72.00,false
1241,BLUE_6,BLUE,GOBLIN,-1,3,2,0,4.00,16.00,false
1242,GREEN_1,GREEN,GOBLIN,-1,-2,12,7,60.00,52.00,false
1242,GREEN_2,GREEN,SCORPION_RIDER,3,-2,4,0,64.00,72.00,false
1242,GREEN_3,GREEN,GOBLIN,0,-2,2,0,4.00,16.00,false
1242,BLUE_4,BLUE,GOBLIN,-3,3,12,5,80.00,68.00,false
1242,BLUE_5,BLUE,SCORPION_RIDER,-2,3,4,2,60.00,60.00,false
1242,BLUE_6,BLUE,GOBLIN,-1,3,2,2,0.00,0.00,false
1243,GREEN_1,GREEN,MAGE,-1,-2,8,3,72.00,58.00,true
1243,GREEN_2,GREEN,MAGE,1,-2,2,1,16.00,14.00,true
1243,GREEN_3,GREEN,GOBLIN,0,-2,1,1,0.00,0.00,true
1243,BLUE_4,BLUE,MAGE,-3,3,8,0,67.00,64.00,false
1243,BLUE_5,BLUE,MAGE,-2,3,2,0,5.00,16.00,false
1243,BLUE_6,BLUE,GOBLIN,-1,3,1,0,0.00,8.00,false
1244,GREEN_1,GREEN,MAGE,-1,-2,8,4,69.00,51.00,false
1244,GREEN_2,GREEN,MAGE,1,-2,2,0,8.00,16.00,false
1244,GREEN_3,GREEN,GOBLIN,0,-2,1,0,0.00,8.00,false
1244,BLUE_4,BLUE,MAGE,-3,3,8,1,57.00,60.00,false
1244,BLUE_5,BLUE,MAGE,-2,3,2,1,14.00,15.00,false
1244,BLUE_6,BLUE,GOBLIN,-1,3,1,1,4.00,2.00,false
1245,GREEN_1,GREEN,GARGOYLE,1,-3,5,5,0.00,0.00,false
1245,GREEN_2,GREEN,GARGOYLE,0,-3,4,4,0.00,0.00,false
1245,GREEN_3,GREEN,ASSASSIN,3,-3,1,1,12.00,6.00,false
1245,GREEN_4,GREEN,SPIDER,2,-3,1,1,0.00,0.00,false
1245,BLUE_5,BLUE,GARGOYLE,-3,3,5,5,0.00,0.00,false
1245,BLUE_6,BLUE,GARGOYLE,-2,3,4,4,0.00,0.00,false
1245,BLUE_7,BLUE,ASSASSIN,-1,3,1,0,6.00,8.00,false
1245,BLUE_8,BLUE,SPIDER,0,3,1,0,0.00,4.00,false
1246,GREEN_1,GREEN,GARGOYLE,1,-3,5,0,74.00,80.00,false
1246,GREEN_2,GREEN,GARGOYLE,0,-3,4,0,31.00,64.00,false
1246,GREEN_3,GREEN,ASSASSIN,3,-3,1,0,0.00,8.00,false
1246,GREEN_4,GREEN,SPIDER,2,-3,1,0,0.00,4.00,false
1246,BLUE_5,BLUE,GARGOYLE,-3,3,5,4,88.00,52.00,true
1246,BLUE_6,BLUE,GARGOYLE,-2,3,4,2,59.00,47.00,true
1246,BLUE_7,BLUE,ASSASSIN,-1,3,1,1,8.00,3.00,true
1246,BLUE_8,BLUE,SPIDER,0,3,1,1,1.00,3.00,true
1247,GREEN_1,GREEN,SPIDER,0,-3,13,8,52.00,26.00,true
1247,GREEN_2,GREEN,ARCHER,3,-3,6,5,48.00,20.00,true
1247,BLUE_3,BLUE,SPIDER,-3,3,13,0,12.00,52.00,false
1247,BLUE_4,BLUE,ARCHER,-2,3,6,0,34.00,48.00,false
1248,GREEN_1,GREEN,SPIDER,0,-3,13,0,2.00,52.00,false
1248,GREEN_2,GREEN,ARCHER,3,-3,6,0,24.00,48.00,false
1248,BLUE_3,BLUE,SPIDER,-3,3,13,9,46.00,24.00,true
1248,BLUE_4,BLUE,ARCHER,-2,3,6,6,54.00,2.00,true
1249,GREEN_1,GREEN,MAGE,-1,-2,7,5,33.00,28.00,true
1249,GREEN_2,GREEN,GARGOYLE,2,-2,3,3,74.00,33.00,true
1249,GREEN_3,GREEN,SPIDER,1,-3,1,0,1.00,4.00,true
1249,BLUE_4,BLUE,MAGE,-3,3,7,0,34.00,56.00,false
1249,BLUE_5,BLUE,GARGOYLE,-2,3,3,0,31.00,48.00,false
1249,BLUE_6,BLUE,SPIDER,-1,3,1,0,0.00,4.00,false
1250,GREEN_1,GREEN,MAGE,-1,-2,7,0,44.00,56.00,false
1250,GREEN_2,GREEN,GARGOYLE,2,-2,3,0,19.00,48.00,false
1250,GREEN_3,GREEN,SPIDER,1,-3,1,0,0.00,4.00,false
1250,BLUE_4,BLUE,MAGE,-3,3,7,3,72.00,44.00,true
1250,BLUE_5,BLUE,GARGOYLE,-2,3,3,3,34.00,15.00,true
1250,BLUE_6,BLUE,SPIDER,-1,3,1,0,2.00,4.00,true
1251,GREEN_1,GREEN,ARCHER,3,-2,8,8,64.00,16.00,true
1251,GREEN_2,GREEN,SCORPION_RIDER,2,-3,3,2,58.00,28.00,true
1251,GREEN_3,GREEN,SPIDER,3,-3,1,1,0.00,0.00,true
1251,BLUE_4,BLUE,ARCHER,-3,3,8,0,28.00,64.00,false
1251,BLUE_5,BLUE,SCORPION_RIDER,-2,3,3,0,16.00,54.00,false
1251,BLUE_6,BLUE,SPIDER,-1,3,1,0,0.00,4.00,false
1252,GREEN_1,GREEN,ARCHER,3,-2,8,0,26.00,64.00,false
1252,GREEN_2,GREEN,SCORPION_RIDER,2,-3,3,0,28.00,54.00,false
1252,GREEN_3,GREEN,SPIDER,3,-3,1,0,0.00,4.00,false
1252,BLUE_4,BLUE,ARCHER,-3,3,8,8,50.00,8.00,true
1252,BLUE_5,BLUE,SCORPION_RIDER,-2,3,3,1,72.00,46.00,true
1252,BLUE_6,BLUE,SPIDER,-1,3,1,1,0.00,0.00,true
1253,GREEN_1,GREEN,GARGOYLE,1,-3,5,5,0.00,0.00,false
1253,GREEN_2,GREEN,SPIDER,3,-2,10,10,0.00,0.00,false
1253,GREEN_3,GREEN,SPIDER,0,-3,3,3,0.00,0.00,false
1253,BLUE_4,BLUE,GARGOYLE,-3,3,5,5,0.00,0.00,false
1253,BLUE_5,BLUE,SPIDER,-2,3,10,10,0.00,0.00,false
1253,BLUE_6,BLUE,SPIDER,-1,3,3,3,0.00,0.00,false
1254,GREEN_1,GREEN,GARGOYLE,1,-3,5,0,74.00,80.00,false
1254,GREEN_2,GREEN,SPIDER,3,-2,10,10,20.00,12.00,false
1254,GREEN_3,GREEN,SPIDER,0,-3,3,0,0.00,12.00,false
1254,BLUE_4,BLUE,GARGOYLE,-3,3,5,3,64.00,56.00,false
1254,BLUE_5,BLUE,SPIDER,-2,3,10,3,40.00,38.00,false
1254,BLUE_6,BLUE,SPIDER,-1,3,3,3,0.00,0.00,false
1255,GREEN_1,GREEN,GOLEM,2,-3,4,1,132.00,103.00,true
1255,GREEN_2,GREEN,GOBLIN,0,-3,10,6,60.00,60.00,true
1255,GREEN_3,GREEN,GOBLIN,1,-3,1,1,0.00,0.00,true
1255,BLUE_4,BLUE,GOLEM,-3,3,4,0,87.00,104.00,false
1255,BLUE_5,BLUE,GOBLIN,-2,3,10,0,75.00,80.00,false
1255,BLUE_6,BLUE,GOBLIN,-1,3,1,0,1.00,8.00,false
1256,GREEN_1,GREEN,GOLEM,2,-3,4,0,86.00,104.00,false
1256,GREEN_2,GREEN,GOBLIN,0,-3,10,0,69.00,80.00,false
1256,GREEN_3,GREEN,GOBLIN,1,-3,1,0,4.00,8.00,false
1256,BLUE_4,BLUE,GOLEM,-3,3,4,3,79.00,79.00,true
1256,BLUE_5,BLUE,GOBLIN,-2,3,10,1,105.00,76.00,true
1256,BLUE_6,BLUE,GOBLIN,-1,3,1,1,8.00,4.00,true
1257,GREEN_1,GREEN,GOLEM,2,-3,4,4,0.00,0.00,false
1257,GREEN_2,GREEN,GARGOYLE,2,-2,4,4,0.00,0.00,false
1257,GREEN_3,GREEN,GOBLIN,3,-3,2,2,0.00,0.00,false
1257,BLUE_4,BLUE,GOLEM,-3,3,4,4,0.00,0.00,false
1257,BLUE_5,BLUE,GARGOYLE,-2,3,4,4,0.00,0.00,false
1257,BLUE_6,BLUE,GOBLIN,-1,3,2,2,0.00,0.00,false
1258,GREEN_1,GREEN,GOLEM,2,-3,4,4,0.00,0.00,false
1258,GREEN_2,GREEN,GARGOYLE,2,-2,4,4,0.00,0.00,false
1258,GREEN_3,GREEN,GOBLIN,3,-3,2,2,0.00,0.00,false
1258,BLUE_4,BLUE,GOLEM,-3,3,4,4,0.00,0.00,false
1258,BLUE_5,BLUE,GARGOYLE,-2,3,4,4,0.00,0.00,false
1258,BLUE_6,BLUE,GOBLIN,-1,3,2,2,0.00,0.00,false
1259,GREEN_1,GREEN,MAGE,0,-3,7,4,77.00,39.00,true
1259,GREEN_2,GREEN,SPIDER,3,-2,7,7,7.00,2.00,true
1259,GREEN_3,GREEN,GOBLIN,-1,-2,1,0,8.00,8.00,true
1259,BLUE_4,BLUE,MAGE,-3,3,7,0,48.00,56.00,false
1259,BLUE_5,BLUE,SPIDER,-2,3,7,0,1.00,28.00,false
1259,BLUE_6,BLUE,GOBLIN,-1,3,1,0,0.00,8.00,false
1260,GREEN_1,GREEN,MAGE,0,-3,7,7,0.00,0.00,false
1260,GREEN_2,GREEN,SPIDER,3,-2,7,6,8.00,4.00,false
1260,GREEN_3,GREEN,GOBLIN,-1,-2,1,1,0.00,0.00,false
1260,BLUE_4,BLUE,MAGE,-3,3,7,7,0.00,0.00,false
1260,BLUE_5,BLUE,SPIDER,-2,3,7,7,0.00,0.00,false
1260,BLUE_6,BLUE,GOBLIN,-1,3,1,0,4.00,8.00,false
1261,GREEN_1,GREEN,GARGOYLE,1,-3,5,5,60.00,24.00,true
1261,GREEN_2,GREEN,MAGE,1,-2,4,3,46.00,14.00,true
1261,GREEN_3,GREEN,ASSASSIN,-1,-2,1,1,17.00,6.00,true
1261,GREEN_4,GREEN,SPIDER,2,-2,1,1,1.00,3.00,true
1261,BLUE_5,BLUE,GARGOYLE,-3,3,5,0,27.00,80.00,false
1261,BLUE_6,BLUE,MAGE,-2,3,4,0,20.00,32.00,false
1261,BLUE_7,BLUE,ASSASSIN,-1,3,1,0,0.00,8.00,false
1261,BLUE_8,BLUE,SPIDER,0,3,1,0,0.00,4.00,false
1262,GREEN_1,GREEN,GARGOYLE,1,-3,5,0,21.00,80.00,false
1262,GREEN_2,GREEN,MAGE,1,-2,4,0,10.00,32.00,false
1262,GREEN_3,GREEN,ASSASSIN,-1,-2,1,0,0.00,8.00,false
1262,GREEN_4,GREEN,SPIDER,2,-2,1,0,0.00,4.00,false
1262,BLUE_5,BLUE,GARGOYLE,-3,3,5,5,65.00,21.00,true
1262,BLUE_6,BLUE,MAGE,-2,3,4,4,47.00,6.00,true
1262,BLUE_7,BLUE,ASSASSIN,-1,3,1,1,12.00,4.00,true
1262,BLUE_8,BLUE,SPIDER,0,3,1,1,0.00,0.00,true
1263,GREEN_1,GREEN,SCORPION_RIDER,0,-2,6,2,126.00,88.00,true
1263,GREEN_2,GREEN,ARCHER,2,-2,1,1,0.00,0.00,true
1263,GREEN_3,GREEN,SCORPION_RIDER,-1,-2,2,0,34.00,36.00,true
1263,GREEN_4,GREEN,GOBLIN,3,-3,1,1,0.00,0.00,true
1263,BLUE_5,BLUE,SCORPION_RIDER,-3,3,6,0,108.00,108.00,false
1263,BLUE_6,BLUE,ARCHER,-2,3,1,0,0.00,8.00,false
1263,BLUE_7,BLUE,SCORPION_RIDER,-1,3,2,0,16.00,36.00,false
1263,BLUE_8,BLUE,GOBLIN,0,3,1,0,0.00,8.00,false
1264,GREEN_1,GREEN,SCORPION_RIDER,0,-2,6,0,98.00,108.00,false
1264,GREEN_2,GREEN,ARCHER,2,-2,1,0,0.00,8.00,false
1264,GREEN_3,GREEN,SCORPION_RIDER,-1,-2,2,0,16.00,36.00,false
1264,GREEN_4,GREEN,GOBLIN,3,-3,1,0,0.00,8.00,false
1264,BLUE_5,BLUE,SCORPION_RIDER,-3,3,6,1,118.00,98.00,true
1264,BLUE_6,BLUE,ARCHER,-2,3,1,1,24.00,0.00,true
1264,BLUE_7,BLUE,SCORPION_RIDER,-1,3,2,2,18.00,16.00,true
1264,BLUE_8,BLUE,GOBLIN,0,3,1,1,0.00,0.00,true
1265,GREEN_1,GREEN,SCORPION_RIDER,0,-2,6,3,136.00,93.00,true
1265,GREEN_2,GREEN,GOLEM,2,-2,2,2,14.00,26.00,true
1265,GREEN_3,GREEN,ARCHER,-1,-2,1,1,18.00,0.00,true
1265,BLUE_4,BLUE,SCORPION_RIDER,-3,3,6,0,98.00,108.00,false
1265,BLUE_5,BLUE,GOLEM,-2,3,2,0,21.00,52.00,false
1265,BLUE_6,BLUE,ARCHER,-1,3,1,0,0.00,8.00,false
1266,GREEN_1,GREEN,SCORPION_RIDER,0,-2,6,0,121.00,108.00,false
1266,GREEN_2,GREEN,GOLEM,2,-2,2,0,22.00,52.00,false
1266,GREEN_3,GREEN,ARCHER,-1,-2,1,0,0.00,8.00,false
1266,BLUE_4,BLUE,SCORPION_RIDER,-3,3,6,1,133.00,98.00,true
1266,BLUE_5,BLUE,GOLEM,-2,3,2,1,35.00,45.00,true
1266,BLUE_6,BLUE,ARCHER,-1,3,1,1,0.00,0.00,true
1267,GREEN_1,GREEN,SCORPION_RIDER,-1,-2,5,3,94.00,54.00,true
1267,GREEN_2,GREEN,ARCHER,0,-2,4,4,44.00,3.00,true
1267,GREEN_3,GREEN,MAGE,2,-3,1,1,0.00,0.00,true
1267,GREEN_4,GREEN,GOBLIN,3,-3,1,1,0.00,0.00,true
1267,BLUE_5,BLUE,SCORPION_RIDER,-3,3,5,0,48.00,90.00,false
1267,BLUE_6,BLUE,ARCHER,-2,3,4,0,6.00,32.00,false
1267,BLUE_7,BLUE,MAGE,-1,3,1,0,3.00,8.00,false
1267,BLUE_8,BLUE,GOBLIN,0,3,1,0,0.00,8.00,false
1268,GREEN_1,GREEN,SCORPION_RIDER,-1,-2,5,0,48.00,90.00,false
1268,GREEN_2,GREEN,ARCHER,0,-2,4,0,4.00,32.00,false
1268,GREEN_3,GREEN,MAGE,2,-3,1,0,0.00,8.00,false
1268,GREEN_4,GREEN,GOBLIN,3,-3,1,0,0.00,8.00,false
1268,BLUE_5,BLUE,SCORPION_RIDER,-3,3,5,4,102.00,52.00,true
1268,BLUE_6,BLUE,ARCHER,-2,3,4,4,28.00,0.00,true
1268,BLUE_7,BLUE,MAGE,-1,3,1,1,8.00,0.00,true
1268,BLUE_8,BLUE,GOBLIN,0,3,1,1,0.00,0.00,true
1269,GREEN_1,GREEN,ARCHER,1,-3,8,3,58.00,52.00,true
1269,GREEN_2,GREEN,ASSASSIN,3,-3,3,1,28.00,20.00,true
1269,GREEN_3,GREEN,SPIDER,-1,-2,2,0,10.00,8.00,true
1269,BLUE_4,BLUE,ARCHER,-3,3,8,0,60.00,64.00,false
1269,BLUE_5,BLUE,ASSASSIN,-2,3,3,0,16.00,24.00,false
1269,BLUE_6,BLUE,SPIDER,-1,3,2,0,4.00,8.00,false
1270,GREEN_1,GREEN,ARCHER,1,-3,8,0,46.00,64.00,false
1270,GREEN_2,GREEN,ASSASSIN,3,-3,3,0,20.00,24.00,false
1270,GREEN_3,GREEN,SPIDER,-1,-2,2,0,0.00,8.00,false
1270,BLUE_4,BLUE,ARCHER,-3,3,8,5,66.00,42.00,true
1270,BLUE_5,BLUE,ASSASSIN,-2,3,3,0,30.00,24.00,true
1270,BLUE_6,BLUE,SPIDER,-1,3,2,2,0.00,0.00,true
1271,GREEN_1,GREEN,SCORPION_RIDER,0,-3,5,5,82.00,42.00,true
1271,GREEN_2,GREEN,GOLEM,0,-2,3,3,0.00,0.00,true
1271,GREEN_3,GREEN,SPIDER,3,-3,1,1,90.00,0.00,true
1271,BLUE_4,BLUE,SCORPION_RIDER,-3,3,5,0,0.00,90.00,false
1271,BLUE_5,BLUE,GOLEM,-2,3,3,0,42.00,78.00,false
1271,BLUE_6,BLUE,SPIDER,-1,3,1,0,0.00,4.00,false
1272,GREEN_1,GREEN,SCORPION_RIDER,0,-3,5,0,80.00,90.00,false
1272,GREEN_2,GREEN,GOLEM,0,-2,3,0,39.00,78.00,false
1272,GREEN_3,GREEN,SPIDER,3,-3,1,0,0.00,4.00,false
1272,BLUE_4,BLUE,SCORPION_RIDER,-3,3,5,3,110.00,75.00,true
1272,BLUE_5,BLUE,GOLEM,-2,3,3,3,52.00,44.00,true
1272,BLUE_6,BLUE,SPIDER,-1,3,1,1,10.00,0.00,true
1273,GREEN_1,GREEN,ARCHER,3,-2,7,7,0.00,0.00,false
1273,GREEN_2,GREEN,ARCHER,3,-3,4,4,0.00,0.00,false
1273,GREEN_3,GREEN,GARGOYLE,1,-2,1,1,0.00,0.00,false
1273,BLUE_4,BLUE,ARCHER,-3,3,7,7,0.00,0.00,false
1273,BLUE_5,BLUE,ARCHER,-2,3,4,4,0.00,0.00,false
1273,BLUE_6,BLUE,GARGOYLE,-1,3,1,1,0.00,0.00,false
1274,GREEN_1,GREEN,ARCHER,3,-2,7,0,62.00,56.00,false
1274,GREEN_2,GREEN,ARCHER,3,-3,4,0,16.00,32.00,false
1274,GREEN_3,GREEN,GARGOYLE,1,-2,1,0,0.00,16.00,false
1274,BLUE_4,BLUE,ARCHER,-3,3,7,2,76.00,50.00,true
1274,BLUE_5,BLUE,ARCHER,-2,3,4,2,28.00,28.00,true
1274,BLUE_6,BLUE,GARGOYLE,-1,3,1,1,0.00,0.00,true
1275,GREEN_1,GREEN,ARCHER,0,-3,7,7,0.00,0.00,false
1275,GREEN_2,GREEN,SPIDER,2,-3,10,10,0.00,0.00,false
1275,GREEN_3,GREEN,SPIDER,2,-2,1,1,0.00,0.00,false
1275,BLUE_4,BLUE,ARCHER,-3,3,7,7,0.00,0.00,false
1275,BLUE_5,BLUE,SPIDER,-2,3,10,10,0.00,0.00,false
1275,BLUE_6,BLUE,SPIDER,-1,3,1,1,0.00,0.00,false
1276,GREEN_1,GREEN,ARCHER,0,-3,7,7,0.00,0.00,false
1276,GREEN_2,GREEN,SPIDER,2,-3,10,10,0.00,0.00,false
1276,GREEN_3,GREEN,SPIDER,2,-2,1,1,0.00,0.00,false
1276,BLUE_4,BLUE,ARCHER,-3,3,7,7,0.00,0.00,false
1276,BLUE_5,BLUE,SPIDER,-2,3,10,10,0.00,0.00,false
1276,BLUE_6,BLUE,SPIDER,-1,3,1,1,0.00,0.00,false
1277,GREEN_1,GREEN,SPIDER,0,-3,13,10,64.00,27.00,true
1277,GREEN_2,GREEN,MAGE,2,-3,5,5,28.00,0.00,true
1277,BLUE_3,BLUE,SPIDER,-3,3,13,0,18.00,52.00,false
1277,BLUE_4,BLUE,MAGE,-2,3,5,0,9.00,40.00,false
1278,GREEN_1,GREEN,SPIDER,0,-3,13,13,0.00,0.00,false
1278,GREEN_2,GREEN,MAGE,2,-3,5,5,0.00,0.00,false
1278,BLUE_3,BLUE,SPIDER,-3,3,13,13,0.00,0.00,false
1278,BLUE_4,BLUE,MAGE,-2,3,5,5,0.00,0.00,false
1279,GREEN_1,GREEN,GOBLIN,1,-3,11,5,100.00,74.00,true
1279,GREEN_2,GREEN,GOLEM,2,-3,4,2,92.00,84.00,true
1279,BLUE_3,BLUE,GOBLIN,-3,3,11,0,73.00,88.00,false
1279,BLUE_4,BLUE,GOLEM,-2,3,4,0,85.00,104.00,false
1280,GREEN_1,GREEN,GOBLIN,1,-3,11,0,81.00,88.00,false
1280,GREEN_2,GREEN,GOLEM,2,-3,4,4,19.00,19.00,false
1280,BLUE_3,BLUE,GOBLIN,-3,3,11,5,64.00,60.00,false
1280,BLUE_4,BLUE,GOLEM,-2,3,4,4,43.00,40.00,false
1281,GREEN_1,GREEN,GOBLIN,1,-3,7,7,0.00,0.00,false
1281,GREEN_2,GREEN,ARCHER,3,-2,7,2,114.00,52.00,false
1281,GREEN_3,GREEN,ARCHER,-1,-2,2,2,0.00,0.00,false
1281,BLUE_4,BLUE,GOBLIN,-3,3,7,0,0.00,56.00,false
1281,BLUE_5,BLUE,ARCHER,-2,3,7,4,48.00,42.00,false
1281,BLUE_6,BLUE,ARCHER,-1,3,2,0,4.00,16.00,false
1282,GREEN_1,GREEN,GOBLIN,1,-3,7,0,36.00,56.00,false
1282,GREEN_2,GREEN,ARCHER,3,-2,7,0,16.00,56.00,false
1282,GREEN_3,GREEN,ARCHER,-1,-2,2,0,8.00,16.00,false
1282,BLUE_4,BLUE,GOBLIN,-3,3,7,1,100.00,52.00,true
1282,BLUE_5,BLUE,ARCHER,-2,3,7,7,20.00,8.00,true
1282,BLUE_6,BLUE,ARCHER,-1,3,2,2,8.00,0.00,true
1283,GREEN_1,GREEN,GOLEM,2,-2,4,4,0.00,0.00,false
1283,GREEN_2,GREEN,GOBLIN,1,-3,10,10,0.00,0.00,false
1283,GREEN_3,GREEN,SPIDER,2,-3,1,1,0.00,0.00,false
1283,BLUE_4,BLUE,GOLEM,-3,3,4,4,0.00,0.00,false
1283,BLUE_5,BLUE,GOBLIN,-2,3,10,10,0.00,0.00,false
1283,BLUE_6,BLUE,SPIDER,-1,3,1,1,0.00,0.00,false
1284,GREEN_1,GREEN,GOLEM,2,-2,4,4,64.00,82.00,false
1284,GREEN_2,GREEN,GOBLIN,1,-3,10,10,0.00,0.00,false
1284,GREEN_3,GREEN,SPIDER,2,-3,1,1,0.00,0.00,false
1284,BLUE_4,BLUE,GOLEM,-3,3,4,4,0.00,0.00,false
1284,BLUE_5,BLUE,GOBLIN,-2,3,10,2,82.00,64.00,false
1284,BLUE_6,BLUE,SPIDER,-1,3,1,1,0.00,0.00,false
1285,GREEN_1,GREEN,GOBLIN,0,-3,12,12,0.00,0.00,false
1285,GREEN_2,GREEN,SPIDER,3,-3,11,11,0.00,0.00,false
1285,GREEN_3,GREEN,SPIDER,2,-3,2,2,0.00,0.00,false
1285,BLUE_4,BLUE,GOBLIN,-3,3,12,12,0.00,0.00,false
1285,BLUE_5,BLUE,SPIDER,-2,3,11,11,0.00,0.00,false
1285,BLUE_6,BLUE,SPIDER,-1,3,2,2,0.00,0.00,false
1286,GREEN_1,GREEN,GOBLIN,0,-3,12,12,0.00,0.00,false
1286,GREEN_2,GREEN,SPIDER,3,-3,11,11,0.00,0.00,false
1286,GREEN_3,GREEN,SPIDER,2,-3,2,2,0.00,0.00,false
1286,BLUE_4,BLUE,GOBLIN,-3,3,12,12,0.00,0.00,false
1286,BLUE_5,BLUE,SPIDER,-2,3,11,11,0.00,0.00,false
1286,BLUE_6,BLUE,SPIDER,-1,3,2,2,0.00,0.00,false
1287,GREEN_1,GREEN,MAGE,0,-3,8,8,0.00,0.00,true
1287,GREEN_2,GREEN,ASSASSIN,1,-3,2,1,76.00,61.00,true
1287,GREEN_3,GREEN,SPIDER,1,-2,1,1,8.00,4.00,true
1287,BLUE_4,BLUE,MAGE,-3,3,8,0,53.00,64.00,false
1287,BLUE_5,BLUE,ASSASSIN,-2,3,2,0,12.00,16.00,false
1287,BLUE_6,BLUE,SPIDER,-1,3,1,0,0.00,4.00,false
1288,GREEN_1,GREEN,MAGE,0,-3,8,8,0.00,0.00,false
1288,GREEN_2,GREEN,ASSASSIN,1,-3,2,0,14.00,16.00,false
1288,GREEN_3,GREEN,SPIDER,1,-2,1,0,0.00,4.00,false
1288,BLUE_4,BLUE,MAGE,-3,3,8,8,0.00,0.00,false
1288,BLUE_5,BLUE,ASSASSIN,-2,3,2,1,20.00,14.00,false
1288,BLUE_6,BLUE,SPIDER,-1,3,1,1,0.00,0.00,false
1289,GREEN_1,GREEN,MAGE,1,-2,7,6,52.00,35.00,true
1289,GREEN_2,GREEN,SPIDER,-1,-2,7,6,35.00,16.00,true
1289,GREEN_3,GREEN,SPIDER,3,-2,1,1,1.00,0.00,true
1289,BLUE_4,BLUE,MAGE,-3,3,7,0,31.00,56.00,false
1289,BLUE_5,BLUE,SPIDER,-2,3,7,0,20.00,28.00,false
1289,BLUE_6,BLUE,SPIDER,-1,3,1,0,0.00,4.00,false
1290,GREEN_1,GREEN,MAGE,1,-2,7,0,31.00,56.00,false
1290,GREEN_2,GREEN,SPIDER,-1,-2,7,0,8.00,28.00,false
1290,GREEN_3,GREEN,SPIDER,3,-2,1,0,2.00,4.00,false
1290,BLUE_4,BLUE,MAGE,-3,3,7,5,58.00,29.00,true
1290,BLUE_5,BLUE,SPIDER,-2,3,7,6,26.00,10.00,true
1290,BLUE_6,BLUE,SPIDER,-1,3,1,1,4.00,2.00,true
1291,GREEN_1,GREEN,SPIDER,2,-2,13,13,0.00,0.00,false
1291,GREEN_2,GREEN,ARCHER,0,-3,5,5,0.00,0.00,false
1291,GREEN_3,GREEN,ARCHER,2,-3,1,1,0.00,0.00,false
1291,BLUE_4,BLUE,SPIDER,-3,3,13,13,0.00,0.00,false
1291,BLUE_5,BLUE,ARCHER,-2,3,5,5,0.00,0.00,false
1291,BLUE_6,BLUE,ARCHER,-1,3,1,1,0.00,0.00,false
1292,GREEN_1,GREEN,SPIDER,2,-2,13,0,0.00,52.00,false
1292,GREEN_2,GREEN,ARCHER,0,-3,5,4,20.00,16.00,false
1292,GREEN_3,GREEN,ARCHER,2,-3,1,0,4.00,8.00,false
1292,BLUE_4,BLUE,SPIDER,-3,3,13,13,0.00,0.00,false
1292,BLUE_5,BLUE,ARCHER,-2,3,5,3,64.00,24.00,false
1292,BLUE_6,BLUE,ARCHER,-1,3,1,1,12.00,0.00,false
1293,GREEN_1,GREEN,GOBLIN,3,-2,11,1,128.00,86.00,false
1293,GREEN_2,GREEN,ARCHER,0,-3,7,7,0.00,0.00,false
1293,BLUE_3,BLUE,GOBLIN,-3,3,11,3,74.00,72.00,false
1293,BLUE_4,BLUE,ARCHER,-2,3,7,0,12.00,56.00,false
1294,GREEN_1,GREEN,GOBLIN,3,-2,11,0,0.00,88.00,false
1294,GREEN_2,GREEN,ARCHER,0,-3,7,0,44.00,56.00,false
1294,BLUE_3,BLUE,GOBLIN,-3,3,11,11,0.00,0.00,true
1294,BLUE_4,BLUE,ARCHER,-2,3,7,3,144.00,44.00,true
1295,GREEN_1,GREEN,GARGOYLE,3,-3,6,6,0.00,0.00,false
1295,GREEN_2,GREEN,GOLEM,0,-3,3,3,0.00,0.00,false
1295,GREEN_3,GREEN,SPIDER,0,-2,1,1,0.00,0.00,false
1295,BLUE_4,BLUE,GARGOYLE,-3,3,6,6,0.00,0.00,false
1295,BLUE_5,BLUE,GOLEM,-2,3,3,3,0.00,0.00,false
1295,BLUE_6,BLUE,SPIDER,-1,3,1,1,0.00,0.00,false
1296,GREEN_1,GREEN,GARGOYLE,3,-3,6,6,0.00,0.00,false
1296,GREEN_2,GREEN,GOLEM,0,-3,3,3,0.00,0.00,false
1296,GREEN_3,GREEN,SPIDER,0,-2,1,1,0.00,0.00,false
1296,BLUE_4,BLUE,GARGOYLE,-3,3,6,6,0.00,0.00,false
1296,BLUE_5,BLUE,GOLEM,-2,3,3,3,0.00,0.00,false
1296,BLUE_6,BLUE,SPIDER,-1,3,1,1,0.00,0.00,false
1297,GREEN_1,GREEN,GOLEM,2,-3,4,4,138.00,59.00,true
1297,GREEN_2,GREEN,GARGOYLE,-1,-2,4,4,24.00,0.00,true
1297,GREEN_3,GREEN,SPIDER,0,-3,2,2,14.00,0.00,true
1297,BLUE_4,BLUE,GOLEM,-3,3,4,0,50.00,104.00,false
1297,BLUE_5,BLUE,GARGOYLE,-2,3,4,0,9.00,64.00,false
1297,BLUE_6,BLUE,SPIDER,-1,3,2,0,0.00,8.00,false
1298,GREEN_1,GREEN,GOLEM,2,-3,4,0,58.00,104.00,false
1298,GREEN_2,GREEN,GARGOYLE,-1,-2,4,0,14.00,64.00,false
1298,GREEN_3,GREEN,SPIDER,0,-3,2,0,0.00,8.00,false
1298,BLUE_4,BLUE,GOLEM,-3,3,4,4,134.00,61.00,true
1298,BLUE_5,BLUE,GARGOYLE,-2,3,4,4,38.00,3.00,true
1298,BLUE_6,BLUE,SPIDER,-1,3,2,0,4.00,8.00,true
1299,GREEN_1,GREEN,SCORPION_RIDER,0,-3,5,2,139.00,91.00,true
1299,GREEN_2,GREEN,GOLEM,1,-3,3,1,31.00,57.00,true
1299,GREEN_3,GREEN,GOBLIN,2,-2,1,1,6.00,7.00,true
1299,BLUE_4,BLUE,SCORPION_RIDER,-3,3,5,0,106.00,90.00,false
1299,BLUE_5,BLUE,GOLEM,-2,3,3,0,49.00,78.00,false
1299,BLUE_6,BLUE,GOBLIN,-1,3,1,0,0.00,8.00,false
1300,GREEN_1,GREEN,SCORPION_RIDER,0,-3,5,5,32.00,24.00,false
1300,GREEN_2,GREEN,GOLEM,1,-3,3,0,42.00,78.00,false
1300,GREEN_3,GREEN,GOBLIN,2,-2,1,0,0.00,8.00,false
1300,BLUE_4,BLUE,SCORPION_RIDER,-3,3,5,3,110.00,74.00,false
1300,BLUE_5,BLUE,GOLEM,-2,3,3,3,0.00,0.00,false
1300,BLUE_6,BLUE,GOBLIN,-1,3,1,1,0.00,0.00,false
1301,GREEN_1,GREEN,SPIDER,2,-2,13,12,70.00,16.00,true
1301,GREEN_2,GREEN,SCORPION_RIDER,1,-2,4,4,62.00,48.00,true
1301,GREEN_3,GREEN,GOBLIN,1,-3,1,1,0.00,0.00,true
1301,BLUE_4,BLUE,SPIDER,-3,3,13,0,40.00,52.00,false
1301,BLUE_5,BLUE,SCORPION_RIDER,-2,3,4,0,24.00,72.00,false
1301,BLUE_6,BLUE,GOBLIN,-1,3,1,0,0.00,8.00,false
1302,GREEN_1,GREEN,SPIDER,2,-2,13,0,64.00,52.00,false
1302,GREEN_2,GREEN,SCORPION_RIDER,1,-2,4,0,60.00,72.00,false
1302,GREEN_3,GREEN,GOBLIN,1,-3,1,0,0.00,8.00,false
1302,BLUE_4,BLUE,SPIDER,-3,3,13,2,42.00,48.00,true
1302,BLUE_5,BLUE,SCORPION_RIDER,-2,3,4,0,84.00,72.00,true
1302,BLUE_6,BLUE,GOBLIN,-1,3,1,1,6.00,4.00,true
1303,GREEN_1,GREEN,MAGE,1,-3,7,5,72.00,49.00,true
1303,GREEN_2,GREEN,MAGE,0,-2,3,3,0.00,0.00,true
1303,GREEN_3,GREEN,GOBLIN,3,-3,1,1,16.00,14.00,true
1303,BLUE_4,BLUE,MAGE,-3,3,7,0,44.00,56.00,false
1303,BLUE_5,BLUE,MAGE,-2,3,3,0,15.00,24.00,false
1303,BLUE_6,BLUE,GOBLIN,-1,3,1,0,4.00,8.00,false
1304,GREEN_1,GREEN,MAGE,1,-3,7,0,52.00,56.00,false
1304,GREEN_2,GREEN,MAGE,0,-2,3,0,20.00,24.00,false
1304,GREEN_3,GREEN,GOBLIN,3,-3,1,0,0.00,8.00,false
1304,BLUE_4,BLUE,MAGE,-3,3,7,2,55.00,46.00,true
1304,BLUE_5,BLUE,MAGE,-2,3,3,1,27.00,22.00,true
1304,BLUE_6,BLUE,GOBLIN,-1,3,1,1,6.00,4.00,true
1305,GREEN_1,GREEN,GOLEM,1,-2,4,4,40.00,8.00,true
1305,GREEN_2,GREEN,SPIDER,2,-2,10,10,104.00,0.00,true
1305,GREEN_3,GREEN,SPIDER,0,-2,1,1,4.00,2.00,true
1305,BLUE_4,BLUE,GOLEM,-3,3,4,0,0.00,104.00,false
1305,BLUE_5,BLUE,SPIDER,-2,3,10,0,8.00,40.00,false
1305,BLUE_6,BLUE,SPIDER,-1,3,1,0,2.00,4.00,false
1306,GREEN_1,GREEN,GOLEM,1,-2,4,0,49.00,104.00,false
1306,GREEN_2,GREEN,SPIDER,2,-2,10,0,20.00,40.00,false
1306,GREEN_3,GREEN,SPIDER,0,-2,1,0,2.00,4.00,false
1306,BLUE_4,BLUE,GOLEM,-3,3,4,3,84.00,51.00,true
1306,BLUE_5,BLUE,SPIDER,-2,3,10,7,57.00,18.00,true
1306,BLUE_6,BLUE,SPIDER,-1,3,1,1,7.00,2.00,true
1307,GREEN_1,GREEN,SPIDER,2,-3,13,13,0.00,0.00,false
1307,GREEN_2,GREEN,SCORPION_RIDER,1,-3,4,1,80.00,62.00,false
1307,GREEN_3,GREEN,GOBLIN,0,-3,1,1,0.00,0.00,false
1307,BLUE_4,BLUE,SPIDER,-3,3,13,13,0.00,0.00,false
1307,BLUE_5,BLUE,SCORPION_RIDER,-2,3,4,0,62.00,72.00,false
1307,BLUE_6,BLUE,GOBLIN,-1,3,1,0,0.00,8.00,false
1308,GREEN_1,GREEN,SPIDER,2,-3,13,0,36.00,52.00,false
1308,GREEN_2,GREEN,SCORPION_RIDER,1,-3,4,4,0.00,0.00,false
1308,GREEN_3,GREEN,GOBLIN,0,-3,1,1,0.00,0.00,false
1308,BLUE_4,BLUE,SPIDER,-3,3,13,13,0.00,0.00,false
1308,BLUE_5,BLUE,SCORPION_RIDER,-2,3,4,4,52.00,36.00,false
1308,BLUE_6,BLUE,GOBLIN,-1,3,1,1,0.00,0.00,false
1309,GREEN_1,GREEN,SPIDER,1,-2,15,15,0.00,0.00,false
1309,GREEN_2,GREEN,MAGE,2,-3,4,4,0.00,0.00,false
1309,BLUE_3,BLUE,SPIDER,-3,3,15,15,0.00,0.00,false
1309,BLUE_4,BLUE,MAGE,-2,3,4,4,0.00,0.00,false
1310,GREEN_1,GREEN,SPIDER,1,-2,15,15,0.00,0.00,false
1310,GREEN_2,GREEN,MAGE,2,-3,4,4,0.00,0.00,false
1310,BLUE_3,BLUE,SPIDER,-3,3,15,15,0.00,0.00,false
1310,BLUE_4,BLUE,MAGE,-2,3,4,4,0.00,0.00,false
1311,GREEN_1,GREEN,GARGOYLE,-1,-2,5,4,51.00,25.00,true
1311,GREEN_2,GREEN,SCORPION_RIDER,1,-2,4,0,102.00,72.00,true
1311,GREEN_3,GREEN,ARCHER,2,-2,1,1,7.00,0.00,true
1311,BLUE_4,BLUE,GARGOYLE,-3,3,5,0,45.00,80.00,false
1311,BLUE_5,BLUE,SCORPION_RIDER,-2,3,4,0,52.00,72.00,false
1311,BLUE_6,BLUE,ARCHER,-1,3,1,0,0.00,8.00,false
1312,GREEN_1,GREEN,GARGOYLE,-1,-2,5,0,39.00,80.00,false
1312,GREEN_2,GREEN,SCORPION_RIDER,1,-2,4,0,20.00,72.00,false
1312,GREEN_3,GREEN,ARCHER,2,-2,1,0,0.00,8.00,false
1312,BLUE_4,BLUE,GARGOYLE,-3,3,5,5,55.00,3.00,true
1312,BLUE_5,BLUE,SCORPION_RIDER,-2,3,4,2,92.00,56.00,true
1312,BLUE_6,BLUE,ARCHER,-1,3,1,1,13.00,0.00,true
1313,GREEN_1,GREEN,MAGE,0,-3,7,4,51.00,38.00,true
1313,GREEN_2,GREEN,ARCHER,1,-2,4,1,37.00,29.00,true
1313,BLUE_3,BLUE,MAGE,-3,3,7,0,45.00,56.00,false
1313,BLUE_4,BLUE,ARCHER,-2,3,4,0,22.00,32.00,false
1314,GREEN_1,GREEN,MAGE,0,-3,7,0,51.00,56.00,false
1314,GREEN_2,GREEN,ARCHER,1,-2,4,0,28.00,32.00,false
1314,BLUE_3,BLUE,MAGE,-3,3,7,2,52.00,53.00,true
1314,BLUE_4,BLUE,ARCHER,-2,3,4,3,36.00,26.00,true
1315,GREEN_1,GREEN,MAGE,0,-3,7,4,65.00,33.00,true
1315,GREEN_2,GREEN,SPIDER,3,-3,7,7,23.00,9.00,true
1315,GREEN_3,GREEN,SPIDER,2,-2,1,1,0.00,0.00,true
1315,BLUE_4,BLUE,MAGE,-3,3,7,0,40.00,56.00,false
1315,BLUE_5,BLUE,SPIDER,-2,3,7,0,0.00,28.00,false
1315,BLUE_6,BLUE,SPIDER,-1,3,1,0,2.00,4.00,false
1316,GREEN_1,GREEN,MAGE,0,-3,7,7,0.00,0.00,false
1316,GREEN_2,GREEN,SPIDER,3,-3,7,7,0.00,0.00,false
1316,GREEN_3,GREEN,SPIDER,2,-2,1,1,0.00,0.00,false
1316,BLUE_4,BLUE,MAGE,-3,3,7,7,0.00,0.00,false
1316,BLUE_5,BLUE,SPIDER,-2,3,7,7,0.00,0.00,false
1316,BLUE_6,BLUE,SPIDER,-1,3,1,1,0.00,0.00,false
1317,GREEN_1,GREEN,ASSASSIN,0,-2,8,4,52.00,50.00,false
1317,GREEN_2,GREEN,ARCHER,3,-3,3,3,0.00,0.00,false
1317,BLUE_3,BLUE,ASSASSIN,-3,3,8,6,44.00,28.00,false
1317,BLUE_4,BLUE,ARCHER,-2,3,3,0,6.00,24.00,false
1318,GREEN_1,GREEN,ASSASSIN,0,-2,8,0,26.00,64.00,false
1318,GREEN_2,GREEN,ARCHER,3,-3,3,0,4.00,24.00,false
1318,BLUE_3,BLUE,ASSASSIN,-3,3,8,6,54.00,30.00,true
1318,BLUE_4,BLUE,ARCHER,-2,3,3,3,34.00,0.00,true
1319,GREEN_1,GREEN,SCORPION_RIDER,3,-2,5,4,114.00,54.00,true
1319,GREEN_2,GREEN,ARCHER,1,-2,3,3,34.00,0.00,true
1319,GREEN_3,GREEN,SCORPION_RIDER,1,-3,2,2,2.00,0.00,true
1319,BLUE_4,BLUE,SCORPION_RIDER,-3,3,5,0,34.00,90.00,false
1319,BLUE_5,BLUE,ARCHER,-2,3,3,0,4.00,24.00,false
1319,BLUE_6,BLUE,SCORPION_RIDER,-1,3,2,0,16.00,36.00,false
1320,GREEN_1,GREEN,SCORPION_RIDER,3,-2,5,0,36.00,90.00,false
1320,GREEN_2,GREEN,ARCHER,1,-2,3,0,4.00,24.00,false
1320,GREEN_3,GREEN,SCORPION_RIDER,1,-3,2,0,16.00,36.00,false
1320,BLUE_4,BLUE,SCORPION_RIDER,-3,3,5,3,106.00,56.00,true
1320,BLUE_5,BLUE,ARCHER,-2,3,3,3,42.00,0.00,true
1320,BLUE_6,BLUE,SCORPION_RIDER,-1,3,2,2,2.00,0.00,true
1321,GREEN_1,GREEN,MAGE,0,-3,8,6,100.00,48.00,true
1321,GREEN_2,GREEN,GARGOYLE,3,-3,2,2,0.00,0.00,true
1321,GREEN_3,GREEN,SPIDER,3,-2,1,1,0.00,0.00,true
1321,BLUE_4,BLUE,MAGE,-3,3,8,0,48.00,64.00,false
1321,BLUE_5,BLUE,GARGOYLE,-2,3,2,0,0.00,32.00,false
1321,BLUE_6,BLUE,SPIDER,-1,3,1,0,0.00,4.00,false
1322,GREEN_1,GREEN,MAGE,0,-3,8,0,55.00,64.00,false
1322,GREEN_2,GREEN,GARGOYLE,3,-3,2,0,10.00,32.00,false
1322,GREEN_3,GREEN,SPIDER,3,-2,1,0,0.00,4.00,false
1322,BLUE_4,BLUE,MAGE,-3,3,8,3,79.00,52.00,true
1322,BLUE_5,BLUE,GARGOYLE,-2,3,2,2,19.00,9.00,true
1322,BLUE_6,BLUE,SPIDER,-1,3,1,0,2.00,4.00,true
1323,GREEN_1,GREEN,SPIDER,1,-3,16,16,0.00,0.00,false
1323,GREEN_2,GREEN,GOBLIN,2,-3,7,7,0.00,0.00,false
1323,GREEN_3,GREEN,ARCHER,1,-2,1,1,0.00,0.00,false
1323,BLUE_4,BLUE,SPIDER,-3,3,16,16,0.00,0.00,false
1323,BLUE_5,BLUE,GOBLIN,-2,3,7,7,0.00,0.00,false
1323,BLUE_6,BLUE,ARCHER,-1,3,1,1,0.00,0.00,false
1324,GREEN_1,GREEN,SPIDER,1,-3,16,0,0.00,64.00,false
1324,GREEN_2,GREEN,GOBLIN,2,-3,7,0,0.00,56.00,false
1324,GREEN_3,GREEN,ARCHER,1,-2,1,0,4.00,8.00,false
1324,BLUE_4,BLUE,SPIDER,-3,3,16,16,0.00,0.00,true
1324,BLUE_5,BLUE,GOBLIN,-2,3,7,7,0.00,0.00,true
1324,BLUE_6,BLUE,ARCHER,-1,3,1,1,128.00,4.00,true
1325,GREEN_1,GREEN,SPIDER,1,-2,15,7,70.00,38.00,true
1325,GREEN_2,GREEN,ARCHER,1,-3,5,5,30.00,4.00,true
1325,BLUE_3,BLUE,SPIDER,-3,3,15,0,28.00,60.00,false
1325,BLUE_4,BLUE,ARCHER,-2,3,5,0,14.00,40.00,false
1326,GREEN_1,GREEN,SPIDER,1,-2,15,0,10.00,60.00,false
1326,GREEN_2,GREEN,ARCHER,1,-3,5,0,14.00,40.00,false
1326,BLUE_3,BLUE,SPIDER,-3,3,15,13,46.00,20.00,true
1326,BLUE_4,BLUE,ARCHER,-2,3,5,5,54.00,4.00,true
1327,GREEN_1,GREEN,SPIDER,1,-3,15,15,0.00,0.00,false
1327,GREEN_2,GREEN,MAGE,0,-2,4,4,0.00,0.00,false
1327,BLUE_3,BLUE,SPIDER,-3,3,15,15,0.00,0.00,false
1327,BLUE_4,BLUE,MAGE,-2,3,4,4,0.00,0.00,false
1328,GREEN_1,GREEN,SPIDER,1,-3,15,0,14.00,60.00,false
1328,GREEN_2,GREEN,MAGE,0,-2,4,0,16.00,32.00,false
1328,BLUE_3,BLUE,SPIDER,-3,3,15,14,44.00,18.00,true
1328,BLUE_4,BLUE,MAGE,-2,3,4,4,48.00,12.00,true
1329,GREEN_1,GREEN,GARGOYLE,2,-2,6,6,0.00,0.00,false
1329,GREEN_2,GREEN,GOLEM,2,-3,3,3,0.00,0.00,false
1329,GREEN_3,GREEN,SPIDER,0,-3,1,1,0.00,0.00,false
1329,BLUE_4,BLUE,GARGOYLE,-3,3,6,6,0.00,0.00,false
1329,BLUE_5,BLUE,GOLEM,-2,3,3,3,0.00,0.00,false
1329,BLUE_6,BLUE,SPIDER,-1,3,1,1,0.00,0.00,false
1330,GREEN_1,GREEN,GARGOYLE,2,-2,6,6,0.00,0.00,false
1330,GREEN_2,GREEN,GOLEM,2,-3,3,3,0.00,0.00,false
1330,GREEN_3,GREEN,SPIDER,0,-3,1,1,0.00,0.00,false
1330,BLUE_4,BLUE,GARGOYLE,-3,3,6,6,0.00,0.00,false
1330,BLUE_5,BLUE,GOLEM,-2,3,3,3,0.00,0.00,false
1330,BLUE_6,BLUE,SPIDER,-1,3,1,1,0.00,0.00,false
1331,GREEN_1,GREEN,GOBLIN,2,-3,11,11,0.00,0.00,false
1331,GREEN_2,GREEN,SPIDER,-1,-2,5,5,0.00,0.00,false
1331,GREEN_3,GREEN,ARCHER,1,-3,4,4,88.00,0.00,false
1331,GREEN_4,GREEN,GOBLIN,0,-2,1,1,0.00,0.00,false
1331,BLUE_5,BLUE,GOBLIN,-3,3,11,0,0.00,88.00,false
1331,BLUE_6,BLUE,SPIDER,-2,3,5,5,0.00,0.00,false
1331,BLUE_7,BLUE,ARCHER,-1,3,4,4,0.00,0.00,false
1331,BLUE_8,BLUE,GOBLIN,0,3,1,1,0.00,0.00,false
1332,GREEN_1,GREEN,GOBLIN,2,-3,11,11,0.00,0.00,false
1332,GREEN_2,GREEN,SPIDER,-1,-2,5,5,0.00,0.00,false
1332,GREEN_3,GREEN,ARCHER,1,-3,4,4,0.00,0.00,false
1332,GREEN_4,GREEN,GOBLIN,0,-2,1,1,0.00,0.00,false
1332,BLUE_5,BLUE,GOBLIN,-3,3,11,11,0.00,0.00,false
1332,BLUE_6,BLUE,SPIDER,-2,3,5,5,0.00,0.00,false
1332,BLUE_7,BLUE,ARCHER,-1,3,4,4,0.00,0.00,false
1332,BLUE_8,BLUE,GOBLIN,0,3,1,1,0.00,0.00,false
1333,GREEN_1,GREEN,ASSASSIN,0,-3,5,5,46.00,16.00,true
1333,GREEN_2,GREEN,ARCHER,-1,-2,6,6,50.00,20.00,true
1333,GREEN_3,GREEN,GOBLIN,1,-3,1,1,0.00,0.00,true
1333,BLUE_4,BLUE,ASSASSIN,-3,3,5,0,6.00,40.00,false
1333,BLUE_5,BLUE,ARCHER,-2,3,6,0,26.00,48.00,false
1333,BLUE_6,BLUE,GOBLIN,-1,3,1,0,4.00,8.00,false
1334,GREEN_1,GREEN,ASSASSIN,0,-3,5,0,8.00,40.00,false
1334,GREEN_2,GREEN,ARCHER,-1,-2,6,0,20.00,48.00,false
1334,GREEN_3,GREEN,GOBLIN,1,-3,1,0,4.00,8.00,false
1334,BLUE_4,BLUE,ASSASSIN,-3,3,5,1,66.00,32.00,true
1334,BLUE_5,BLUE,ARCHER,-2,3,6,6,30.00,0.00,true
1334,BLUE_6,BLUE,GOBLIN,-1,3,1,1,0.00,0.00,true
1335,GREEN_1,GREEN,SPIDER,1,-3,13,13,0.00,0.00,false
1335,GREEN_2,GREEN,ASSASSIN,2,-3,4,0,32.00,32.00,false
1335,GREEN_3,GREEN,ARCHER,0,-3,1,1,0.00,0.00,false
1335,BLUE_4,BLUE,SPIDER,-3,3,13,7,30.00,24.00,false
1335,BLUE_5,BLUE,ASSASSIN,-2,3,4,4,0.00,0.00,false
1335,BLUE_6,BLUE,ARCHER,-1,3,1,0,2.00,8.00,false
1336,GREEN_1,GREEN,SPIDER,1,-3,13,0,0.00,52.00,false
1336,GREEN_2,GREEN,ASSASSIN,2,-3,4,0,20.00,32.00,false
1336,GREEN_3,GREEN,ARCHER,0,-3,1,0,2.00,8.00,false
1336,BLUE_4,BLUE,SPIDER,-3,3,13,13,0.00,0.00,true
1336,BLUE_5,BLUE,ASSASSIN,-2,3,4,3,34.00,22.00,true
1336,BLUE_6,BLUE,ARCHER,-1,3,1,1,58.00,0.00,true
1337,GREEN_1,GREEN,MAGE,1,-2,8,1,60.00,63.00,true
1337,GREEN_2,GREEN,ARCHER,3,-2,3,0,28.00,24.00,true
1337,BLUE_3,BLUE,MAGE,-3,3,8,0,67.00,64.00,false
1337,BLUE_4,BLUE,ARCHER,-2,3,3,0,20.00,24.00,false
1338,GREEN_1,GREEN,MAGE,1,-2,8,8,0.00,0.00,false
1338,GREEN_2,GREEN,ARCHER,3,-2,3,3,0.00,0.00,false
1338,BLUE_3,BLUE,MAGE,-3,3,8,8,0.00,0.00,false
1338,BLUE_4,BLUE,ARCHER,-2,3,3,3,0.00,0.00,false
1339,GREEN_1,GREEN,GOBLIN,2,-3,3,3,0.00,0.00,false
1339,GREEN_2,GREEN,GOLEM,0,-3,4,4,0.00,0.00,false
1339,GREEN_3,GREEN,GOLEM,1,-3,2,2,0.00,0.00,false
1339,GREEN_4,GREEN,SPIDER,3,-2,2,1,32.00,6.00,false
1339,BLUE_5,BLUE,GOBLIN,-3,3,3,0,0.00,24.00,false
1339,BLUE_6,BLUE,GOLEM,-2,3,4,4,0.00,0.00,false
1339,BLUE_7,BLUE,GOLEM,-1,3,2,2,0.00,0.00,false
1339,BLUE_8,BLUE,SPIDER,0,3,2,0,6.00,8.00,false
1340,GREEN_1,GREEN,GOBLIN,2,-3,3,0,0.00,24.00,false
1340,GREEN_2,GREEN,GOLEM,0,-3,4,4,0.00,0.00,false
1340,GREEN_3,GREEN,GOLEM,1,-3,2,0,42.00,52.00,false
1340,GREEN_4,GREEN,SPIDER,3,-2,2,0,6.00,8.00,false
1340,BLUE_5,BLUE,GOBLIN,-3,3,3,3,0.00,0.00,false
1340,BLUE_6,BLUE,GOLEM,-2,3,4,4,0.00,0.00,false
1340,BLUE_7,BLUE,GOLEM,-1,3,2,1,48.00,42.00,false
1340,BLUE_8,BLUE,SPIDER,0,3,2,1,36.00,6.00,false
1341,GREEN_1,GREEN,GARGOYLE,-1,-2,6,5,113.00,67.00,true
1341,GREEN_2,GREEN,ASSASSIN,0,-3,4,0,23.00,32.00,true
1341,GREEN_3,GREEN,GOBLIN,3,-2,1,1,0.00,0.00,true
1341,BLUE_4,BLUE,GARGOYLE,-3,3,6,0,99.00,96.00,false
1341,BLUE_5,BLUE,ASSASSIN,-2,3,4,0,0.00,32.00,false
1341,BLUE_6,BLUE,GOBLIN,-1,3,1,0,0.00,8.00,false
1342,GREEN_1,GREEN,GARGOYLE,-1,-2,6,6,61.00,60.00,false
1342,GREEN_2,GREEN,ASSASSIN,0,-3,4,2,30.00,28.00,false
1342,GREEN_3,GREEN,GOBLIN,3,-2,1,1,0.00,0.00,false
1342,BLUE_4,BLUE,GARGOYLE,-3,3,6,5,60.00,61.00,false
1342,BLUE_5,BLUE,ASSASSIN,-2,3,4,1,28.00,30.00,false
1342,BLUE_6,BLUE,GOBLIN,-1,3,1,1,0.00,0.00,false
1343,GREEN_1,GREEN,GARGOYLE,3,-3,6,6,0.00,0.00,false
1343,GREEN_2,GREEN,GOLEM,0,-3,3,3,43.00,54.00,false
1343,GREEN_3,GREEN,SPIDER,1,-3,1,1,2.00,2.00,false
1343,BLUE_4,BLUE,GARGOYLE,-3,3,6,6,54.00,41.00,false
1343,BLUE_5,BLUE,GOLEM,-2,3,3,3,0.00,0.00,false
1343,BLUE_6,BLUE,SPIDER,-1,3,1,0,2.00,4.00,false
1344,GREEN_1,GREEN,GARGOYLE,3,-3,6,0,87.00,96.00,false
1344,GREEN_2,GREEN,GOLEM,0,-3,3,0,15.00,78.00,false
1344,GREEN_3,GREEN,SPIDER,1,-3,1,0,0.00,4.00,false
1344,BLUE_4,BLUE,GARGOYLE,-3,3,6,6,123.00,42.00,true
1344,BLUE_5,BLUE,GOLEM,-2,3,3,3,55.00,60.00,true
1344,BLUE_6,BLUE,SPIDER,-1,3,1,1,0.00,0.00,true
1345,GREEN_1,GREEN,SPIDER,1,-3,14,14,72.00,0.00,true
1345,GREEN_2,GREEN,SCORPION_RIDER,0,-2,4,4,56.00,40.00,true
1345,BLUE_3,BLUE,SPIDER,-3,3,14,0,40.00,56.00,false
1345,BLUE_4,BLUE,SCORPION_RIDER,-2,3,4,0,0.00,72.00,false
1346,GREEN_1,GREEN,SPIDER,1,-3,14,0,40.00,56.00,false
1346,GREEN_2,GREEN,SCORPION_RIDER,0,-2,4,0,0.00,72.00,false
1346,BLUE_3,BLUE,SPIDER,-3,3,14,14,72.00,0.00,true
1346,BLUE_4,BLUE,SCORPION_RIDER,-2,3,4,4,56.00,40.00,true
1347,GREEN_1,GREEN,ASSASSIN,1,-2,7,5,73.00,36.00,true
1347,GREEN_2,GREEN,MAGE,2,-3,3,3,9.00,0.00,true
1347,GREEN_3,GREEN,SPIDER,0,-3,1,1,2.00,0.00,true
1347,BLUE_4,BLUE,ASSASSIN,-3,3,7,0,34.00,56.00,false
1347,BLUE_5,BLUE,MAGE,-2,3,3,0,2.00,24.00,false
1347,BLUE_6,BLUE,SPIDER,-1,3,1,0,0.00,4.00,false
1348,GREEN_1,GREEN,ASSASSIN,1,-2,7,0,43.00,56.00,false
1348,GREEN_2,GREEN,MAGE,2,-3,3,0,3.00,24.00,false
1348,GREEN_3,GREEN,SPIDER,0,-3,1,0,0.00,4.00,false
1348,BLUE_4,BLUE,ASSASSIN,-3,3,7,3,70.00,46.00,true
1348,BLUE_5,BLUE,MAGE,-2,3,3,3,14.00,0.00,true
1348,BLUE_6,BLUE,SPIDER,-1,3,1,1,0.00,0.00,true
1349,GREEN_1,GREEN,ARCHER,3,-3,8,1,72.00,60.00,true
1349,GREEN_2,GREEN,ARCHER,2,-3,2,2,4.00,0.00,true
1349,GREEN_3,GREEN,ASSASSIN,0,-2,2,1,20.00,14.00,true
1349,BLUE_4,BLUE,ARCHER,-3,3,8,0,58.00,64.00,false
1349,BLUE_5,BLUE,ARCHER,-2,3,2,0,8.00,16.00,false
1349,BLUE_6,BLUE,ASSASSIN,-1,3,2,0,8.00,16.00,false
1350,GREEN_1,GREEN,ARCHER,3,-3,8,8,0.00,0.00,false
1350,GREEN_2,GREEN,ARCHER,2,-3,2,0,6.00,16.00,false
1350,GREEN_3,GREEN,ASSASSIN,0,-2,2,2,0.00,0.00,false
1350,BLUE_4,BLUE,ARCHER,-3,3,8,8,0.00,0.00,false
1350,BLUE_5,BLUE,ARCHER,-2,3,2,2,0.00,0.00,false
1350,BLUE_6,BLUE,ASSASSIN,-1,3,2,2,16.00,6.00,false
1351,GREEN_1,GREEN,ARCHER,3,-3,8,1,118.00,60.00,false
1351,GREEN_2,GREEN,GOBLIN,0,-3,9,9,0.00,0.00,false
1351,BLUE_3,BLUE,ARCHER,-3,3,8,7,60.00,46.00,false
1351,BLUE_4,BLUE,GOBLIN,-2,3,9,0,0.00,72.00,false
1352,GREEN_1,GREEN,ARCHER,3,-3,8,0,26.00,64.00,false
1352,GREEN_2,GREEN,GOBLIN,0,-3,9,0,0.00,72.00,false
1352,BLUE_3,BLUE,ARCHER,-3,3,8,8,100.00,12.00,true
1352,BLUE_4,BLUE,GOBLIN,-2,3,9,9,36.00,14.00,true
1353,GREEN_1,GREEN,GARGOYLE,3,-3,5,5,73.00,3.00,true
1353,GREEN_2,GREEN,SCORPION_RIDER,2,-3,5,1,97.00,78.00,true
1353,BLUE_3,BLUE,GARGOYLE,-3,3,5,0,45.00,80.00,false
1353,BLUE_4,BLUE,SCORPION_RIDER,-2,3,5,0,36.00,90.00,false
1354,GREEN_1,GREEN,GARGOYLE,3,-3,5,5,0.00,0.00,false
1354,GREEN_2,GREEN,SCORPION_RIDER,2,-3,5,5,0.00,0.00,false
1354,BLUE_3,BLUE,GARGOYLE,-3,3,5,5,0.00,0.00,false
1354,BLUE_4,BLUE,SCORPION_RIDER,-2,3,5,5,0.00,0.00,false
1355,GREEN_1,GREEN,SCORPION_RIDER,3,-2,5,5,0.00,0.00,false
1355,GREEN_2,GREEN,GARGOYLE,3,-3,4,4,0.00,0.00,false
1355,GREEN_3,GREEN,GARGOYLE,0,-2,1,1,0.00,0.00,false
1355,BLUE_4,BLUE,SCORPION_RIDER,-3,3,5,5,0.00,0.00,false
1355,BLUE_5,BLUE,GARGOYLE,-2,3,4,4,0.00,0.00,false
1355,BLUE_6,BLUE,GARGOYLE,-1,3,1,1,0.00,0.00,false
1356,GREEN_1,GREEN,SCORPION_RIDER,3,-2,5,4,31.00,34.00,false
1356,GREEN_2,GREEN,GARGOYLE,3,-3,4,0,24.00,64.00,false
1356,GREEN_3,GREEN,GARGOYLE,0,-2,1,0,3.00,16.00,false
1356,BLUE_4,BLUE,SCORPION_RIDER,-3,3,5,4,114.00,58.00,false
1356,BLUE_5,BLUE,GARGOYLE,-2,3,4,4,0.00,0.00,false
1356,BLUE_6,BLUE,GARGOYLE,-1,3,1,1,0.00,0.00,false
1357,GREEN_1,GREEN,ARCHER,0,-3,8,8,0.00,0.00,false
1357,GREEN_2,GREEN,SPIDER,1,-3,9,9,0.00,0.00,false
1357,BLUE_3,BLUE,ARCHER,-3,3,8,8,0.00,0.00,false
1357,BLUE_4,BLUE,SPIDER,-2,3,9,9,0.00,0.00,false
1358,GREEN_1,GREEN,ARCHER,0,-3,8,8,0.00,0.00,false
1358,GREEN_2,GREEN,SPIDER,1,-3,9,9,0.00,0.00,false
1358,BLUE_3,BLUE,ARCHER,-3,3,8,8,0.00,0.00,false
1358,BLUE_4,BLUE,SPIDER,-2,3,9,9,0.00,0.00,false
1359,GREEN_1,GREEN,GOLEM,3,-3,4,4,0.00,0.00,false
1359,GREEN_2,GREEN,ARCHER,3,-2,4,4,0.00,0.00,false
1359,GREEN_3,GREEN,SPIDER,0,-3,3,3,0.00,0.00,false
1359,BLUE_4,BLUE,GOLEM,-3,3,4,4,0.00,0.00,false
1359,BLUE_5,BLUE,ARCHER,-2,3,4,4,0.00,0.00,false
1359,BLUE_6,BLUE,SPIDER,-1,3,3,3,0.00,0.00,false
1360,GREEN_1,GREEN,GOLEM,3,-3,4,4,0.00,0.00,false
1360,GREEN_2,GREEN,ARCHER,3,-2,4,4,0.00,0.00,false
1360,GREEN_3,GREEN,SPIDER,0,-3,3,0,0.00,12.00,false
1360,BLUE_4,BLUE,GOLEM,-3,3,4,4,0.00,0.00,false
1360,BLUE_5,BLUE,ARCHER,-2,3,4,4,12.00,0.00,false
1360,BLUE_6,BLUE,SPIDER,-1,3,3,3,0.00,0.00,false
1361,GREEN_1,GREEN,SPIDER,3,-2,15,15,0.00,0.00,false
1361,GREEN_2,GREEN,GARGOYLE,1,-3,4,4,0.00,0.00,false
1361,BLUE_3,BLUE,SPIDER,-3,3,15,15,0.00,0.00,false
1361,BLUE_4,BLUE,GARGOYLE,-2,3,4,4,0.00,0.00,false
1362,GREEN_1,GREEN,SPIDER,3,-2,15,0,74.00,60.00,false
1362,GREEN_2,GREEN,GARGOYLE,1,-3,4,4,0.00,0.00,false
1362,BLUE_3,BLUE,SPIDER,-3,3,15,12,36.00,30.00,false
1362,BLUE_4,BLUE,GARGOYLE,-2,3,4,4,24.00,44.00,false
1363,GREEN_1,GREEN,GOLEM,1,-3,4,2,83.00,80.00,true
1363,GREEN_2,GREEN,ASSASSIN,0,-2,4,1,49.00,31.00,true
1363,GREEN_3,GREEN,MAGE,-1,-2,1,1,12.00,0.00,true
1363,BLUE_4,BLUE,GOLEM,-3,3,4,0,98.00,104.00,false
1363,BLUE_5,BLUE,ASSASSIN,-2,3,4,0,12.00,32.00,false
1363,BLUE_6,BLUE,MAGE,-1,3,1,0,1.00,8.00,false
1364,GREEN_1,GREEN,GOLEM,1,-3,4,0,82.00,104.00,false
1364,GREEN_2,GREEN,ASSASSIN,0,-2,4,0,28.00,32.00,false
1364,GREEN_3,GREEN,MAGE,-1,-2,1,0,1.00,8.00,false
1364,BLUE_4,BLUE,GOLEM,-3,3,4,2,89.00,80.00,true
1364,BLUE_5,BLUE,ASSASSIN,-2,3,4,1,47.00,31.00,true
1364,BLUE_6,BLUE,MAGE,-1,3,1,1,8.00,0.00,true
1365,GREEN_1,GREEN,SPIDER,3,-2,16,16,0.00,0.00,false
1365,GREEN_2,GREEN,SPIDER,2,-3,7,7,0.00,0.00,false
1365,GREEN_3,GREEN,GOBLIN,3,-3,2,2,0.00,0.00,false
1365,BLUE_4,BLUE,SPIDER,-3,3,16,16,0.00,0.00,false
1365,BLUE_5,BLUE,SPIDER,-2,3,7,7,0.00,0.00,false
1365,BLUE_6,BLUE,GOBLIN,-1,3,2,2,0.00,0.00,false
1366,GREEN_1,GREEN,SPIDER,3,-2,16,16,0.00,0.00,false
1366,GREEN_2,GREEN,SPIDER,2,-3,7,7,0.00,0.00,false
1366,GREEN_3,GREEN,GOBLIN,3,-3,2,2,0.00,0.00,false
1366,BLUE_4,BLUE,SPIDER,-3,3,16,16,0.00,0.00,false
1366,BLUE_5,BLUE,SPIDER,-2,3,7,7,0.00,0.00,false
1366,BLUE_6,BLUE,GOBLIN,-1,3,2,2,0.00,0.00,false
1367,GREEN_1,GREEN,GOBLIN,1,-2,10,10,0.00,0.00,false
1367,GREEN_2,GREEN,GOBLIN,1,-3,12,12,0.00,0.00,false
1367,GREEN_3,GREEN,GARGOYLE,3,-3,1,1,0.00,0.00,false
1367,BLUE_4,BLUE,GOBLIN,-3,3,10,10,0.00,0.00,false
1367,BLUE_5,BLUE,GOBLIN,-2,3,12,12,0.00,0.00,false
1367,BLUE_6,BLUE,GARGOYLE,-1,3,1,1,0.00,0.00,false
1368,GREEN_1,GREEN,GOBLIN,1,-2,10,10,0.00,0.00,false
1368,GREEN_2,GREEN,GOBLIN,1,-3,12,12,0.00,0.00,false
1368,GREEN_3,GREEN,GARGOYLE,3,-3,1,1,0.00,0.00,false
1368,BLUE_4,BLUE,GOBLIN,-3,3,10,10,0.00,0.00,false
1368,BLUE_5,BLUE,GOBLIN,-2,3,12,12,0.00,0.00,false
1368,BLUE_6,BLUE,GARGOYLE,-1,3,1,1,0.00,0.00,false
1369,GREEN_1,GREEN,MAGE,0,-2,8,2,101.00,58.00,true
1369,GREEN_2,GREEN,GOBLIN,3,-3,6,6,11.00,2.00,true
1369,BLUE_3,BLUE,MAGE,-3,3,8,0,60.00,64.00,false
1369,BLUE_4,BLUE,GOBLIN,-2,3,6,0,0.00,48.00,false
1370,GREEN_1,GREEN,MAGE,0,-2,8,0,30.00,64.00,false
1370,GREEN_2,GREEN,GOBLIN,3,-3,6,0,0.00,48.00,false
1370,BLUE_3,BLUE,MAGE,-3,3,8,7,69.00,18.00,true
1370,BLUE_4,BLUE,GOBLIN,-2,3,6,6,43.00,12.00,true
1371,GREEN_1,GREEN,GOBLIN,1,-2,10,10,0.00,0.00,false
1371,GREEN_2,GREEN,SPIDER,3,-3,15,15,0.00,0.00,false
1371,BLUE_3,BLUE,GOBLIN,-3,3,10,10,0.00,0.00,false
1371,BLUE_4,BLUE,SPIDER,-2,3,15,15,0.00,0.00,false
1372,GREEN_1,GREEN,GOBLIN,1,-2,10,8,36.00,36.00,false
1372,GREEN_2,GREEN,SPIDER,3,-3,15,0,26.00,60.00,false
1372,BLUE_3,BLUE,GOBLIN,-3,3,10,6,96.00,62.00,false
1372,BLUE_4,BLUE,SPIDER,-2,3,15,15,0.00,0.00,false
1373,GREEN_1,GREEN,GOBLIN,0,-3,10,10,0.00,0.00,false
1373,GREEN_2,GREEN,GOBLIN,2,-2,12,12,0.00,0.00,false
1373,GREEN_3,GREEN,GOBLIN,1,-3,3,3,0.00,0.00,false
1373,BLUE_4,BLUE,GOBLIN,-3,3,10,10,0.00,0.00,false
1373,BLUE_5,BLUE,GOBLIN,-2,3,12,12,0.00,0.00,false
1373,BLUE_6,BLUE,GOBLIN,-1,3,3,3,0.00,0.00,false
1374,GREEN_1,GREEN,GOBLIN,0,-3,10,10,0.00,0.00,false
1374,GREEN_2,GREEN,GOBLIN,2,-2,12,12,0.00,0.00,false
1374,GREEN_3,GREEN,GOBLIN,1,-3,3,0,12.00,24.00,false
1374,BLUE_4,BLUE,GOBLIN,-3,3,10,10,0.00,0.00,false
1374,BLUE_5,BLUE,GOBLIN,-2,3,12,12,0.00,0.00,false
1374,BLUE_6,BLUE,GOBLIN,-1,3,3,2,24.00,12.00,false
1375,GREEN_1,GREEN,GOBLIN,2,-2,11,0,116.00,88.00,true
1375,GREEN_2,GREEN,GOBLIN,0,-3,10,10,0.00,0.00,true
1375,GREEN_3,GREEN,ARCHER,1,-3,2,2,68.00,0.00,true
1375,BLUE_4,BLUE,GOBLIN,-3,3,11,0,42.00,88.00,false
1375,BLUE_5,BLUE,GOBLIN,-2,3,10,0,42.00,80.00,false
1375,BLUE_6,BLUE,ARCHER,-1,3,2,0,4.00,16.00,false
1376,GREEN_1,GREEN,GOBLIN,2,-2,11,0,0.00,88.00,false
1376,GREEN_2,GREEN,GOBLIN,0,-3,10,0,40.00,80.00,false
1376,GREEN_3,GREEN,ARCHER,1,-3,2,0,12.00,16.00,false
1376,BLUE_4,BLUE,GOBLIN,-3,3,11,11,0.00,0.00,true
1376,BLUE_5,BLUE,GOBLIN,-2,3,10,9,78.00,42.00,true
1376,BLUE_6,BLUE,ARCHER,-1,3,2,1,106.00,10.00,true
1377,GREEN_1,GREEN,GOLEM,3,-3,3,3,0.00,0.00,false
1377,GREEN_2,GREEN,GARGOYLE,-1,-2,6,2,69.00,91.00,false
1377,GREEN_3,GREEN,SPIDER,3,-2,1,1,0.00,0.00,false
1377,BLUE_4,BLUE,GOLEM,-3,3,3,3,0.00,0.00,false
1377,BLUE_5,BLUE,GARGOYLE,-2,3,6,4,91.00,65.00,false
1377,BLUE_6,BLUE,SPIDER,-1,3,1,0,0.00,4.00,false
1378,GREEN_1,GREEN,GOLEM,3,-3,3,3,0.00,0.00,false
1378,GREEN_2,GREEN,GARGOYLE,-1,-2,6,6,0.00,0.00,false
1378,GREEN_3,GREEN,SPIDER,3,-2,1,1,0.00,0.00,false
1378,BLUE_4,BLUE,GOLEM,-3,3,3,3,0.00,0.00,false
1378,BLUE_5,BLUE,GARGOYLE,-2,3,6,6,0.00,0.00,false
1378,BLUE_6,BLUE,SPIDER,-1,3,1,1,0.00,0.00,false
1379,GREEN_1,GREEN,GOLEM,3,-2,4,3,78.00,50.00,false
1379,GREEN_2,GREEN,GOLEM,3,-3,3,3,0.00,0.00,false
1379,GREEN_3,GREEN,GOBLIN,0,-3,1,1,8.00,4.00,false
1379,BLUE_4,BLUE,GOLEM,-3,3,4,4,0.00,0.00,false
1379,BLUE_5,BLUE,GOLEM,-2,3,3,0,50.00,78.00,false
1379,BLUE_6,BLUE,GOBLIN,-1,3,1,0,4.00,8.00,false
1380,GREEN_1,GREEN,GOLEM,3,-2,4,4,0.00,0.00,false
1380,GREEN_2,GREEN,GOLEM,3,-3,3,0,52.00,78.00,false
1380,GREEN_3,GREEN,GOBLIN,0,-3,1,0,1.00,8.00,false
1380,BLUE_4,BLUE,GOLEM,-3,3,4,3,86.00,53.00,false
1380,BLUE_5,BLUE,GOLEM,-2,3,3,3,0.00,0.00,false
1380,BLUE_6,BLUE,GOBLIN,-1,3,1,1,0.00,0.00,false
1381,GREEN_1,GREEN,ASSASSIN,3,-2,7,5,32.00,32.00,false
1381,GREEN_2,GREEN,GOBLIN,2,-3,8,8,0.00,0.00,false
1381,BLUE_3,BLUE,ASSASSIN,-3,3,7,7,0.00,0.00,false
1381,BLUE_4,BLUE,GOBLIN,-2,3,8,7,32.00,32.00,false
1382,GREEN_1,GREEN,ASSASSIN,3,-2,7,0,50.00,56.00,false
1382,GREEN_2,GREEN,GOBLIN,2,-3,8,5,56.00,44.00,false
1382,BLUE_3,BLUE,ASSASSIN,-3,3,7,3,56.00,50.00,false
1382,BLUE_4,BLUE,GOBLIN,-2,3,8,2,44.00,56.00,false
1383,GREEN_1,GREEN,SPIDER,1,-3,13,4,50.00,38.00,true
1383,GREEN_2,GREEN,SCORPION_RIDER,3,-3,4,1,70.00,66.00,true
1383,GREEN_3,GREEN,SPIDER,1,-2,1,1,8.00,0.00,true
1383,BLUE_4,BLUE,SPIDER,-3,3,13,0,52.00,52.00,false
1383,BLUE_5,BLUE,SCORPION_RIDER,-2,3,4,0,52.00,72.00,false
1383,BLUE_6,BLUE,SPIDER,-1,3,1,0,0.00,4.00,false
1384,GREEN_1,GREEN,SPIDER,1,-3,13,0,40.00,52.00,false
1384,GREEN_2,GREEN,SCORPION_RIDER,3,-3,4,0,24.00,72.00,false
1384,GREEN_3,GREEN,SPIDER,1,-2,1,0,0.00,4.00,false
1384,BLUE_4,BLUE,SPIDER,-3,3,13,11,64.00,16.00,true
1384,BLUE_5,BLUE,SCORPION_RIDER,-2,3,4,4,62.00,48.00,true
1384,BLUE_6,BLUE,SPIDER,-1,3,1,1,2.00,0.00,true
1385,GREEN_1,GREEN,ASSASSIN,2,-3,8,2,78.00,60.00,true
1385,GREEN_2,GREEN,ASSASSIN,1,-3,2,1,6.00,14.00,true
1385,GREEN_3,GREEN,SPIDER,2,-2,1,1,0.00,0.00,true
1385,BLUE_4,BLUE,ASSASSIN,-3,3,8,0,62.00,64.00,false
1385,BLUE_5,BLUE,ASSASSIN,-2,3,2,0,12.00,16.00,false
1385,BLUE_6,BLUE,SPIDER,-1,3,1,0,0.00,4.00,false
1386,GREEN_1,GREEN,ASSASSIN,2,-3,8,0,56.00,64.00,false
1386,GREEN_2,GREEN,ASSASSIN,1,-3,2,0,14.00,16.00,false
1386,GREEN_3,GREEN,SPIDER,2,-2,1,0,0.00,4.00,false
1386,BLUE_4,BLUE,ASSASSIN,-3,3,8,1,68.00,56.00,true
1386,BLUE_5,BLUE,ASSASSIN,-2,3,2,1,16.00,14.00,true
1386,BLUE_6,BLUE,SPIDER,-1,3,1,1,0.00,0.00,true
1387,GREEN_1,GREEN,GARGOYLE,-1,-2,5,5,119.00,34.00,true
1387,GREEN_2,GREEN,ASSASSIN,1,-3,4,4,25.00,16.00,true
1387,GREEN_3,GREEN,GOBLIN,3,-3,4,4,0.00,0.00,true
1387,BLUE_4,BLUE,GARGOYLE,-3,3,5,0,30.00,80.00,false
1387,BLUE_5,BLUE,ASSASSIN,-2,3,4,0,0.00,32.00,false
1387,BLUE_6,BLUE,GOBLIN,-1,3,4,0,20.00,32.00,false
1388,GREEN_1,GREEN,GARGOYLE,-1,-2,5,0,51.00,80.00,false
1388,GREEN_2,GREEN,ASSASSIN,1,-3,4,0,32.00,32.00,false
1388,GREEN_3,GREEN,GOBLIN,3,-3,4,0,2.00,32.00,false
1388,BLUE_4,BLUE,GARGOYLE,-3,3,5,5,81.00,27.00,true
1388,BLUE_5,BLUE,ASSASSIN,-2,3,4,1,39.00,30.00,true
1388,BLUE_6,BLUE,GOBLIN,-1,3,4,2,24.00,28.00,true
1389,GREEN_1,GREEN,GOBLIN,1,-3,12,12,0.00,0.00,false
1389,GREEN_2,GREEN,GOBLIN,3,-3,10,10,0.00,0.00,false
1389,GREEN_3,GREEN,GARGOYLE,1,-2,1,1,0.00,0.00,false
1389,BLUE_4,BLUE,GOBLIN,-3,3,12,12,0.00,0.00,false
1389,BLUE_5,BLUE,GOBLIN,-2,3,10,10,0.00,0.00,false
1389,BLUE_6,BLUE,GARGOYLE,-1,3,1,1,0.00,0.00,false
1390,GREEN_1,GREEN,GOBLIN,1,-3,12,12,0.00,0.00,false
1390,GREEN_2,GREEN,GOBLIN,3,-3,10,10,0.00,0.00,false
1390,GREEN_3,GREEN,GARGOYLE,1,-2,1,1,0.00,0.00,false
1390,BLUE_4,BLUE,GOBLIN,-3,3,12,12,0.00,0.00,false
1390,BLUE_5,BLUE,GOBLIN,-2,3,10,10,0.00,0.00,false
1390,BLUE_6,BLUE,GARGOYLE,-1,3,1,1,0.00,0.00,false
1391,GREEN_1,GREEN,SPIDER,-1,-2,13,13,0.00,0.00,true
1391,GREEN_2,GREEN,GARGOYLE,2,-3,4,0,57.00,64.00,true
1391,GREEN_3,GREEN,MAGE,3,-3,1,1,67.00,6.00,true
1391,BLUE_4,BLUE,SPIDER,-3,3,13,0,12.00,52.00,false
1391,BLUE_5,BLUE,GARGOYLE,-2,3,4,0,52.00,64.00,false
1391,BLUE_6,BLUE,MAGE,-1,3,1,0,6.00,8.00,false
1392,GREEN_1,GREEN,SPIDER,-1,-2,13,13,0.00,0.00,false
1392,GREEN_2,GREEN,GARGOYLE,2,-3,4,4,0.00,0.00,false
1392,GREEN_3,GREEN,MAGE,3,-3,1,1,0.00,0.00,false
1392,BLUE_4,BLUE,SPIDER,-3,3,13,13,0.00,0.00,false
1392,BLUE_5,BLUE,GARGOYLE,-2,3,4,4,0.00,0.00,false
1392,BLUE_6,BLUE,MAGE,-1,3,1,1,0.00,0.00,false
1393,GREEN_1,GREEN,GOBLIN,1,-3,10,1,112.00,78.00,true
1393,GREEN_2,GREEN,SPIDER,3,-3,15,15,28.00,0.00,true
1393,BLUE_3,BLUE,GOBLIN,-3,3,10,0,54.00,80.00,false
1393,BLUE_4,BLUE,SPIDER,-2,3,15,0,24.00,60.00,false
1394,GREEN_1,GREEN,GOBLIN,1,-3,10,10,0.00,0.00,false
1394,GREEN_2,GREEN,SPIDER,3,-3,15,15,0.00,0.00,false
1394,BLUE_3,BLUE,GOBLIN,-3,3,10,10,0.00,0.00,false
1394,BLUE_4,BLUE,SPIDER,-2,3,15,15,0.00,0.00,false
1395,GREEN_1,GREEN,GOLEM,1,-3,4,4,105.00,61.00,true
1395,GREEN_2,GREEN,ASSASSIN,3,-2,4,2,27.00,22.00,true
1395,GREEN_3,GREEN,SPIDER,-1,-2,2,2,12.00,0.00,true
1395,BLUE_4,BLUE,GOLEM,-3,3,4,0,46.00,104.00,false
1395,BLUE_5,BLUE,ASSASSIN,-2,3,4,0,35.00,32.00,false
1395,BLUE_6,BLUE,SPIDER,-1,3,2,0,2.00,8.00,false
1396,GREEN_1,GREEN,GOLEM,1,-3,4,4,0.00,0.00,false
1396,GREEN_2,GREEN,ASSASSIN,3,-2,4,4,30.00,24.00,false
1396,GREEN_3,GREEN,SPIDER,-1,-2,2,0,2.00,8.00,false
1396,BLUE_4,BLUE,GOLEM,-3,3,4,4,0.00,0.00,false
1396,BLUE_5,BLUE,ASSASSIN,-2,3,4,0,32.00,32.00,false
1396,BLUE_6,BLUE,SPIDER,-1,3,2,2,0.00,0.00,false
1397,GREEN_1,GREEN,ASSASSIN,1,-3,7,3,58.00,32.00,true
1397,GREEN_2,GREEN,ARCHER,2,-3,4,4,30.00,0.00,true
1397,BLUE_3,BLUE,ASSASSIN,-3,3,7,0,26.00,56.00,false
1397,BLUE_4,BLUE,ARCHER,-2,3,4,0,6.00,32.00,false
1398,GREEN_1,GREEN,ASSASSIN,1,-3,7,0,36.00,56.00,false
1398,GREEN_2,GREEN,ARCHER,2,-3,4,0,12.00,32.00,false
1398,BLUE_3,BLUE,ASSASSIN,-3,3,7,2,88.00,48.00,true
1398,BLUE_4,BLUE,ARCHER,-2,3,4,4,0.00,0.00,true
1399,GREEN_1,GREEN,ASSASSIN,2,-2,7,5,56.00,28.00,true
1399,GREEN_2,GREEN,ARCHER,1,-3,4,4,32.00,0.00,true
1399,BLUE_3,BLUE,ASSASSIN,-3,3,7,0,22.00,56.00,false
1399,BLUE_4,BLUE,ARCHER,-2,3,4,0,6.00,32.00,false
1400,GREEN_1,GREEN,ASSASSIN,2,-2,7,0,46.00,56.00,false
1400,GREEN_2,GREEN,ARCHER,1,-3,4,0,16.00,32.00,false
1400,BLUE_3,BLUE,ASSASSIN,-3,3,7,3,60.00,50.00,true
1400,BLUE_4,BLUE,ARCHER,-2,3,4,3,28.00,12.00,true
1401,GREEN_1,GREEN,SPIDER,3,-2,13,13,64.00,0.00,true
1401,GREEN_2,GREEN,SCORPION_RIDER,3,-3,4,4,56.00,36.00,true
1401,GREEN_3,GREEN,SPIDER,0,-2,1,1,8.00,0.00,true
1401,BLUE_4,BLUE,SPIDER,-3,3,13,0,36.00,52.00,false
1401,BLUE_5,BLUE,SCORPION_RIDER,-2,3,4,0,0.00,72.00,false
1401,BLUE_6,BLUE,SPIDER,-1,3,1,0,0.00,4.00,false
1402,GREEN_1,GREEN,SPIDER,3,-2,13,0,44.00,52.00,false
1402,GREEN_2,GREEN,SCORPION_RIDER,3,-3,4,0,60.00,72.00,false
1402,GREEN_3,GREEN,SPIDER,0,-2,1,0,0.00,4.00,false
1402,BLUE_4,BLUE,SPIDER,-3,3,13,4,52.00,44.00,true
1402,BLUE_5,BLUE,SCORPION_RIDER,-2,3,4,2,76.00,60.00,true
1402,BLUE_6,BLUE,SPIDER,-1,3,1,1,0.00,0.00,true
1403,GREEN_1,GREEN,GOLEM,1,-3,4,4,78.00,62.00,true
1403,GREEN_2,GREEN,ARCHER,0,-3,5,3,66.00,24.00,true
1403,GREEN_3,GREEN,GOBLIN,2,-3,1,1,8.00,4.00,true
1403,BLUE_4,BLUE,GOLEM,-3,3,4,0,62.00,104.00,false
1403,BLUE_5,BLUE,ARCHER,-2,3,5,0,24.00,40.00,false
1403,BLUE_6,BLUE,GOBLIN,-1,3,1,0,4.00,8.00,false
1404,GREEN_1,GREEN,GOLEM,1,-3,4,0,50.00,104.00,false
1404,GREEN_2,GREEN,ARCHER,0,-3,5,0,6.00,40.00,false
1404,GREEN_3,GREEN,GOBLIN,2,-3,1,0,0.00,8.00,false
1404,BLUE_4,BLUE,GOLEM,-3,3,4,4,123.00,56.00,true
1404,BLUE_5,BLUE,ARCHER,-2,3,5,5,29.00,0.00,true
1404,BLUE_6,BLUE,GOBLIN,-1,3,1,1,0.00,0.00,true
1405,GREEN_1,GREEN,ARCHER,2,-2,7,2,108.00,47.00,false
1405,GREEN_2,GREEN,GARGOYLE,1,-3,4,4,0.00,0.00,false
1405,GREEN_3,GREEN,SPIDER,1,-2,1,1,0.00,0.00,false
1405,BLUE_4,BLUE,ARCHER,-3,3,7,4,44.00,40.00,false
1405,BLUE_5,BLUE,GARGOYLE,-2,3,4,0,3.00,64.00,false
1405,BLUE_6,BLUE,SPIDER,-1,3,1,0,0.00,4.00,false
1406,GREEN_1,GREEN,ARCHER,2,-2,7,0,44.00,56.00,false
1406,GREEN_2,GREEN,GARGOYLE,1,-3,4,0,21.00,64.00,false
1406,GREEN_3,GREEN,SPIDER,1,-2,1,0,0.00,4.00,false
1406,BLUE_4,BLUE,ARCHER,-3,3,7,3,86.00,42.00,true
1406,BLUE_5,BLUE,GARGOYLE,-2,3,4,4,38.00,23.00,true
1406,BLUE_6,BLUE,SPIDER,-1,3,1,1,0.00,0.00,true
1407,GREEN_1,GREEN,GOBLIN,0,-3,11,3,100.00,70.00,true
1407,GREEN_2,GREEN,MAGE,1,-3,5,5,44.00,0.00,true
1407,GREEN_3,GREEN,GARGOYLE,3,-2,1,1,0.00,0.00,true
1407,BLUE_4,BLUE,GOBLIN,-3,3,11,0,66.00,88.00,false
1407,BLUE_5,BLUE,MAGE,-2,3,5,0,4.00,40.00,false
1407,BLUE_6,BLUE,GARGOYLE,-1,3,1,0,0.00,16.00,false
1408,GREEN_1,GREEN,GOBLIN,0,-3,11,0,72.00,88.00,false
1408,GREEN_2,GREEN,MAGE,1,-3,5,0,30.00,40.00,false
1408,GREEN_3,GREEN,GARGOYLE,3,-2,1,1,0.00,0.00,false
1408,BLUE_4,BLUE,GOBLIN,-3,3,11,3,77.00,72.00,false
1408,BLUE_5,BLUE,MAGE,-2,3,5,2,51.00,30.00,false
1408,BLUE_6,BLUE,GARGOYLE,-1,3,1,1,0.00,0.00,false
1409,GREEN_1,GREEN,ARCHER,3,-3,8,5,66.00,32.00,true
1409,GREEN_2,GREEN,SPIDER,0,-3,7,4,24.00,24.00,true
1409,GREEN_3,GREEN,ARCHER,1,-3,1,1,10.00,2.00,true
1409,BLUE_4,BLUE,ARCHER,-3,3,8,0,52.00,64.00,false
1409,BLUE_5,BLUE,SPIDER,-2,3,7,0,0.00,28.00,false
1409,BLUE_6,BLUE,ARCHER,-1,3,1,0,6.00,8.00,false
1410,GREEN_1,GREEN,ARCHER,3,-3,8,0,60.00,64.00,false
1410,GREEN_2,GREEN,SPIDER,0,-3,7,0,0.00,28.00,false
1410,GREEN_3,GREEN,ARCHER,1,-3,1,0,4.00,8.00,false
1410,BLUE_4,BLUE,ARCHER,-3,3,8,2,50.00,52.00,true
1410,BLUE_5,BLUE,SPIDER,-2,3,7,6,14.00,8.00,true
1410,BLUE_6,BLUE,ARCHER,-1,3,1,1,36.00,4.00,true
1411,GREEN_1,GREEN,GARGOYLE,-1,-2,5,5,0.00,0.00,false
1411,GREEN_2,GREEN,ARCHER,3,-3,6,6,0.00,0.00,false
1411,GREEN_3,GREEN,GOBLIN,0,-3,1,1,0.00,0.00,false
1411,BLUE_4,BLUE,GARGOYLE,-3,3,5,5,0.00,0.00,false
1411,BLUE_5,BLUE,ARCHER,-2,3,6,6,0.00,0.00,false
1411,BLUE_6,BLUE,GOBLIN,-1,3,1,1,0.00,0.00,false
1412,GREEN_1,GREEN,GARGOYLE,-1,-2,5,0,0.00,80.00,false
1412,GREEN_2,GREEN,ARCHER,3,-3,6,0,30.00,48.00,false
1412,GREEN_3,GREEN,GOBLIN,0,-3,1,0,4.00,8.00,false
1412,BLUE_4,BLUE,GARGOYLE,-3,3,5,5,0.00,0.00,true
1412,BLUE_5,BLUE,ARCHER,-2,3,6,3,120.00,28.00,true
1412,BLUE_6,BLUE,GOBLIN,-1,3,1,1,16.00,6.00,true
1413,GREEN_1,GREEN,GARGOYLE,-1,-2,6,3,118.00,84.00,false
1413,GREEN_2,GREEN,GARGOYLE,3,-3,4,4,0.00,0.00,false
1413,GREEN_3,GREEN,SPIDER,1,-2,1,0,1.00,4.00,false
1413,BLUE_4,BLUE,GARGOYLE,-3,3,6,6,72.00,51.00,false
1413,BLUE_5,BLUE,GARGOYLE,-2,3,4,0,16.00,64.00,false
1413,BLUE_6,BLUE,SPIDER,-1,3,1,0,0.00,4.00,false
1414,GREEN_1,GREEN,GARGOYLE,-1,-2,6,0,48.00,96.00,false
1414,GREEN_2,GREEN,GARGOYLE,3,-3,4,0,12.00,64.00,false
1414,GREEN_3,GREEN,SPIDER,1,-2,1,0,0.00,4.00,false
1414,BLUE_4,BLUE,GARGOYLE,-3,3,6,6,118.00,33.00,true
1414,BLUE_5,BLUE,GARGOYLE,-2,3,4,4,46.00,27.00,true
1414,BLUE_6,BLUE,SPIDER,-1,3,1,1,0.00,0.00,true
1415,GREEN_1,GREEN,GARGOYLE,3,-2,5,5,0.00,0.00,false
1415,GREEN_2,GREEN,GARGOYLE,0,-3,5,5,0.00,0.00,false
1415,GREEN_3,GREEN,GOBLIN,1,-3,1,1,0.00,0.00,false
1415,BLUE_4,BLUE,GARGOYLE,-3,3,5,5,0.00,0.00,false
1415,BLUE_5,BLUE,GARGOYLE,-2,3,5,5,0.00,0.00,false
1415,BLUE_6,BLUE,GOBLIN,-1,3,1,1,0.00,0.00,false
1416,GREEN_1,GREEN,GARGOYLE,3,-2,5,5,0.00,0.00,false
1416,GREEN_2,GREEN,GARGOYLE,0,-3,5,0,52.00,80.00,false
1416,GREEN_3,GREEN,GOBLIN,1,-3,1,0,0.00,8.00,false
1416,BLUE_4,BLUE,GARGOYLE,-3,3,5,5,0.00,0.00,false
1416,BLUE_5,BLUE,GARGOYLE,-2,3,5,4,88.00,52.00,false
1416,BLUE_6,BLUE,GOBLIN,-1,3,1,1,0.00,0.00,false
1417,GREEN_1,GREEN,ARCHER,2,-3,8,7,90.00,32.00,true
1417,GREEN_2,GREEN,GOLEM,-1,-2,2,2,31.00,16.00,true
1417,GREEN_3,GREEN,SPIDER,0,-3,2,0,3.00,8.00,true
1417,BLUE_4,BLUE,ARCHER,-3,3,8,0,56.00,64.00,false
1417,BLUE_5,BLUE,GOLEM,-2,3,2,0,0.00,52.00,false
1417,BLUE_6,BLUE,SPIDER,-1,3,2,0,0.00,8.00,false
1418,GREEN_1,GREEN,ARCHER,2,-3,8,0,58.00,64.00,false
1418,GREEN_2,GREEN,GOLEM,-1,-2,2,0,0.00,52.00,false
1418,GREEN_3,GREEN,SPIDER,0,-3,2,0,4.00,8.00,false
1418,BLUE_4,BLUE,ARCHER,-3,3,8,4,94.00,44.00,true
1418,BLUE_5,BLUE,GOLEM,-2,3,2,2,26.00,14.00,true
1418,BLUE_6,BLUE,SPIDER,-1,3,2,2,4.00,4.00,true
1419,GREEN_1,GREEN,SPIDER,3,-3,15,2,76.00,56.00,true
1419,GREEN_2,GREEN,SPIDER,1,-2,9,2,24.00,30.00,true
1419,GREEN_3,GREEN,SPIDER,2,-2,1,1,0.00,0.00,true
1419,BLUE_4,BLUE,SPIDER,-3,3,15,0,66.00,60.00,false
1419,BLUE_5,BLUE,SPIDER,-2,3,9,0,18.00,36.00,false
1419,BLUE_6,BLUE,SPIDER,-1,3,1,0,2.00,4.00,false
1420,GREEN_1,GREEN,SPIDER,3,-3,15,10,26.00,24.00,false
1420,GREEN_2,GREEN,SPIDER,1,-2,9,0,16.00,36.00,false
1420,GREEN_3,GREEN,SPIDER,2,-2,1,0,2.00,4.00,false
1420,BLUE_4,BLUE,SPIDER,-3,3,15,7,60.00,42.00,false
1420,BLUE_5,BLUE,SPIDER,-2,3,9,9,0.00,0.00,false
1420,BLUE_6,BLUE,SPIDER,-1,3,1,1,4.00,2.00,false
1421,GREEN_1,GREEN,ASSASSIN,0,-3,7,1,88.00,58.00,true
1421,GREEN_2,GREEN,GARGOYLE,1,-3,1,1,0.00,0.00,true
1421,GREEN_3,GREEN,MAGE,0,-2,2,2,0.00,0.00,true
1421,GREEN_4,GREEN,SPIDER,-1,-2,1,1,4.00,0.00,true
1421,BLUE_5,BLUE,ASSASSIN,-3,3,7,0,53.00,56.00,false
1421,BLUE_6,BLUE,GARGOYLE,-2,3,1,0,3.00,16.00,false
1421,BLUE_7,BLUE,MAGE,-1,3,2,0,2.00,16.00,false
1421,BLUE_8,BLUE,SPIDER,0,3,1,0,0.00,4.00,false
1422,GREEN_1,GREEN,ASSASSIN,0,-3,7,0,39.00,56.00,false
1422,GREEN_2,GREEN,GARGOYLE,1,-3,1,0,3.00,16.00,false
1422,GREEN_3,GREEN,MAGE,0,-2,2,0,2.00,16.00,false
1422,GREEN_4,GREEN,SPIDER,-1,-2,1,0,0.00,4.00,false
1422,BLUE_5,BLUE,ASSASSIN,-3,3,7,3,78.00,44.00,true
1422,BLUE_6,BLUE,GARGOYLE,-2,3,1,1,0.00,0.00,true
1422,BLUE_7,BLUE,MAGE,-1,3,2,2,12.00,0.00,true
1422,BLUE_8,BLUE,SPIDER,0,3,1,1,2.00,0.00,true
1423,GREEN_1,GREEN,SCORPION_RIDER,2,-2,5,4,76.00,60.00,true
1423,GREEN_2,GREEN,SPIDER,1,-3,11,11,58.00,0.00,true
1423,BLUE_3,BLUE,SCORPION_RIDER,-3,3,5,0,40.00,90.00,false
1423,BLUE_4,BLUE,SPIDER,-2,3,11,0,20.00,44.00,false
1424,GREEN_1,GREEN,SCORPION_RIDER,2,-2,5,0,34.00,90.00,false
1424,GREEN_2,GREEN,SPIDER,1,-3,11,0,30.00,44.00,false
1424,BLUE_3,BLUE,SCORPION_RIDER,-3,3,5,3,84.00,64.00,true
1424,BLUE_4,BLUE,SPIDER,-2,3,11,11,50.00,0.00,true
1425,GREEN_1,GREEN,SCORPION_RIDER,2,-3,5,4,84.00,58.00,false
1425,GREEN_2,GREEN,SPIDER,-1,-2,9,9,0.00,0.00,false
1425,GREEN_3,GREEN,SPIDER,1,-3,2,2,0.00,0.00,false
1425,BLUE_4,BLUE,SCORPION_RIDER,-3,3,5,5,40.00,40.00,false
1425,BLUE_5,BLUE,SPIDER,-2,3,9,0,16.00,36.00,false
1425,BLUE_6,BLUE,SPIDER,-1,3,2,0,2.00,8.00,false
1426,GREEN_1,GREEN,SCORPION_RIDER,2,-3,5,5,0.00,0.00,false
1426,GREEN_2,GREEN,SPIDER,-1,-2,9,9,0.00,0.00,false
1426,GREEN_3,GREEN,SPIDER,1,-3,2,2,0.00,0.00,false
1426,BLUE_4,BLUE,SCORPION_RIDER,-3,3,5,5,0.00,0.00,false
1426,BLUE_5,BLUE,SPIDER,-2,3,9,9,0.00,0.00,false
1426,BLUE_6,BLUE,SPIDER,-1,3,2,2,0.00,0.00,false
1427,GREEN_1,GREEN,GOBLIN,3,-3,12,12,0.00,0.00,false
1427,GREEN_2,GREEN,GARGOYLE,3,-2,4,4,0.00,0.00,false
1427,GREEN_3,GREEN,SPIDER,-1,-2,3,3,0.00,0.00,false
1427,BLUE_4,BLUE,GOBLIN,-3,3,12,12,0.00,0.00,false
1427,BLUE_5,BLUE,GARGOYLE,-2,3,4,4,0.00,0.00,false
1427,BLUE_6,BLUE,SPIDER,-1,3,3,3,0.00,0.00,false
1428,GREEN_1,GREEN,GOBLIN,3,-3,12,12,0.00,0.00,false
1428,GREEN_2,GREEN,GARGOYLE,3,-2,4,4,0.00,0.00,false
1428,GREEN_3,GREEN,SPIDER,-1,-2,3,3,0.00,0.00,false
1428,BLUE_4,BLUE,GOBLIN,-3,3,12,12,0.00,0.00,false
1428,BLUE_5,BLUE,GARGOYLE,-2,3,4,4,0.00,0.00,false
1428,BLUE_6,BLUE,SPIDER,-1,3,3,3,0.00,0.00,false
1429,GREEN_1,GREEN,GOLEM,0,-2,4,4,81.00,46.00,true
1429,GREEN_2,GREEN,SPIDER,3,-3,9,9,57.00,0.00,true
1429,GREEN_3,GREEN,MAGE,2,-3,1,1,10.00,0.00,true
1429,BLUE_4,BLUE,GOLEM,-3,3,4,0,38.00,104.00,false
1429,BLUE_5,BLUE,SPIDER,-2,3,9,0,8.00,36.00,false
1429,BLUE_6,BLUE,MAGE,-1,3,1,0,0.00,8.00,false
1430,GREEN_1,GREEN,GOLEM,0,-2,4,4,0.00,0.00,false
1430,GREEN_2,GREEN,SPIDER,3,-3,9,9,0.00,0.00,false
1430,GREEN_3,GREEN,MAGE,2,-3,1,1,0.00,0.00,false
1430,BLUE_4,BLUE,GOLEM,-3,3,4,4,0.00,0.00,false
1430,BLUE_5,BLUE,SPIDER,-2,3,9,9,0.00,0.00,false
1430,BLUE_6,BLUE,MAGE,-1,3,1,1,0.00,0.00,false
1431,GREEN_1,GREEN,GOLEM,2,-3,4,1,79.00,97.00,false
1431,GREEN_2,GREEN,ASSASSIN,3,-3,4,0,34.00,32.00,false
1431,GREEN_3,GREEN,ASSASSIN,1,-3,1,0,2.00,8.00,false
1431,BLUE_4,BLUE,GOLEM,-3,3,4,3,94.00,75.00,false
1431,BLUE_5,BLUE,ASSASSIN,-2,3,4,0,37.00,32.00,false
1431,BLUE_6,BLUE,ASSASSIN,-1,3,1,0,6.00,8.00,false
1432,GREEN_1,GREEN,GOLEM,2,-3,4,4,0.00,0.00,false
1432,GREEN_2,GREEN,ASSASSIN,3,-3,4,0,24.00,32.00,false
1432,GREEN_3,GREEN,ASSASSIN,1,-3,1,0,6.00,8.00,false
1432,BLUE_4,BLUE,GOLEM,-3,3,4,4,32.00,24.00,false
1432,BLUE_5,BLUE,ASSASSIN,-2,3,4,4,8.00,6.00,false
1432,BLUE_6,BLUE,ASSASSIN,-1,3,1,1,0.00,0.00,false
1433,GREEN_1,GREEN,MAGE,1,-3,7,7,0.00,0.00,false
1433,GREEN_2,GREEN,MAGE,3,-2,3,2,32.00,17.00,false
1433,GREEN_3,GREEN,GOBLIN,0,-2,1,1,0.00,0.00,false
1433,BLUE_4,BLUE,MAGE,-3,3,7,7,0.00,0.00,false
1433,BLUE_5,BLUE,MAGE,-2,3,3,0,17.00,24.00,false
1433,BLUE_6,BLUE,GOBLIN,-1,3,1,0,0.00,8.00,false
1434,GREEN_1,GREEN,MAGE,1,-3,7,7,0.00,0.00,false
1434,GREEN_2,GREEN,MAGE,3,-2,3,3,0.00,0.00,false
1434,GREEN_3,GREEN,GOBLIN,0,-2,1,1,0.00,0.00,false
1434,BLUE_4,BLUE,MAGE,-3,3,7,7,0.00,0.00,false
1434,BLUE_5,BLUE,MAGE,-2,3,3,3,0.00,0.00,false
1434,BLUE_6,BLUE,GOBLIN,-1,3,1,1,0.00,0.00,false
1435,GREEN_1,GREEN,SPIDER,1,-2,15,4,108.00,52.00,true
1435,GREEN_2,GREEN,GOLEM,2,-3,3,3,30.00,16.00,true
1435,BLUE_3,BLUE,SPIDER,-3,3,15,0,52.00,60.00,false
1435,BLUE_4,BLUE,GOLEM,-2,3,3,0,16.00,78.00,false
1436,GREEN_1,GREEN,SPIDER,1,-2,15,0,54.00,60.00,false
1436,GREEN_2,GREEN,GOLEM,2,-3,3,0,45.00,78.00,false
1436,BLUE_3,BLUE,SPIDER,-3,3,15,9,72.00,34.00,true
1436,BLUE_4,BLUE,GOLEM,-2,3,3,2,66.00,65.00,true
1437,GREEN_1,GREEN,GOBLIN,1,-3,10,1,95.00,86.00,true
1437,GREEN_2,GREEN,GARGOYLE,3,-3,6,6,83.00,60.00,true
1437,GREEN_3,GREEN,SPIDER,-1,-2,1,1,2.00,2.00,true
1437,BLUE_4,BLUE,GOBLIN,-3,3,10,0,64.00,80.00,false
1437,BLUE_5,BLUE,GARGOYLE,-2,3,6,0,82.00,96.00,false
1437,BLUE_6,BLUE,SPIDER,-1,3,1,0,2.00,4.00,false
1438,GREEN_1,GREEN,GOBLIN,1,-3,10,10,0.00,0.00,false
1438,GREEN_2,GREEN,GARGOYLE,3,-3,6,6,0.00,0.00,false
1438,GREEN_3,GREEN,SPIDER,-1,-2,1,1,0.00,0.00,false
1438,BLUE_4,BLUE,GOBLIN,-3,3,10,10,0.00,0.00,false
1438,BLUE_5,BLUE,GARGOYLE,-2,3,6,6,0.00,0.00,false
1438,BLUE_6,BLUE,SPIDER,-1,3,1,1,0.00,0.00,false
1439,GREEN_1,GREEN,GOBLIN,1,-3,11,11,0.00,0.00,true
1439,GREEN_2,GREEN,ARCHER,3,-3,7,2,144.00,44.00,true
1439,BLUE_3,BLUE,GOBLIN,-3,3,11,0,0.00,88.00,false
1439,BLUE_4,BLUE,ARCHER,-2,3,7,0,44.00,56.00,false
1440,GREEN_1,GREEN,GOBLIN,1,-3,11,11,0.00,0.00,false
1440,GREEN_2,GREEN,ARCHER,3,-3,7,7,0.00,0.00,false
1440,BLUE_3,BLUE,GOBLIN,-3,3,11,11,0.00,0.00,false
1440,BLUE_4,BLUE,ARCHER,-2,3,7,7,0.00,0.00,false
1441,GREEN_1,GREEN,ASSASSIN,0,-3,7,1,56.00,54.00,false
1441,GREEN_2,GREEN,SCORPION_RIDER,2,-3,3,3,0.00,0.00,false
1441,BLUE_3,BLUE,ASSASSIN,-3,3,7,0,54.00,56.00,false
1441,BLUE_4,BLUE,SCORPION_RIDER,-2,3,3,3,0.00,0.00,false
1442,GREEN_1,GREEN,ASSASSIN,0,-3,7,0,44.00,56.00,false
1442,GREEN_2,GREEN,SCORPION_RIDER,2,-3,3,0,54.00,54.00,false
1442,BLUE_3,BLUE,ASSASSIN,-3,3,7,2,60.00,46.00,true
1442,BLUE_4,BLUE,SCORPION_RIDER,-2,3,3,1,50.00,52.00,true
1443,GREEN_1,GREEN,GARGOYLE,1,-2,6,6,0.00,0.00,false
1443,GREEN_2,GREEN,ASSASSIN,3,-3,4,2,40.00,22.00,false
1443,GREEN_3,GREEN,GOBLIN,0,-3,1,1,0.00,0.00,false
1443,BLUE_4,BLUE,GARGOYLE,-3,3,6,6,0.00,0.00,false
1443,BLUE_5,BLUE,ASSASSIN,-2,3,4,0,20.00,32.00,false
1443,BLUE_6,BLUE,GOBLIN,-1,3,1,0,2.00,8.00,false
1444,GREEN_1,GREEN,GARGOYLE,1,-2,6,6,0.00,0.00,false
1444,GREEN_2,GREEN,ASSASSIN,3,-3,4,4,18.00,18.00,false
1444,GREEN_3,GREEN,GOBLIN,0,-3,1,0,4.00,8.00,false
1444,BLUE_4,BLUE,GARGOYLE,-3,3,6,6,0.00,0.00,false
1444,BLUE_5,BLUE,ASSASSIN,-2,3,4,2,26.00,22.00,false
1444,BLUE_6,BLUE,GOBLIN,-1,3,1,1,0.00,0.00,false
1445,GREEN_1,GREEN,GOBLIN,0,-2,11,11,0.00,0.00,true
1445,GREEN_2,GREEN,GARGOYLE,1,-3,5,4,171.00,55.00,true
1445,GREEN_3,GREEN,SPIDER,2,-3,2,0,5.00,8.00,true
1445,BLUE_4,BLUE,GOBLIN,-3,3,11,0,0.00,88.00,false
1445,BLUE_5,BLUE,GARGOYLE,-2,3,5,0,59.00,80.00,false
1445,BLUE_6,BLUE,SPIDER,-1,3,2,0,4.00,8.00,false
1446,GREEN_1,GREEN,GOBLIN,0,-2,11,9,32.00,36.00,false
1446,GREEN_2,GREEN,GARGOYLE,1,-3,5,0,35.00,80.00,false
1446,GREEN_3,GREEN,SPIDER,2,-3,2,0,2.00,8.00,false
1446,BLUE_4,BLUE,GOBLIN,-3,3,11,6,124.00,69.00,false
1446,BLUE_5,BLUE,GARGOYLE,-2,3,5,5,0.00,0.00,false
1446,BLUE_6,BLUE,SPIDER,-1,3,2,2,0.00,0.00,false
1447,GREEN_1,GREEN,GARGOYLE,3,-2,5,5,74.00,15.00,true
1447,GREEN_2,GREEN,ARCHER,1,-3,5,4,52.00,16.00,true
1447,GREEN_3,GREEN,SCORPION_RIDER,0,-3,1,1,12.00,12.00,true
1447,BLUE_4,BLUE,GARGOYLE,-3,3,5,0,15.00,80.00,false
1447,BLUE_5,BLUE,ARCHER,-2,3,5,0,28.00,40.00,false
1447,BLUE_6,BLUE,SCORPION_RIDER,-1,3,1,0,0.00,18.00,false
1448,GREEN_1,GREEN,GARGOYLE,3,-2,5,0,27.00,80.00,false
1448,GREEN_2,GREEN,ARCHER,1,-3,5,0,24.00,40.00,false
1448,GREEN_3,GREEN,SCORPION_RIDER,0,-3,1,0,0.00,18.00,false
1448,BLUE_4,BLUE,GARGOYLE,-3,3,5,5,44.00,12.00,true
1448,BLUE_5,BLUE,ARCHER,-2,3,5,4,84.00,24.00,true
1448,BLUE_6,BLUE,SCORPION_RIDER,-1,3,1,1,10.00,15.00,true
1449,GREEN_1,GREEN,ASSASSIN,1,-2,8,2,76.00,56.00,false
1449,GREEN_2,GREEN,SPIDER,0,-3,5,5,0.00,0.00,false
1449,GREEN_3,GREEN,SPIDER,1,-3,1,1,0.00,0.00,false
1449,BLUE_4,BLUE,ASSASSIN,-3,3,8,3,50.00,52.00,false
1449,BLUE_5,BLUE,SPIDER,-2,3,5,0,6.00,20.00,false
1449,BLUE_6,BLUE,SPIDER,-1,3,1,0,0.00,4.00,false
1450,GREEN_1,GREEN,ASSASSIN,1,-2,8,0,52.00,64.00,false
1450,GREEN_2,GREEN,SPIDER,0,-3,5,2,10.00,12.00,false
1450,GREEN_3,GREEN,SPIDER,1,-3,1,0,0.00,4.00,false
1450,BLUE_4,BLUE,ASSASSIN,-3,3,8,1,60.00,62.00,false
1450,BLUE_5,BLUE,SPIDER,-2,3,5,5,20.00,0.00,false
1450,BLUE_6,BLUE,SPIDER,-1,3,1,1,0.00,0.00,false
1451,GREEN_1,GREEN,GARGOYLE,0,-3,5,5,0.00,0.00,false
1451,GREEN_2,GREEN,SPIDER,2,-2,10,10,0.00,0.00,false
1451,GREEN_3,GREEN,GOBLIN,3,-2,3,3,0.00,0.00,false
1451,BLUE_4,BLUE,GARGOYLE,-3,3,5,5,0.00,0.00,false
1451,BLUE_5,BLUE,SPIDER,-2,3,10,10,0.00,0.00,false
1451,BLUE_6,BLUE,GOBLIN,-1,3,3,3,0.00,0.00,false
1452,GREEN_1,GREEN,GARGOYLE,0,-3,5,5,0.00,0.00,false
1452,GREEN_2,GREEN,SPIDER,2,-2,10,10,0.00,0.00,false
1452,GREEN_3,GREEN,GOBLIN,3,-2,3,3,0.00,0.00,false
1452,BLUE_4,BLUE,GARGOYLE,-3,3,5,5,0.00,0.00,false
1452,BLUE_5,BLUE,SPIDER,-2,3,10,10,0.00,0.00,false
1452,BLUE_6,BLUE,GOBLIN,-1,3,3,3,0.00,0.00,false
1453,GREEN_1,GREEN,SCORPION_RIDER,1,-2,5,5,88.00,40.00,false
1453,GREEN_2,GREEN,GOBLIN,2,-3,11,11,0.00,0.00,false
1453,BLUE_3,BLUE,SCORPION_RIDER,-3,3,5,5,0.00,0.00,false
1453,BLUE_4,BLUE,GOBLIN,-2,3,11,0,40.00,88.00,false
1454,GREEN_1,GREEN,SCORPION_RIDER,1,-2,5,0,86.00,90.00,false
1454,GREEN_2,GREEN,GOBLIN,2,-3,11,0,66.00,88.00,false
1454,BLUE_3,BLUE,SCORPION_RIDER,-3,3,5,1,106.00,88.00,true
1454,BLUE_4,BLUE,GOBLIN,-2,3,11,5,72.00,64.00,true
1455,GREEN_1,GREEN,GARGOYLE,2,-2,6,3,155.00,78.00,true
1455,GREEN_2,GREEN,GOBLIN,0,-2,8,8,0.00,0.00,true
1455,GREEN_3,GREEN,GARGOYLE,1,-3,1,1,21.00,15.00,true
1455,BLUE_4,BLUE,GARGOYLE,-3,3,6,0,93.00,96.00,false
1455,BLUE_5,BLUE,GOBLIN,-2,3,8,0,0.00,64.00,false
1455,BLUE_6,BLUE,GARGOYLE,-1,3,1,0,0.00,16.00,false
1456,GREEN_1,GREEN,GARGOYLE,2,-2,6,0,70.00,96.00,false
1456,GREEN_2,GREEN,GOBLIN,0,-2,8,0,21.00,64.00,false
1456,GREEN_3,GREEN,GARGOYLE,1,-3,1,0,3.00,16.00,false
1456,BLUE_4,BLUE,GARGOYLE,-3,3,6,6,80.00,30.00,true
1456,BLUE_5,BLUE,GOBLIN,-2,3,8,1,96.00,64.00,true
1456,BLUE_6,BLUE,GARGOYLE,-1,3,1,1,0.00,0.00,true
1457,GREEN_1,GREEN,GARGOYLE,0,-3,6,6,0.00,0.00,false
1457,GREEN_2,GREEN,GOLEM,2,-3,3,3,0.00,0.00,false
1457,GREEN_3,GREEN,GOBLIN,1,-3,1,1,0.00,0.00,false
1457,BLUE_4,BLUE,GARGOYLE,-3,3,6,6,0.00,0.00,false
1457,BLUE_5,BLUE,GOLEM,-2,3,3,3,0.00,0.00,false
1457,BLUE_6,BLUE,GOBLIN,-1,3,1,1,0.00,0.00,false
1458,GREEN_1,GREEN,GARGOYLE,0,-3,6,6,0.00,0.00,false
1458,GREEN_2,GREEN,GOLEM,2,-3,3,3,0.00,0.00,false
1458,GREEN_3,GREEN,GOBLIN,1,-3,1,1,0.00,0.00,false
1458,BLUE_4,BLUE,GARGOYLE,-3,3,6,6,0.00,0.00,false
1458,BLUE_5,BLUE,GOLEM,-2,3,3,3,0.00,0.00,false
1458,BLUE_6,BLUE,GOBLIN,-1,3,1,1,0.00,0.00,false
1459,GREEN_1,GREEN,GOBLIN,1,-3,10,3,61.00,62.00,true
1459,GREEN_2,GREEN,MAGE,0,-2,5,5,59.00,12.00,true
1459,GREEN_3,GREEN,SPIDER,3,-2,3,1,12.00,10.00,true
1459,BLUE_4,BLUE,GOBLIN,-3,3,10,0,56.00,80.00,false
1459,BLUE_5,BLUE,MAGE,-2,3,5,0,28.00,40.00,false
1459,BLUE_6,BLUE,SPIDER,-1,3,3,0,0.00,12.00,false
1460,GREEN_1,GREEN,GOBLIN,1,-3,10,0,46.00,80.00,false
1460,GREEN_2,GREEN,MAGE,0,-2,5,0,19.00,40.00,false
1460,GREEN_3,GREEN,SPIDER,3,-2,3,0,10.00,12.00,false
1460,BLUE_4,BLUE,GOBLIN,-3,3,10,6,72.00,50.00,true
1460,BLUE_5,BLUE,MAGE,-2,3,5,5,48.00,15.00,true
1460,BLUE_6,BLUE,SPIDER,-1,3,3,1,12.00,10.00,true
1461,GREEN_1,GREEN,GOLEM,2,-3,4,4,90.00,49.00,true
1461,GREEN_2,GREEN,SPIDER,3,-2,10,9,62.00,10.00,true
1461,GREEN_3,GREEN,GOBLIN,0,-3,1,1,0.00,0.00,true
1461,BLUE_4,BLUE,GOLEM,-3,3,4,0,41.00,104.00,false
1461,BLUE_5,BLUE,SPIDER,-2,3,10,0,18.00,40.00,false
1461,BLUE_6,BLUE,GOBLIN,-1,3,1,0,0.00,8.00,false
1462,GREEN_1,GREEN,GOLEM,2,-3,4,4,0.00,0.00,false
1462,GREEN_2,GREEN,SPIDER,3,-2,10,0,14.00,40.00,false
1462,GREEN_3,GREEN,GOBLIN,0,-3,1,1,0.00,0.00,false
1462,BLUE_4,BLUE,GOLEM,-3,3,4,4,40.00,14.00,false
1462,BLUE_5,BLUE,SPIDER,-2,3,10,10,0.00,0.00,false
1462,BLUE_6,BLUE,GOBLIN,-1,3,1,1,0.00,0.00,false
1463,GREEN_1,GREEN,SPIDER,2,-2,15,15,0.00,0.00,false
1463,GREEN_2,GREEN,GARGOYLE,0,-3,4,2,17.00,43.00,false
1463,BLUE_3,BLUE,SPIDER,-3,3,15,13,38.00,17.00,false
1463,BLUE_4,BLUE,GARGOYLE,-2,3,4,4,5.00,0.00,false
1464,GREEN_1,GREEN,SPIDER,2,-2,15,15,0.00,0.00,false
1464,GREEN_2,GREEN,GARGOYLE,0,-3,4,4,0.00,0.00,false
1464,BLUE_3,BLUE,SPIDER,-3,3,15,15,0.00,0.00,false
1464,BLUE_4,BLUE,GARGOYLE,-2,3,4,4,0.00,0.00,false
1465,GREEN_1,GREEN,SPIDER,3,-3,16,16,0.00,0.00,false
1465,GREEN_2,GREEN,GARGOYLE,1,-3,3,3,0.00,0.00,false
1465,GREEN_3,GREEN,GOBLIN,2,-3,2,2,0.00,0.00,false
1465,BLUE_4,BLUE,SPIDER,-3,3,16,16,0.00,0.00,false
1465,BLUE_5,BLUE,GARGOYLE,-2,3,3,3,0.00,0.00,false
1465,BLUE_6,BLUE,GOBLIN,-1,3,2,2,0.00,0.00,false
1466,GREEN_1,GREEN,SPIDER,3,-3,16,16,0.00,0.00,false
1466,GREEN_2,GREEN,GARGOYLE,1,-3,3,3,0.00,0.00,false
1466,GREEN_3,GREEN,GOBLIN,2,-3,2,2,0.00,0.00,false
1466,BLUE_4,BLUE,SPIDER,-3,3,16,16,0.00,0.00,false
1466,BLUE_5,BLUE,GARGOYLE,-2,3,3,3,0.00,0.00,false
1466,BLUE_6,BLUE,GOBLIN,-1,3,2,2,0.00,0.00,false
1467,GREEN_1,GREEN,GOBLIN,1,-3,10,10,0.00,0.00,false
1467,GREEN_2,GREEN,GARGOYLE,0,-2,5,5,0.00,0.00,false
1467,GREEN_3,GREEN,SCORPION_RIDER,2,-3,1,1,0.00,0.00,false
1467,BLUE_4,BLUE,GOBLIN,-3,3,10,10,0.00,0.00,false
1467,BLUE_5,BLUE,GARGOYLE,-2,3,5,5,0.00,0.00,false
1467,BLUE_6,BLUE,SCORPION_RIDER,-1,3,1,1,0.00,0.00,false
1468,GREEN_1,GREEN,GOBLIN,1,-3,10,10,0.00,0.00,false
1468,GREEN_2,GREEN,GARGOYLE,0,-2,5,5,0.00,0.00,false
1468,GREEN_3,GREEN,SCORPION_RIDER,2,-3,1,1,0.00,0.00,false
1468,BLUE_4,BLUE,GOBLIN,-3,3,10,10,0.00,0.00,false
1468,BLUE_5,BLUE,GARGOYLE,-2,3,5,5,0.00,0.00,false
1468,BLUE_6,BLUE,SCORPION_RIDER,-1,3,1,1,0.00,0.00,false
1469,GREEN_1,GREEN,SCORPION_RIDER,1,-2,3,3,49.00,37.00,true
1469,GREEN_2,GREEN,GARGOYLE,3,-3,6,6,125.00,57.00,true
1469,GREEN_3,GREEN,GOBLIN,1,-3,3,3,0.00,0.00,true
1469,BLUE_4,BLUE,SCORPION_RIDER,-3,3,3,0,0.00,54.00,false
1469,BLUE_5,BLUE,GARGOYLE,-2,3,6,0,90.00,96.00,false
1469,BLUE_6,BLUE,GOBLIN,-1,3,3,0,4.00,24.00,false
1470,GREEN_1,GREEN,SCORPION_RIDER,1,-2,3,3,0.00,0.00,false
1470,GREEN_2,GREEN,GARGOYLE,3,-3,6,6,0.00,0.00,false
1470,GREEN_3,GREEN,GOBLIN,1,-3,3,3,0.00,0.00,false
1470,BLUE_4,BLUE,SCORPION_RIDER,-3,3,3,3,0.00,0.00,false
1470,BLUE_5,BLUE,GARGOYLE,-2,3,6,6,0.00,0.00,false
1470,BLUE_6,BLUE,GOBLIN,-1,3,3,3,0.00,0.00,false
1471,GREEN_1,GREEN,ASSASSIN,1,-3,7,4,62.00,30.00,true
1471,GREEN_2,GREEN,SCORPION_RIDER,-1,-2,3,1,48.00,48.00,true
1471,BLUE_3,BLUE,ASSASSIN,-3,3,7,0,54.00,56.00,false
1471,BLUE_4,BLUE,SCORPION_RIDER,-2,3,3,0,24.00,54.00,false
1472,GREEN_1,GREEN,ASSASSIN,1,-3,7,0,62.00,56.00,false
1472,GREEN_2,GREEN,SCORPION_RIDER,-1,-2,3,0,40.00,54.00,false
1472,BLUE_3,BLUE,ASSASSIN,-3,3,7,1,62.00,54.00,true
1472,BLUE_4,BLUE,SCORPION_RIDER,-2,3,3,1,48.00,48.00,true
1473,GREEN_1,GREEN,GARGOYLE,2,-3,5,5,0.00,0.00,false
1473,GREEN_2,GREEN,GOBLIN,3,-3,10,10,0.00,0.00,false
1473,GREEN_3,GREEN,GOLEM,1,-3,1,1,0.00,0.00,false
1473,BLUE_4,BLUE,GARGOYLE,-3,3,5,5,0.00,0.00,false
1473,BLUE_5,BLUE,GOBLIN,-2,3,10,10,0.00,0.00,false
1473,BLUE_6,BLUE,GOLEM,-1,3,1,1,0.00,0.00,false
1474,GREEN_1,GREEN,GARGOYLE,2,-3,5,5,0.00,0.00,false
1474,GREEN_2,GREEN,GOBLIN,3,-3,10,10,0.00,0.00,false
1474,GREEN_3,GREEN,GOLEM,1,-3,1,1,0.00,0.00,false
1474,BLUE_4,BLUE,GARGOYLE,-3,3,5,5,0.00,0.00,false
1474,BLUE_5,BLUE,GOBLIN,-2,3,10,10,0.00,0.00,false
1474,BLUE_6,BLUE,GOLEM,-1,3,1,1,0.00,0.00,false
1475,GREEN_1,GREEN,SCORPION_RIDER,1,-2,5,2,119.00,71.00,true
1475,GREEN_2,GREEN,GARGOYLE,3,-2,4,4,43.00,0.00,true
1475,GREEN_3,GREEN,SPIDER,2,-2,2,2,0.00,0.00,true
1475,BLUE_4,BLUE,SCORPION_RIDER,-3,3,5,0,39.00,90.00,false
1475,BLUE_5,BLUE,GARGOYLE,-2,3,4,0,30.00,64.00,false
1475,BLUE_6,BLUE,SPIDER,-1,3,2,0,2.00,8.00,false
1476,GREEN_1,GREEN,SCORPION_RIDER,1,-2,5,0,60.00,90.00,false
1476,GREEN_2,GREEN,GARGOYLE,3,-2,4,0,27.00,64.00,false
1476,GREEN_3,GREEN,SPIDER,2,-2,2,0,2.00,8.00,false
1476,BLUE_4,BLUE,SCORPION_RIDER,-3,3,5,1,109.00,86.00,true
1476,BLUE_5,BLUE,GARGOYLE,-2,3,4,4,33.00,0.00,true
1476,BLUE_6,BLUE,SPIDER,-1,3,2,2,20.00,3.00,true
1477,GREEN_1,GREEN,SPIDER,1,-3,15,6,70.00,40.00,true
1477,GREEN_2,GREEN,GOLEM,3,-2,3,3,68.00,49.00,true
1477,BLUE_3,BLUE,SPIDER,-3,3,15,0,52.00,60.00,false
1477,BLUE_4,BLUE,GOLEM,-2,3,3,0,37.00,78.00,false
1478,GREEN_1,GREEN,SPIDER,1,-3,15,15,0.00,0.00,false
1478,GREEN_2,GREEN,GOLEM,3,-2,3,3,0.00,0.00,false
1478,BLUE_3,BLUE,SPIDER,-3,3,15,15,0.00,0.00,false
1478,BLUE_4,BLUE,GOLEM,-2,3,3,3,0.00,0.00,false
1479,GREEN_1,GREEN,ARCHER,0,-3,8,6,78.00,36.00,true
1479,GREEN_2,GREEN,SPIDER,-1,-2,8,6,18.00,14.00,true
1479,GREEN_3,GREEN,SPIDER,3,-3,1,1,4.00,2.00,true
1479,BLUE_4,BLUE,ARCHER,-3,3,8,0,50.00,64.00,false
1479,BLUE_5,BLUE,SPIDER,-2,3,8,0,0.00,32.00,false
1479,BLUE_6,BLUE,SPIDER,-1,3,1,0,2.00,4.00,false
1480,GREEN_1,GREEN,ARCHER,0,-3,8,0,66.00,64.00,false
1480,GREEN_2,GREEN,SPIDER,-1,-2,8,0,0.00,32.00,false
1480,GREEN_3,GREEN,SPIDER,3,-3,1,0,2.00,4.00,false
1480,BLUE_4,BLUE,ARCHER,-3,3,8,4,82.00,54.00,true
1480,BLUE_5,BLUE,SPIDER,-2,3,8,6,18.00,14.00,true
1480,BLUE_6,BLUE,SPIDER,-1,3,1,1,0.00,0.00,true
1481,GREEN_1,GREEN,GOBLIN,0,-3,11,11,0.00,0.00,false
1481,GREEN_2,GREEN,SCORPION_RIDER,-1,-2,4,4,0.00,0.00,false
1481,GREEN_3,GREEN,GOBLIN,0,-2,3,3,0.00,0.00,false
1481,BLUE_4,BLUE,GOBLIN,-3,3,11,11,0.00,0.00,false
1481,BLUE_5,BLUE,SCORPION_RIDER,-2,3,4,4,0.00,0.00,false
1481,BLUE_6,BLUE,GOBLIN,-1,3,3,3,0.00,0.00,false
1482,GREEN_1,GREEN,GOBLIN,0,-3,11,11,0.00,0.00,false
1482,GREEN_2,GREEN,SCORPION_RIDER,-1,-2,4,4,0.00,0.00,false
1482,GREEN_3,GREEN,GOBLIN,0,-2,3,3,0.00,0.00,false
1482,BLUE_4,BLUE,GOBLIN,-3,3,11,11,0.00,0.00,false
1482,BLUE_5,BLUE,SCORPION_RIDER,-2,3,4,4,0.00,0.00,false
1482,BLUE_6,BLUE,GOBLIN,-1,3,3,3,0.00,0.00,false
1483,GREEN_1,GREEN,MAGE,3,-3,7,7,0.00,0.00,true
1483,GREEN_2,GREEN,GOLEM,1,-3,2,0,93.00,52.00,true
1483,GREEN_3,GREEN,SPIDER,2,-3,2,2,23.00,0.00,true
1483,BLUE_4,BLUE,MAGE,-3,3,7,0,18.00,56.00,false
1483,BLUE_5,BLUE,GOLEM,-2,3,2,0,34.00,52.00,false
1483,BLUE_6,BLUE,SPIDER,-1,3,2,0,0.00,8.00,false
1484,GREEN_1,GREEN,MAGE,3,-3,7,0,47.00,56.00,false
1484,GREEN_2,GREEN,GOLEM,1,-3,2,0,20.00,52.00,false
1484,GREEN_3,GREEN,SPIDER,2,-3,2,0,0.00,8.00,false
1484,BLUE_4,BLUE,MAGE,-3,3,7,3,78.00,47.00,true
1484,BLUE_5,BLUE,GOLEM,-2,3,2,2,30.00,20.00,true
1484,BLUE_6,BLUE,SPIDER,-1,3,2,2,8.00,0.00,true
1485,GREEN_1,GREEN,SPIDER,2,-3,16,12,88.00,32.00,true
1485,GREEN_2,GREEN,SCORPION_RIDER,-1,-2,3,1,32.00,50.00,true
1485,GREEN_3,GREEN,SPIDER,3,-3,1,1,2.00,0.00,true
1485,BLUE_4,BLUE,SPIDER,-3,3,16,0,58.00,64.00,false
1485,BLUE_5,BLUE,SCORPION_RIDER,-2,3,3,0,24.00,54.00,false
1485,BLUE_6,BLUE,SPIDER,-1,3,1,0,0.00,4.00,false
1486,GREEN_1,GREEN,SPIDER,2,-3,16,0,74.00,64.00,false
1486,GREEN_2,GREEN,SCORPION_RIDER,-1,-2,3,0,0.00,54.00,false
1486,GREEN_3,GREEN,SPIDER,3,-3,1,0,0.00,4.00,false
1486,BLUE_4,BLUE,SPIDER,-3,3,16,14,88.00,18.00,true
1486,BLUE_5,BLUE,SCORPION_RIDER,-2,3,3,0,32.00,54.00,true
1486,BLUE_6,BLUE,SPIDER,-1,3,1,1,2.00,2.00,true
1487,GREEN_1,GREEN,GOBLIN,3,-3,10,10,0.00,0.00,true
1487,GREEN_2,GREEN,ARCHER,1,-3,6,2,136.00,37.00,true
1487,GREEN_3,GREEN,MAGE,3,-2,1,1,0.00,0.00,true
1487,BLUE_4,BLUE,GOBLIN,-3,3,10,0,0.00,80.00,false
1487,BLUE_5,BLUE,ARCHER,-2,3,6,0,36.00,48.00,false
1487,BLUE_6,BLUE,MAGE,-1,3,1,0,1.00,8.00,false
1488,GREEN_1,GREEN,GOBLIN,3,-3,10,0,24.00,80.00,false
1488,GREEN_2,GREEN,ARCHER,1,-3,6,0,14.00,48.00,false
1488,GREEN_3,GREEN,MAGE,3,-2,1,0,5.00,8.00,false
1488,BLUE_4,BLUE,GOBLIN,-3,3,10,9,80.00,34.00,true
1488,BLUE_5,BLUE,ARCHER,-2,3,6,6,39.00,4.00,true
1488,BLUE_6,BLUE,MAGE,-1,3,1,1,17.00,5.00,true
1489,GREEN_1,GREEN,GOBLIN,1,-3,11,11,0.00,0.00,false
1489,GREEN_2,GREEN,ARCHER,2,-3,6,6,0.00,0.00,false
1489,GREEN_3,GREEN,SPIDER,3,-3,2,2,0.00,0.00,false
1489,BLUE_4,BLUE,GOBLIN,-3,3,11,11,0.00,0.00,false
1489,BLUE_5,BLUE,ARCHER,-2,3,6,6,0.00,0.00,false
1489,BLUE_6,BLUE,SPIDER,-1,3,2,2,0.00,0.00,false
1490,GREEN_1,GREEN,GOBLIN,1,-3,11,0,0.00,88.00,false
1490,GREEN_2,GREEN,ARCHER,2,-3,6,0,32.00,48.00,false
1490,GREEN_3,GREEN,SPIDER,3,-3,2,0,0.00,8.00,false
1490,BLUE_4,BLUE,GOBLIN,-3,3,11,11,0.00,0.00,true
1490,BLUE_5,BLUE,ARCHER,-2,3,6,3,144.00,32.00,true
1490,BLUE_6,BLUE,SPIDER,-1,3,2,2,0.00,0.00,true
1491,GREEN_1,GREEN,GOLEM,0,-3,4,4,87.00,38.00,true
1491,GREEN_2,GREEN,SPIDER,-1,-2,9,9,53.00,0.00,true
1491,GREEN_3,GREEN,ASSASSIN,3,-3,1,1,8.00,6.00,true
1491,BLUE_4,BLUE,GOLEM,-3,3,4,0,30.00,104.00,false
1491,BLUE_5,BLUE,SPIDER,-2,3,9,0,8.00,36.00,false
1491,BLUE_6,BLUE,ASSASSIN,-1,3,1,0,6.00,8.00,false
1492,GREEN_1,GREEN,GOLEM,0,-3,4,0,2.00,104.00,false
1492,GREEN_2,GREEN,SPIDER,-1,-2,9,0,10.00,36.00,false
1492,GREEN_3,GREEN,ASSASSIN,3,-3,1,0,6.00,8.00,false
1492,BLUE_4,BLUE,GOLEM,-3,3,4,4,32.00,8.00,true
1492,BLUE_5,BLUE,SPIDER,-2,3,9,9,104.00,2.00,true
1492,BLUE_6,BLUE,ASSASSIN,-1,3,1,0,12.00,8.00,true
1493,GREEN_1,GREEN,SCORPION_RIDER,1,-2,6,6,0.00,0.00,false
1493,GREEN_2,GREEN,SCORPION_RIDER,1,-3,3,3,0.00,0.00,false
1493,GREEN_3,GREEN,SPIDER,0,-3,1,1,0.00,0.00,false
1493,BLUE_4,BLUE,SCORPION_RIDER,-3,3,6,6,0.00,0.00,false
1493,BLUE_5,BLUE,SCORPION_RIDER,-2,3,3,3,0.00,0.00,false
1493,BLUE_6,BLUE,SPIDER,-1,3,1,1,0.00,0.00,false
1494,GREEN_1,GREEN,SCORPION_RIDER,1,-2,6,6,0.00,0.00,false
1494,GREEN_2,GREEN,SCORPION_RIDER,1,-3,3,3,0.00,0.00,false
1494,GREEN_3,GREEN,SPIDER,0,-3,1,1,0.00,0.00,false
1494,BLUE_4,BLUE,SCORPION_RIDER,-3,3,6,6,0.00,0.00,false
1494,BLUE_5,BLUE,SCORPION_RIDER,-2,3,3,3,0.00,0.00,false
1494,BLUE_6,BLUE,SPIDER,-1,3,1,1,0.00,0.00,false
1495,GREEN_1,GREEN,GOLEM,2,-2,4,3,116.00,53.00,true
1495,GREEN_2,GREEN,SPIDER,0,-2,9,9,29.00,0.00,true
1495,GREEN_3,GREEN,GOBLIN,1,-2,2,2,11.00,7.00,true
1495,BLUE_4,BLUE,GOLEM,-3,3,4,0,55.00,104.00,false
1495,BLUE_5,BLUE,SPIDER,-2,3,9,0,4.00,36.00,false
1495,BLUE_6,BLUE,GOBLIN,-1,3,2,0,1.00,16.00,false
1496,GREEN_1,GREEN,GOLEM,2,-2,4,4,0.00,0.00,false
1496,GREEN_2,GREEN,SPIDER,0,-2,9,9,0.00,0.00,false
1496,GREEN_3,GREEN,GOBLIN,1,-2,2,2,0.00,0.00,false
1496,BLUE_4,BLUE,GOLEM,-3,3,4,4,0.00,0.00,false
1496,BLUE_5,BLUE,SPIDER,-2,3,9,9,0.00,0.00,false
1496,BLUE_6,BLUE,GOBLIN,-1,3,2,2,0.00,0.00,false
1497,GREEN_1,GREEN,ARCHER,3,-2,7,7,0.00,0.00,false
1497,GREEN_2,GREEN,MAGE,0,-3,4,4,0.00,0.00,false
1497,GREEN_3,GREEN,SPIDER,1,-3,1,1,0.00,0.00,false
1497,BLUE_4,BLUE,ARCHER,-3,3,7,7,0.00,0.00,false
1497,BLUE_5,BLUE,MAGE,-2,3,4,4,0.00,0.00,false
1497,BLUE_6,BLUE,SPIDER,-1,3,1,1,0.00,0.00,false
1498,GREEN_1,GREEN,ARCHER,3,-2,7,7,0.00,0.00,false
1498,GREEN_2,GREEN,MAGE,0,-3,4,4,0.00,0.00,false
1498,GREEN_3,GREEN,SPIDER,1,-3,1,1,0.00,0.00,false
1498,BLUE_4,BLUE,ARCHER,-3,3,7,7,0.00,0.00,false
1498,BLUE_5,BLUE,MAGE,-2,3,4,4,0.00,0.00,false
1498,BLUE_6,BLUE,SPIDER,-1,3,1,1,0.00,0.00,false
1499,GREEN_1,GREEN,MAGE,0,-3,8,7,68.00,29.00,true
1499,GREEN_2,GREEN,SCORPION_RIDER,2,-2,2,1,36.00,27.00,true
1499,GREEN_3,GREEN,SPIDER,3,-3,1,1,0.00,0.00,true
1499,BLUE_4,BLUE,MAGE,-3,3,8,0,40.00,64.00,false
1499,BLUE_5,BLUE,SCORPION_RIDER,-2,3,2,0,16.00,36.00,false
1499,BLUE_6,BLUE,SPIDER,-1,3,1,0,0.00,4.00,false
1500,GREEN_1,GREEN,MAGE,0,-3,8,0,34.00,64.00,false
1500,GREEN_2,GREEN,SCORPION_RIDER,2,-2,2,0,0.00,36.00,false
1500,GREEN_3,GREEN,SPIDER,3,-3,1,0,0.00,4.00,false
1500,BLUE_4,BLUE,MAGE,-3,3,8,8,80.00,27.00,true
1500,BLUE_5,BLUE,SCORPION_RIDER,-2,3,2,2,24.00,7.00,true
1500,BLUE_6,BLUE,SPIDER,-1,3,1,1,0.00,0.00,true
1501,GREEN_1,GREEN,ARCHER,3,-2,8,8,0.00,0.00,false
1501,GREEN_2,GREEN,MAGE,2,-3,3,3,0.00,0.00,false
1501,GREEN_3,GREEN,SPIDER,-1,-2,2,2,0.00,0.00,false
1501,BLUE_4,BLUE,ARCHER,-3,3,8,8,0.00,0.00,false
1501,BLUE_5,BLUE,MAGE,-2,3,3,3,0.00,0.00,false
1501,BLUE_6,BLUE,SPIDER,-1,3,2,2,0.00,0.00,false
1502,GREEN_1,GREEN,ARCHER,3,-2,8,0,60.00,64.00,false
1502,GREEN_2,GREEN,MAGE,2,-3,3,0,18.00,24.00,false
1502,GREEN_3,GREEN,SPIDER,-1,-2,2,0,0.00,8.00,false
1502,BLUE_4,BLUE,ARCHER,-3,3,8,3,68.00,54.00,true
1502,BLUE_5,BLUE,MAGE,-2,3,3,3,23.00,21.00,true
1502,BLUE_6,BLUE,SPIDER,-1,3,2,2,5.00,3.00,true
1503,GREEN_1,GREEN,SPIDER,0,-2,13,1,41.00,51.00,false
1503,GREEN_2,GREEN,GARGOYLE,-1,-2,5,1,78.00,77.00,false
1503,BLUE_3,BLUE,SPIDER,-3,3,13,0,42.00,52.00,false
1503,BLUE_4,BLUE,GARGOYLE,-2,3,5,3,86.00,67.00,false
1504,GREEN_1,GREEN,SPIDER,0,-2,13,13,0.00,0.00,false
1504,GREEN_2,GREEN,GARGOYLE,-1,-2,5,5,0.00,0.00,false
1504,BLUE_3,BLUE,SPIDER,-3,3,13,13,0.00,0.00,false
1504,BLUE_4,BLUE,GARGOYLE,-2,3,5,5,0.00,0.00,false
1505,GREEN_1,GREEN,GOBLIN,-1,-2,11,3,87.00,72.00,true
1505,GREEN_2,GREEN,SCORPION_RIDER,0,-2,4,0,92.00,72.00,true
1505,GREEN_3,GREEN,GOLEM,1,-3,1,0,7.00,26.00,true
1505,BLUE_4,BLUE,GOBLIN,-3,3,11,0,90.00,88.00,false
1505,BLUE_5,BLUE,SCORPION_RIDER,-2,3,4,0,73.00,72.00,false
1505,BLUE_6,BLUE,GOLEM,-1,3,1,0,7.00,26.00,false
1506,GREEN_1,GREEN,GOBLIN,-1,-2,11,0,60.00,88.00,false
1506,GREEN_2,GREEN,SCORPION_RIDER,0,-2,4,4,0.00,0.00,false
1506,GREEN_3,GREEN,GOLEM,1,-3,1,0,7.00,26.00,false
1506,BLUE_4,BLUE,GOBLIN,-3,3,11,10,44.00,24.00,false
1506,BLUE_5,BLUE,SCORPION_RIDER,-2,3,4,4,70.00,43.00,false
1506,BLUE_6,BLUE,GOLEM,-1,3,1,1,0.00,0.00,false
1507,GREEN_1,GREEN,SPIDER,1,-3,16,16,0.00,0.00,false
1507,GREEN_2,GREEN,SCORPION_RIDER,-1,-2,3,1,54.00,52.00,false
1507,GREEN_3,GREEN,SPIDER,3,-3,1,1,0.00,0.00,false
1507,BLUE_4,BLUE,SPIDER,-3,3,16,16,0.00,0.00,false
1507,BLUE_5,BLUE,SCORPION_RIDER,-2,3,3,2,52.00,50.00,false
1507,BLUE_6,BLUE,SPIDER,-1,3,1,0,0.00,4.00,false
1508,GREEN_1,GREEN,SPIDER,1,-3,16,16,0.00,0.00,false
1508,GREEN_2,GREEN,SCORPION_RIDER,-1,-2,3,3,0.00,0.00,false
1508,GREEN_3,GREEN,SPIDER,3,-3,1,1,0.00,0.00,false
1508,BLUE_4,BLUE,SPIDER,-3,3,16,16,0.00,0.00,false
1508,BLUE_5,BLUE,SCORPION_RIDER,-2,3,3,3,0.00,0.00,false
1508,BLUE_6,BLUE,SPIDER,-1,3,1,1,0.00,0.00,false
1509,GREEN_1,GREEN,ARCHER,3,-3,7,3,42.00,36.00,true
1509,GREEN_2,GREEN,ASSASSIN,1,-3,4,0,50.00,32.00,true
1509,GREEN_3,GREEN,SPIDER,0,-3,1,1,0.00,0.00,true
1509,BLUE_4,BLUE,ARCHER,-3,3,7,0,48.00,56.00,false
1509,BLUE_5,BLUE,ASSASSIN,-2,3,4,0,20.00,32.00,false
1509,BLUE_6,BLUE,SPIDER,-1,3,1,0,0.00,4.00,false
1510,GREEN_1,GREEN,ARCHER,3,-3,7,0,50.00,56.00,false
1510,GREEN_2,GREEN,ASSASSIN,1,-3,4,0,14.00,32.00,false
1510,GREEN_3,GREEN,SPIDER,0,-3,1,0,0.00,4.00,false
1510,BLUE_4,BLUE,ARCHER,-3,3,7,4,46.00,28.00,true
1510,BLUE_5,BLUE,ASSASSIN,-2,3,4,0,44.00,32.00,true
1510,BLUE_6,BLUE,SPIDER,-1,3,1,0,2.00,4.00,true
1511,GREEN_1,GREEN,GARGOYLE,2,-3,6,6,0.00,0.00,false
1511,GREEN_2,GREEN,SPIDER,2,-2,9,9,0.00,0.00,false
1511,GREEN_3,GREEN,GOBLIN,3,-2,2,2,0.00,0.00,false
1511,BLUE_4,BLUE,GARGOYLE,-3,3,6,6,0.00,0.00,false
1511,BLUE_5,BLUE,SPIDER,-2,3,9,9,0.00,0.00,false
1511,BLUE_6,BLUE,GOBLIN,-1,3,2,2,0.00,0.00,false
1512,GREEN_1,GREEN,GARGOYLE,2,-3,6,6,0.00,0.00,false
1512,GREEN_2,GREEN,SPIDER,2,-2,9,9,0.00,0.00,false
1512,GREEN_3,GREEN,GOBLIN,3,-2,2,2,0.00,0.00,false
1512,BLUE_4,BLUE,GARGOYLE,-3,3,6,6,0.00,0.00,false
1512,BLUE_5,BLUE,SPIDER,-2,3,9,9,0.00,0.00,false
1512,BLUE_6,BLUE,GOBLIN,-1,3,2,2,0.00,0.00,false
1513,GREEN_1,GREEN,GOLEM,1,-3,4,3,102.00,85.00,true
1513,GREEN_2,GREEN,ASSASSIN,2,-3,5,2,42.00,31.00,true
1513,BLUE_3,BLUE,GOLEM,-3,3,4,0,77.00,104.00,false
1513,BLUE_4,BLUE,ASSASSIN,-2,3,5,0,39.00,40.00,false
1514,GREEN_1,GREEN,GOLEM,1,-3,4,0,81.00,104.00,false
1514,GREEN_2,GREEN,ASSASSIN,2,-3,5,0,43.00,40.00,false
1514,BLUE_3,BLUE,GOLEM,-3,3,4,3,108.00,84.00,true
1514,BLUE_4,BLUE,ASSASSIN,-2,3,5,0,36.00,40.00,true
1515,GREEN_1,GREEN,ARCHER,0,-3,7,4,52.00,36.00,false
1515,GREEN_2,GREEN,ARCHER,2,-3,5,5,0.00,0.00,false
1515,GREEN_3,GREEN,GOBLIN,1,-3,1,0,8.00,8.00,false
1515,BLUE_4,BLUE,ARCHER,-3,3,7,7,14.00,12.00,false
1515,BLUE_5,BLUE,ARCHER,-2,3,5,0,26.00,40.00,false
1515,BLUE_6,BLUE,GOBLIN,-1,3,1,0,4.00,8.00,false
1516,GREEN_1,GREEN,ARCHER,0,-3,7,7,0.00,0.00,false
1516,GREEN_2,GREEN,ARCHER,2,-3,5,5,0.00,0.00,false
1516,GREEN_3,GREEN,GOBLIN,1,-3,1,1,0.00,0.00,false
1516,BLUE_4,BLUE,ARCHER,-3,3,7,7,0.00,0.00,false
1516,BLUE_5,BLUE,ARCHER,-2,3,5,5,0.00,0.00,false
1516,BLUE_6,BLUE,GOBLIN,-1,3,1,1,0.00,0.00,false
1517,GREEN_1,GREEN,GARGOYLE,3,-3,6,6,0.00,0.00,false
1517,GREEN_2,GREEN,GARGOYLE,1,-2,4,4,0.00,0.00,false
1517,GREEN_3,GREEN,GOBLIN,0,-2,1,1,0.00,0.00,false
1517,BLUE_4,BLUE,GARGOYLE,-3,3,6,6,0.00,0.00,false
1517,BLUE_5,BLUE,GARGOYLE,-2,3,4,4,0.00,0.00,false
1517,BLUE_6,BLUE,GOBLIN,-1,3,1,1,0.00,0.00,false
1518,GREEN_1,GREEN,GARGOYLE,3,-3,6,6,0.00,0.00,false
1518,GREEN_2,GREEN,GARGOYLE,1,-2,4,4,0.00,0.00,false
1518,GREEN_3,GREEN,GOBLIN,0,-2,1,1,0.00,0.00,false
1518,BLUE_4,BLUE,GARGOYLE,-3,3,6,6,0.00,0.00,false
1518,BLUE_5,BLUE,GARGOYLE,-2,3,4,4,0.00,0.00,false
1518,BLUE_6,BLUE,GOBLIN,-1,3,1,1,0.00,0.00,false
1519,GREEN_1,GREEN,ARCHER,0,-2,4,4,0.00,0.00,false
1519,GREEN_2,GREEN,ARCHER,-1,-2,7,7,0.00,0.00,false
1519,GREEN_3,GREEN,SPIDER,0,-3,3,3,0.00,0.00,false
1519,BLUE_4,BLUE,ARCHER,-3,3,4,4,0.00,0.00,false
1519,BLUE_5,BLUE,ARCHER,-2,3,7,7,0.00,0.00,false
1519,BLUE_6,BLUE,SPIDER,-1,3,3,3,0.00,0.00,false
1520,GREEN_1,GREEN,ARCHER,0,-2,4,0,14.00,32.00,false
1520,GREEN_2,GREEN,ARCHER,-1,-2,7,5,28.00,24.00,false
1520,GREEN_3,GREEN,SPIDER,0,-3,3,0,6.00,12.00,false
1520,BLUE_4,BLUE,ARCHER,-3,3,4,4,8.00,0.00,false
1520,BLUE_5,BLUE,ARCHER,-2,3,7,3,52.00,40.00,false
1520,BLUE_6,BLUE,SPIDER,-1,3,3,1,8.00,8.00,false
1521,GREEN_1,GREEN,GOLEM,2,-2,4,3,94.00,60.00,true
1521,GREEN_2,GREEN,ARCHER,3,-3,4,3,54.00,10.00,true
1521,GREEN_3,GREEN,SPIDER,0,-3,3,3,0.00,0.00,true
1521,BLUE_4,BLUE,GOLEM,-3,3,4,0,58.00,104.00,false
1521,BLUE_5,BLUE,ARCHER,-2,3,4,0,10.00,32.00,false
1521,BLUE_6,BLUE,SPIDER,-1,3,3,0,2.00,12.00,false
1522,GREEN_1,GREEN,GOLEM,2,-2,4,0,49.00,104.00,false
1522,GREEN_2,GREEN,ARCHER,3,-3,4,0,4.00,32.00,false
1522,GREEN_3,GREEN,SPIDER,0,-3,3,0,0.00,12.00,false
1522,BLUE_4,BLUE,GOLEM,-3,3,4,4,93.00,53.00,true
1522,BLUE_5,BLUE,ARCHER,-2,3,4,4,41.00,0.00,true
1522,BLUE_6,BLUE,SPIDER,-1,3,3,3,14.00,0.00,true
1523,GREEN_1,GREEN,GARGOYLE,2,-2,6,6,50.00,15.00,true
1523,GREEN_2,GREEN,GOLEM,3,-2,3,3,120.00,55.00,true
1523,GREEN_3,GREEN,SPIDER,1,-2,1,1,8.00,2.00,true
1523,BLUE_4,BLUE,GARGOYLE,-3,3,6,0,39.00,96.00,false
1523,BLUE_5,BLUE,GOLEM,-2,3,3,0,31.00,78.00,false
1523,BLUE_6,BLUE,SPIDER,-1,3,1,0,2.00,4.00,false
1524,GREEN_1,GREEN,GARGOYLE,2,-2,6,5,70.00,53.00,false
1524,GREEN_2,GREEN,GOLEM,3,-2,3,3,0.00,0.00,false
1524,GREEN_3,GREEN,SPIDER,1,-2,1,0,0.00,4.00,false
1524,BLUE_4,BLUE,GARGOYLE,-3,3,6,6,0.00,0.00,false
1524,BLUE_5,BLUE,GOLEM,-2,3,3,1,57.00,70.00,false
1524,BLUE_6,BLUE,SPIDER,-1,3,1,1,0.00,0.00,false
1525,GREEN_1,GREEN,SCORPION_RIDER,3,-3,6,3,132.00,89.00,false
1525,GREEN_2,GREEN,GARGOYLE,2,-3,3,3,0.00,0.00,false
1525,GREEN_3,GREEN,SPIDER,1,-3,2,2,0.00,0.00,false
1525,BLUE_4,BLUE,SCORPION_RIDER,-3,3,6,4,72.00,76.00,false
1525,BLUE_5,BLUE,GARGOYLE,-2,3,3,0,15.00,48.00,false
1525,BLUE_6,BLUE,SPIDER,-1,3,2,0,2.00,8.00,false
1526,GREEN_1,GREEN,SCORPION_RIDER,3,-3,6,6,0.00,0.00,false
1526,GREEN_2,GREEN,GARGOYLE,2,-3,3,3,0.00,0.00,false
1526,GREEN_3,GREEN,SPIDER,1,-3,2,2,0.00,0.00,false
1526,BLUE_4,BLUE,SCORPION_RIDER,-3,3,6,6,0.00,0.00,false
1526,BLUE_5,BLUE,GARGOYLE,-2,3,3,3,0.00,0.00,false
1526,BLUE_6,BLUE,SPIDER,-1,3,2,2,0.00,0.00,false
1527,GREEN_1,GREEN,GOLEM,1,-3,4,2,75.00,82.00,false
1527,GREEN_2,GREEN,GOBLIN,0,-3,9,2,88.00,64.00,false
1527,GREEN_3,GREEN,GARGOYLE,3,-3,1,1,0.00,0.00,false
1527,BLUE_4,BLUE,GOLEM,-3,3,4,4,82.00,75.00,false
1527,BLUE_5,BLUE,GOBLIN,-2,3,9,0,61.00,72.00,false
1527,BLUE_6,BLUE,GARGOYLE,-1,3,1,0,3.00,16.00,false
1528,GREEN_1,GREEN,GOLEM,1,-3,4,4,0.00,0.00,false
1528,GREEN_2,GREEN,GOBLIN,0,-3,9,9,0.00,0.00,false
1528,GREEN_3,GREEN,GARGOYLE,3,-3,1,1,0.00,0.00,false
1528,BLUE_4,BLUE,GOLEM,-3,3,4,4,0.00,0.00,false
1528,BLUE_5,BLUE,GOBLIN,-2,3,9,9,0.00,0.00,false
1528,BLUE_6,BLUE,GARGOYLE,-1,3,1,1,0.00,0.00,false
1529,GREEN_1,GREEN,SCORPION_RIDER,0,-2,6,2,132.00,93.00,false
1529,GREEN_2,GREEN,GARGOYLE,1,-3,3,3,0.00,0.00,false
1529,GREEN_3,GREEN,SPIDER,3,-3,2,2,0.00,0.00,false
1529,BLUE_4,BLUE,SCORPION_RIDER,-3,3,6,4,79.00,76.00,false
1529,BLUE_5,BLUE,GARGOYLE,-2,3,3,0,12.00,48.00,false
1529,BLUE_6,BLUE,SPIDER,-1,3,2,0,2.00,8.00,false
1530,GREEN_1,GREEN,SCORPION_RIDER,0,-2,6,0,67.00,108.00,false
1530,GREEN_2,GREEN,GARGOYLE,1,-3,3,0,12.00,48.00,false
1530,GREEN_3,GREEN,SPIDER,3,-3,2,0,2.00,8.00,false
1530,BLUE_4,BLUE,SCORPION_RIDER,-3,3,6,3,139.00,81.00,true
1530,BLUE_5,BLUE,GARGOYLE,-2,3,3,3,25.00,0.00,true
1530,BLUE_6,BLUE,SPIDER,-1,3,2,2,0.00,0.00,true
1531,GREEN_1,GREEN,MAGE,-1,-2,8,8,82.00,30.00,true
1531,GREEN_2,GREEN,SCORPION_RIDER,3,-3,2,2,18.00,5.00,true
1531,GREEN_3,GREEN,SPIDER,1,-3,1,0,4.00,4.00,true
1531,BLUE_4,BLUE,MAGE,-3,3,8,0,39.00,64.00,false
1531,BLUE_5,BLUE,SCORPION_RIDER,-2,3,2,0,0.00,36.00,false
1531,BLUE_6,BLUE,SPIDER,-1,3,1,0,0.00,4.00,false
1532,GREEN_1,GREEN,MAGE,-1,-2,8,0,36.00,64.00,false
1532,GREEN_2,GREEN,SCORPION_RIDER,3,-3,2,0,0.00,36.00,false
1532,GREEN_3,GREEN,SPIDER,1,-3,1,0,0.00,4.00,false
1532,BLUE_4,BLUE,MAGE,-3,3,8,6,73.00,31.00,true
1532,BLUE_5,BLUE,SCORPION_RIDER,-2,3,2,2,27.00,5.00,true
1532,BLUE_6,BLUE,SPIDER,-1,3,1,1,4.00,0.00,true
1533,GREEN_1,GREEN,ASSASSIN,3,-2,8,3,72.00,50.00,true
1533,GREEN_2,GREEN,GOBLIN,1,-2,5,3,30.00,22.00,true
1533,GREEN_3,GREEN,SPIDER,3,-3,1,1,6.00,0.00,true
1533,BLUE_4,BLUE,ASSASSIN,-3,3,8,0,48.00,64.00,false
1533,BLUE_5,BLUE,GOBLIN,-2,3,5,0,24.00,40.00,false
1533,BLUE_6,BLUE,SPIDER,-1,3,1,0,0.00,4.00,false
1534,GREEN_1,GREEN,ASSASSIN,3,-2,8,8,0.00,0.00,false
1534,GREEN_2,GREEN,GOBLIN,1,-2,5,0,24.00,40.00,false
1534,GREEN_3,GREEN,SPIDER,3,-3,1,0,0.00,4.00,false
1534,BLUE_4,BLUE,ASSASSIN,-3,3,8,7,38.00,20.00,false
1534,BLUE_5,BLUE,GOBLIN,-2,3,5,5,6.00,4.00,false
1534,BLUE_6,BLUE,SPIDER,-1,3,1,1,0.00,0.00,false
1535,GREEN_1,GREEN,MAGE,1,-3,7,7,62.00,12.00,true
1535,GREEN_2,GREEN,SCORPION_RIDER,3,-3,3,3,48.00,14.00,true
1535,BLUE_3,BLUE,MAGE,-3,3,7,0,18.00,56.00,false
1535,BLUE_4,BLUE,SCORPION_RIDER,-2,3,3,0,8.00,54.00,false
1536,GREEN_1,GREEN,MAGE,1,-3,7,0,18.00,56.00,false
1536,GREEN_2,GREEN,SCORPION_RIDER,3,-3,3,0,23.00,54.00,false
1536,BLUE_3,BLUE,MAGE,-3,3,7,7,51.00,12.00,true
1536,BLUE_4,BLUE,SCORPION_RIDER,-2,3,3,2,59.00,29.00,true
1537,GREEN_1,GREEN,GARGOYLE,-1,-2,5,5,0.00,0.00,true
1537,GREEN_2,GREEN,MAGE,3,-3,4,1,105.00,28.00,true
1537,GREEN_3,GREEN,MAGE,0,-3,1,1,19.00,7.00,true
1537,GREEN_4,GREEN,SPIDER,1,-3,1,1,0.00,0.00,true
1537,BLUE_5,BLUE,GARGOYLE,-3,3,5,0,0.00,80.00,false
1537,BLUE_6,BLUE,MAGE,-2,3,4,0,30.00,32.00,false
1537,BLUE_7,BLUE,MAGE,-1,3,1,0,3.00,8.00,false
1537,BLUE_8,BLUE,SPIDER,0,3,1,0,2.00,4.00,false
1538,GREEN_1,GREEN,GARGOYLE,-1,-2,5,0,0.00,80.00,false
1538,GREEN_2,GREEN,MAGE,3,-3,4,4,0.00,0.00,false
1538,GREEN_3,GREEN,MAGE,0,-3,1,0,4.00,8.00,false
1538,GREEN_4,GREEN,SPIDER,1,-3,1,0,0.00,4.00,false
1538,BLUE_5,BLUE,GARGOYLE,-3,3,5,5,0.00,0.00,false
1538,BLUE_6,BLUE,MAGE,-2,3,4,4,61.00,0.00,false
1538,BLUE_7,BLUE,MAGE,-1,3,1,1,28.00,3.00,false
1538,BLUE_8,BLUE,SPIDER,0,3,1,1,3.00,1.00,false
1539,GREEN_1,GREEN,SCORPION_RIDER,0,-3,5,2,116.00,86.00,true
1539,GREEN_2,GREEN,ASSASSIN,2,-2,4,1,20.00,28.00,true
1539,GREEN_3,GREEN,GOBLIN,3,-2,2,2,2.00,0.00,true
1539,BLUE_4,BLUE,SCORPION_RIDER,-3,3,5,0,94.00,90.00,false
1539,BLUE_5,BLUE,ASSASSIN,-2,3,4,0,12.00,32.00,false
1539,BLUE_6,BLUE,GOBLIN,-1,3,2,0,8.00,16.00,false
1540,GREEN_1,GREEN,SCORPION_RIDER,0,-3,5,0,112.00,90.00,false
1540,GREEN_2,GREEN,ASSASSIN,2,-2,4,0,20.00,32.00,false
1540,GREEN_3,GREEN,GOBLIN,3,-2,2,0,4.00,16.00,false
1540,BLUE_4,BLUE,SCORPION_RIDER,-3,3,5,1,108.00,88.00,true
1540,BLUE_5,BLUE,ASSASSIN,-2,3,4,0,24.00,32.00,true
1540,BLUE_6,BLUE,GOBLIN,-1,3,2,0,6.00,16.00,true
1541,GREEN_1,GREEN,ARCHER,3,-2,8,2,104.00,52.00,true
1541,GREEN_2,GREEN,SPIDER,2,-3,8,8,0.00,0.00,true
1541,GREEN_3,GREEN,GOBLIN,1,-3,1,1,0.00,0.00,true
1541,BLUE_4,BLUE,ARCHER,-3,3,8,0,52.00,64.00,false
1541,BLUE_5,BLUE,SPIDER,-2,3,8,0,0.00,32.00,false
1541,BLUE_6,BLUE,GOBLIN,-1,3,1,0,0.00,8.00,false
1542,GREEN_1,GREEN,ARCHER,3,-2,8,8,0.00,0.00,false
1542,GREEN_2,GREEN,SPIDER,2,-3,8,8,0.00,0.00,false
1542,GREEN_3,GREEN,GOBLIN,1,-3,1,1,0.00,0.00,false
1542,BLUE_4,BLUE,ARCHER,-3,3,8,8,0.00,0.00,false
1542,BLUE_5,BLUE,SPIDER,-2,3,8,8,0.00,0.00,false
1542,BLUE_6,BLUE,GOBLIN,-1,3,1,1,0.00,0.00,false
1543,GREEN_1,GREEN,GARGOYLE,0,-2,5,5,0.00,0.00,false
1543,GREEN_2,GREEN,GOLEM,3,-2,4,4,0.00,0.00,false
1543,BLUE_3,BLUE,GARGOYLE,-3,3,5,5,0.00,0.00,false
1543,BLUE_4,BLUE,GOLEM,-2,3,4,4,0.00,0.00,false
1544,GREEN_1,GREEN,GARGOYLE,0,-2,5,5,0.00,0.00,false
1544,GREEN_2,GREEN,GOLEM,3,-2,4,4,0.00,0.00,false
1544,BLUE_3,BLUE,GARGOYLE,-3,3,5,5,0.00,0.00,false
1544,BLUE_4,BLUE,GOLEM,-2,3,4,4,0.00,0.00,false
1545,GREEN_1,GREEN,ARCHER,3,-2,8,3,62.00,52.00,true
1545,GREEN_2,GREEN,MAGE,0,-3,3,1,24.00,19.00,true
1545,GREEN_3,GREEN,ARCHER,1,-3,1,1,10.00,7.00,true
1545,BLUE_4,BLUE,ARCHER,-3,3,8,0,57.00,64.00,false
1545,BLUE_5,BLUE,MAGE,-2,3,3,0,17.00,24.00,false
1545,BLUE_6,BLUE,ARCHER,-1,3,1,0,4.00,8.00,false
1546,GREEN_1,GREEN,ARCHER,3,-2,8,8,0.00,0.00,false
1546,GREEN_2,GREEN,MAGE,0,-3,3,3,0.00,0.00,false
1546,GREEN_3,GREEN,ARCHER,1,-3,1,1,0.00,0.00,false
1546,BLUE_4,BLUE,ARCHER,-3,3,8,8,0.00,0.00,false
1546,BLUE_5,BLUE,MAGE,-2,3,3,3,0.00,0.00,false
1546,BLUE_6,BLUE,ARCHER,-1,3,1,1,0.00,0.00,false
1547,GREEN_1,GREEN,ARCHER,-1,-2,7,3,56.00,36.00,false
1547,GREEN_2,GREEN,GARGOYLE,3,-2,4,2,41.00,56.00,false
1547,GREEN_3,GREEN,SPIDER,1,-2,1,1,2.00,2.00,false
1547,BLUE_4,BLUE,ARCHER,-3,3,7,0,36.00,56.00,false
1547,BLUE_5,BLUE,GARGOYLE,-2,3,4,4,56.00,39.00,false
1547,BLUE_6,BLUE,SPIDER,-1,3,1,0,2.00,4.00,false
1548,GREEN_1,GREEN,ARCHER,-1,-2,7,0,52.00,56.00,false
1548,GREEN_2,GREEN,GARGOYLE,3,-2,4,0,34.00,64.00,false
1548,GREEN_3,GREEN,SPIDER,1,-2,1,0,0.00,4.00,false
1548,BLUE_4,BLUE,ARCHER,-3,3,7,1,61.00,52.00,true
1548,BLUE_5,BLUE,GARGOYLE,-2,3,4,4,63.00,30.00,true
1548,BLUE_6,BLUE,SPIDER,-1,3,1,0,0.00,4.00,true
1549,GREEN_1,GREEN,GOLEM,3,-2,4,3,121.00,81.00,true
1549,GREEN_2,GREEN,ASSASSIN,1,-3,4,3,16.00,14.00,true
1549,GREEN_3,GREEN,SPIDER,0,-2,2,2,7.00,0.00,true
1549,BLUE_4,BLUE,GOLEM,-3,3,4,0,75.00,104.00,false
1549,BLUE_5,BLUE,ASSASSIN,-2,3,4,0,20.00,32.00,false
1549,BLUE_6,BLUE,SPIDER,-1,3,2,0,0.00,8.00,false
1550,GREEN_1,GREEN,GOLEM,3,-2,4,4,0.00,46.00,false
1550,GREEN_2,GREEN,ASSASSIN,1,-3,4,0,23.00,32.00,false
1550,GREEN_3,GREEN,SPIDER,0,-2,2,0,2.00,8.00,false
1550,BLUE_4,BLUE,GOLEM,-3,3,4,4,16.00,9.00,false
1550,BLUE_5,BLUE,ASSASSIN,-2,3,4,3,24.00,16.00,false
1550,BLUE_6,BLUE,SPIDER,-1,3,2,2,46.00,0.00,false
1551,GREEN_1,GREEN,SPIDER,3,-3,15,15,0.00,0.00,false
1551,GREEN_2,GREEN,GOLEM,2,-3,3,3,60.00,40.00,false
1551,BLUE_3,BLUE,SPIDER,-3,3,15,0,40.00,60.00,false
1551,BLUE_4,BLUE,GOLEM,-2,3,3,3,0.00,0.00,false
1552,GREEN_1,GREEN,SPIDER,3,-3,15,15,0.00,0.00,false
1552,GREEN_2,GREEN,GOLEM,2,-3,3,3,0.00,0.00,false
1552,BLUE_3,BLUE,SPIDER,-3,3,15,15,0.00,0.00,false
1552,BLUE_4,BLUE,GOLEM,-2,3,3,3,0.00,0.00,false
1553,GREEN_1,GREEN,GOLEM,2,-3,4,4,58.00,9.00,true
1553,GREEN_2,GREEN,GARGOYLE,-1,-2,4,4,99.00,3.00,true
1553,GREEN_3,GREEN,GARGOYLE,1,-2,1,1,27.00,0.00,true
1553,BLUE_4,BLUE,GOLEM,-3,3,4,0,0.00,104.00,false
1553,BLUE_5,BLUE,GARGOYLE,-2,3,4,0,12.00,64.00,false
1553,BLUE_6,BLUE,GARGOYLE,-1,3,1,0,0.00,16.00,false
1554,GREEN_1,GREEN,GOLEM,2,-3,4,4,0.00,0.00,false
1554,GREEN_2,GREEN,GARGOYLE,-1,-2,4,0,18.00,64.00,false
1554,GREEN_3,GREEN,GARGOYLE,1,-2,1,0,0.00,16.00,false
1554,BLUE_4,BLUE,GOLEM,-3,3,4,4,65.00,6.00,false
1554,BLUE_5,BLUE,GARGOYLE,-2,3,4,4,12.00,3.00,false
1554,BLUE_6,BLUE,GARGOYLE,-1,3,1,1,3.00,9.00,false
1555,GREEN_1,GREEN,ARCHER,2,-3,7,7,0.00,0.00,false
1555,GREEN_2,GREEN,GOLEM,2,-2,3,3,0.00,0.00,false
1555,GREEN_3,GREEN,SPIDER,1,-3,1,1,4.00,2.00,false
1555,BLUE_4,BLUE,ARCHER,-3,3,7,7,0.00,0.00,false
1555,BLUE_5,BLUE,GOLEM,-2,3,3,3,0.00,0.00,false
1555,BLUE_6,BLUE,SPIDER,-1,3,1,0,2.00,4.00,false
1556,GREEN_1,GREEN,ARCHER,2,-3,7,0,20.00,56.00,false
1556,GREEN_2,GREEN,GOLEM,2,-2,3,0,23.00,78.00,false
1556,GREEN_3,GREEN,SPIDER,1,-3,1,0,0.00,4.00,false
1556,BLUE_4,BLUE,ARCHER,-3,3,7,7,38.00,0.00,true
1556,BLUE_5,BLUE,GOLEM,-2,3,3,3,97.00,43.00,true
1556,BLUE_6,BLUE,SPIDER,-1,3,1,1,3.00,0.00,true
1557,GREEN_1,GREEN,GOBLIN,3,-3,11,11,0.00,0.00,false
1557,GREEN_2,GREEN,GOLEM,2,-3,3,3,0.00,0.00,false
1557,GREEN_3,GREEN,MAGE,1,-2,1,1,3.00,3.00,false
1557,GREEN_4,GREEN,GOBLIN,0,-2,1,1,0.00,0.00,false
1557,BLUE_5,BLUE,GOBLIN,-3,3,11,11,0.00,0.00,false
1557,BLUE_6,BLUE,GOLEM,-2,3,3,3,0.00,0.00,false
1557,BLUE_7,BLUE,MAGE,-1,3,1,1,3.00,3.00,false
1557,BLUE_8,BLUE,GOBLIN,0,3,1,1,0.00,0.00,false
1558,GREEN_1,GREEN,GOBLIN,3,-3,11,0,83.00,88.00,false
1558,GREEN_2,GREEN,GOLEM,2,-3,3,0,40.00,78.00,false
1558,GREEN_3,GREEN,MAGE,1,-2,1,0,0.00,8.00,false
1558,GREEN_4,GREEN,GOBLIN,0,-2,1,0,1.00,8.00,false
1558,BLUE_5,BLUE,GOBLIN,-3,3,11,5,113.00,88.00,true
1558,BLUE_6,BLUE,GOLEM,-2,3,3,3,44.00,36.00,true
1558,BLUE_7,BLUE,MAGE,-1,3,1,1,25.00,0.00,true
1558,BLUE_8,BLUE,GOBLIN,0,3,1,1,0.00,0.00,true
1559,GREEN_1,GREEN,GARGOYLE,1,-2,6,6,122.00,63.00,true
1559,GREEN_2,GREEN,SPIDER,-1,-2,9,8,6.00,16.00,true
1559,GREEN_3,GREEN,GOBLIN,2,-3,2,0,20.00,16.00,true
1559,BLUE_4,BLUE,GARGOYLE,-3,3,6,0,73.00,96.00,false
1559,BLUE_5,BLUE,SPIDER,-2,3,9,0,10.00,36.00,false
1559,BLUE_6,BLUE,GOBLIN,-1,3,2,0,12.00,16.00,false
1560,GREEN_1,GREEN,GARGOYLE,1,-2,6,6,0.00,0.00,false
1560,GREEN_2,GREEN,SPIDER,-1,-2,9,9,0.00,0.00,false
1560,GREEN_3,GREEN,GOBLIN,2,-3,2,2,0.00,0.00,false
1560,BLUE_4,BLUE,GARGOYLE,-3,3,6,6,0.00,0.00,false
1560,BLUE_5,BLUE,SPIDER,-2,3,9,9,0.00,0.00,false
1560,BLUE_6,BLUE,GOBLIN,-1,3,2,2,0.00,0.00,false
1561,GREEN_1,GREEN,GOLEM,1,-3,4,1,99.00,94.00,true
1561,GREEN_2,GREEN,ASSASSIN,1,-2,5,1,45.00,39.00,true
1561,BLUE_3,BLUE,GOLEM,-3,3,4,0,107.00,104.00,false
1561,BLUE_4,BLUE,ASSASSIN,-2,3,5,0,26.00,40.00,false
1562,GREEN_1,GREEN,GOLEM,1,-3,4,4,0.00,0.00,false
1562,GREEN_2,GREEN,ASSASSIN,1,-2,5,0,28.00,40.00,false
1562,BLUE_3,BLUE,GOLEM,-3,3,4,4,0.00,0.00,false
1562,BLUE_4,BLUE,ASSASSIN,-2,3,5,3,40.00,28.00,false
1563,GREEN_1,GREEN,MAGE,0,-3,8,8,0.00,0.00,false
1563,GREEN_2,GREEN,GARGOYLE,1,-3,2,2,0.00,0.00,false
1563,GREEN_3,GREEN,SPIDER,2,-3,1,1,0.00,0.00,false
1563,BLUE_4,BLUE,MAGE,-3,3,8,8,0.00,0.00,false
1563,BLUE_5,BLUE,GARGOYLE,-2,3,2,2,0.00,0.00,false
1563,BLUE_6,BLUE,SPIDER,-1,3,1,1,0.00,0.00,false
1564,GREEN_1,GREEN,MAGE,0,-3,8,0,59.00,64.00,false
1564,GREEN_2,GREEN,GARGOYLE,1,-3,2,0,11.00,32.00,false
1564,GREEN_3,GREEN,SPIDER,2,-3,1,0,2.00,4.00,false
1564,BLUE_4,BLUE,MAGE,-3,3,8,3,64.00,55.00,true
1564,BLUE_5,BLUE,GARGOYLE,-2,3,2,2,31.00,13.00,true
1564,BLUE_6,BLUE,SPIDER,-1,3,1,0,5.00,4.00,true
1565,GREEN_1,GREEN,GARGOYLE,1,-2,6,4,128.00,59.00,true
1565,GREEN_2,GREEN,SCORPION_RIDER,3,-2,4,3,40.00,34.00,true
1565,BLUE_3,BLUE,GARGOYLE,-3,3,6,0,59.00,96.00,false
1565,BLUE_4,BLUE,SCORPION_RIDER,-2,3,4,0,34.00,72.00,false
1566,GREEN_1,GREEN,GARGOYLE,1,-2,6,6,54.00,33.00,false
1566,GREEN_2,GREEN,SCORPION_RIDER,3,-2,4,4,0.00,0.00,false
1566,BLUE_3,BLUE,GARGOYLE,-3,3,6,6,0.00,0.00,false
1566,BLUE_4,BLUE,SCORPION_RIDER,-2,3,4,2,33.00,54.00,false
1567,GREEN_1,GREEN,ARCHER,3,-3,7,2,144.00,48.00,true
1567,GREEN_2,GREEN,GOBLIN,1,-3,10,10,0.00,0.00,true
1567,GREEN_3,GREEN,GOBLIN,3,-2,1,1,0.00,0.00,true
1567,BLUE_4,BLUE,ARCHER,-3,3,7,0,48.00,56.00,false
1567,BLUE_5,BLUE,GOBLIN,-2,3,10,0,0.00,80.00,false
1567,BLUE_6,BLUE,GOBLIN,-1,3,1,0,0.00,8.00,false
1568,GREEN_1,GREEN,ARCHER,3,-3,7,0,30.00,56.00,false
1568,GREEN_2,GREEN,GOBLIN,1,-3,10,0,56.00,80.00,false
1568,GREEN_3,GREEN,GOBLIN,3,-2,1,0,0.00,8.00,false
1568,BLUE_4,BLUE,ARCHER,-3,3,7,5,48.00,24.00,true
1568,BLUE_5,BLUE,GOBLIN,-2,3,10,6,92.00,54.00,true
1568,BLUE_6,BLUE,GOBLIN,-1,3,1,0,4.00,8.00,true
1569,GREEN_1,GREEN,ARCHER,3,-3,8,8,0.00,0.00,false
1569,GREEN_2,GREEN,SPIDER,0,-2,7,7,0.00,0.00,false
1569,GREEN_3,GREEN,ARCHER,2,-2,1,1,0.00,0.00,false
1569,BLUE_4,BLUE,ARCHER,-3,3,8,8,0.00,0.00,false
1569,BLUE_5,BLUE,SPIDER,-2,3,7,7,0.00,0.00,false
1569,BLUE_6,BLUE,ARCHER,-1,3,1,1,0.00,0.00,false
1570,GREEN_1,GREEN,ARCHER,3,-3,8,8,0.00,0.00,false
1570,GREEN_2,GREEN,SPIDER,0,-2,7,0,0.00,28.00,false
1570,GREEN_3,GREEN,ARCHER,2,-2,1,0,4.00,8.00,false
1570,BLUE_4,BLUE,ARCHER,-3,3,8,8,28.00,0.00,false
1570,BLUE_5,BLUE,SPIDER,-2,3,7,7,0.00,0.00,false
1570,BLUE_6,BLUE,ARCHER,-1,3,1,1,8.00,4.00,false
1571,GREEN_1,GREEN,SCORPION_RIDER,1,-3,6,0,162.00,108.00,false
1571,GREEN_2,GREEN,GOBLIN,2,-3,8,8,0.00,0.00,false
1571,GREEN_3,GREEN,GOBLIN,3,-3,1,1,0.00,0.00,false
1571,BLUE_4,BLUE,SCORPION_RIDER,-3,3,6,5,88.00,90.00,false
1571,BLUE_5,BLUE,GOBLIN,-2,3,8,0,20.00,64.00,false
1571,BLUE_6,BLUE,GOBLIN,-1,3,1,0,0.00,8.00,false
1572,GREEN_1,GREEN,SCORPION_RIDER,1,-3,6,0,146.00,108.00,false
1572,GREEN_2,GREEN,GOBLIN,2,-3,8,0,32.00,64.00,false
1572,GREEN_3,GREEN,GOBLIN,3,-3,1,0,0.00,8.00,false
1572,BLUE_4,BLUE,SCORPION_RIDER,-3,3,6,1,138.00,106.00,true
1572,BLUE_5,BLUE,GOBLIN,-2,3,8,0,38.00,64.00,true
1572,BLUE_6,BLUE,GOBLIN,-1,3,1,0,4.00,8.00,true
1573,GREEN_1,GREEN,MAGE,3,-3,8,8,0.00,0.00,false
1573,GREEN_2,GREEN,GOLEM,0,-2,1,1,0.00,0.00,false
1573,GREEN_3,GREEN,SCORPION_RIDER,0,-3,1,1,0.00,0.00,false
1573,BLUE_4,BLUE,MAGE,-3,3,8,8,0.00,0.00,false
1573,BLUE_5,BLUE,GOLEM,-2,3,1,1,0.00,0.00,false
1573,BLUE_6,BLUE,SCORPION_RIDER,-1,3,1,1,0.00,0.00,false
1574,GREEN_1,GREEN,MAGE,3,-3,8,8,0.00,0.00,false
1574,GREEN_2,GREEN,GOLEM,0,-2,1,1,0.00,0.00,false
1574,GREEN_3,GREEN,SCORPION_RIDER,0,-3,1,1,0.00,0.00,false
1574,BLUE_4,BLUE,MAGE,-3,3,8,8,0.00,0.00,false
1574,BLUE_5,BLUE,GOLEM,-2,3,1,1,0.00,0.00,false
1574,BLUE_6,BLUE,SCORPION_RIDER,-1,3,1,1,0.00,0.00,false
1575,GREEN_1,GREEN,GARGOYLE,2,-3,6,6,101.00,30.00,true
1575,GREEN_2,GREEN,MAGE,1,-2,4,4,31.00,8.00,true
1575,GREEN_3,GREEN,SPIDER,1,-3,1,1,0.00,0.00,true
1575,BLUE_4,BLUE,GARGOYLE,-3,3,6,0,30.00,96.00,false
1575,BLUE_5,BLUE,MAGE,-2,3,4,0,6.00,32.00,false
1575,BLUE_6,BLUE,SPIDER,-1,3,1,0,2.00,4.00,false
1576,GREEN_1,GREEN,GARGOYLE,2,-3,6,6,0.00,0.00,false
1576,GREEN_2,GREEN,MAGE,1,-2,4,0,23.00,32.00,false
1576,GREEN_3,GREEN,SPIDER,1,-3,1,1,0.00,0.00,false
1576,BLUE_4,BLUE,GARGOYLE,-3,3,6,6,0.00,0.00,false
1576,BLUE_5,BLUE,MAGE,-2,3,4,3,32.00,23.00,false
1576,BLUE_6,BLUE,SPIDER,-1,3,1,1,0.00,0.00,false
1577,GREEN_1,GREEN,GOBLIN,2,-3,4,4,0.00,0.00,true
1577,GREEN_2,GREEN,ARCHER,0,-2,7,2,100.00,44.00,true
1577,GREEN_3,GREEN,SPIDER,0,-3,6,4,20.00,8.00,true
1577,GREEN_4,GREEN,GOBLIN,-1,-2,1,1,0.00,0.00,true
1577,BLUE_5,BLUE,GOBLIN,-3,3,4,0,0.00,32.00,false
1577,BLUE_6,BLUE,ARCHER,-2,3,7,0,52.00,56.00,false
1577,BLUE_7,BLUE,SPIDER,-1,3,6,0,0.00,24.00,false
1577,BLUE_8,BLUE,GOBLIN,0,3,1,0,0.00,8.00,false
1578,GREEN_1,GREEN,GOBLIN,2,-3,4,0,0.00,32.00,false
1578,GREEN_2,GREEN,ARCHER,0,-2,7,7,0.00,0.00,false
1578,GREEN_3,GREEN,SPIDER,0,-3,6,0,20.00,24.00,false
1578,GREEN_4,GREEN,GOBLIN,-1,-2,1,0,0.00,8.00,false
1578,BLUE_5,BLUE,GOBLIN,-3,3,4,4,0.00,0.00,false
1578,BLUE_6,BLUE,ARCHER,-2,3,7,7,8.00,0.00,false
1578,BLUE_7,BLUE,SPIDER,-1,3,6,4,52.00,12.00,false
1578,BLUE_8,BLUE,GOBLIN,0,3,1,0,4.00,8.00,false
1579,GREEN_1,GREEN,GOBLIN,2,-2,10,10,0.00,0.00,false
1579,GREEN_2,GREEN,GOBLIN,0,-3,10,10,0.00,0.00,false
1579,GREEN_3,GREEN,GOLEM,3,-3,1,1,0.00,0.00,false
1579,GREEN_4,GREEN,SPIDER,0,-2,1,1,0.00,0.00,false
1579,BLUE_5,BLUE,GOBLIN,-3,3,10,10,0.00,0.00,false
1579,BLUE_6,BLUE,GOBLIN,-2,3,10,10,0.00,0.00,false
1579,BLUE_7,BLUE,GOLEM,-1,3,1,1,0.00,0.00,false
1579,BLUE_8,BLUE,SPIDER,0,3,1,1,0.00,0.00,false
1580,GREEN_1,GREEN,GOBLIN,2,-2,10,0,56.00,80.00,false
1580,GREEN_2,GREEN,GOBLIN,0,-3,10,0,56.00,80.00,false
1580,GREEN_3,GREEN,GOLEM,3,-3,1,0,4.00,26.00,false
1580,GREEN_4,GREEN,SPIDER,0,-2,1,0,0.00,4.00,false
1580,BLUE_5,BLUE,GOBLIN,-3,3,10,6,102.00,44.00,true
1580,BLUE_6,BLUE,GOBLIN,-2,3,10,2,70.00,72.00,true
1580,BLUE_7,BLUE,GOLEM,-1,3,1,1,0.00,0.00,true
1580,BLUE_8,BLUE,SPIDER,0,3,1,1,18.00,0.00,true
1581,GREEN_1,GREEN,GOLEM,1,-3,4,4,0.00,0.00,false
1581,GREEN_2,GREEN,SCORPION_RIDER,3,-3,4,2,78.00,60.00,false
1581,GREEN_3,GREEN,GOBLIN,2,-3,1,1,2.00,0.00,false
1581,BLUE_4,BLUE,GOLEM,-3,3,4,4,0.00,0.00,false
1581,BLUE_5,BLUE,SCORPION_RIDER,-2,3,4,0,60.00,72.00,false
1581,BLUE_6,BLUE,GOBLIN,-1,3,1,0,0.00,8.00,false
1582,GREEN_1,GREEN,GOLEM,1,-3,4,0,95.00,104.00,false
1582,GREEN_2,GREEN,SCORPION_RIDER,3,-3,4,0,63.00,72.00,false
1582,GREEN_3,GREEN,GOBLIN,2,-3,1,0,0.00,8.00,false
1582,BLUE_4,BLUE,GOLEM,-3,3,4,2,103.00,89.00,true
1582,BLUE_5,BLUE,SCORPION_RIDER,-2,3,4,1,80.00,69.00,true
1582,BLUE_6,BLUE,GOBLIN,-1,3,1,1,1.00,0.00,true
1583,GREEN_1,GREEN,GARGOYLE,3,-2,5,5,0.00,0.00,false
1583,GREEN_2,GREEN,SCORPION_RIDER,0,-3,4,3,68.00,58.00,false
1583,GREEN_3,GREEN,SPIDER,2,-3,2,2,12.00,0.00,false
1583,BLUE_4,BLUE,GARGOYLE,-3,3,5,5,0.00,0.00,false
1583,BLUE_5,BLUE,SCORPION_RIDER,-2,3,4,0,56.00,72.00,false
1583,BLUE_6,BLUE,SPIDER,-1,3,2,0,2.00,8.00,false
1584,GREEN_1,GREEN,GARGOYLE,3,-2,5,0,60.00,80.00,false
1584,GREEN_2,GREEN,SCORPION_RIDER,0,-3,4,0,0.00,72.00,false
1584,GREEN_3,GREEN,SPIDER,2,-3,2,0,2.00,8.00,false
1584,BLUE_4,BLUE,GARGOYLE,-3,3,5,5,60.00,0.00,true
1584,BLUE_5,BLUE,SCORPION_RIDER,-2,3,4,2,76.00,62.00,true
1584,BLUE_6,BLUE,SPIDER,-1,3,2,2,24.00,0.00,true
1585,GREEN_1,GREEN,ARCHER,2,-3,8,8,84.00,12.00,true
1585,GREEN_2,GREEN,GOBLIN,1,-3,7,7,52.00,22.00,true
1585,GREEN_3,GREEN,GOBLIN,0,-3,2,2,0.00,0.00,true
1585,BLUE_4,BLUE,ARCHER,-3,3,8,0,26.00,64.00,false
1585,BLUE_5,BLUE,GOBLIN,-2,3,7,0,8.00,56.00,false
1585,BLUE_6,BLUE,GOBLIN,-1,3,2,0,0.00,16.00,false
1586,GREEN_1,GREEN,ARCHER,2,-3,8,0,38.00,64.00,false
1586,GREEN_2,GREEN,GOBLIN,1,-3,7,0,24.00,56.00,false
1586,GREEN_3,GREEN,GOBLIN,0,-3,2,0,0.00,16.00,false
1586,BLUE_4,BLUE,ARCHER,-3,3,8,6,68.00,20.00,true
1586,BLUE_5,BLUE,GOBLIN,-2,3,7,3,60.00,40.00,true
1586,BLUE_6,BLUE,GOBLIN,-1,3,2,2,8.00,2.00,true
1587,GREEN_1,GREEN,SCORPION_RIDER,3,-3,5,5,0.00,0.00,false
1587,GREEN_2,GREEN,SPIDER,2,-2,10,10,0.00,0.00,false
1587,GREEN_3,GREEN,SPIDER,1,-2,1,1,0.00,0.00,false
1587,BLUE_4,BLUE,SCORPION_RIDER,-3,3,5,5,0.00,0.00,false
1587,BLUE_5,BLUE,SPIDER,-2,3,10,10,0.00,0.00,false
1587,BLUE_6,BLUE,SPIDER,-1,3,1,1,0.00,0.00,false
1588,GREEN_1,GREEN,SCORPION_RIDER,3,-3,5,5,0.00,0.00,false
1588,GREEN_2,GREEN,SPIDER,2,-2,10,10,0.00,0.00,false
1588,GREEN_3,GREEN,SPIDER,1,-2,1,1,0.00,0.00,false
1588,BLUE_4,BLUE,SCORPION_RIDER,-3,3,5,5,0.00,0.00,false
1588,BLUE_5,BLUE,SPIDER,-2,3,10,10,0.00,0.00,false
1588,BLUE_6,BLUE,SPIDER,-1,3,1,1,0.00,0.00,false
1589,GREEN_1,GREEN,ARCHER,2,-3,8,8,0.00,0.00,false
1589,GREEN_2,GREEN,MAGE,3,-3,3,0,31.00,24.00,false
1589,GREEN_3,GREEN,ARCHER,0,-2,1,1,0.00,0.00,false
1589,BLUE_4,BLUE,ARCHER,-3,3,8,8,0.00,0.00,false
1589,BLUE_5,BLUE,MAGE,-2,3,3,1,20.00,23.00,false
1589,BLUE_6,BLUE,ARCHER,-1,3,1,0,4.00,8.00,false
1590,GREEN_1,GREEN,ARCHER,2,-3,8,8,0.00,0.00,false
1590,GREEN_2,GREEN,MAGE,3,-3,3,3,6.00,4.00,false
1590,GREEN_3,GREEN,ARCHER,0,-2,1,0,4.00,8.00,false
1590,BLUE_4,BLUE,ARCHER,-3,3,8,8,0.00,0.00,false
1590,BLUE_5,BLUE,MAGE,-2,3,3,3,8.00,4.00,false
1590,BLUE_6,BLUE,ARCHER,-1,3,1,1,4.00,6.00,false
1591,GREEN_1,GREEN,GARGOYLE,2,-3,5,3,45.00,68.00,false
1591,GREEN_2,GREEN,ASSASSIN,3,-3,5,0,42.00,40.00,false
1591,GREEN_3,GREEN,SPIDER,0,-3,1,1,4.00,0.00,false
1591,BLUE_4,BLUE,GARGOYLE,-3,3,5,5,80.00,47.00,false
1591,BLUE_5,BLUE,ASSASSIN,-2,3,5,0,28.00,40.00,false
1591,BLUE_6,BLUE,SPIDER,-1,3,1,0,0.00,4.00,false
1592,GREEN_1,GREEN,GARGOYLE,2,-3,5,0,43.00,80.00,false
1592,GREEN_2,GREEN,ASSASSIN,3,-3,5,0,0.00,40.00,false
1592,GREEN_3,GREEN,SPIDER,0,-3,1,0,0.00,4.00,false
1592,BLUE_4,BLUE,GARGOYLE,-3,3,5,5,95.00,15.00,true
1592,BLUE_5,BLUE,ASSASSIN,-2,3,5,3,29.00,28.00,true
1592,BLUE_6,BLUE,SPIDER,-1,3,1,1,0.00,0.00,true
1593,GREEN_1,GREEN,ARCHER,2,-2,8,5,108.00,46.00,true
1593,GREEN_2,GREEN,GARGOYLE,1,-3,3,3,12.00,2.00,true
1593,GREEN_3,GREEN,ARCHER,2,-3,1,1,0.00,0.00,true
1593,BLUE_4,BLUE,ARCHER,-3,3,8,0,35.00,64.00,false
1593,BLUE_5,BLUE,GARGOYLE,-2,3,3,0,9.00,48.00,false
1593,BLUE_6,BLUE,ARCHER,-1,3,1,0,4.00,8.00,false
1594,GREEN_1,GREEN,ARCHER,2,-2,8,8,0.00,0.00,false
1594,GREEN_2,GREEN,GARGOYLE,1,-3,3,3,0.00,0.00,false
1594,GREEN_3,GREEN,ARCHER,2,-3,1,1,0.00,0.00,false
1594,BLUE_4,BLUE,ARCHER,-3,3,8,8,0.00,0.00,false
1594,BLUE_5,BLUE,GARGOYLE,-2,3,3,3,0.00,0.00,false
1594,BLUE_6,BLUE,ARCHER,-1,3,1,1,0.00,0.00,false
1595,GREEN_1,GREEN,GOBLIN,-1,-2,11,6,74.00,44.00,true
1595,GREEN_2,GREEN,SCORPION_RIDER,0,-3,5,3,104.00,80.00,true
1595,BLUE_3,BLUE,GOBLIN,-3,3,11,0,50.00,88.00,false
1595,BLUE_4,BLUE,SCORPION_RIDER,-2,3,5,0,74.00,90.00,false
1596,GREEN_1,GREEN,GOBLIN,-1,-2,11,0,46.00,88.00,false
1596,GREEN_2,GREEN,SCORPION_RIDER,0,-3,5,5,0.00,0.00,false
1596,BLUE_3,BLUE,GOBLIN,-3,3,11,11,0.00,0.00,false
1596,BLUE_4,BLUE,SCORPION_RIDER,-2,3,5,4,88.00,46.00,false
1597,GREEN_1,GREEN,GOLEM,-1,-2,4,4,0.00,0.00,false
1597,GREEN_2,GREEN,GOBLIN,3,-3,9,0,61.00,72.00,false
1597,GREEN_3,GREEN,MAGE,2,-2,1,1,20.00,5.00,false
1597,BLUE_4,BLUE,GOLEM,-3,3,4,4,8.00,1.00,false
1597,BLUE_5,BLUE,GOBLIN,-2,3,9,0,64.00,72.00,false
1597,BLUE_6,BLUE,MAGE,-1,3,1,0,5.00,8.00,false
1598,GREEN_1,GREEN,GOLEM,-1,-2,4,4,0.00,0.00,false
1598,GREEN_2,GREEN,GOBLIN,3,-3,9,0,64.00,72.00,false
1598,GREEN_3,GREEN,MAGE,2,-2,1,0,5.00,8.00,false
1598,BLUE_4,BLUE,GOLEM,-3,3,4,4,0.00,0.00,false
1598,BLUE_5,BLUE,GOBLIN,-2,3,9,2,65.00,64.00,false
1598,BLUE_6,BLUE,MAGE,-1,3,1,1,15.00,5.00,false
1599,GREEN_1,GREEN,SPIDER,0,-3,13,13,0.00,0.00,false
1599,GREEN_2,GREEN,ASSASSIN,1,-3,5,3,52.00,32.00,false
1599,BLUE_3,BLUE,SPIDER,-3,3,13,0,32.00,52.00,false
1599,BLUE_4,BLUE,ASSASSIN,-2,3,5,5,0.00,0.00,false
1600,GREEN_1,GREEN,SPIDER,0,-3,13,0,32.00,52.00,false
1600,GREEN_2,GREEN,ASSASSIN,1,-3,5,5,0.00,0.00,false
1600,BLUE_3,BLUE,SPIDER,-3,3,13,13,0.00,0.00,false
1600,BLUE_4,BLUE,ASSASSIN,-2,3,5,3,52.00,32.00,false
1601,GREEN_1,GREEN,ARCHER,2,-3,7,6,52.00,20.00,true
1601,GREEN_2,GREEN,ASSASSIN,-1,-2,4,3,40.00,18.00,true
1601,GREEN_3,GREEN,SPIDER,3,-2,1,1,0.00,0.00,true
1601,BLUE_4,BLUE,ARCHER,-3,3,7,0,38.00,56.00,false
1601,BLUE_5,BLUE,ASSASSIN,-2,3,4,0,0.00,32.00,false
1601,BLUE_6,BLUE,SPIDER,-1,3,1,0,0.00,4.00,false
1602,GREEN_1,GREEN,ARCHER,2,-3,7,0,36.00,56.00,false
1602,GREEN_2,GREEN,ASSASSIN,-1,-2,4,0,0.00,32.00,false
1602,GREEN_3,GREEN,SPIDER,3,-2,1,0,0.00,4.00,false
1602,BLUE_4,BLUE,ARCHER,-3,3,7,7,46.00,12.00,true
1602,BLUE_5,BLUE,ASSASSIN,-2,3,4,2,44.00,24.00,true
1602,BLUE_6,BLUE,SPIDER,-1,3,1,1,2.00,0.00,true
1603,GREEN_1,GREEN,GOBLIN,3,-3,10,10,0.00,0.00,false
1603,GREEN_2,GREEN,ASSASSIN,1,-3,6,0,52.00,48.00,false
1603,GREEN_3,GREEN,GOBLIN,3,-2,1,1,0.00,0.00,false
1603,BLUE_4,BLUE,GOBLIN,-3,3,10,10,0.00,0.00,false
1603,BLUE_5,BLUE,ASSASSIN,-2,3,6,2,44.00,44.00,false
1603,BLUE_6,BLUE,GOBLIN,-1,3,1,0,4.00,8.00,false
1604,GREEN_1,GREEN,GOBLIN,3,-3,10,0,78.00,80.00,false
1604,GREEN_2,GREEN,ASSASSIN,1,-3,6,0,38.00,48.00,false
1604,GREEN_3,GREEN,GOBLIN,3,-2,1,0,4.00,8.00,false
1604,BLUE_4,BLUE,GOBLIN,-3,3,10,1,86.00,72.00,true
1604,BLUE_5,BLUE,ASSASSIN,-2,3,6,0,50.00,48.00,true
1604,BLUE_6,BLUE,GOBLIN,-1,3,1,1,0.00,0.00,true
1605,GREEN_1,GREEN,ARCHER,1,-3,8,0,110.00,64.00,false
1605,GREEN_2,GREEN,SCORPION_RIDER,0,-2,3,3,0.00,0.00,false
1605,GREEN_3,GREEN,GOBLIN,2,-3,1,1,0.00,0.00,false
1605,BLUE_4,BLUE,ARCHER,-3,3,8,2,64.00,56.00,false
1605,BLUE_5,BLUE,SCORPION_RIDER,-2,3,3,0,0.00,54.00,false
1605,BLUE_6,BLUE,GOBLIN,-1,3,1,1,0.00,0.00,false
1606,GREEN_1,GREEN,ARCHER,1,-3,8,0,32.00,64.00,false
1606,GREEN_2,GREEN,SCORPION_RIDER,0,-2,3,0,24.00,54.00,false
1606,GREEN_3,GREEN,GOBLIN,2,-3,1,0,0.00,8.00,false
1606,BLUE_4,BLUE,ARCHER,-3,3,8,7,68.00,20.00,true
1606,BLUE_5,BLUE,SCORPION_RIDER,-2,3,3,2,58.00,36.00,true
1606,BLUE_6,BLUE,GOBLIN,-1,3,1,1,0.00,0.00,true
1607,GREEN_1,GREEN,ARCHER,2,-3,7,3,93.00,40.00,true
1607,GREEN_2,GREEN,GOLEM,0,-3,3,2,41.00,46.00,true
1607,GREEN_3,GREEN,GOBLIN,3,-3,1,1,8.00,4.00,true
1607,BLUE_4,BLUE,ARCHER,-3,3,7,0,44.00,56.00,false
1607,BLUE_5,BLUE,GOLEM,-2,3,3,0,46.00,78.00,false
1607,BLUE_6,BLUE,GOBLIN,-1,3,1,0,0.00,8.00,false
1608,GREEN_1,GREEN,ARCHER,2,-3,7,7,0.00,0.00,false
1608,GREEN_2,GREEN,GOLEM,0,-3,3,3,0.00,0.00,false
1608,GREEN_3,GREEN,GOBLIN,3,-3,1,1,0.00,0.00,false
1608,BLUE_4,BLUE,ARCHER,-3,3,7,7,0.00,0.00,false
1608,BLUE_5,BLUE,GOLEM,-2,3,3,3,0.00,0.00,false
1608,BLUE_6,BLUE,GOBLIN,-1,3,1,1,0.00,0.00,false
1609,GREEN_1,GREEN,ASSASSIN,-1,-2,8,3,90.00,58.00,true
1609,GREEN_2,GREEN,GOLEM,1,-3,1,1,0.00,0.00,true
1609,GREEN_3,GREEN,SPIDER,2,-3,3,3,12.00,0.00,true
1609,BLUE_4,BLUE,ASSASSIN,-3,3,8,0,49.00,64.00,false
1609,BLUE_5,BLUE,GOLEM,-2,3,1,0,7.00,26.00,false
1609,BLUE_6,BLUE,SPIDER,-1,3,3,0,2.00,12.00,false
1610,GREEN_1,GREEN,ASSASSIN,-1,-2,8,0,41.00,64.00,false
1610,GREEN_2,GREEN,GOLEM,1,-3,1,0,7.00,26.00,false
1610,GREEN_3,GREEN,SPIDER,2,-3,3,0,2.00,12.00,false
1610,BLUE_4,BLUE,ASSASSIN,-3,3,8,4,92.00,50.00,true
1610,BLUE_5,BLUE,GOLEM,-2,3,1,1,0.00,0.00,true
1610,BLUE_6,BLUE,SPIDER,-1,3,3,3,10.00,0.00,true
1611,GREEN_1,GREEN,GOBLIN,2,-3,11,4,116.00,81.00,false
1611,GREEN_2,GREEN,GARGOYLE,1,-3,5,5,0.00,0.00,false
1611,GREEN_3,GREEN,ARCHER,2,-2,1,1,0.00,0.00,false
1611,BLUE_4,BLUE,GOBLIN,-3,3,11,10,34.00,28.00,false
1611,BLUE_5,BLUE,GARGOYLE,-2,3,5,0,45.00,80.00,false
1611,BLUE_6,BLUE,ARCHER,-1,3,1,0,2.00,8.00,false
1612,GREEN_1,GREEN,GOBLIN,2,-3,11,11,0.00,0.00,false
1612,GREEN_2,GREEN,GARGOYLE,1,-3,5,5,0.00,0.00,false
1612,GREEN_3,GREEN,ARCHER,2,-2,1,0,4.00,8.00,false
1612,BLUE_4,BLUE,GOBLIN,-3,3,11,11,0.00,0.00,false
1612,BLUE_5,BLUE,GARGOYLE,-2,3,5,5,0.00,0.00,false
1612,BLUE_6,BLUE,ARCHER,-1,3,1,1,8.00,4.00,false
1613,GREEN_1,GREEN,SCORPION_RIDER,1,-2,6,1,120.00,98.00,true
1613,GREEN_2,GREEN,ASSASSIN,-1,-2,3,1,24.00,22.00,true
1613,GREEN_3,GREEN,GOBLIN,0,-3,2,1,4.00,8.00,true
1613,BLUE_4,BLUE,SCORPION_RIDER,-3,3,6,0,104.00,108.00,false
1613,BLUE_5,BLUE,ASSASSIN,-2,3,3,0,22.00,24.00,false
1613,BLUE_6,BLUE,GOBLIN,-1,3,2,0,2.00,16.00,false
1614,GREEN_1,GREEN,SCORPION_RIDER,1,-2,6,0,112.00,108.00,false
1614,GREEN_2,GREEN,ASSASSIN,-1,-2,3,0,26.00,24.00,false
1614,GREEN_3,GREEN,GOBLIN,0,-3,2,0,6.00,16.00,false
1614,BLUE_4,BLUE,SCORPION_RIDER,-3,3,6,0,116.00,108.00,true
1614,BLUE_5,BLUE,ASSASSIN,-2,3,3,1,28.00,20.00,true
1614,BLUE_6,BLUE,GOBLIN,-1,3,2,0,4.00,16.00,true
1615,GREEN_1,GREEN,MAGE,0,-3,8,4,106.00,56.00,true
1615,GREEN_2,GREEN,GOLEM,2,-3,1,1,0.00,0.00,true
1615,GREEN_3,GREEN,GARGOYLE,3,-3,1,1,0.00,0.00,true
1615,BLUE_4,BLUE,MAGE,-3,3,8,0,56.00,64.00,false
1615,BLUE_5,BLUE,GOLEM,-2,3,1,0,0.00,26.00,false
1615,BLUE_6,BLUE,GARGOYLE,-1,3,1,0,0.00,16.00,false
1616,GREEN_1,GREEN,MAGE,0,-3,8,8,0.00,0.00,false
1616,GREEN_2,GREEN,GOLEM,2,-3,1,1,0.00,0.00,false
1616,GREEN_3,GREEN,GARGOYLE,3,-3,1,1,0.00,0.00,false
1616,BLUE_4,BLUE,MAGE,-3,3,8,8,0.00,0.00,false
1616,BLUE_5,BLUE,GOLEM,-2,3,1,1,0.00,0.00,false
1616,BLUE_6,BLUE,GARGOYLE,-1,3,1,1,0.00,0.00,false
1617,GREEN_1,GREEN,SCORPION_RIDER,0,-3,6,3,128.00,104.00,true
1617,GREEN_2,GREEN,SCORPION_RIDER,2,-3,3,2,38.00,44.00,true
1617,GREEN_3,GREEN,SPIDER,3,-3,1,1,0.00,0.00,true
1617,BLUE_4,BLUE,SCORPION_RIDER,-3,3,6,0,108.00,108.00,false
1617,BLUE_5,BLUE,SCORPION_RIDER,-2,3,3,0,40.00,54.00,false
1617,BLUE_6,BLUE,SPIDER,-1,3,1,0,0.00,4.00,false
1618,GREEN_1,GREEN,SCORPION_RIDER,0,-3,6,0,102.00,108.00,false
1618,GREEN_2,GREEN,SCORPION_RIDER,2,-3,3,0,32.00,54.00,false
1618,GREEN_3,GREEN,SPIDER,3,-3,1,0,0.00,4.00,false
1618,BLUE_4,BLUE,SCORPION_RIDER,-3,3,6,3,134.00,92.00,true
1618,BLUE_5,BLUE,SCORPION_RIDER,-2,3,3,2,24.00,42.00,true
1618,BLUE_6,BLUE,SPIDER,-1,3,1,1,8.00,0.00,true
1619,GREEN_1,GREEN,SPIDER,1,-2,15,0,68.00,60.00,true
1619,GREEN_2,GREEN,ARCHER,2,-3,5,5,32.00,6.00,true
1619,BLUE_3,BLUE,SPIDER,-3,3,15,0,50.00,60.00,false
1619,BLUE_4,BLUE,ARCHER,-2,3,5,0,16.00,40.00,false
1620,GREEN_1,GREEN,SPIDER,1,-2,15,0,4.00,60.00,false
1620,GREEN_2,GREEN,ARCHER,2,-3,5,0,24.00,40.00,false
1620,BLUE_3,BLUE,SPIDER,-3,3,15,15,20.00,8.00,true
1620,BLUE_4,BLUE,ARCHER,-2,3,5,4,80.00,20.00,true
1621,GREEN_1,GREEN,ARCHER,0,-2,8,8,0.00,0.00,false
1621,GREEN_2,GREEN,GOBLIN,0,-3,7,7,0.00,0.00,false
1621,GREEN_3,GREEN,SPIDER,2,-3,2,2,0.00,0.00,false
1621,BLUE_4,BLUE,ARCHER,-3,3,8,8,0.00,0.00,false
1621,BLUE_5,BLUE,GOBLIN,-2,3,7,7,0.00,0.00,false
1621,BLUE_6,BLUE,SPIDER,-1,3,2,2,0.00,0.00,false
1622,GREEN_1,GREEN,ARCHER,0,-2,8,4,64.00,48.00,false
1622,GREEN_2,GREEN,GOBLIN,0,-3,7,0,0.00,56.00,false
1622,GREEN_3,GREEN,SPIDER,2,-3,2,2,0.00,0.00,false
1622,BLUE_4,BLUE,ARCHER,-3,3,8,0,104.00,64.00,false
1622,BLUE_5,BLUE,GOBLIN,-2,3,7,7,0.00,0.00,false
1622,BLUE_6,BLUE,SPIDER,-1,3,2,2,0.00,0.00,false
1623,GREEN_1,GREEN,ARCHER,0,-2,8,8,0.00,0.00,false
1623,GREEN_2,GREEN,GARGOYLE,1,-2,3,3,0.00,0.00,false
1623,GREEN_3,GREEN,GOBLIN,0,-3,2,2,0.00,0.00,false
1623,BLUE_4,BLUE,ARCHER,-3,3,8,8,0.00,0.00,false
1623,BLUE_5,BLUE,GARGOYLE,-2,3,3,3,0.00,0.00,false
1623,BLUE_6,BLUE,GOBLIN,-1,3,2,2,0.00,0.00,false
1624,GREEN_1,GREEN,ARCHER,0,-2,8,0,56.00,64.00,false
1624,GREEN_2,GREEN,GARGOYLE,1,-2,3,0,0.00,48.00,false
1624,GREEN_3,GREEN,GOBLIN,0,-3,2,0,0.00,16.00,false
1624,BLUE_4,BLUE,ARCHER,-3,3,8,6,120.00,40.00,true
1624,BLUE_5,BLUE,GARGOYLE,-2,3,3,3,0.00,0.00,true
1624,BLUE_6,BLUE,GOBLIN,-1,3,2,0,8.00,16.00,true
1625,GREEN_1,GREEN,GOLEM,0,-3,4,4,0.00,0.00,false
1625,GREEN_2,GREEN,SPIDER,2,-3,11,11,0.00,0.00,false
1625,BLUE_3,BLUE,GOLEM,-3,3,4,4,0.00,0.00,false
1625,BLUE_4,BLUE,SPIDER,-2,3,11,11,0.00,0.00,false
1626,GREEN_1,GREEN,GOLEM,0,-3,4,4,0.00,0.00,false
1626,GREEN_2,GREEN,SPIDER,2,-3,11,11,0.00,0.00,false
1626,BLUE_3,BLUE,GOLEM,-3,3,4,4,0.00,0.00,false
1626,BLUE_4,BLUE,SPIDER,-2,3,11,11,0.00,0.00,false
1627,GREEN_1,GREEN,SCORPION_RIDER,3,-2,5,0,136.00,90.00,false
1627,GREEN_2,GREEN,MAGE,2,-3,4,4,0.00,0.00,false
1627,GREEN_3,GREEN,GARGOYLE,2,-2,1,1,0.00,0.00,false
1627,BLUE_4,BLUE,SCORPION_RIDER,-3,3,5,1,85.00,88.00,false
1627,BLUE_5,BLUE,MAGE,-2,3,4,0,2.00,32.00,false
1627,BLUE_6,BLUE,GARGOYLE,-1,3,1,0,3.00,16.00,false
1628,GREEN_1,GREEN,SCORPION_RIDER,3,-2,5,1,85.00,88.00,false
1628,GREEN_2,GREEN,MAGE,2,-3,4,0,2.00,32.00,false
1628,GREEN_3,GREEN,GARGOYLE,2,-2,1,0,3.00,16.00,false
1628,BLUE_4,BLUE,SCORPION_RIDER,-3,3,5,0,136.00,90.00,false
1628,BLUE_5,BLUE,MAGE,-2,3,4,4,0.00,0.00,false
1628,BLUE_6,BLUE,GARGOYLE,-1,3,1,1,0.00,0.00,false
1629,GREEN_1,GREEN,GOBLIN,2,-3,12,12,0.00,0.00,false
1629,GREEN_2,GREEN,GOLEM,3,-2,1,1,0.00,0.00,false
1629,GREEN_3,GREEN,MAGE,1,-3,4,4,0.00,0.00,false
1629,BLUE_4,BLUE,GOBLIN,-3,3,12,12,0.00,0.00,false
1629,BLUE_5,BLUE,GOLEM,-2,3,1,1,0.00,0.00,false
1629,BLUE_6,BLUE,MAGE,-1,3,4,4,0.00,0.00,false
1630,GREEN_1,GREEN,GOBLIN,2,-3,12,0,0.00,96.00,false
1630,GREEN_2,GREEN,GOLEM,3,-2,1,0,0.00,26.00,false
1630,GREEN_3,GREEN,MAGE,1,-3,4,0,25.00,32.00,false
1630,BLUE_4,BLUE,GOBLIN,-3,3,12,12,0.00,0.00,true
1630,BLUE_5,BLUE,GOLEM,-2,3,1,1,0.00,0.00,true
1630,BLUE_6,BLUE,MAGE,-1,3,4,2,154.00,25.00,true
1631,GREEN_1,GREEN,SPIDER,2,-3,15,12,76.00,28.00,true
1631,GREEN_2,GREEN,ASSASSIN,1,-3,4,3,16.00,22.00,true
1631,BLUE_3,BLUE,SPIDER,-3,3,15,0,50.00,60.00,false
1631,BLUE_4,BLUE,ASSASSIN,-2,3,4,0,0.00,32.00,false
1632,GREEN_1,GREEN,SPIDER,2,-3,15,0,56.00,60.00,false
1632,GREEN_2,GREEN,ASSASSIN,1,-3,4,0,18.00,32.00,false
1632,BLUE_3,BLUE,SPIDER,-3,3,15,6,62.00,42.00,true
1632,BLUE_4,BLUE,ASSASSIN,-2,3,4,0,30.00,32.00,true
1633,GREEN_1,GREEN,SCORPION_RIDER,1,-3,5,2,106.00,77.00,false
1633,GREEN_2,GREEN,GARGOYLE,-1,-2,5,5,0.00,0.00,false
1633,BLUE_3,BLUE,SCORPION_RIDER,-3,3,5,4,23.00,26.00,false
1633,BLUE_4,BLUE,GARGOYLE,-2,3,5,0,54.00,80.00,false
1634,GREEN_1,GREEN,SCORPION_RIDER,1,-3,5,0,80.00,90.00,false
1634,GREEN_2,GREEN,GARGOYLE,-1,-2,5,0,45.00,80.00,false
1634,BLUE_3,BLUE,SCORPION_RIDER,-3,3,5,1,76.00,80.00,true
1634,BLUE_4,BLUE,GARGOYLE,-2,3,5,5,94.00,45.00,true
1635,GREEN_1,GREEN,ASSASSIN,-1,-2,8,1,80.00,62.00,true
1635,GREEN_2,GREEN,ASSASSIN,2,-3,2,0,8.00,16.00,true
1635,GREEN_3,GREEN,GOBLIN,0,-3,1,1,0.00,0.00,true
1635,BLUE_4,BLUE,ASSASSIN,-3,3,8,0,68.00,64.00,false
1635,BLUE_5,BLUE,ASSASSIN,-2,3,2,0,6.00,16.00,false
1635,BLUE_6,BLUE,GOBLIN,-1,3,1,0,4.00,8.00,false
1636,GREEN_1,GREEN,ASSASSIN,-1,-2,8,0,58.00,64.00,false
1636,GREEN_2,GREEN,ASSASSIN,2,-3,2,0,6.00,16.00,false
1636,GREEN_3,GREEN,GOBLIN,0,-3,1,0,4.00,8.00,false
1636,BLUE_4,BLUE,ASSASSIN,-3,3,8,0,76.00,64.00,true
1636,BLUE_5,BLUE,ASSASSIN,-2,3,2,2,12.00,4.00,true
1636,BLUE_6,BLUE,GOBLIN,-1,3,1,1,0.00,0.00,true
1637,GREEN_1,GREEN,ARCHER,0,-2,7,7,0.00,0.00,false
1637,GREEN_2,GREEN,GARGOYLE,3,-2,4,4,0.00,0.00,false
1637,GREEN_3,GREEN,SPIDER,-1,-2,1,1,0.00,0.00,false
1637,BLUE_4,BLUE,ARCHER,-3,3,7,7,0.00,0.00,false
1637,BLUE_5,BLUE,GARGOYLE,-2,3,4,4,0.00,0.00,false
1637,BLUE_6,BLUE,SPIDER,-1,3,1,1,0.00,0.00,false
1638,GREEN_1,GREEN,ARCHER,0,-2,7,0,54.00,56.00,false
1638,GREEN_2,GREEN,GARGOYLE,3,-2,4,4,0.00,0.00,false
1638,GREEN_3,GREEN,SPIDER,-1,-2,1,0,0.00,4.00,false
1638,BLUE_4,BLUE,ARCHER,-3,3,7,1,52.00,52.00,false
1638,BLUE_5,BLUE,GARGOYLE,-2,3,4,4,8.00,2.00,false
1638,BLUE_6,BLUE,SPIDER,-1,3,1,1,0.00,0.00,false
1639,GREEN_1,GREEN,GOBLIN,0,-3,11,2,122.00,96.00,true
1639,GREEN_2,GREEN,ASSASSIN,2,-3,2,1,22.00,18.00,true
1639,GREEN_3,GREEN,GOBLIN,2,-2,9,4,32.00,44.00,true
1639,BLUE_4,BLUE,GOBLIN,-3,3,11,0,80.00,88.00,false
1639,BLUE_5,BLUE,ASSASSIN,-2,3,2,0,14.00,16.00,false
1639,BLUE_6,BLUE,GOBLIN,-1,3,9,0,64.00,72.00,false
1640,GREEN_1,GREEN,GOBLIN,0,-3,11,0,84.00,88.00,false
1640,GREEN_2,GREEN,ASSASSIN,2,-3,2,0,6.00,16.00,false
1640,GREEN_3,GREEN,GOBLIN,2,-2,9,0,44.00,72.00,false
1640,BLUE_4,BLUE,GOBLIN,-3,3,11,5,112.00,62.00,true
1640,BLUE_5,BLUE,ASSASSIN,-2,3,2,2,8.00,4.00,true
1640,BLUE_6,BLUE,GOBLIN,-1,3,9,1,56.00,68.00,true
1641,GREEN_1,GREEN,GOLEM,1,-2,4,4,87.00,38.00,true
1641,GREEN_2,GREEN,ARCHER,2,-3,5,5,57.00,12.00,true
1641,GREEN_3,GREEN,SPIDER,3,-3,1,1,4.00,0.00,true
1641,BLUE_4,BLUE,GOLEM,-3,3,4,0,34.00,104.00,false
1641,BLUE_5,BLUE,ARCHER,-2,3,5,0,16.00,40.00,false
1641,BLUE_6,BLUE,SPIDER,-1,3,1,0,0.00,4.00,false
1642,GREEN_1,GREEN,GOLEM,1,-2,4,0,65.00,104.00,false
1642,GREEN_2,GREEN,ARCHER,2,-3,5,0,32.00,40.00,false
1642,GREEN_3,GREEN,SPIDER,3,-3,1,0,2.00,4.00,false
1642,BLUE_4,BLUE,GOLEM,-3,3,4,4,85.00,65.00,true
1642,BLUE_5,BLUE,ARCHER,-2,3,5,2,59.00,32.00,true
1642,BLUE_6,BLUE,SPIDER,-1,3,1,1,4.00,2.00,true
1643,GREEN_1,GREEN,ASSASSIN,0,-3,7,5,56.00,24.00,true
1643,GREEN_2,GREEN,ARCHER,2,-3,4,4,32.00,0.00,true
1643,BLUE_3,BLUE,ASSASSIN,-3,3,7,0,16.00,56.00,false
1643,BLUE_4,BLUE,ARCHER,-2,3,4,0,8.00,32.00,false
1644,GREEN_1,GREEN,ASSASSIN,0,-3,7,0,16.00,56.00,false
1644,GREEN_2,GREEN,ARCHER,2,-3,4,0,8.00,32.00,false
1644,BLUE_3,BLUE,ASSASSIN,-3,3,7,5,56.00,24.00,true
1644,BLUE_4,BLUE,ARCHER,-2,3,4,4,32.00,0.00,true
1645,GREEN_1,GREEN,GOLEM,2,-3,4,2,113.00,80.00,true
1645,GREEN_2,GREEN,GOLEM,3,-2,3,1,73.00,71.00,true
1645,GREEN_3,GREEN,SPIDER,1,-3,1,1,0.00,0.00,true
1645,BLUE_4,BLUE,GOLEM,-3,3,4,0,101.00,104.00,false
1645,BLUE_5,BLUE,GOLEM,-2,3,3,0,50.00,78.00,false
1645,BLUE_6,BLUE,SPIDER,-1,3,1,0,0.00,4.00,false
1646,GREEN_1,GREEN,GOLEM,2,-3,4,4,0.00,0.00,false
1646,GREEN_2,GREEN,GOLEM,3,-2,3,3,0.00,0.00,false
1646,GREEN_3,GREEN,SPIDER,1,-3,1,1,0.00,0.00,false
1646,BLUE_4,BLUE,GOLEM,-3,3,4,4,0.00,0.00,false
1646,BLUE_5,BLUE,GOLEM,-2,3,3,3,0.00,0.00,false
1646,BLUE_6,BLUE,SPIDER,-1,3,1,1,0.00,0.00,false
1647,GREEN_1,GREEN,SPIDER,1,-2,13,13,0.00,0.00,false
1647,GREEN_2,GREEN,SPIDER,1,-3,12,12,0.00,0.00,false
1647,BLUE_3,BLUE,SPIDER,-3,3,13,13,0.00,0.00,false
1647,BLUE_4,BLUE,SPIDER,-2,3,12,12,0.00,0.00,false
1648,GREEN_1,GREEN,SPIDER,1,-2,13,0,52.00,52.00,false
1648,GREEN_2,GREEN,SPIDER,1,-3,12,0,42.00,48.00,false
1648,BLUE_3,BLUE,SPIDER,-3,3,13,2,64.00,46.00,true
1648,BLUE_4,BLUE,SPIDER,-2,3,12,0,36.00,48.00,true
1649,GREEN_1,GREEN,ARCHER,2,-3,7,5,76.00,32.00,true
1649,GREEN_2,GREEN,SPIDER,1,-3,9,8,26.00,16.00,true
1649,GREEN_3,GREEN,GOBLIN,-1,-2,2,2,6.00,6.00,true
1649,BLUE_4,BLUE,ARCHER,-3,3,7,0,50.00,56.00,false
1649,BLUE_5,BLUE,SPIDER,-2,3,9,0,4.00,36.00,false
1649,BLUE_6,BLUE,GOBLIN,-1,3,2,0,0.00,16.00,false
1650,GREEN_1,GREEN,ARCHER,2,-3,7,0,52.00,56.00,false
1650,GREEN_2,GREEN,SPIDER,1,-3,9,0,0.00,36.00,false
1650,GREEN_3,GREEN,GOBLIN,-1,-2,2,0,0.00,16.00,false
1650,BLUE_4,BLUE,ARCHER,-3,3,7,1,108.00,52.00,true
1650,BLUE_5,BLUE,SPIDER,-2,3,9,9,0.00,0.00,true
1650,BLUE_6,BLUE,GOBLIN,-1,3,2,2,0.00,0.00,true
1651,GREEN_1,GREEN,MAGE,3,-3,8,4,108.00,53.00,true
1651,GREEN_2,GREEN,GOBLIN,0,-2,5,5,0.00,0.00,true
1651,GREEN_3,GREEN,SPIDER,1,-3,1,1,0.00,0.00,true
1651,BLUE_4,BLUE,MAGE,-3,3,8,0,53.00,64.00,false
1651,BLUE_5,BLUE,GOBLIN,-2,3,5,0,0.00,40.00,false
1651,BLUE_6,BLUE,SPIDER,-1,3,1,0,0.00,4.00,false
1652,GREEN_1,GREEN,MAGE,3,-3,8,8,0.00,0.00,false
1652,GREEN_2,GREEN,GOBLIN,0,-2,5,0,0.00,40.00,false
1652,GREEN_3,GREEN,SPIDER,1,-3,1,1,0.00,0.00,false
1652,BLUE_4,BLUE,MAGE,-3,3,8,8,40.00,0.00,false
1652,BLUE_5,BLUE,GOBLIN,-2,3,5,5,0.00,0.00,false
1652,BLUE_6,BLUE,SPIDER,-1,3,1,1,0.00,0.00,false
1653,GREEN_1,GREEN,ASSASSIN,2,-3,7,6,56.00,24.00,true
1653,GREEN_2,GREEN,GOLEM,0,-3,2,2,0.00,0.00,true
1653,GREEN_3,GREEN,SPIDER,0,-2,2,2,60.00,0.00,true
1653,BLUE_4,BLUE,ASSASSIN,-3,3,7,0,0.00,56.00,false
1653,BLUE_5,BLUE,GOLEM,-2,3,2,0,22.00,52.00,false
1653,BLUE_6,BLUE,SPIDER,-1,3,2,0,2.00,8.00,false
1654,GREEN_1,GREEN,ASSASSIN,2,-3,7,0,39.00,56.00,false
1654,GREEN_2,GREEN,GOLEM,0,-3,2,0,15.00,52.00,false
1654,GREEN_3,GREEN,SPIDER,0,-2,2,0,2.00,8.00,false
1654,BLUE_4,BLUE,ASSASSIN,-3,3,7,0,96.00,56.00,true
1654,BLUE_5,BLUE,GOLEM,-2,3,2,2,0.00,0.00,true
1654,BLUE_6,BLUE,SPIDER,-1,3,2,2,20.00,0.00,true
1655,GREEN_1,GREEN,ARCHER,0,-3,7,7,0.00,0.00,false
1655,GREEN_2,GREEN,SCORPION_RIDER,2,-3,4,4,0.00,0.00,false
1655,BLUE_3,BLUE,ARCHER,-3,3,7,7,0.00,0.00,false
1655,BLUE_4,BLUE,SCORPION_RIDER,-2,3,4,4,0.00,0.00,false
1656,GREEN_1,GREEN,ARCHER,0,-3,7,0,10.00,56.00,false
1656,GREEN_2,GREEN,SCORPION_RIDER,2,-3,4,3,24.00,26.00,false
1656,BLUE_3,BLUE,ARCHER,-3,3,7,7,0.00,0.00,false
1656,BLUE_4,BLUE,SCORPION_RIDER,-2,3,4,3,82.00,34.00,false
1657,GREEN_1,GREEN,ARCHER,-1,-2,2,2,72.00,10.00,false
1657,GREEN_2,GREEN,SPIDER,1,-2,14,14,0.00,0.00,false
1657,GREEN_3,GREEN,MAGE,2,-3,3,3,0.00,0.00,false
1657,BLUE_4,BLUE,ARCHER,-3,3,2,0,8.00,16.00,false
1657,BLUE_5,BLUE,SPIDER,-2,3,14,0,2.00,56.00,false
1657,BLUE_6,BLUE,MAGE,-1,3,3,3,0.00,0.00,false
1658,GREEN_1,GREEN,ARCHER,-1,-2,2,2,0.00,0.00,false
1658,GREEN_2,GREEN,SPIDER,1,-2,14,14,0.00,0.00,false
1658,GREEN_3,GREEN,MAGE,2,-3,3,3,0.00,0.00,false
1658,BLUE_4,BLUE,ARCHER,-3,3,2,2,0.00,0.00,false
1658,BLUE_5,BLUE,SPIDER,-2,3,14,14,0.00,0.00,false
1658,BLUE_6,BLUE,MAGE,-1,3,3,3,0.00,0.00,false
1659,GREEN_1,GREEN,MAGE,1,-3,7,7,41.00,3.00,true
1659,GREEN_2,GREEN,SCORPION_RIDER,0,-2,3,3,69.00,23.00,true
1659,BLUE_3,BLUE,MAGE,-3,3,7,0,10.00,56.00,false
1659,BLUE_4,BLUE,SCORPION_RIDER,-2,3,3,0,16.00,54.00,false
1660,GREEN_1,GREEN,MAGE,1,-3,7,0,18.00,56.00,false
1660,GREEN_2,GREEN,SCORPION_RIDER,0,-2,3,0,8.00,54.00,false
1660,BLUE_3,BLUE,MAGE,-3,3,7,7,61.00,12.00,true
1660,BLUE_4,BLUE,SCORPION_RIDER,-2,3,3,3,49.00,14.00,true
1661,GREEN_1,GREEN,GARGOYLE,2,-3,5,5,0.00,0.00,false
1661,GREEN_2,GREEN,MAGE,1,-3,5,5,0.00,0.00,false
1661,GREEN_3,GREEN,SPIDER,3,-3,1,1,0.00,0.00,false
1661,BLUE_4,BLUE,GARGOYLE,-3,3,5,5,0.00,0.00,false
1661,BLUE_5,BLUE,MAGE,-2,3,5,5,0.00,0.00,false
1661,BLUE_6,BLUE,SPIDER,-1,3,1,1,0.00,0.00,false
1662,GREEN_1,GREEN,GARGOYLE,2,-3,5,5,0.00,0.00,false
1662,GREEN_2,GREEN,MAGE,1,-3,5,0,38.00,40.00,false
1662,GREEN_3,GREEN,SPIDER,3,-3,1,0,0.00,4.00,false
1662,BLUE_4,BLUE,GARGOYLE,-3,3,5,5,0.00,0.00,false
1662,BLUE_5,BLUE,MAGE,-2,3,5,1,44.00,38.00,false
1662,BLUE_6,BLUE,SPIDER,-1,3,1,1,0.00,0.00,false
1663,GREEN_1,GREEN,GOBLIN,2,-2,10,4,67.00,60.00,true
1663,GREEN_2,GREEN,ASSASSIN,0,-2,5,0,55.00,40.00,true
1663,GREEN_3,GREEN,MAGE,0,-3,1,1,10.00,0.00,true
1663,GREEN_4,GREEN,SPIDER,-1,-2,1,1,0.00,0.00,true
1663,BLUE_5,BLUE,GOBLIN,-3,3,10,0,78.00,80.00,false
1663,BLUE_6,BLUE,ASSASSIN,-2,3,5,0,21.00,40.00,false
1663,BLUE_7,BLUE,MAGE,-1,3,1,0,1.00,8.00,false
1663,BLUE_8,BLUE,SPIDER,0,3,1,0,0.00,4.00,false
1664,GREEN_1,GREEN,GOBLIN,2,-2,10,0,60.00,80.00,false
1664,GREEN_2,GREEN,ASSASSIN,0,-2,5,0,24.00,40.00,false
1664,GREEN_3,GREEN,MAGE,0,-3,1,0,1.00,8.00,false
1664,GREEN_4,GREEN,SPIDER,-1,-2,1,0,0.00,4.00,false
1664,BLUE_5,BLUE,GOBLIN,-3,3,10,5,89.00,60.00,true
1664,BLUE_6,BLUE,ASSASSIN,-2,3,5,3,36.00,25.00,true
1664,BLUE_7,BLUE,MAGE,-1,3,1,1,7.00,0.00,true
1664,BLUE_8,BLUE,SPIDER,0,3,1,1,0.00,0.00,true
1665,GREEN_1,GREEN,ARCHER,2,-2,7,7,0.00,0.00,false
1665,GREEN_2,GREEN,ARCHER,2,-3,4,4,0.00,0.00,false
1665,GREEN_3,GREEN,GARGOYLE,3,-3,1,1,0.00,0.00,false
1665,BLUE_4,BLUE,ARCHER,-3,3,7,7,0.00,0.00,false
1665,BLUE_5,BLUE,ARCHER,-2,3,4,4,0.00,0.00,false
1665,BLUE_6,BLUE,GARGOYLE,-1,3,1,1,0.00,0.00,false
1666,GREEN_1,GREEN,ARCHER,2,-2,7,7,0.00,0.00,false
1666,GREEN_2,GREEN,ARCHER,2,-3,4,4,0.00,0.00,false
1666,GREEN_3,GREEN,GARGOYLE,3,-3,1,1,0.00,0.00,false
1666,BLUE_4,BLUE,ARCHER,-3,3,7,7,0.00,0.00,false
1666,BLUE_5,BLUE,ARCHER,-2,3,4,4,0.00,0.00,false
1666,BLUE_6,BLUE,GARGOYLE,-1,3,1,1,0.00,0.00,false
1667,GREEN_1,GREEN,MAGE,1,-2,8,8,0.00,0.00,false
1667,GREEN_2,GREEN,GOBLIN,0,-3,6,6,0.00,0.00,false
1667,BLUE_3,BLUE,MAGE,-3,3,8,8,0.00,0.00,false
1667,BLUE_4,BLUE,GOBLIN,-2,3,6,6,0.00,0.00,false
1668,GREEN_1,GREEN,MAGE,1,-2,8,0,21.00,64.00,false
1668,GREEN_2,GREEN,GOBLIN,0,-3,6,0,0.00,48.00,false
1668,BLUE_3,BLUE,MAGE,-3,3,8,8,64.00,9.00,true
1668,BLUE_4,BLUE,GOBLIN,-2,3,6,6,48.00,12.00,true
1669,GREEN_1,GREEN,MAGE,2,-3,7,7,39.00,3.00,true
1669,GREEN_2,GREEN,SCORPION_RIDER,1,-2,3,3,71.00,22.00,true
1669,BLUE_3,BLUE,MAGE,-3,3,7,0,9.00,56.00,false
1669,BLUE_4,BLUE,SCORPION_RIDER,-2,3,3,0,16.00,54.00,false
1670,GREEN_1,GREEN,MAGE,2,-3,7,0,10.00,56.00,false
1670,GREEN_2,GREEN,SCORPION_RIDER,1,-2,3,0,16.00,54.00,false
1670,BLUE_3,BLUE,MAGE,-3,3,7,7,40.00,3.00,true
1670,BLUE_4,BLUE,SCORPION_RIDER,-2,3,3,3,70.00,23.00,true
1671,GREEN_1,GREEN,SCORPION_RIDER,0,-3,5,2,112.00,86.00,true
1671,GREEN_2,GREEN,ASSASSIN,1,-3,4,2,18.00,16.00,true
1671,GREEN_3,GREEN,ASSASSIN,0,-2,1,1,0.00,0.00,true
1671,BLUE_4,BLUE,SCORPION_RIDER,-3,3,5,0,90.00,90.00,false
1671,BLUE_5,BLUE,ASSASSIN,-2,3,4,0,12.00,32.00,false
1671,BLUE_6,BLUE,ASSASSIN,-1,3,1,0,0.00,8.00,false
1672,GREEN_1,GREEN,SCORPION_RIDER,0,-3,5,0,84.00,90.00,false
1672,GREEN_2,GREEN,ASSASSIN,1,-3,4,0,12.00,32.00,false
1672,GREEN_3,GREEN,ASSASSIN,0,-2,1,0,6.00,8.00,false
1672,BLUE_4,BLUE,SCORPION_RIDER,-3,3,5,1,102.00,72.00,true
1672,BLUE_5,BLUE,ASSASSIN,-2,3,4,2,22.00,22.00,true
1672,BLUE_6,BLUE,ASSASSIN,-1,3,1,0,6.00,8.00,true
1673,GREEN_1,GREEN,SPIDER,0,-2,16,16,0.00,0.00,false
1673,GREEN_2,GREEN,GARGOYLE,3,-2,3,3,0.00,0.00,false
1673,GREEN_3,GREEN,GOBLIN,1,-3,2,2,0.00,0.00,false
1673,BLUE_4,BLUE,SPIDER,-3,3,16,16,0.00,0.00,false
1673,BLUE_5,BLUE,GARGOYLE,-2,3,3,3,0.00,0.00,false
1673,BLUE_6,BLUE,GOBLIN,-1,3,2,2,0.00,0.00,false
1674,GREEN_1,GREEN,SPIDER,0,-2,16,16,0.00,0.00,false
1674,GREEN_2,GREEN,GARGOYLE,3,-2,3,3,0.00,0.00,false
1674,GREEN_3,GREEN,GOBLIN,1,-3,2,0,8.00,16.00,false
1674,BLUE_4,BLUE,SPIDER,-3,3,16,16,0.00,0.00,false
1674,BLUE_5,BLUE,GARGOYLE,-2,3,3,3,0.00,0.00,false
1674,BLUE_6,BLUE,GOBLIN,-1,3,2,2,16.00,8.00,false
1675,GREEN_1,GREEN,ARCHER,0,-3,7,7,0.00,0.00,false
1675,GREEN_2,GREEN,SCORPION_RIDER,2,-3,4,4,0.00,0.00,false
1675,BLUE_3,BLUE,ARCHER,-3,3,7,7,0.00,0.00,false
1675,BLUE_4,BLUE,SCORPION_RIDER,-2,3,4,4,0.00,0.00,false
1676,GREEN_1,GREEN,ARCHER,0,-3,7,0,12.00,56.00,false
1676,GREEN_2,GREEN,SCORPION_RIDER,2,-3,4,2,52.00,36.00,false
1676,BLUE_3,BLUE,ARCHER,-3,3,7,7,0.00,0.00,false
1676,BLUE_4,BLUE,SCORPION_RIDER,-2,3,4,2,92.00,64.00,false
1677,GREEN_1,GREEN,SCORPION_RIDER,1,-2,6,4,106.00,62.00,true
1677,GREEN_2,GREEN,ARCHER,1,-3,4,4,42.00,0.00,true
1677,GREEN_3,GREEN,GOBLIN,3,-2,1,1,0.00,0.00,true
1677,BLUE_4,BLUE,SCORPION_RIDER,-3,3,6,0,58.00,108.00,false
1677,BLUE_5,BLUE,ARCHER,-2,3,4,0,4.00,32.00,false
1677,BLUE_6,BLUE,GOBLIN,-1,3,1,0,0.00,8.00,false
1678,GREEN_1,GREEN,SCORPION_RIDER,1,-2,6,5,76.00,74.00,false
1678,GREEN_2,GREEN,ARCHER,1,-3,4,0,4.00,32.00,false
1678,GREEN_3,GREEN,GOBLIN,3,-2,1,0,0.00,8.00,false
1678,BLUE_4,BLUE,SCORPION_RIDER,-3,3,6,3,114.00,80.00,false
1678,BLUE_5,BLUE,ARCHER,-2,3,4,4,0.00,0.00,false
1678,BLUE_6,BLUE,GOBLIN,-1,3,1,1,0.00,0.00,false
1679,GREEN_1,GREEN,ARCHER,1,-3,8,7,68.00,20.00,true
1679,GREEN_2,GREEN,GOBLIN,-1,-2,9,8,68.00,30.00,true
1679,BLUE_3,BLUE,ARCHER,-3,3,8,0,34.00,64.00,false
1679,BLUE_4,BLUE,GOBLIN,-2,3,9,0,16.00,72.00,false
1680,GREEN_1,GREEN,ARCHER,1,-3,8,0,36.00,64.00,false
1680,GREEN_2,GREEN,GOBLIN,-1,-2,9,0,40.00,72.00,false
1680,BLUE_3,BLUE,ARCHER,-3,3,8,6,72.00,28.00,true
1680,BLUE_4,BLUE,GOBLIN,-2,3,9,5,64.00,48.00,true
1681,GREEN_1,GREEN,GARGOYLE,2,-3,5,2,125.00,69.00,true
1681,GREEN_2,GREEN,GARGOYLE,1,-3,5,5,43.00,18.00,true
1681,GREEN_3,GREEN,GOBLIN,-1,-2,1,1,0.00,0.00,true
1681,BLUE_4,BLUE,GARGOYLE,-3,3,5,0,43.00,80.00,false
1681,BLUE_5,BLUE,GARGOYLE,-2,3,5,0,44.00,80.00,false
1681,BLUE_6,BLUE,GOBLIN,-1,3,1,0,0.00,8.00,false
1682,GREEN_1,GREEN,GARGOYLE,2,-3,5,0,43.00,80.00,false
1682,GREEN_2,GREEN,GARGOYLE,1,-3,5,0,42.00,80.00,false
1682,GREEN_3,GREEN,GOBLIN,-1,-2,1,0,0.00,8.00,false
1682,BLUE_4,BLUE,GARGOYLE,-3,3,5,4,117.00,61.00,true
1682,BLUE_5,BLUE,GARGOYLE,-2,3,5,5,51.00,24.00,true
1682,BLUE_6,BLUE,GOBLIN,-1,3,1,1,0.00,0.00,true
1683,GREEN_1,GREEN,SPIDER,0,-3,16,16,0.00,0.00,false
1683,GREEN_2,GREEN,GOBLIN,3,-3,7,7,0.00,0.00,false
1683,GREEN_3,GREEN,GOBLIN,3,-2,2,2,0.00,0.00,false
1683,BLUE_4,BLUE,SPIDER,-3,3,16,16,0.00,0.00,false
1683,BLUE_5,BLUE,GOBLIN,-2,3,7,7,0.00,0.00,false
1683,BLUE_6,BLUE,GOBLIN,-1,3,2,2,0.00,0.00,false
1684,GREEN_1,GREEN,SPIDER,0,-3,16,16,0.00,0.00,false
1684,GREEN_2,GREEN,GOBLIN,3,-3,7,7,0.00,0.00,false
1684,GREEN_3,GREEN,GOBLIN,3,-2,2,2,0.00,0.00,false
1684,BLUE_4,BLUE,SPIDER,-3,3,16,16,0.00,0.00,false
1684,BLUE_5,BLUE,GOBLIN,-2,3,7,7,0.00,0.00,false
1684,BLUE_6,BLUE,GOBLIN,-1,3,2,2,0.00,0.00,false
1685,GREEN_1,GREEN,ASSASSIN,0,-3,8,3,70.00,56.00,true
1685,GREEN_2,GREEN,GOBLIN,1,-3,6,4,42.00,34.00,true
1685,BLUE_3,BLUE,ASSASSIN,-3,3,8,0,62.00,64.00,false
1685,BLUE_4,BLUE,GOBLIN,-2,3,6,0,28.00,48.00,false
1686,GREEN_1,GREEN,ASSASSIN,0,-3,8,0,58.00,64.00,false
1686,GREEN_2,GREEN,GOBLIN,1,-3,6,0,28.00,48.00,false
1686,BLUE_3,BLUE,ASSASSIN,-3,3,8,5,68.00,44.00,true
1686,BLUE_4,BLUE,GOBLIN,-2,3,6,3,44.00,42.00,true
1687,GREEN_1,GREEN,SPIDER,2,-2,13,13,0.00,0.00,false
1687,GREEN_2,GREEN,ASSASSIN,3,-2,4,2,22.00,18.00,false
1687,GREEN_3,GREEN,SPIDER,3,-3,2,2,0.00,0.00,false
1687,BLUE_4,BLUE,SPIDER,-3,3,13,13,0.00,0.00,false
1687,BLUE_5,BLUE,ASSASSIN,-2,3,4,3,16.00,14.00,false
1687,BLUE_6,BLUE,SPIDER,-1,3,2,0,2.00,8.00,false
1688,GREEN_1,GREEN,SPIDER,2,-2,13,0,42.00,52.00,false
1688,GREEN_2,GREEN,ASSASSIN,3,-2,4,0,2.00,32.00,false
1688,GREEN_3,GREEN,SPIDER,3,-3,2,0,2.00,8.00,false
1688,BLUE_4,BLUE,SPIDER,-3,3,13,10,42.00,18.00,true
1688,BLUE_5,BLUE,ASSASSIN,-2,3,4,2,42.00,26.00,true
1688,BLUE_6,BLUE,SPIDER,-1,3,2,2,8.00,2.00,true
1689,GREEN_1,GREEN,SPIDER,3,-3,16,4,136.00,54.00,true
1689,GREEN_2,GREEN,GOBLIN,0,-2,9,9,0.00,0.00,true
1689,BLUE_3,BLUE,SPIDER,-3,3,16,0,54.00,64.00,false
1689,BLUE_4,BLUE,GOBLIN,-2,3,9,0,0.00,72.00,false
1690,GREEN_1,GREEN,SPIDER,3,-3,16,16,0.00,0.00,false
1690,GREEN_2,GREEN,GOBLIN,0,-2,9,0,0.00,72.00,false
1690,BLUE_3,BLUE,SPIDER,-3,3,16,16,72.00,0.00,false
1690,BLUE_4,BLUE,GOBLIN,-2,3,9,9,0.00,0.00,false
1691,GREEN_1,GREEN,GARGOYLE,3,-2,6,6,0.00,0.00,false
1691,GREEN_2,GREEN,ASSASSIN,1,-3,4,3,9.00,17.00,false
1691,GREEN_3,GREEN,GOBLIN,0,-3,1,1,0.00,0.00,false
1691,BLUE_4,BLUE,GARGOYLE,-3,3,6,6,17.00,9.00,false
1691,BLUE_5,BLUE,ASSASSIN,-2,3,4,4,0.00,0.00,false
1691,BLUE_6,BLUE,GOBLIN,-1,3,1,1,0.00,0.00,false
1692,GREEN_1,GREEN,GARGOYLE,3,-2,6,6,17.00,9.00,false
1692,GREEN_2,GREEN,ASSASSIN,1,-3,4,4,0.00,0.00,false
1692,GREEN_3,GREEN,GOBLIN,0,-3,1,1,0.00,0.00,false
1692,BLUE_4,BLUE,GARGOYLE,-3,3,6,6,0.00,0.00,false
1692,BLUE_5,BLUE,ASSASSIN,-2,3,4,3,9.00,17.00,false
1692,BLUE_6,BLUE,GOBLIN,-1,3,1,1,0.00,0.00,false
1693,GREEN_1,GREEN,SCORPION_RIDER,2,-3,3,1,28.00,36.00,false
1693,GREEN_2,GREEN,SCORPION_RIDER,1,-3,6,6,0.00,0.00,false
1693,GREEN_3,GREEN,SPIDER,0,-3,1,1,0.00,0.00,false
1693,BLUE_4,BLUE,SCORPION_RIDER,-3,3,3,3,0.00,0.00,false
1693,BLUE_5,BLUE,SCORPION_RIDER,-2,3,6,6,36.00,24.00,false
1693,BLUE_6,BLUE,SPIDER,-1,3,1,0,0.00,4.00,false
1694,GREEN_1,GREEN,SCORPION_RIDER,2,-3,3,0,42.00,54.00,false
1694,GREEN_2,GREEN,SCORPION_RIDER,1,-3,6,0,76.00,108.00,false
1694,GREEN_3,GREEN,SPIDER,0,-3,1,0,0.00,4.00,false
1694,BLUE_4,BLUE,SCORPION_RIDER,-3,3,3,2,50.00,42.00,true
1694,BLUE_5,BLUE,SCORPION_RIDER,-2,3,6,4,102.00,76.00,true
1694,BLUE_6,BLUE,SPIDER,-1,3,1,1,14.00,0.00,true
1695,GREEN_1,GREEN,SPIDER,2,-2,14,14,0.00,0.00,false
1695,GREEN_2,GREEN,GARGOYLE,2,-3,4,4,0.00,0.00,false
1695,GREEN_3,GREEN,GOBLIN,1,-3,1,1,0.00,0.00,false
1695,BLUE_4,BLUE,SPIDER,-3,3,14,14,0.00,0.00,false
1695,BLUE_5,BLUE,GARGOYLE,-2,3,4,4,0.00,0.00,false
1695,BLUE_6,BLUE,GOBLIN,-1,3,1,1,0.00,0.00,false
1696,GREEN_1,GREEN,SPIDER,2,-2,14,14,0.00,0.00,false
1696,GREEN_2,GREEN,GARGOYLE,2,-3,4,4,0.00,0.00,false
1696,GREEN_3,GREEN,GOBLIN,1,-3,1,1,0.00,0.00,false
1696,BLUE_4,BLUE,SPIDER,-3,3,14,14,0.00,0.00,false
1696,BLUE_5,BLUE,GARGOYLE,-2,3,4,4,0.00,0.00,false
1696,BLUE_6,BLUE,GOBLIN,-1,3,1,1,0.00,0.00,false
1697,GREEN_1,GREEN,SCORPION_RIDER,3,-2,5,2,107.00,86.00,true
1697,GREEN_2,GREEN,GOLEM,2,-3,3,3,57.00,43.00,true
1697,GREEN_3,GREEN,SPIDER,1,-3,1,1,8.00,0.00,true
1697,BLUE_4,BLUE,SCORPION_RIDER,-3,3,5,0,92.00,90.00,false
1697,BLUE_5,BLUE,GOLEM,-2,3,3,0,37.00,78.00,false
1697,BLUE_6,BLUE,SPIDER,-1,3,1,0,0.00,4.00,false
1698,GREEN_1,GREEN,SCORPION_RIDER,3,-2,5,0,94.00,90.00,false
1698,GREEN_2,GREEN,GOLEM,2,-3,3,0,43.00,78.00,false
1698,GREEN_3,GREEN,SPIDER,1,-3,1,0,2.00,4.00,false
1698,BLUE_4,BLUE,SCORPION_RIDER,-3,3,5,2,105.00,83.00,true
1698,BLUE_5,BLUE,GOLEM,-2,3,3,2,59.00,54.00,true
1698,BLUE_6,BLUE,SPIDER,-1,3,1,1,8.00,2.00,true
1699,GREEN_1,GREEN,SCORPION_RIDER,3,-2,6,6,0.00,0.00,false
1699,GREEN_2,GREEN,GOBLIN,1,-2,9,9,0.00,0.00,false
1699,BLUE_3,BLUE,SCORPION_RIDER,-3,3,6,6,0.00,0.00,false
1699,BLUE_4,BLUE,GOBLIN,-2,3,9,9,0.00,0.00,false
1700,GREEN_1,GREEN,SCORPION_RIDER,3,-2,6,6,0.00,0.00,false
1700,GREEN_2,GREEN,GOBLIN,1,-2,9,9,0.00,0.00,false
1700,BLUE_3,BLUE,SCORPION_RIDER,-3,3,6,6,0.00,0.00,false
1700,BLUE_4,BLUE,GOBLIN,-2,3,9,9,0.00,0.00,false
1701,GREEN_1,GREEN,GOLEM,0,-2,4,4,111.00,47.00,true
1701,GREEN_2,GREEN,ARCHER,3,-3,5,4,41.00,12.00,true
1701,GREEN_3,GREEN,GOBLIN,-1,-2,1,1,0.00,0.00,true
1701,BLUE_4,BLUE,GOLEM,-3,3,4,0,42.00,104.00,false
1701,BLUE_5,BLUE,ARCHER,-2,3,5,0,16.00,40.00,false
1701,BLUE_6,BLUE,GOBLIN,-1,3,1,0,1.00,8.00,false
1702,GREEN_1,GREEN,GOLEM,0,-2,4,4,0.00,0.00,false
1702,GREEN_2,GREEN,ARCHER,3,-3,5,5,0.00,0.00,false
1702,GREEN_3,GREEN,GOBLIN,-1,-2,1,1,0.00,0.00,false
1702,BLUE_4,BLUE,GOLEM,-3,3,4,4,0.00,0.00,false
1702,BLUE_5,BLUE,ARCHER,-2,3,5,5,0.00,0.00,false
1702,BLUE_6,BLUE,GOBLIN,-1,3,1,1,0.00,0.00,false
1703,GREEN_1,GREEN,GOBLIN,2,-3,11,11,0.00,0.00,false
1703,GREEN_2,GREEN,MAGE,1,-3,6,6,0.00,0.00,false
1703,BLUE_3,BLUE,GOBLIN,-3,3,11,11,0.00,0.00,false
1703,BLUE_4,BLUE,MAGE,-2,3,6,6,0.00,0.00,false
1704,GREEN_1,GREEN,GOBLIN,2,-3,11,0,66.00,88.00,false
1704,GREEN_2,GREEN,MAGE,1,-3,6,0,7.00,48.00,false
1704,BLUE_3,BLUE,GOBLIN,-3,3,11,3,102.00,72.00,true
1704,BLUE_4,BLUE,MAGE,-2,3,6,6,34.00,1.00,true
1705,GREEN_1,GREEN,GARGOYLE,1,-3,6,6,119.00,39.00,true
1705,GREEN_2,GREEN,GOBLIN,2,-3,11,3,65.00,72.00,true
1705,BLUE_3,BLUE,GARGOYLE,-3,3,6,0,39.00,96.00,false
1705,BLUE_4,BLUE,GOBLIN,-2,3,11,0,72.00,88.00,false
1706,GREEN_1,GREEN,GARGOYLE,1,-3,6,6,0.00,0.00,false
1706,GREEN_2,GREEN,GOBLIN,2,-3,11,0,80.00,88.00,false
1706,BLUE_3,BLUE,GARGOYLE,-3,3,6,6,0.00,0.00,false
1706,BLUE_4,BLUE,GOBLIN,-2,3,11,2,88.00,80.00,false
1707,GREEN_1,GREEN,GARGOYLE,0,-2,6,2,106.00,91.00,false
1707,GREEN_2,GREEN,SPIDER,3,-3,11,11,0.00,0.00,false
1707,BLUE_3,BLUE,GARGOYLE,-3,3,6,4,71.00,62.00,false
1707,BLUE_4,BLUE,SPIDER,-2,3,11,0,20.00,44.00,false
1708,GREEN_1,GREEN,GARGOYLE,0,-2,6,0,52.00,96.00,false
1708,GREEN_2,GREEN,SPIDER,3,-3,11,0,34.00,44.00,false
1708,BLUE_3,BLUE,GARGOYLE,-3,3,6,6,100.00,45.00,true
1708,BLUE_4,BLUE,SPIDER,-2,3,11,2,40.00,41.00,true
1709,GREEN_1,GREEN,GOLEM,0,-3,4,3,84.00,66.00,true
1709,GREEN_2,GREEN,MAGE,1,-3,5,5,60.00,21.00,true
1709,BLUE_3,BLUE,GOLEM,-3,3,4,0,65.00,104.00,false
1709,BLUE_4,BLUE,MAGE,-2,3,5,0,22.00,40.00,false
1710,GREEN_1,GREEN,GOLEM,0,-3,4,4,0.00,0.00,false
1710,GREEN_2,GREEN,MAGE,1,-3,5,5,0.00,0.00,false
1710,BLUE_3,BLUE,GOLEM,-3,3,4,4,0.00,0.00,false
1710,BLUE_4,BLUE,MAGE,-2,3,5,5,0.00,0.00,false
1711,GREEN_1,GREEN,ARCHER,0,-2,8,2,116.00,56.00,false
1711,GREEN_2,GREEN,GOLEM,3,-3,2,2,0.00,0.00,false
1711,GREEN_3,GREEN,GARGOYLE,3,-2,1,1,0.00,0.00,false
1711,BLUE_4,BLUE,ARCHER,-3,3,8,4,56.00,48.00,false
1711,BLUE_5,BLUE,GOLEM,-2,3,2,0,0.00,52.00,false
1711,BLUE_6,BLUE,GARGOYLE,-1,3,1,0,0.00,16.00,false
1712,GREEN_1,GREEN,ARCHER,0,-2,8,0,48.00,64.00,false
1712,GREEN_2,GREEN,GOLEM,3,-3,2,0,19.00,52.00,false
1712,GREEN_3,GREEN,GARGOYLE,3,-2,1,0,0.00,16.00,false
1712,BLUE_4,BLUE,ARCHER,-3,3,8,3,100.00,48.00,true
1712,BLUE_5,BLUE,GOLEM,-2,3,2,2,32.00,19.00,true
1712,BLUE_6,BLUE,GARGOYLE,-1,3,1,1,0.00,0.00,true
1713,GREEN_1,GREEN,SPIDER,0,-2,1,1,0.00,0.00,true
1713,GREEN_2,GREEN,SCORPION_RIDER,0,-3,5,4,122.00,67.00,true
1713,GREEN_3,GREEN,MAGE,1,-3,4,4,0.00,0.00,true
1713,GREEN_4,GREEN,SPIDER,3,-2,1,1,8.00,2.00,true
1713,BLUE_5,BLUE,SPIDER,-3,3,1,0,0.00,4.00,false
1713,BLUE_6,BLUE,SCORPION_RIDER,-2,3,5,0,65.00,90.00,false
1713,BLUE_7,BLUE,MAGE,-1,3,4,0,2.00,32.00,false
1713,BLUE_8,BLUE,SPIDER,0,3,1,0,2.00,4.00,false
1714,GREEN_1,GREEN,SPIDER,0,-2,1,0,2.00,4.00,false
1714,GREEN_2,GREEN,SCORPION_RIDER,0,-3,5,0,52.00,90.00,false
1714,GREEN_3,GREEN,MAGE,1,-3,4,0,6.00,32.00,false
1714,GREEN_4,GREEN,SPIDER,3,-2,1,0,2.00,4.00,false
1714,BLUE_5,BLUE,SPIDER,-3,3,1,1,7.00,2.00,true
1714,BLUE_6,BLUE,SCORPION_RIDER,-2,3,5,3,87.00,54.00,true
1714,BLUE_7,BLUE,MAGE,-1,3,4,4,34.00,5.00,true
1714,BLUE_8,BLUE,SPIDER,0,3,1,1,2.00,1.00,true
1715,GREEN_1,GREEN,ARCHER,3,-3,7,7,69.00,24.00,true
1715,GREEN_2,GREEN,GOLEM,0,-3,3,3,63.00,25.00,true
1715,GREEN_3,GREEN,SPIDER,0,-2,1,1,6.00,2.00,true
1715,BLUE_4,BLUE,ARCHER,-3,3,7,0,30.00,56.00,false
1715,BLUE_5,BLUE,GOLEM,-2,3,3,0,19.00,78.00,false
1715,BLUE_6,BLUE,SPIDER,-1,3,1,0,2.00,4.00,false
1716,GREEN_1,GREEN,ARCHER,3,-3,7,0,38.00,56.00,false
1716,GREEN_2,GREEN,GOLEM,0,-3,3,3,0.00,16.00,false
1716,GREEN_3,GREEN,SPIDER,0,-2,1,0,0.00,4.00,false
1716,BLUE_4,BLUE,ARCHER,-3,3,7,5,58.00,36.00,false
1716,BLUE_5,BLUE,GOLEM,-2,3,3,3,16.00,2.00,false
1716,BLUE_6,BLUE,SPIDER,-1,3,1,1,2.00,0.00,false
1717,GREEN_1,GREEN,MAGE,-1,-2,7,7,41.00,3.00,true
1717,GREEN_2,GREEN,SCORPION_RIDER,0,-3,3,3,69.00,22.00,true
1717,BLUE_3,BLUE,MAGE,-3,3,7,0,9.00,56.00,false
1717,BLUE_4,BLUE,SCORPION_RIDER,-2,3,3,0,16.00,54.00,false
1718,GREEN_1,GREEN,MAGE,-1,-2,7,0,9.00,56.00,false
1718,GREEN_2,GREEN,SCORPION_RIDER,0,-3,3,0,16.00,54.00,false
1718,BLUE_3,BLUE,MAGE,-3,3,7,7,41.00,3.00,true
1718,BLUE_4,BLUE,SCORPION_RIDER,-2,3,3,3,69.00,22.00,true
1719,GREEN_1,GREEN,SPIDER,0,-2,15,15,0.00,0.00,false
1719,GREEN_2,GREEN,GOBLIN,2,-2,9,9,0.00,0.00,false
1719,GREEN_3,GREEN,GOBLIN,-1,-2,1,1,0.00,0.00,false
1719,BLUE_4,BLUE,SPIDER,-3,3,15,15,0.00,0.00,false
1719,BLUE_5,BLUE,GOBLIN,-2,3,9,9,0.00,0.00,false
1719,BLUE_6,BLUE,GOBLIN,-1,3,1,1,0.00,0.00,false
1720,GREEN_1,GREEN,SPIDER,0,-2,15,15,0.00,0.00,false
1720,GREEN_2,GREEN,GOBLIN,2,-2,9,9,0.00,0.00,false
1720,GREEN_3,GREEN,GOBLIN,-1,-2,1,0,4.00,8.00,false
1720,BLUE_4,BLUE,SPIDER,-3,3,15,15,0.00,0.00,false
1720,BLUE_5,BLUE,GOBLIN,-2,3,9,9,0.00,0.00,false
1720,BLUE_6,BLUE,GOBLIN,-1,3,1,1,8.00,4.00,false
1721,GREEN_1,GREEN,ASSASSIN,3,-3,7,3,50.00,44.00,true
1721,GREEN_2,GREEN,GOBLIN,1,-3,8,3,70.00,54.00,true
1721,BLUE_3,BLUE,ASSASSIN,-3,3,7,0,40.00,56.00,false
1721,BLUE_4,BLUE,GOBLIN,-2,3,8,0,58.00,64.00,false
1722,GREEN_1,GREEN,ASSASSIN,3,-3,7,0,48.00,56.00,false
1722,GREEN_2,GREEN,GOBLIN,1,-3,8,0,48.00,64.00,false
1722,BLUE_3,BLUE,ASSASSIN,-3,3,7,1,56.00,48.00,true
1722,BLUE_4,BLUE,GOBLIN,-2,3,8,5,64.00,48.00,true
1723,GREEN_1,GREEN,ASSASSIN,-1,-2,8,3,88.00,52.00,true
1723,GREEN_2,GREEN,SPIDER,1,-3,5,5,0.00,0.00,true
1723,GREEN_3,GREEN,SPIDER,3,-3,1,1,0.00,0.00,true
1723,BLUE_4,BLUE,ASSASSIN,-3,3,8,0,48.00,64.00,false
1723,BLUE_5,BLUE,SPIDER,-2,3,5,0,4.00,20.00,false
1723,BLUE_6,BLUE,SPIDER,-1,3,1,0,0.00,4.00,false
1724,GREEN_1,GREEN,ASSASSIN,-1,-2,8,0,30.00,64.00,false
1724,GREEN_2,GREEN,SPIDER,1,-3,5,0,4.00,20.00,false
1724,GREEN_3,GREEN,SPIDER,3,-3,1,0,0.00,4.00,false
1724,BLUE_4,BLUE,ASSASSIN,-3,3,8,8,68.00,34.00,true
1724,BLUE_5,BLUE,SPIDER,-2,3,5,5,16.00,0.00,true
1724,BLUE_6,BLUE,SPIDER,-1,3,1,1,4.00,0.00,true
1725,GREEN_1,GREEN,SPIDER,3,-2,16,3,84.00,56.00,true
1725,GREEN_2,GREEN,SCORPION_RIDER,2,-3,3,2,38.00,42.00,true
1725,GREEN_3,GREEN,SPIDER,3,-3,1,1,0.00,0.00,true
1725,BLUE_4,BLUE,SPIDER,-3,3,16,0,56.00,64.00,false
1725,BLUE_5,BLUE,SCORPION_RIDER,-2,3,3,0,42.00,54.00,false
1725,BLUE_6,BLUE,SPIDER,-1,3,1,0,0.00,4.00,false
1726,GREEN_1,GREEN,SPIDER,3,-2,16,0,66.00,64.00,false
1726,GREEN_2,GREEN,SCORPION_RIDER,2,-3,3,0,0.00,54.00,false
1726,GREEN_3,GREEN,SPIDER,3,-3,1,0,0.00,4.00,false
1726,BLUE_4,BLUE,SPIDER,-3,3,16,12,96.00,28.00,true
1726,BLUE_5,BLUE,SCORPION_RIDER,-2,3,3,2,26.00,38.00,true
1726,BLUE_6,BLUE,SPIDER,-1,3,1,1,0.00,0.00,true
1727,GREEN_1,GREEN,SCORPION_RIDER,1,-2,5,5,0.00,0.00,false
1727,GREEN_2,GREEN,GOLEM,0,-3,3,3,0.00,0.00,false
1727,GREEN_3,GREEN,SPIDER,1,-3,1,1,0.00,0.00,false
1727,BLUE_4,BLUE,SCORPION_RIDER,-3,3,5,5,0.00,0.00,false
1727,BLUE_5,BLUE,GOLEM,-2,3,3,3,0.00,0.00,false
1727,BLUE_6,BLUE,SPIDER,-1,3,1,1,0.00,0.00,false
1728,GREEN_1,GREEN,SCORPION_RIDER,1,-2,5,5,0.00,0.00,false
1728,GREEN_2,GREEN,GOLEM,0,-3,3,0,39.00,78.00,false
1728,GREEN_3,GREEN,SPIDER,1,-3,1,0,0.00,4.00,false
1728,BLUE_4,BLUE,SCORPION_RIDER,-3,3,5,4,82.00,39.00,false
1728,BLUE_5,BLUE,GOLEM,-2,3,3,3,0.00,0.00,false
1728,BLUE_6,BLUE,SPIDER,-1,3,1,1,0.00,0.00,false
1729,GREEN_1,GREEN,GOBLIN,1,-3,11,2,74.00,72.00,true
1729,GREEN_2,GREEN,SCORPION_RIDER,3,-3,5,2,104.00,78.00,true
1729,BLUE_3,BLUE,GOBLIN,-3,3,11,0,56.00,88.00,false
1729,BLUE_4,BLUE,SCORPION_RIDER,-2,3,5,0,94.00,90.00,false
1730,GREEN_1,GREEN,GOBLIN,1,-3,11,0,56.00,88.00,false
1730,GREEN_2,GREEN,SCORPION_RIDER,3,-3,5,0,96.00,90.00,false
1730,BLUE_3,BLUE,GOBLIN,-3,3,11,2,62.00,72.00,true
1730,BLUE_4,BLUE,SCORPION_RIDER,-2,3,5,1,116.00,80.00,true
1731,GREEN_1,GREEN,ASSASSIN,1,-3,8,7,50.00,19.00,false
1731,GREEN_2,GREEN,GOLEM,1,-2,1,1,0.00,0.00,false
1731,GREEN_3,GREEN,GOBLIN,3,-3,3,3,0.00,0.00,false
1731,BLUE_4,BLUE,ASSASSIN,-3,3,8,8,0.00,0.00,false
1731,BLUE_5,BLUE,GOLEM,-2,3,1,0,7.00,26.00,false
1731,BLUE_6,BLUE,GOBLIN,-1,3,3,0,12.00,24.00,false
1732,GREEN_1,GREEN,ASSASSIN,1,-3,8,8,0.00,0.00,false
1732,GREEN_2,GREEN,GOLEM,1,-2,1,0,7.00,26.00,false
1732,GREEN_3,GREEN,GOBLIN,3,-3,3,0,12.00,24.00,false
1732,BLUE_4,BLUE,ASSASSIN,-3,3,8,7,50.00,19.00,false
1732,BLUE_5,BLUE,GOLEM,-2,3,1,1,0.00,0.00,false
1732,BLUE_6,BLUE,GOBLIN,-1,3,3,3,0.00,0.00,false
1733,GREEN_1,GREEN,GARGOYLE,3,-3,6,6,82.00,9.00,true
1733,GREEN_2,GREEN,SCORPION_RIDER,1,-3,4,1,86.00,66.00,true
1733,BLUE_3,BLUE,GARGOYLE,-3,3,6,0,69.00,96.00,false
1733,BLUE_4,BLUE,SCORPION_RIDER,-2,3,4,0,6.00,72.00,false
1734,GREEN_1,GREEN,GARGOYLE,3,-3,6,0,69.00,96.00,false
1734,GREEN_2,GREEN,SCORPION_RIDER,1,-3,4,0,3.00,72.00,false
1734,BLUE_3,BLUE,GARGOYLE,-3,3,6,6,83.00,3.00,true
1734,BLUE_4,BLUE,SCORPION_RIDER,-2,3,4,1,85.00,69.00,true
1735,GREEN_1,GREEN,GOLEM,-1,-2,4,4,111.00,55.00,true
1735,GREEN_2,GREEN,ARCHER,3,-3,4,4,47.00,0.00,true
1735,GREEN_3,GREEN,SCORPION_RIDER,2,-3,1,1,0.00,0.00,true
1735,GREEN_4,GREEN,SPIDER,0,-2,1,1,0.00,0.00,true
1735,BLUE_5,BLUE,GOLEM,-3,3,4,0,50.00,104.00,false
1735,BLUE_6,BLUE,ARCHER,-2,3,4,0,0.00,32.00,false
1735,BLUE_7,BLUE,SCORPION_RIDER,-1,3,1,0,5.00,18.00,false
1735,BLUE_8,BLUE,SPIDER,0,3,1,0,0.00,4.00,false
1736,GREEN_1,GREEN,GOLEM,-1,-2,4,0,59.00,104.00,false
1736,GREEN_2,GREEN,ARCHER,3,-3,4,0,4.00,32.00,false
1736,GREEN_3,GREEN,SCORPION_RIDER,2,-3,1,0,0.00,18.00,false
1736,GREEN_4,GREEN,SPIDER,0,-2,1,0,0.00,4.00,false
1736,BLUE_5,BLUE,GOLEM,-3,3,4,4,101.00,49.00,true
1736,BLUE_6,BLUE,ARCHER,-2,3,4,4,50.00,0.00,true
1736,BLUE_7,BLUE,SCORPION_RIDER,-1,3,1,1,3.00,14.00,true
1736,BLUE_8,BLUE,SPIDER,0,3,1,1,4.00,0.00,true
1737,GREEN_1,GREEN,SPIDER,1,-2,16,16,0.00,0.00,false
1737,GREEN_2,GREEN,GOLEM,1,-3,2,2,0.00,0.00,false
1737,GREEN_3,GREEN,ASSASSIN,3,-3,1,1,0.00,0.00,false
1737,BLUE_4,BLUE,SPIDER,-3,3,16,16,0.00,0.00,false
1737,BLUE_5,BLUE,GOLEM,-2,3,2,2,0.00,0.00,false
1737,BLUE_6,BLUE,ASSASSIN,-1,3,1,1,0.00,0.00,false
1738,GREEN_1,GREEN,SPIDER,1,-2,16,5,64.00,50.00,false
1738,GREEN_2,GREEN,GOLEM,1,-3,2,1,49.00,38.00,false
1738,GREEN_3,GREEN,ASSASSIN,3,-3,1,0,6.00,8.00,false
1738,BLUE_4,BLUE,SPIDER,-3,3,16,0,50.00,64.00,false
1738,BLUE_5,BLUE,GOLEM,-2,3,2,1,38.00,49.00,false
1738,BLUE_6,BLUE,ASSASSIN,-1,3,1,1,8.00,6.00,false
1739,GREEN_1,GREEN,GARGOYLE,3,-3,5,5,0.00,0.00,false
1739,GREEN_2,GREEN,GOBLIN,-1,-2,10,10,0.00,0.00,false
1739,GREEN_3,GREEN,SPIDER,1,-3,3,3,0.00,0.00,false
1739,BLUE_4,BLUE,GARGOYLE,-3,3,5,5,0.00,0.00,false
1739,BLUE_5,BLUE,GOBLIN,-2,3,10,10,0.00,0.00,false
1739,BLUE_6,BLUE,SPIDER,-1,3,3,3,0.00,0.00,false
1740,GREEN_1,GREEN,GARGOYLE,3,-3,5,5,0.00,0.00,false
1740,GREEN_2,GREEN,GOBLIN,-1,-2,10,10,0.00,0.00,false
1740,GREEN_3,GREEN,SPIDER,1,-3,3,3,0.00,0.00,false
1740,BLUE_4,BLUE,GARGOYLE,-3,3,5,5,0.00,0.00,false
1740,BLUE_5,BLUE,GOBLIN,-2,3,10,10,0.00,0.00,false
1740,BLUE_6,BLUE,SPIDER,-1,3,3,3,0.00,0.00,false
1741,GREEN_1,GREEN,SPIDER,3,-3,13,13,0.00,0.00,false
1741,GREEN_2,GREEN,GOLEM,0,-3,3,3,0.00,0.00,false
1741,GREEN_3,GREEN,GOBLIN,2,-2,2,2,0.00,0.00,false
1741,BLUE_4,BLUE,SPIDER,-3,3,13,13,0.00,0.00,false
1741,BLUE_5,BLUE,GOLEM,-2,3,3,3,0.00,0.00,false
1741,BLUE_6,BLUE,GOBLIN,-1,3,2,2,0.00,0.00,false
1742,GREEN_1,GREEN,SPIDER,3,-3,13,0,50.00,52.00,false
1742,GREEN_2,GREEN,GOLEM,0,-3,3,3,0.00,0.00,false
1742,GREEN_3,GREEN,GOBLIN,2,-2,2,0,0.00,16.00,false
1742,BLUE_4,BLUE,SPIDER,-3,3,13,1,68.00,50.00,false
1742,BLUE_5,BLUE,GOLEM,-2,3,3,3,0.00,0.00,false
1742,BLUE_6,BLUE,GOBLIN,-1,3,2,2,0.00,0.00,false
1743,GREEN_1,GREEN,GOLEM,0,-2,4,4,0.00,0.00,false
1743,GREEN_2,GREEN,ASSASSIN,3,-2,4,3,38.00,27.00,false
1743,GREEN_3,GREEN,MAGE,2,-3,1,1,2.00,0.00,false
1743,BLUE_4,BLUE,GOLEM,-3,3,4,4,0.00,0.00,false
1743,BLUE_5,BLUE,ASSASSIN,-2,3,4,0,26.00,32.00,false
1743,BLUE_6,BLUE,MAGE,-1,3,1,0,1.00,8.00,false
1744,GREEN_1,GREEN,GOLEM,0,-2,4,0,75.00,104.00,false
1744,GREEN_2,GREEN,ASSASSIN,3,-2,4,0,19.00,32.00,false
1744,GREEN_3,GREEN,MAGE,2,-3,1,0,1.00,8.00,false
1744,BLUE_4,BLUE,GOLEM,-3,3,4,2,88.00,68.00,true
1744,BLUE_5,BLUE,ASSASSIN,-2,3,4,3,50.00,27.00,true
1744,BLUE_6,BLUE,MAGE,-1,3,1,1,6.00,0.00,true
1745,GREEN_1,GREEN,ARCHER,1,-2,7,7,44.00,4.00,true
1745,GREEN_2,GREEN,ASSASSIN,1,-3,4,1,42.00,30.00,true
1745,GREEN_3,GREEN,SPIDER,2,-2,1,0,6.00,4.00,true
1745,BLUE_4,BLUE,ARCHER,-3,3,7,0,38.00,56.00,false
1745,BLUE_5,BLUE,ASSASSIN,-2,3,4,0,0.00,32.00,false
1745,BLUE_6,BLUE,SPIDER,-1,3,1,0,0.00,4.00,false
1746,GREEN_1,GREEN,ARCHER,1,-2,7,0,30.00,56.00,false
1746,GREEN_2,GREEN,ASSASSIN,1,-3,4,0,0.00,32.00,false
1746,GREEN_3,GREEN,SPIDER,2,-2,1,0,0.00,4.00,false
1746,BLUE_4,BLUE,ARCHER,-3,3,7,7,46.00,8.00,true
1746,BLUE_5,BLUE,ASSASSIN,-2,3,4,3,44.00,22.00,true
1746,BLUE_6,BLUE,SPIDER,-1,3,1,1,2.00,0.00,true
1747,GREEN_1,GREEN,SPIDER,3,-3,13,13,0.00,0.00,false
1747,GREEN_2,GREEN,GARGOYLE,1,-3,5,5,0.00,0.00,false
1747,BLUE_3,BLUE,SPIDER,-3,3,13,13,0.00,0.00,false
1747,BLUE_4,BLUE,GARGOYLE,-2,3,5,5,0.00,0.00,false
1748,GREEN_1,GREEN,SPIDER,3,-3,13,13,0.00,0.00,false
1748,GREEN_2,GREEN,GARGOYLE,1,-3,5,5,0.00,0.00,false
1748,BLUE_3,BLUE,SPIDER,-3,3,13,13,0.00,0.00,false
1748,BLUE_4,BLUE,GARGOYLE,-2,3,5,5,0.00,0.00,false
1761,GREEN_1,GREEN,SPIDER,0,-2,16,16,0.00,0.00,false
1761,GREEN_2,GREEN,SCORPION_RIDER,2,-2,3,2,58.00,50.00,false
1761,GREEN_3,GREEN,SPIDER,-1,-2,1,1,0.00,0.00,false
1761,BLUE_4,BLUE,SPIDER,-3,3,16,16,0.00,0.00,false
1761,BLUE_5,BLUE,SCORPION_RIDER,-2,3,3,0,50.00,54.00,false
1761,BLUE_6,BLUE,SPIDER,-1,3,1,0,0.00,4.00,false
1762,GREEN_1,GREEN,SPIDER,0,-2,16,0,72.00,64.00,false
1762,GREEN_2,GREEN,SCORPION_RIDER,2,-2,3,0,6.00,54.00,false
1762,GREEN_3,GREEN,SPIDER,-1,-2,1,0,2.00,4.00,false
1762,BLUE_4,BLUE,SPIDER,-3,3,16,12,92.00,28.00,true
1762,BLUE_5,BLUE,SCORPION_RIDER,-2,3,3,1,30.00,52.00,true
1762,BLUE_6,BLUE,SPIDER,-1,3,1,1,0.00,0.00,true
1763,GREEN_1,GREEN,MAGE,1,-2,8,7,79.00,32.00,true
1763,GREEN_2,GREEN,GOLEM,3,-3,1,1,0.00,0.00,true
1763,GREEN_3,GREEN,SCORPION_RIDER,2,-2,1,1,29.00,12.00,true
1763,BLUE_4,BLUE,MAGE,-3,3,8,0,44.00,64.00,false
1763,BLUE_5,BLUE,GOLEM,-2,3,1,0,0.00,26.00,false
1763,BLUE_6,BLUE,SCORPION_RIDER,-1,3,1,0,0.00,18.00,false
1764,GREEN_1,GREEN,MAGE,1,-2,8,0,42.00,64.00,false
1764,GREEN_2,GREEN,GOLEM,3,-3,1,0,4.00,26.00,false
1764,GREEN_3,GREEN,SCORPION_RIDER,2,-2,1,0,0.00,18.00,false
1764,BLUE_4,BLUE,MAGE,-3,3,8,7,65.00,20.00,true
1764,BLUE_5,BLUE,GOLEM,-2,3,1,1,22.00,11.00,true
1764,BLUE_6,BLUE,SCORPION_RIDER,-1,3,1,1,21.00,15.00,true
1761,GREEN_1,GREEN,GOBLIN,0,-3,11,11,85.00,22.00,true
1761,GREEN_2,GREEN,MAGE,1,-3,6,3,15.00,28.00,true
1761,BLUE_3,BLUE,ARCHER,-3,2,7,0,38.00,56.00,false
1761,BLUE_4,BLUE,SPIDER,0,2,11,0,12.00,44.00,false
1762,GREEN_1,GREEN,GOBLIN,0,-3,11,11,79.00,24.00,true
1762,GREEN_2,GREEN,MAGE,1,-3,6,2,21.00,42.00,true
1762,BLUE_3,BLUE,ARCHER,-3,2,7,0,54.00,56.00,false
1762,BLUE_4,BLUE,SPIDER,0,2,11,0,12.00,44.00,false
1763,GREEN_1,GREEN,ARCHER,0,-2,7,7,56.00,0.00,false
1763,GREEN_2,GREEN,MAGE,2,-3,4,0,27.00,32.00,false
1763,GREEN_3,GREEN,SPIDER,1,-3,1,0,2.00,4.00,false
1763,BLUE_4,BLUE,SPIDER,0,3,13,11,0.00,23.00,false
1763,BLUE_5,BLUE,GOBLIN,-2,3,12,7,36.00,62.00,false
1764,GREEN_1,GREEN,ARCHER,0,-2,7,7,80.00,0.00,false
1764,GREEN_2,GREEN,MAGE,2,-3,4,0,27.00,32.00,false
1764,GREEN_3,GREEN,SPIDER,1,-3,1,0,2.00,4.00,false
1764,BLUE_4,BLUE,SPIDER,0,3,13,11,0.00,20.00,false
1764,BLUE_5,BLUE,GOBLIN,-2,3,12,2,36.00,89.00,false
1761,GREEN_1,GREEN,ARCHER,0,-2,8,8,32.00,0.00,true
1761,GREEN_2,GREEN,MAGE,2,-2,3,3,182.00,0.00,true
1761,GREEN_3,GREEN,GOBLIN,2,-3,2,2,0.00,0.00,true
1761,BLUE_4,BLUE,SPIDER,-1,3,15,0,0.00,140.00,false
1761,BLUE_5,BLUE,SPIDER,-3,3,8,0,0.00,32.00,false
1761,BLUE_6,BLUE,GOBLIN,-1,2,2,0,0.00,42.00,false
1762,GREEN_1,GREEN,ARCHER,0,-2,8,7,102.00,34.00,true
1762,GREEN_2,GREEN,MAGE,2,-2,3,3,6.00,0.00,true
1762,GREEN_3,GREEN,GOBLIN,2,-3,2,2,0.00,0.00,true
1762,BLUE_4,BLUE,SPIDER,-1,3,15,0,10.00,60.00,false
1762,BLUE_5,BLUE,SPIDER,-3,3,8,0,16.00,32.00,false
1762,BLUE_6,BLUE,GOBLIN,-1,2,2,0,8.00,16.00,false
1763,GREEN_1,GREEN,GOLEM,2,-2,4,4,88.00,74.00,true
1763,GREEN_2,GREEN,ASSASSIN,3,-2,4,0,18.00,32.00,true
1763,GREEN_3,GREEN,MAGE,0,-3,1,0,4.00,8.00,true
1763,BLUE_4,BLUE,ASSASSIN,-1,3,7,0,70.00,56.00,false
1763,BLUE_5,BLUE,SCORPION_RIDER,-3,3,3,0,44.00,54.00,false
1764,GREEN_1,GREEN,GOLEM,2,-2,4,4,88.00,74.00,true
1764,GREEN_2,GREEN,ASSASSIN,3,-2,4,0,18.00,32.00,true
1764,GREEN_3,GREEN,MAGE,0,-3,1,0,4.00,8.00,true
1764,BLUE_4,BLUE,ASSASSIN,-1,3,7,0,70.00,56.00,false
1764,BLUE_5,BLUE,SCORPION_RIDER,-3,3,3,0,44.00,54.00,false
1761,GREEN_1,GREEN,MAGE,-1,-2,7,7,0.00,0.00,false
1761,GREEN_2,GREEN,ASSASSIN,2,-3,3,0,12.00,24.00,false
1761,GREEN_3,GREEN,GOBLIN,2,-2,1,1,0.00,0.00,false
1761,BLUE_4,BLUE,SPIDER,-3,3,14,14,0.00,0.00,false
1761,BLUE_5,BLUE,SPIDER,-2,3,11,8,24.00,12.00,false
1762,GREEN_1,GREEN,MAGE,-1,-2,7,7,0.00,0.00,false
1762,GREEN_2,GREEN,ASSASSIN,2,-3,3,0,12.00,24.00,false
1762,GREEN_3,GREEN,GOBLIN,2,-2,1,1,0.00,0.00,false
1762,BLUE_4,BLUE,SPIDER,-3,3,14,14,0.00,0.00,false
1762,BLUE_5,BLUE,SPIDER,-2,3,11,8,24.00,12.00,false
1763,GREEN_1,GREEN,GOBLIN,-1,-2,12,12,0.00,0.00,false
1763,GREEN_2,GREEN,GOBLIN,2,-3,10,10,0.00,0.00,false
1763,GREEN_3,GREEN,MAGE,3,-2,1,1,168.00,0.00,false
1763,BLUE_4,BLUE,GOBLIN,-2,3,11,11,0.00,126.00,false
1763,BLUE_5,BLUE,SCORPION_RIDER,-2,2,5,4,0.00,42.00,false
1764,GREEN_1,GREEN,GOBLIN,-1,-2,12,12,0.00,0.00,false
1764,GREEN_2,GREEN,GOBLIN,2,-3,10,10,0.00,0.00,false
1764,GREEN_3,GREEN,MAGE,3,-2,1,1,168.00,0.00,false
1764,BLUE_4,BLUE,GOBLIN,-2,3,11,11,0.00,126.00,false
1764,BLUE_5,BLUE,SCORPION_RIDER,-2,2,5,4,0.00,42.00,false
1765,GREEN_1,GREEN,GARGOYLE,2,-3,5,5,33.00,4.00,true
1765,GREEN_2,GREEN,ARCHER,1,-2,1,1,18.00,0.00,true
1765,GREEN_3,GREEN,GOBLIN,0,-2,10,4,85.00,59.00,true
1765,GREEN_4,GREEN,SPIDER,3,-3,1,1,4.00,0.00,true
1765,BLUE_5,BLUE,GOBLIN,-3,2,12,0,58.00,96.00,false
1765,BLUE_6,BLUE,MAGE,-1,2,5,0,5.00,40.00,false
1765,BLUE_7,BLUE,SPIDER,-1,3,1,0,0.00,4.00,false
1766,GREEN_1,GREEN,GARGOYLE,2,-3,5,0,37.00,80.00,false
1766,GREEN_2,GREEN,ARCHER,1,-2,1,0,4.00,8.00,false
1766,GREEN_3,GREEN,GOBLIN,0,-2,10,0,28.00,80.00,false
1766,GREEN_4,GREEN,SPIDER,3,-3,1,0,0.00,4.00,false
1766,BLUE_5,BLUE,GOBLIN,-3,2,12,8,101.00,61.00,true
1766,BLUE_6,BLUE,MAGE,-1,2,5,5,64.00,4.00,true
1766,BLUE_7,BLUE,SPIDER,-1,3,1,0,7.00,4.00,true
1767,GREEN_1,GREEN,ARCHER,3,-2,8,8,132.00,15.00,true
1767,GREEN_2,GREEN,GARGOYLE,3,-3,3,3,0.00,0.00,true
1767,GREEN_3,GREEN,GOBLIN,0,-3,2,2,0.00,0.00,true
1767,BLUE_4,BLUE,GARGOYLE,1,2,6,0,15.00,96.00,false
1767,BLUE_5,BLUE,ASSASSIN,0,2,4,0,0.00,32.00,false
1767,BLUE_6,BLUE,SPIDER,-2,2,1,0,0.00,4.00,false
1768,GREEN_1,GREEN,ARCHER,3,-2,8,0,26.00,64.00,false
1768,GREEN_2,GREEN,GARGOYLE,3,-3,3,0,9.00,48.00,false
1768,GREEN_3,GREEN,GOBLIN,0,-3,2,0,0.00,16.00,false
1768,BLUE_4,BLUE,GARGOYLE,1,2,6,6,86.00,3.00,true
1768,BLUE_5,BLUE,ASSASSIN,0,2,4,0,42.00,32.00,true
1768,BLUE_6,BLUE,SPIDER,-2,2,1,1,0.00,0.00,true
1769,GREEN_1,GREEN,GARGOYLE,1,-2,6,6,0.00,0.00,false
1769,GREEN_2,GREEN,GOBLIN,-1,-2,9,8,48.00,32.00,false
1769,GREEN_3,GREEN,GOBLIN,0,-2,2,2,8.00,4.00,false
1769,BLUE_4,BLUE,GOBLIN,-1,3,10,10,0.00,0.00,false
1769,BLUE_5,BLUE,ASSASSIN,-3,3,6,0,32.00,48.00,false
1769,BLUE_6,BLUE,GOBLIN,-3,2,1,0,4.00,8.00,false
1770,GREEN_1,GREEN,GARGOYLE,1,-2,6,6,16.00,10.00,false
1770,GREEN_2,GREEN,GOBLIN,-1,-2,9,9,0.00,0.00,false
1770,GREEN_3,GREEN,GOBLIN,0,-2,2,0,8.00,16.00,false
1770,BLUE_4,BLUE,GOBLIN,-1,3,10,10,0.00,0.00,false
1770,BLUE_5,BLUE,ASSASSIN,-3,3,6,5,26.00,24.00,false
1770,BLUE_6,BLUE,GOBLIN,-3,2,1,1,0.00,0.00,false
1771,GREEN_1,GREEN,SPIDER,1,-3,15,12,107.00,16.00,true
1771,GREEN_2,GREEN,GARGOYLE,0,-3,4,4,45.00,0.00,true
1771,BLUE_3,BLUE,GOLEM,-1,2,4,0,0.00,104.00,false
1771,BLUE_4,BLUE,ARCHER,-3,2,5,0,16.00,40.00,false
1771,BLUE_5,BLUE,GOBLIN,-2,2,1,0,0.00,8.00,false
1772,GREEN_1,GREEN,SPIDER,1,-3,15,0,6.00,60.00,false
1772,GREEN_2,GREEN,GARGOYLE,0,-3,4,0,12.00,64.00,false
1772,BLUE_3,BLUE,GOLEM,-1,2,4,4,0.00,0.00,true
1772,BLUE_4,BLUE,ARCHER,-3,2,5,5,120.00,12.00,true
1772,BLUE_5,BLUE,GOBLIN,-2,2,1,1,4.00,6.00,true
1773,GREEN_1,GREEN,GOLEM,0,-2,4,4,0.00,0.00,false
1773,GREEN_2,GREEN,GOBLIN,1,-3,11,11,0.00,0.00,false
1773,BLUE_3,BLUE,GOBLIN,-3,3,11,11,0.00,0.00,false
1773,BLUE_4,BLUE,GARGOYLE,-1,3,6,6,0.00,0.00,false
1774,GREEN_1,GREEN,GOLEM,0,-2,4,4,0.00,0.00,false
1774,GREEN_2,GREEN,GOBLIN,1,-3,11,11,0.00,0.00,false
1774,BLUE_3,BLUE,GOBLIN,-3,3,11,11,0.00,0.00,false
1774,BLUE_4,BLUE,GARGOYLE,-1,3,6,6,0.00,0.00,false
1775,GREEN_1,GREEN,SCORPION_RIDER,1,-3,6,6,116.00,21.00,true
1775,GREEN_2,GREEN,MAGE,2,-3,3,3,0.00,0.00,true
1775,GREEN_3,GREEN,GOBLIN,1,-2,2,2,0.00,0.00,true
1775,BLUE_4,BLUE,MAGE,-3,2,7,0,5.00,56.00,false
1775,BLUE_5,BLUE,GOBLIN,-2,3,7,0,16.00,56.00,false
1775,BLUE_6,BLUE,SPIDER,-1,3,1,0,0.00,4.00,false
1776,GREEN_1,GREEN,SCORPION_RIDER,1,-3,6,0,48.00,108.00,false
1776,GREEN_2,GREEN,MAGE,2,-3,3,0,10.00,24.00,false
1776,GREEN_3,GREEN,GOBLIN,1,-2,2,0,0.00,16.00,false
1776,BLUE_4,BLUE,MAGE,-3,2,7,7,120.00,10.00,true
1776,BLUE_5,BLUE,GOBLIN,-2,3,7,1,24.00,48.00,true
1776,BLUE_6,BLUE,SPIDER,-1,3,1,1,4.00,0.00,true
1777,GREEN_1,GREEN,GARGOYLE,0,-2,5,5,133.00,0.00,true
1777,GREEN_2,GREEN,ASSASSIN,2,-3,5,0,27.00,40.00,true
1777,GREEN_3,GREEN,SPIDER,1,-3,1,1,32.00,0.00,true
1777,BLUE_4,BLUE,GOLEM,0,3,4,0,0.00,104.00,false
1777,BLUE_5,BLUE,GOBLIN,-1,3,10,0,40.00,80.00,false
1777,BLUE_6,BLUE,GOBLIN,1,2,1,0,0.00,8.00,false
1778,GREEN_1,GREEN,GARGOYLE,0,-2,5,5,0.00,0.00,false
1778,GREEN_2,GREEN,ASSASSIN,2,-3,5,5,0.00,0.00,false
1778,GREEN_3,GREEN,SPIDER,1,-3,1,1,0.00,0.00,false
1778,BLUE_4,BLUE,GOLEM,0,3,4,4,0.00,0.00,false
1778,BLUE_5,BLUE,GOBLIN,-1,3,10,10,0.00,0.00,false
1778,BLUE_6,BLUE,GOBLIN,1,2,1,1,0.00,0.00,false
1779,GREEN_1,GREEN,SPIDER,2,-3,15,15,0.00,0.00,false
1779,GREEN_2,GREEN,GOBLIN,3,-3,9,9,0.00,0.00,false
1779,GREEN_3,GREEN,GOBLIN,0,-2,1,1,0.00,0.00,false
1779,BLUE_4,BLUE,GOLEM,-1,3,4,4,0.00,0.00,false
1779,BLUE_5,BLUE,SCORPION_RIDER,0,3,4,4,0.00,0.00,false
1779,BLUE_6,BLUE,SPIDER,-3,2,1,1,0.00,0.00,false
1780,GREEN_1,GREEN,SPIDER,2,-3,15,0,44.00,60.00,false
1780,GREEN_2,GREEN,GOBLIN,3,-3,9,0,36.00,72.00,false
1780,GREEN_3,GREEN,GOBLIN,0,-2,1,0,0.00,8.00,false
1780,BLUE_4,BLUE,GOLEM,-1,3,4,4,64.00,14.00,true
1780,BLUE_5,BLUE,SCORPION_RIDER,0,3,4,1,74.00,66.00,true
1780,BLUE_6,BLUE,SPIDER,-3,2,1,1,2.00,0.00,true
1781,GREEN_1,GREEN,ARCHER,0,-3,8,8,0.00,0.00,false
1781,GREEN_2,GREEN,GOLEM,1,-3,2,2,0.00,0.00,false
1781,GREEN_3,GREEN,MAGE,2,-3,1,1,130.00,0.00,false
1781,BLUE_4,BLUE,SCORPION_RIDER,-1,3,5,0,0.00,90.00,false
1781,BLUE_5,BLUE,GOLEM,-1,2,2,2,0.00,0.00,false
1781,BLUE_6,BLUE,GOBLIN,0,3,5,0,0.00,40.00,false
1782,GREEN_1,GREEN,ARCHER,0,-3,8,0,12.00,64.00,false
1782,GREEN_2,GREEN,GOLEM,1,-3,2,0,21.00,52.00,false
1782,GREEN_3,GREEN,MAGE,2,-3,1,0,0.00,8.00,false
1782,BLUE_4,BLUE,SCORPION_RIDER,-1,3,5,5,124.00,33.00,true
1782,BLUE_5,BLUE,GOLEM,-1,2,2,2,0.00,0.00,true
1782,BLUE_6,BLUE,GOBLIN,0,3,5,5,0.00,0.00,true
1783,GREEN_1,GREEN,GOLEM,1,-3,4,4,86.00,59.00,true
1783,GREEN_2,GREEN,GOLEM,-1,-2,3,3,50.00,25.00,true
1783,GREEN_3,GREEN,GOBLIN,0,-3,1,0,4.00,8.00,true
1783,BLUE_4,BLUE,GOBLIN,-3,2,10,0,80.00,80.00,false
1783,BLUE_5,BLUE,ARCHER,0,2,6,0,12.00,48.00,false
1783,BLUE_6,BLUE,SPIDER,-2,3,3,0,0.00,12.00,false
1784,GREEN_1,GREEN,GOLEM,1,-3,4,0,38.00,104.00,false
1784,GREEN_2,GREEN,GOLEM,-1,-2,3,0,0.00,78.00,false
1784,GREEN_3,GREEN,GOBLIN,0,-3,1,0,0.00,8.00,false
1784,BLUE_4,BLUE,GOBLIN,-3,2,10,7,61.00,38.00,true
1784,BLUE_5,BLUE,ARCHER,0,2,6,6,117.00,0.00,true
1784,BLUE_6,BLUE,SPIDER,-2,3,3,3,12.00,0.00,true
1785,GREEN_1,GREEN,SCORPION_RIDER,1,-3,5,5,48.00,6.00,true
1785,GREEN_2,GREEN,GARGOYLE,2,-2,5,5,36.00,5.00,true
1785,BLUE_3,BLUE,MAGE,-1,3,8,0,10.00,64.00,false
1785,BLUE_4,BLUE,MAGE,-3,2,2,0,1.00,16.00,false
1785,BLUE_5,BLUE,SPIDER,0,3,1,0,0.00,4.00,false
1786,GREEN_1,GREEN,SCORPION_RIDER,1,-3,5,0,0.00,90.00,false
1786,GREEN_2,GREEN,GARGOYLE,2,-2,5,0,13.00,80.00,false
1786,BLUE_3,BLUE,MAGE,-1,3,8,8,134.00,9.00,true
1786,BLUE_4,BLUE,MAGE,-3,2,2,2,34.00,0.00,true
1786,BLUE_5,BLUE,SPIDER,0,3,1,0,2.00,4.00,true
1787,GREEN_1,GREEN,ASSASSIN,3,-2,7,4,72.00,46.00,false
1787,GREEN_2,GREEN,ARCHER,1,-2,4,4,0.00,0.00,false
1787,BLUE_3,BLUE,SPIDER,-1,3,16,0,40.00,64.00,false
1787,BLUE_4,BLUE,GOLEM,0,3,2,2,0.00,0.00,false
1787,BLUE_5,BLUE,ASSASSIN,-3,3,1,0,6.00,8.00,false
1788,GREEN_1,GREEN,ASSASSIN,3,-2,7,0,36.00,56.00,false
1788,GREEN_2,GREEN,ARCHER,1,-2,4,0,8.00,32.00,false
1788,BLUE_3,BLUE,SPIDER,-1,3,16,16,74.00,8.00,true
1788,BLUE_4,BLUE,GOLEM,0,3,2,2,14.00,36.00,true
1788,BLUE_5,BLUE,ASSASSIN,-3,3,1,1,0.00,0.00,true
1789,GREEN_1,GREEN,GOLEM,1,-3,4,4,90.00,43.00,true
1789,GREEN_2,GREEN,SPIDER,1,-2,11,11,54.00,2.00,true
1789,BLUE_3,BLUE,GOLEM,-3,3,4,0,41.00,104.00,false
1789,BLUE_4,BLUE,MAGE,-3,2,4,0,4.00,32.00,false
1789,BLUE_5,BLUE,ARCHER,0,3,1,0,0.00,8.00,false
1790,GREEN_1,GREEN,GOLEM,1,-3,4,0,0.00,104.00,false
1790,GREEN_2,GREEN,SPIDER,1,-2,11,0,6.00,44.00,false
1790,BLUE_3,BLUE,GOLEM,-3,3,4,4,0.00,0.00,true
1790,BLUE_4,BLUE,MAGE,-3,2,4,4,118.00,6.00,true
1790,BLUE_5,BLUE,ARCHER,0,3,1,1,30.00,0.00,true
1791,GREEN_1,GREEN,ARCHER,1,-3,8,8,88.00,9.00,true
1791,GREEN_2,GREEN,SPIDER,2,-3,8,8,0.00,0.00,true
1791,GREEN_3,GREEN,SPIDER,2,-2,1,1,0.00,0.00,true
1791,BLUE_4,BLUE,ASSASSIN,0,3,7,0,0.00,56.00,false
1791,BLUE_5,BLUE,MAGE,-2,3,3,0,9.00,24.00,false
1791,BLUE_6,BLUE,GOBLIN,-3,3,1,0,0.00,8.00,false
1792,GREEN_1,GREEN,ARCHER,1,-3,8,0,30.00,64.00,false
1792,GREEN_2,GREEN,SPIDER,2,-3,8,0,10.00,32.00,false
1792,GREEN_3,GREEN,SPIDER,2,-2,1,0,0.00,4.00,false
1792,BLUE_4,BLUE,ASSASSIN,0,3,7,5,89.00,32.00,true
1792,BLUE_5,BLUE,MAGE,-2,3,3,2,11.00,8.00,true
1792,BLUE_6,BLUE,GOBLIN,-3,3,1,1,0.00,0.00,true
1793,GREEN_1,GREEN,GOBLIN,1,-3,12,2,60.00,80.00,false
1793,GREEN_2,GREEN,GOBLIN,2,-2,12,12,32.00,8.00,false
1793,GREEN_3,GREEN,SPIDER,3,-3,1,1,0.00,0.00,false
1793,BLUE_4,BLUE,SCORPION_RIDER,-1,3,5,5,76.00,52.00,false
1793,BLUE_5,BLUE,ARCHER,-2,2,4,0,8.00,32.00,false
1793,BLUE_6,BLUE,SCORPION_RIDER,0,3,1,1,0.00,0.00,false
1793,BLUE_7,BLUE,GOBLIN,-2,3,1,0,4.00,8.00,false
1794,GREEN_1,GREEN,GOBLIN,1,-3,12,0,48.00,96.00,false
1794,GREEN_2,GREEN,GOBLIN,2,-2,12,0,56.00,96.00,false
1794,GREEN_3,GREEN,SPIDER,3,-3,1,0,0.00,4.00,false
1794,BLUE_4,BLUE,SCORPION_RIDER,-1,3,5,1,116.00,84.00,true
1794,BLUE_5,BLUE,ARCHER,-2,2,4,4,68.00,0.00,true
1794,BLUE_6,BLUE,SCORPION_RIDER,0,3,1,1,8.00,12.00,true
1794,BLUE_7,BLUE,GOBLIN,-2,3,1,0,4.00,8.00,true
1795,GREEN_1,GREEN,ARCHER,1,-2,8,8,164.00,3.00,true
1795,GREEN_2,GREEN,GOBLIN,-1,-2,8,8,0.00,0.00,true
1795,GREEN_3,GREEN,GOBLIN,0,-2,1,1,4.00,3.00,true
1795,BLUE_4,BLUE,GARGOYLE,-1,3,6,0,6.00,96.00,false
1795,BLUE_5,BLUE,GARGOYLE,1,2,4,0,0.00,64.00,false
1795,BLUE_6,BLUE,GOBLIN,0,2,1,0,0.00,8.00,false
1796,GREEN_1,GREEN,ARCHER,1,-2,8,0,32.00,64.00,false
1796,GREEN_2,GREEN,GOBLIN,-1,-2,8,0,8.00,64.00,false
1796,GREEN_3,GREEN,GOBLIN,0,-2,1,0,0.00,8.00,false
1796,BLUE_4,BLUE,GARGOYLE,-1,3,6,6,0.00,0.00,true
1796,BLUE_5,BLUE,GARGOYLE,1,2,4,4,134.00,32.00,true
1796,BLUE_6,BLUE,GOBLIN,0,2,1,0,2.00,8.00,true
1797,GREEN_1,GREEN,GOBLIN,2,-2,11,7,97.00,54.00,true
1797,GREEN_2,GREEN,GOLEM,1,-3,4,4,39.00,12.00,true
1797,BLUE_3,BLUE,GARGOYLE,-1,2,6,0,64.00,96.00,false
1797,BLUE_4,BLUE,MAGE,1,2,3,0,2.00,24.00,false
1797,BLUE_5,BLUE,SPIDER,-2,3,4,0,0.00,16.00,false
1798,GREEN_1,GREEN,GOBLIN,2,-2,11,0,0.00,88.00,false
1798,GREEN_2,GREEN,GOLEM,1,-3,4,0,0.00,104.00,false
1798,BLUE_3,BLUE,GARGOYLE,-1,2,6,6,0.00,0.00,true
1798,BLUE_4,BLUE,MAGE,1,2,3,3,87.00,0.00,true
1798,BLUE_5,BLUE,SPIDER,-2,3,4,4,105.00,0.00,true
1799,GREEN_1,GREEN,GOBLIN,2,-3,11,3,60.00,72.00,false
1799,GREEN_2,GREEN,GOBLIN,-1,-2,11,11,0.00,0.00,false
1799,GREEN_3,GREEN,GARGOYLE,1,-2,1,1,0.00,0.00,false
1799,BLUE_4,BLUE,GOBLIN,0,2,12,7,72.00,60.00,false
1799,BLUE_5,BLUE,ARCHER,-1,3,5,5,0.00,0.00,false
1799,BLUE_6,BLUE,ASSASSIN,-3,3,1,1,0.00,0.00,false
1800,GREEN_1,GREEN,GOBLIN,2,-3,11,11,0.00,0.00,false
1800,GREEN_2,GREEN,GOBLIN,-1,-2,11,11,0.00,0.00,false
1800,GREEN_3,GREEN,GARGOYLE,1,-2,1,1,3.00,1.00,false
1800,BLUE_4,BLUE,GOBLIN,0,2,12,12,0.00,0.00,false
1800,BLUE_5,BLUE,ARCHER,-1,3,5,5,0.00,0.00,false
1800,BLUE_6,BLUE,ASSASSIN,-3,3,1,1,1.00,3.00,false
1801,GREEN_1,GREEN,GOBLIN,2,-3,12,12,72.00,38.00,true
1801,GREEN_2,GREEN,GOLEM,0,-2,3,3,0.00,0.00,true
1801,GREEN_3,GREEN,SCORPION_RIDER,0,-3,1,0,16.00,18.00,true
1801,BLUE_4,BLUE,GOBLIN,-2,2,1,0,0.00,8.00,false
1801,BLUE_5,BLUE,ASSASSIN,-2,3,7,0,54.00,56.00,false
1801,BLUE_6,BLUE,MAGE,0,2,3,0,2.00,24.00,false
1802,GREEN_1,GREEN,GOBLIN,2,-3,12,0,13.00,96.00,false
1802,GREEN_2,GREEN,GOLEM,0,-2,3,0,46.00,78.00,false
1802,GREEN_3,GREEN,SCORPION_RIDER,0,-3,1,0,0.00,18.00,false
1802,BLUE_4,BLUE,GOBLIN,-2,2,1,0,4.00,8.00,true
1802,BLUE_5,BLUE,ASSASSIN,-2,3,7,2,79.00,51.00,true
1802,BLUE_6,BLUE,MAGE,0,2,3,3,109.00,0.00,true
1803,GREEN_1,GREEN,GOLEM,3,-3,4,4,61.00,12.00,true
1803,GREEN_2,GREEN,ARCHER,2,-3,5,5,63.00,0.00,true
1803,GREEN_3,GREEN,SPIDER,0,-2,1,1,0.00,0.00,true
1803,BLUE_4,BLUE,SPIDER,-2,3,15,0,6.00,60.00,false
1803,BLUE_5,BLUE,GARGOYLE,-3,3,4,0,6.00,64.00,false
1804,GREEN_1,GREEN,GOLEM,3,-3,4,4,0.00,0.00,false
1804,GREEN_2,GREEN,ARCHER,2,-3,5,5,0.00,0.00,false
1804,GREEN_3,GREEN,SPIDER,0,-2,1,1,0.00,0.00,false
1804,BLUE_4,BLUE,SPIDER,-2,3,15,15,0.00,0.00,false
1804,BLUE_5,BLUE,GARGOYLE,-3,3,4,4,0.00,0.00,false
1805,GREEN_1,GREEN,MAGE,1,-3,7,7,40.00,0.00,true
1805,GREEN_2,GREEN,ARCHER,0,-2,4,4,48.00,0.00,true
1805,BLUE_3,BLUE,ASSASSIN,-1,3,8,0,0.00,64.00,false
1805,BLUE_4,BLUE,ASSASSIN,-3,3,2,0,0.00,16.00,false
1805,BLUE_5,BLUE,GOBLIN,-3,2,1,0,0.00,8.00,false
1806,GREEN_1,GREEN,MAGE,1,-3,7,0,10.00,56.00,false
1806,GREEN_2,GREEN,ARCHER,0,-2,4,0,6.00,32.00,false
1806,BLUE_3,BLUE,ASSASSIN,-1,3,8,8,88.00,16.00,true
1806,BLUE_4,BLUE,ASSASSIN,-3,3,2,2,0.00,0.00,true
1806,BLUE_5,BLUE,GOBLIN,-3,2,1,1,0.00,0.00,true
1807,GREEN_1,GREEN,SPIDER,1,-2,14,14,0.00,0.00,true
1807,GREEN_2,GREEN,SCORPION_RIDER,0,-3,4,4,88.00,9.00,true
1807,BLUE_3,BLUE,MAGE,0,2,8,0,7.00,64.00,false
1807,BLUE_4,BLUE,ARCHER,-2,2,3,0,2.00,24.00,false
1808,GREEN_1,GREEN,SPIDER,1,-2,14,0,0.00,56.00,false
1808,GREEN_2,GREEN,SCORPION_RIDER,0,-3,4,0,0.00,72.00,false
1808,BLUE_3,BLUE,MAGE,0,2,8,8,72.00,0.00,true
1808,BLUE_4,BLUE,ARCHER,-2,2,3,3,56.00,0.00,true
1809,GREEN_1,GREEN,ARCHER,2,-2,4,4,0.00,0.00,false
1809,GREEN_2,GREEN,SPIDER,1,-3,16,16,0.00,0.00,false
1809,GREEN_3,GREEN,GOBLIN,0,-3,1,1,12.00,6.00,false
1809,BLUE_4,BLUE,GOLEM,-2,3,4,4,0.00,0.00,false
1809,BLUE_5,BLUE,ARCHER,-1,3,4,4,0.00,0.00,false
1809,BLUE_6,BLUE,SPIDER,0,3,3,0,6.00,12.00,false
1810,GREEN_1,GREEN,ARCHER,2,-2,4,4,0.00,0.00,false
1810,GREEN_2,GREEN,SPIDER,1,-3,16,0,16.00,64.00,false
1810,GREEN_3,GREEN,GOBLIN,0,-3,1,0,0.00,8.00,false
1810,BLUE_4,BLUE,GOLEM,-2,3,4,4,0.00,0.00,false
1810,BLUE_5,BLUE,ARCHER,-1,3,4,4,72.00,16.00,false
1810,BLUE_6,BLUE,SPIDER,0,3,3,3,0.00,0.00,false
1811,GREEN_1,GREEN,GARGOYLE,3,-2,5,5,62.00,33.00,true
1811,GREEN_2,GREEN,GARGOYLE,2,-2,5,5,102.00,39.00,true
1811,GREEN_3,GREEN,SPIDER,0,-2,1,1,0.00,0.00,true
1811,BLUE_4,BLUE,GARGOYLE,-2,3,6,0,54.00,96.00,false
1811,BLUE_5,BLUE,GARGOYLE,-1,2,4,0,18.00,64.00,false
1811,BLUE_6,BLUE,SPIDER,0,3,1,0,0.00,4.00,false
1812,GREEN_1,GREEN,GARGOYLE,3,-2,5,5,0.00,0.00,false
1812,GREEN_2,GREEN,GARGOYLE,2,-2,5,5,0.00,0.00,false
1812,GREEN_3,GREEN,SPIDER,0,-2,1,1,0.00,0.00,false
1812,BLUE_4,BLUE,GARGOYLE,-2,3,6,6,0.00,0.00,false
1812,BLUE_5,BLUE,GARGOYLE,-1,2,4,4,0.00,0.00,false
1812,BLUE_6,BLUE,SPIDER,0,3,1,1,0.00,0.00,false
1813,GREEN_1,GREEN,SPIDER,2,-2,14,14,0.00,0.00,false
1813,GREEN_2,GREEN,GOLEM,0,-3,3,3,21.00,39.00,false
1813,GREEN_3,GREEN,GOBLIN,3,-3,1,1,0.00,0.00,false
1813,BLUE_4,BLUE,GOBLIN,-3,3,12,12,39.00,21.00,false
1813,BLUE_5,BLUE,GOBLIN,-1,3,11,11,0.00,0.00,false
1813,BLUE_6,BLUE,SPIDER,-2,3,2,2,0.00,0.00,false
1814,GREEN_1,GREEN,SPIDER,2,-2,14,14,0.00,0.00,false
1814,GREEN_2,GREEN,GOLEM,0,-3,3,3,0.00,0.00,false
1814,GREEN_3,GREEN,GOBLIN,3,-3,1,1,0.00,0.00,false
1814,BLUE_4,BLUE,GOBLIN,-3,3,12,12,0.00,0.00,false
1814,BLUE_5,BLUE,GOBLIN,-1,3,11,11,0.00,0.00,false
1814,BLUE_6,BLUE,SPIDER,-2,3,2,2,0.00,0.00,false
1815,GREEN_1,GREEN,GOBLIN,3,-3,11,9,88.00,54.00,true
1815,GREEN_2,GREEN,ASSASSIN,2,-2,1,1,0.00,0.00,true
1815,GREEN_3,GREEN,GOBLIN,2,-3,10,10,0.00,0.00,true
1815,GREEN_4,GREEN,GOBLIN,1,-3,1,1,0.00,0.00,true
1815,BLUE_5,BLUE,ASSASSIN,-1,3,7,0,44.00,56.00,false
1815,BLUE_6,BLUE,SPIDER,-2,2,8,0,10.00,32.00,false
1816,GREEN_1,GREEN,GOBLIN,3,-3,11,11,0.00,0.00,false
1816,GREEN_2,GREEN,ASSASSIN,2,-2,1,0,6.00,8.00,false
1816,GREEN_3,GREEN,GOBLIN,2,-3,10,10,0.00,0.00,false
1816,GREEN_4,GREEN,GOBLIN,1,-3,1,0,2.00,8.00,false
1816,BLUE_5,BLUE,ASSASSIN,-1,3,7,6,16.00,8.00,false
1816,BLUE_6,BLUE,SPIDER,-2,2,8,8,0.00,0.00,false
1817,GREEN_1,GREEN,ARCHER,0,-2,7,3,84.00,40.00,true
1817,GREEN_2,GREEN,MAGE,-1,-2,4,4,0.00,0.00,true
1817,GREEN_3,GREEN,GOBLIN,2,-2,1,1,8.00,6.00,true
1817,BLUE_4,BLUE,ARCHER,-2,2,7,0,40.00,56.00,false
1817,BLUE_5,BLUE,ASSASSIN,0,3,4,0,6.00,32.00,false
1817,BLUE_6,BLUE,SPIDER,-2,3,1,0,0.00,4.00,false
1818,GREEN_1,GREEN,ARCHER,0,-2,7,5,24.00,28.00,false
1818,GREEN_2,GREEN,MAGE,-1,-2,4,0,12.00,32.00,false
1818,GREEN_3,GREEN,GOBLIN,2,-2,1,0,4.00,8.00,false
1818,BLUE_4,BLUE,ARCHER,-2,2,7,7,28.00,12.00,false
1818,BLUE_5,BLUE,ASSASSIN,0,3,4,1,40.00,28.00,false
1818,BLUE_6,BLUE,SPIDER,-2,3,1,1,0.00,0.00,false
1819,GREEN_1,GREEN,ARCHER,0,-3,7,7,77.00,0.00,true
1819,GREEN_2,GREEN,SCORPION_RIDER,-1,-2,4,4,61.00,36.00,true
1819,BLUE_3,BLUE,SPIDER,-1,3,14,0,8.00,56.00,false
1819,BLUE_4,BLUE,GOLEM,-1,2,3,0,28.00,78.00,false
1819,BLUE_5,BLUE,SPIDER,0,3,1,0,0.00,4.00,false
1820,GREEN_1,GREEN,ARCHER,0,-3,7,0,20.00,56.00,false
1820,GREEN_2,GREEN,SCORPION_RIDER,-1,-2,4,0,0.00,72.00,false
1820,BLUE_3,BLUE,SPIDER,-1,3,14,14,62.00,0.00,true
1820,BLUE_4,BLUE,GOLEM,-1,2,3,3,56.00,20.00,true
1820,BLUE_5,BLUE,SPIDER,0,3,1,1,10.00,0.00,true
1821,GREEN_1,GREEN,ASSASSIN,3,-2,8,7,118.00,34.00,true
1821,GREEN_2,GREEN,GOLEM,2,-2,1,1,0.00,0.00,true
1821,GREEN_3,GREEN,MAGE,1,-3,1,1,2.00,0.00,true
1821,BLUE_4,BLUE,ARCHER,0,3,8,0,17.00,64.00,false
1821,BLUE_5,BLUE,GARGOYLE,-3,3,3,0,15.00,48.00,false
1821,BLUE_6,BLUE,ARCHER,-1,2,1,0,2.00,8.00,false
1822,GREEN_1,GREEN,ASSASSIN,3,-2,8,0,0.00,64.00,false
1822,GREEN_2,GREEN,GOLEM,2,-2,1,0,0.00,26.00,false
1822,GREEN_3,GREEN,MAGE,1,-3,1,0,3.00,8.00,false
1822,BLUE_4,BLUE,ARCHER,0,3,8,8,29.00,0.00,true
1822,BLUE_5,BLUE,GARGOYLE,-3,3,3,3,0.00,0.00,true
1822,BLUE_6,BLUE,ARCHER,-1,2,1,1,69.00,3.00,true
1823,GREEN_1,GREEN,ASSASSIN,3,-3,7,5,98.00,38.00,true
1823,GREEN_2,GREEN,MAGE,2,-3,3,3,2.00,0.00,true
1823,GREEN_3,GREEN,SPIDER,1,-2,1,1,0.00,0.00,true
1823,BLUE_4,BLUE,SPIDER,-1,3,14,0,26.00,56.00,false
1823,BLUE_5,BLUE,ARCHER,-1,2,4,0,8.00,32.00,false
1823,BLUE_6,BLUE,SPIDER,-2,3,3,0,4.00,12.00,false
1824,GREEN_1,GREEN,ASSASSIN,3,-3,7,0,0.00,56.00,false
1824,GREEN_2,GREEN,MAGE,2,-3,3,0,10.00,24.00,false
1824,GREEN_3,GREEN,SPIDER,1,-2,1,0,0.00,4.00,false
1824,BLUE_4,BLUE,SPIDER,-1,3,14,14,0.00,0.00,true
1824,BLUE_5,BLUE,ARCHER,-1,2,4,4,84.00,10.00,true
1824,BLUE_6,BLUE,SPIDER,-2,3,3,3,0.00,0.00,true
1825,GREEN_1,GREEN,MAGE,0,-2,8,8,135.00,0.00,true
1825,GREEN_2,GREEN,GOBLIN,-1,-2,3,2,24.00,20.00,true
1825,GREEN_3,GREEN,ASSASSIN,0,-3,1,1,7.00,3.00,true
1825,GREEN_4,GREEN,SPIDER,1,-2,1,1,2.00,3.00,true
1825,BLUE_5,BLUE,GARGOYLE,-2,3,6,0,12.00,96.00,false
1825,BLUE_6,BLUE,GARGOYLE,-2,2,4,0,14.00,64.00,false
1825,BLUE_7,BLUE,GOBLIN,0,2,1,0,0.00,8.00,false
1826,GREEN_1,GREEN,MAGE,0,-2,8,0,15.00,64.00,false
1826,GREEN_2,GREEN,GOBLIN,-1,-2,3,0,0.00,24.00,false
1826,GREEN_3,GREEN,ASSASSIN,0,-3,1,0,0.00,8.00,false
1826,GREEN_4,GREEN,SPIDER,1,-2,1,0,0.00,4.00,false
1826,BLUE_5,BLUE,GARGOYLE,-2,3,6,6,58.00,7.00,true
1826,BLUE_6,BLUE,GARGOYLE,-2,2,4,4,38.00,3.00,true
1826,BLUE_7,BLUE,GOBLIN,0,2,1,1,4.00,5.00,true
1827,GREEN_1,GREEN,SCORPION_RIDER,2,-3,2,2,16.00,1.00,false
1827,GREEN_2,GREEN,ASSASSIN,3,-2,7,7,16.00,3.00,false
1827,GREEN_3,GREEN,GOLEM,1,-3,1,1,0.00,0.00,false
1827,BLUE_4,BLUE,SCORPION_RIDER,0,3,6,6,0.00,0.00,false
1827,BLUE_5,BLUE,MAGE,-2,3,3,0,2.00,24.00,false
1827,BLUE_6,BLUE,SPIDER,0,2,2,0,2.00,8.00,false
1828,GREEN_1,GREEN,SCORPION_RIDER,2,-3,2,0,16.00,36.00,false
1828,GREEN_2,GREEN,ASSASSIN,3,-2,7,0,18.00,56.00,false
1828,GREEN_3,GREEN,GOLEM,1,-3,1,0,7.00,26.00,false
1828,BLUE_4,BLUE,SCORPION_RIDER,0,3,6,6,118.00,41.00,true
1828,BLUE_5,BLUE,MAGE,-2,3,3,3,0.00,0.00,true
1828,BLUE_6,BLUE,SPIDER,0,2,2,2,0.00,0.00,true
1829,GREEN_1,GREEN,SPIDER,0,-2,16,16,116.00,3.00,true
1829,GREEN_2,GREEN,ASSASSIN,1,-2,3,3,24.00,12.00,true
1829,GREEN_3,GREEN,ARCHER,3,-3,1,1,6.00,0.00,true
1829,BLUE_4,BLUE,GOBLIN,-3,3,10,0,8.00,80.00,false
1829,BLUE_5,BLUE,MAGE,-1,2,5,0,7.00,40.00,false
1829,BLUE_6,BLUE,GOLEM,-3,2,1,0,0.00,26.00,false
1830,GREEN_1,GREEN,SPIDER,0,-2,16,0,12.00,64.00,false
1830,GREEN_2,GREEN,ASSASSIN,1,-2,3,0,0.00,24.00,false
1830,GREEN_3,GREEN,ARCHER,3,-3,1,0,2.00,8.00,false
1830,BLUE_4,BLUE,GOBLIN,-3,3,10,10,39.00,14.00,true
1830,BLUE_5,BLUE,MAGE,-1,2,5,5,57.00,0.00,true
1830,BLUE_6,BLUE,GOLEM,-3,2,1,1,0.00,0.00,true
1831,GREEN_1,GREEN,GARGOYLE,0,-2,5,5,0.00,0.00,true
1831,GREEN_2,GREEN,GARGOYLE,3,-3,5,5,96.00,19.00,true
1831,GREEN_3,GREEN,SPIDER,-1,-2,1,1,0.00,0.00,true
1831,BLUE_4,BLUE,ARCHER,-2,3,8,0,18.00,64.00,false
1831,BLUE_5,BLUE,MAGE,-1,2,3,0,1.00,24.00,false
1831,BLUE_6,BLUE,ARCHER,-3,3,1,0,0.00,8.00,false
1832,GREEN_1,GREEN,GARGOYLE,0,-2,5,0,3.00,80.00,false
1832,GREEN_2,GREEN,GARGOYLE,3,-3,5,0,23.00,80.00,false
1832,GREEN_3,GREEN,SPIDER,-1,-2,1,0,0.00,4.00,false
1832,BLUE_4,BLUE,ARCHER,-2,3,8,7,110.00,23.00,true
1832,BLUE_5,BLUE,MAGE,-1,2,3,3,34.00,3.00,true
1832,BLUE_6,BLUE,ARCHER,-3,3,1,1,20.00,0.00,true
1833,GREEN_1,GREEN,GOLEM,0,-3,4,4,0.00,0.00,false
1833,GREEN_2,GREEN,ASSASSIN,3,-3,4,2,74.00,23.00,false
1833,GREEN_3,GREEN,GOBLIN,0,-2,1,1,0.00,0.00,false
1833,GREEN_4,GREEN,GOBLIN,1,-3,1,1,2.00,6.00,false
1833,BLUE_5,BLUE,MAGE,-3,3,8,0,19.00,64.00,false
1833,BLUE_6,BLUE,GARGOYLE,-2,3,2,2,10.00,8.00,false
1833,BLUE_7,BLUE,SPIDER,-3,2,1,0,0.00,4.00,false
1834,GREEN_1,GREEN,GOLEM,0,-3,4,0,0.00,104.00,false
1834,GREEN_2,GREEN,ASSASSIN,3,-3,4,4,0.00,0.00,false
1834,GREEN_3,GREEN,GOBLIN,0,-2,1,0,0.00,8.00,false
1834,GREEN_4,GREEN,GOBLIN,1,-3,1,1,0.00,0.00,false
1834,BLUE_5,BLUE,MAGE,-3,3,8,8,112.00,0.00,false
1834,BLUE_6,BLUE,GARGOYLE,-2,3,2,2,0.00,0.00,false
1834,BLUE_7,BLUE,SPIDER,-3,2,1,1,0.00,0.00,false
1835,GREEN_1,GREEN,SPIDER,3,-2,16,16,150.00,0.00,true
1835,GREEN_2,GREEN,ASSASSIN,2,-3,3,3,4.00,0.00,true
1835,GREEN_3,GREEN,ARCHER,1,-2,1,1,16.00,0.00,true
1835,BLUE_4,BLUE,SCORPION_RIDER,0,2,5,0,0.00,90.00,false
1835,BLUE_5,BLUE,GOBLIN,-1,2,9,0,0.00,72.00,false
1835,BLUE_6,BLUE,SPIDER,-1,3,2,0,0.00,8.00,false
1836,GREEN_1,GREEN,SPIDER,3,-2,16,0,44.00,64.00,false
1836,GREEN_2,GREEN,ASSASSIN,2,-3,3,0,12.00,24.00,false
1836,GREEN_3,GREEN,ARCHER,1,-2,1,0,0.00,8.00,false
1836,BLUE_4,BLUE,SCORPION_RIDER,0,2,5,4,68.00,48.00,true
1836,BLUE_5,BLUE,GOBLIN,-1,2,9,9,28.00,8.00,true
1836,BLUE_6,BLUE,SPIDER,-1,3,2,2,0.00,0.00,true
1837,GREEN_1,GREEN,MAGE,1,-2,8,8,138.00,9.00,true
1837,GREEN_2,GREEN,GOBLIN,2,-3,5,3,28.00,31.00,true
1837,GREEN_3,GREEN,GOBLIN,1,-3,1,0,4.00,8.00,true
1837,BLUE_4,BLUE,SCORPION_RIDER,1,2,5,0,0.00,90.00,false
1837,BLUE_5,BLUE,GARGOYLE,-1,3,4,0,48.00,64.00,false
1837,BLUE_6,BLUE,GARGOYLE,-2,3,1,0,0.00,16.00,false
1838,GREEN_1,GREEN,MAGE,1,-2,8,0,7.00,64.00,false
1838,GREEN_2,GREEN,GOBLIN,2,-3,5,0,16.00,40.00,false
1838,GREEN_3,GREEN,GOBLIN,1,-3,1,0,0.00,8.00,false
1838,BLUE_4,BLUE,SCORPION_RIDER,1,2,5,5,85.00,19.00,true
1838,BLUE_5,BLUE,GARGOYLE,-1,3,4,4,27.00,4.00,true
1838,BLUE_6,BLUE,GARGOYLE,-2,3,1,1,0.00,0.00,true
1839,GREEN_1,GREEN,MAGE,2,-2,7,7,0.00,0.00,false
1839,GREEN_2,GREEN,GOBLIN,2,-3,8,8,0.00,0.00,false
1839,BLUE_3,BLUE,ARCHER,0,2,8,8,0.00,0.00,false
1839,BLUE_4,BLUE,SCORPION_RIDER,-2,2,1,1,0.00,0.00,false
1839,BLUE_5,BLUE,MAGE,-1,3,2,2,0.00,0.00,false
1839,BLUE_6,BLUE,GOBLIN,0,3,1,1,0.00,0.00,false
1840,GREEN_1,GREEN,MAGE,2,-2,7,0,29.00,56.00,false
1840,GREEN_2,GREEN,GOBLIN,2,-3,8,8,0.00,0.00,false
1840,BLUE_3,BLUE,ARCHER,0,2,8,7,56.00,29.00,false
1840,BLUE_4,BLUE,SCORPION_RIDER,-2,2,1,1,0.00,0.00,false
1840,BLUE_5,BLUE,MAGE,-1,3,2,2,0.00,0.00,false
1840,BLUE_6,BLUE,GOBLIN,0,3,1,1,0.00,0.00,false
1841,GREEN_1,GREEN,SPIDER,2,-3,7,7,0.00,0.00,false
1841,GREEN_2,GREEN,SCORPION_RIDER,0,-3,5,4,76.00,66.00,false
1841,GREEN_3,GREEN,GARGOYLE,1,-2,2,2,0.00,0.00,false
1841,BLUE_4,BLUE,GOLEM,0,2,4,4,0.00,0.00,false
1841,BLUE_5,BLUE,SCORPION_RIDER,-2,3,4,0,66.00,72.00,false
1841,BLUE_6,BLUE,SPIDER,-1,2,1,0,0.00,4.00,false
1842,GREEN_1,GREEN,SPIDER,2,-3,7,0,4.00,28.00,false
1842,GREEN_2,GREEN,SCORPION_RIDER,0,-3,5,0,94.00,90.00,false
1842,GREEN_3,GREEN,GARGOYLE,1,-2,2,0,3.00,32.00,false
1842,BLUE_4,BLUE,GOLEM,0,2,4,2,95.00,80.00,true
1842,BLUE_5,BLUE,SCORPION_RIDER,-2,3,4,4,55.00,21.00,true
1842,BLUE_6,BLUE,SPIDER,-1,2,1,1,0.00,0.00,true
1843,GREEN_1,GREEN,MAGE,-1,-2,8,8,0.00,0.00,false
1843,GREEN_2,GREEN,ASSASSIN,3,-3,2,2,0.00,0.00,false
1843,GREEN_3,GREEN,GOBLIN,1,-3,1,1,0.00,0.00,false
1843,BLUE_4,BLUE,GARGOYLE,-1,3,6,6,0.00,0.00,false
1843,BLUE_5,BLUE,SCORPION_RIDER,-1,2,4,4,0.00,0.00,false
1844,GREEN_1,GREEN,MAGE,-1,-2,8,0,8.00,64.00,false
1844,GREEN_2,GREEN,ASSASSIN,3,-3,2,0,6.00,16.00,false
1844,GREEN_3,GREEN,GOBLIN,1,-3,1,0,0.00,8.00,false
1844,BLUE_4,BLUE,GARGOYLE,-1,3,6,6,0.00,0.00,true
1844,BLUE_5,BLUE,SCORPION_RIDER,-1,2,4,4,88.00,14.00,true
1845,GREEN_1,GREEN,SCORPION_RIDER,1,-2,6,6,132.00,60.00,true
1845,GREEN_2,GREEN,ASSASSIN,1,-3,3,3,12.00,6.00,true
1845,GREEN_3,GREEN,SPIDER,0,-2,2,2,12.00,0.00,true
1845,BLUE_4,BLUE,GOBLIN,-3,2,11,0,36.00,88.00,false
1845,BLUE_5,BLUE,SPIDER,0,3,11,0,22.00,44.00,false
1845,BLUE_6,BLUE,GOBLIN,-1,3,3,0,8.00,24.00,false
1846,GREEN_1,GREEN,SCORPION_RIDER,1,-2,6,0,58.00,108.00,false
1846,GREEN_2,GREEN,ASSASSIN,1,-3,3,0,18.00,24.00,false
1846,GREEN_3,GREEN,SPIDER,0,-2,2,0,2.00,8.00,false
1846,BLUE_4,BLUE,GOBLIN,-3,2,11,3,68.00,70.00,true
1846,BLUE_5,BLUE,SPIDER,0,3,11,11,66.00,0.00,true
1846,BLUE_6,BLUE,GOBLIN,-1,3,3,2,6.00,8.00,true
1847,GREEN_1,GREEN,GARGOYLE,1,-3,5,5,0.00,0.00,false
1847,GREEN_2,GREEN,GARGOYLE,2,-3,5,5,0.00,0.00,false
1847,GREEN_3,GREEN,GOBLIN,-1,-2,1,1,1.00,7.00,false
1847,BLUE_4,BLUE,SPIDER,-3,3,14,14,0.00,0.00,false
1847,BLUE_5,BLUE,GOLEM,-2,3,1,1,7.00,1.00,false
1847,BLUE_6,BLUE,GOBLIN,-1,3,6,6,0.00,0.00,false
1847,BLUE_7,BLUE,GOBLIN,0,3,1,1,0.00,0.00,false
1848,GREEN_1,GREEN,GARGOYLE,1,-3,5,0,56.00,80.00,false
1848,GREEN_2,GREEN,GARGOYLE,2,-3,5,5,0.00,0.00,false
1848,GREEN_3,GREEN,GOBLIN,-1,-2,1,0,4.00,8.00,false
1848,BLUE_4,BLUE,SPIDER,-3,3,14,11,48.00,27.00,false
1848,BLUE_5,BLUE,GOLEM,-2,3,1,1,0.00,0.00,false
1848,BLUE_6,BLUE,GOBLIN,-1,3,6,3,40.00,33.00,false
1848,BLUE_7,BLUE,GOBLIN,0,3,1,1,0.00,0.00,false
1849,GREEN_1,GREEN,ARCHER,3,-3,8,8,186.00,0.00,true
1849,GREEN_2,GREEN,GARGOYLE,2,-2,3,3,0.00,0.00,true
1849,GREEN_3,GREEN,SPIDER,1,-3,2,2,0.00,0.00,true
1849,BLUE_4,BLUE,GOLEM,0,3,4,0,0.00,104.00,false
1849,BLUE_5,BLUE,GOLEM,-3,3,3,0,0.00,78.00,false
1849,BLUE_6,BLUE,SPIDER,0,2,1,0,0.00,4.00,false
1850,GREEN_1,GREEN,ARCHER,3,-3,8,8,0.00,0.00,false
1850,GREEN_2,GREEN,GARGOYLE,2,-2,3,3,0.00,0.00,false
1850,GREEN_3,GREEN,SPIDER,1,-3,2,2,0.00,0.00,false
1850,BLUE_4,BLUE,GOLEM,0,3,4,4,0.00,0.00,false
1850,BLUE_5,BLUE,GOLEM,-3,3,3,3,0.00,0.00,false
1850,BLUE_6,BLUE,SPIDER,0,2,1,1,0.00,0.00,false
1851,GREEN_1,GREEN,ASSASSIN,3,-3,8,7,104.00,30.00,true
1851,GREEN_2,GREEN,GOBLIN,2,-3,5,5,0.00,0.00,true
1851,GREEN_3,GREEN,SPIDER,0,-3,1,1,0.00,0.00,true
1851,BLUE_4,BLUE,ARCHER,-1,3,8,0,22.00,64.00,false
1851,BLUE_5,BLUE,MAGE,-1,2,3,0,3.00,24.00,false
1851,BLUE_6,BLUE,GOBLIN,0,3,2,0,5.00,16.00,false
1852,GREEN_1,GREEN,ASSASSIN,3,-3,8,8,0.00,0.00,false
1852,GREEN_2,GREEN,GOBLIN,2,-3,5,5,0.00,0.00,false
1852,GREEN_3,GREEN,SPIDER,0,-3,1,1,0.00,0.00,false
1852,BLUE_4,BLUE,ARCHER,-1,3,8,8,0.00,0.00,false
1852,BLUE_5,BLUE,MAGE,-1,2,3,3,0.00,0.00,false
1852,BLUE_6,BLUE,GOBLIN,0,3,2,2,0.00,0.00,false
1853,GREEN_1,GREEN,MAGE,1,-3,7,7,80.00,4.00,true
1853,GREEN_2,GREEN,SCORPION_RIDER,3,-3,3,3,50.00,28.00,true
1853,BLUE_3,BLUE,SCORPION_RIDER,-3,2,5,0,16.00,90.00,false
1853,BLUE_4,BLUE,ASSASSIN,1,2,4,0,12.00,32.00,false
1853,BLUE_5,BLUE,ARCHER,-1,2,1,0,4.00,8.00,false
1854,GREEN_1,GREEN,MAGE,1,-3,7,0,18.00,56.00,false
1854,GREEN_2,GREEN,SCORPION_RIDER,3,-3,3,0,29.00,54.00,false
1854,BLUE_3,BLUE,SCORPION_RIDER,-3,2,5,5,34.00,24.00,true
1854,BLUE_4,BLUE,ASSASSIN,1,2,4,3,68.00,20.00,true
1854,BLUE_5,BLUE,ARCHER,-1,2,1,1,8.00,3.00,true
1855,GREEN_1,GREEN,SCORPION_RIDER,3,-3,5,5,80.00,24.00,true
1855,GREEN_2,GREEN,ARCHER,1,-2,4,4,42.00,8.00,true
1855,GREEN_3,GREEN,SCORPION_RIDER,1,-3,1,1,0.00,0.00,true
1855,GREEN_4,GREEN,SPIDER,2,-3,1,1,0.00,0.00,true
1855,BLUE_5,BLUE,ARCHER,-3,2,8,0,16.00,64.00,false
1855,BLUE_6,BLUE,SCORPION_RIDER,-1,2,3,0,16.00,54.00,false
1855,BLUE_7,BLUE,SPIDER,-2,3,1,0,0.00,4.00,false
1856,GREEN_1,GREEN,SCORPION_RIDER,3,-3,5,0,40.00,90.00,false
1856,GREEN_2,GREEN,ARCHER,1,-2,4,0,4.00,32.00,false
1856,GREEN_3,GREEN,SCORPION_RIDER,1,-3,1,0,8.00,18.00,false
1856,GREEN_4,GREEN,SPIDER,2,-3,1,0,0.00,4.00,false
1856,BLUE_5,BLUE,ARCHER,-3,2,8,8,60.00,0.00,true
1856,BLUE_6,BLUE,SCORPION_RIDER,-1,2,3,1,78.00,52.00,true
1856,BLUE_7,BLUE,SPIDER,-2,3,1,1,6.00,0.00,true
1857,GREEN_1,GREEN,GOBLIN,-1,-2,11,11,0.00,0.00,false
1857,GREEN_2,GREEN,ARCHER,2,-3,7,7,0.00,0.00,false
1857,BLUE_3,BLUE,GOBLIN,-1,3,12,12,0.00,0.00,false
1857,BLUE_4,BLUE,SPIDER,-3,3,11,11,0.00,0.00,false
1857,BLUE_5,BLUE,ARCHER,0,3,1,1,0.00,0.00,false
1858,GREEN_1,GREEN,GOBLIN,-1,-2,11,0,44.00,88.00,false
1858,GREEN_2,GREEN,ARCHER,2,-3,7,0,22.00,56.00,false
1858,BLUE_3,BLUE,GOBLIN,-1,3,12,10,102.00,60.00,true
1858,BLUE_4,BLUE,SPIDER,-3,3,11,11,32.00,0.00,true
1858,BLUE_5,BLUE,ARCHER,0,3,1,1,10.00,6.00,true
1859,GREEN_1,GREEN,ARCHER,1,-2,7,7,138.00,4.00,true
1859,GREEN_2,GREEN,MAGE,1,-3,4,4,14.00,0.00,true
1859,GREEN_3,GREEN,GOBLIN,3,-3,1,0,4.00,8.00,true
1859,BLUE_4,BLUE,GARGOYLE,-3,2,2,0,0.00,32.00,false
1859,BLUE_5,BLUE,SCORPION_RIDER,0,3,6,0,8.00,108.00,false
1859,BLUE_6,BLUE,ASSASSIN,-1,2,1,0,0.00,8.00,false
1859,BLUE_7,BLUE,ARCHER,1,2,1,0,4.00,8.00,false
1860,GREEN_1,GREEN,ARCHER,1,-2,7,0,8.00,56.00,false
1860,GREEN_2,GREEN,MAGE,1,-3,4,0,2.00,32.00,false
1860,GREEN_3,GREEN,GOBLIN,3,-3,1,0,0.00,8.00,false
1860,BLUE_4,BLUE,GARGOYLE,-3,2,2,2,8.00,0.00,true
1860,BLUE_5,BLUE,SCORPION_RIDER,0,3,6,6,88.00,10.00,true
1860,BLUE_6,BLUE,ASSASSIN,-1,2,1,1,0.00,0.00,true
1860,BLUE_7,BLUE,ARCHER,1,2,1,1,0.00,0.00,true
1861,GREEN_1,GREEN,ARCHER,3,-3,8,5,104.00,36.00,true
1861,GREEN_2,GREEN,SPIDER,3,-2,8,8,0.00,0.00,true
1861,GREEN_3,GREEN,SPIDER,2,-2,1,1,0.00,0.00,true
1861,BLUE_4,BLUE,MAGE,-1,3,8,0,36.00,64.00,false
1861,BLUE_5,BLUE,SCORPION_RIDER,1,2,2,0,0.00,36.00,false
1861,BLUE_6,BLUE,SPIDER,-3,3,1,0,0.00,4.00,false
1862,GREEN_1,GREEN,ARCHER,3,-3,8,0,58.00,64.00,false
1862,GREEN_2,GREEN,SPIDER,3,-2,8,0,28.00,32.00,false
1862,GREEN_3,GREEN,SPIDER,2,-2,1,0,0.00,4.00,false
1862,BLUE_4,BLUE,MAGE,-1,3,8,3,61.00,50.00,true
1862,BLUE_5,BLUE,SCORPION_RIDER,1,2,2,1,37.00,34.00,true
1862,BLUE_6,BLUE,SPIDER,-3,3,1,1,2.00,2.00,true
1863,GREEN_1,GREEN,GOBLIN,2,-3,12,12,24.00,12.00,true
1863,GREEN_2,GREEN,SCORPION_RIDER,3,-3,4,3,96.00,46.00,true
1863,GREEN_3,GREEN,GARGOYLE,1,-3,1,1,0.00,0.00,true
1863,BLUE_4,BLUE,ASSASSIN,0,3,7,0,30.00,56.00,false
1863,BLUE_5,BLUE,GOBLIN,-3,3,8,0,28.00,64.00,false
1864,GREEN_1,GREEN,GOBLIN,2,-3,12,11,44.00,38.00,false
1864,GREEN_2,GREEN,SCORPION_RIDER,3,-3,4,4,32.00,20.00,false
1864,GREEN_3,GREEN,GARGOYLE,1,-3,1,0,3.00,16.00,false
1864,BLUE_4,BLUE,ASSASSIN,0,3,7,2,54.00,47.00,false
1864,BLUE_5,BLUE,GOBLIN,-3,3,8,4,20.00,32.00,false
1865,GREEN_1,GREEN,ARCHER,0,-3,8,8,86.00,29.00,true
1865,GREEN_2,GREEN,SPIDER,2,-2,7,7,24.00,10.00,true
1865,GREEN_3,GREEN,GOBLIN,3,-2,2,2,4.00,6.00,true
1865,BLUE_4,BLUE,MAGE,-1,3,7,0,27.00,56.00,false
1865,BLUE_5,BLUE,GARGOYLE,0,2,2,0,18.00,32.00,false
1865,BLUE_6,BLUE,GOLEM,0,3,1,0,0.00,26.00,false
1866,GREEN_1,GREEN,ARCHER,0,-3,8,8,16.00,7.00,false
1866,GREEN_2,GREEN,SPIDER,2,-2,7,0,48.00,28.00,false
1866,GREEN_3,GREEN,GOBLIN,3,-2,2,0,0.00,16.00,false
1866,BLUE_4,BLUE,MAGE,-1,3,7,7,7.00,16.00,false
1866,BLUE_5,BLUE,GARGOYLE,0,2,2,1,40.00,28.00,false
1866,BLUE_6,BLUE,GOLEM,0,3,1,1,4.00,20.00,false
1867,GREEN_1,GREEN,SPIDER,0,-2,16,16,0.00,0.00,false
1867,GREEN_2,GREEN,GARGOYLE,0,-3,3,3,0.00,0.00,false
1867,GREEN_3,GREEN,GOBLIN,1,-2,2,2,0.00,0.00,false
1867,BLUE_4,BLUE,SPIDER,-1,3,14,14,0.00,0.00,false
1867,BLUE_5,BLUE,GOLEM,-2,3,3,3,0.00,0.00,false
1867,BLUE_6,BLUE,SPIDER,1,2,1,1,0.00,0.00,false
1868,GREEN_1,GREEN,SPIDER,0,-2,16,16,0.00,0.00,false
1868,GREEN_2,GREEN,GARGOYLE,0,-3,3,3,0.00,0.00,false
1868,GREEN_3,GREEN,GOBLIN,1,-2,2,2,0.00,0.00,false
1868,BLUE_4,BLUE,SPIDER,-1,3,14,14,0.00,0.00,false
1868,BLUE_5,BLUE,GOLEM,-2,3,3,3,0.00,0.00,false
1868,BLUE_6,BLUE,SPIDER,1,2,1,1,0.00,0.00,false
1869,GREEN_1,GREEN,GOBLIN,0,-2,10,9,62.00,20.00,true
1869,GREEN_2,GREEN,SPIDER,3,-3,12,12,0.00,0.00,true
1869,GREEN_3,GREEN,GOBLIN,1,-2,3,1,44.00,22.00,true
1869,BLUE_4,BLUE,ARCHER,-2,2,7,0,16.00,56.00,false
1869,BLUE_5,BLUE,ARCHER,0,3,4,0,18.00,32.00,false
1869,BLUE_6,BLUE,SCORPION_RIDER,-2,3,1,0,8.00,18.00,false
1870,GREEN_1,GREEN,GOBLIN,0,-2,10,0,16.00,80.00,false
1870,GREEN_2,GREEN,SPIDER,3,-3,12,0,0.00,48.00,false
1870,GREEN_3,GREEN,GOBLIN,1,-2,3,0,0.00,24.00,false
1870,BLUE_4,BLUE,ARCHER,-2,2,7,7,148.00,0.00,true
1870,BLUE_5,BLUE,ARCHER,0,3,4,4,0.00,0.00,true
1870,BLUE_6,BLUE,SCORPION_RIDER,-2,3,1,1,4.00,16.00,true
1871,GREEN_1,GREEN,GARGOYLE,2,-2,5,5,0.00,0.00,false
1871,GREEN_2,GREEN,SCORPION_RIDER,0,-3,4,2,49.00,50.00,false
1871,GREEN_3,GREEN,GOBLIN,1,-2,2,2,0.00,0.00,false
1871,BLUE_4,BLUE,GOLEM,-3,2,4,4,50.00,49.00,false
1871,BLUE_5,BLUE,GOBLIN,-3,3,9,9,0.00,0.00,false
1871,BLUE_6,BLUE,SCORPION_RIDER,-1,3,1,1,0.00,0.00,false
1872,GREEN_1,GREEN,GARGOYLE,2,-2,5,0,30.00,80.00,false
1872,GREEN_2,GREEN,SCORPION_RIDER,0,-3,4,0,48.00,72.00,false
1872,GREEN_3,GREEN,GOBLIN,1,-2,2,0,2.00,16.00,false
1872,BLUE_4,BLUE,GOLEM,-3,2,4,4,157.00,68.00,true
1872,BLUE_5,BLUE,GOBLIN,-3,3,9,9,0.00,0.00,true
1872,BLUE_6,BLUE,SCORPION_RIDER,-1,3,1,1,11.00,12.00,true
1873,GREEN_1,GREEN,GOBLIN,1,-2,10,9,116.00,42.00,true
1873,GREEN_2,GREEN,GARGOYLE,3,-3,6,6,0.00,0.00,true
1873,GREEN_3,GREEN,GOBLIN,2,-3,1,0,4.00,8.00,true
1873,BLUE_4,BLUE,MAGE,0,3,7,0,9.00,56.00,false
1873,BLUE_5,BLUE,GOBLIN,-3,3,8,0,41.00,64.00,false
1874,GREEN_1,GREEN,GOBLIN,1,-2,10,0,52.00,80.00,false
1874,GREEN_2,GREEN,GARGOYLE,3,-3,6,0,19.00,96.00,false
1874,GREEN_3,GREEN,GOBLIN,2,-3,1,0,0.00,8.00,false
1874,BLUE_4,BLUE,MAGE,0,3,7,7,139.00,9.00,true
1874,BLUE_5,BLUE,GOBLIN,-3,3,8,2,45.00,62.00,true
1875,GREEN_1,GREEN,SCORPION_RIDER,2,-2,6,5,123.00,60.00,true
1875,GREEN_2,GREEN,SPIDER,-1,-2,9,5,41.00,25.00,true
1875,BLUE_3,BLUE,GARGOYLE,1,2,6,0,55.00,96.00,false
1875,BLUE_4,BLUE,GARGOYLE,0,3,4,0,30.00,64.00,false
1875,BLUE_5,BLUE,SPIDER,-1,3,1,0,0.00,4.00,false
1876,GREEN_1,GREEN,SCORPION_RIDER,2,-2,6,6,0.00,0.00,false
1876,GREEN_2,GREEN,SPIDER,-1,-2,9,9,0.00,0.00,false
1876,BLUE_3,BLUE,GARGOYLE,1,2,6,6,0.00,0.00,false
1876,BLUE_4,BLUE,GARGOYLE,0,3,4,4,0.00,0.00,false
1876,BLUE_5,BLUE,SPIDER,-1,3,1,1,0.00,0.00,false
1877,GREEN_1,GREEN,ASSASSIN,3,-2,8,0,90.00,64.00,true
1877,GREEN_2,GREEN,GOLEM,1,-3,1,1,0.00,0.00,true
1877,GREEN_3,GREEN,ARCHER,3,-3,1,1,58.00,0.00,true
1877,GREEN_4,GREEN,SPIDER,0,-2,1,1,0.00,0.00,true
1877,BLUE_5,BLUE,SPIDER,0,3,13,0,18.00,52.00,false
1877,BLUE_6,BLUE,GOBLIN,1,2,12,0,46.00,96.00,false
1878,GREEN_1,GREEN,ASSASSIN,3,-2,8,0,54.00,64.00,false
1878,GREEN_2,GREEN,GOLEM,1,-3,1,0,2.00,26.00,false
1878,GREEN_3,GREEN,ARCHER,3,-3,1,0,2.00,8.00,false
1878,GREEN_4,GREEN,SPIDER,0,-2,1,0,0.00,4.00,false
1878,BLUE_5,BLUE,SPIDER,0,3,13,13,0.00,0.00,true
1878,BLUE_6,BLUE,GOBLIN,1,2,12,7,102.00,58.00,true
1879,GREEN_1,GREEN,ASSASSIN,2,-2,7,7,56.00,12.00,true
1879,GREEN_2,GREEN,ASSASSIN,0,-3,3,2,42.00,16.00,true
1879,GREEN_3,GREEN,GOBLIN,-1,-2,1,1,0.00,0.00,true
1879,BLUE_4,BLUE,MAGE,-2,3,8,0,13.00,64.00,false
1879,BLUE_5,BLUE,GOLEM,-2,2,1,0,14.00,26.00,false
1879,BLUE_6,BLUE,ASSASSIN,-3,3,1,0,1.00,8.00,false
1880,GREEN_1,GREEN,ASSASSIN,2,-2,7,7,0.00,0.00,false
1880,GREEN_2,GREEN,ASSASSIN,0,-3,3,3,0.00,0.00,false
1880,GREEN_3,GREEN,GOBLIN,-1,-2,1,0,4.00,8.00,false
1880,BLUE_4,BLUE,MAGE,-2,3,8,8,0.00,0.00,false
1880,BLUE_5,BLUE,GOLEM,-2,2,1,1,0.00,0.00,false
1880,BLUE_6,BLUE,ASSASSIN,-3,3,1,1,8.00,4.00,false
1881,GREEN_1,GREEN,ASSASSIN,0,-3,8,6,80.00,43.00,false
1881,GREEN_2,GREEN,GARGOYLE,1,-2,2,2,0.00,0.00,false
1881,GREEN_3,GREEN,GOBLIN,2,-3,1,1,0.00,0.00,false
1881,BLUE_4,BLUE,GARGOYLE,0,3,5,0,43.00,80.00,false
1881,BLUE_5,BLUE,GOLEM,-2,3,4,4,0.00,0.00,false
1882,GREEN_1,GREEN,ASSASSIN,0,-3,8,8,0.00,0.00,false
1882,GREEN_2,GREEN,GARGOYLE,1,-2,2,2,0.00,0.00,false
1882,GREEN_3,GREEN,GOBLIN,2,-3,1,1,0.00,0.00,false
1882,BLUE_4,BLUE,GARGOYLE,0,3,5,5,0.00,0.00,false
1882,BLUE_5,BLUE,GOLEM,-2,3,4,4,0.00,0.00,false
1883,GREEN_1,GREEN,ARCHER,3,-2,8,8,92.00,0.00,true
1883,GREEN_2,GREEN,ASSASSIN,1,-3,3,2,28.00,14.00,true
1883,GREEN_3,GREEN,GOBLIN,2,-3,1,1,0.00,0.00,true
1883,GREEN_4,GREEN,SPIDER,2,-2,1,1,0.00,0.00,true
1883,BLUE_5,BLUE,SPIDER,0,2,16,0,10.00,64.00,false
1883,BLUE_6,BLUE,GARGOYLE,0,3,3,0,2.00,48.00,false
1883,BLUE_7,BLUE,ARCHER,-1,3,1,0,2.00,8.00,false
1884,GREEN_1,GREEN,ARCHER,3,-2,8,0,40.00,64.00,false
1884,GREEN_2,GREEN,ASSASSIN,1,-3,3,0,0.00,24.00,false
1884,GREEN_3,GREEN,GOBLIN,2,-3,1,0,0.00,8.00,false
1884,GREEN_4,GREEN,SPIDER,2,-2,1,0,0.00,4.00,false
1884,BLUE_5,BLUE,SPIDER,0,2,16,10,90.00,32.00,true
1884,BLUE_6,BLUE,GARGOYLE,0,3,3,3,4.00,0.00,true
1884,BLUE_7,BLUE,ARCHER,-1,3,1,0,6.00,8.00,true
1885,GREEN_1,GREEN,GOBLIN,3,-2,12,7,109.00,64.00,false
1885,GREEN_2,GREEN,ASSASSIN,1,-2,3,3,18.00,9.00,false
1885,GREEN_3,GREEN,GOBLIN,3,-3,6,4,17.00,42.00,false
1885,BLUE_4,BLUE,GARGOYLE,-2,2,5,0,48.00,80.00,false
1885,BLUE_5,BLUE,GOLEM,-3,3,4,4,67.00,64.00,false
1886,GREEN_1,GREEN,GOBLIN,3,-2,12,12,0.00,0.00,false
1886,GREEN_2,GREEN,ASSASSIN,1,-2,3,3,0.00,0.00,false
1886,GREEN_3,GREEN,GOBLIN,3,-3,6,6,0.00,0.00,false
1886,BLUE_4,BLUE,GARGOYLE,-2,2,5,5,0.00,0.00,false
1886,BLUE_5,BLUE,GOLEM,-3,3,4,4,0.00,0.00,false
1887,GREEN_1,GREEN,GARGOYLE,-1,-2,6,6,85.00,0.00,true
1887,GREEN_2,GREEN,SPIDER,2,-2,11,11,55.00,0.00,true
1887,BLUE_3,BLUE,SCORPION_RIDER,1,2,6,0,0.00,108.00,false
1887,BLUE_4,BLUE,MAGE,0,3,3,0,0.00,24.00,false
1887,BLUE_5,BLUE,SPIDER,-3,2,1,0,0.00,4.00,false
1887,BLUE_6,BLUE,SPIDER,-2,3,1,0,0.00,4.00,false
1888,GREEN_1,GREEN,GARGOYLE,-1,-2,6,0,63.00,96.00,false
1888,GREEN_2,GREEN,SPIDER,2,-2,11,0,0.00,44.00,false
1888,BLUE_3,BLUE,SCORPION_RIDER,1,2,6,6,96.00,63.00,true
1888,BLUE_4,BLUE,MAGE,0,3,3,3,44.00,0.00,true
1888,BLUE_5,BLUE,SPIDER,-3,2,1,1,0.00,0.00,true
1888,BLUE_6,BLUE,SPIDER,-2,3,1,1,0.00,0.00,true
1889,GREEN_1,GREEN,SCORPION_RIDER,0,-3,6,6,66.00,11.00,true
1889,GREEN_2,GREEN,ARCHER,3,-2,4,2,60.00,20.00,true
1889,GREEN_3,GREEN,SPIDER,2,-3,1,1,2.00,2.00,true
1889,BLUE_4,BLUE,ARCHER,0,2,8,0,16.00,64.00,false
1889,BLUE_5,BLUE,GARGOYLE,1,2,3,0,17.00,48.00,false
1889,BLUE_6,BLUE,GOBLIN,-1,2,2,0,0.00,16.00,false
1890,GREEN_1,GREEN,SCORPION_RIDER,0,-3,6,6,0.00,0.00,false
1890,GREEN_2,GREEN,ARCHER,3,-2,4,0,12.00,32.00,false
1890,GREEN_3,GREEN,SPIDER,2,-3,1,0,0.00,4.00,false
1890,BLUE_4,BLUE,ARCHER,0,2,8,7,36.00,12.00,false
1890,BLUE_5,BLUE,GARGOYLE,1,2,3,3,0.00,0.00,false
1890,BLUE_6,BLUE,GOBLIN,-1,2,2,2,0.00,0.00,false
1891,GREEN_1,GREEN,GOBLIN,0,-3,12,12,0.00,0.00,false
1891,GREEN_2,GREEN,GARGOYLE,2,-3,5,5,0.00,0.00,false
1891,GREEN_3,GREEN,GOBLIN,2,-2,1,1,0.00,0.00,false
1891,BLUE_4,BLUE,GOLEM,0,3,4,4,0.00,0.00,false
1891,BLUE_5,BLUE,GOLEM,-2,3,3,3,0.00,0.00,false
1891,BLUE_6,BLUE,SPIDER,-1,2,1,1,0.00,0.00,false
1892,GREEN_1,GREEN,GOBLIN,0,-3,12,12,0.00,0.00,false
1892,GREEN_2,GREEN,GARGOYLE,2,-3,5,0,65.00,80.00,false
1892,GREEN_3,GREEN,GOBLIN,2,-2,1,0,1.00,8.00,false
1892,BLUE_4,BLUE,GOLEM,0,3,4,4,0.00,0.00,false
1892,BLUE_5,BLUE,GOLEM,-2,3,3,2,88.00,66.00,false
1892,BLUE_6,BLUE,SPIDER,-1,2,1,1,0.00,0.00,false
1893,GREEN_1,GREEN,SPIDER,3,-2,16,16,0.00,0.00,false
1893,GREEN_2,GREEN,GARGOYLE,1,-3,3,3,0.00,0.00,false
1893,GREEN_3,GREEN,GOBLIN,0,-3,2,2,0.00,0.00,false
1893,BLUE_4,BLUE,GOBLIN,0,3,12,12,0.00,0.00,false
1893,BLUE_5,BLUE,MAGE,-2,3,5,5,0.00,0.00,false
1893,BLUE_6,BLUE,SPIDER,-3,3,1,1,0.00,0.00,false
1894,GREEN_1,GREEN,SPIDER,3,-2,16,0,22.00,64.00,false
1894,GREEN_2,GREEN,GARGOYLE,1,-3,3,0,12.00,48.00,false
1894,GREEN_3,GREEN,GOBLIN,0,-3,2,0,8.00,16.00,false
1894,BLUE_4,BLUE,GOBLIN,0,3,12,10,128.00,42.00,true
1894,BLUE_5,BLUE,MAGE,-2,3,5,5,0.00,0.00,true
1894,BLUE_6,BLUE,SPIDER,-3,3,1,1,0.00,0.00,true
1895,GREEN_1,GREEN,GOLEM,3,-3,4,4,0.00,0.00,false
1895,GREEN_2,GREEN,ARCHER,2,-2,5,5,84.00,0.00,false
1895,GREEN_3,GREEN,GOBLIN,0,-3,1,1,0.00,0.00,false
1895,BLUE_4,BLUE,ASSASSIN,-2,2,7,0,0.00,56.00,false
1895,BLUE_5,BLUE,SPIDER,-3,2,7,0,0.00,28.00,false
1895,BLUE_6,BLUE,SPIDER,-1,3,1,1,0.00,0.00,false
1896,GREEN_1,GREEN,GOLEM,3,-3,4,4,0.00,0.00,false
1896,GREEN_2,GREEN,ARCHER,2,-2,5,0,10.00,40.00,false
1896,GREEN_3,GREEN,GOBLIN,0,-3,1,0,4.00,8.00,false
1896,BLUE_4,BLUE,ASSASSIN,-2,2,7,7,48.00,14.00,false
1896,BLUE_5,BLUE,SPIDER,-3,2,7,7,0.00,0.00,false
1896,BLUE_6,BLUE,SPIDER,-1,3,1,1,0.00,0.00,false
1897,GREEN_1,GREEN,GARGOYLE,3,-3,6,6,0.00,0.00,false
1897,GREEN_2,GREEN,ASSASSIN,2,-3,4,2,58.00,27.00,false
1897,GREEN_3,GREEN,SPIDER,-1,-2,1,1,0.00,0.00,false
1897,BLUE_4,BLUE,MAGE,-1,3,8,7,15.00,38.00,false
1897,BLUE_5,BLUE,ASSASSIN,1,2,2,0,12.00,16.00,false
1897,BLUE_6,BLUE,SPIDER,0,2,1,0,0.00,4.00,false
1898,GREEN_1,GREEN,GARGOYLE,3,-3,6,0,17.00,96.00,false
1898,GREEN_2,GREEN,ASSASSIN,2,-3,4,0,6.00,32.00,false
1898,GREEN_3,GREEN,SPIDER,-1,-2,1,0,0.00,4.00,false
1898,BLUE_4,BLUE,MAGE,-1,3,8,8,108.00,0.00,true
1898,BLUE_5,BLUE,ASSASSIN,1,2,2,1,22.00,20.00,true
1898,BLUE_6,BLUE,SPIDER,0,2,1,1,2.00,3.00,true
1899,GREEN_1,GREEN,SCORPION_RIDER,2,-3,6,0,176.00,108.00,false
1899,GREEN_2,GREEN,GOLEM,0,-3,2,2,0.00,0.00,false
1899,GREEN_3,GREEN,MAGE,2,-2,1,1,3.00,0.00,false
1899,BLUE_4,BLUE,GOLEM,-2,3,4,1,76.00,91.00,false
1899,BLUE_5,BLUE,GOBLIN,0,2,9,0,28.00,72.00,false
1899,BLUE_6,BLUE,GOBLIN,0,3,2,0,4.00,16.00,false
1900,GREEN_1,GREEN,SCORPION_RIDER,2,-3,6,0,134.00,108.00,false
1900,GREEN_2,GREEN,GOLEM,0,-3,2,0,18.00,52.00,false
1900,GREEN_3,GREEN,MAGE,2,-2,1,0,1.00,8.00,false
1900,BLUE_4,BLUE,GOLEM,-2,3,4,1,99.00,96.00,true
1900,BLUE_5,BLUE,GOBLIN,0,2,9,4,65.00,41.00,true
1900,BLUE_6,BLUE,GOBLIN,0,3,2,0,4.00,16.00,true
1901,GREEN_1,GREEN,GARGOYLE,2,-2,6,6,0.00,0.00,false
1901,GREEN_2,GREEN,MAGE,2,-3,4,4,0.00,0.00,false
1901,GREEN_3,GREEN,GOBLIN,3,-3,1,1,0.00,0.00,false
1901,BLUE_4,BLUE,ASSASSIN,-3,3,8,8,0.00,0.00,false
1901,BLUE_5,BLUE,GOBLIN,0,2,5,5,0.00,0.00,false
1901,BLUE_6,BLUE,GOBLIN,-1,3,1,1,0.00,0.00,false
1902,GREEN_1,GREEN,GARGOYLE,2,-2,6,6,35.00,34.00,false
1902,GREEN_2,GREEN,MAGE,2,-3,4,0,3.00,32.00,false
1902,GREEN_3,GREEN,GOBLIN,3,-3,1,0,1.00,8.00,false
1902,BLUE_4,BLUE,ASSASSIN,-3,3,8,5,74.00,39.00,false
1902,BLUE_5,BLUE,GOBLIN,0,2,5,5,0.00,0.00,false
1902,BLUE_6,BLUE,GOBLIN,-1,3,1,1,0.00,0.00,false
1903,GREEN_1,GREEN,GOBLIN,0,-2,6,6,0.00,0.00,false
1903,GREEN_2,GREEN,ARCHER,-1,-2,8,8,0.00,0.00,false
1903,GREEN_3,GREEN,MAGE,1,-3,1,1,0.00,0.00,false
1903,BLUE_4,BLUE,GARGOYLE,-1,3,5,5,0.00,0.00,false
1903,BLUE_5,BLUE,SPIDER,0,3,13,13,0.00,0.00,false
1904,GREEN_1,GREEN,GOBLIN,0,-2,6,6,0.00,0.00,false
1904,GREEN_2,GREEN,ARCHER,-1,-2,8,8,0.00,0.00,false
1904,GREEN_3,GREEN,MAGE,1,-3,1,1,0.00,0.00,false
1904,BLUE_4,BLUE,GARGOYLE,-1,3,5,5,0.00,0.00,false
1904,BLUE_5,BLUE,SPIDER,0,3,13,13,0.00,0.00,false
1905,GREEN_1,GREEN,SCORPION_RIDER,3,-3,6,4,114.00,73.00,true
1905,GREEN_2,GREEN,ARCHER,1,-3,4,4,62.00,0.00,true
1905,GREEN_3,GREEN,SPIDER,2,-3,1,1,0.00,0.00,true
1905,BLUE_4,BLUE,SCORPION_RIDER,-2,2,5,0,32.00,90.00,false
1905,BLUE_5,BLUE,GOLEM,-3,3,3,0,41.00,78.00,false
1905,BLUE_6,BLUE,GOBLIN,-1,3,1,0,0.00,8.00,false
1906,GREEN_1,GREEN,SCORPION_RIDER,3,-3,6,6,48.00,40.00,false
1906,GREEN_2,GREEN,ARCHER,1,-3,4,0,6.00,32.00,false
1906,GREEN_3,GREEN,SPIDER,2,-3,1,0,0.00,4.00,false
1906,BLUE_4,BLUE,SCORPION_RIDER,-2,2,5,3,72.00,54.00,false
1906,BLUE_5,BLUE,GOLEM,-3,3,3,3,0.00,0.00,false
1906,BLUE_6,BLUE,GOBLIN,-1,3,1,1,4.00,0.00,false
1907,GREEN_1,GREEN,SPIDER,1,-3,15,15,0.00,0.00,false
1907,GREEN_2,GREEN,ASSASSIN,3,-3,4,4,36.00,12.00,false
1907,BLUE_3,BLUE,SPIDER,-2,3,8,0,12.00,32.00,false
1907,BLUE_4,BLUE,ARCHER,0,2,8,8,0.00,0.00,false
1907,BLUE_5,BLUE,SPIDER,-1,3,1,0,0.00,4.00,false
1908,GREEN_1,GREEN,SPIDER,1,-3,15,0,0.00,60.00,false
1908,GREEN_2,GREEN,ASSASSIN,3,-3,4,0,0.00,32.00,false
1908,BLUE_3,BLUE,SPIDER,-2,3,8,8,0.00,0.00,true
1908,BLUE_4,BLUE,ARCHER,0,2,8,8,92.00,0.00,true
1908,BLUE_5,BLUE,SPIDER,-1,3,1,1,0.00,0.00,true
1909,GREEN_1,GREEN,GARGOYLE,0,-3,5,5,0.00,0.00,false
1909,GREEN_2,GREEN,MAGE,1,-2,4,4,0.00,0.00,false
1909,GREEN_3,GREEN,GOBLIN,2,-2,4,4,0.00,0.00,false
1909,BLUE_4,BLUE,GOLEM,-2,3,4,4,0.00,0.00,false
1909,BLUE_5,BLUE,MAGE,-3,3,5,5,0.00,0.00,false
1910,GREEN_1,GREEN,GARGOYLE,0,-3,5,5,0.00,0.00,false
1910,GREEN_2,GREEN,MAGE,1,-2,4,4,0.00,0.00,false
1910,GREEN_3,GREEN,GOBLIN,2,-2,4,4,0.00,0.00,false
1910,BLUE_4,BLUE,GOLEM,-2,3,4,4,0.00,0.00,false
1910,BLUE_5,BLUE,MAGE,-3,3,5,5,0.00,0.00,false
1911,GREEN_1,GREEN,ASSASSIN,0,-2,8,1,78.00,60.00,true
1911,GREEN_2,GREEN,ARCHER,0,-3,1,1,16.00,0.00,true
1911,GREEN_3,GREEN,ARCHER,1,-2,1,1,19.00,0.00,true
1911,GREEN_4,GREEN,GARGOYLE,2,-2,1,1,3.00,0.00,true
1911,BLUE_5,BLUE,ASSASSIN,-2,3,7,0,38.00,56.00,false
1911,BLUE_6,BLUE,GOBLIN,-3,2,7,0,22.00,56.00,false
1911,BLUE_7,BLUE,SPIDER,0,3,1,0,0.00,4.00,false
1912,GREEN_1,GREEN,ASSASSIN,0,-2,8,0,58.00,64.00,false
1912,GREEN_2,GREEN,ARCHER,0,-3,1,0,2.00,8.00,false
1912,GREEN_3,GREEN,ARCHER,1,-2,1,0,2.00,8.00,false
1912,GREEN_4,GREEN,GARGOYLE,2,-2,1,0,3.00,16.00,false
1912,BLUE_5,BLUE,ASSASSIN,-2,3,7,4,52.00,38.00,true
1912,BLUE_6,BLUE,GOBLIN,-3,2,7,4,44.00,27.00,true
1912,BLUE_7,BLUE,SPIDER,0,3,1,1,0.00,0.00,true
1913,GREEN_1,GREEN,GARGOYLE,-1,-2,6,6,0.00,0.00,false
1913,GREEN_2,GREEN,SCORPION_RIDER,3,-3,4,1,120.00,60.00,false
1913,BLUE_3,BLUE,GOBLIN,0,2,12,4,56.00,64.00,false
1913,BLUE_4,BLUE,ARCHER,-1,3,3,0,2.00,24.00,false
1913,BLUE_5,BLUE,ARCHER,-1,2,3,0,2.00,24.00,false
1913,BLUE_6,BLUE,GOBLIN,-3,3,1,0,0.00,8.00,false
1914,GREEN_1,GREEN,GARGOYLE,-1,-2,6,0,9.00,96.00,false
1914,GREEN_2,GREEN,SCORPION_RIDER,3,-3,4,0,32.00,72.00,false
1914,BLUE_3,BLUE,GOBLIN,0,2,12,8,38.00,32.00,true
1914,BLUE_4,BLUE,ARCHER,-1,3,3,3,104.00,9.00,true
1914,BLUE_5,BLUE,ARCHER,-1,2,3,3,26.00,0.00,true
1914,BLUE_6,BLUE,GOBLIN,-3,3,1,1,0.00,0.00,true
1915,GREEN_1,GREEN,ARCHER,2,-2,7,7,0.00,0.00,false
1915,GREEN_2,GREEN,GARGOYLE,1,-3,4,4,0.00,0.00,false
1915,GREEN_3,GREEN,SPIDER,1,-2,1,1,0.00,0.00,false
1915,BLUE_4,BLUE,ASSASSIN,-2,3,8,8,0.00,0.00,false
1915,BLUE_5,BLUE,SCORPION_RIDER,-3,2,2,2,0.00,0.00,false
1915,BLUE_6,BLUE,GOBLIN,-3,3,1,1,0.00,0.00,false
1916,GREEN_1,GREEN,ARCHER,2,-2,7,0,18.00,56.00,false
1916,GREEN_2,GREEN,GARGOYLE,1,-3,4,0,37.00,64.00,false
1916,GREEN_3,GREEN,SPIDER,1,-2,1,0,0.00,4.00,false
1916,BLUE_4,BLUE,ASSASSIN,-2,3,8,6,100.00,34.00,true
1916,BLUE_5,BLUE,SCORPION_RIDER,-3,2,2,2,22.00,21.00,true
1916,BLUE_6,BLUE,GOBLIN,-3,3,1,1,2.00,0.00,true
1917,GREEN_1,GREEN,ARCHER,2,-2,8,4,100.00,41.00,true
1917,GREEN_2,GREEN,GOLEM,0,-3,2,2,0.00,0.00,true
1917,GREEN_3,GREEN,ARCHER,-1,-2,1,1,0.00,0.00,true
1917,BLUE_4,BLUE,MAGE,1,2,8,0,29.00,64.00,false
1917,BLUE_5,BLUE,GARGOYLE,0,2,2,0,12.00,32.00,false
1917,BLUE_6,BLUE,SPIDER,0,3,1,0,0.00,4.00,false
1918,GREEN_1,GREEN,ARCHER,2,-2,8,8,32.00,15.00,false
1918,GREEN_2,GREEN,GOLEM,0,-3,2,2,0.00,0.00,false
1918,GREEN_3,GREEN,ARCHER,-1,-2,1,1,0.00,0.00,false
1918,BLUE_4,BLUE,MAGE,1,2,8,6,15.00,32.00,false
1918,BLUE_5,BLUE,GARGOYLE,0,2,2,2,0.00,0.00,false
1918,BLUE_6,BLUE,SPIDER,0,3,1,1,0.00,0.00,false
1919,GREEN_1,GREEN,ASSASSIN,0,-3,8,1,103.00,68.00,true
1919,GREEN_2,GREEN,MAGE,1,-3,2,2,57.00,3.00,true
1919,GREEN_3,GREEN,SPIDER,2,-2,1,0,4.00,4.00,true
1919,BLUE_4,BLUE,GARGOYLE,0,3,6,0,52.00,96.00,false
1919,BLUE_5,BLUE,ARCHER,-1,3,1,0,2.00,8.00,false
1919,BLUE_6,BLUE,GOLEM,-2,3,2,0,18.00,52.00,false
1919,BLUE_7,BLUE,MAGE,-3,2,1,0,3.00,8.00,false
1920,GREEN_1,GREEN,ASSASSIN,0,-3,8,0,41.00,64.00,false
1920,GREEN_2,GREEN,MAGE,1,-3,2,0,0.00,16.00,false
1920,GREEN_3,GREEN,SPIDER,2,-2,1,0,0.00,4.00,false
1920,BLUE_4,BLUE,GARGOYLE,0,3,6,6,29.00,0.00,true
1920,BLUE_5,BLUE,ARCHER,-1,3,1,1,17.00,0.00,true
1920,BLUE_6,BLUE,GOLEM,-2,3,2,1,30.00,41.00,true
1920,BLUE_7,BLUE,MAGE,-3,2,1,1,8.00,0.00,true
1921,GREEN_1,GREEN,MAGE,-1,-2,8,8,180.00,0.00,true
1921,GREEN_2,GREEN,GOBLIN,1,-2,4,2,12.00,20.00,true
1921,GREEN_3,GREEN,ASSASSIN,2,-2,1,1,0.00,0.00,true
1921,BLUE_4,BLUE,GOBLIN,0,3,11,0,20.00,88.00,false
1921,BLUE_5,BLUE,GOLEM,-1,2,4,0,0.00,104.00,false
1922,GREEN_1,GREEN,MAGE,-1,-2,8,0,11.00,64.00,false
1922,GREEN_2,GREEN,GOBLIN,1,-2,4,0,8.00,32.00,false
1922,GREEN_3,GREEN,ASSASSIN,2,-2,1,0,3.00,8.00,false
1922,BLUE_4,BLUE,GOBLIN,0,3,11,11,64.00,11.00,true
1922,BLUE_5,BLUE,GOLEM,-1,2,4,4,40.00,11.00,true
1923,GREEN_1,GREEN,GARGOYLE,0,-2,6,6,24.00,0.00,true
1923,GREEN_2,GREEN,SCORPION_RIDER,1,-2,4,4,64.00,28.00,true
1923,BLUE_3,BLUE,ASSASSIN,1,2,7,0,24.00,56.00,false
1923,BLUE_4,BLUE,ARCHER,-1,3,4,0,4.00,32.00,false
1924,GREEN_1,GREEN,GARGOYLE,0,-2,6,0,69.00,96.00,false
1924,GREEN_2,GREEN,SCORPION_RIDER,1,-2,4,0,2.00,72.00,false
1924,BLUE_3,BLUE,ASSASSIN,1,2,7,1,60.00,54.00,true
1924,BLUE_4,BLUE,ARCHER,-1,3,4,3,108.00,17.00,true
1925,GREEN_1,GREEN,GOBLIN,2,-3,11,11,0.00,0.00,false
1925,GREEN_2,GREEN,GOBLIN,-1,-2,11,11,40.00,8.00,false
1925,GREEN_3,GREEN,SCORPION_RIDER,1,-2,1,0,20.00,18.00,false
1925,BLUE_4,BLUE,ARCHER,-3,3,7,5,18.00,16.00,false
1925,BLUE_5,BLUE,ARCHER,0,3,5,0,8.00,40.00,false
1925,BLUE_6,BLUE,SPIDER,-2,3,1,0,0.00,4.00,false
1926,GREEN_1,GREEN,GOBLIN,2,-3,11,0,0.00,88.00,false
1926,GREEN_2,GREEN,GOBLIN,-1,-2,11,0,0.00,88.00,false
1926,GREEN_3,GREEN,SCORPION_RIDER,1,-2,1,0,0.00,18.00,false
1926,BLUE_4,BLUE,ARCHER,-3,3,7,7,0.00,0.00,true
1926,BLUE_5,BLUE,ARCHER,0,3,5,5,182.00,0.00,true
1926,BLUE_6,BLUE,SPIDER,-2,3,1,1,12.00,0.00,true
1927,GREEN_1,GREEN,GOLEM,3,-2,4,4,0.00,0.00,false
1927,GREEN_2,GREEN,ARCHER,1,-3,5,5,0.00,0.00,false
1927,GREEN_3,GREEN,SPIDER,3,-3,1,1,0.00,0.00,false
1927,BLUE_4,BLUE,GOLEM,-1,3,4,4,0.00,0.00,false
1927,BLUE_5,BLUE,GOLEM,0,3,3,3,0.00,0.00,false
1927,BLUE_6,BLUE,GOBLIN,-1,2,1,1,0.00,0.00,false
1928,GREEN_1,GREEN,GOLEM,3,-2,4,4,41.00,27.00,false
1928,GREEN_2,GREEN,ARCHER,1,-3,5,5,0.00,0.00,false
1928,GREEN_3,GREEN,SPIDER,3,-3,1,1,0.00,0.00,false
1928,BLUE_4,BLUE,GOLEM,-1,3,4,4,0.00,0.00,false
1928,BLUE_5,BLUE,GOLEM,0,3,3,3,27.00,41.00,false
1928,BLUE_6,BLUE,GOBLIN,-1,2,1,1,0.00,0.00,false
1929,GREEN_1,GREEN,SCORPION_RIDER,3,-3,5,4,68.00,42.00,true
1929,GREEN_2,GREEN,ARCHER,1,-3,4,4,88.00,0.00,true
1929,GREEN_3,GREEN,MAGE,2,-2,1,1,17.00,0.00,true
1929,GREEN_4,GREEN,SPIDER,1,-2,1,1,11.00,0.00,true
1929,BLUE_5,BLUE,GOBLIN,0,3,12,0,0.00,96.00,false
1929,BLUE_6,BLUE,SCORPION_RIDER,-2,3,4,0,42.00,72.00,false
1929,BLUE_7,BLUE,GARGOYLE,-1,3,1,0,0.00,16.00,false
1930,GREEN_1,GREEN,SCORPION_RIDER,3,-3,5,0,88.00,90.00,false
1930,GREEN_2,GREEN,ARCHER,1,-3,4,0,10.00,32.00,false
1930,GREEN_3,GREEN,MAGE,2,-2,1,0,0.00,8.00,false
1930,GREEN_4,GREEN,SPIDER,1,-2,1,0,0.00,4.00,false
1930,BLUE_5,BLUE,GOBLIN,0,3,12,5,55.00,56.00,true
1930,BLUE_6,BLUE,SCORPION_RIDER,-2,3,4,4,67.00,36.00,true
1930,BLUE_7,BLUE,GARGOYLE,-1,3,1,1,12.00,6.00,true
1931,GREEN_1,GREEN,GARGOYLE,0,-3,6,6,39.00,4.00,true
1931,GREEN_2,GREEN,GARGOYLE,-1,-2,4,4,125.00,0.00,true
1931,GREEN_3,GREEN,GOBLIN,2,-3,1,1,0.00,0.00,true
1931,BLUE_4,BLUE,GOLEM,-3,3,4,0,4.00,104.00,false
1931,BLUE_5,BLUE,SCORPION_RIDER,0,3,2,0,0.00,36.00,false
1931,BLUE_6,BLUE,MAGE,-2,3,2,0,0.00,16.00,false
1931,BLUE_7,BLUE,GOBLIN,-3,2,1,0,0.00,8.00,false
1932,GREEN_1,GREEN,GARGOYLE,0,-3,6,0,39.00,96.00,false
1932,GREEN_2,GREEN,GARGOYLE,-1,-2,4,0,12.00,64.00,false
1932,GREEN_3,GREEN,GOBLIN,2,-3,1,0,0.00,8.00,false
1932,BLUE_4,BLUE,GOLEM,-3,3,4,4,106.00,27.00,true
1932,BLUE_5,BLUE,SCORPION_RIDER,0,3,2,2,33.00,24.00,true
1932,BLUE_6,BLUE,MAGE,-2,3,2,2,29.00,0.00,true
1932,BLUE_7,BLUE,GOBLIN,-3,2,1,1,0.00,0.00,true
1933,GREEN_1,GREEN,ASSASSIN,0,-3,8,1,90.00,60.00,true
1933,GREEN_2,GREEN,SPIDER,2,-3,6,6,78.00,0.00,true
1933,BLUE_3,BLUE,GOBLIN,-3,2,10,0,50.00,80.00,false
1933,BLUE_4,BLUE,SCORPION_RIDER,-2,2,4,0,8.00,72.00,false
1933,BLUE_5,BLUE,ARCHER,1,2,2,0,2.00,16.00,false
1934,GREEN_1,GREEN,ASSASSIN,0,-3,8,0,44.00,64.00,false
1934,GREEN_2,GREEN,SPIDER,2,-3,6,0,8.00,24.00,false
1934,BLUE_3,BLUE,GOBLIN,-3,2,10,5,88.00,52.00,true
1934,BLUE_4,BLUE,SCORPION_RIDER,-2,2,4,4,0.00,0.00,true
1934,BLUE_5,BLUE,ARCHER,1,2,2,2,0.00,0.00,true
1935,GREEN_1,GREEN,SCORPION_RIDER,3,-3,6,6,61.00,10.00,true
1935,GREEN_2,GREEN,GARGOYLE,-1,-2,3,3,23.00,8.00,true
1935,GREEN_3,GREEN,GOBLIN,3,-2,2,2,0.00,0.00,true
1935,BLUE_4,BLUE,MAGE,-1,2,7,0,12.00,56.00,false
1935,BLUE_5,BLUE,ASSASSIN,0,3,3,0,6.00,24.00,false
1935,BLUE_6,BLUE,SPIDER,-3,3,1,0,0.00,4.00,false
1936,GREEN_1,GREEN,SCORPION_RIDER,3,-3,6,0,6.00,108.00,false
1936,GREEN_2,GREEN,GARGOYLE,-1,-2,3,0,14.00,48.00,false
1936,GREEN_3,GREEN,GOBLIN,3,-2,2,0,4.00,16.00,false
1936,BLUE_4,BLUE,MAGE,-1,2,7,7,134.00,0.00,true
1936,BLUE_5,BLUE,ASSASSIN,0,3,3,0,38.00,24.00,true
1936,BLUE_6,BLUE,SPIDER,-3,3,1,1,0.00,0.00,true
1937,GREEN_1,GREEN,SPIDER,-1,-2,13,13,0.00,0.00,false
1937,GREEN_2,GREEN,ARCHER,0,-3,5,5,0.00,0.00,false
1937,GREEN_3,GREEN,ARCHER,2,-3,1,1,0.00,0.00,false
1937,BLUE_4,BLUE,MAGE,1,2,7,7,0.00,0.00,false
1937,BLUE_5,BLUE,SPIDER,-1,3,8,8,0.00,0.00,false
1938,GREEN_1,GREEN,SPIDER,-1,-2,13,0,0.00,52.00,false
1938,GREEN_2,GREEN,ARCHER,0,-3,5,1,52.00,38.00,false
1938,GREEN_3,GREEN,ARCHER,2,-3,1,0,4.00,8.00,false
1938,BLUE_4,BLUE,MAGE,1,2,7,0,98.00,56.00,false
1938,BLUE_5,BLUE,SPIDER,-1,3,8,8,0.00,0.00,false
1939,GREEN_1,GREEN,MAGE,0,-3,8,8,157.00,0.00,true
1939,GREEN_2,GREEN,SCORPION_RIDER,3,-3,2,1,19.00,34.00,true
1939,GREEN_3,GREEN,GOBLIN,2,-2,1,0,4.00,8.00,true
1939,BLUE_4,BLUE,GOLEM,0,3,4,0,0.00,104.00,false
1939,BLUE_5,BLUE,SCORPION_RIDER,0,2,4,0,42.00,72.00,false
1939,BLUE_6,BLUE,SPIDER,-2,3,1,0,0.00,4.00,false
1940,GREEN_1,GREEN,MAGE,0,-3,8,0,7.00,64.00,false
1940,GREEN_2,GREEN,SCORPION_RIDER,3,-3,2,0,24.00,36.00,false
1940,GREEN_3,GREEN,GOBLIN,2,-2,1,0,0.00,8.00,false
1940,BLUE_4,BLUE,GOLEM,0,3,4,4,0.00,0.00,true
1940,BLUE_5,BLUE,SCORPION_RIDER,0,2,4,3,108.00,31.00,true
1940,BLUE_6,BLUE,SPIDER,-2,3,1,1,0.00,0.00,true
1941,GREEN_1,GREEN,ARCHER,1,-3,7,7,52.00,0.00,true
1941,GREEN_2,GREEN,GOLEM,2,-2,3,3,72.00,27.00,true
1941,GREEN_3,GREEN,GOBLIN,0,-2,1,1,0.00,0.00,true
1941,BLUE_4,BLUE,GARGOYLE,-2,2,5,0,12.00,80.00,false
1941,BLUE_5,BLUE,ASSASSIN,1,2,4,0,15.00,32.00,false
1941,BLUE_6,BLUE,MAGE,0,2,1,0,0.00,8.00,false
1941,BLUE_7,BLUE,SPIDER,-1,3,1,0,0.00,4.00,false
1942,GREEN_1,GREEN,ARCHER,1,-3,7,0,18.00,56.00,false
1942,GREEN_2,GREEN,GOLEM,2,-2,3,0,16.00,78.00,false
1942,GREEN_3,GREEN,GOBLIN,0,-2,1,0,4.00,8.00,false
1942,BLUE_4,BLUE,GARGOYLE,-2,2,5,5,65.00,6.00,true
1942,BLUE_5,BLUE,ASSASSIN,1,2,4,0,54.00,32.00,true
1942,BLUE_6,BLUE,MAGE,0,2,1,1,15.00,0.00,true
1942,BLUE_7,BLUE,SPIDER,-1,3,1,1,8.00,0.00,true
1943,GREEN_1,GREEN,GOLEM,2,-2,4,4,70.00,4.00,true
1943,GREEN_2,GREEN,MAGE,1,-3,5,5,18.00,12.00,true
1943,BLUE_3,BLUE,MAGE,-3,3,8,0,16.00,64.00,false
1943,BLUE_4,BLUE,MAGE,-2,2,2,0,0.00,16.00,false
1943,BLUE_5,BLUE,GOBLIN,-1,3,1,0,0.00,8.00,false
1944,GREEN_1,GREEN,GOLEM,2,-2,4,4,0.00,0.00,false
1944,GREEN_2,GREEN,MAGE,1,-3,5,5,0.00,0.00,false
1944,BLUE_3,BLUE,MAGE,-3,3,8,8,0.00,0.00,false
1944,BLUE_4,BLUE,MAGE,-2,2,2,2,0.00,0.00,false
1944,BLUE_5,BLUE,GOBLIN,-1,3,1,1,0.00,0.00,false
1945,GREEN_1,GREEN,GOBLIN,3,-2,11,11,81.00,29.00,true
1945,GREEN_2,GREEN,ASSASSIN,1,-3,5,4,35.00,26.00,true
1945,GREEN_3,GREEN,GOBLIN,2,-2,2,2,8.00,4.00,true
1945,BLUE_4,BLUE,SPIDER,0,3,15,0,24.00,60.00,false
1945,BLUE_5,BLUE,GARGOYLE,-1,3,4,0,35.00,64.00,false
1946,GREEN_1,GREEN,GOBLIN,3,-2,11,11,0.00,0.00,false
1946,GREEN_2,GREEN,ASSASSIN,1,-3,5,5,0.00,0.00,false
1946,GREEN_3,GREEN,GOBLIN,2,-2,2,2,0.00,0.00,false
1946,BLUE_4,BLUE,SPIDER,0,3,15,15,0.00,0.00,false
1946,BLUE_5,BLUE,GARGOYLE,-1,3,4,4,0.00,0.00,false
1947,GREEN_1,GREEN,ARCHER,2,-3,7,6,98.00,28.00,true
1947,GREEN_2,GREEN,SPIDER,-1,-2,9,9,54.00,0.00,true
1947,GREEN_3,GREEN,SPIDER,3,-2,2,2,0.00,0.00,true
1947,BLUE_4,BLUE,GOBLIN,-3,2,10,0,0.00,80.00,false
1947,BLUE_5,BLUE,ARCHER,1,2,6,0,28.00,48.00,false
1947,BLUE_6,BLUE,GOBLIN,-3,3,3,0,0.00,24.00,false
1948,GREEN_1,GREEN,ARCHER,2,-3,7,0,16.00,56.00,false
1948,GREEN_2,GREEN,SPIDER,-1,-2,9,0,12.00,36.00,false
1948,GREEN_3,GREEN,SPIDER,3,-2,2,0,0.00,8.00,false
1948,BLUE_4,BLUE,GOBLIN,-3,2,10,8,76.00,26.00,true
1948,BLUE_5,BLUE,ARCHER,1,2,6,6,8.00,0.00,true
1948,BLUE_6,BLUE,GOBLIN,-3,3,3,3,16.00,2.00,true
1949,GREEN_1,GREEN,SPIDER,0,-3,16,11,70.00,30.00,true
1949,GREEN_2,GREEN,SPIDER,1,-3,7,5,14.00,14.00,true
1949,GREEN_3,GREEN,ARCHER,1,-2,1,1,16.00,0.00,true
1949,BLUE_4,BLUE,ARCHER,-2,3,7,0,32.00,56.00,false
1949,BLUE_5,BLUE,SPIDER,-1,2,10,0,12.00,40.00,false
1949,BLUE_6,BLUE,SPIDER,0,2,1,0,0.00,4.00,false
1950,GREEN_1,GREEN,SPIDER,0,-3,16,0,14.00,64.00,false
1950,GREEN_2,GREEN,SPIDER,1,-3,7,0,0.00,28.00,false
1950,GREEN_3,GREEN,ARCHER,1,-2,1,0,4.00,8.00,false
1950,BLUE_4,BLUE,ARCHER,-2,3,7,7,84.00,4.00,true
1950,BLUE_5,BLUE,SPIDER,-1,2,10,8,16.00,14.00,true
1950,BLUE_6,BLUE,SPIDER,0,2,1,1,0.00,0.00,true
1951,GREEN_1,GREEN,GOLEM,1,-2,4,4,0.00,0.00,false
1951,GREEN_2,GREEN,GOLEM,0,-2,3,3,0.00,0.00,false
1951,GREEN_3,GREEN,GOBLIN,1,-3,1,1,0.00,0.00,false
1951,BLUE_4,BLUE,ASSASSIN,-1,3,7,7,0.00,0.00,false
1951,BLUE_5,BLUE,ASSASSIN,-2,2,3,3,0.00,0.00,false
1951,BLUE_6,BLUE,GOBLIN,-1,2,1,1,0.00,0.00,false
1952,GREEN_1,GREEN,GOLEM,1,-2,4,4,0.00,0.00,false
1952,GREEN_2,GREEN,GOLEM,0,-2,3,0,38.00,78.00,false
1952,GREEN_3,GREEN,GOBLIN,1,-3,1,0,4.00,8.00,false
1952,BLUE_4,BLUE,ASSASSIN,-1,3,7,5,67.00,27.00,false
1952,BLUE_5,BLUE,ASSASSIN,-2,2,3,2,17.00,15.00,false
1952,BLUE_6,BLUE,GOBLIN,-1,2,1,1,2.00,0.00,false
1953,GREEN_1,GREEN,ASSASSIN,2,-3,7,1,94.00,54.00,false
1953,GREEN_2,GREEN,SCORPION_RIDER,0,-3,3,3,0.00,0.00,false
1953,BLUE_3,BLUE,ARCHER,0,2,8,0,24.00,64.00,false
1953,BLUE_4,BLUE,GARGOYLE,-3,2,3,3,26.00,14.00,false
1953,BLUE_5,BLUE,GOBLIN,-3,3,2,0,4.00,16.00,false
1954,GREEN_1,GREEN,ASSASSIN,2,-3,7,0,0.00,56.00,false
1954,GREEN_2,GREEN,SCORPION_RIDER,0,-3,3,0,0.00,54.00,false
1954,BLUE_3,BLUE,ARCHER,0,2,8,8,110.00,0.00,true
1954,BLUE_4,BLUE,GARGOYLE,-3,2,3,3,0.00,0.00,true
1954,BLUE_5,BLUE,GOBLIN,-3,3,2,2,0.00,0.00,true
1955,GREEN_1,GREEN,MAGE,2,-3,4,4,104.00,0.00,false
1955,GREEN_2,GREEN,GARGOYLE,0,-2,4,4,0.00,0.00,false
1955,GREEN_3,GREEN,GOBLIN,1,-3,6,6,0.00,0.00,false
1955,BLUE_4,BLUE,GOLEM,0,2,4,0,0.00,104.00,false
1955,BLUE_5,BLUE,MAGE,-2,2,4,4,0.00,0.00,false
1955,BLUE_6,BLUE,ARCHER,0,3,1,1,0.00,0.00,false
1956,GREEN_1,GREEN,MAGE,2,-3,4,0,31.00,32.00,false
1956,GREEN_2,GREEN,GARGOYLE,0,-2,4,4,0.00,6.00,false
1956,GREEN_3,GREEN,GOBLIN,1,-3,6,0,0.00,48.00,false
1956,BLUE_4,BLUE,GOLEM,0,2,4,4,0.00,0.00,false
1956,BLUE_5,BLUE,MAGE,-2,2,4,1,86.00,31.00,false
1956,BLUE_6,BLUE,ARCHER,0,3,1,1,0.00,0.00,false
1957,GREEN_1,GREEN,SCORPION_RIDER,-1,-2,6,3,175.00,78.00,true
1957,GREEN_2,GREEN,GARGOYLE,3,-2,3,3,9.00,0.00,true
1957,GREEN_3,GREEN,ARCHER,1,-3,1,1,0.00,0.00,true
1957,BLUE_4,BLUE,GOBLIN,-1,2,10,0,32.00,80.00,false
1957,BLUE_5,BLUE,SCORPION_RIDER,-2,3,4,0,39.00,72.00,false
1957,BLUE_6,BLUE,GARGOYLE,-3,2,1,0,3.00,16.00,false
1957,BLUE_7,BLUE,GOBLIN,-1,3,2,0,4.00,16.00,false
1958,GREEN_1,GREEN,SCORPION_RIDER,-1,-2,6,0,47.00,108.00,false
1958,GREEN_2,GREEN,GARGOYLE,3,-2,3,0,24.00,48.00,false
1958,GREEN_3,GREEN,ARCHER,1,-3,1,0,0.00,8.00,false
1958,BLUE_4,BLUE,GOBLIN,-1,2,10,10,0.00,0.00,true
1958,BLUE_5,BLUE,SCORPION_RIDER,-2,3,4,1,96.00,71.00,true
1958,BLUE_6,BLUE,GARGOYLE,-3,2,1,1,68.00,0.00,true
1958,BLUE_7,BLUE,GOBLIN,-1,3,2,2,0.00,0.00,true
1959,GREEN_1,GREEN,GARGOYLE,-1,-2,5,4,60.00,45.00,false
1959,GREEN_2,GREEN,MAGE,3,-3,4,4,8.00,0.00,false
1959,GREEN_3,GREEN,SCORPION_RIDER,1,-3,1,0,4.00,18.00,false
1959,GREEN_4,GREEN,GOBLIN,0,-3,1,1,0.00,0.00,false
1959,BLUE_5,BLUE,GARGOYLE,-1,3,6,6,27.00,24.00,false
1959,BLUE_6,BLUE,SPIDER,-2,3,10,0,36.00,40.00,false
1959,BLUE_7,BLUE,GOBLIN,-1,2,1,0,0.00,8.00,false
1960,GREEN_1,GREEN,GARGOYLE,-1,-2,5,5,0.00,0.00,false
1960,GREEN_2,GREEN,MAGE,3,-3,4,4,0.00,0.00,false
1960,GREEN_3,GREEN,SCORPION_RIDER,1,-3,1,1,0.00,0.00,false
1960,GREEN_4,GREEN,GOBLIN,0,-3,1,1,0.00,0.00,false
1960,BLUE_5,BLUE,GARGOYLE,-1,3,6,6,0.00,0.00,false
1960,BLUE_6,BLUE,SPIDER,-2,3,10,10,0.00,0.00,false
1960,BLUE_7,BLUE,GOBLIN,-1,2,1,1,0.00,0.00,false
1961,GREEN_1,GREEN,GOLEM,3,-3,4,4,63.00,22.00,true
1961,GREEN_2,GREEN,GARGOYLE,1,-3,4,4,35.00,9.00,true
1961,GREEN_3,GREEN,GARGOYLE,0,-3,1,1,6.00,2.00,true
1961,BLUE_4,BLUE,SPIDER,-1,3,1,0,0.00,4.00,false
1961,BLUE_5,BLUE,MAGE,-1,2,8,0,15.00,64.00,false
1961,BLUE_6,BLUE,SCORPION_RIDER,-3,2,2,0,18.00,36.00,false
1962,GREEN_1,GREEN,GOLEM,3,-3,4,0,0.00,104.00,false
1962,GREEN_2,GREEN,GARGOYLE,1,-3,4,0,36.00,64.00,false
1962,GREEN_3,GREEN,GARGOYLE,0,-3,1,0,3.00,16.00,false
1962,BLUE_4,BLUE,SPIDER,-1,3,1,1,0.00,0.00,true
1962,BLUE_5,BLUE,MAGE,-1,2,8,8,144.00,6.00,true
1962,BLUE_6,BLUE,SCORPION_RIDER,-3,2,2,1,40.00,33.00,true
1963,GREEN_1,GREEN,SPIDER,0,-2,14,14,0.00,0.00,false
1963,GREEN_2,GREEN,GARGOYLE,1,-3,4,4,0.00,0.00,false
1963,GREEN_3,GREEN,SPIDER,2,-3,1,1,0.00,0.00,false
1963,BLUE_4,BLUE,ASSASSIN,0,3,7,7,0.00,0.00,false
1963,BLUE_5,BLUE,GOBLIN,-2,2,8,8,0.00,0.00,false
1964,GREEN_1,GREEN,SPIDER,0,-2,14,0,26.00,56.00,false
1964,GREEN_2,GREEN,GARGOYLE,1,-3,4,4,21.00,31.00,false
1964,GREEN_3,GREEN,SPIDER,2,-3,1,0,0.00,4.00,false
1964,BLUE_4,BLUE,ASSASSIN,0,3,7,4,91.00,47.00,false
1964,BLUE_5,BLUE,GOBLIN,-2,2,8,8,0.00,0.00,false
1965,GREEN_1,GREEN,SCORPION_RIDER,2,-2,6,6,70.00,26.00,true
1965,GREEN_2,GREEN,MAGE,0,-3,3,3,14.00,0.00,true
1965,GREEN_3,GREEN,SPIDER,1,-3,2,2,0.00,0.00,true
1965,BLUE_4,BLUE,ASSASSIN,-2,3,7,0,24.00,56.00,false
1965,BLUE_5,BLUE,MAGE,-2,2,3,0,2.00,24.00,false
1965,BLUE_6,BLUE,SPIDER,-3,3,1,0,0.00,4.00,false
1966,GREEN_1,GREEN,SCORPION_RIDER,2,-2,6,0,47.00,108.00,false
1966,GREEN_2,GREEN,MAGE,0,-3,3,0,2.00,24.00,false
1966,GREEN_3,GREEN,SPIDER,1,-3,2,0,0.00,8.00,false
1966,BLUE_4,BLUE,ASSASSIN,-2,3,7,1,57.00,49.00,true
1966,BLUE_5,BLUE,MAGE,-2,2,3,3,68.00,0.00,true
1966,BLUE_6,BLUE,SPIDER,-3,3,1,1,15.00,0.00,true
1967,GREEN_1,GREEN,SCORPION_RIDER,3,-2,5,5,96.00,38.00,true
1967,GREEN_2,GREEN,SPIDER,1,-2,10,10,0.00,0.00,true
1967,GREEN_3,GREEN,SPIDER,0,-3,1,1,0.00,0.00,true
1967,BLUE_4,BLUE,SPIDER,-3,2,14,0,34.00,56.00,false
1967,BLUE_5,BLUE,ARCHER,-1,2,4,0,4.00,32.00,false
1967,BLUE_6,BLUE,ASSASSIN,-2,3,1,0,0.00,8.00,false
1968,GREEN_1,GREEN,SCORPION_RIDER,3,-2,5,0,0.00,90.00,false
1968,GREEN_2,GREEN,SPIDER,1,-2,10,0,12.00,40.00,false
1968,GREEN_3,GREEN,SPIDER,0,-3,1,0,0.00,4.00,false
1968,BLUE_4,BLUE,SPIDER,-3,2,14,14,0.00,0.00,true
1968,BLUE_5,BLUE,ARCHER,-1,2,4,4,124.00,10.00,true
1968,BLUE_6,BLUE,ASSASSIN,-2,3,1,1,10.00,2.00,true
1969,GREEN_1,GREEN,ARCHER,0,-3,8,8,0.00,0.00,false
1969,GREEN_2,GREEN,GOBLIN,0,-2,8,8,0.00,0.00,false
1969,GREEN_3,GREEN,GOBLIN,1,-3,1,1,0.00,0.00,false
1969,BLUE_4,BLUE,ARCHER,-3,3,8,8,0.00,0.00,false
1969,BLUE_5,BLUE,GOBLIN,-2,2,9,9,0.00,0.00,false
1970,GREEN_1,GREEN,ARCHER,0,-3,8,8,0.00,0.00,false
1970,GREEN_2,GREEN,GOBLIN,0,-2,8,8,0.00,0.00,false
1970,GREEN_3,GREEN,GOBLIN,1,-3,1,1,0.00,0.00,false
1970,BLUE_4,BLUE,ARCHER,-3,3,8,8,0.00,0.00,false
1970,BLUE_5,BLUE,GOBLIN,-2,2,9,9,0.00,0.00,false
1971,GREEN_1,GREEN,ASSASSIN,1,-3,7,2,128.00,54.00,true
1971,GREEN_2,GREEN,SPIDER,3,-3,8,8,0.00,0.00,true
1971,BLUE_3,BLUE,SPIDER,-3,2,16,0,32.00,64.00,false
1971,BLUE_4,BLUE,GARGOYLE,-1,3,3,0,16.00,48.00,false
1971,BLUE_5,BLUE,GOBLIN,0,3,2,0,6.00,16.00,false
1972,GREEN_1,GREEN,ASSASSIN,1,-3,7,7,0.00,0.00,false
1972,GREEN_2,GREEN,SPIDER,3,-3,8,8,0.00,0.00,false
1972,BLUE_3,BLUE,SPIDER,-3,2,16,16,0.00,0.00,false
1972,BLUE_4,BLUE,GARGOYLE,-1,3,3,3,0.00,0.00,false
1972,BLUE_5,BLUE,GOBLIN,0,3,2,2,0.00,0.00,false
1973,GREEN_1,GREEN,SPIDER,3,-2,15,13,44.00,20.00,true
1973,GREEN_2,GREEN,ARCHER,2,-2,5,5,84.00,0.00,true
1973,BLUE_3,BLUE,SPIDER,-2,3,14,0,0.00,56.00,false
1973,BLUE_4,BLUE,GARGOYLE,-3,2,4,0,20.00,64.00,false
1973,BLUE_5,BLUE,GOBLIN,0,3,1,0,0.00,8.00,false
1974,GREEN_1,GREEN,SPIDER,3,-2,15,15,0.00,0.00,false
1974,GREEN_2,GREEN,ARCHER,2,-2,5,5,0.00,0.00,false
1974,BLUE_3,BLUE,SPIDER,-2,3,14,14,0.00,0.00,false
1974,BLUE_4,BLUE,GARGOYLE,-3,2,4,4,0.00,0.00,false
1974,BLUE_5,BLUE,GOBLIN,0,3,1,1,0.00,0.00,false
1975,GREEN_1,GREEN,ARCHER,1,-2,6,6,0.00,0.00,false
1975,GREEN_2,GREEN,ASSASSIN,0,-3,5,5,40.00,9.00,false
1975,GREEN_3,GREEN,GOBLIN,2,-3,1,1,0.00,0.00,false
1975,BLUE_4,BLUE,GARGOYLE,0,2,6,6,0.00,0.00,false
1975,BLUE_5,BLUE,MAGE,-2,2,4,0,5.00,32.00,false
1975,BLUE_6,BLUE,GOBLIN,-3,2,1,0,4.00,8.00,false
1976,GREEN_1,GREEN,ARCHER,1,-2,6,0,4.00,48.00,false
1976,GREEN_2,GREEN,ASSASSIN,0,-3,5,0,0.00,40.00,false
1976,GREEN_3,GREEN,GOBLIN,2,-3,1,0,0.00,8.00,false
1976,BLUE_4,BLUE,GARGOYLE,0,2,6,6,96.00,4.00,true
1976,BLUE_5,BLUE,MAGE,-2,2,4,4,0.00,0.00,true
1976,BLUE_6,BLUE,GOBLIN,-3,2,1,1,0.00,0.00,true
1977,GREEN_1,GREEN,MAGE,2,-3,8,8,144.00,10.00,true
1977,GREEN_2,GREEN,GARGOYLE,3,-3,2,2,0.00,0.00,true
1977,GREEN_3,GREEN,GOBLIN,0,-3,1,1,0.00,0.00,true
1977,BLUE_4,BLUE,SCORPION_RIDER,-3,3,6,0,0.00,108.00,false
1977,BLUE_5,BLUE,SPIDER,-1,3,9,0,10.00,36.00,false
1978,GREEN_1,GREEN,MAGE,2,-3,8,0,18.00,64.00,false
1978,GREEN_2,GREEN,GARGOYLE,3,-3,2,0,6.00,32.00,false
1978,GREEN_3,GREEN,GOBLIN,0,-3,1,0,0.00,8.00,false
1978,BLUE_4,BLUE,SCORPION_RIDER,-3,3,6,6,68.00,9.00,true
1978,BLUE_5,BLUE,SPIDER,-1,3,9,9,36.00,15.00,true
1979,GREEN_1,GREEN,GOBLIN,3,-2,10,10,0.00,0.00,false
1979,GREEN_2,GREEN,ARCHER,3,-3,7,7,0.00,0.00,false
1979,GREEN_3,GREEN,SPIDER,0,-2,1,1,8.00,0.00,false
1979,BLUE_4,BLUE,SCORPION_RIDER,-3,3,6,6,0.00,0.00,false
1979,BLUE_5,BLUE,SPIDER,0,2,8,8,0.00,0.00,false
1979,BLUE_6,BLUE,GOBLIN,-1,2,1,0,0.00,8.00,false
1980,GREEN_1,GREEN,GOBLIN,3,-2,10,0,32.00,80.00,false
1980,GREEN_2,GREEN,ARCHER,3,-3,7,0,8.00,56.00,false
1980,GREEN_3,GREEN,SPIDER,0,-2,1,0,0.00,4.00,false
1980,BLUE_4,BLUE,SCORPION_RIDER,-3,3,6,6,140.00,40.00,true
1980,BLUE_5,BLUE,SPIDER,0,2,8,8,0.00,0.00,true
1980,BLUE_6,BLUE,GOBLIN,-1,2,1,1,0.00,0.00,true
1981,GREEN_1,GREEN,ARCHER,1,-2,8,8,87.00,0.00,true
1981,GREEN_2,GREEN,MAGE,1,-3,3,3,97.00,0.00,true
1981,GREEN_3,GREEN,SPIDER,3,-3,2,2,0.00,0.00,true
1981,BLUE_4,BLUE,GOLEM,-2,2,4,0,0.00,104.00,false
1981,BLUE_5,BLUE,GOBLIN,-2,3,9,0,0.00,72.00,false
1981,BLUE_6,BLUE,ASSASSIN,-1,3,1,0,0.00,8.00,false
1982,GREEN_1,GREEN,ARCHER,1,-2,8,0,16.00,64.00,false
1982,GREEN_2,GREEN,MAGE,1,-3,3,0,6.00,24.00,false
1982,GREEN_3,GREEN,SPIDER,3,-3,2,0,2.00,8.00,false
1982,BLUE_4,BLUE,GOLEM,-2,2,4,4,28.00,2.00,true
1982,BLUE_5,BLUE,GOBLIN,-2,3,9,9,54.00,17.00,true
1982,BLUE_6,BLUE,ASSASSIN,-1,3,1,1,14.00,5.00,true
1983,GREEN_1,GREEN,ARCHER,-1,-2,5,5,94.00,0.00,true
1983,GREEN_2,GREEN,GOLEM,3,-2,4,4,78.00,39.00,true
1983,GREEN_3,GREEN,SPIDER,1,-2,1,1,0.00,0.00,true
1983,BLUE_4,BLUE,SCORPION_RIDER,-3,2,5,0,0.00,90.00,false
1983,BLUE_5,BLUE,GOLEM,0,2,3,0,39.00,78.00,false
1983,BLUE_6,BLUE,SPIDER,0,3,1,0,0.00,4.00,false
1984,GREEN_1,GREEN,ARCHER,-1,-2,5,0,6.00,40.00,false
1984,GREEN_2,GREEN,GOLEM,3,-2,4,4,71.00,69.00,false
1984,GREEN_3,GREEN,SPIDER,1,-2,1,0,0.00,4.00,false
1984,BLUE_4,BLUE,SCORPION_RIDER,-3,2,5,2,113.00,77.00,false
1984,BLUE_5,BLUE,GOLEM,0,2,3,3,0.00,0.00,false
1984,BLUE_6,BLUE,SPIDER,0,3,1,1,0.00,0.00,false
1985,GREEN_1,GREEN,ASSASSIN,2,-3,8,5,64.00,44.00,true
1985,GREEN_2,GREEN,SPIDER,1,-3,6,6,28.00,0.00,true
1985,BLUE_3,BLUE,ASSASSIN,-2,3,7,0,36.00,56.00,false
1985,BLUE_4,BLUE,SPIDER,-3,3,7,0,8.00,28.00,false
1985,BLUE_5,BLUE,GOBLIN,0,3,1,0,0.00,8.00,false
1986,GREEN_1,GREEN,ASSASSIN,2,-3,8,0,32.00,64.00,false
1986,GREEN_2,GREEN,SPIDER,1,-3,6,0,6.00,24.00,false
1986,BLUE_3,BLUE,ASSASSIN,-2,3,7,4,74.00,38.00,true
1986,BLUE_4,BLUE,SPIDER,-3,3,7,7,14.00,0.00,true
1986,BLUE_5,BLUE,GOBLIN,0,3,1,1,0.00,0.00,true
1987,GREEN_1,GREEN,ARCHER,1,-3,8,8,91.00,0.00,true
1987,GREEN_2,GREEN,SPIDER,0,-2,7,7,0.00,0.00,true
1987,GREEN_3,GREEN,SPIDER,2,-3,2,2,89.00,2.00,true
1987,BLUE_4,BLUE,GOLEM,-3,3,4,0,0.00,104.00,false
1987,BLUE_5,BLUE,SCORPION_RIDER,-1,2,4,0,0.00,72.00,false
1987,BLUE_6,BLUE,SPIDER,-2,2,1,0,2.00,4.00,false
1988,GREEN_1,GREEN,ARCHER,1,-3,8,0,14.00,64.00,false
1988,GREEN_2,GREEN,SPIDER,0,-2,7,0,12.00,28.00,false
1988,GREEN_3,GREEN,SPIDER,2,-3,2,0,2.00,8.00,false
1988,BLUE_4,BLUE,GOLEM,-3,3,4,4,0.00,0.00,true
1988,BLUE_5,BLUE,SCORPION_RIDER,-1,2,4,4,100.00,28.00,true
1988,BLUE_6,BLUE,SPIDER,-2,2,1,1,0.00,0.00,true
1989,GREEN_1,GREEN,GOBLIN,1,-2,11,5,68.00,66.00,false
1989,GREEN_2,GREEN,ASSASSIN,2,-3,5,5,24.00,14.00,false
1989,GREEN_3,GREEN,GOBLIN,-1,-2,2,2,0.00,0.00,false
1989,BLUE_4,BLUE,SCORPION_RIDER,0,3,6,6,44.00,24.00,false
1989,BLUE_5,BLUE,GOLEM,-2,3,2,0,28.00,52.00,false
1989,BLUE_6,BLUE,GOBLIN,-3,3,2,0,8.00,16.00,false
1990,GREEN_1,GREEN,GOBLIN,1,-2,11,0,77.00,88.00,false
1990,GREEN_2,GREEN,ASSASSIN,2,-3,5,0,18.00,40.00,false
1990,GREEN_3,GREEN,GOBLIN,-1,-2,2,0,4.00,16.00,false
1990,BLUE_4,BLUE,SCORPION_RIDER,0,3,6,4,122.00,60.00,true
1990,BLUE_5,BLUE,GOLEM,-2,3,2,2,22.00,39.00,true
1990,BLUE_6,BLUE,GOBLIN,-3,3,2,2,0.00,0.00,true
1991,GREEN_1,GREEN,ASSASSIN,1,-3,1,1,4.00,0.00,false
1991,GREEN_2,GREEN,GARGOYLE,2,-3,6,6,0.00,0.00,false
1991,GREEN_3,GREEN,MAGE,-1,-2,3,3,6.00,16.00,false
1991,GREEN_4,GREEN,GOBLIN,0,-3,1,1,0.00,0.00,false
1991,BLUE_5,BLUE,MAGE,-3,3,8,8,16.00,6.00,false
1991,BLUE_6,BLUE,SPIDER,-1,3,5,5,0.00,0.00,false
1991,BLUE_7,BLUE,SPIDER,-3,2,1,0,0.00,4.00,false
1992,GREEN_1,GREEN,ASSASSIN,1,-3,1,0,0.00,8.00,false
1992,GREEN_2,GREEN,GARGOYLE,2,-3,6,0,42.00,96.00,false
1992,GREEN_3,GREEN,MAGE,-1,-2,3,0,9.00,24.00,false
1992,GREEN_4,GREEN,GOBLIN,0,-3,1,0,0.00,8.00,false
1992,BLUE_5,BLUE,MAGE,-3,3,8,5,107.00,36.00,true
1992,BLUE_6,BLUE,SPIDER,-1,3,5,2,25.00,15.00,true
1992,BLUE_7,BLUE,SPIDER,-3,2,1,1,4.00,0.00,true
1993,GREEN_1,GREEN,MAGE,2,-3,7,3,78.00,43.00,true
1993,GREEN_2,GREEN,MAGE,0,-3,3,3,0.00,0.00,true
1993,GREEN_3,GREEN,GOBLIN,3,-3,1,0,6.00,8.00,true
1993,BLUE_4,BLUE,MAGE,1,2,7,0,49.00,56.00,false
1993,BLUE_5,BLUE,ASSASSIN,-2,3,3,0,0.00,24.00,false
1993,BLUE_6,BLUE,SPIDER,-1,3,1,0,2.00,4.00,false
1994,GREEN_1,GREEN,MAGE,2,-3,7,0,26.00,56.00,false
1994,GREEN_2,GREEN,MAGE,0,-3,3,0,5.00,24.00,false
1994,GREEN_3,GREEN,GOBLIN,3,-3,1,0,0.00,8.00,false
1994,BLUE_4,BLUE,MAGE,1,2,7,7,27.00,12.00,true
1994,BLUE_5,BLUE,ASSASSIN,-2,3,3,2,61.00,19.00,true
1994,BLUE_6,BLUE,SPIDER,-1,3,1,1,0.00,0.00,true
1995,GREEN_1,GREEN,ASSASSIN,3,-3,7,1,64.00,48.00,true
1995,GREEN_2,GREEN,GOLEM,0,-2,2,2,0.00,0.00,true
1995,GREEN_3,GREEN,ARCHER,0,-3,1,1,106.00,0.00,true
1995,BLUE_4,BLUE,SCORPION_RIDER,-1,3,6,0,0.00,108.00,false
1995,BLUE_5,BLUE,SCORPION_RIDER,1,2,3,0,44.00,54.00,false
1995,BLUE_6,BLUE,GOBLIN,-2,2,1,0,4.00,8.00,false
1996,GREEN_1,GREEN,ASSASSIN,3,-3,7,0,48.00,56.00,false
1996,GREEN_2,GREEN,GOLEM,0,-2,2,2,0.00,0.00,false
1996,GREEN_3,GREEN,ARCHER,0,-3,1,0,2.00,8.00,false
1996,BLUE_4,BLUE,SCORPION_RIDER,-1,3,6,6,0.00,0.00,false
1996,BLUE_5,BLUE,SCORPION_RIDER,1,2,3,1,56.00,48.00,false
1996,BLUE_6,BLUE,GOBLIN,-2,2,1,1,8.00,2.00,false
1997,GREEN_1,GREEN,ARCHER,2,-2,7,7,92.00,9.00,true
1997,GREEN_2,GREEN,SCORPION_RIDER,1,-3,4,2,68.00,43.00,true
1997,BLUE_3,BLUE,GOLEM,1,2,4,0,37.00,104.00,false
1997,BLUE_4,BLUE,GARGOYLE,0,3,2,0,6.00,32.00,false
1997,BLUE_5,BLUE,MAGE,-2,3,3,0,9.00,24.00,false
1998,GREEN_1,GREEN,ARCHER,2,-2,7,7,20.00,12.00,false
1998,GREEN_2,GREEN,SCORPION_RIDER,1,-3,4,0,0.00,72.00,false
1998,BLUE_3,BLUE,GOLEM,1,2,4,4,0.00,0.00,false
1998,BLUE_4,BLUE,GARGOYLE,0,3,2,1,21.00,20.00,false
1998,BLUE_5,BLUE,MAGE,-2,3,3,3,63.00,0.00,false
1999,GREEN_1,GREEN,ASSASSIN,3,-3,7,2,66.00,48.00,true
1999,GREEN_2,GREEN,ARCHER,0,-3,4,4,82.00,8.00,true
1999,BLUE_3,BLUE,GOBLIN,-1,2,12,0,38.00,96.00,false
1999,BLUE_4,BLUE,ARCHER,-1,3,5,0,18.00,40.00,false
1999,BLUE_5,BLUE,SPIDER,-2,2,1,0,0.00,4.00,false
1999,BLUE_6,BLUE,SPIDER,-2,3,2,0,0.00,8.00,false
2000,GREEN_1,GREEN,ASSASSIN,3,-3,7,0,0.00,56.00,false
2000,GREEN_2,GREEN,ARCHER,0,-3,4,0,16.00,32.00,false
2000,BLUE_3,BLUE,GOBLIN,-1,2,12,12,0.00,0.00,true
2000,BLUE_4,BLUE,ARCHER,-1,3,5,5,84.00,16.00,true
2000,BLUE_5,BLUE,SPIDER,-2,2,1,1,4.00,0.00,true
2000,BLUE_6,BLUE,SPIDER,-2,3,2,2,0.00,0.00,true
2001,GREEN_1,GREEN,GOBLIN,3,-3,12,12,32.00,12.00,true
2001,GREEN_2,GREEN,GARGOYLE,1,-2,5,5,56.00,0.00,true
2001,GREEN_3,GREEN,GOBLIN,3,-2,1,1,0.00,0.00,true
2001,BLUE_4,BLUE,ASSASSIN,-3,3,7,0,0.00,56.00,false
2001,BLUE_5,BLUE,SPIDER,-1,3,8,0,12.00,32.00,false
2002,GREEN_1,GREEN,GOBLIN,3,-3,12,0,14.00,96.00,false
2002,GREEN_2,GREEN,GARGOYLE,1,-2,5,0,52.00,80.00,false
2002,GREEN_3,GREEN,GOBLIN,3,-2,1,0,4.00,8.00,false
2002,BLUE_4,BLUE,ASSASSIN,-3,3,7,1,88.00,55.00,true
2002,BLUE_5,BLUE,SPIDER,-1,3,8,8,96.00,15.00,true
2003,GREEN_1,GREEN,SPIDER,0,-3,13,12,96.00,10.00,true
2003,GREEN_2,GREEN,ARCHER,3,-3,6,6,52.00,8.00,true
2003,BLUE_3,BLUE,GOLEM,-1,3,4,0,0.00,104.00,false
2003,BLUE_4,BLUE,ARCHER,0,3,5,0,18.00,40.00,false
2003,BLUE_5,BLUE,SPIDER,-3,2,1,0,0.00,4.00,false
2004,GREEN_1,GREEN,SPIDER,0,-3,13,13,0.00,0.00,false
2004,GREEN_2,GREEN,ARCHER,3,-3,6,6,0.00,0.00,false
2004,BLUE_3,BLUE,GOLEM,-1,3,4,4,0.00,0.00,false
2004,BLUE_4,BLUE,ARCHER,0,3,5,5,0.00,0.00,false
2004,BLUE_5,BLUE,SPIDER,-3,2,1,1,0.00,0.00,false
2005,GREEN_1,GREEN,ARCHER,3,-2,7,7,56.00,0.00,true
2005,GREEN_2,GREEN,ASSASSIN,2,-3,4,3,32.00,28.00,true
2005,GREEN_3,GREEN,SPIDER,0,-3,1,1,0.00,0.00,true
2005,BLUE_4,BLUE,ASSASSIN,-3,2,8,0,26.00,64.00,false
2005,BLUE_5,BLUE,MAGE,0,2,2,0,2.00,16.00,false
2005,BLUE_6,BLUE,GOBLIN,-3,3,1,0,0.00,8.00,false
2006,GREEN_1,GREEN,ARCHER,3,-2,7,0,30.00,56.00,false
2006,GREEN_2,GREEN,ASSASSIN,2,-3,4,0,12.00,32.00,false
2006,GREEN_3,GREEN,SPIDER,0,-3,1,0,0.00,4.00,false
2006,BLUE_4,BLUE,ASSASSIN,-3,2,8,7,78.00,30.00,true
2006,BLUE_5,BLUE,MAGE,0,2,2,2,14.00,12.00,true
2006,BLUE_6,BLUE,GOBLIN,-3,3,1,1,0.00,0.00,true
2007,GREEN_1,GREEN,GOBLIN,2,-2,10,10,74.00,49.00,false
2007,GREEN_2,GREEN,GOBLIN,1,-3,11,11,0.00,0.00,false
2007,GREEN_3,GREEN,GARGOYLE,2,-3,1,1,0.00,0.00,false
2007,GREEN_4,GREEN,SPIDER,3,-3,1,1,8.00,2.00,false
2007,BLUE_5,BLUE,GARGOYLE,-2,3,6,6,0.00,0.00,false
2007,BLUE_6,BLUE,GOLEM,0,2,3,0,49.00,78.00,false
2007,BLUE_7,BLUE,SPIDER,-1,3,1,0,2.00,4.00,false
2008,GREEN_1,GREEN,GOBLIN,2,-2,10,10,0.00,0.00,false
2008,GREEN_2,GREEN,GOBLIN,1,-3,11,11,0.00,0.00,false
2008,GREEN_3,GREEN,GARGOYLE,2,-3,1,1,0.00,0.00,false
2008,GREEN_4,GREEN,SPIDER,3,-3,1,1,0.00,0.00,false
2008,BLUE_5,BLUE,GARGOYLE,-2,3,6,6,0.00,0.00,false
2008,BLUE_6,BLUE,GOLEM,0,2,3,3,0.00,0.00,false
2008,BLUE_7,BLUE,SPIDER,-1,3,1,1,0.00,0.00,false
2009,GREEN_1,GREEN,ARCHER,2,-2,8,8,0.00,0.00,true
2009,GREEN_2,GREEN,SCORPION_RIDER,3,-3,3,3,88.00,13.00,true
2009,GREEN_3,GREEN,GOBLIN,0,-2,1,1,0.00,0.00,true
2009,BLUE_4,BLUE,MAGE,-2,3,8,0,9.00,64.00,false
2009,BLUE_5,BLUE,ARCHER,-3,2,3,0,4.00,24.00,false
2010,GREEN_1,GREEN,ARCHER,2,-2,8,8,0.00,0.00,false
2010,GREEN_2,GREEN,SCORPION_RIDER,3,-3,3,3,0.00,0.00,false
2010,GREEN_3,GREEN,GOBLIN,0,-2,1,0,0.00,8.00,false
2010,BLUE_4,BLUE,MAGE,-2,3,8,8,8.00,0.00,false
2010,BLUE_5,BLUE,ARCHER,-3,2,3,3,0.00,0.00,false
2011,GREEN_1,GREEN,SCORPION_RIDER,2,-3,6,2,152.00,83.00,true
2011,GREEN_2,GREEN,SPIDER,2,-2,9,9,0.00,0.00,true
2011,BLUE_3,BLUE,GOLEM,-1,3,4,0,67.00,104.00,false
2011,BLUE_4,BLUE,SPIDER,-2,3,10,0,16.00,40.00,false
2011,BLUE_5,BLUE,GOBLIN,-3,3,1,0,0.00,8.00,false
2012,GREEN_1,GREEN,SCORPION_RIDER,2,-3,6,5,70.00,53.00,false
2012,GREEN_2,GREEN,SPIDER,2,-2,9,0,10.00,36.00,false
2012,BLUE_3,BLUE,GOLEM,-1,3,4,2,85.00,72.00,false
2012,BLUE_4,BLUE,SPIDER,-2,3,10,10,0.00,0.00,false
2012,BLUE_5,BLUE,GOBLIN,-3,3,1,0,4.00,8.00,false
2013,GREEN_1,GREEN,ARCHER,3,-2,8,8,100.00,20.00,true
2013,GREEN_2,GREEN,GARGOYLE,0,-3,3,3,0.00,0.00,true
2013,GREEN_3,GREEN,SPIDER,2,-3,1,1,0.00,0.00,true
2013,GREEN_4,GREEN,SPIDER,3,-3,1,1,0.00,0.00,true
2013,BLUE_5,BLUE,SPIDER,1,2,3,0,0.00,12.00,false
2013,BLUE_6,BLUE,SPIDER,-2,3,16,0,8.00,64.00,false
2013,BLUE_7,BLUE,ARCHER,0,3,3,0,12.00,24.00,false
2014,GREEN_1,GREEN,ARCHER,3,-2,8,0,34.00,64.00,false
2014,GREEN_2,GREEN,GARGOYLE,0,-3,3,0,22.00,48.00,false
2014,GREEN_3,GREEN,SPIDER,2,-3,1,0,0.00,4.00,false
2014,GREEN_4,GREEN,SPIDER,3,-3,1,0,2.00,4.00,false
2014,BLUE_5,BLUE,SPIDER,1,2,3,0,6.00,12.00,true
2014,BLUE_6,BLUE,SPIDER,-2,3,16,12,54.00,28.00,true
2014,BLUE_7,BLUE,ARCHER,0,3,3,2,60.00,18.00,true
2015,GREEN_1,GREEN,GARGOYLE,3,-2,5,5,72.00,0.00,true
2015,GREEN_2,GREEN,ARCHER,1,-3,5,5,42.00,16.00,true
2015,GREEN_3,GREEN,ASSASSIN,0,-2,1,1,18.00,5.00,true
2015,GREEN_4,GREEN,SPIDER,3,-3,1,1,2.00,2.00,true
2015,BLUE_5,BLUE,SCORPION_RIDER,-3,2,5,0,0.00,90.00,false
2015,BLUE_6,BLUE,ARCHER,-1,3,4,0,22.00,32.00,false
2015,BLUE_7,BLUE,MAGE,-3,3,1,0,1.00,8.00,false
2015,BLUE_8,BLUE,SPIDER,1,2,1,0,0.00,4.00,false
2016,GREEN_1,GREEN,GARGOYLE,3,-2,5,0,33.00,80.00,false
2016,GREEN_2,GREEN,ARCHER,1,-3,5,0,6.00,40.00,false
2016,GREEN_3,GREEN,ASSASSIN,0,-2,1,0,0.00,8.00,false
2016,GREEN_4,GREEN,SPIDER,3,-3,1,0,0.00,4.00,false
2016,BLUE_5,BLUE,SCORPION_RIDER,-3,2,5,5,103.00,39.00,true
2016,BLUE_6,BLUE,ARCHER,-1,3,4,4,21.00,0.00,true
2016,BLUE_7,BLUE,MAGE,-3,3,1,1,6.00,0.00,true
2016,BLUE_8,BLUE,SPIDER,1,2,1,1,2.00,0.00,true
2017,GREEN_1,GREEN,GARGOYLE,-1,-2,5,5,0.00,0.00,false
2017,GREEN_2,GREEN,SCORPION_RIDER,3,-3,5,5,0.00,0.00,false
2017,BLUE_3,BLUE,GARGOYLE,0,3,6,6,0.00,0.00,false
2017,BLUE_4,BLUE,GOBLIN,0,2,10,10,0.00,0.00,false
2017,BLUE_5,BLUE,SPIDER,-2,3,1,1,0.00,0.00,false
2018,GREEN_1,GREEN,GARGOYLE,-1,-2,5,5,0.00,0.00,false
2018,GREEN_2,GREEN,SCORPION_RIDER,3,-3,5,5,0.00,0.00,false
2018,BLUE_3,BLUE,GARGOYLE,0,3,6,6,0.00,0.00,false
2018,BLUE_4,BLUE,GOBLIN,0,2,10,10,0.00,0.00,false
2018,BLUE_5,BLUE,SPIDER,-2,3,1,1,0.00,0.00,false
2019,GREEN_1,GREEN,SPIDER,1,-2,2,2,0.00,0.00,false
2019,GREEN_2,GREEN,ASSASSIN,0,-2,7,6,56.00,22.00,false
2019,GREEN_3,GREEN,ASSASSIN,2,-3,2,2,8.00,6.00,false
2019,GREEN_4,GREEN,GOBLIN,-1,-2,2,2,0.00,0.00,false
2019,BLUE_5,BLUE,ARCHER,0,3,7,0,24.00,56.00,false
2019,BLUE_6,BLUE,GOLEM,0,2,3,3,0.00,0.00,false
2019,BLUE_7,BLUE,GOBLIN,-3,3,1,0,4.00,8.00,false
2020,GREEN_1,GREEN,SPIDER,1,-2,2,2,0.00,0.00,false
2020,GREEN_2,GREEN,ASSASSIN,0,-2,7,7,0.00,0.00,false
2020,GREEN_3,GREEN,ASSASSIN,2,-3,2,2,0.00,0.00,false
2020,GREEN_4,GREEN,GOBLIN,-1,-2,2,2,0.00,0.00,false
2020,BLUE_5,BLUE,ARCHER,0,3,7,7,0.00,0.00,false
2020,BLUE_6,BLUE,GOLEM,0,2,3,3,0.00,0.00,false
2020,BLUE_7,BLUE,GOBLIN,-3,3,1,1,0.00,0.00,false
2021,GREEN_1,GREEN,ARCHER,1,-2,5,5,58.00,8.00,true
2021,GREEN_2,GREEN,ASSASSIN,3,-2,5,3,62.00,26.00,true
2021,GREEN_3,GREEN,ASSASSIN,0,-2,1,1,6.00,0.00,true
2021,GREEN_4,GREEN,GOBLIN,3,-3,1,1,2.00,0.00,true
2021,BLUE_5,BLUE,ARCHER,-3,3,8,0,32.00,64.00,false
2021,BLUE_6,BLUE,GARGOYLE,-1,3,2,0,2.00,32.00,false
2021,BLUE_7,BLUE,GOBLIN,-2,3,4,0,0.00,32.00,false
2022,GREEN_1,GREEN,ARCHER,1,-2,5,0,18.00,40.00,false
2022,GREEN_2,GREEN,ASSASSIN,3,-2,5,0,4.00,40.00,false
2022,GREEN_3,GREEN,ASSASSIN,0,-2,1,0,0.00,8.00,false
2022,GREEN_4,GREEN,GOBLIN,3,-3,1,0,0.00,8.00,false
2022,BLUE_5,BLUE,ARCHER,-3,3,8,8,72.00,8.00,true
2022,BLUE_6,BLUE,GARGOYLE,-1,3,2,2,0.00,0.00,true
2022,BLUE_7,BLUE,GOBLIN,-2,3,4,3,24.00,14.00,true
2023,GREEN_1,GREEN,GARGOYLE,0,-2,5,5,114.00,27.00,true
2023,GREEN_2,GREEN,GOBLIN,0,-3,12,12,8.00,2.00,true
2023,GREEN_3,GREEN,SPIDER,2,-3,1,1,2.00,2.00,true
2023,BLUE_4,BLUE,ARCHER,-2,2,8,0,22.00,64.00,false
2023,BLUE_5,BLUE,GOLEM,-1,3,2,0,9.00,52.00,false
2023,BLUE_6,BLUE,ARCHER,-3,2,1,0,0.00,8.00,false
2024,GREEN_1,GREEN,GARGOYLE,0,-2,5,0,42.00,80.00,false
2024,GREEN_2,GREEN,GOBLIN,0,-3,12,0,0.00,96.00,false
2024,GREEN_3,GREEN,SPIDER,2,-3,1,0,0.00,4.00,false
2024,BLUE_4,BLUE,ARCHER,-2,2,8,8,135.00,15.00,true
2024,BLUE_5,BLUE,GOLEM,-1,3,2,2,32.00,27.00,true
2024,BLUE_6,BLUE,ARCHER,-3,2,1,1,13.00,0.00,true
2025,GREEN_1,GREEN,GOLEM,1,-3,4,4,0.00,0.00,false
2025,GREEN_2,GREEN,MAGE,3,-3,5,3,93.00,28.00,false
2025,BLUE_3,BLUE,GOBLIN,-1,3,10,0,0.00,80.00,false
2025,BLUE_4,BLUE,ARCHER,-3,3,7,7,28.00,9.00,false
2025,BLUE_5,BLUE,SPIDER,-1,2,1,0,0.00,4.00,false
2026,GREEN_1,GREEN,GOLEM,1,-3,4,4,28.00,23.00,false
2026,GREEN_2,GREEN,MAGE,3,-3,5,0,4.00,40.00,false
2026,BLUE_3,BLUE,GOBLIN,-1,3,10,7,63.00,32.00,false
2026,BLUE_4,BLUE,ARCHER,-3,3,7,7,0.00,0.00,false
2026,BLUE_5,BLUE,SPIDER,-1,2,1,1,0.00,0.00,false
2027,GREEN_1,GREEN,SPIDER,0,-3,16,16,0.00,0.00,false
2027,GREEN_2,GREEN,ASSASSIN,3,-3,3,1,44.00,22.00,false
2027,GREEN_3,GREEN,SPIDER,0,-2,2,2,0.00,0.00,false
2027,BLUE_4,BLUE,ARCHER,-2,3,7,7,0.00,0.00,false
2027,BLUE_5,BLUE,ARCHER,0,3,4,0,18.00,32.00,false
2027,BLUE_6,BLUE,SPIDER,-1,3,3,0,4.00,12.00,false
2028,GREEN_1,GREEN,SPIDER,0,-3,16,0,4.00,64.00,false
2028,GREEN_2,GREEN,ASSASSIN,3,-3,3,0,0.00,24.00,false
2028,GREEN_3,GREEN,SPIDER,0,-2,2,0,0.00,8.00,false
2028,BLUE_4,BLUE,ARCHER,-2,3,7,7,0.00,0.00,true
2028,BLUE_5,BLUE,ARCHER,0,3,4,4,96.00,4.00,true
2028,BLUE_6,BLUE,SPIDER,-1,3,3,3,0.00,0.00,true
2029,GREEN_1,GREEN,SPIDER,2,-3,14,13,52.00,11.00,true
2029,GREEN_2,GREEN,MAGE,3,-2,4,4,24.00,0.00,true
2029,GREEN_3,GREEN,GOBLIN,1,-2,1,1,8.00,7.00,true
2029,BLUE_4,BLUE,MAGE,-2,3,7,0,18.00,56.00,false
2029,BLUE_5,BLUE,ASSASSIN,-3,3,3,0,0.00,24.00,false
2029,BLUE_6,BLUE,SPIDER,-1,2,1,0,0.00,4.00,false
2030,GREEN_1,GREEN,SPIDER,2,-3,14,0,18.00,56.00,false
2030,GREEN_2,GREEN,MAGE,3,-2,4,0,18.00,32.00,false
2030,GREEN_3,GREEN,GOBLIN,1,-2,1,0,4.00,8.00,false
2030,BLUE_4,BLUE,MAGE,-2,3,7,7,77.00,18.00,true
2030,BLUE_5,BLUE,ASSASSIN,-3,3,3,1,18.00,22.00,true
2030,BLUE_6,BLUE,SPIDER,-1,2,1,1,1.00,0.00,true
2031,GREEN_1,GREEN,ARCHER,0,-3,8,8,100.00,3.00,true
2031,GREEN_2,GREEN,ASSASSIN,3,-3,3,0,28.00,24.00,true
2031,GREEN_3,GREEN,SPIDER,2,-3,2,2,0.00,0.00,true
2031,BLUE_4,BLUE,GARGOYLE,-2,3,5,0,27.00,80.00,false
2031,BLUE_5,BLUE,ASSASSIN,1,2,4,0,0.00,32.00,false
2031,BLUE_6,BLUE,ASSASSIN,-2,2,1,0,0.00,8.00,false
2031,BLUE_7,BLUE,GOBLIN,0,3,1,0,0.00,8.00,false
2032,GREEN_1,GREEN,ARCHER,0,-3,8,0,24.00,64.00,false
2032,GREEN_2,GREEN,ASSASSIN,3,-3,3,0,20.00,24.00,false
2032,GREEN_3,GREEN,SPIDER,2,-3,2,0,2.00,8.00,false
2032,BLUE_4,BLUE,GARGOYLE,-2,3,5,5,45.00,12.00,true
2032,BLUE_5,BLUE,ASSASSIN,1,2,4,3,45.00,26.00,true
2032,BLUE_6,BLUE,ASSASSIN,-2,2,1,0,6.00,8.00,true
2032,BLUE_7,BLUE,GOBLIN,0,3,1,1,0.00,0.00,true
2033,GREEN_1,GREEN,GARGOYLE,3,-2,6,6,81.00,18.00,true
2033,GREEN_2,GREEN,SCORPION_RIDER,0,-2,4,3,63.00,50.00,true
2033,BLUE_3,BLUE,GOBLIN,0,3,10,0,38.00,80.00,false
2033,BLUE_4,BLUE,SPIDER,-1,3,12,0,30.00,48.00,false
2033,BLUE_5,BLUE,GARGOYLE,-1,2,1,0,0.00,16.00,false
2034,GREEN_1,GREEN,GARGOYLE,3,-2,6,0,71.00,96.00,false
2034,GREEN_2,GREEN,SCORPION_RIDER,0,-2,4,0,0.00,72.00,false
2034,BLUE_3,BLUE,GOBLIN,0,3,10,8,50.00,46.00,true
2034,BLUE_4,BLUE,SPIDER,-1,3,12,11,46.00,25.00,true
2034,BLUE_5,BLUE,GARGOYLE,-1,2,1,1,72.00,0.00,true
2035,GREEN_1,GREEN,SCORPION_RIDER,3,-3,5,3,152.00,73.00,true
2035,GREEN_2,GREEN,SPIDER,0,-3,10,10,0.00,0.00,true
2035,GREEN_3,GREEN,SPIDER,0,-2,1,1,0.00,0.00,true
2035,BLUE_4,BLUE,GOLEM,-3,3,4,0,68.00,104.00,false
2035,BLUE_5,BLUE,MAGE,-2,3,4,0,2.00,32.00,false
2035,BLUE_6,BLUE,GARGOYLE,-3,2,1,0,3.00,16.00,false
2036,GREEN_1,GREEN,SCORPION_RIDER,3,-3,5,0,0.00,90.00,false
2036,GREEN_2,GREEN,SPIDER,0,-3,10,0,14.00,40.00,false
2036,GREEN_3,GREEN,SPIDER,0,-2,1,0,0.00,4.00,false
2036,BLUE_4,BLUE,GOLEM,-3,3,4,4,26.00,6.00,true
2036,BLUE_5,BLUE,MAGE,-2,3,4,4,81.00,0.00,true
2036,BLUE_6,BLUE,GARGOYLE,-3,2,1,1,27.00,8.00,true
2037,GREEN_1,GREEN,ASSASSIN,1,-3,7,0,60.00,56.00,true
2037,GREEN_2,GREEN,GOBLIN,3,-3,7,0,54.00,58.00,true
2037,GREEN_3,GREEN,SPIDER,0,-2,1,1,62.00,0.00,true
2037,BLUE_4,BLUE,GARGOYLE,-1,2,5,0,75.00,80.00,false
2037,BLUE_5,BLUE,GOBLIN,-2,2,11,0,38.00,88.00,false
2037,BLUE_6,BLUE,MAGE,-2,3,1,0,1.00,8.00,false
2038,GREEN_1,GREEN,ASSASSIN,1,-3,7,0,38.00,56.00,false
2038,GREEN_2,GREEN,GOBLIN,3,-3,7,0,22.00,56.00,false
2038,GREEN_3,GREEN,SPIDER,0,-2,1,0,2.00,4.00,false
2038,BLUE_4,BLUE,GARGOYLE,-1,2,5,5,25.00,0.00,true
2038,BLUE_5,BLUE,GOBLIN,-2,2,11,6,82.00,60.00,true
2038,BLUE_6,BLUE,MAGE,-2,3,1,1,9.00,2.00,true
2039,GREEN_1,GREEN,MAGE,2,-3,8,8,114.00,0.00,true
2039,GREEN_2,GREEN,ASSASSIN,1,-3,2,1,16.00,8.00,true
2039,GREEN_3,GREEN,GOBLIN,0,-3,1,1,0.00,0.00,true
2039,BLUE_4,BLUE,SCORPION_RIDER,0,2,5,0,0.00,90.00,false
2039,BLUE_5,BLUE,ASSASSIN,0,3,4,0,6.00,32.00,false
2039,BLUE_6,BLUE,SPIDER,-1,2,2,0,2.00,8.00,false
2040,GREEN_1,GREEN,MAGE,2,-3,8,0,13.00,64.00,false
2040,GREEN_2,GREEN,ASSASSIN,1,-3,2,0,6.00,16.00,false
2040,GREEN_3,GREEN,GOBLIN,0,-3,1,0,0.00,8.00,false
2040,BLUE_4,BLUE,SCORPION_RIDER,0,2,5,5,58.00,10.00,true
2040,BLUE_5,BLUE,ASSASSIN,0,3,4,4,30.00,9.00,true
2040,BLUE_6,BLUE,SPIDER,-1,2,2,2,0.00,0.00,true
2041,GREEN_1,GREEN,ASSASSIN,1,-3,7,1,68.00,54.00,true
2041,GREEN_2,GREEN,MAGE,3,-3,3,3,20.00,10.00,true
2041,GREEN_3,GREEN,SPIDER,0,-3,1,1,0.00,0.00,true
2041,BLUE_4,BLUE,ASSASSIN,0,2,8,0,48.00,64.00,false
2041,BLUE_5,BLUE,ARCHER,0,3,3,0,16.00,24.00,false
2042,GREEN_1,GREEN,ASSASSIN,1,-3,7,0,39.00,56.00,false
2042,GREEN_2,GREEN,MAGE,3,-3,3,0,3.00,24.00,false
2042,GREEN_3,GREEN,SPIDER,0,-3,1,0,0.00,4.00,false
2042,BLUE_4,BLUE,ASSASSIN,0,2,8,3,74.00,42.00,true
2042,BLUE_5,BLUE,ARCHER,0,3,3,3,10.00,0.00,true
2043,GREEN_1,GREEN,MAGE,0,-3,7,7,110.00,3.00,true
2043,GREEN_2,GREEN,ASSASSIN,3,-3,3,0,40.00,38.00,true
2043,GREEN_3,GREEN,SPIDER,3,-2,1,1,24.00,0.00,true
2043,BLUE_4,BLUE,GOBLIN,0,3,10,0,16.00,80.00,false
2043,BLUE_5,BLUE,ARCHER,-2,3,1,0,2.00,8.00,false
2043,BLUE_6,BLUE,GOLEM,-3,3,3,0,20.00,78.00,false
2043,BLUE_7,BLUE,MAGE,-1,3,1,0,3.00,8.00,false
2044,GREEN_1,GREEN,MAGE,0,-3,7,0,12.00,56.00,false
2044,GREEN_2,GREEN,ASSASSIN,3,-3,3,0,12.00,24.00,false
2044,GREEN_3,GREEN,SPIDER,3,-2,1,0,2.00,4.00,false
2044,BLUE_4,BLUE,GOBLIN,0,3,10,8,76.00,20.00,true
2044,BLUE_5,BLUE,ARCHER,-2,3,1,1,2.00,4.00,true
2044,BLUE_6,BLUE,GOLEM,-3,3,3,3,0.00,0.00,true
2044,BLUE_7,BLUE,MAGE,-1,3,1,1,6.00,2.00,true
2045,GREEN_1,GREEN,GOBLIN,3,-3,12,12,0.00,0.00,false
2045,GREEN_2,GREEN,GOLEM,-1,-2,3,3,36.00,6.00,false
2045,GREEN_3,GREEN,GOBLIN,2,-3,3,3,0.00,0.00,false
2045,BLUE_4,BLUE,SCORPION_RIDER,-2,3,6,6,0.00,0.00,false
2045,BLUE_5,BLUE,ARCHER,0,3,4,0,6.00,32.00,false
2045,BLUE_6,BLUE,SPIDER,-2,2,1,0,0.00,4.00,false
2046,GREEN_1,GREEN,GOBLIN,3,-3,12,12,0.00,0.00,false
2046,GREEN_2,GREEN,GOLEM,-1,-2,3,3,0.00,0.00,false
2046,GREEN_3,GREEN,GOBLIN,2,-3,3,3,0.00,0.00,false
2046,BLUE_4,BLUE,SCORPION_RIDER,-2,3,6,6,0.00,0.00,false
2046,BLUE_5,BLUE,ARCHER,0,3,4,4,0.00,0.00,false
2046,BLUE_6,BLUE,SPIDER,-2,2,1,1,0.00,0.00,false
2047,GREEN_1,GREEN,ARCHER,0,-3,8,8,0.00,0.00,true
2047,GREEN_2,GREEN,MAGE,2,-3,3,3,152.00,3.00,true
2047,GREEN_3,GREEN,ARCHER,0,-2,1,1,0.00,0.00,true
2047,BLUE_4,BLUE,ASSASSIN,-1,3,4,0,0.00,32.00,false
2047,BLUE_5,BLUE,GOLEM,0,3,4,0,0.00,104.00,false
2047,BLUE_6,BLUE,GARGOYLE,-2,3,1,0,3.00,16.00,false
2048,GREEN_1,GREEN,ARCHER,0,-3,8,0,36.00,64.00,false
2048,GREEN_2,GREEN,MAGE,2,-3,3,0,2.00,24.00,false
2048,GREEN_3,GREEN,ARCHER,0,-2,1,0,2.00,8.00,false
2048,BLUE_4,BLUE,ASSASSIN,-1,3,4,4,30.00,11.00,true
2048,BLUE_5,BLUE,GOLEM,0,3,4,4,63.00,15.00,true
2048,BLUE_6,BLUE,GARGOYLE,-2,3,1,1,3.00,14.00,true
2049,GREEN_1,GREEN,SPIDER,1,-3,13,13,0.00,0.00,true
2049,GREEN_2,GREEN,ASSASSIN,0,-3,5,3,84.00,28.00,true
2049,BLUE_3,BLUE,MAGE,-3,3,7,0,16.00,56.00,false
2049,BLUE_4,BLUE,ASSASSIN,-2,2,3,0,12.00,24.00,false
2049,BLUE_5,BLUE,SPIDER,-3,2,1,0,0.00,4.00,false
2050,GREEN_1,GREEN,SPIDER,1,-3,13,0,22.00,52.00,false
2050,GREEN_2,GREEN,ASSASSIN,0,-3,5,0,0.00,40.00,false
2050,BLUE_3,BLUE,MAGE,-3,3,7,7,76.00,0.00,true
2050,BLUE_4,BLUE,ASSASSIN,-2,2,3,1,16.00,22.00,true
2050,BLUE_5,BLUE,SPIDER,-3,2,1,1,0.00,0.00,true
2051,GREEN_1,GREEN,SPIDER,0,-3,14,14,0.00,0.00,false
2051,GREEN_2,GREEN,SPIDER,3,-2,9,9,0.00,0.00,false
2051,GREEN_3,GREEN,SPIDER,1,-3,2,2,0.00,0.00,false
2051,BLUE_4,BLUE,SCORPION_RIDER,-2,2,6,6,0.00,0.00,false
2051,BLUE_5,BLUE,MAGE,-3,3,3,3,0.00,0.00,false
2051,BLUE_6,BLUE,SPIDER,-2,3,2,2,0.00,0.00,false
2052,GREEN_1,GREEN,SPIDER,0,-3,14,0,0.00,56.00,false
2052,GREEN_2,GREEN,SPIDER,3,-2,9,0,14.00,36.00,false
2052,GREEN_3,GREEN,SPIDER,1,-3,2,0,0.00,8.00,false
2052,BLUE_4,BLUE,SCORPION_RIDER,-2,2,6,6,36.00,14.00,true
2052,BLUE_5,BLUE,MAGE,-3,3,3,3,64.00,0.00,true
2052,BLUE_6,BLUE,SPIDER,-2,3,2,2,0.00,0.00,true
2053,GREEN_1,GREEN,SPIDER,0,-3,14,14,103.00,9.00,true
2053,GREEN_2,GREEN,GOLEM,2,-3,3,3,33.00,29.00,true
2053,GREEN_3,GREEN,SPIDER,3,-2,1,1,0.00,0.00,true
2053,BLUE_4,BLUE,GOBLIN,-2,3,10,0,28.00,80.00,false
2053,BLUE_5,BLUE,MAGE,-3,2,5,0,7.00,40.00,false
2053,BLUE_6,BLUE,ARCHER,0,3,1,0,2.00,8.00,false
2053,BLUE_7,BLUE,GOBLIN,-1,3,1,0,1.00,8.00,false
2054,GREEN_1,GREEN,SPIDER,0,-3,14,14,0.00,0.00,false
2054,GREEN_2,GREEN,GOLEM,2,-3,3,3,0.00,0.00,false
2054,GREEN_3,GREEN,SPIDER,3,-2,1,0,0.00,4.00,false
2054,BLUE_4,BLUE,GOBLIN,-2,3,10,10,0.00,0.00,false
2054,BLUE_5,BLUE,MAGE,-3,2,5,5,0.00,0.00,false
2054,BLUE_6,BLUE,ARCHER,0,3,1,1,0.00,0.00,false
2054,BLUE_7,BLUE,GOBLIN,-1,3,1,1,4.00,0.00,false
2055,GREEN_1,GREEN,SCORPION_RIDER,1,-2,6,5,148.00,70.00,true
2055,GREEN_2,GREEN,GOBLIN,3,-3,7,4,36.00,39.00,true
2055,GREEN_3,GREEN,GOBLIN,1,-3,2,2,0.00,0.00,true
2055,BLUE_4,BLUE,GARGOYLE,0,3,6,0,77.00,96.00,false
2055,BLUE_5,BLUE,GOBLIN,-1,3,11,0,32.00,88.00,false
2056,GREEN_1,GREEN,SCORPION_RIDER,1,-2,6,0,0.00,108.00,false
2056,GREEN_2,GREEN,GOBLIN,3,-3,7,0,24.00,56.00,false
2056,GREEN_3,GREEN,GOBLIN,1,-3,2,0,0.00,16.00,false
2056,BLUE_4,BLUE,GARGOYLE,0,3,6,6,147.00,0.00,true
2056,BLUE_5,BLUE,GOBLIN,-1,3,11,10,33.00,24.00,true
2057,GREEN_1,GREEN,MAGE,0,-3,7,7,143.00,0.00,true
2057,GREEN_2,GREEN,ASSASSIN,1,-3,3,1,25.00,22.00,true
2057,GREEN_3,GREEN,GOBLIN,2,-2,1,1,10.00,6.00,true
2057,BLUE_4,BLUE,GOLEM,-2,3,3,0,5.00,78.00,false
2057,BLUE_5,BLUE,GARGOYLE,0,3,6,0,23.00,96.00,false
2057,BLUE_6,BLUE,SPIDER,-1,3,1,0,0.00,4.00,false
2058,GREEN_1,GREEN,MAGE,0,-3,7,0,10.00,56.00,false
2058,GREEN_2,GREEN,ASSASSIN,1,-3,3,0,0.00,24.00,false
2058,GREEN_3,GREEN,GOBLIN,2,-2,1,0,0.00,8.00,false
2058,BLUE_4,BLUE,GOLEM,-2,3,3,3,54.00,10.00,true
2058,BLUE_5,BLUE,GARGOYLE,0,3,6,6,34.00,0.00,true
2058,BLUE_6,BLUE,SPIDER,-1,3,1,1,0.00,0.00,true
2059,GREEN_1,GREEN,ARCHER,0,-2,2,2,40.00,8.00,true
2059,GREEN_2,GREEN,GARGOYLE,2,-2,5,5,56.00,0.00,true
2059,GREEN_3,GREEN,GARGOYLE,2,-3,4,4,0.00,0.00,true
2059,BLUE_4,BLUE,ASSASSIN,-1,3,7,0,0.00,56.00,false
2059,BLUE_5,BLUE,GARGOYLE,-3,3,1,0,0.00,16.00,false
2059,BLUE_6,BLUE,ARCHER,-1,2,3,0,8.00,24.00,false
2060,GREEN_1,GREEN,ARCHER,0,-2,2,0,2.00,16.00,false
2060,GREEN_2,GREEN,GARGOYLE,2,-2,5,0,49.00,80.00,false
2060,GREEN_3,GREEN,GARGOYLE,2,-3,4,0,21.00,64.00,false
2060,BLUE_4,BLUE,ASSASSIN,-1,3,7,1,103.00,54.00,true
2060,BLUE_5,BLUE,GARGOYLE,-3,3,1,1,6.00,12.00,true
2060,BLUE_6,BLUE,ARCHER,-1,2,3,3,51.00,6.00,true
2061,GREEN_1,GREEN,GOLEM,3,-2,4,4,80.00,51.00,true
2061,GREEN_2,GREEN,GARGOYLE,0,-3,4,4,0.00,0.00,true
2061,GREEN_3,GREEN,ASSASSIN,3,-3,1,1,12.00,2.00,true
2061,BLUE_4,BLUE,SPIDER,-1,2,14,0,26.00,56.00,false
2061,BLUE_5,BLUE,ASSASSIN,0,2,4,0,27.00,32.00,false
2061,BLUE_6,BLUE,SPIDER,-1,3,1,0,0.00,4.00,false
2062,GREEN_1,GREEN,GOLEM,3,-2,4,4,0.00,0.00,false
2062,GREEN_2,GREEN,GARGOYLE,0,-3,4,4,68.00,26.00,false
2062,GREEN_3,GREEN,ASSASSIN,3,-3,1,0,2.00,8.00,false
2062,BLUE_4,BLUE,SPIDER,-1,2,14,14,0.00,0.00,false
2062,BLUE_5,BLUE,ASSASSIN,0,2,4,1,34.00,70.00,false
2062,BLUE_6,BLUE,SPIDER,-1,3,1,1,0.00,0.00,false
2063,GREEN_1,GREEN,GOLEM,0,-3,4,4,0.00,0.00,false
2063,GREEN_2,GREEN,SPIDER,2,-3,11,9,44.00,17.00,false
2063,BLUE_3,BLUE,GARGOYLE,-1,3,6,6,15.00,8.00,false
2063,BLUE_4,BLUE,ASSASSIN,0,2,4,0,0.00,32.00,false
2063,BLUE_5,BLUE,SPIDER,0,3,1,0,2.00,4.00,false
2064,GREEN_1,GREEN,GOLEM,0,-3,4,4,0.00,0.00,false
2064,GREEN_2,GREEN,SPIDER,2,-3,11,0,32.00,44.00,false
2064,BLUE_3,BLUE,GARGOYLE,-1,3,6,6,0.00,0.00,false
2064,BLUE_4,BLUE,ASSASSIN,0,2,4,1,40.00,30.00,false
2064,BLUE_5,BLUE,SPIDER,0,3,1,1,4.00,2.00,false
2065,GREEN_1,GREEN,ARCHER,-1,-2,7,2,77.00,44.00,true
2065,GREEN_2,GREEN,GARGOYLE,0,-2,4,4,47.00,12.00,true
2065,GREEN_3,GREEN,GOBLIN,0,-3,1,1,0.00,0.00,true
2065,BLUE_4,BLUE,ARCHER,-3,2,7,0,44.00,56.00,false
2065,BLUE_5,BLUE,GARGOYLE,0,2,4,0,12.00,64.00,false
2065,BLUE_6,BLUE,SPIDER,-1,3,1,0,0.00,4.00,false
2066,GREEN_1,GREEN,ARCHER,-1,-2,7,0,22.00,56.00,false
2066,GREEN_2,GREEN,GARGOYLE,0,-2,4,0,29.00,64.00,false
2066,GREEN_3,GREEN,GOBLIN,0,-3,1,0,0.00,8.00,false
2066,BLUE_4,BLUE,ARCHER,-3,2,7,7,0.00,0.00,true
2066,BLUE_5,BLUE,GARGOYLE,0,2,4,2,126.00,48.00,true
2066,BLUE_6,BLUE,SPIDER,-1,3,1,1,2.00,3.00,true
2067,GREEN_1,GREEN,GOBLIN,2,-2,11,11,0.00,0.00,false
2067,GREEN_2,GREEN,MAGE,2,-3,6,4,31.00,37.00,false
2067,BLUE_3,BLUE,MAGE,0,2,7,5,37.00,31.00,false
2067,BLUE_4,BLUE,SPIDER,0,3,8,8,0.00,0.00,false
2068,GREEN_1,GREEN,GOBLIN,2,-2,11,0,0.00,88.00,false
2068,GREEN_2,GREEN,MAGE,2,-3,6,0,24.00,48.00,false
2068,BLUE_3,BLUE,MAGE,0,2,7,6,80.00,17.00,true
2068,BLUE_4,BLUE,SPIDER,0,3,8,8,56.00,7.00,true
2069,GREEN_1,GREEN,GOBLIN,0,-3,12,12,0.00,0.00,true
2069,GREEN_2,GREEN,SCORPION_RIDER,1,-3,4,4,96.00,12.00,true
2069,GREEN_3,GREEN,SPIDER,2,-3,2,2,0.00,0.00,true
2069,BLUE_4,BLUE,ARCHER,-3,2,7,0,8.00,56.00,false
2069,BLUE_5,BLUE,ASSASSIN,-1,3,1,0,0.00,8.00,false
2069,BLUE_6,BLUE,ASSASSIN,0,3,1,0,0.00,8.00,false
2069,BLUE_7,BLUE,ARCHER,-3,3,3,0,4.00,24.00,false
2070,GREEN_1,GREEN,GOBLIN,0,-3,12,0,0.00,96.00,false
2070,GREEN_2,GREEN,SCORPION_RIDER,1,-3,4,0,0.00,72.00,false
2070,GREEN_3,GREEN,SPIDER,2,-3,2,0,0.00,8.00,false
2070,BLUE_4,BLUE,ARCHER,-3,2,7,7,132.00,0.00,true
2070,BLUE_5,BLUE,ASSASSIN,-1,3,1,1,0.00,0.00,true
2070,BLUE_6,BLUE,ASSASSIN,0,3,1,1,0.00,0.00,true
2070,BLUE_7,BLUE,ARCHER,-3,3,3,3,44.00,0.00,true
2071,GREEN_1,GREEN,SCORPION_RIDER,1,-3,6,6,76.00,18.00,true
2071,GREEN_2,GREEN,SCORPION_RIDER,2,-3,3,3,46.00,40.00,true
2071,GREEN_3,GREEN,SPIDER,3,-3,1,1,0.00,0.00,true
2071,BLUE_4,BLUE,ARCHER,-2,3,8,0,10.00,64.00,false
2071,BLUE_5,BLUE,SCORPION_RIDER,-3,2,3,0,48.00,54.00,false
2071,BLUE_6,BLUE,SPIDER,-3,3,1,0,0.00,4.00,false
2072,GREEN_1,GREEN,SCORPION_RIDER,1,-3,6,0,10.00,108.00,false
2072,GREEN_2,GREEN,SCORPION_RIDER,2,-3,3,0,42.00,54.00,false
2072,GREEN_3,GREEN,SPIDER,3,-3,1,0,0.00,4.00,false
2072,BLUE_4,BLUE,ARCHER,-2,3,8,8,96.00,0.00,true
2072,BLUE_5,BLUE,SCORPION_RIDER,-3,2,3,1,70.00,52.00,true
2072,BLUE_6,BLUE,SPIDER,-3,3,1,1,0.00,0.00,true
2073,GREEN_1,GREEN,ASSASSIN,0,-3,8,3,62.00,44.00,false
2073,GREEN_2,GREEN,MAGE,2,-3,2,2,0.00,0.00,false
2073,GREEN_3,GREEN,GOBLIN,1,-3,1,1,0.00,0.00,false
2073,BLUE_4,BLUE,ARCHER,-1,3,8,8,0.00,0.00,false
2073,BLUE_5,BLUE,SCORPION_RIDER,0,2,3,0,40.00,54.00,false
2073,BLUE_6,BLUE,GOBLIN,1,2,1,0,4.00,8.00,false
2074,GREEN_1,GREEN,ASSASSIN,0,-3,8,0,0.00,64.00,false
2074,GREEN_2,GREEN,MAGE,2,-3,2,0,1.00,16.00,false
2074,GREEN_3,GREEN,GOBLIN,1,-3,1,0,0.00,8.00,false
2074,BLUE_4,BLUE,ARCHER,-1,3,8,8,64.00,0.00,true
2074,BLUE_5,BLUE,SCORPION_RIDER,0,2,3,3,24.00,1.00,true
2074,BLUE_6,BLUE,GOBLIN,1,2,1,1,0.00,0.00,true
2075,GREEN_1,GREEN,ARCHER,3,-2,7,7,70.00,0.00,true
2075,GREEN_2,GREEN,SPIDER,3,-3,11,11,102.00,2.00,true
2075,BLUE_3,BLUE,GOBLIN,-1,3,1,0,0.00,8.00,false
2075,BLUE_4,BLUE,GOLEM,-1,2,4,0,0.00,104.00,false
2075,BLUE_5,BLUE,ASSASSIN,0,3,2,0,0.00,16.00,false
2075,BLUE_6,BLUE,GOBLIN,-3,3,5,0,0.00,40.00,false
2075,BLUE_7,BLUE,SPIDER,-2,3,1,0,2.00,4.00,false
2076,GREEN_1,GREEN,ARCHER,3,-2,7,7,0.00,0.00,false
2076,GREEN_2,GREEN,SPIDER,3,-3,11,11,0.00,0.00,false
2076,BLUE_3,BLUE,GOBLIN,-1,3,1,1,0.00,0.00,false
2076,BLUE_4,BLUE,GOLEM,-1,2,4,4,0.00,0.00,false
2076,BLUE_5,BLUE,ASSASSIN,0,3,2,2,0.00,0.00,false
2076,BLUE_6,BLUE,GOBLIN,-3,3,5,5,0.00,0.00,false
2076,BLUE_7,BLUE,SPIDER,-2,3,1,1,0.00,0.00,false
2077,GREEN_1,GREEN,ARCHER,3,-3,7,7,0.00,0.00,false
2077,GREEN_2,GREEN,SPIDER,2,-3,10,10,0.00,0.00,false
2077,GREEN_3,GREEN,SPIDER,-1,-2,1,1,0.00,0.00,false
2077,BLUE_4,BLUE,GARGOYLE,-3,2,5,5,0.00,0.00,false
2077,BLUE_5,BLUE,GARGOYLE,-2,3,5,5,0.00,0.00,false
2077,BLUE_6,BLUE,GOBLIN,-1,3,1,1,0.00,0.00,false
2078,GREEN_1,GREEN,ARCHER,3,-3,7,0,14.00,56.00,false
2078,GREEN_2,GREEN,SPIDER,2,-3,10,0,26.00,40.00,false
2078,GREEN_3,GREEN,SPIDER,-1,-2,1,0,0.00,4.00,false
2078,BLUE_4,BLUE,GARGOYLE,-3,2,5,5,100.00,40.00,true
2078,BLUE_5,BLUE,GARGOYLE,-2,3,5,5,0.00,0.00,true
2078,BLUE_6,BLUE,GOBLIN,-1,3,1,1,0.00,0.00,true
2079,GREEN_1,GREEN,ASSASSIN,3,-3,4,4,20.00,8.00,true
2079,GREEN_2,GREEN,SCORPION_RIDER,1,-3,4,4,68.00,28.00,true
2079,GREEN_3,GREEN,ARCHER,2,-3,2,2,0.00,0.00,true
2079,GREEN_4,GREEN,GOBLIN,0,-3,1,1,0.00,0.00,true
2079,BLUE_5,BLUE,ASSASSIN,0,3,7,0,24.00,56.00,false
2079,BLUE_6,BLUE,ARCHER,-2,2,4,0,12.00,32.00,false
2080,GREEN_1,GREEN,ASSASSIN,3,-3,4,0,14.00,32.00,false
2080,GREEN_2,GREEN,SCORPION_RIDER,1,-3,4,0,18.00,72.00,false
2080,GREEN_3,GREEN,ARCHER,2,-3,2,0,8.00,16.00,false
2080,GREEN_4,GREEN,GOBLIN,0,-3,1,0,0.00,8.00,false
2080,BLUE_5,BLUE,ASSASSIN,0,3,7,3,54.00,32.00,true
2080,BLUE_6,BLUE,ARCHER,-2,2,4,4,74.00,8.00,true
2081,GREEN_1,GREEN,GARGOYLE,2,-3,5,5,0.00,0.00,false
2081,GREEN_2,GREEN,SCORPION_RIDER,0,-2,2,2,0.00,0.00,false
2081,GREEN_3,GREEN,GARGOYLE,1,-2,3,3,0.00,0.00,false
2081,GREEN_4,GREEN,GOBLIN,1,-3,1,1,0.00,0.00,false
2081,BLUE_5,BLUE,ARCHER,-2,3,8,8,0.00,0.00,false
2081,BLUE_6,BLUE,SPIDER,0,3,9,9,0.00,0.00,false
2082,GREEN_1,GREEN,GARGOYLE,2,-3,5,5,0.00,0.00,false
2082,GREEN_2,GREEN,SCORPION_RIDER,0,-2,2,2,0.00,0.00,false
2082,GREEN_3,GREEN,GARGOYLE,1,-2,3,3,0.00,0.00,false
2082,GREEN_4,GREEN,GOBLIN,1,-3,1,1,0.00,0.00,false
2082,BLUE_5,BLUE,ARCHER,-2,3,8,8,0.00,0.00,false
2082,BLUE_6,BLUE,SPIDER,0,3,9,9,0.00,0.00,false
2083,GREEN_1,GREEN,MAGE,0,-2,7,7,87.00,0.00,true
2083,GREEN_2,GREEN,SCORPION_RIDER,-1,-2,3,2,35.00,44.00,true
2083,BLUE_3,BLUE,SPIDER,-2,3,15,0,36.00,60.00,false
2083,BLUE_4,BLUE,SCORPION_RIDER,0,2,3,0,6.00,54.00,false
2083,BLUE_5,BLUE,SPIDER,-3,3,2,0,2.00,8.00,false
2084,GREEN_1,GREEN,MAGE,0,-2,7,7,0.00,0.00,false
2084,GREEN_2,GREEN,SCORPION_RIDER,-1,-2,3,3,0.00,0.00,false
2084,BLUE_3,BLUE,SPIDER,-2,3,15,15,0.00,0.00,false
2084,BLUE_4,BLUE,SCORPION_RIDER,0,2,3,3,0.00,0.00,false
2084,BLUE_5,BLUE,SPIDER,-3,3,2,2,0.00,0.00,false
2085,GREEN_1,GREEN,GOBLIN,0,-2,12,12,0.00,0.00,true
2085,GREEN_2,GREEN,SPIDER,2,-3,10,10,106.00,0.00,true
2085,GREEN_3,GREEN,ASSASSIN,0,-3,1,1,2.00,6.00,true
2085,BLUE_4,BLUE,ASSASSIN,-1,2,8,0,6.00,64.00,false
2085,BLUE_5,BLUE,GOLEM,0,3,1,0,0.00,26.00,false
2085,BLUE_6,BLUE,SCORPION_RIDER,1,2,1,0,0.00,18.00,false
2086,GREEN_1,GREEN,GOBLIN,0,-2,12,12,0.00,0.00,false
2086,GREEN_2,GREEN,SPIDER,2,-3,10,0,14.00,40.00,false
2086,GREEN_3,GREEN,ASSASSIN,0,-3,1,0,6.00,8.00,false
2086,BLUE_4,BLUE,ASSASSIN,-1,2,8,7,48.00,20.00,false
2086,BLUE_5,BLUE,GOLEM,0,3,1,1,0.00,0.00,false
2086,BLUE_6,BLUE,SCORPION_RIDER,1,2,1,1,0.00,0.00,false
2087,GREEN_1,GREEN,ARCHER,3,-2,8,8,114.00,0.00,true
2087,GREEN_2,GREEN,SPIDER,0,-3,7,7,0.00,0.00,true
2087,GREEN_3,GREEN,ARCHER,2,-3,1,1,18.00,0.00,true
2087,BLUE_4,BLUE,SPIDER,-3,3,13,0,0.00,52.00,false
2087,BLUE_5,BLUE,SCORPION_RIDER,-2,3,4,0,0.00,72.00,false
2087,BLUE_6,BLUE,GOBLIN,-1,3,1,0,0.00,8.00,false
2088,GREEN_1,GREEN,ARCHER,3,-2,8,0,22.00,64.00,false
2088,GREEN_2,GREEN,SPIDER,0,-3,7,0,14.00,28.00,false
2088,GREEN_3,GREEN,ARCHER,2,-3,1,0,0.00,8.00,false
2088,BLUE_4,BLUE,SPIDER,-3,3,13,13,0.00,0.00,true
2088,BLUE_5,BLUE,SCORPION_RIDER,-2,3,4,4,96.00,28.00,true
2088,BLUE_6,BLUE,GOBLIN,-1,3,1,0,4.00,8.00,true
2089,GREEN_1,GREEN,SPIDER,2,-3,16,16,0.00,0.00,true
2089,GREEN_2,GREEN,GOBLIN,3,-2,8,6,88.00,28.00,true
2089,GREEN_3,GREEN,GOBLIN,1,-3,1,1,0.00,0.00,true
2089,BLUE_4,BLUE,MAGE,-3,2,7,0,8.00,56.00,false
2089,BLUE_5,BLUE,ASSASSIN,-1,3,3,0,18.00,24.00,false
2089,BLUE_6,BLUE,GOBLIN,-3,3,1,0,2.00,8.00,false
2090,GREEN_1,GREEN,SPIDER,2,-3,16,0,4.00,64.00,false
2090,GREEN_2,GREEN,GOBLIN,3,-2,8,0,16.00,64.00,false
2090,GREEN_3,GREEN,GOBLIN,1,-3,1,0,4.00,8.00,false
2090,BLUE_4,BLUE,MAGE,-3,2,7,7,111.00,4.00,true
2090,BLUE_5,BLUE,ASSASSIN,-1,3,3,1,25.00,20.00,true
2090,BLUE_6,BLUE,GOBLIN,-3,3,1,1,0.00,0.00,true
2091,GREEN_1,GREEN,MAGE,3,-2,8,8,0.00,0.00,true
2091,GREEN_2,GREEN,ARCHER,1,-2,3,3,144.00,0.00,true
2091,BLUE_3,BLUE,GOBLIN,-1,3,12,0,0.00,96.00,false
2091,BLUE_4,BLUE,ASSASSIN,0,3,4,0,0.00,32.00,false
2091,BLUE_5,BLUE,ASSASSIN,-1,2,1,0,0.00,8.00,false
2091,BLUE_6,BLUE,GOBLIN,-3,3,1,0,0.00,8.00,false
2092,GREEN_1,GREEN,MAGE,3,-2,8,0,30.00,64.00,false
2092,GREEN_2,GREEN,ARCHER,1,-2,3,0,8.00,24.00,false
2092,BLUE_3,BLUE,GOBLIN,-1,3,12,12,12.00,4.00,true
2092,BLUE_4,BLUE,ASSASSIN,0,3,4,0,74.00,32.00,true
2092,BLUE_5,BLUE,ASSASSIN,-1,2,1,1,2.00,2.00,true
2092,BLUE_6,BLUE,GOBLIN,-3,3,1,1,0.00,0.00,true
2093,GREEN_1,GREEN,GOLEM,0,-2,4,4,50.00,56.00,true
2093,GREEN_2,GREEN,ARCHER,0,-3,5,3,113.00,16.00,true
2093,GREEN_3,GREEN,SPIDER,1,-3,1,1,5.00,0.00,true
2093,BLUE_4,BLUE,GOBLIN,1,2,12,0,56.00,96.00,false
2093,BLUE_5,BLUE,ARCHER,-1,2,4,0,16.00,32.00,false
2093,BLUE_6,BLUE,GOBLIN,-2,3,5,0,0.00,40.00,false
2094,GREEN_1,GREEN,GOLEM,0,-2,4,0,0.00,104.00,false
2094,GREEN_2,GREEN,ARCHER,0,-3,5,0,26.00,40.00,false
2094,GREEN_3,GREEN,SPIDER,1,-3,1,0,0.00,4.00,false
2094,BLUE_4,BLUE,GOBLIN,1,2,12,12,24.00,6.00,true
2094,BLUE_5,BLUE,ARCHER,-1,2,4,2,124.00,20.00,true
2094,BLUE_6,BLUE,GOBLIN,-2,3,5,5,0.00,0.00,true
2095,GREEN_1,GREEN,ARCHER,1,-3,8,8,88.00,0.00,true
2095,GREEN_2,GREEN,GOBLIN,2,-3,8,3,94.00,53.00,true
2095,GREEN_3,GREEN,GOBLIN,0,-3,1,0,4.00,8.00,true
2095,BLUE_4,BLUE,GOLEM,-2,3,1,0,7.00,26.00,false
2095,BLUE_5,BLUE,GARGOYLE,-3,3,5,0,34.00,80.00,false
2095,BLUE_6,BLUE,GOBLIN,0,2,9,0,20.00,72.00,false
2095,BLUE_7,BLUE,GOBLIN,-1,3,1,0,0.00,8.00,false
2096,GREEN_1,GREEN,ARCHER,1,-3,8,0,24.00,64.00,false
2096,GREEN_2,GREEN,GOBLIN,2,-3,8,8,0.00,0.00,false
2096,GREEN_3,GREEN,GOBLIN,0,-3,1,0,1.00,8.00,false
2096,BLUE_4,BLUE,GOLEM,-2,3,1,1,8.00,1.00,false
2096,BLUE_5,BLUE,GARGOYLE,-3,3,5,5,0.00,0.00,false
2096,BLUE_6,BLUE,GOBLIN,0,2,9,9,64.00,24.00,false
2096,BLUE_7,BLUE,GOBLIN,-1,3,1,1,0.00,0.00,false
2097,GREEN_1,GREEN,GOBLIN,3,-3,3,3,12.00,3.00,true
2097,GREEN_2,GREEN,SCORPION_RIDER,1,-3,6,4,152.00,79.00,true
2097,GREEN_3,GREEN,ARCHER,2,-2,3,3,20.00,0.00,true
2097,BLUE_4,BLUE,GARGOYLE,1,2,5,0,30.00,80.00,false
2097,BLUE_5,BLUE,GOLEM,-1,3,4,0,52.00,104.00,false
2098,GREEN_1,GREEN,GOBLIN,3,-3,3,0,1.00,24.00,false
2098,GREEN_2,GREEN,SCORPION_RIDER,1,-3,6,0,80.00,108.00,false
2098,GREEN_3,GREEN,ARCHER,2,-2,3,0,2.00,24.00,false
2098,BLUE_4,BLUE,GARGOYLE,1,2,5,5,76.00,2.00,true
2098,BLUE_5,BLUE,GOLEM,-1,3,4,2,80.00,81.00,true
2099,GREEN_1,GREEN,SPIDER,2,-2,14,14,0.00,0.00,false
2099,GREEN_2,GREEN,GOLEM,3,-3,3,3,0.00,0.00,false
2099,GREEN_3,GREEN,SPIDER,3,-2,1,1,80.00,0.00,false
2099,BLUE_4,BLUE,GOBLIN,1,2,10,0,0.00,80.00,false
2099,BLUE_5,BLUE,SPIDER,-1,2,15,15,0.00,0.00,false
2100,GREEN_1,GREEN,SPIDER,2,-2,14,0,18.00,56.00,false
2100,GREEN_2,GREEN,GOLEM,3,-3,3,0,43.00,78.00,false
2100,GREEN_3,GREEN,SPIDER,3,-2,1,0,0.00,4.00,false
2100,BLUE_4,BLUE,GOBLIN,1,2,10,5,138.00,61.00,true
2100,BLUE_5,BLUE,SPIDER,-1,2,15,15,0.00,0.00,true
2101,GREEN_1,GREEN,GOLEM,3,-2,1,1,0.00,0.00,true
2101,GREEN_2,GREEN,MAGE,0,-3,7,2,123.00,44.00,true
2101,GREEN_3,GREEN,MAGE,-1,-2,2,2,29.00,8.00,true
2101,BLUE_4,BLUE,GOLEM,0,3,4,0,0.00,104.00,false
2101,BLUE_5,BLUE,ARCHER,-1,3,5,0,52.00,40.00,false
2101,BLUE_6,BLUE,GOBLIN,-2,3,1,0,0.00,8.00,false
2102,GREEN_1,GREEN,GOLEM,3,-2,1,1,0.00,0.00,false
2102,GREEN_2,GREEN,MAGE,0,-3,7,0,15.00,56.00,false
2102,GREEN_3,GREEN,MAGE,-1,-2,2,0,4.00,16.00,false
2102,BLUE_4,BLUE,GOLEM,0,3,4,4,38.00,6.00,false
2102,BLUE_5,BLUE,ARCHER,-1,3,5,5,18.00,9.00,false
2102,BLUE_6,BLUE,GOBLIN,-2,3,1,1,16.00,4.00,false
2103,GREEN_1,GREEN,GOLEM,0,-2,1,1,0.00,0.00,true
2103,GREEN_2,GREEN,ASSASSIN,1,-3,2,2,15.00,8.00,true
2103,GREEN_3,GREEN,GARGOYLE,2,-3,6,6,80.00,56.00,true
2103,GREEN_4,GREEN,ASSASSIN,3,-3,1,1,5.00,4.00,true
2103,BLUE_5,BLUE,SPIDER,-2,3,15,0,52.00,60.00,false
2103,BLUE_6,BLUE,SPIDER,0,3,9,0,16.00,36.00,false
2103,BLUE_7,BLUE,SPIDER,1,2,1,0,0.00,4.00,false
2104,GREEN_1,GREEN,GOLEM,0,-2,1,1,0.00,0.00,false
2104,GREEN_2,GREEN,ASSASSIN,1,-3,2,2,0.00,0.00,false
2104,GREEN_3,GREEN,GARGOYLE,2,-3,6,6,0.00,0.00,false
2104,GREEN_4,GREEN,ASSASSIN,3,-3,1,1,0.00,0.00,false
2104,BLUE_5,BLUE,SPIDER,-2,3,15,15,0.00,0.00,false
2104,BLUE_6,BLUE,SPIDER,0,3,9,9,0.00,0.00,false
2104,BLUE_7,BLUE,SPIDER,1,2,1,1,0.00,0.00,false
2105,GREEN_1,GREEN,ARCHER,-1,-2,7,2,45.00,46.00,false
2105,GREEN_2,GREEN,GARGOYLE,0,-3,4,4,34.00,24.00,false
2105,GREEN_3,GREEN,SPIDER,1,-2,1,0,1.00,4.00,false
2105,BLUE_4,BLUE,ARCHER,-3,2,7,4,44.00,32.00,false
2105,BLUE_5,BLUE,SPIDER,1,2,10,0,30.00,40.00,false
2105,BLUE_6,BLUE,GOBLIN,-2,3,1,0,0.00,8.00,false
2106,GREEN_1,GREEN,ARCHER,-1,-2,7,0,44.00,56.00,false
2106,GREEN_2,GREEN,GARGOYLE,0,-3,4,0,48.00,64.00,false
2106,GREEN_3,GREEN,SPIDER,1,-2,1,0,2.00,4.00,false
2106,BLUE_4,BLUE,ARCHER,-3,2,7,2,92.00,47.00,true
2106,BLUE_5,BLUE,SPIDER,1,2,10,1,32.00,39.00,true
2106,BLUE_6,BLUE,GOBLIN,-2,3,1,0,0.00,8.00,true
2107,GREEN_1,GREEN,GARGOYLE,2,-3,5,5,0.00,0.00,false
2107,GREEN_2,GREEN,GOLEM,1,-3,4,4,0.00,0.00,false
2107,BLUE_3,BLUE,SPIDER,-3,3,13,13,0.00,0.00,false
2107,BLUE_4,BLUE,MAGE,-2,2,5,5,0.00,0.00,false
2108,GREEN_1,GREEN,GARGOYLE,2,-3,5,5,0.00,0.00,false
2108,GREEN_2,GREEN,GOLEM,1,-3,4,4,0.00,0.00,false
2108,BLUE_3,BLUE,SPIDER,-3,3,13,13,0.00,0.00,false
2108,BLUE_4,BLUE,MAGE,-2,2,5,5,0.00,0.00,false
2109,GREEN_1,GREEN,MAGE,0,-2,8,8,172.00,0.00,true
2109,GREEN_2,GREEN,ASSASSIN,1,-3,2,2,8.00,14.00,true
2109,GREEN_3,GREEN,SPIDER,2,-2,1,1,0.00,0.00,true
2109,BLUE_4,BLUE,GOLEM,-3,3,4,0,14.00,104.00,false
2109,BLUE_5,BLUE,SCORPION_RIDER,0,2,4,0,0.00,72.00,false
2109,BLUE_6,BLUE,SPIDER,-2,3,1,0,0.00,4.00,false
2110,GREEN_1,GREEN,MAGE,0,-2,8,0,10.00,64.00,false
2110,GREEN_2,GREEN,ASSASSIN,1,-3,2,0,6.00,16.00,false
2110,GREEN_3,GREEN,SPIDER,2,-2,1,0,0.00,4.00,false
2110,BLUE_4,BLUE,GOLEM,-3,3,4,4,53.00,5.00,true
2110,BLUE_5,BLUE,SCORPION_RIDER,0,2,4,4,31.00,11.00,true
2110,BLUE_6,BLUE,SPIDER,-2,3,1,1,0.00,0.00,true
2111,GREEN_1,GREEN,GOLEM,2,-2,4,4,0.00,0.00,false
2111,GREEN_2,GREEN,GOBLIN,-1,-2,9,9,0.00,0.00,false
2111,GREEN_3,GREEN,SCORPION_RIDER,1,-3,1,0,24.00,18.00,false
2111,BLUE_4,BLUE,MAGE,-1,3,8,5,18.00,24.00,false
2111,BLUE_5,BLUE,GOLEM,-2,3,1,1,0.00,0.00,false
2111,BLUE_6,BLUE,SCORPION_RIDER,1,2,1,1,0.00,0.00,false
2112,GREEN_1,GREEN,GOLEM,2,-2,4,0,22.00,104.00,false
2112,GREEN_2,GREEN,GOBLIN,-1,-2,9,0,0.00,72.00,false
2112,GREEN_3,GREEN,SCORPION_RIDER,1,-3,1,0,10.00,18.00,false
2112,BLUE_4,BLUE,MAGE,-1,3,8,8,162.00,0.00,true
2112,BLUE_5,BLUE,GOLEM,-2,3,1,1,20.00,14.00,true
2112,BLUE_6,BLUE,SCORPION_RIDER,1,2,1,0,12.00,18.00,true
2113,GREEN_1,GREEN,MAGE,1,-3,8,8,129.00,0.00,true
2113,GREEN_2,GREEN,GOLEM,-1,-2,1,0,9.00,26.00,true
2113,GREEN_3,GREEN,SCORPION_RIDER,3,-3,1,1,2.00,4.00,true
2113,BLUE_4,BLUE,GOBLIN,-1,3,12,0,30.00,96.00,false
2113,BLUE_5,BLUE,ASSASSIN,-3,3,5,0,0.00,40.00,false
2113,BLUE_6,BLUE,SPIDER,0,2,1,0,0.00,4.00,false
2114,GREEN_1,GREEN,MAGE,1,-3,8,0,18.00,64.00,false
2114,GREEN_2,GREEN,GOLEM,-1,-2,1,0,7.00,26.00,false
2114,GREEN_3,GREEN,SCORPION_RIDER,3,-3,1,0,1.00,18.00,false
2114,BLUE_4,BLUE,GOBLIN,-1,3,12,12,0.00,0.00,true
2114,BLUE_5,BLUE,ASSASSIN,-3,3,5,3,108.00,26.00,true
2114,BLUE_6,BLUE,SPIDER,0,2,1,1,0.00,0.00,true
2115,GREEN_1,GREEN,GOBLIN,3,-2,10,10,0.00,0.00,true
2115,GREEN_2,GREEN,SCORPION_RIDER,1,-3,4,4,88.00,8.00,true
2115,GREEN_3,GREEN,SPIDER,3,-3,4,4,0.00,0.00,true
2115,BLUE_4,BLUE,MAGE,-2,2,8,0,7.00,64.00,false
2115,BLUE_5,BLUE,MAGE,-1,3,2,0,1.00,16.00,false
2115,BLUE_6,BLUE,GOBLIN,-3,2,1,0,0.00,8.00,false
2116,GREEN_1,GREEN,GOBLIN,3,-2,10,10,0.00,0.00,false
2116,GREEN_2,GREEN,SCORPION_RIDER,1,-3,4,0,0.00,72.00,false
2116,GREEN_3,GREEN,SPIDER,3,-3,4,4,0.00,0.00,false
2116,BLUE_4,BLUE,MAGE,-2,2,8,8,0.00,0.00,false
2116,BLUE_5,BLUE,MAGE,-1,3,2,2,72.00,0.00,false
2116,BLUE_6,BLUE,GOBLIN,-3,2,1,1,0.00,0.00,false
2117,GREEN_1,GREEN,ASSASSIN,3,-3,7,1,78.00,54.00,true
2117,GREEN_2,GREEN,GOLEM,1,-3,2,2,8.00,27.00,true
2117,GREEN_3,GREEN,ARCHER,2,-2,1,1,2.00,0.00,true
2117,BLUE_4,BLUE,ASSASSIN,1,2,7,0,75.00,56.00,false
2117,BLUE_5,BLUE,ARCHER,-3,2,4,0,6.00,32.00,false
2118,GREEN_1,GREEN,ASSASSIN,3,-3,7,4,50.00,48.00,false
2118,GREEN_2,GREEN,GOLEM,1,-3,2,2,0.00,0.00,false
2118,GREEN_3,GREEN,ARCHER,2,-2,1,0,2.00,8.00,false
2118,BLUE_4,BLUE,ASSASSIN,1,2,7,2,56.00,52.00,false
2118,BLUE_5,BLUE,ARCHER,-3,2,4,4,0.00,0.00,false
2119,GREEN_1,GREEN,GOLEM,0,-2,4,4,79.00,66.00,true
2119,GREEN_2,GREEN,SPIDER,1,-2,10,10,88.00,0.00,true
2119,GREEN_3,GREEN,GOBLIN,2,-3,1,0,3.00,8.00,true
2119,BLUE_4,BLUE,SCORPION_RIDER,0,2,4,0,31.00,72.00,false
2119,BLUE_5,BLUE,SCORPION_RIDER,1,2,5,0,43.00,90.00,false
2119,BLUE_6,BLUE,GOBLIN,-2,3,1,0,0.00,8.00,false
2120,GREEN_1,GREEN,GOLEM,0,-2,4,0,81.00,104.00,false
2120,GREEN_2,GREEN,SPIDER,1,-2,10,0,22.00,40.00,false
2120,GREEN_3,GREEN,GOBLIN,2,-3,1,0,0.00,8.00,false
2120,BLUE_4,BLUE,SCORPION_RIDER,0,2,4,4,58.00,37.00,true
2120,BLUE_5,BLUE,SCORPION_RIDER,1,2,5,4,94.00,66.00,true
2120,BLUE_6,BLUE,GOBLIN,-2,3,1,1,0.00,0.00,true
2121,GREEN_1,GREEN,MAGE,3,-3,8,8,62.00,0.00,true
2121,GREEN_2,GREEN,GARGOYLE,1,-2,1,1,34.00,0.00,true
2121,GREEN_3,GREEN,ARCHER,0,-3,2,2,92.00,4.00,true
2121,BLUE_4,BLUE,GOBLIN,1,2,11,0,0.00,88.00,false
2121,BLUE_5,BLUE,GOBLIN,-3,2,11,0,0.00,88.00,false
2121,BLUE_6,BLUE,ARCHER,-1,3,1,0,4.00,8.00,false
2121,BLUE_7,BLUE,SPIDER,0,3,1,0,0.00,4.00,false
2122,GREEN_1,GREEN,MAGE,3,-3,8,0,9.00,64.00,false
2122,GREEN_2,GREEN,GARGOYLE,1,-2,1,0,3.00,16.00,false
2122,GREEN_3,GREEN,ARCHER,0,-3,2,0,2.00,16.00,false
2122,BLUE_4,BLUE,GOBLIN,1,2,11,11,96.00,14.00,true
2122,BLUE_5,BLUE,GOBLIN,-3,2,11,11,0.00,0.00,true
2122,BLUE_6,BLUE,ARCHER,-1,3,1,1,0.00,0.00,true
2122,BLUE_7,BLUE,SPIDER,0,3,1,1,0.00,0.00,true
2123,GREEN_1,GREEN,GOLEM,1,-2,4,4,54.00,4.00,true
2123,GREEN_2,GREEN,MAGE,2,-3,4,4,28.00,2.00,true
2123,GREEN_3,GREEN,ASSASSIN,3,-3,1,1,2.00,5.00,true
2123,BLUE_4,BLUE,MAGE,-3,2,7,0,9.00,56.00,false
2123,BLUE_5,BLUE,ASSASSIN,-1,3,3,0,0.00,24.00,false
2123,BLUE_6,BLUE,SPIDER,0,3,1,0,2.00,4.00,false
2124,GREEN_1,GREEN,GOLEM,1,-2,4,0,12.00,104.00,false
2124,GREEN_2,GREEN,MAGE,2,-3,4,0,13.00,32.00,false
2124,GREEN_3,GREEN,ASSASSIN,3,-3,1,0,0.00,8.00,false
2124,BLUE_4,BLUE,MAGE,-3,2,7,7,96.00,9.00,true
2124,BLUE_5,BLUE,ASSASSIN,-1,3,3,1,38.00,16.00,true
2124,BLUE_6,BLUE,SPIDER,0,3,1,1,10.00,0.00,true
2125,GREEN_1,GREEN,GOBLIN,-1,-2,11,11,16.00,2.00,true
2125,GREEN_2,GREEN,SCORPION_RIDER,1,-3,5,5,68.00,6.00,true
2125,BLUE_3,BLUE,MAGE,-3,3,7,0,6.00,56.00,false
2125,BLUE_4,BLUE,MAGE,0,3,3,0,2.00,24.00,false
2125,BLUE_5,BLUE,SPIDER,-1,2,1,0,0.00,4.00,false
2126,GREEN_1,GREEN,GOBLIN,-1,-2,11,0,0.00,88.00,false
2126,GREEN_2,GREEN,SCORPION_RIDER,1,-3,5,0,0.00,90.00,false
2126,BLUE_3,BLUE,MAGE,-3,3,7,7,72.00,0.00,true
2126,BLUE_4,BLUE,MAGE,0,3,3,3,106.00,0.00,true
2126,BLUE_5,BLUE,SPIDER,-1,2,1,1,0.00,0.00,true
2127,GREEN_1,GREEN,ASSASSIN,1,-2,6,6,88.00,18.00,true
2127,GREEN_2,GREEN,GOBLIN,0,-3,10,10,0.00,0.00,true
2127,GREEN_3,GREEN,SPIDER,3,-2,1,1,0.00,0.00,true
2127,BLUE_4,BLUE,MAGE,-1,3,8,0,14.00,64.00,false
2127,BLUE_5,BLUE,ARCHER,1,2,3,0,4.00,24.00,false
2128,GREEN_1,GREEN,ASSASSIN,1,-2,6,0,0.00,48.00,false
2128,GREEN_2,GREEN,GOBLIN,0,-3,10,0,0.00,80.00,false
2128,GREEN_3,GREEN,SPIDER,3,-2,1,0,0.00,4.00,false
2128,BLUE_4,BLUE,MAGE,-1,3,8,8,41.00,0.00,true
2128,BLUE_5,BLUE,ARCHER,1,2,3,3,91.00,0.00,true
2129,GREEN_1,GREEN,SCORPION_RIDER,0,-3,5,5,120.00,54.00,true
2129,GREEN_2,GREEN,ARCHER,2,-3,5,5,47.00,6.00,true
2129,GREEN_3,GREEN,GOBLIN,0,-2,1,1,1.00,3.00,true
2129,BLUE_4,BLUE,GARGOYLE,0,3,6,0,36.00,96.00,false
2129,BLUE_5,BLUE,GARGOYLE,-2,3,4,0,27.00,64.00,false
2129,BLUE_6,BLUE,GOBLIN,1,2,1,0,0.00,8.00,false
2130,GREEN_1,GREEN,SCORPION_RIDER,0,-3,5,0,3.00,90.00,false
2130,GREEN_2,GREEN,ARCHER,2,-3,5,0,10.00,40.00,false
2130,GREEN_3,GREEN,GOBLIN,0,-2,1,0,0.00,8.00,false
2130,BLUE_4,BLUE,GARGOYLE,0,3,6,6,42.00,0.00,true
2130,BLUE_5,BLUE,GARGOYLE,-2,3,4,4,96.00,13.00,true
2130,BLUE_6,BLUE,GOBLIN,1,2,1,1,0.00,0.00,true
2131,GREEN_1,GREEN,SCORPION_RIDER,2,-2,5,5,72.00,8.00,true
2131,GREEN_2,GREEN,ARCHER,1,-3,5,5,16.00,3.00,true
2131,GREEN_3,GREEN,SPIDER,2,-3,1,1,0.00,0.00,true
2131,BLUE_4,BLUE,MAGE,1,2,7,0,7.00,56.00,false
2131,BLUE_5,BLUE,ARCHER,0,2,4,0,4.00,32.00,false
2132,GREEN_1,GREEN,SCORPION_RIDER,2,-2,5,0,0.00,90.00,false
2132,GREEN_2,GREEN,ARCHER,1,-3,5,0,44.00,40.00,false
2132,GREEN_3,GREEN,SPIDER,2,-3,1,0,0.00,4.00,false
2132,BLUE_4,BLUE,MAGE,1,2,7,5,74.00,28.00,true
2132,BLUE_5,BLUE,ARCHER,0,2,4,3,60.00,16.00,true
2133,GREEN_1,GREEN,ARCHER,1,-3,7,7,128.00,12.00,true
2133,GREEN_2,GREEN,ASSASSIN,0,-3,4,3,36.00,14.00,true
2133,GREEN_3,GREEN,GOBLIN,1,-2,1,1,0.00,0.00,true
2133,BLUE_4,BLUE,SCORPION_RIDER,-2,2,6,0,0.00,108.00,false
2133,BLUE_5,BLUE,GARGOYLE,-2,3,3,0,26.00,48.00,false
2133,BLUE_6,BLUE,SPIDER,0,3,2,0,0.00,8.00,false
2134,GREEN_1,GREEN,ARCHER,1,-3,7,0,10.00,56.00,false
2134,GREEN_2,GREEN,ASSASSIN,0,-3,4,0,12.00,32.00,false
2134,GREEN_3,GREEN,GOBLIN,1,-2,1,0,0.00,8.00,false
2134,BLUE_4,BLUE,SCORPION_RIDER,-2,2,6,6,84.00,20.00,true
2134,BLUE_5,BLUE,GARGOYLE,-2,3,3,3,4.00,0.00,true
2134,BLUE_6,BLUE,SPIDER,0,3,2,2,8.00,2.00,true
2135,GREEN_1,GREEN,GOBLIN,-1,-2,10,3,107.00,67.00,true
2135,GREEN_2,GREEN,ASSASSIN,3,-3,6,0,59.00,48.00,true
2135,GREEN_3,GREEN,SPIDER,1,-3,1,1,22.00,0.00,true
2135,BLUE_4,BLUE,GOBLIN,-1,3,10,0,49.00,80.00,false
2135,BLUE_5,BLUE,GOLEM,-3,2,4,0,66.00,104.00,false
2135,BLUE_6,BLUE,SPIDER,-3,3,1,0,0.00,4.00,false
2136,GREEN_1,GREEN,GOBLIN,-1,-2,10,0,67.00,80.00,false
2136,GREEN_2,GREEN,ASSASSIN,3,-3,6,0,38.00,48.00,false
2136,GREEN_3,GREEN,SPIDER,1,-3,1,0,0.00,4.00,false
2136,BLUE_4,BLUE,GOBLIN,-1,3,10,9,52.00,38.00,true
2136,BLUE_5,BLUE,GOLEM,-3,2,4,4,76.00,67.00,true
2136,BLUE_6,BLUE,SPIDER,-3,3,1,1,4.00,0.00,true
2137,GREEN_1,GREEN,GOBLIN,-1,-2,10,10,0.00,0.00,false
2137,GREEN_2,GREEN,SCORPION_RIDER,1,-2,5,5,0.00,0.00,false
2137,GREEN_3,GREEN,SPIDER,3,-2,1,1,0.00,0.00,false
2137,BLUE_4,BLUE,GOBLIN,-2,3,3,3,0.00,0.00,false
2137,BLUE_5,BLUE,SCORPION_RIDER,0,3,5,5,0.00,0.00,false
2137,BLUE_6,BLUE,SCORPION_RIDER,0,2,3,3,0.00,0.00,false
2138,GREEN_1,GREEN,GOBLIN,-1,-2,10,10,0.00,0.00,false
2138,GREEN_2,GREEN,SCORPION_RIDER,1,-2,5,5,0.00,0.00,false
2138,GREEN_3,GREEN,SPIDER,3,-2,1,1,0.00,0.00,false
2138,BLUE_4,BLUE,GOBLIN,-2,3,3,3,0.00,0.00,false
2138,BLUE_5,BLUE,SCORPION_RIDER,0,3,5,5,0.00,0.00,false
2138,BLUE_6,BLUE,SCORPION_RIDER,0,2,3,3,0.00,0.00,false
2139,GREEN_1,GREEN,MAGE,0,-2,8,8,0.00,0.00,false
2139,GREEN_2,GREEN,GARGOYLE,2,-3,2,2,30.00,10.00,false
2139,GREEN_3,GREEN,SPIDER,3,-3,1,0,2.00,4.00,false
2139,BLUE_4,BLUE,MAGE,-3,3,7,7,0.00,0.00,false
2139,BLUE_5,BLUE,ARCHER,1,2,4,0,14.00,32.00,false
2140,GREEN_1,GREEN,MAGE,0,-2,8,5,51.00,36.00,false
2140,GREEN_2,GREEN,GARGOYLE,2,-3,2,0,12.00,32.00,false
2140,GREEN_3,GREEN,SPIDER,3,-3,1,0,0.00,4.00,false
2140,BLUE_4,BLUE,MAGE,-3,3,7,7,0.00,0.00,false
2140,BLUE_5,BLUE,ARCHER,1,2,4,1,72.00,63.00,false
2141,GREEN_1,GREEN,SPIDER,3,-3,10,2,86.00,35.00,false
2141,GREEN_2,GREEN,SPIDER,3,-2,13,4,60.00,45.00,false
2141,GREEN_3,GREEN,GOBLIN,1,-3,2,2,0.00,0.00,false
2141,BLUE_4,BLUE,GARGOYLE,-1,3,6,4,80.00,74.00,false
2141,BLUE_5,BLUE,SCORPION_RIDER,-2,3,3,0,0.00,54.00,false
2141,BLUE_6,BLUE,SCORPION_RIDER,-3,2,1,0,0.00,18.00,false
2142,GREEN_1,GREEN,SPIDER,3,-3,10,0,18.00,40.00,false
2142,GREEN_2,GREEN,SPIDER,3,-2,13,0,56.00,52.00,false
2142,GREEN_3,GREEN,GOBLIN,1,-3,2,0,4.00,16.00,false
2142,BLUE_4,BLUE,GARGOYLE,-1,3,6,6,39.00,16.00,true
2142,BLUE_5,BLUE,SCORPION_RIDER,-2,3,3,0,44.00,54.00,true
2142,BLUE_6,BLUE,SCORPION_RIDER,-3,2,1,1,25.00,8.00,true
2143,GREEN_1,GREEN,GARGOYLE,2,-2,6,6,53.00,7.00,true
2143,GREEN_2,GREEN,ASSASSIN,1,-2,4,4,53.00,18.00,true
2143,GREEN_3,GREEN,SPIDER,2,-3,1,1,2.00,0.00,true
2143,BLUE_4,BLUE,MAGE,0,3,7,0,10.00,56.00,false
2143,BLUE_5,BLUE,GARGOYLE,-3,3,3,0,15.00,48.00,false
2143,BLUE_6,BLUE,SPIDER,-1,3,1,0,0.00,4.00,false
2144,GREEN_1,GREEN,GARGOYLE,2,-2,6,0,15.00,96.00,false
2144,GREEN_2,GREEN,ASSASSIN,1,-2,4,0,0.00,32.00,false
2144,GREEN_3,GREEN,SPIDER,2,-3,1,0,0.00,4.00,false
2144,BLUE_4,BLUE,MAGE,0,3,7,7,78.00,0.00,true
2144,BLUE_5,BLUE,GARGOYLE,-3,3,3,3,54.00,15.00,true
2144,BLUE_6,BLUE,SPIDER,-1,3,1,1,0.00,0.00,true
2145,GREEN_1,GREEN,GARGOYLE,3,-3,5,5,48.00,0.00,true
2145,GREEN_2,GREEN,SCORPION_RIDER,2,-2,5,1,142.00,86.00,true
2145,BLUE_3,BLUE,GOLEM,-1,2,4,0,40.00,104.00,false
2145,BLUE_4,BLUE,GOLEM,-3,3,3,0,46.00,78.00,false
2145,BLUE_5,BLUE,GOBLIN,-2,2,1,0,0.00,8.00,false
2146,GREEN_1,GREEN,GARGOYLE,3,-3,5,5,12.00,12.00,false
2146,GREEN_2,GREEN,SCORPION_RIDER,2,-2,5,0,74.00,90.00,false
2146,BLUE_3,BLUE,GOLEM,-1,2,4,2,102.00,86.00,false
2146,BLUE_4,BLUE,GOLEM,-3,3,3,3,0.00,0.00,false
2146,BLUE_5,BLUE,GOBLIN,-2,2,1,1,0.00,0.00,false
2147,GREEN_1,GREEN,GOBLIN,3,-3,12,12,0.00,0.00,true
2147,GREEN_2,GREEN,MAGE,3,-2,4,4,176.00,0.00,true
2147,GREEN_3,GREEN,GOLEM,0,-3,1,1,0.00,0.00,true
2147,BLUE_4,BLUE,SCORPION_RIDER,-3,2,5,0,0.00,90.00,false
2147,BLUE_5,BLUE,GOLEM,-1,3,3,0,0.00,78.00,false
2147,BLUE_6,BLUE,GOBLIN,-2,3,1,0,0.00,8.00,false
2148,GREEN_1,GREEN,GOBLIN,3,-3,12,0,52.00,96.00,false
2148,GREEN_2,GREEN,MAGE,3,-2,4,0,2.00,32.00,false
2148,GREEN_3,GREEN,GOLEM,0,-3,1,0,7.00,26.00,false
2148,BLUE_4,BLUE,SCORPION_RIDER,-3,2,5,5,154.00,61.00,true
2148,BLUE_5,BLUE,GOLEM,-1,3,3,3,0.00,0.00,true
2148,BLUE_6,BLUE,GOBLIN,-2,3,1,1,0.00,0.00,true
2149,GREEN_1,GREEN,ASSASSIN,2,-3,7,5,111.00,40.00,true
2149,GREEN_2,GREEN,GARGOYLE,-1,-2,3,3,17.00,14.00,true
2149,GREEN_3,GREEN,GOBLIN,0,-2,1,1,0.00,0.00,true
2149,BLUE_4,BLUE,ARCHER,-2,3,8,0,31.00,64.00,false
2149,BLUE_5,BLUE,GARGOYLE,-2,2,3,0,15.00,48.00,false
2149,BLUE_6,BLUE,GOBLIN,-1,2,2,0,8.00,16.00,false
2150,GREEN_1,GREEN,ASSASSIN,2,-3,7,7,0.00,0.00,false
2150,GREEN_2,GREEN,GARGOYLE,-1,-2,3,0,4.00,48.00,false
2150,GREEN_3,GREEN,GOBLIN,0,-2,1,0,4.00,8.00,false
2150,BLUE_4,BLUE,ARCHER,-2,3,8,8,44.00,0.00,false
2150,BLUE_5,BLUE,GARGOYLE,-2,2,3,3,0.00,0.00,false
2150,BLUE_6,BLUE,GOBLIN,-1,2,2,1,12.00,8.00,false
2151,GREEN_1,GREEN,MAGE,2,-3,7,7,124.00,0.00,true
2151,GREEN_2,GREEN,GARGOYLE,1,-2,3,3,0.00,0.00,true
2151,GREEN_3,GREEN,SPIDER,3,-3,1,1,12.00,0.00,true
2151,BLUE_4,BLUE,GOBLIN,1,2,11,0,0.00,88.00,false
2151,BLUE_5,BLUE,ASSASSIN,-3,3,6,0,0.00,48.00,false
2152,GREEN_1,GREEN,MAGE,2,-3,7,0,8.00,56.00,false
2152,GREEN_2,GREEN,GARGOYLE,1,-2,3,0,23.00,48.00,false
2152,GREEN_3,GREEN,SPIDER,3,-3,1,0,0.00,4.00,false
2152,BLUE_4,BLUE,GOBLIN,1,2,11,11,48.00,6.00,true
2152,BLUE_5,BLUE,ASSASSIN,-3,3,6,5,60.00,25.00,true
2153,GREEN_1,GREEN,GOBLIN,1,-3,12,12,0.00,0.00,true
2153,GREEN_2,GREEN,ARCHER,-1,-2,6,6,136.00,25.00,true
2153,GREEN_3,GREEN,GOBLIN,3,-2,1,1,0.00,0.00,true
2153,BLUE_4,BLUE,GOBLIN,-1,3,10,0,0.00,80.00,false
2153,BLUE_5,BLUE,MAGE,0,3,5,0,21.00,40.00,false
2153,BLUE_6,BLUE,ARCHER,-3,3,1,0,4.00,8.00,false
2153,BLUE_7,BLUE,GOBLIN,-2,2,1,0,0.00,8.00,false
2154,GREEN_1,GREEN,GOBLIN,1,-3,12,0,40.00,96.00,false
2154,GREEN_2,GREEN,ARCHER,-1,-2,6,0,16.00,48.00,false
2154,GREEN_3,GREEN,GOBLIN,3,-2,1,0,0.00,8.00,false
2154,BLUE_4,BLUE,GOBLIN,-1,3,10,7,80.00,48.00,true
2154,BLUE_5,BLUE,MAGE,0,3,5,5,42.00,0.00,true
2154,BLUE_6,BLUE,ARCHER,-3,3,1,1,26.00,0.00,true
2154,BLUE_7,BLUE,GOBLIN,-2,2,1,0,4.00,8.00,true
2155,GREEN_1,GREEN,SPIDER,1,-3,16,16,56.00,10.00,true
2155,GREEN_2,GREEN,ARCHER,3,-3,4,4,28.00,0.00,true
2155,GREEN_3,GREEN,SPIDER,0,-2,1,1,4.00,0.00,true
2155,BLUE_4,BLUE,ASSASSIN,-3,3,8,0,0.00,64.00,false
2155,BLUE_5,BLUE,SPIDER,-2,2,6,0,10.00,24.00,false
2156,GREEN_1,GREEN,SPIDER,1,-3,16,0,34.00,64.00,false
2156,GREEN_2,GREEN,ARCHER,3,-3,4,0,6.00,32.00,false
2156,GREEN_3,GREEN,SPIDER,0,-2,1,0,0.00,4.00,false
2156,BLUE_4,BLUE,ASSASSIN,-3,3,8,7,94.00,38.00,true
2156,BLUE_5,BLUE,SPIDER,-2,2,6,6,6.00,2.00,true
2157,GREEN_1,GREEN,SCORPION_RIDER,3,-2,5,5,0.00,0.00,false
2157,GREEN_2,GREEN,SPIDER,2,-2,11,11,0.00,0.00,false
2157,BLUE_3,BLUE,GOBLIN,0,3,12,12,0.00,0.00,false
2157,BLUE_4,BLUE,SCORPION_RIDER,-2,3,4,4,0.00,0.00,false
2157,BLUE_5,BLUE,SPIDER,-3,3,2,2,0.00,0.00,false
2158,GREEN_1,GREEN,SCORPION_RIDER,3,-2,5,5,0.00,0.00,false
2158,GREEN_2,GREEN,SPIDER,2,-2,11,0,24.00,44.00,false
2158,BLUE_3,BLUE,GOBLIN,0,3,12,12,0.00,0.00,false
2158,BLUE_4,BLUE,SCORPION_RIDER,-2,3,4,4,44.00,24.00,false
2158,BLUE_5,BLUE,SPIDER,-3,3,2,2,0.00,0.00,false
2159,GREEN_1,GREEN,GOLEM,1,-3,4,2,128.00,75.00,true
2159,GREEN_2,GREEN,SPIDER,-1,-2,10,10,0.00,0.00,true
2159,GREEN_3,GREEN,GOBLIN,0,-3,1,1,0.00,0.00,true
2159,BLUE_4,BLUE,ARCHER,-1,2,7,0,16.00,56.00,false
2159,BLUE_5,BLUE,SCORPION_RIDER,0,2,4,0,59.00,72.00,false
2160,GREEN_1,GREEN,GOLEM,1,-3,4,4,0.00,0.00,false
2160,GREEN_2,GREEN,SPIDER,-1,-2,10,10,0.00,0.00,false
2160,GREEN_3,GREEN,GOBLIN,0,-3,1,1,0.00,0.00,false
2160,BLUE_4,BLUE,ARCHER,-1,2,7,7,0.00,0.00,false
2160,BLUE_5,BLUE,SCORPION_RIDER,0,2,4,4,0.00,0.00,false
2161,GREEN_1,GREEN,ARCHER,0,-2,7,7,52.00,16.00,true
2161,GREEN_2,GREEN,ARCHER,1,-2,4,4,64.00,8.00,true
2161,GREEN_3,GREEN,SPIDER,1,-3,3,3,22.00,0.00,true
2161,BLUE_4,BLUE,SCORPION_RIDER,-3,3,5,0,0.00,90.00,false
2161,BLUE_5,BLUE,ARCHER,-1,2,5,0,24.00,40.00,false
2161,BLUE_6,BLUE,GOBLIN,1,2,1,0,0.00,8.00,false
2162,GREEN_1,GREEN,ARCHER,0,-2,7,0,12.00,56.00,false
2162,GREEN_2,GREEN,ARCHER,1,-2,4,0,4.00,32.00,false
2162,GREEN_3,GREEN,SPIDER,1,-3,3,0,0.00,12.00,false
2162,BLUE_4,BLUE,SCORPION_RIDER,-3,3,5,5,72.00,12.00,true
2162,BLUE_5,BLUE,ARCHER,-1,2,5,5,28.00,4.00,true
2162,BLUE_6,BLUE,GOBLIN,1,2,1,1,0.00,0.00,true
2163,GREEN_1,GREEN,GARGOYLE,1,-3,6,6,38.00,0.00,true
2163,GREEN_2,GREEN,GOBLIN,2,-3,9,4,93.00,54.00,true
2163,GREEN_3,GREEN,GOBLIN,3,-3,2,1,5.00,8.00,true
2163,BLUE_4,BLUE,SPIDER,-1,3,14,0,16.00,56.00,false
2163,BLUE_5,BLUE,GOBLIN,-1,2,9,0,44.00,72.00,false
2163,BLUE_6,BLUE,SPIDER,0,3,2,0,2.00,8.00,false
2164,GREEN_1,GREEN,GARGOYLE,1,-3,6,0,63.00,96.00,false
2164,GREEN_2,GREEN,GOBLIN,2,-3,9,0,0.00,72.00,false
2164,GREEN_3,GREEN,GOBLIN,3,-3,2,0,0.00,16.00,false
2164,BLUE_4,BLUE,SPIDER,-1,3,14,10,118.00,22.00,true
2164,BLUE_5,BLUE,GOBLIN,-1,2,9,8,66.00,41.00,true
2164,BLUE_6,BLUE,SPIDER,0,3,2,2,0.00,0.00,true
2165,GREEN_1,GREEN,ARCHER,2,-3,7,5,132.00,28.00,true
2165,GREEN_2,GREEN,SPIDER,-1,-2,9,9,0.00,0.00,true
2165,GREEN_3,GREEN,ARCHER,3,-3,1,1,20.00,0.00,true
2165,BLUE_4,BLUE,GOBLIN,0,2,12,0,0.00,96.00,false
2165,BLUE_5,BLUE,ARCHER,-1,3,6,0,28.00,48.00,false
2165,BLUE_6,BLUE,GOBLIN,0,3,1,0,0.00,8.00,false
2166,GREEN_1,GREEN,ARCHER,2,-3,7,0,16.00,56.00,false
2166,GREEN_2,GREEN,SPIDER,-1,-2,9,0,0.00,36.00,false
2166,GREEN_3,GREEN,ARCHER,3,-3,1,0,2.00,8.00,false
2166,BLUE_4,BLUE,GOBLIN,0,2,12,12,56.00,16.00,true
2166,BLUE_5,BLUE,ARCHER,-1,3,6,6,44.00,2.00,true
2166,BLUE_6,BLUE,GOBLIN,0,3,1,1,0.00,0.00,true
2167,GREEN_1,GREEN,SCORPION_RIDER,2,-2,5,4,102.00,37.00,true
2167,GREEN_2,GREEN,GARGOYLE,1,-2,5,5,36.00,0.00,true
2167,BLUE_3,BLUE,ARCHER,1,2,7,0,12.00,56.00,false
2167,BLUE_4,BLUE,GOLEM,-3,3,3,0,25.00,78.00,false
2167,BLUE_5,BLUE,SPIDER,-1,2,1,0,0.00,4.00,false
2168,GREEN_1,GREEN,SCORPION_RIDER,2,-2,5,0,0.00,90.00,false
2168,GREEN_2,GREEN,GARGOYLE,1,-2,5,0,36.00,80.00,false
2168,BLUE_3,BLUE,ARCHER,1,2,7,7,122.00,9.00,true
2168,BLUE_4,BLUE,GOLEM,-3,3,3,3,48.00,27.00,true
2168,BLUE_5,BLUE,SPIDER,-1,2,1,1,0.00,0.00,true
2169,GREEN_1,GREEN,ARCHER,0,-3,8,8,168.00,12.00,true
2169,GREEN_2,GREEN,GOBLIN,2,-3,7,7,0.00,0.00,true
2169,GREEN_3,GREEN,ARCHER,3,-3,1,1,8.00,0.00,true
2169,BLUE_4,BLUE,GARGOYLE,-2,2,5,0,0.00,80.00,false
2169,BLUE_5,BLUE,GARGOYLE,-3,3,4,0,12.00,64.00,false
2169,BLUE_6,BLUE,GOBLIN,-2,3,4,0,0.00,32.00,false
2170,GREEN_1,GREEN,ARCHER,0,-3,8,8,0.00,0.00,false
2170,GREEN_2,GREEN,GOBLIN,2,-3,7,7,0.00,0.00,false
2170,GREEN_3,GREEN,ARCHER,3,-3,1,1,0.00,0.00,false
2170,BLUE_4,BLUE,GARGOYLE,-2,2,5,5,0.00,0.00,false
2170,BLUE_5,BLUE,GARGOYLE,-3,3,4,4,0.00,0.00,false
2170,BLUE_6,BLUE,GOBLIN,-2,3,4,4,0.00,0.00,false
2171,GREEN_1,GREEN,GARGOYLE,0,-3,6,6,0.00,0.00,false
2171,GREEN_2,GREEN,GOLEM,3,-2,3,3,0.00,0.00,false
2171,GREEN_3,GREEN,SPIDER,1,-2,1,1,0.00,0.00,false
2171,BLUE_4,BLUE,ASSASSIN,-2,3,8,8,0.00,0.00,false
2171,BLUE_5,BLUE,MAGE,-1,3,2,2,0.00,0.00,false
2171,BLUE_6,BLUE,SPIDER,-3,3,1,1,0.00,0.00,false
2172,GREEN_1,GREEN,GARGOYLE,0,-3,6,4,62.00,72.00,false
2172,GREEN_2,GREEN,GOLEM,3,-2,3,3,0.00,0.00,false
2172,GREEN_3,GREEN,SPIDER,1,-2,1,0,0.00,4.00,false
2172,BLUE_4,BLUE,ASSASSIN,-2,3,8,1,76.00,62.00,false
2172,BLUE_5,BLUE,MAGE,-1,3,2,2,0.00,0.00,false
2172,BLUE_6,BLUE,SPIDER,-3,3,1,1,0.00,0.00,false
2173,GREEN_1,GREEN,GOBLIN,1,-3,12,10,88.00,38.00,true
2173,GREEN_2,GREEN,MAGE,3,-2,4,4,35.00,8.00,true
2173,GREEN_3,GREEN,GOLEM,2,-3,1,1,15.00,5.00,true
2173,BLUE_4,BLUE,GOLEM,-2,2,1,0,4.00,26.00,false
2173,BLUE_5,BLUE,ARCHER,-3,3,7,0,22.00,56.00,false
2173,BLUE_6,BLUE,GOBLIN,-3,2,7,0,25.00,56.00,false
2174,GREEN_1,GREEN,GOBLIN,1,-3,12,0,24.00,96.00,false
2174,GREEN_2,GREEN,MAGE,3,-2,4,0,9.00,32.00,false
2174,GREEN_3,GREEN,GOLEM,2,-3,1,0,0.00,26.00,false
2174,BLUE_4,BLUE,GOLEM,-2,2,1,1,4.00,0.00,true
2174,BLUE_5,BLUE,ARCHER,-3,3,7,7,121.00,9.00,true
2174,BLUE_6,BLUE,GOBLIN,-3,2,7,6,29.00,24.00,true
2175,GREEN_1,GREEN,ASSASSIN,3,-3,8,8,70.00,13.00,true
2175,GREEN_2,GREEN,ASSASSIN,0,-3,2,1,18.00,12.00,true
2175,GREEN_3,GREEN,GOBLIN,2,-3,1,1,0.00,0.00,true
2175,BLUE_4,BLUE,MAGE,-3,3,7,0,13.00,56.00,false
2175,BLUE_5,BLUE,ARCHER,-3,2,4,0,12.00,32.00,false
2176,GREEN_1,GREEN,ASSASSIN,3,-3,8,0,0.00,64.00,false
2176,GREEN_2,GREEN,ASSASSIN,0,-3,2,0,0.00,16.00,false
2176,GREEN_3,GREEN,GOBLIN,2,-3,1,0,0.00,8.00,false
2176,BLUE_4,BLUE,MAGE,-3,3,7,7,59.00,0.00,true
2176,BLUE_5,BLUE,ARCHER,-3,2,4,4,29.00,0.00,true
2177,GREEN_1,GREEN,MAGE,0,-2,8,7,44.00,24.00,false
2177,GREEN_2,GREEN,GARGOYLE,2,-3,2,2,0.00,0.00,false
2177,GREEN_3,GREEN,GOBLIN,1,-2,1,1,0.00,0.00,false
2177,BLUE_4,BLUE,ARCHER,0,2,8,8,16.00,8.00,false
2177,BLUE_5,BLUE,SPIDER,0,3,7,0,6.00,28.00,false
2177,BLUE_6,BLUE,SPIDER,-2,3,2,0,2.00,8.00,false
2178,GREEN_1,GREEN,MAGE,0,-2,8,0,36.00,64.00,false
2178,GREEN_2,GREEN,GARGOYLE,2,-3,2,0,13.00,32.00,false
2178,GREEN_3,GREEN,GOBLIN,1,-2,1,0,0.00,8.00,false
2178,BLUE_4,BLUE,ARCHER,0,2,8,7,56.00,26.00,true
2178,BLUE_5,BLUE,SPIDER,0,3,7,5,36.00,18.00,true
2178,BLUE_6,BLUE,SPIDER,-2,3,2,1,12.00,5.00,true
2179,GREEN_1,GREEN,GARGOYLE,1,-2,5,5,33.00,0.00,true
2179,GREEN_2,GREEN,ARCHER,1,-3,5,5,95.00,0.00,true
2179,GREEN_3,GREEN,ARCHER,3,-3,1,1,16.00,0.00,true
2179,GREEN_4,GREEN,GOBLIN,3,-2,1,0,4.00,8.00,true
2179,BLUE_5,BLUE,SCORPION_RIDER,-2,2,6,0,8.00,108.00,false
2179,BLUE_6,BLUE,SPIDER,-2,3,8,0,0.00,32.00,false
2179,BLUE_7,BLUE,GOBLIN,0,3,1,0,0.00,8.00,false
2180,GREEN_1,GREEN,GARGOYLE,1,-2,5,0,41.00,80.00,false
2180,GREEN_2,GREEN,ARCHER,1,-3,5,0,4.00,40.00,false
2180,GREEN_3,GREEN,ARCHER,3,-3,1,0,0.00,8.00,false
2180,GREEN_4,GREEN,GOBLIN,3,-2,1,0,0.00,8.00,false
2180,BLUE_5,BLUE,SCORPION_RIDER,-2,2,6,6,118.00,28.00,true
2180,BLUE_6,BLUE,SPIDER,-2,3,8,6,18.00,17.00,true
2180,BLUE_7,BLUE,GOBLIN,0,3,1,1,0.00,0.00,true
2181,GREEN_1,GREEN,GOLEM,0,-2,1,1,0.00,0.00,true
2181,GREEN_2,GREEN,GOBLIN,0,-3,12,12,0.00,0.00,true
2181,GREEN_3,GREEN,MAGE,2,-2,4,4,184.00,0.00,true
2181,BLUE_4,BLUE,GOLEM,-2,2,4,0,0.00,104.00,false
2181,BLUE_5,BLUE,GARGOYLE,0,3,4,0,0.00,64.00,false
2181,BLUE_6,BLUE,GOBLIN,-1,2,2,0,0.00,16.00,false
2182,GREEN_1,GREEN,GOLEM,0,-2,1,0,18.00,26.00,false
2182,GREEN_2,GREEN,GOBLIN,0,-3,12,0,54.00,96.00,false
2182,GREEN_3,GREEN,MAGE,2,-2,4,0,1.00,32.00,false
2182,BLUE_4,BLUE,GOLEM,-2,2,4,4,112.00,59.00,true
2182,BLUE_5,BLUE,GARGOYLE,0,3,4,4,32.00,0.00,true
2182,BLUE_6,BLUE,GOBLIN,-1,2,2,2,10.00,14.00,true
2183,GREEN_1,GREEN,MAGE,1,-3,8,8,84.00,27.00,true
2183,GREEN_2,GREEN,ASSASSIN,0,-2,2,2,22.00,12.00,true
2183,GREEN_3,GREEN,SPIDER,3,-3,1,1,6.00,0.00,true
2183,BLUE_4,BLUE,MAGE,-3,2,8,0,39.00,64.00,false
2183,BLUE_5,BLUE,GOBLIN,0,2,6,0,0.00,48.00,false
2184,GREEN_1,GREEN,MAGE,1,-3,8,0,15.00,64.00,false
2184,GREEN_2,GREEN,ASSASSIN,0,-2,2,0,8.00,16.00,false
2184,GREEN_3,GREEN,SPIDER,3,-3,1,0,0.00,4.00,false
2184,BLUE_4,BLUE,MAGE,-3,2,8,8,0.00,0.00,true
2184,BLUE_5,BLUE,GOBLIN,0,2,6,5,84.00,23.00,true
2185,GREEN_1,GREEN,ARCHER,0,-3,8,8,68.00,0.00,false
2185,GREEN_2,GREEN,GARGOYLE,1,-2,3,3,0.00,0.00,false
2185,GREEN_3,GREEN,GOBLIN,2,-3,2,2,0.00,0.00,false
2185,BLUE_4,BLUE,ASSASSIN,-1,2,8,0,0.00,64.00,false
2185,BLUE_5,BLUE,MAGE,0,3,2,2,0.00,0.00,false
2185,BLUE_6,BLUE,SPIDER,-2,2,1,0,0.00,4.00,false
2186,GREEN_1,GREEN,ARCHER,0,-3,8,0,24.00,64.00,false
2186,GREEN_2,GREEN,GARGOYLE,1,-2,3,0,15.00,48.00,false
2186,GREEN_3,GREEN,GOBLIN,2,-3,2,0,8.00,16.00,false
2186,BLUE_4,BLUE,ASSASSIN,-1,2,8,5,120.00,43.00,true
2186,BLUE_5,BLUE,MAGE,0,3,2,2,6.00,0.00,true
2186,BLUE_6,BLUE,SPIDER,-2,2,1,0,2.00,4.00,true
2187,GREEN_1,GREEN,MAGE,0,-3,7,2,46.00,51.00,true
2187,GREEN_2,GREEN,GARGOYLE,-1,-2,3,3,42.00,18.00,true
2187,GREEN_3,GREEN,GOBLIN,1,-3,1,0,4.00,8.00,true
2187,BLUE_4,BLUE,ARCHER,0,2,7,0,63.00,56.00,false
2187,BLUE_5,BLUE,MAGE,-1,2,4,0,14.00,32.00,false
2187,BLUE_6,BLUE,SPIDER,-1,3,1,0,0.00,4.00,false
2188,GREEN_1,GREEN,MAGE,0,-3,7,0,45.00,56.00,false
2188,GREEN_2,GREEN,GARGOYLE,-1,-2,3,0,3.00,48.00,false
2188,GREEN_3,GREEN,GOBLIN,1,-3,1,0,0.00,8.00,false
2188,BLUE_4,BLUE,ARCHER,0,2,7,5,75.00,22.00,true
2188,BLUE_5,BLUE,MAGE,-1,2,4,2,36.00,23.00,true
2188,BLUE_6,BLUE,SPIDER,-1,3,1,1,1.00,3.00,true
2189,GREEN_1,GREEN,SCORPION_RIDER,0,-2,6,6,112.00,18.00,true
2189,GREEN_2,GREEN,GOLEM,1,-3,2,2,0.00,0.00,true
2189,GREEN_3,GREEN,GOBLIN,2,-3,2,2,0.00,0.00,true
2189,BLUE_4,BLUE,MAGE,-3,3,8,0,6.00,64.00,false
2189,BLUE_5,BLUE,GOBLIN,-2,2,6,0,12.00,48.00,false
2190,GREEN_1,GREEN,SCORPION_RIDER,0,-2,6,0,0.00,108.00,false
2190,GREEN_2,GREEN,GOLEM,1,-3,2,0,7.00,52.00,false
2190,GREEN_3,GREEN,GOBLIN,2,-3,2,0,0.00,16.00,false
2190,BLUE_4,BLUE,MAGE,-3,3,8,8,159.00,0.00,true
2190,BLUE_5,BLUE,GOBLIN,-2,2,6,6,17.00,7.00,true
2191,GREEN_1,GREEN,MAGE,2,-3,8,8,138.00,2.00,true
2191,GREEN_2,GREEN,GOBLIN,0,-2,5,5,0.00,0.00,true
2191,GREEN_3,GREEN,SPIDER,0,-3,1,1,0.00,0.00,true
2191,BLUE_4,BLUE,SPIDER,-3,3,13,0,0.00,52.00,false
2191,BLUE_5,BLUE,GOLEM,-1,3,3,0,0.00,78.00,false
2191,BLUE_6,BLUE,SPIDER,1,2,1,0,2.00,4.00,false
2191,BLUE_7,BLUE,SPIDER,-1,2,1,0,0.00,4.00,false
2192,GREEN_1,GREEN,MAGE,2,-3,8,8,0.00,0.00,false
2192,GREEN_2,GREEN,GOBLIN,0,-2,5,0,0.00,40.00,false
2192,GREEN_3,GREEN,SPIDER,0,-3,1,0,2.00,4.00,false
2192,BLUE_4,BLUE,SPIDER,-3,3,13,13,0.00,0.00,false
2192,BLUE_5,BLUE,GOLEM,-1,3,3,3,0.00,0.00,false
2192,BLUE_6,BLUE,SPIDER,1,2,1,1,44.00,2.00,false
2192,BLUE_7,BLUE,SPIDER,-1,2,1,1,0.00,0.00,false
2193,GREEN_1,GREEN,GOLEM,1,-3,4,4,85.00,37.00,true
2193,GREEN_2,GREEN,ARCHER,2,-3,5,5,63.00,0.00,true
2193,GREEN_3,GREEN,GOBLIN,3,-3,1,1,0.00,0.00,true
2193,BLUE_4,BLUE,GOLEM,-2,3,4,0,35.00,104.00,false
2193,BLUE_5,BLUE,SPIDER,-2,2,10,0,2.00,40.00,false
2193,BLUE_6,BLUE,SPIDER,-3,3,1,0,0.00,4.00,false
2194,GREEN_1,GREEN,GOLEM,1,-3,4,4,0.00,0.00,false
2194,GREEN_2,GREEN,ARCHER,2,-3,5,5,0.00,0.00,false
2194,GREEN_3,GREEN,GOBLIN,3,-3,1,1,0.00,0.00,false
2194,BLUE_4,BLUE,GOLEM,-2,3,4,4,0.00,0.00,false
2194,BLUE_5,BLUE,SPIDER,-2,2,10,10,0.00,0.00,false
2194,BLUE_6,BLUE,SPIDER,-3,3,1,1,0.00,0.00,false
2195,GREEN_1,GREEN,MAGE,1,-2,8,4,112.00,42.00,true
2195,GREEN_2,GREEN,SPIDER,2,-2,5,5,36.00,4.00,true
2195,GREEN_3,GREEN,GOBLIN,2,-3,1,0,4.00,8.00,true
2195,BLUE_4,BLUE,GOBLIN,0,3,11,0,0.00,88.00,false
2195,BLUE_5,BLUE,ARCHER,-2,2,6,0,54.00,48.00,false
2195,BLUE_6,BLUE,GOBLIN,-1,3,2,0,0.00,16.00,false
2196,GREEN_1,GREEN,MAGE,1,-2,8,0,13.00,64.00,false
2196,GREEN_2,GREEN,SPIDER,2,-2,5,0,0.00,20.00,false
2196,GREEN_3,GREEN,GOBLIN,2,-3,1,0,0.00,8.00,false
2196,BLUE_4,BLUE,GOBLIN,0,3,11,11,44.00,7.00,true
2196,BLUE_5,BLUE,ARCHER,-2,2,6,6,48.00,6.00,true
2196,BLUE_6,BLUE,GOBLIN,-1,3,2,2,0.00,0.00,true
2197,GREEN_1,GREEN,ARCHER,1,-3,8,8,22.00,2.00,true
2197,GREEN_2,GREEN,SCORPION_RIDER,3,-2,3,3,74.00,17.00,true
2197,GREEN_3,GREEN,GOBLIN,-1,-2,1,1,4.00,3.00,true
2197,BLUE_4,BLUE,MAGE,-3,3,8,0,10.00,64.00,false
2197,BLUE_5,BLUE,GARGOYLE,0,3,2,0,12.00,32.00,false
2197,BLUE_6,BLUE,SPIDER,-3,2,1,0,0.00,4.00,false
2198,GREEN_1,GREEN,ARCHER,1,-3,8,2,98.00,56.00,false
2198,GREEN_2,GREEN,SCORPION_RIDER,3,-2,3,0,0.00,54.00,false
2198,GREEN_3,GREEN,GOBLIN,-1,-2,1,0,0.00,8.00,false
2198,BLUE_4,BLUE,MAGE,-3,3,8,2,45.00,60.00,false
2198,BLUE_5,BLUE,GARGOYLE,0,3,2,0,71.00,34.00,false
2198,BLUE_6,BLUE,SPIDER,-3,2,1,0,2.00,4.00,false
2199,GREEN_1,GREEN,GOBLIN,-1,-2,12,8,101.00,60.00,true
2199,GREEN_2,GREEN,GOLEM,3,-3,3,3,51.00,52.00,true
2199,GREEN_3,GREEN,MAGE,1,-2,1,1,6.00,0.00,true
2199,BLUE_4,BLUE,GOLEM,-3,3,4,0,98.00,104.00,false
2199,BLUE_5,BLUE,SPIDER,0,2,8,0,10.00,32.00,false
2199,BLUE_6,BLUE,SCORPION_RIDER,0,3,1,0,4.00,18.00,false
2199,BLUE_7,BLUE,SPIDER,-1,3,1,0,0.00,4.00,false
2200,GREEN_1,GREEN,GOBLIN,-1,-2,12,0,70.00,96.00,false
2200,GREEN_2,GREEN,GOLEM,3,-3,3,0,0.00,78.00,false
2200,GREEN_3,GREEN,MAGE,1,-2,1,0,0.00,8.00,false
2200,BLUE_4,BLUE,GOLEM,-3,3,4,3,55.00,62.00,true
2200,BLUE_5,BLUE,SPIDER,0,2,8,8,116.00,0.00,true
2200,BLUE_6,BLUE,SCORPION_RIDER,0,3,1,1,9.00,8.00,true
2200,BLUE_7,BLUE,SPIDER,-1,3,1,1,2.00,0.00,true
2201,GREEN_1,GREEN,ASSASSIN,3,-3,7,4,114.00,45.00,false
2201,GREEN_2,GREEN,GARGOYLE,2,-3,3,3,0.00,0.00,false
2201,GREEN_3,GREEN,SPIDER,1,-3,1,1,0.00,0.00,false
2201,BLUE_4,BLUE,SPIDER,-2,2,11,0,16.00,44.00,false
2201,BLUE_5,BLUE,GARGOYLE,-3,3,4,3,20.00,38.00,false
2201,BLUE_6,BLUE,GARGOYLE,-1,2,2,0,9.00,32.00,false
2202,GREEN_1,GREEN,ASSASSIN,3,-3,7,7,0.00,0.00,false
2202,GREEN_2,GREEN,GARGOYLE,2,-3,3,3,22.00,6.00,false
2202,GREEN_3,GREEN,SPIDER,1,-3,1,0,0.00,4.00,false
2202,BLUE_4,BLUE,SPIDER,-2,2,11,11,0.00,0.00,false
2202,BLUE_5,BLUE,GARGOYLE,-3,3,4,4,0.00,0.00,false
2202,BLUE_6,BLUE,GARGOYLE,-1,2,2,1,10.00,22.00,false
2203,GREEN_1,GREEN,SCORPION_RIDER,2,-3,6,6,92.00,10.00,true
2203,GREEN_2,GREEN,GOLEM,-1,-2,2,2,0.00,0.00,true
2203,GREEN_3,GREEN,GARGOYLE,0,-3,1,1,0.00,0.00,true
2203,BLUE_4,BLUE,ARCHER,0,3,7,0,8.00,56.00,false
2203,BLUE_5,BLUE,MAGE,-2,2,4,0,2.00,32.00,false
2203,BLUE_6,BLUE,SPIDER,-1,3,1,0,0.00,4.00,false
2204,GREEN_1,GREEN,SCORPION_RIDER,2,-3,6,0,0.00,108.00,false
2204,GREEN_2,GREEN,GOLEM,-1,-2,2,0,0.00,52.00,false
2204,GREEN_3,GREEN,GARGOYLE,0,-3,1,0,0.00,16.00,false
2204,BLUE_4,BLUE,ARCHER,0,3,7,7,129.00,0.00,true
2204,BLUE_5,BLUE,MAGE,-2,2,4,4,47.00,0.00,true
2204,BLUE_6,BLUE,SPIDER,-1,3,1,1,0.00,0.00,true
2205,GREEN_1,GREEN,SPIDER,3,-3,15,15,84.00,0.00,true
2205,GREEN_2,GREEN,SCORPION_RIDER,1,-2,3,1,56.00,50.00,true
2205,GREEN_3,GREEN,GOBLIN,2,-3,1,1,0.00,0.00,true
2205,GREEN_4,GREEN,SPIDER,0,-2,1,1,4.00,0.00,true
2205,BLUE_5,BLUE,GOLEM,-2,3,4,0,26.00,104.00,false
2205,BLUE_6,BLUE,ASSASSIN,0,2,5,0,24.00,40.00,false
2206,GREEN_1,GREEN,SPIDER,3,-3,15,0,40.00,60.00,false
2206,GREEN_2,GREEN,SCORPION_RIDER,1,-2,3,0,28.00,54.00,false
2206,GREEN_3,GREEN,GOBLIN,2,-3,1,0,1.00,8.00,false
2206,GREEN_4,GREEN,SPIDER,0,-2,1,0,0.00,4.00,false
2206,BLUE_5,BLUE,GOLEM,-2,3,4,4,86.00,29.00,true
2206,BLUE_6,BLUE,ASSASSIN,0,2,5,0,40.00,40.00,true
2207,GREEN_1,GREEN,ASSASSIN,-1,-2,7,1,92.00,54.00,true
2207,GREEN_2,GREEN,MAGE,3,-2,3,3,52.00,6.00,true
2207,GREEN_3,GREEN,GOBLIN,1,-3,1,1,0.00,0.00,true
2207,BLUE_4,BLUE,GARGOYLE,-3,3,6,0,50.00,96.00,false
2207,BLUE_5,BLUE,ARCHER,-2,2,4,0,8.00,32.00,false
2207,BLUE_6,BLUE,GARGOYLE,-2,3,1,0,2.00,16.00,false
2208,GREEN_1,GREEN,ASSASSIN,-1,-2,7,0,0.00,56.00,false
2208,GREEN_2,GREEN,MAGE,3,-2,3,0,0.00,24.00,false
2208,GREEN_3,GREEN,GOBLIN,1,-3,1,0,0.00,8.00,false
2208,BLUE_4,BLUE,GARGOYLE,-3,3,6,6,29.00,0.00,true
2208,BLUE_5,BLUE,ARCHER,-2,2,4,4,56.00,0.00,true
2208,BLUE_6,BLUE,GARGOYLE,-2,3,1,1,3.00,0.00,true
2209,GREEN_1,GREEN,GOLEM,-1,-2,4,4,68.00,25.00,true
2209,GREEN_2,GREEN,MAGE,0,-2,5,5,52.00,4.00,true
2209,BLUE_3,BLUE,SPIDER,-3,2,16,0,22.00,64.00,false
2209,BLUE_4,BLUE,GARGOYLE,-2,3,3,0,3.00,48.00,false
2209,BLUE_5,BLUE,ARCHER,-1,3,1,0,4.00,8.00,false
2210,GREEN_1,GREEN,GOLEM,-1,-2,4,0,0.00,104.00,false
2210,GREEN_2,GREEN,MAGE,0,-2,5,0,13.00,40.00,false
2210,BLUE_3,BLUE,SPIDER,-3,2,16,16,111.00,7.00,true
2210,BLUE_4,BLUE,GARGOYLE,-2,3,3,3,25.00,0.00,true
2210,BLUE_5,BLUE,ARCHER,-1,3,1,1,8.00,6.00,true
2211,GREEN_1,GREEN,MAGE,3,-2,7,7,140.00,4.00,true
2211,GREEN_2,GREEN,MAGE,2,-3,3,3,8.00,0.00,true
2211,GREEN_3,GREEN,GOBLIN,0,-2,1,1,0.00,0.00,true
2211,BLUE_4,BLUE,GOLEM,-3,3,4,0,0.00,104.00,false
2211,BLUE_5,BLUE,SPIDER,-1,3,9,0,4.00,36.00,false
2211,BLUE_6,BLUE,SPIDER,-2,3,2,0,0.00,8.00,false
2212,GREEN_1,GREEN,MAGE,3,-2,7,0,22.00,56.00,false
2212,GREEN_2,GREEN,MAGE,2,-3,3,0,4.00,24.00,false
2212,GREEN_3,GREEN,GOBLIN,0,-2,1,0,0.00,8.00,false
2212,BLUE_4,BLUE,GOLEM,-3,3,4,4,0.00,0.00,true
2212,BLUE_5,BLUE,SPIDER,-1,3,9,6,88.00,26.00,true
2212,BLUE_6,BLUE,SPIDER,-2,3,2,2,0.00,0.00,true
2213,GREEN_1,GREEN,GOLEM,3,-3,4,4,0.00,0.00,false
2213,GREEN_2,GREEN,SPIDER,0,-3,9,9,0.00,0.00,false
2213,GREEN_3,GREEN,GARGOYLE,3,-2,1,1,0.00,0.00,false
2213,BLUE_4,BLUE,ASSASSIN,-1,3,7,7,0.00,0.00,false
2213,BLUE_5,BLUE,MAGE,-3,3,3,3,0.00,0.00,false
2213,BLUE_6,BLUE,SPIDER,0,3,1,1,0.00,0.00,false
2214,GREEN_1,GREEN,GOLEM,3,-3,4,4,25.00,21.00,false
2214,GREEN_2,GREEN,SPIDER,0,-3,9,0,14.00,36.00,false
2214,GREEN_3,GREEN,GARGOYLE,3,-2,1,0,3.00,16.00,false
2214,BLUE_4,BLUE,ASSASSIN,-1,3,7,4,73.00,42.00,false
2214,BLUE_5,BLUE,MAGE,-3,3,3,3,0.00,0.00,false
2214,BLUE_6,BLUE,SPIDER,0,3,1,1,0.00,0.00,false
2215,GREEN_1,GREEN,MAGE,1,-3,5,0,25.00,40.00,true
2215,GREEN_2,GREEN,ARCHER,3,-2,6,5,62.00,25.00,true
2215,GREEN_3,GREEN,GOBLIN,-1,-2,1,1,1.00,4.00,true
2215,BLUE_4,BLUE,MAGE,-2,2,7,0,59.00,56.00,false
2215,BLUE_5,BLUE,SPIDER,1,2,3,0,2.00,12.00,false
2215,BLUE_6,BLUE,ARCHER,0,3,2,0,8.00,16.00,false
2215,BLUE_7,BLUE,SPIDER,-1,3,1,0,0.00,4.00,false
2216,GREEN_1,GREEN,MAGE,1,-3,5,5,5.00,4.00,false
2216,GREEN_2,GREEN,ARCHER,3,-2,6,0,58.00,48.00,false
2216,GREEN_3,GREEN,GOBLIN,-1,-2,1,0,0.00,8.00,false
2216,BLUE_4,BLUE,MAGE,-2,2,7,3,40.00,45.00,false
2216,BLUE_5,BLUE,SPIDER,1,2,3,3,6.00,4.00,false
2216,BLUE_6,BLUE,ARCHER,0,3,2,2,12.00,10.00,false
2216,BLUE_7,BLUE,SPIDER,-1,3,1,0,2.00,4.00,false
2217,GREEN_1,GREEN,ASSASSIN,1,-3,8,7,92.00,22.00,true
2217,GREEN_2,GREEN,SCORPION_RIDER,0,-3,2,2,24.00,7.00,true
2217,GREEN_3,GREEN,SPIDER,-1,-2,1,1,0.00,0.00,true
2217,BLUE_4,BLUE,MAGE,-3,2,7,0,9.00,56.00,false
2217,BLUE_5,BLUE,GOLEM,-1,2,2,0,20.00,52.00,false
2217,BLUE_6,BLUE,ARCHER,-2,3,1,0,0.00,8.00,false
2218,GREEN_1,GREEN,ASSASSIN,1,-3,8,0,33.00,64.00,false
2218,GREEN_2,GREEN,SCORPION_RIDER,0,-3,2,0,0.00,36.00,false
2218,GREEN_3,GREEN,SPIDER,-1,-2,1,0,0.00,4.00,false
2218,BLUE_4,BLUE,MAGE,-3,2,7,7,74.00,0.00,true
2218,BLUE_5,BLUE,GOLEM,-1,2,2,2,14.00,33.00,true
2218,BLUE_6,BLUE,ARCHER,-2,3,1,1,16.00,0.00,true
2219,GREEN_1,GREEN,GARGOYLE,0,-3,6,6,120.00,36.00,true
2219,GREEN_2,GREEN,SPIDER,-1,-2,11,10,50.00,13.00,true
2219,BLUE_3,BLUE,GARGOYLE,-1,2,5,0,49.00,80.00,false
2219,BLUE_4,BLUE,SCORPION_RIDER,0,2,5,0,0.00,90.00,false
2220,GREEN_1,GREEN,GARGOYLE,0,-3,6,0,62.00,96.00,false
2220,GREEN_2,GREEN,SPIDER,-1,-2,11,0,20.00,44.00,false
2220,BLUE_3,BLUE,GARGOYLE,-1,2,5,5,30.00,3.00,true
2220,BLUE_4,BLUE,SCORPION_RIDER,0,2,5,3,110.00,79.00,true
2221,GREEN_1,GREEN,ARCHER,2,-3,8,8,71.00,2.00,true
2221,GREEN_2,GREEN,MAGE,1,-3,3,3,17.00,0.00,true
2221,GREEN_3,GREEN,SPIDER,0,-3,2,2,0.00,0.00,true
2221,BLUE_4,BLUE,ASSASSIN,-3,3,8,0,0.00,64.00,false
2221,BLUE_5,BLUE,MAGE,1,2,2,0,2.00,16.00,false
2221,BLUE_6,BLUE,GOBLIN,-3,2,1,0,0.00,8.00,false
2222,GREEN_1,GREEN,ARCHER,2,-3,8,0,22.00,64.00,false
2222,GREEN_2,GREEN,MAGE,1,-3,3,0,16.00,24.00,false
2222,GREEN_3,GREEN,SPIDER,0,-3,2,0,0.00,8.00,false
2222,BLUE_4,BLUE,ASSASSIN,-3,3,8,7,72.00,23.00,true
2222,BLUE_5,BLUE,MAGE,1,2,2,2,16.00,9.00,true
2222,BLUE_6,BLUE,GOBLIN,-3,2,1,1,8.00,6.00,true
2223,GREEN_1,GREEN,SCORPION_RIDER,2,-3,6,0,177.00,120.00,false
2223,GREEN_2,GREEN,GOLEM,2,-2,2,2,0.00,0.00,false
2223,GREEN_3,GREEN,MAGE,-1,-2,1,1,0.00,0.00,false
2223,BLUE_4,BLUE,GOLEM,1,2,4,2,78.00,91.00,false
2223,BLUE_5,BLUE,GOLEM,0,3,3,0,42.00,78.00,false
2223,BLUE_6,BLUE,GOBLIN,-1,3,1,0,0.00,8.00,false
2224,GREEN_1,GREEN,SCORPION_RIDER,2,-3,6,6,73.00,49.00,false
2224,GREEN_2,GREEN,GOLEM,2,-2,2,0,23.00,52.00,false
2224,GREEN_3,GREEN,MAGE,-1,-2,1,0,0.00,8.00,false
2224,BLUE_4,BLUE,GOLEM,1,2,4,2,88.00,57.00,false
2224,BLUE_5,BLUE,GOLEM,0,3,3,3,21.00,39.00,false
2224,BLUE_6,BLUE,GOBLIN,-1,3,1,1,0.00,0.00,false
2225,GREEN_1,GREEN,GOLEM,3,-2,4,4,76.00,24.00,true
2225,GREEN_2,GREEN,GARGOYLE,1,-3,4,4,14.00,4.00,true
2225,GREEN_3,GREEN,ARCHER,2,-3,1,1,10.00,2.00,true
2225,BLUE_4,BLUE,SPIDER,-1,2,15,0,22.00,60.00,false
2225,BLUE_5,BLUE,ARCHER,-2,3,5,0,8.00,40.00,false
2226,GREEN_1,GREEN,GOLEM,3,-2,4,0,0.00,104.00,false
2226,GREEN_2,GREEN,GARGOYLE,1,-3,4,0,19.00,64.00,false
2226,GREEN_3,GREEN,ARCHER,2,-3,1,0,2.00,8.00,false
2226,BLUE_4,BLUE,SPIDER,-1,2,15,14,124.00,15.00,true
2226,BLUE_5,BLUE,ARCHER,-2,3,5,5,52.00,6.00,true
2227,GREEN_1,GREEN,MAGE,1,-3,8,8,0.00,0.00,false
2227,GREEN_2,GREEN,SCORPION_RIDER,3,-2,2,2,48.00,10.00,false
2227,GREEN_3,GREEN,GOBLIN,0,-2,1,1,0.00,0.00,false
2227,BLUE_4,BLUE,SCORPION_RIDER,-2,2,5,5,0.00,0.00,false
2227,BLUE_5,BLUE,ARCHER,-1,3,5,0,10.00,40.00,false
2227,BLUE_6,BLUE,GOBLIN,-3,2,1,0,0.00,8.00,false
2228,GREEN_1,GREEN,MAGE,1,-3,8,0,5.00,64.00,false
2228,GREEN_2,GREEN,SCORPION_RIDER,3,-2,2,0,0.00,36.00,false
2228,GREEN_3,GREEN,GOBLIN,0,-2,1,0,0.00,8.00,false
2228,BLUE_4,BLUE,SCORPION_RIDER,-2,2,5,5,64.00,5.00,true
2228,BLUE_5,BLUE,ARCHER,-1,3,5,5,44.00,0.00,true
2228,BLUE_6,BLUE,GOBLIN,-3,2,1,1,0.00,0.00,true
2229,GREEN_1,GREEN,ASSASSIN,2,-3,8,8,4.00,0.00,false
2229,GREEN_2,GREEN,GARGOYLE,2,-2,2,2,0.00,0.00,false
2229,GREEN_3,GREEN,GOBLIN,0,-3,1,1,0.00,0.00,false
2229,BLUE_4,BLUE,GOLEM,-1,3,4,4,0.00,0.00,false
2229,BLUE_5,BLUE,SCORPION_RIDER,-3,3,4,4,0.00,0.00,false
2229,BLUE_6,BLUE,SPIDER,0,2,1,0,0.00,4.00,false
2230,GREEN_1,GREEN,ASSASSIN,2,-3,8,0,45.00,64.00,false
2230,GREEN_2,GREEN,GARGOYLE,2,-2,2,0,3.00,32.00,false
2230,GREEN_3,GREEN,GOBLIN,0,-3,1,0,0.00,8.00,false
2230,BLUE_4,BLUE,GOLEM,-1,3,4,4,40.00,6.00,true
2230,BLUE_5,BLUE,SCORPION_RIDER,-3,3,4,3,64.00,42.00,true
2230,BLUE_6,BLUE,SPIDER,0,2,1,1,0.00,0.00,true
2231,GREEN_1,GREEN,SCORPION_RIDER,1,-3,6,5,115.00,60.00,true
2231,GREEN_2,GREEN,MAGE,3,-2,2,2,17.00,0.00,true
2231,GREEN_3,GREEN,GARGOYLE,2,-3,1,1,6.00,0.00,true
2231,GREEN_4,GREEN,GOBLIN,0,-3,2,2,0.00,0.00,true
2231,BLUE_5,BLUE,SCORPION_RIDER,1,2,5,0,53.00,90.00,false
2231,BLUE_6,BLUE,MAGE,-2,3,4,0,3.00,32.00,false
2231,BLUE_7,BLUE,GOBLIN,0,3,2,0,4.00,16.00,false
2232,GREEN_1,GREEN,SCORPION_RIDER,1,-3,6,0,102.00,108.00,false
2232,GREEN_2,GREEN,MAGE,3,-2,2,0,1.00,16.00,false
2232,GREEN_3,GREEN,GARGOYLE,2,-3,1,0,3.00,16.00,false
2232,GREEN_4,GREEN,GOBLIN,0,-3,2,0,0.00,16.00,false
2232,BLUE_5,BLUE,SCORPION_RIDER,1,2,5,0,100.00,90.00,true
2232,BLUE_6,BLUE,MAGE,-2,3,4,4,52.00,0.00,true
2232,BLUE_7,BLUE,GOBLIN,0,3,2,0,4.00,16.00,true
2233,GREEN_1,GREEN,MAGE,0,-2,7,4,132.00,32.00,true
2233,GREEN_2,GREEN,GOLEM,2,-2,2,2,20.00,8.00,true
2233,GREEN_3,GREEN,SPIDER,0,-3,2,2,0.00,0.00,true
2233,BLUE_4,BLUE,GOBLIN,-2,2,10,0,0.00,80.00,false
2233,BLUE_5,BLUE,ARCHER,0,2,6,0,40.00,48.00,false
2233,BLUE_6,BLUE,GOBLIN,0,3,3,0,0.00,24.00,false
2234,GREEN_1,GREEN,MAGE,0,-2,7,0,12.00,56.00,false
2234,GREEN_2,GREEN,GOLEM,2,-2,2,0,28.00,52.00,false
2234,GREEN_3,GREEN,SPIDER,0,-3,2,0,0.00,8.00,false
2234,BLUE_4,BLUE,GOBLIN,-2,2,10,9,65.00,20.00,true
2234,BLUE_5,BLUE,ARCHER,0,2,6,6,42.00,6.00,true
2234,BLUE_6,BLUE,GOBLIN,0,3,3,3,9.00,14.00,true
2235,GREEN_1,GREEN,GARGOYLE,3,-3,5,5,61.00,18.00,true
2235,GREEN_2,GREEN,GOLEM,-1,-2,4,4,71.00,34.00,true
2235,BLUE_3,BLUE,GARGOYLE,-1,3,6,0,51.00,96.00,false
2235,BLUE_4,BLUE,MAGE,0,2,4,0,1.00,32.00,false
2235,BLUE_5,BLUE,SPIDER,-1,2,1,0,0.00,4.00,false
2236,GREEN_1,GREEN,GARGOYLE,3,-3,5,0,0.00,80.00,false
2236,GREEN_2,GREEN,GOLEM,-1,-2,4,0,0.00,104.00,false
2236,BLUE_3,BLUE,GARGOYLE,-1,3,6,6,0.00,0.00,true
2236,BLUE_4,BLUE,MAGE,0,2,4,4,184.00,0.00,true
2236,BLUE_5,BLUE,SPIDER,-1,2,1,1,0.00,0.00,true
2237,GREEN_1,GREEN,GARGOYLE,0,-3,6,6,0.00,0.00,false
2237,GREEN_2,GREEN,ASSASSIN,0,-2,4,3,42.00,14.00,false
2237,GREEN_3,GREEN,GOBLIN,3,-2,1,1,2.00,4.00,false
2237,BLUE_4,BLUE,ARCHER,-3,3,7,7,0.00,0.00,false
2237,BLUE_5,BLUE,ARCHER,-2,2,4,0,16.00,32.00,false
2237,BLUE_6,BLUE,ARCHER,0,2,1,0,2.00,8.00,false
2237,BLUE_7,BLUE,SPIDER,-1,3,1,0,0.00,4.00,false
2238,GREEN_1,GREEN,GARGOYLE,0,-3,6,6,0.00,0.00,false
2238,GREEN_2,GREEN,ASSASSIN,0,-2,4,0,0.00,32.00,false
2238,GREEN_3,GREEN,GOBLIN,3,-2,1,0,0.00,8.00,false
2238,BLUE_4,BLUE,ARCHER,-3,3,7,7,0.00,0.00,false
2238,BLUE_5,BLUE,ARCHER,-2,2,4,4,32.00,0.00,false
2238,BLUE_6,BLUE,ARCHER,0,2,1,1,8.00,0.00,false
2238,BLUE_7,BLUE,SPIDER,-1,3,1,1,0.00,0.00,false
2239,GREEN_1,GREEN,GARGOYLE,0,-2,6,6,0.00,0.00,false
2239,GREEN_2,GREEN,ARCHER,1,-3,4,4,0.00,0.00,false
2239,GREEN_3,GREEN,MAGE,3,-3,1,1,1.00,6.00,false
2239,BLUE_4,BLUE,ASSASSIN,-3,2,8,8,0.00,0.00,false
2239,BLUE_5,BLUE,ARCHER,0,3,3,3,6.00,1.00,false
2240,GREEN_1,GREEN,GARGOYLE,0,-2,6,0,38.00,96.00,false
2240,GREEN_2,GREEN,ARCHER,1,-3,4,0,8.00,32.00,false
2240,GREEN_3,GREEN,MAGE,3,-3,1,0,1.00,8.00,false
2240,BLUE_4,BLUE,ASSASSIN,-3,2,8,7,133.00,47.00,true
2240,BLUE_5,BLUE,ARCHER,0,3,3,3,3.00,0.00,true
2241,GREEN_1,GREEN,ASSASSIN,1,-3,8,7,92.00,34.00,true
2241,GREEN_2,GREEN,ARCHER,0,-2,2,2,8.00,2.00,true
2241,GREEN_3,GREEN,SPIDER,3,-3,2,2,0.00,0.00,true
2241,BLUE_4,BLUE,SPIDER,-2,3,14,0,24.00,56.00,false
2241,BLUE_5,BLUE,ARCHER,0,3,5,0,12.00,40.00,false
2241,BLUE_6,BLUE,SPIDER,-3,2,1,0,0.00,4.00,false
2242,GREEN_1,GREEN,ASSASSIN,1,-3,8,0,0.00,64.00,false
2242,GREEN_2,GREEN,ARCHER,0,-2,2,0,4.00,16.00,false
2242,GREEN_3,GREEN,SPIDER,3,-3,2,0,2.00,8.00,false
2242,BLUE_4,BLUE,SPIDER,-2,3,14,14,60.00,4.00,true
2242,BLUE_5,BLUE,ARCHER,0,3,5,5,28.00,2.00,true
2242,BLUE_6,BLUE,SPIDER,-3,2,1,1,0.00,0.00,true
2243,GREEN_1,GREEN,ASSASSIN,1,-3,8,3,62.00,44.00,false
2243,GREEN_2,GREEN,GOBLIN,-1,-2,5,5,0.00,0.00,false
2243,GREEN_3,GREEN,GOBLIN,0,-3,1,1,0.00,0.00,false
2243,BLUE_4,BLUE,SCORPION_RIDER,-1,3,6,6,0.00,0.00,false
2243,BLUE_5,BLUE,SCORPION_RIDER,-3,2,3,0,40.00,54.00,false
2243,BLUE_6,BLUE,GOBLIN,-2,3,1,0,4.00,8.00,false
2244,GREEN_1,GREEN,ASSASSIN,1,-3,8,8,0.00,0.00,false
2244,GREEN_2,GREEN,GOBLIN,-1,-2,5,5,0.00,0.00,false
2244,GREEN_3,GREEN,GOBLIN,0,-3,1,1,0.00,0.00,false
2244,BLUE_4,BLUE,SCORPION_RIDER,-1,3,6,6,0.00,0.00,false
2244,BLUE_5,BLUE,SCORPION_RIDER,-3,2,3,3,0.00,0.00,false
2244,BLUE_6,BLUE,GOBLIN,-2,3,1,1,0.00,0.00,false
2245,GREEN_1,GREEN,GOBLIN,3,-2,11,9,70.00,34.00,true
2245,GREEN_2,GREEN,GOBLIN,2,-2,12,10,90.00,43.00,true
2245,GREEN_3,GREEN,SPIDER,1,-2,2,0,4.00,8.00,true
2245,BLUE_4,BLUE,GARGOYLE,-2,2,6,0,61.00,96.00,false
2245,BLUE_5,BLUE,GARGOYLE,0,2,4,0,24.00,64.00,false
2245,BLUE_6,BLUE,SPIDER,-1,3,1,0,0.00,4.00,false
2246,GREEN_1,GREEN,GOBLIN,3,-2,11,0,0.00,88.00,false
2246,GREEN_2,GREEN,GOBLIN,2,-2,12,0,0.00,96.00,false
2246,GREEN_3,GREEN,SPIDER,1,-2,2,0,0.00,8.00,false
2246,BLUE_4,BLUE,GARGOYLE,-2,2,6,6,151.00,0.00,true
2246,BLUE_5,BLUE,GARGOYLE,0,2,4,4,31.00,0.00,true
2246,BLUE_6,BLUE,SPIDER,-1,3,1,1,10.00,0.00,true
2247,GREEN_1,GREEN,GARGOYLE,0,-3,5,5,162.00,0.00,true
2247,GREEN_2,GREEN,GARGOYLE,1,-3,5,5,0.00,0.00,true
2247,GREEN_3,GREEN,GOBLIN,0,-2,1,1,4.00,0.00,true
2247,BLUE_4,BLUE,SCORPION_RIDER,-3,3,5,0,0.00,90.00,false
2247,BLUE_5,BLUE,SCORPION_RIDER,-1,3,4,0,0.00,72.00,false
2247,BLUE_6,BLUE,SPIDER,-2,3,1,0,0.00,4.00,false
2248,GREEN_1,GREEN,GARGOYLE,0,-3,5,0,45.00,80.00,false
2248,GREEN_2,GREEN,GARGOYLE,1,-3,5,0,51.00,80.00,false
2248,GREEN_3,GREEN,GOBLIN,0,-2,1,0,0.00,8.00,false
2248,BLUE_4,BLUE,SCORPION_RIDER,-3,3,5,4,87.00,57.00,true
2248,BLUE_5,BLUE,SCORPION_RIDER,-1,3,4,3,81.00,39.00,true
2248,BLUE_6,BLUE,SPIDER,-2,3,1,1,0.00,0.00,true
2249,GREEN_1,GREEN,GOLEM,2,-3,1,1,0.00,0.00,false
2249,GREEN_2,GREEN,SPIDER,3,-3,13,13,0.00,0.00,false
2249,GREEN_3,GREEN,SPIDER,1,-3,7,7,58.00,2.00,false
2249,GREEN_4,GREEN,SPIDER,2,-2,1,1,0.00,0.00,false
2249,BLUE_5,BLUE,SPIDER,-2,3,16,16,0.00,0.00,false
2249,BLUE_6,BLUE,SCORPION_RIDER,-2,2,3,0,0.00,54.00,false
2249,BLUE_7,BLUE,SPIDER,-3,2,1,0,2.00,4.00,false
2250,GREEN_1,GREEN,GOLEM,2,-3,1,0,0.00,26.00,false
2250,GREEN_2,GREEN,SPIDER,3,-3,13,0,54.00,52.00,false
2250,GREEN_3,GREEN,SPIDER,1,-3,7,0,14.00,28.00,false
2250,GREEN_4,GREEN,SPIDER,2,-2,1,0,0.00,4.00,false
2250,BLUE_5,BLUE,SPIDER,-2,3,16,15,70.00,22.00,true
2250,BLUE_6,BLUE,SCORPION_RIDER,-2,2,3,2,40.00,46.00,true
2250,BLUE_7,BLUE,SPIDER,-3,2,1,1,0.00,0.00,true
2251,GREEN_1,GREEN,GARGOYLE,1,-2,6,6,81.00,8.00,true
2251,GREEN_2,GREEN,GARGOYLE,3,-2,4,4,61.00,6.00,true
2251,GREEN_3,GREEN,GOBLIN,0,-3,1,1,2.00,0.00,true
2251,BLUE_4,BLUE,GOBLIN,-1,3,11,0,0.00,88.00,false
2251,BLUE_5,BLUE,ARCHER,-3,3,7,0,14.00,56.00,false
2252,GREEN_1,GREEN,GARGOYLE,1,-2,6,0,17.00,96.00,false
2252,GREEN_2,GREEN,GARGOYLE,3,-2,4,0,15.00,64.00,false
2252,GREEN_3,GREEN,GOBLIN,0,-3,1,0,0.00,8.00,false
2252,BLUE_4,BLUE,GOBLIN,-1,3,11,10,92.00,29.00,true
2252,BLUE_5,BLUE,ARCHER,-3,3,7,7,76.00,3.00,true
2253,GREEN_1,GREEN,SPIDER,3,-2,7,7,0.00,0.00,true
2253,GREEN_2,GREEN,SPIDER,0,-2,13,13,120.00,0.00,true
2253,GREEN_3,GREEN,MAGE,3,-3,2,2,0.00,0.00,true
2253,BLUE_4,BLUE,ASSASSIN,-2,3,7,0,0.00,56.00,false
2253,BLUE_5,BLUE,GOBLIN,0,3,8,0,0.00,64.00,false
2254,GREEN_1,GREEN,SPIDER,3,-2,7,0,10.00,28.00,false
2254,GREEN_2,GREEN,SPIDER,0,-2,13,0,23.00,52.00,false
2254,GREEN_3,GREEN,MAGE,3,-3,2,0,2.00,16.00,false
2254,BLUE_4,BLUE,ASSASSIN,-2,3,7,4,88.00,33.00,true
2254,BLUE_5,BLUE,GOBLIN,0,3,8,8,8.00,2.00,true
2255,GREEN_1,GREEN,GOLEM,2,-2,4,4,0.00,0.00,false
2255,GREEN_2,GREEN,GOBLIN,3,-2,10,10,0.00,0.00,false
2255,GREEN_3,GREEN,SPIDER,1,-3,1,1,8.00,0.00,false
2255,BLUE_4,BLUE,ARCHER,-2,2,7,7,0.00,0.00,false
2255,BLUE_5,BLUE,GOLEM,-3,3,3,3,0.00,0.00,false
2255,BLUE_6,BLUE,GOBLIN,-1,3,1,0,0.00,8.00,false
2256,GREEN_1,GREEN,GOLEM,2,-2,4,0,52.00,104.00,false
2256,GREEN_2,GREEN,GOBLIN,3,-2,10,0,8.00,80.00,false
2256,GREEN_3,GREEN,SPIDER,1,-3,1,0,0.00,4.00,false
2256,BLUE_4,BLUE,ARCHER,-2,2,7,7,127.00,0.00,true
2256,BLUE_5,BLUE,GOLEM,-3,3,3,3,57.00,52.00,true
2256,BLUE_6,BLUE,GOBLIN,-1,3,1,0,4.00,8.00,true
2257,GREEN_1,GREEN,GOBLIN,2,-2,11,11,104.00,20.00,true
2257,GREEN_2,GREEN,GARGOYLE,0,-3,5,5,0.00,0.00,true
2257,GREEN_3,GREEN,MAGE,3,-3,1,1,0.00,0.00,true
2257,BLUE_4,BLUE,MAGE,1,2,8,0,10.00,64.00,false
2257,BLUE_5,BLUE,GARGOYLE,0,3,2,0,6.00,32.00,false
2257,BLUE_6,BLUE,GOBLIN,-2,3,1,0,4.00,8.00,false
2258,GREEN_1,GREEN,GOBLIN,2,-2,11,0,0.00,88.00,false
2258,GREEN_2,GREEN,GARGOYLE,0,-3,5,0,42.00,80.00,false
2258,GREEN_3,GREEN,MAGE,3,-3,1,0,3.00,8.00,false
2258,BLUE_4,BLUE,MAGE,1,2,8,5,151.00,45.00,true
2258,BLUE_5,BLUE,GARGOYLE,0,3,2,2,25.00,0.00,true
2258,BLUE_6,BLUE,GOBLIN,-2,3,1,1,0.00,0.00,true
2259,GREEN_1,GREEN,ARCHER,0,-3,7,7,128.00,0.00,true
2259,GREEN_2,GREEN,GOLEM,0,-2,3,2,52.00,51.00,true
2259,GREEN_3,GREEN,SPIDER,3,-2,1,1,0.00,0.00,true
2259,BLUE_4,BLUE,SCORPION_RIDER,-1,2,6,0,48.00,108.00,false
2259,BLUE_5,BLUE,GOBLIN,-1,3,7,0,3.00,56.00,false
2259,BLUE_6,BLUE,GOBLIN,-2,3,2,0,0.00,16.00,false
2260,GREEN_1,GREEN,ARCHER,0,-3,7,0,10.00,56.00,false
2260,GREEN_2,GREEN,GOLEM,0,-2,3,0,35.00,78.00,false
2260,GREEN_3,GREEN,SPIDER,3,-2,1,0,0.00,4.00,false
2260,BLUE_4,BLUE,SCORPION_RIDER,-1,2,6,6,138.00,45.00,true
2260,BLUE_5,BLUE,GOBLIN,-1,3,7,7,0.00,0.00,true
2260,BLUE_6,BLUE,GOBLIN,-2,3,2,2,0.00,0.00,true
2261,GREEN_1,GREEN,GOLEM,1,-3,4,4,0.00,0.00,false
2261,GREEN_2,GREEN,GOLEM,3,-3,3,3,45.00,66.00,false
2261,GREEN_3,GREEN,SPIDER,1,-2,1,1,0.00,0.00,false
2261,BLUE_4,BLUE,GOLEM,-1,2,4,4,66.00,45.00,false
2261,BLUE_5,BLUE,SPIDER,-3,3,10,10,0.00,0.00,false
2261,BLUE_6,BLUE,GOBLIN,-2,3,1,1,0.00,0.00,false
2262,GREEN_1,GREEN,GOLEM,1,-3,4,0,30.00,104.00,false
2262,GREEN_2,GREEN,GOLEM,3,-3,3,0,38.00,78.00,false
2262,GREEN_3,GREEN,SPIDER,1,-2,1,0,0.00,4.00,false
2262,BLUE_4,BLUE,GOLEM,-1,2,4,2,106.00,68.00,true
2262,BLUE_5,BLUE,SPIDER,-3,3,10,10,76.00,0.00,true
2262,BLUE_6,BLUE,GOBLIN,-2,3,1,1,4.00,0.00,true
2263,GREEN_1,GREEN,GARGOYLE,1,-3,5,5,0.00,0.00,true
2263,GREEN_2,GREEN,GOLEM,2,-3,4,3,88.00,39.00,true
2263,BLUE_3,BLUE,MAGE,-3,3,3,0,1.00,24.00,false
2263,BLUE_4,BLUE,ASSASSIN,-2,2,6,0,37.00,48.00,false
2263,BLUE_5,BLUE,MAGE,-1,2,1,0,0.00,8.00,false
2263,BLUE_6,BLUE,GOBLIN,-2,3,1,0,1.00,8.00,false
2264,GREEN_1,GREEN,GARGOYLE,1,-3,5,1,63.00,67.00,false
2264,GREEN_2,GREEN,GOLEM,2,-3,4,4,0.00,0.00,false
2264,BLUE_3,BLUE,MAGE,-3,3,3,3,0.00,0.00,false
2264,BLUE_4,BLUE,ASSASSIN,-2,2,6,0,67.00,63.00,false
2264,BLUE_5,BLUE,MAGE,-1,2,1,1,0.00,0.00,false
2264,BLUE_6,BLUE,GOBLIN,-2,3,1,1,0.00,0.00,false
2265,GREEN_1,GREEN,ASSASSIN,0,-2,7,4,38.00,39.00,false
2265,GREEN_2,GREEN,SPIDER,2,-2,8,8,0.00,0.00,false
2265,BLUE_3,BLUE,SCORPION_RIDER,-1,3,5,5,0.00,0.00,false
2265,BLUE_4,BLUE,GARGOYLE,-1,2,5,4,39.00,38.00,false
2266,GREEN_1,GREEN,ASSASSIN,0,-2,7,0,36.00,56.00,false
2266,GREEN_2,GREEN,SPIDER,2,-2,8,0,10.00,32.00,false
2266,BLUE_3,BLUE,SCORPION_RIDER,-1,3,5,5,88.00,46.00,true
2266,BLUE_4,BLUE,GARGOYLE,-1,2,5,5,0.00,0.00,true
2267,GREEN_1,GREEN,GARGOYLE,0,-2,5,5,70.00,0.00,true
2267,GREEN_2,GREEN,ASSASSIN,1,-3,4,2,50.00,29.00,true
2267,GREEN_3,GREEN,SPIDER,2,-2,4,4,40.00,0.00,true
2267,BLUE_4,BLUE,GOLEM,-1,3,4,0,17.00,104.00,false
2267,BLUE_5,BLUE,ARCHER,-2,2,4,0,12.00,32.00,false
2267,BLUE_6,BLUE,GOBLIN,0,3,3,0,0.00,24.00,false
2268,GREEN_1,GREEN,GARGOYLE,0,-2,5,0,6.00,80.00,false
2268,GREEN_2,GREEN,ASSASSIN,1,-3,4,0,30.00,32.00,false
2268,GREEN_3,GREEN,SPIDER,2,-2,4,0,4.00,16.00,false
2268,BLUE_4,BLUE,GOLEM,-1,3,4,4,64.00,24.00,true
2268,BLUE_5,BLUE,ARCHER,-2,2,4,4,42.00,0.00,true
2268,BLUE_6,BLUE,GOBLIN,0,3,3,3,22.00,16.00,true
2269,GREEN_1,GREEN,ARCHER,2,-3,7,5,56.00,28.00,true
2269,GREEN_2,GREEN,GOLEM,2,-2,3,3,28.00,6.00,true
2269,GREEN_3,GREEN,GOBLIN,3,-2,1,0,4.00,8.00,true
2269,BLUE_4,BLUE,MAGE,-1,2,7,0,28.00,56.00,false
2269,BLUE_5,BLUE,SPIDER,-2,3,8,0,14.00,32.00,false
2270,GREEN_1,GREEN,ARCHER,2,-3,7,7,14.00,14.00,false
2270,GREEN_2,GREEN,GOLEM,2,-2,3,0,0.00,78.00,false
2270,GREEN_3,GREEN,GOBLIN,3,-2,1,0,0.00,8.00,false
2270,BLUE_4,BLUE,MAGE,-1,2,7,7,0.00,0.00,false
2270,BLUE_5,BLUE,SPIDER,-2,3,8,6,100.00,14.00,false
2271,GREEN_1,GREEN,SCORPION_RIDER,-1,-2,5,5,68.00,28.00,true
2271,GREEN_2,GREEN,MAGE,0,-2,4,4,21.00,0.00,true
2271,GREEN_3,GREEN,SPIDER,2,-2,2,2,3.00,4.00,true
2271,BLUE_4,BLUE,SPIDER,0,2,9,0,14.00,36.00,false
2271,BLUE_5,BLUE,ASSASSIN,-1,3,6,0,18.00,48.00,false
2271,BLUE_6,BLUE,ARCHER,-2,2,1,0,0.00,8.00,false
2272,GREEN_1,GREEN,SCORPION_RIDER,-1,-2,5,0,29.00,90.00,false
2272,GREEN_2,GREEN,MAGE,0,-2,4,0,7.00,32.00,false
2272,GREEN_3,GREEN,SPIDER,2,-2,2,0,2.00,8.00,false
2272,BLUE_4,BLUE,SPIDER,0,2,9,9,66.00,1.00,true
2272,BLUE_5,BLUE,ASSASSIN,-1,3,6,2,52.00,34.00,true
2272,BLUE_6,BLUE,ARCHER,-2,2,1,1,12.00,3.00,true
2273,GREEN_1,GREEN,ARCHER,-1,-2,8,6,116.00,32.00,true
2273,GREEN_2,GREEN,GOLEM,3,-3,2,2,8.00,2.00,true
2273,GREEN_3,GREEN,SPIDER,2,-3,2,2,4.00,4.00,true
2273,BLUE_4,BLUE,ARCHER,1,2,7,0,38.00,56.00,false
2273,BLUE_5,BLUE,SCORPION_RIDER,-1,3,4,0,0.00,72.00,false
2274,GREEN_1,GREEN,ARCHER,-1,-2,8,0,14.00,64.00,false
2274,GREEN_2,GREEN,GOLEM,3,-3,2,0,0.00,52.00,false
2274,GREEN_3,GREEN,SPIDER,2,-3,2,0,0.00,8.00,false
2274,BLUE_4,BLUE,ARCHER,1,2,7,7,60.00,0.00,true
2274,BLUE_5,BLUE,SCORPION_RIDER,-1,3,4,4,64.00,14.00,true
2275,GREEN_1,GREEN,GOLEM,1,-2,4,4,56.00,4.00,true
2275,GREEN_2,GREEN,ARCHER,-1,-2,4,4,48.00,2.00,true
2275,GREEN_3,GREEN,SPIDER,0,-2,3,3,0.00,0.00,true
2275,BLUE_4,BLUE,SPIDER,-2,3,8,0,0.00,32.00,false
2275,BLUE_5,BLUE,SPIDER,-3,2,14,0,6.00,56.00,false
2275,BLUE_6,BLUE,ARCHER,-1,3,1,0,0.00,8.00,false
2275,BLUE_7,BLUE,GOBLIN,1,2,1,0,0.00,8.00,false
2276,GREEN_1,GREEN,GOLEM,1,-2,4,1,0.00,95.00,false
2276,GREEN_2,GREEN,ARCHER,-1,-2,4,4,0.00,0.00,false
2276,GREEN_3,GREEN,SPIDER,0,-2,3,0,4.00,12.00,false
2276,BLUE_4,BLUE,SPIDER,-2,3,8,8,0.00,0.00,false
2276,BLUE_5,BLUE,SPIDER,-3,2,14,14,0.00,0.00,false
2276,BLUE_6,BLUE,ARCHER,-1,3,1,1,99.00,0.00,false
2276,BLUE_7,BLUE,GOBLIN,1,2,1,1,8.00,4.00,false
2277,GREEN_1,GREEN,SCORPION_RIDER,2,-3,5,5,84.00,13.00,true
2277,GREEN_2,GREEN,GARGOYLE,0,-2,5,5,4.00,0.00,true
2277,BLUE_3,BLUE,MAGE,-2,2,8,0,7.00,64.00,false
2277,BLUE_4,BLUE,SPIDER,0,2,6,0,6.00,24.00,false
2278,GREEN_1,GREEN,SCORPION_RIDER,2,-3,5,0,0.00,90.00,false
2278,GREEN_2,GREEN,GARGOYLE,0,-2,5,0,34.00,80.00,false
2278,BLUE_3,BLUE,MAGE,-2,2,8,6,170.00,34.00,true
2278,BLUE_4,BLUE,SPIDER,0,2,6,6,0.00,0.00,true
2279,GREEN_1,GREEN,ARCHER,2,-2,7,7,0.00,0.00,false
2279,GREEN_2,GREEN,GOLEM,3,-2,3,3,0.00,0.00,false
2279,GREEN_3,GREEN,SPIDER,1,-3,1,1,0.00,0.00,false
2279,BLUE_4,BLUE,GARGOYLE,0,3,5,5,0.00,0.00,false
2279,BLUE_5,BLUE,ARCHER,-1,2,6,6,0.00,0.00,false
2279,BLUE_6,BLUE,SPIDER,-3,3,1,1,0.00,0.00,false
2280,GREEN_1,GREEN,ARCHER,2,-2,7,0,44.00,56.00,false
2280,GREEN_2,GREEN,GOLEM,3,-2,3,0,0.00,78.00,false
2280,GREEN_3,GREEN,SPIDER,1,-3,1,0,0.00,4.00,false
2280,BLUE_4,BLUE,GARGOYLE,0,3,5,5,56.00,2.00,true
2280,BLUE_5,BLUE,ARCHER,-1,2,6,2,74.00,42.00,true
2280,BLUE_6,BLUE,SPIDER,-3,3,1,1,8.00,0.00,true
2281,GREEN_1,GREEN,GOBLIN,2,-3,10,10,0.00,0.00,true
2281,GREEN_2,GREEN,GOLEM,0,-3,4,3,142.00,53.00,true
2281,GREEN_3,GREEN,SPIDER,-1,-2,1,1,0.00,0.00,true
2281,BLUE_4,BLUE,ARCHER,0,2,7,0,12.00,56.00,false
2281,BLUE_5,BLUE,GOLEM,-2,3,3,0,40.00,78.00,false
2281,BLUE_6,BLUE,GOBLIN,-3,3,1,0,1.00,8.00,false
2282,GREEN_1,GREEN,GOBLIN,2,-3,10,0,0.00,80.00,false
2282,GREEN_2,GREEN,GOLEM,0,-3,4,0,0.00,104.00,false
2282,GREEN_3,GREEN,SPIDER,-1,-2,1,0,0.00,4.00,false
2282,BLUE_4,BLUE,ARCHER,0,2,7,7,188.00,0.00,true
2282,BLUE_5,BLUE,GOLEM,-2,3,3,3,0.00,0.00,true
2282,BLUE_6,BLUE,GOBLIN,-3,3,1,1,0.00,0.00,true
2283,GREEN_1,GREEN,GOLEM,2,-3,4,4,0.00,0.00,false
2283,GREEN_2,GREEN,GOLEM,0,-2,3,3,0.00,0.00,false
2283,GREEN_3,GREEN,SPIDER,1,-3,1,1,0.00,0.00,false
2283,BLUE_4,BLUE,GARGOYLE,-1,3,5,5,0.00,0.00,false
2283,BLUE_5,BLUE,GOLEM,-3,3,4,4,0.00,0.00,false
2284,GREEN_1,GREEN,GOLEM,2,-3,4,4,0.00,0.00,false
2284,GREEN_2,GREEN,GOLEM,0,-2,3,3,0.00,0.00,false
2284,GREEN_3,GREEN,SPIDER,1,-3,1,1,0.00,0.00,false
2284,BLUE_4,BLUE,GARGOYLE,-1,3,5,5,0.00,0.00,false
2284,BLUE_5,BLUE,GOLEM,-3,3,4,4,0.00,0.00,false
2285,GREEN_1,GREEN,SPIDER,-1,-2,13,13,70.00,0.00,true
2285,GREEN_2,GREEN,GOLEM,2,-3,3,1,47.00,76.00,true
2285,GREEN_3,GREEN,ARCHER,1,-2,1,1,75.00,0.00,true
2285,BLUE_4,BLUE,GOLEM,-1,3,4,0,25.00,104.00,false
2285,BLUE_5,BLUE,GOBLIN,1,2,10,0,51.00,80.00,false
2285,BLUE_6,BLUE,GOBLIN,-3,2,1,0,0.00,8.00,false
2286,GREEN_1,GREEN,SPIDER,-1,-2,13,0,20.00,52.00,false
2286,GREEN_2,GREEN,GOLEM,2,-3,3,0,47.00,78.00,false
2286,GREEN_3,GREEN,ARCHER,1,-2,1,0,2.00,8.00,false
2286,BLUE_4,BLUE,GOLEM,-1,3,4,4,80.00,40.00,true
2286,BLUE_5,BLUE,GOBLIN,1,2,10,10,51.00,27.00,true
2286,BLUE_6,BLUE,GOBLIN,-3,2,1,1,7.00,2.00,true
2287,GREEN_1,GREEN,GOBLIN,0,-3,11,11,33.00,9.00,true
2287,GREEN_2,GREEN,MAGE,2,-3,5,5,116.00,4.00,true
2287,GREEN_3,GREEN,GARGOYLE,2,-2,1,1,15.00,6.00,true
2287,BLUE_4,BLUE,SCORPION_RIDER,1,2,6,0,0.00,108.00,false
2287,BLUE_5,BLUE,GARGOYLE,0,3,3,0,15.00,48.00,false
2287,BLUE_6,BLUE,ARCHER,-2,2,1,0,4.00,8.00,false
2288,GREEN_1,GREEN,GOBLIN,0,-3,11,0,0.00,88.00,false
2288,GREEN_2,GREEN,MAGE,2,-3,5,0,3.00,40.00,false
2288,GREEN_3,GREEN,GARGOYLE,2,-2,1,0,3.00,16.00,false
2288,BLUE_4,BLUE,SCORPION_RIDER,1,2,6,6,56.00,6.00,true
2288,BLUE_5,BLUE,GARGOYLE,0,3,3,3,0.00,0.00,true
2288,BLUE_6,BLUE,ARCHER,-2,2,1,1,88.00,0.00,true
2289,GREEN_1,GREEN,SCORPION_RIDER,3,-3,5,5,108.00,20.00,true
2289,GREEN_2,GREEN,GOBLIN,2,-3,11,11,0.00,0.00,true
2289,BLUE_3,BLUE,MAGE,-2,3,7,0,5.00,56.00,false
2289,BLUE_4,BLUE,GARGOYLE,0,3,3,0,15.00,48.00,false
2289,BLUE_5,BLUE,SPIDER,-3,3,1,0,0.00,4.00,false
2290,GREEN_1,GREEN,SCORPION_RIDER,3,-3,5,0,0.00,90.00,false
2290,GREEN_2,GREEN,GOBLIN,2,-3,11,0,0.00,88.00,false
2290,BLUE_3,BLUE,MAGE,-2,3,7,7,0.00,0.00,true
2290,BLUE_4,BLUE,GARGOYLE,0,3,3,3,178.00,0.00,true
2290,BLUE_5,BLUE,SPIDER,-3,3,1,1,0.00,0.00,true
2291,GREEN_1,GREEN,GARGOYLE,1,-3,5,5,0.00,0.00,false
2291,GREEN_2,GREEN,GOLEM,1,-2,4,4,0.00,0.00,false
2291,BLUE_3,BLUE,SPIDER,-3,3,14,14,0.00,0.00,false
2291,BLUE_4,BLUE,SCORPION_RIDER,0,3,4,4,0.00,0.00,false
2292,GREEN_1,GREEN,GARGOYLE,1,-3,5,0,60.00,80.00,false
2292,GREEN_2,GREEN,GOLEM,1,-2,4,0,28.00,104.00,false
2292,BLUE_3,BLUE,SPIDER,-3,3,14,14,101.00,21.00,true
2292,BLUE_4,BLUE,SCORPION_RIDER,0,3,4,2,83.00,67.00,true
2293,GREEN_1,GREEN,SPIDER,3,-2,14,14,0.00,0.00,false
2293,GREEN_2,GREEN,ASSASSIN,1,-3,4,4,44.00,18.00,false
2293,GREEN_3,GREEN,SPIDER,2,-3,1,1,0.00,0.00,false
2293,BLUE_4,BLUE,SPIDER,-2,3,14,14,0.00,0.00,false
2293,BLUE_5,BLUE,ARCHER,-1,2,5,0,18.00,40.00,false
2293,BLUE_6,BLUE,SPIDER,-3,3,1,0,0.00,4.00,false
2294,GREEN_1,GREEN,SPIDER,3,-2,14,14,0.00,0.00,false
2294,GREEN_2,GREEN,ASSASSIN,1,-3,4,4,0.00,0.00,false
2294,GREEN_3,GREEN,SPIDER,2,-3,1,1,0.00,0.00,false
2294,BLUE_4,BLUE,SPIDER,-2,3,14,14,0.00,0.00,false
2294,BLUE_5,BLUE,ARCHER,-1,2,5,5,0.00,0.00,false
2294,BLUE_6,BLUE,SPIDER,-3,3,1,1,0.00,0.00,false
2295,GREEN_1,GREEN,ASSASSIN,3,-2,8,6,40.00,28.00,false
2295,GREEN_2,GREEN,ASSASSIN,2,-3,2,2,0.00,0.00,false
2295,GREEN_3,GREEN,SPIDER,1,-3,1,1,0.00,0.00,false
2295,BLUE_4,BLUE,SCORPION_RIDER,0,3,5,5,0.00,0.00,false
2295,BLUE_5,BLUE,ASSASSIN,-1,3,5,0,28.00,40.00,false
2296,GREEN_1,GREEN,ASSASSIN,3,-2,8,0,50.00,64.00,false
2296,GREEN_2,GREEN,ASSASSIN,2,-3,2,0,6.00,16.00,false
2296,GREEN_3,GREEN,SPIDER,1,-3,1,0,0.00,4.00,false
2296,BLUE_4,BLUE,SCORPION_RIDER,0,3,5,5,44.00,36.00,true
2296,BLUE_5,BLUE,ASSASSIN,-1,3,5,4,40.00,20.00,true
2297,GREEN_1,GREEN,ARCHER,0,-2,7,7,36.00,0.00,true
2297,GREEN_2,GREEN,GOLEM,1,-3,2,2,0.00,0.00,true
2297,GREEN_3,GREEN,MAGE,2,-3,1,1,34.00,2.00,true
2297,GREEN_4,GREEN,SPIDER,3,-2,2,2,34.00,0.00,true
2297,BLUE_5,BLUE,ASSASSIN,-1,3,8,0,0.00,64.00,false
2297,BLUE_6,BLUE,SCORPION_RIDER,-3,2,2,0,0.00,36.00,false
2297,BLUE_7,BLUE,SPIDER,1,2,1,0,2.00,4.00,false
2298,GREEN_1,GREEN,ARCHER,0,-2,7,0,18.00,56.00,false
2298,GREEN_2,GREEN,GOLEM,1,-3,2,0,20.00,52.00,false
2298,GREEN_3,GREEN,MAGE,2,-3,1,0,1.00,8.00,false
2298,GREEN_4,GREEN,SPIDER,3,-2,2,0,2.00,8.00,false
2298,BLUE_5,BLUE,ASSASSIN,-1,3,8,6,68.00,23.00,true
2298,BLUE_6,BLUE,SCORPION_RIDER,-3,2,2,2,56.00,18.00,true
2298,BLUE_7,BLUE,SPIDER,1,2,1,1,0.00,0.00,true
2299,GREEN_1,GREEN,GARGOYLE,0,-2,6,6,0.00,0.00,false
2299,GREEN_2,GREEN,GARGOYLE,3,-2,4,4,0.00,0.00,false
2299,GREEN_3,GREEN,GOBLIN,3,-3,1,1,0.00,0.00,false
2299,BLUE_4,BLUE,MAGE,-2,2,8,8,0.00,0.00,false
2299,BLUE_5,BLUE,ASSASSIN,-3,3,2,2,0.00,0.00,false
2299,BLUE_6,BLUE,GOBLIN,-2,3,1,1,0.00,0.00,false
2300,GREEN_1,GREEN,GARGOYLE,0,-2,6,0,10.00,96.00,false
2300,GREEN_2,GREEN,GARGOYLE,3,-2,4,4,0.00,0.00,false
2300,GREEN_3,GREEN,GOBLIN,3,-3,1,0,4.00,8.00,false
2300,BLUE_4,BLUE,MAGE,-2,2,8,8,88.00,0.00,false
2300,BLUE_5,BLUE,ASSASSIN,-3,3,2,1,16.00,14.00,false
2300,BLUE_6,BLUE,GOBLIN,-2,3,1,1,0.00,0.00,false
2301,GREEN_1,GREEN,ARCHER,-1,-2,7,6,41.00,32.00,true
2301,GREEN_2,GREEN,MAGE,2,-2,3,1,39.00,21.00,true
2301,GREEN_3,GREEN,ARCHER,1,-3,2,1,28.00,13.00,true
2301,BLUE_4,BLUE,MAGE,-3,3,7,0,58.00,56.00,false
2301,BLUE_5,BLUE,GARGOYLE,-2,3,3,0,6.00,48.00,false
2301,BLUE_6,BLUE,SPIDER,0,2,1,0,2.00,4.00,false
2302,GREEN_1,GREEN,ARCHER,-1,-2,7,0,72.00,56.00,false
2302,GREEN_2,GREEN,MAGE,2,-2,3,0,9.00,24.00,false
2302,GREEN_3,GREEN,ARCHER,1,-3,2,0,8.00,16.00,false
2302,BLUE_4,BLUE,MAGE,-3,3,7,1,44.00,54.00,true
2302,BLUE_5,BLUE,GARGOYLE,-2,3,3,3,50.00,33.00,true
2302,BLUE_6,BLUE,SPIDER,0,2,1,1,2.00,2.00,true
2303,GREEN_1,GREEN,GARGOYLE,1,-3,5,5,172.00,12.00,true
2303,GREEN_2,GREEN,SPIDER,3,-3,13,13,0.00,0.00,true
2303,BLUE_3,BLUE,SCORPION_RIDER,-3,3,6,0,0.00,108.00,false
2303,BLUE_4,BLUE,GARGOYLE,0,3,3,0,12.00,48.00,false
2303,BLUE_5,BLUE,GOBLIN,-2,2,1,0,0.00,8.00,false
2303,BLUE_6,BLUE,GOBLIN,-2,3,1,0,0.00,8.00,false
2304,GREEN_1,GREEN,GARGOYLE,1,-3,5,5,12.00,6.00,false
2304,GREEN_2,GREEN,SPIDER,3,-3,13,13,20.00,9.00,false
2304,BLUE_3,BLUE,SCORPION_RIDER,-3,3,6,6,0.00,0.00,false
2304,BLUE_4,BLUE,GARGOYLE,0,3,3,3,15.00,32.00,false
2304,BLUE_5,BLUE,GOBLIN,-2,2,1,1,0.00,0.00,false
2304,BLUE_6,BLUE,GOBLIN,-2,3,1,1,0.00,0.00,false
2305,GREEN_1,GREEN,ASSASSIN,3,-2,7,3,116.00,37.00,true
2305,GREEN_2,GREEN,GARGOYLE,1,-3,3,3,0.00,0.00,true
2305,GREEN_3,GREEN,GOBLIN,-1,-2,1,1,0.00,0.00,true
2305,BLUE_4,BLUE,MAGE,-1,3,7,0,9.00,56.00,false
2305,BLUE_5,BLUE,GOLEM,-3,2,2,0,26.00,52.00,false
2305,BLUE_6,BLUE,SPIDER,0,3,2,0,2.00,8.00,false
2306,GREEN_1,GREEN,ASSASSIN,3,-2,7,7,0.00,0.00,false
2306,GREEN_2,GREEN,GARGOYLE,1,-3,3,0,18.00,48.00,false
2306,GREEN_3,GREEN,GOBLIN,-1,-2,1,0,1.00,8.00,false
2306,BLUE_4,BLUE,MAGE,-1,3,7,7,0.00,0.00,false
2306,BLUE_5,BLUE,GOLEM,-3,2,2,2,56.00,19.00,false
2306,BLUE_6,BLUE,SPIDER,0,3,2,2,0.00,0.00,false
2307,GREEN_1,GREEN,ASSASSIN,1,-3,2,1,16.00,15.00,false
2307,GREEN_2,GREEN,ASSASSIN,3,-3,8,7,66.00,36.00,false
2307,GREEN_3,GREEN,GOBLIN,0,-2,1,1,0.00,0.00,false
2307,BLUE_4,BLUE,SCORPION_RIDER,1,2,5,5,0.00,0.00,false
2307,BLUE_5,BLUE,GOLEM,-1,3,3,0,51.00,78.00,false
2307,BLUE_6,BLUE,SPIDER,-3,2,1,0,0.00,4.00,false
2308,GREEN_1,GREEN,ASSASSIN,1,-3,2,0,6.00,16.00,false
2308,GREEN_2,GREEN,ASSASSIN,3,-3,8,0,42.00,64.00,false
2308,GREEN_3,GREEN,GOBLIN,0,-2,1,0,0.00,8.00,false
2308,BLUE_4,BLUE,SCORPION_RIDER,1,2,5,4,82.00,48.00,true
2308,BLUE_5,BLUE,GOLEM,-1,3,3,3,0.00,0.00,true
2308,BLUE_6,BLUE,SPIDER,-3,2,1,1,6.00,0.00,true
2309,GREEN_1,GREEN,GOLEM,1,-3,4,4,0.00,0.00,true
2309,GREEN_2,GREEN,GARGOYLE,3,-2,4,4,91.00,17.00,true
2309,GREEN_3,GREEN,MAGE,3,-3,1,1,9.00,6.00,true
2309,BLUE_4,BLUE,MAGE,0,2,8,0,20.00,64.00,false
2309,BLUE_5,BLUE,GARGOYLE,-1,2,2,0,3.00,32.00,false
2309,BLUE_6,BLUE,SPIDER,-1,3,1,0,0.00,4.00,false
2310,GREEN_1,GREEN,GOLEM,1,-3,4,0,0.00,104.00,false
2310,GREEN_2,GREEN,GARGOYLE,3,-2,4,0,27.00,64.00,false
2310,GREEN_3,GREEN,MAGE,3,-3,1,0,3.00,8.00,false
2310,BLUE_4,BLUE,MAGE,0,2,8,7,174.00,26.00,true
2310,BLUE_5,BLUE,GARGOYLE,-1,2,2,2,0.00,0.00,true
2310,BLUE_6,BLUE,SPIDER,-1,3,1,0,2.00,4.00,true
2311,GREEN_1,GREEN,SCORPION_RIDER,2,-2,6,5,172.00,81.00,true
2311,GREEN_2,GREEN,SPIDER,1,-3,7,7,12.00,0.00,true
2311,GREEN_3,GREEN,ARCHER,3,-2,1,1,6.00,0.00,true
2311,BLUE_4,BLUE,GOLEM,-2,3,2,0,14.00,52.00,false
2311,BLUE_5,BLUE,GOLEM,1,2,4,0,60.00,104.00,false
2311,BLUE_6,BLUE,GOLEM,-1,3,1,0,7.00,26.00,false
2311,BLUE_7,BLUE,GOBLIN,-1,2,1,0,0.00,8.00,false
2312,GREEN_1,GREEN,SCORPION_RIDER,2,-2,6,0,121.00,108.00,false
2312,GREEN_2,GREEN,SPIDER,1,-3,7,0,18.00,28.00,false
2312,GREEN_3,GREEN,ARCHER,3,-2,1,0,2.00,8.00,false
2312,BLUE_4,BLUE,GOLEM,-2,3,2,2,35.00,35.00,true
2312,BLUE_5,BLUE,GOLEM,1,2,4,2,89.00,90.00,true
2312,BLUE_6,BLUE,GOLEM,-1,3,1,1,12.00,14.00,true
2312,BLUE_7,BLUE,GOBLIN,-1,2,1,1,8.00,2.00,true
2313,GREEN_1,GREEN,GARGOYLE,0,-2,5,5,103.00,20.00,true
2313,GREEN_2,GREEN,MAGE,3,-3,5,5,31.00,0.00,true
2313,GREEN_3,GREEN,GOBLIN,2,-2,1,1,4.00,7.00,true
2313,BLUE_4,BLUE,ARCHER,0,3,7,0,20.00,56.00,false
2313,BLUE_5,BLUE,GOLEM,-3,2,3,0,7.00,78.00,false
2313,BLUE_6,BLUE,SPIDER,-2,3,1,0,0.00,4.00,false
2314,GREEN_1,GREEN,GARGOYLE,0,-2,5,0,6.00,80.00,false
2314,GREEN_2,GREEN,MAGE,3,-3,5,0,12.00,40.00,false
2314,GREEN_3,GREEN,GOBLIN,2,-2,1,0,0.00,8.00,false
2314,BLUE_4,BLUE,ARCHER,0,3,7,6,76.00,11.00,true
2314,BLUE_5,BLUE,GOLEM,-3,2,3,3,50.00,4.00,true
2314,BLUE_6,BLUE,SPIDER,-2,3,1,1,2.00,3.00,true
2315,GREEN_1,GREEN,ARCHER,0,-2,8,8,0.00,0.00,false
2315,GREEN_2,GREEN,ARCHER,0,-3,4,4,0.00,0.00,false
2315,GREEN_3,GREEN,SPIDER,3,-3,1,1,2.00,3.00,false
2315,BLUE_4,BLUE,SCORPION_RIDER,-1,2,2,2,0.00,0.00,false
2315,BLUE_5,BLUE,GARGOYLE,0,2,5,5,0.00,0.00,false
2315,BLUE_6,BLUE,MAGE,0,3,3,3,3.00,2.00,false
2315,BLUE_7,BLUE,GOBLIN,-1,3,1,1,0.00,0.00,false
2316,GREEN_1,GREEN,ARCHER,0,-2,8,4,22.00,32.00,false
2316,GREEN_2,GREEN,ARCHER,0,-3,4,0,8.00,32.00,false
2316,GREEN_3,GREEN,SPIDER,3,-3,1,0,0.00,4.00,false
2316,BLUE_4,BLUE,SCORPION_RIDER,-1,2,2,1,68.00,30.00,false
2316,BLUE_5,BLUE,GARGOYLE,0,2,5,5,0.00,0.00,false
2316,BLUE_6,BLUE,MAGE,0,3,3,3,0.00,0.00,false
2316,BLUE_7,BLUE,GOBLIN,-1,3,1,1,0.00,0.00,false
2317,GREEN_1,GREEN,SCORPION_RIDER,1,-2,5,5,88.00,9.00,true
2317,GREEN_2,GREEN,ARCHER,3,-3,4,4,0.00,0.00,true
2317,GREEN_3,GREEN,MAGE,1,-3,1,1,0.00,0.00,true
2317,GREEN_4,GREEN,SPIDER,2,-2,1,1,0.00,0.00,true
2317,BLUE_5,BLUE,MAGE,0,3,7,0,5.00,56.00,false
2317,BLUE_6,BLUE,ARCHER,-2,3,4,0,4.00,32.00,false
2318,GREEN_1,GREEN,SCORPION_RIDER,1,-2,5,0,0.00,90.00,false
2318,GREEN_2,GREEN,ARCHER,3,-3,4,0,28.00,32.00,false
2318,GREEN_3,GREEN,MAGE,1,-3,1,0,3.00,8.00,false
2318,GREEN_4,GREEN,SPIDER,2,-2,1,0,0.00,4.00,false
2318,BLUE_5,BLUE,MAGE,0,3,7,7,0.00,0.00,true
2318,BLUE_6,BLUE,ARCHER,-2,3,4,1,134.00,31.00,true
2319,GREEN_1,GREEN,MAGE,0,-3,8,8,132.00,8.00,true
2319,GREEN_2,GREEN,GOLEM,1,-2,1,1,1.00,20.00,true
2319,GREEN_3,GREEN,ASSASSIN,3,-2,1,1,7.00,2.00,true
2319,BLUE_4,BLUE,SPIDER,-3,2,13,0,28.00,52.00,false
2319,BLUE_5,BLUE,GOBLIN,-2,2,10,0,0.00,80.00,false
2319,BLUE_6,BLUE,ARCHER,-3,3,1,0,2.00,8.00,false
2320,GREEN_1,GREEN,MAGE,0,-3,8,0,19.00,64.00,false
2320,GREEN_2,GREEN,GOLEM,1,-2,1,0,0.00,26.00,false
2320,GREEN_3,GREEN,ASSASSIN,3,-2,1,0,6.00,8.00,false
2320,BLUE_4,BLUE,SPIDER,-3,2,13,13,54.00,8.00,true
2320,BLUE_5,BLUE,GOBLIN,-2,2,10,10,40.00,10.00,true
2320,BLUE_6,BLUE,ARCHER,-3,3,1,1,4.00,7.00,true
2321,GREEN_1,GREEN,GARGOYLE,3,-2,6,6,0.00,0.00,false
2321,GREEN_2,GREEN,GOLEM,2,-3,3,3,0.00,0.00,false
2321,GREEN_3,GREEN,GOBLIN,1,-3,1,1,0.00,0.00,false
2321,BLUE_4,BLUE,GARGOYLE,-1,3,6,6,0.00,0.00,false
2321,BLUE_5,BLUE,SCORPION_RIDER,-2,3,4,4,0.00,0.00,false
2322,GREEN_1,GREEN,GARGOYLE,3,-2,6,6,0.00,0.00,false
2322,GREEN_2,GREEN,GOLEM,2,-3,3,3,0.00,0.00,false
2322,GREEN_3,GREEN,GOBLIN,1,-3,1,1,0.00,0.00,false
2322,BLUE_4,BLUE,GARGOYLE,-1,3,6,6,0.00,0.00,false
2322,BLUE_5,BLUE,SCORPION_RIDER,-2,3,4,4,0.00,0.00,false
2323,GREEN_1,GREEN,SPIDER,2,-3,16,16,86.00,0.00,true
2323,GREEN_2,GREEN,SPIDER,0,-2,8,4,76.00,16.00,true
2323,GREEN_3,GREEN,GOBLIN,2,-2,1,1,0.00,0.00,true
2323,BLUE_4,BLUE,GOLEM,-1,2,4,0,0.00,104.00,false
2323,BLUE_5,BLUE,ARCHER,-1,3,4,0,16.00,32.00,false
2323,BLUE_6,BLUE,GOLEM,-2,2,1,0,0.00,26.00,false
2324,GREEN_1,GREEN,SPIDER,2,-3,16,0,8.00,64.00,false
2324,GREEN_2,GREEN,SPIDER,0,-2,8,0,14.00,32.00,false
2324,GREEN_3,GREEN,GOBLIN,2,-2,1,0,1.00,8.00,false
2324,BLUE_4,BLUE,GOLEM,-1,2,4,4,40.00,9.00,true
2324,BLUE_5,BLUE,ARCHER,-1,3,4,4,56.00,0.00,true
2324,BLUE_6,BLUE,GOLEM,-2,2,1,1,8.00,14.00,true
2325,GREEN_1,GREEN,SCORPION_RIDER,0,-3,3,3,0.00,0.00,false
2325,GREEN_2,GREEN,SCORPION_RIDER,1,-3,5,5,0.00,0.00,false
2325,GREEN_3,GREEN,GARGOYLE,2,-3,1,1,0.00,0.00,false
2325,GREEN_4,GREEN,GOBLIN,3,-3,1,1,0.00,0.00,false
2325,BLUE_5,BLUE,SPIDER,-3,3,13,13,0.00,0.00,false
2325,BLUE_6,BLUE,GOBLIN,-1,2,11,11,0.00,0.00,false
2325,BLUE_7,BLUE,SPIDER,-3,2,1,1,0.00,0.00,false
2326,GREEN_1,GREEN,SCORPION_RIDER,0,-3,3,3,0.00,0.00,false
2326,GREEN_2,GREEN,SCORPION_RIDER,1,-3,5,5,0.00,0.00,false
2326,GREEN_3,GREEN,GARGOYLE,2,-3,1,1,0.00,0.00,false
2326,GREEN_4,GREEN,GOBLIN,3,-3,1,1,0.00,0.00,false
2326,BLUE_5,BLUE,SPIDER,-3,3,13,13,0.00,0.00,false
2326,BLUE_6,BLUE,GOBLIN,-1,2,11,11,0.00,0.00,false
2326,BLUE_7,BLUE,SPIDER,-3,2,1,1,0.00,0.00,false
2327,GREEN_1,GREEN,SPIDER,1,-2,14,14,0.00,0.00,false
2327,GREEN_2,GREEN,GOLEM,3,-3,3,3,0.00,0.00,false
2327,GREEN_3,GREEN,GOBLIN,3,-2,1,1,0.00,0.00,false
2327,BLUE_4,BLUE,GARGOYLE,-1,2,5,5,0.00,0.00,false
2327,BLUE_5,BLUE,MAGE,-2,2,4,4,0.00,0.00,false
2327,BLUE_6,BLUE,GOBLIN,0,2,4,4,0.00,0.00,false
2328,GREEN_1,GREEN,SPIDER,1,-2,14,0,28.00,56.00,false
2328,GREEN_2,GREEN,GOLEM,3,-3,3,0,2.00,78.00,false
2328,GREEN_3,GREEN,GOBLIN,3,-2,1,0,4.00,8.00,false
2328,BLUE_4,BLUE,GARGOYLE,-1,2,5,5,87.00,12.00,true
2328,BLUE_5,BLUE,MAGE,-2,2,4,4,26.00,0.00,true
2328,BLUE_6,BLUE,GOBLIN,0,2,4,2,29.00,22.00,true
2329,GREEN_1,GREEN,MAGE,1,-3,8,8,0.00,0.00,false
2329,GREEN_2,GREEN,GOLEM,3,-2,1,1,0.00,0.00,false
2329,GREEN_3,GREEN,SCORPION_RIDER,1,-2,1,1,44.00,12.00,false
2329,BLUE_4,BLUE,ASSASSIN,-2,3,1,0,0.00,8.00,false
2329,BLUE_5,BLUE,SCORPION_RIDER,0,3,5,5,0.00,0.00,false
2329,BLUE_6,BLUE,ARCHER,-1,3,4,0,12.00,32.00,false
2329,BLUE_7,BLUE,SPIDER,-3,3,1,0,0.00,4.00,false
2330,GREEN_1,GREEN,MAGE,1,-3,8,0,14.00,64.00,false
2330,GREEN_2,GREEN,GOLEM,3,-2,1,0,7.00,26.00,false
2330,GREEN_3,GREEN,SCORPION_RIDER,1,-2,1,0,0.00,18.00,false
2330,BLUE_4,BLUE,ASSASSIN,-2,3,1,1,2.00,0.00,true
2330,BLUE_5,BLUE,SCORPION_RIDER,0,3,5,5,74.00,12.00,true
2330,BLUE_6,BLUE,ARCHER,-1,3,4,4,32.00,9.00,true
2330,BLUE_7,BLUE,SPIDER,-3,3,1,1,0.00,0.00,true
2331,GREEN_1,GREEN,GOBLIN,0,-2,7,2,33.00,40.00,true
2331,GREEN_2,GREEN,ARCHER,3,-3,7,2,69.00,48.00,true
2331,GREEN_3,GREEN,MAGE,2,-2,1,1,24.00,4.00,true
2331,GREEN_4,GREEN,GOBLIN,1,-3,1,1,0.00,0.00,true
2331,BLUE_5,BLUE,ARCHER,0,2,8,0,52.00,64.00,false
2331,BLUE_6,BLUE,SCORPION_RIDER,0,3,3,0,40.00,54.00,false
2331,BLUE_7,BLUE,GOBLIN,-2,3,1,0,0.00,8.00,false
2332,GREEN_1,GREEN,GOBLIN,0,-2,7,0,0.00,56.00,false
2332,GREEN_2,GREEN,ARCHER,3,-3,7,0,22.00,56.00,false
2332,GREEN_3,GREEN,MAGE,2,-2,1,0,1.00,8.00,false
2332,GREEN_4,GREEN,GOBLIN,1,-3,1,0,0.00,8.00,false
2332,BLUE_5,BLUE,ARCHER,0,2,8,8,96.00,13.00,true
2332,BLUE_6,BLUE,SCORPION_RIDER,0,3,3,3,32.00,10.00,true
2332,BLUE_7,BLUE,GOBLIN,-2,3,1,1,0.00,0.00,true
2333,GREEN_1,GREEN,GOLEM,1,-3,4,4,0.00,0.00,false
2333,GREEN_2,GREEN,GARGOYLE,3,-3,4,4,0.00,0.00,false
2333,GREEN_3,GREEN,MAGE,-1,-2,1,1,0.00,0.00,false
2333,BLUE_4,BLUE,GARGOYLE,-3,2,5,5,0.00,0.00,false
2333,BLUE_5,BLUE,ARCHER,-1,2,6,6,0.00,0.00,false
2333,BLUE_6,BLUE,SPIDER,-2,2,1,1,0.00,0.00,false
2334,GREEN_1,GREEN,GOLEM,1,-3,4,0,0.00,104.00,false
2334,GREEN_2,GREEN,GARGOYLE,3,-3,4,0,24.00,64.00,false
2334,GREEN_3,GREEN,MAGE,-1,-2,1,0,3.00,8.00,false
2334,BLUE_4,BLUE,GARGOYLE,-3,2,5,5,66.00,12.00,true
2334,BLUE_5,BLUE,ARCHER,-1,2,6,6,110.00,15.00,true
2334,BLUE_6,BLUE,SPIDER,-2,2,1,1,0.00,0.00,true
2335,GREEN_1,GREEN,ARCHER,0,-3,8,8,142.00,0.00,true
2335,GREEN_2,GREEN,GOBLIN,1,-3,7,5,18.00,16.00,true
2335,GREEN_3,GREEN,ARCHER,2,-2,1,1,20.00,0.00,true
2335,BLUE_4,BLUE,SCORPION_RIDER,-3,2,6,0,16.00,108.00,false
2335,BLUE_5,BLUE,GOBLIN,0,2,8,0,0.00,64.00,false
2335,BLUE_6,BLUE,GOBLIN,-2,2,1,0,0.00,8.00,false
2336,GREEN_1,GREEN,ARCHER,0,-3,8,0,12.00,64.00,false
2336,GREEN_2,GREEN,GOBLIN,1,-3,7,0,20.00,56.00,false
2336,GREEN_3,GREEN,ARCHER,2,-2,1,0,0.00,8.00,false
2336,BLUE_4,BLUE,SCORPION_RIDER,-3,2,6,6,124.00,28.00,true
2336,BLUE_5,BLUE,GOBLIN,0,2,8,8,0.00,0.00,true
2336,BLUE_6,BLUE,GOBLIN,-2,2,1,1,4.00,4.00,true
2337,GREEN_1,GREEN,GARGOYLE,1,-3,5,3,109.00,65.00,true
2337,GREEN_2,GREEN,GOBLIN,2,-3,10,9,59.00,35.00,true
2337,GREEN_3,GREEN,GOBLIN,3,-3,3,3,0.00,0.00,true
2337,BLUE_4,BLUE,GARGOYLE,-2,2,5,0,41.00,80.00,false
2337,BLUE_5,BLUE,GARGOYLE,0,3,5,0,59.00,80.00,false
2337,BLUE_6,BLUE,GOBLIN,-3,3,1,0,0.00,8.00,false
2338,GREEN_1,GREEN,GARGOYLE,1,-3,5,5,71.00,63.00,false
2338,GREEN_2,GREEN,GOBLIN,2,-3,10,10,0.00,0.00,false
2338,GREEN_3,GREEN,GOBLIN,3,-3,3,3,0.00,0.00,false
2338,BLUE_4,BLUE,GARGOYLE,-2,2,5,5,0.00,0.00,false
2338,BLUE_5,BLUE,GARGOYLE,0,3,5,3,63.00,71.00,false
2338,BLUE_6,BLUE,GOBLIN,-3,3,1,1,0.00,0.00,false
2339,GREEN_1,GREEN,MAGE,0,-3,8,8,158.00,21.00,true
2339,GREEN_2,GREEN,GARGOYLE,1,-2,2,2,18.00,12.00,true
2339,GREEN_3,GREEN,SPIDER,2,-3,1,1,8.00,0.00,true
2339,BLUE_4,BLUE,GOLEM,0,2,4,0,0.00,104.00,false
2339,BLUE_5,BLUE,GARGOYLE,-1,2,4,0,33.00,64.00,false
2339,BLUE_6,BLUE,GOBLIN,-3,3,2,0,0.00,16.00,false
2340,GREEN_1,GREEN,MAGE,0,-3,8,0,6.00,64.00,false
2340,GREEN_2,GREEN,GARGOYLE,1,-2,2,0,3.00,32.00,false
2340,GREEN_3,GREEN,SPIDER,2,-3,1,0,0.00,4.00,false
2340,BLUE_4,BLUE,GOLEM,0,2,4,4,100.00,9.00,true
2340,BLUE_5,BLUE,GARGOYLE,-1,2,4,4,0.00,0.00,true
2340,BLUE_6,BLUE,GOBLIN,-3,3,2,2,0.00,0.00,true
2341,GREEN_1,GREEN,ARCHER,2,-2,8,6,100.00,32.00,true
2341,GREEN_2,GREEN,GARGOYLE,1,-3,3,3,0.00,0.00,true
2341,GREEN_3,GREEN,GOBLIN,3,-2,2,2,0.00,0.00,true
2341,BLUE_4,BLUE,ARCHER,0,2,6,0,32.00,48.00,false
2341,BLUE_5,BLUE,SPIDER,-1,3,13,0,0.00,52.00,false
2342,GREEN_1,GREEN,ARCHER,2,-2,8,0,48.00,64.00,false
2342,GREEN_2,GREEN,GARGOYLE,1,-3,3,0,12.00,48.00,false
2342,GREEN_3,GREEN,GOBLIN,3,-2,2,0,0.00,16.00,false
2342,BLUE_4,BLUE,ARCHER,0,2,6,4,54.00,24.00,true
2342,BLUE_5,BLUE,SPIDER,-1,3,13,7,74.00,36.00,true
2343,GREEN_1,GREEN,GOBLIN,-1,-2,11,11,0.00,0.00,false
2343,GREEN_2,GREEN,ASSASSIN,0,-3,6,4,34.00,18.00,false
2343,BLUE_3,BLUE,GOBLIN,-3,2,11,11,0.00,0.00,false
2343,BLUE_4,BLUE,SPIDER,-2,3,4,0,6.00,16.00,false
2343,BLUE_5,BLUE,GOLEM,-1,3,3,3,12.00,18.00,false
2344,GREEN_1,GREEN,GOBLIN,-1,-2,11,11,0.00,0.00,false
2344,GREEN_2,GREEN,ASSASSIN,0,-3,6,6,0.00,0.00,false
2344,BLUE_3,BLUE,GOBLIN,-3,2,11,11,0.00,0.00,false
2344,BLUE_4,BLUE,SPIDER,-2,3,4,4,0.00,0.00,false
2344,BLUE_5,BLUE,GOLEM,-1,3,3,3,0.00,0.00,false
2345,GREEN_1,GREEN,ARCHER,2,-2,7,7,100.00,0.00,true
2345,GREEN_2,GREEN,SCORPION_RIDER,3,-2,4,2,90.00,64.00,true
2345,BLUE_3,BLUE,GOLEM,-2,3,4,0,36.00,104.00,false
2345,BLUE_4,BLUE,GOLEM,-3,2,3,0,28.00,78.00,false
2345,BLUE_5,BLUE,GOBLIN,0,3,1,0,0.00,8.00,false
2346,GREEN_1,GREEN,ARCHER,2,-2,7,7,0.00,0.00,false
2346,GREEN_2,GREEN,SCORPION_RIDER,3,-2,4,4,0.00,0.00,false
2346,BLUE_3,BLUE,GOLEM,-2,3,4,4,0.00,0.00,false
2346,BLUE_4,BLUE,GOLEM,-3,2,3,3,0.00,0.00,false
2346,BLUE_5,BLUE,GOBLIN,0,3,1,1,0.00,0.00,false
2347,GREEN_1,GREEN,MAGE,-1,-2,7,7,88.00,0.00,true
2347,GREEN_2,GREEN,SPIDER,2,-3,7,7,14.00,0.00,true
2347,GREEN_3,GREEN,GOBLIN,0,-3,1,1,0.00,0.00,true
2347,BLUE_4,BLUE,ASSASSIN,-3,3,8,0,0.00,64.00,false
2347,BLUE_5,BLUE,GOLEM,-1,2,1,0,0.00,26.00,false
2347,BLUE_6,BLUE,SPIDER,0,2,3,0,0.00,12.00,false
2348,GREEN_1,GREEN,MAGE,-1,-2,7,0,8.00,56.00,false
2348,GREEN_2,GREEN,SPIDER,2,-3,7,0,8.00,28.00,false
2348,GREEN_3,GREEN,GOBLIN,0,-3,1,0,1.00,8.00,false
2348,BLUE_4,BLUE,ASSASSIN,-3,3,8,8,85.00,16.00,true
2348,BLUE_5,BLUE,GOLEM,-1,2,1,1,7.00,1.00,true
2348,BLUE_6,BLUE,SPIDER,0,2,3,3,0.00,0.00,true
2349,GREEN_1,GREEN,SCORPION_RIDER,-1,-2,6,6,140.00,64.00,true
2349,GREEN_2,GREEN,MAGE,3,-2,2,2,0.00,0.00,true
2349,GREEN_3,GREEN,GARGOYLE,1,-3,1,1,0.00,0.00,true
2349,GREEN_4,GREEN,ARCHER,1,-2,1,1,0.00,0.00,true
2349,BLUE_5,BLUE,GOBLIN,1,2,12,0,52.00,96.00,false
2349,BLUE_6,BLUE,ASSASSIN,0,3,4,0,12.00,32.00,false
2349,BLUE_7,BLUE,MAGE,-3,2,1,0,0.00,8.00,false
2349,BLUE_8,BLUE,SPIDER,-1,3,1,0,0.00,4.00,false
2350,GREEN_1,GREEN,SCORPION_RIDER,-1,-2,6,0,32.00,108.00,false
2350,GREEN_2,GREEN,MAGE,3,-2,2,0,2.00,16.00,false
2350,GREEN_3,GREEN,GARGOYLE,1,-3,1,0,3.00,16.00,false
2350,GREEN_4,GREEN,ARCHER,1,-2,1,0,2.00,8.00,false
2350,BLUE_5,BLUE,GOBLIN,1,2,12,12,0.00,0.00,true
2350,BLUE_6,BLUE,ASSASSIN,0,3,4,0,58.00,39.00,true
2350,BLUE_7,BLUE,MAGE,-3,2,1,1,54.00,0.00,true
2350,BLUE_8,BLUE,SPIDER,-1,3,1,1,36.00,0.00,true
2351,GREEN_1,GREEN,ARCHER,3,-3,7,7,116.00,12.00,true
2351,GREEN_2,GREEN,GARGOYLE,1,-3,4,4,28.00,0.00,true
2351,GREEN_3,GREEN,SPIDER,0,-3,1,1,4.00,2.00,true
2351,BLUE_4,BLUE,SCORPION_RIDER,-1,3,6,0,0.00,108.00,false
2351,BLUE_5,BLUE,ARCHER,-2,3,4,0,14.00,32.00,false
2351,BLUE_6,BLUE,GOBLIN,-3,2,1,0,0.00,8.00,false
2352,GREEN_1,GREEN,ARCHER,3,-3,7,0,10.00,56.00,false
2352,GREEN_2,GREEN,GARGOYLE,1,-3,4,0,18.00,64.00,false
2352,GREEN_3,GREEN,SPIDER,0,-3,1,0,0.00,4.00,false
2352,BLUE_4,BLUE,SCORPION_RIDER,-1,3,6,6,80.00,20.00,true
2352,BLUE_5,BLUE,ARCHER,-2,3,4,4,44.00,8.00,true
2352,BLUE_6,BLUE,GOBLIN,-3,2,1,1,0.00,0.00,true
2353,GREEN_1,GREEN,MAGE,0,-3,8,8,0.00,0.00,false
2353,GREEN_2,GREEN,GARGOYLE,0,-2,2,2,0.00,0.00,false
2353,GREEN_3,GREEN,SPIDER,3,-2,1,1,0.00,0.00,false
2353,BLUE_4,BLUE,MAGE,0,3,7,7,0.00,0.00,false
2353,BLUE_5,BLUE,SCORPION_RIDER,-3,3,3,3,0.00,0.00,false
2354,GREEN_1,GREEN,MAGE,0,-3,8,0,46.00,64.00,false
2354,GREEN_2,GREEN,GARGOYLE,0,-2,2,0,6.00,32.00,false
2354,GREEN_3,GREEN,SPIDER,3,-2,1,0,0.00,4.00,false
2354,BLUE_4,BLUE,MAGE,0,3,7,4,59.00,39.00,true
2354,BLUE_5,BLUE,SCORPION_RIDER,-3,3,3,3,41.00,13.00,true
2355,GREEN_1,GREEN,GOBLIN,0,-3,11,11,0.00,0.00,false
2355,GREEN_2,GREEN,SCORPION_RIDER,1,-3,4,4,0.00,0.00,false
2355,GREEN_3,GREEN,ARCHER,3,-3,1,1,64.00,3.00,false
2355,GREEN_4,GREEN,GOBLIN,2,-3,1,1,0.00,0.00,false
2355,BLUE_5,BLUE,SPIDER,-1,2,14,0,0.00,56.00,false
2355,BLUE_6,BLUE,ARCHER,0,3,4,4,0.00,0.00,false
2355,BLUE_7,BLUE,MAGE,0,2,1,0,3.00,8.00,false
2356,GREEN_1,GREEN,GOBLIN,0,-3,11,11,0.00,0.00,false
2356,GREEN_2,GREEN,SCORPION_RIDER,1,-3,4,4,0.00,0.00,false
2356,GREEN_3,GREEN,ARCHER,3,-3,1,1,0.00,0.00,false
2356,GREEN_4,GREEN,GOBLIN,2,-3,1,1,0.00,0.00,false
2356,BLUE_5,BLUE,SPIDER,-1,2,14,14,0.00,0.00,false
2356,BLUE_6,BLUE,ARCHER,0,3,4,4,0.00,0.00,false
2356,BLUE_7,BLUE,MAGE,0,2,1,1,0.00,0.00,false
2357,GREEN_1,GREEN,SPIDER,2,-3,13,13,68.00,0.00,true
2357,GREEN_2,GREEN,GOLEM,1,-3,3,3,63.00,37.00,true
2357,GREEN_3,GREEN,SPIDER,3,-3,2,2,7.00,3.00,true
2357,BLUE_4,BLUE,SCORPION_RIDER,0,3,5,0,36.00,90.00,false
2357,BLUE_5,BLUE,MAGE,1,2,4,0,4.00,32.00,false
2357,BLUE_6,BLUE,GOBLIN,-3,3,2,0,0.00,16.00,false
2358,GREEN_1,GREEN,SPIDER,2,-3,13,0,28.00,52.00,false
2358,GREEN_2,GREEN,GOLEM,1,-3,3,0,40.00,78.00,false
2358,GREEN_3,GREEN,SPIDER,3,-3,2,0,0.00,8.00,false
2358,BLUE_4,BLUE,SCORPION_RIDER,0,3,5,3,110.00,68.00,true
2358,BLUE_5,BLUE,MAGE,1,2,4,4,28.00,0.00,true
2358,BLUE_6,BLUE,GOBLIN,-3,3,2,2,0.00,0.00,true
2359,GREEN_1,GREEN,ARCHER,2,-2,5,5,48.00,17.00,true
2359,GREEN_2,GREEN,MAGE,0,-2,6,5,38.00,26.00,true
2359,GREEN_3,GREEN,SPIDER,1,-3,1,0,2.00,4.00,true
2359,BLUE_4,BLUE,MAGE,-3,2,7,0,47.00,56.00,false
2359,BLUE_5,BLUE,ASSASSIN,-1,3,3,0,0.00,24.00,false
2359,BLUE_6,BLUE,GOBLIN,-1,2,1,0,0.00,8.00,false
2360,GREEN_1,GREEN,ARCHER,2,-2,5,0,30.00,40.00,false
2360,GREEN_2,GREEN,MAGE,0,-2,6,0,23.00,48.00,false
2360,GREEN_3,GREEN,SPIDER,1,-3,1,0,0.00,4.00,false
2360,BLUE_4,BLUE,MAGE,-3,2,7,3,46.00,39.00,true
2360,BLUE_5,BLUE,ASSASSIN,-1,3,3,2,46.00,14.00,true
2360,BLUE_6,BLUE,GOBLIN,-1,2,1,1,0.00,0.00,true
2361,GREEN_1,GREEN,GOLEM,2,-3,4,4,0.00,0.00,false
2361,GREEN_2,GREEN,ARCHER,3,-3,4,4,0.00,0.00,false
2361,GREEN_3,GREEN,ASSASSIN,3,-2,1,1,6.00,4.00,false
2361,GREEN_4,GREEN,SPIDER,1,-3,1,1,0.00,0.00,false
2361,BLUE_5,BLUE,SPIDER,-1,3,15,15,0.00,0.00,false
2361,BLUE_6,BLUE,MAGE,-3,3,4,4,4.00,6.00,false
2362,GREEN_1,GREEN,GOLEM,2,-3,4,4,0.00,0.00,false
2362,GREEN_2,GREEN,ARCHER,3,-3,4,4,0.00,0.00,false
2362,GREEN_3,GREEN,ASSASSIN,3,-2,1,1,0.00,0.00,false
2362,GREEN_4,GREEN,SPIDER,1,-3,1,1,0.00,0.00,false
2362,BLUE_5,BLUE,SPIDER,-1,3,15,15,0.00,0.00,false
2362,BLUE_6,BLUE,MAGE,-3,3,4,4,0.00,0.00,false
2363,GREEN_1,GREEN,GARGOYLE,3,-3,6,6,24.00,4.00,true
2363,GREEN_2,GREEN,GOBLIN,1,-2,9,5,64.00,46.00,true
2363,GREEN_3,GREEN,SPIDER,-1,-2,2,2,4.00,0.00,true
2363,BLUE_4,BLUE,SPIDER,-3,3,13,0,20.00,52.00,false
2363,BLUE_5,BLUE,ASSASSIN,-1,2,5,0,30.00,40.00,false
2364,GREEN_1,GREEN,GARGOYLE,3,-3,6,6,59.00,40.00,false
2364,GREEN_2,GREEN,GOBLIN,1,-2,9,0,12.00,72.00,false
2364,GREEN_3,GREEN,SPIDER,-1,-2,2,0,2.00,8.00,false
2364,BLUE_4,BLUE,SPIDER,-3,3,13,7,90.00,42.00,false
2364,BLUE_5,BLUE,ASSASSIN,-1,2,5,3,30.00,31.00,false
2365,GREEN_1,GREEN,SPIDER,1,-3,8,8,0.00,0.00,false
2365,GREEN_2,GREEN,MAGE,0,-3,7,7,0.00,0.00,false
2365,BLUE_3,BLUE,GOBLIN,-1,2,10,10,0.00,0.00,false
2365,BLUE_4,BLUE,ASSASSIN,-2,2,6,6,0.00,0.00,false
2365,BLUE_5,BLUE,SPIDER,-1,3,1,1,0.00,0.00,false
2366,GREEN_1,GREEN,SPIDER,1,-3,8,0,12.00,32.00,false
2366,GREEN_2,GREEN,MAGE,0,-3,7,0,12.00,56.00,false
2366,BLUE_3,BLUE,GOBLIN,-1,2,10,10,0.00,0.00,true
2366,BLUE_4,BLUE,ASSASSIN,-2,2,6,6,88.00,24.00,true
2366,BLUE_5,BLUE,SPIDER,-1,3,1,1,0.00,0.00,true
2367,GREEN_1,GREEN,SPIDER,3,-2,7,7,0.00,0.00,true
2367,GREEN_2,GREEN,ARCHER,2,-2,7,7,124.00,22.00,true
2367,GREEN_3,GREEN,GOBLIN,1,-2,1,1,0.00,0.00,true
2367,GREEN_4,GREEN,ARCHER,1,-3,1,1,20.00,0.00,true
2367,GREEN_5,GREEN,GOBLIN,3,-3,1,1,0.00,0.00,true
2367,BLUE_6,BLUE,GOBLIN,-3,3,11,0,0.00,88.00,false
2367,BLUE_7,BLUE,SPIDER,-3,2,14,0,22.00,56.00,false
2368,GREEN_1,GREEN,SPIDER,3,-2,7,7,0.00,0.00,false
2368,GREEN_2,GREEN,ARCHER,2,-2,7,7,0.00,0.00,false
2368,GREEN_3,GREEN,GOBLIN,1,-2,1,1,0.00,0.00,false
2368,GREEN_4,GREEN,ARCHER,1,-3,1,1,0.00,0.00,false
2368,GREEN_5,GREEN,GOBLIN,3,-3,1,1,0.00,0.00,false
2368,BLUE_6,BLUE,GOBLIN,-3,3,11,11,0.00,0.00,false
2368,BLUE_7,BLUE,SPIDER,-3,2,14,14,0.00,0.00,false
2369,GREEN_1,GREEN,SPIDER,0,-2,14,14,84.00,2.00,true
2369,GREEN_2,GREEN,GOBLIN,2,-3,9,9,0.00,0.00,true
2369,GREEN_3,GREEN,SPIDER,2,-2,2,2,0.00,0.00,true
2369,BLUE_4,BLUE,ASSASSIN,-2,2,7,0,0.00,56.00,false
2369,BLUE_5,BLUE,ASSASSIN,-2,3,3,0,0.00,24.00,false
2369,BLUE_6,BLUE,SPIDER,0,2,1,0,2.00,4.00,false
2370,GREEN_1,GREEN,SPIDER,0,-2,14,0,34.00,56.00,false
2370,GREEN_2,GREEN,GOBLIN,2,-3,9,0,52.00,72.00,false
2370,GREEN_3,GREEN,SPIDER,2,-2,2,0,2.00,8.00,false
2370,BLUE_4,BLUE,ASSASSIN,-2,2,7,0,80.00,60.00,true
2370,BLUE_5,BLUE,ASSASSIN,-2,3,3,1,32.00,28.00,true
2370,BLUE_6,BLUE,SPIDER,0,2,1,1,24.00,0.00,true
2371,GREEN_1,GREEN,GOBLIN,3,-3,11,9,96.00,47.00,true
2371,GREEN_2,GREEN,SPIDER,2,-3,11,11,36.00,0.00,true
2371,GREEN_3,GREEN,GARGOYLE,1,-2,1,1,12.00,2.00,true
2371,BLUE_4,BLUE,GOLEM,-3,3,4,0,42.00,104.00,false
2371,BLUE_5,BLUE,MAGE,0,3,4,0,3.00,32.00,false
2371,BLUE_6,BLUE,SPIDER,-2,2,2,0,4.00,8.00,false
2372,GREEN_1,GREEN,GOBLIN,3,-3,11,0,0.00,88.00,false
2372,GREEN_2,GREEN,SPIDER,2,-3,11,0,8.00,44.00,false
2372,GREEN_3,GREEN,GARGOYLE,1,-2,1,0,0.00,16.00,false
2372,BLUE_4,BLUE,GOLEM,-3,3,4,4,36.00,8.00,true
2372,BLUE_5,BLUE,MAGE,0,3,4,4,93.00,0.00,true
2372,BLUE_6,BLUE,SPIDER,-2,2,2,2,19.00,0.00,true
2373,GREEN_1,GREEN,SCORPION_RIDER,3,-3,4,4,0.00,0.00,false
2373,GREEN_2,GREEN,ARCHER,1,-3,6,6,88.00,0.00,false
2373,GREEN_3,GREEN,GOBLIN,0,-3,2,2,0.00,0.00,false
2373,BLUE_4,BLUE,GOBLIN,-3,2,11,0,0.00,88.00,false
2373,BLUE_5,BLUE,GOBLIN,-2,3,11,11,0.00,0.00,false
2373,BLUE_6,BLUE,MAGE,-1,3,1,1,0.00,0.00,false
2374,GREEN_1,GREEN,SCORPION_RIDER,3,-3,4,0,72.00,72.00,false
2374,GREEN_2,GREEN,ARCHER,1,-3,6,0,14.00,48.00,false
2374,GREEN_3,GREEN,GOBLIN,0,-3,2,0,8.00,16.00,false
2374,BLUE_4,BLUE,GOBLIN,-3,2,11,7,85.00,50.00,true
2374,BLUE_5,BLUE,GOBLIN,-2,3,11,6,45.00,40.00,true
2374,BLUE_6,BLUE,MAGE,-1,3,1,1,6.00,4.00,true
2375,GREEN_1,GREEN,ASSASSIN,0,-3,8,5,95.00,45.00,true
2375,GREEN_2,GREEN,SCORPION_RIDER,1,-2,2,2,21.00,19.00,true
2375,GREEN_3,GREEN,GOBLIN,2,-3,1,1,0.00,0.00,true
2375,BLUE_4,BLUE,ASSASSIN,-1,3,7,0,41.00,56.00,false
2375,BLUE_5,BLUE,GOLEM,-3,3,2,0,21.00,52.00,false
2375,BLUE_6,BLUE,ARCHER,-2,2,1,0,2.00,8.00,false
2376,GREEN_1,GREEN,ASSASSIN,0,-3,8,7,32.00,26.00,false
2376,GREEN_2,GREEN,SCORPION_RIDER,1,-2,2,0,16.00,36.00,false
2376,GREEN_3,GREEN,GOBLIN,2,-3,1,0,4.00,8.00,false
2376,BLUE_4,BLUE,ASSASSIN,-1,3,7,2,70.00,52.00,false
2376,BLUE_5,BLUE,GOLEM,-3,3,2,2,0.00,0.00,false
2376,BLUE_6,BLUE,ARCHER,-2,2,1,1,0.00,0.00,false
2377,GREEN_1,GREEN,ARCHER,-1,-2,7,7,0.00,0.00,false
2377,GREEN_2,GREEN,GARGOYLE,0,-3,4,4,0.00,0.00,false
2377,GREEN_3,GREEN,GOBLIN,3,-2,1,1,0.00,0.00,false
2377,BLUE_4,BLUE,GOLEM,-3,3,4,4,0.00,0.00,false
2377,BLUE_5,BLUE,SPIDER,-2,3,10,10,0.00,0.00,false
2377,BLUE_6,BLUE,GOBLIN,0,2,1,1,0.00,0.00,false
2378,GREEN_1,GREEN,ARCHER,-1,-2,7,7,0.00,0.00,false
2378,GREEN_2,GREEN,GARGOYLE,0,-3,4,4,0.00,0.00,false
2378,GREEN_3,GREEN,GOBLIN,3,-2,1,1,0.00,0.00,false
2378,BLUE_4,BLUE,GOLEM,-3,3,4,4,0.00,0.00,false
2378,BLUE_5,BLUE,SPIDER,-2,3,10,10,0.00,0.00,false
2378,BLUE_6,BLUE,GOBLIN,0,2,1,1,0.00,0.00,false
2379,GREEN_1,GREEN,ARCHER,1,-3,7,7,68.00,0.00,true
2379,GREEN_2,GREEN,ARCHER,-1,-2,3,3,24.00,0.00,true
2379,GREEN_3,GREEN,SPIDER,1,-2,5,5,24.00,0.00,true
2379,BLUE_4,BLUE,ASSASSIN,-3,3,7,0,0.00,56.00,false
2379,BLUE_5,BLUE,GOLEM,0,3,2,0,0.00,52.00,false
2379,BLUE_6,BLUE,SPIDER,-2,3,2,0,0.00,8.00,false
2380,GREEN_1,GREEN,ARCHER,1,-3,7,0,18.00,56.00,false
2380,GREEN_2,GREEN,ARCHER,-1,-2,3,0,4.00,24.00,false
2380,GREEN_3,GREEN,SPIDER,1,-2,5,0,6.00,20.00,false
2380,BLUE_4,BLUE,ASSASSIN,-3,3,7,6,100.00,28.00,true
2380,BLUE_5,BLUE,GOLEM,0,3,2,2,0.00,0.00,true
2380,BLUE_6,BLUE,SPIDER,-2,3,2,2,0.00,0.00,true
2381,GREEN_1,GREEN,GOBLIN,3,-3,11,11,56.00,14.00,true
2381,GREEN_2,GREEN,ASSASSIN,3,-2,5,5,40.00,8.00,true
2381,GREEN_3,GREEN,GOBLIN,2,-3,2,2,0.00,0.00,true
2381,BLUE_4,BLUE,ARCHER,1,2,7,0,14.00,56.00,false
2381,BLUE_5,BLUE,MAGE,-1,3,4,0,4.00,32.00,false
2381,BLUE_6,BLUE,GOBLIN,0,3,1,0,4.00,8.00,false
2382,GREEN_1,GREEN,GOBLIN,3,-3,11,0,0.00,88.00,false
2382,GREEN_2,GREEN,ASSASSIN,3,-2,5,0,0.00,40.00,false
2382,GREEN_3,GREEN,GOBLIN,2,-3,2,0,0.00,16.00,false
2382,BLUE_4,BLUE,ARCHER,1,2,7,7,98.00,0.00,true
2382,BLUE_5,BLUE,MAGE,-1,3,4,4,46.00,0.00,true
2382,BLUE_6,BLUE,GOBLIN,0,3,1,1,0.00,0.00,true
2383,GREEN_1,GREEN,MAGE,0,-3,7,7,0.00,0.00,true
2383,GREEN_2,GREEN,GARGOYLE,1,-3,3,3,0.00,0.00,true
2383,GREEN_3,GREEN,SPIDER,3,-2,1,1,88.00,0.00,true
2383,BLUE_4,BLUE,ASSASSIN,0,3,8,0,0.00,64.00,false
2383,BLUE_5,BLUE,ASSASSIN,-3,2,2,0,0.00,16.00,false
2383,BLUE_6,BLUE,GOBLIN,-1,3,1,0,0.00,8.00,false
2384,GREEN_1,GREEN,MAGE,0,-3,7,0,15.00,56.00,false
2384,GREEN_2,GREEN,GARGOYLE,1,-3,3,0,17.00,48.00,false
2384,GREEN_3,GREEN,SPIDER,3,-2,1,0,0.00,4.00,false
2384,BLUE_4,BLUE,ASSASSIN,0,3,8,7,96.00,25.00,true
2384,BLUE_5,BLUE,ASSASSIN,-3,2,2,2,12.00,7.00,true
2384,BLUE_6,BLUE,GOBLIN,-1,3,1,1,0.00,0.00,true
2385,GREEN_1,GREEN,ASSASSIN,2,-3,7,7,8.00,4.00,false
2385,GREEN_2,GREEN,SCORPION_RIDER,3,-3,3,3,0.00,0.00,false
2385,BLUE_3,BLUE,GOLEM,-2,2,4,4,0.00,0.00,false
2385,BLUE_4,BLUE,SCORPION_RIDER,0,3,4,4,0.00,0.00,false
2385,BLUE_5,BLUE,GOBLIN,1,2,1,0,4.00,8.00,false
2386,GREEN_1,GREEN,ASSASSIN,2,-3,7,0,30.00,56.00,false
2386,GREEN_2,GREEN,SCORPION_RIDER,3,-3,3,2,32.00,26.00,false
2386,BLUE_3,BLUE,GOLEM,-2,2,4,4,0.00,0.00,false
2386,BLUE_4,BLUE,SCORPION_RIDER,0,3,4,1,82.00,62.00,false
2386,BLUE_5,BLUE,GOBLIN,1,2,1,1,0.00,0.00,false
2387,GREEN_1,GREEN,SPIDER,1,-3,13,13,88.00,16.00,true
2387,GREEN_2,GREEN,GARGOYLE,0,-3,5,5,0.00,0.00,true
2387,BLUE_3,BLUE,MAGE,-2,3,7,0,13.00,56.00,false
2387,BLUE_4,BLUE,MAGE,-1,3,3,0,3.00,24.00,false
2387,BLUE_5,BLUE,GOBLIN,0,3,1,0,0.00,8.00,false
2388,GREEN_1,GREEN,SPIDER,1,-3,13,0,24.00,52.00,false
2388,GREEN_2,GREEN,GARGOYLE,0,-3,5,0,0.00,80.00,false
2388,BLUE_3,BLUE,MAGE,-2,3,7,7,90.00,6.00,true
2388,BLUE_4,BLUE,MAGE,-1,3,3,3,41.00,10.00,true
2388,BLUE_5,BLUE,GOBLIN,0,3,1,0,1.00,8.00,true
2389,GREEN_1,GREEN,ASSASSIN,1,-3,7,6,92.00,29.00,true
2389,GREEN_2,GREEN,SPIDER,0,-3,7,7,0.00,0.00,true
2389,GREEN_3,GREEN,SPIDER,2,-3,1,1,0.00,0.00,true
2389,BLUE_4,BLUE,SPIDER,-1,3,14,0,26.00,56.00,false
2389,BLUE_5,BLUE,MAGE,-3,2,4,0,3.00,32.00,false
2389,BLUE_6,BLUE,SPIDER,-2,3,1,0,0.00,4.00,false
2390,GREEN_1,GREEN,ASSASSIN,1,-3,7,0,0.00,56.00,false
2390,GREEN_2,GREEN,SPIDER,0,-3,7,0,6.00,28.00,false
2390,GREEN_3,GREEN,SPIDER,2,-3,1,0,0.00,4.00,false
2390,BLUE_4,BLUE,SPIDER,-1,3,14,14,0.00,0.00,true
2390,BLUE_5,BLUE,MAGE,-3,2,4,4,88.00,6.00,true
2390,BLUE_6,BLUE,SPIDER,-2,3,1,1,0.00,0.00,true
2391,GREEN_1,GREEN,MAGE,1,-2,8,7,81.00,20.00,true
2391,GREEN_2,GREEN,MAGE,3,-2,2,2,26.00,0.00,true
2391,GREEN_3,GREEN,SPIDER,0,-3,1,0,1.00,4.00,true
2391,BLUE_4,BLUE,SPIDER,1,2,16,0,4.00,64.00,false
2391,BLUE_5,BLUE,SPIDER,-1,3,7,0,20.00,28.00,false
2391,BLUE_6,BLUE,GOBLIN,-1,2,2,0,0.00,16.00,false
2392,GREEN_1,GREEN,MAGE,1,-2,8,8,0.00,0.00,false
2392,GREEN_2,GREEN,MAGE,3,-2,2,2,0.00,0.00,false
2392,GREEN_3,GREEN,SPIDER,0,-3,1,1,0.00,0.00,false
2392,BLUE_4,BLUE,SPIDER,1,2,16,16,0.00,0.00,false
2392,BLUE_5,BLUE,SPIDER,-1,3,7,7,0.00,0.00,false
2392,BLUE_6,BLUE,GOBLIN,-1,2,2,2,0.00,0.00,false
2393,GREEN_1,GREEN,SCORPION_RIDER,1,-3,6,6,0.00,0.00,false
2393,GREEN_2,GREEN,ASSASSIN,2,-3,3,2,23.00,14.00,false
2393,GREEN_3,GREEN,GOBLIN,3,-3,2,2,0.00,0.00,false
2393,BLUE_4,BLUE,SCORPION_RIDER,-2,3,6,6,0.00,0.00,false
2393,BLUE_5,BLUE,GOLEM,-1,2,2,2,8.00,15.00,false
2393,BLUE_6,BLUE,ASSASSIN,-1,3,1,0,6.00,8.00,false
2394,GREEN_1,GREEN,SCORPION_RIDER,1,-3,6,0,84.00,108.00,false
2394,GREEN_2,GREEN,ASSASSIN,2,-3,3,0,6.00,24.00,false
2394,GREEN_3,GREEN,GOBLIN,3,-3,2,0,2.00,16.00,false
2394,BLUE_4,BLUE,SCORPION_RIDER,-2,3,6,3,146.00,84.00,true
2394,BLUE_5,BLUE,GOLEM,-1,2,2,2,0.00,0.00,true
2394,BLUE_6,BLUE,ASSASSIN,-1,3,1,0,2.00,8.00,true
2395,GREEN_1,GREEN,SCORPION_RIDER,3,-2,6,6,0.00,0.00,false
2395,GREEN_2,GREEN,GARGOYLE,0,-3,3,3,0.00,0.00,false
2395,GREEN_3,GREEN,ARCHER,2,-2,1,1,40.00,0.00,false
2395,BLUE_4,BLUE,GARGOYLE,-2,3,6,6,0.00,0.00,false
2395,BLUE_5,BLUE,ASSASSIN,-1,2,4,0,0.00,32.00,false
2395,BLUE_6,BLUE,GOBLIN,0,3,1,0,0.00,8.00,false
2396,GREEN_1,GREEN,SCORPION_RIDER,3,-2,6,6,0.00,0.00,false
2396,GREEN_2,GREEN,GARGOYLE,0,-3,3,3,18.00,17.00,false
2396,GREEN_3,GREEN,ARCHER,2,-2,1,0,2.00,8.00,false
2396,BLUE_4,BLUE,GARGOYLE,-2,3,6,6,0.00,0.00,false
2396,BLUE_5,BLUE,ASSASSIN,-1,2,4,3,25.00,20.00,false
2396,BLUE_6,BLUE,GOBLIN,0,3,1,1,0.00,0.00,false
2397,GREEN_1,GREEN,GARGOYLE,3,-3,6,6,61.00,0.00,true
2397,GREEN_2,GREEN,SCORPION_RIDER,1,-3,4,0,83.00,72.00,true
2397,BLUE_3,BLUE,SCORPION_RIDER,-1,3,6,0,66.00,108.00,false
2397,BLUE_4,BLUE,ARCHER,-3,3,4,0,6.00,32.00,false
2397,BLUE_5,BLUE,SPIDER,0,2,1,0,0.00,4.00,false
2398,GREEN_1,GREEN,GARGOYLE,3,-3,6,0,29.00,96.00,false
2398,GREEN_2,GREEN,SCORPION_RIDER,1,-3,4,0,56.00,72.00,false
2398,BLUE_3,BLUE,SCORPION_RIDER,-1,3,6,3,143.00,85.00,true
2398,BLUE_4,BLUE,ARCHER,-3,3,4,4,25.00,0.00,true
2398,BLUE_5,BLUE,SPIDER,0,2,1,1,0.00,0.00,true
2399,GREEN_1,GREEN,ARCHER,0,-3,8,8,42.00,0.00,true
2399,GREEN_2,GREEN,SPIDER,3,-3,9,8,46.00,12.00,true
2399,BLUE_3,BLUE,ASSASSIN,0,2,7,0,0.00,56.00,false
2399,BLUE_4,BLUE,SPIDER,-1,3,7,0,12.00,28.00,false
2399,BLUE_5,BLUE,SPIDER,-2,3,1,0,0.00,4.00,false
2400,GREEN_1,GREEN,ARCHER,0,-3,8,0,26.00,64.00,false
2400,GREEN_2,GREEN,SPIDER,3,-3,9,0,12.00,36.00,false
2400,BLUE_3,BLUE,ASSASSIN,0,2,7,5,100.00,38.00,true
2400,BLUE_4,BLUE,SPIDER,-1,3,7,7,0.00,0.00,true
2400,BLUE_5,BLUE,SPIDER,-2,3,1,1,0.00,0.00,true
2401,GREEN_1,GREEN,SCORPION_RIDER,2,-3,5,2,84.00,70.00,true
2401,GREEN_2,GREEN,ARCHER,0,-2,5,5,60.00,6.00,true
2401,GREEN_3,GREEN,GOBLIN,-1,-2,1,1,4.00,7.00,true
2401,BLUE_4,BLUE,GOLEM,-2,3,4,0,63.00,104.00,false
2401,BLUE_5,BLUE,SPIDER,-1,2,10,0,20.00,40.00,false
2401,BLUE_6,BLUE,SPIDER,0,3,1,0,0.00,4.00,false
2402,GREEN_1,GREEN,SCORPION_RIDER,2,-3,5,0,0.00,90.00,false
2402,GREEN_2,GREEN,ARCHER,0,-2,5,0,24.00,40.00,false
2402,GREEN_3,GREEN,GOBLIN,-1,-2,1,0,0.00,8.00,false
2402,BLUE_4,BLUE,GOLEM,-2,3,4,4,0.00,0.00,true
2402,BLUE_5,BLUE,SPIDER,-1,2,10,5,138.00,24.00,true
2402,BLUE_6,BLUE,SPIDER,0,3,1,1,0.00,0.00,true
2403,GREEN_1,GREEN,SPIDER,1,-3,15,15,50.00,0.00,true
2403,GREEN_2,GREEN,ARCHER,2,-3,5,5,112.00,0.00,true
2403,BLUE_3,BLUE,SCORPION_RIDER,-2,3,5,0,0.00,90.00,false
2403,BLUE_4,BLUE,GARGOYLE,-1,2,4,0,0.00,64.00,false
2403,BLUE_5,BLUE,ASSASSIN,0,3,1,0,0.00,8.00,false
2404,GREEN_1,GREEN,SPIDER,1,-3,15,14,40.00,22.00,false
2404,GREEN_2,GREEN,ARCHER,2,-3,5,0,10.00,40.00,false
2404,BLUE_3,BLUE,SCORPION_RIDER,-2,3,5,5,0.00,0.00,false
2404,BLUE_4,BLUE,GARGOYLE,-1,2,4,3,55.00,44.00,false
2404,BLUE_5,BLUE,ASSASSIN,0,3,1,1,7.00,6.00,false
2405,GREEN_1,GREEN,ASSASSIN,2,-2,8,7,88.00,32.00,true
2405,GREEN_2,GREEN,ASSASSIN,-1,-2,2,1,16.00,10.00,true
2405,GREEN_3,GREEN,SPIDER,1,-3,1,1,0.00,0.00,true
2405,BLUE_4,BLUE,SPIDER,-2,2,14,0,28.00,56.00,false
2405,BLUE_5,BLUE,SPIDER,1,2,10,0,12.00,40.00,false
2405,BLUE_6,BLUE,GOBLIN,-3,3,1,0,2.00,8.00,false
2406,GREEN_1,GREEN,ASSASSIN,2,-2,8,0,0.00,64.00,false
2406,GREEN_2,GREEN,ASSASSIN,-1,-2,2,0,0.00,16.00,false
2406,GREEN_3,GREEN,SPIDER,1,-3,1,0,2.00,4.00,false
2406,BLUE_4,BLUE,SPIDER,-2,2,14,14,0.00,0.00,true
2406,BLUE_5,BLUE,SPIDER,1,2,10,10,84.00,2.00,true
2406,BLUE_6,BLUE,GOBLIN,-3,3,1,1,0.00,0.00,true
2407,GREEN_1,GREEN,ARCHER,1,-3,7,7,0.00,0.00,false
2407,GREEN_2,GREEN,GOLEM,2,-3,3,3,0.00,0.00,false
2407,GREEN_3,GREEN,SPIDER,0,-3,1,1,0.00,0.00,false
2407,BLUE_4,BLUE,ASSASSIN,-2,3,7,7,0.00,0.00,false
2407,BLUE_5,BLUE,SPIDER,-1,3,8,8,0.00,0.00,false
2408,GREEN_1,GREEN,ARCHER,1,-3,7,0,20.00,56.00,false
2408,GREEN_2,GREEN,GOLEM,2,-3,3,0,18.00,78.00,false
2408,GREEN_3,GREEN,SPIDER,0,-3,1,0,0.00,4.00,false
2408,BLUE_4,BLUE,ASSASSIN,-2,3,7,4,102.00,38.00,true
2408,BLUE_5,BLUE,SPIDER,-1,3,8,8,36.00,0.00,true
2409,GREEN_1,GREEN,GARGOYLE,3,-2,5,5,0.00,0.00,false
2409,GREEN_2,GREEN,SCORPION_RIDER,-1,-2,4,4,0.00,0.00,false
2409,GREEN_3,GREEN,ARCHER,2,-2,1,1,0.00,0.00,false
2409,BLUE_4,BLUE,GOBLIN,0,3,12,12,0.00,0.00,false
2409,BLUE_5,BLUE,GOBLIN,-3,3,10,10,0.00,0.00,false
2409,BLUE_6,BLUE,SCORPION_RIDER,0,2,1,1,0.00,0.00,false
2410,GREEN_1,GREEN,GARGOYLE,3,-2,5,0,35.00,80.00,false
2410,GREEN_2,GREEN,SCORPION_RIDER,-1,-2,4,4,0.00,0.00,false
2410,GREEN_3,GREEN,ARCHER,2,-2,1,0,2.00,8.00,false
2410,BLUE_4,BLUE,GOBLIN,0,3,12,11,88.00,37.00,false
2410,BLUE_5,BLUE,GOBLIN,-3,3,10,10,0.00,0.00,false
2410,BLUE_6,BLUE,SCORPION_RIDER,0,2,1,1,0.00,0.00,false
2411,GREEN_1,GREEN,ASSASSIN,2,-3,7,0,87.00,56.00,true
2411,GREEN_2,GREEN,ARCHER,1,-2,4,3,83.00,8.00,true
2411,BLUE_3,BLUE,SCORPION_RIDER,0,3,5,0,32.00,90.00,false
2411,BLUE_4,BLUE,GARGOYLE,-1,3,4,0,29.00,64.00,false
2411,BLUE_5,BLUE,GARGOYLE,-2,3,1,0,3.00,16.00,false
2412,GREEN_1,GREEN,ASSASSIN,2,-3,7,0,24.00,56.00,false
2412,GREEN_2,GREEN,ARCHER,1,-2,4,0,4.00,32.00,false
2412,BLUE_3,BLUE,SCORPION_RIDER,0,3,5,5,72.00,28.00,true
2412,BLUE_4,BLUE,GARGOYLE,-1,3,4,4,16.00,0.00,true
2412,BLUE_5,BLUE,GARGOYLE,-2,3,1,1,0.00,0.00,true
2413,GREEN_1,GREEN,SPIDER,3,-2,16,16,100.00,0.00,true
2413,GREEN_2,GREEN,GARGOYLE,0,-2,3,3,28.00,10.00,true
2413,GREEN_3,GREEN,ARCHER,-1,-2,1,0,16.00,8.00,true
2413,BLUE_4,BLUE,SCORPION_RIDER,-1,3,6,0,0.00,108.00,false
2413,BLUE_5,BLUE,ARCHER,-3,3,4,0,18.00,32.00,false
2413,BLUE_6,BLUE,SPIDER,-2,3,1,0,0.00,4.00,false
2414,GREEN_1,GREEN,SPIDER,3,-2,16,0,38.00,64.00,false
2414,GREEN_2,GREEN,GARGOYLE,0,-2,3,0,6.00,48.00,false
2414,GREEN_3,GREEN,ARCHER,-1,-2,1,0,4.00,8.00,false
2414,BLUE_4,BLUE,SCORPION_RIDER,-1,3,6,6,78.00,40.00,true
2414,BLUE_5,BLUE,ARCHER,-3,3,4,4,42.00,8.00,true
2414,BLUE_6,BLUE,SPIDER,-2,3,1,1,0.00,0.00,true
2415,GREEN_1,GREEN,GARGOYLE,3,-2,6,6,0.00,0.00,false
2415,GREEN_2,GREEN,GARGOYLE,0,-2,4,4,0.00,0.00,false
2415,GREEN_3,GREEN,SPIDER,3,-3,1,1,0.00,0.00,false
2415,BLUE_4,BLUE,GOBLIN,-2,3,10,10,0.00,0.00,false
2415,BLUE_5,BLUE,ASSASSIN,0,3,6,6,0.00,0.00,false
2415,BLUE_6,BLUE,GOBLIN,-3,3,1,1,0.00,0.00,false
2416,GREEN_1,GREEN,GARGOYLE,3,-2,6,6,0.00,0.00,false
2416,GREEN_2,GREEN,GARGOYLE,0,-2,4,0,35.00,64.00,false
2416,GREEN_3,GREEN,SPIDER,3,-3,1,0,0.00,4.00,false
2416,BLUE_4,BLUE,GOBLIN,-2,3,10,10,0.00,0.00,false
2416,BLUE_5,BLUE,ASSASSIN,0,3,6,2,68.00,35.00,false
2416,BLUE_6,BLUE,GOBLIN,-3,3,1,1,0.00,0.00,false
2417,GREEN_1,GREEN,SCORPION_RIDER,1,-3,6,6,68.00,7.00,true
2417,GREEN_2,GREEN,ASSASSIN,0,-2,2,2,16.00,2.00,true
2417,GREEN_3,GREEN,GOLEM,2,-2,1,1,0.00,0.00,true
2417,GREEN_4,GREEN,SPIDER,2,-3,1,1,0.00,0.00,true
2417,BLUE_5,BLUE,MAGE,-2,3,8,0,8.00,64.00,false
2417,BLUE_6,BLUE,MAGE,0,2,2,0,1.00,16.00,false
2417,BLUE_7,BLUE,SPIDER,-3,2,1,0,0.00,4.00,false
2418,GREEN_1,GREEN,SCORPION_RIDER,1,-3,6,0,0.00,108.00,false
2418,GREEN_2,GREEN,ASSASSIN,0,-2,2,0,0.00,16.00,false
2418,GREEN_3,GREEN,GOLEM,2,-2,1,0,0.00,26.00,false
2418,GREEN_4,GREEN,SPIDER,2,-3,1,0,0.00,4.00,false
2418,BLUE_5,BLUE,MAGE,-2,3,8,8,119.00,0.00,true
2418,BLUE_6,BLUE,MAGE,0,2,2,2,27.00,0.00,true
2418,BLUE_7,BLUE,SPIDER,-3,2,1,1,8.00,0.00,true
2419,GREEN_1,GREEN,ARCHER,0,-3,7,4,40.00,40.00,false
2419,GREEN_2,GREEN,SCORPION_RIDER,3,-3,4,2,74.00,57.00,false
2419,BLUE_3,BLUE,GOLEM,-2,3,3,3,55.00,54.00,false
2419,BLUE_4,BLUE,ARCHER,-3,3,7,0,42.00,56.00,false
2419,BLUE_5,BLUE,SPIDER,-1,3,1,0,0.00,4.00,false
2420,GREEN_1,GREEN,ARCHER,0,-3,7,7,4.00,2.00,false
2420,GREEN_2,GREEN,SCORPION_RIDER,3,-3,4,4,0.00,0.00,false
2420,BLUE_3,BLUE,GOLEM,-2,3,3,3,0.00,0.00,false
2420,BLUE_4,BLUE,ARCHER,-3,3,7,7,0.00,0.00,false
2420,BLUE_5,BLUE,SPIDER,-1,3,1,0,2.00,4.00,false
2421,GREEN_1,GREEN,ASSASSIN,3,-3,8,2,88.00,55.00,false
2421,GREEN_2,GREEN,ASSASSIN,0,-2,2,2,12.00,14.00,false
2421,GREEN_3,GREEN,SPIDER,1,-3,1,1,4.00,0.00,false
2421,BLUE_4,BLUE,GOLEM,0,2,4,0,69.00,104.00,false
2421,BLUE_5,BLUE,GARGOYLE,0,3,5,5,0.00,0.00,false
2422,GREEN_1,GREEN,ASSASSIN,3,-3,8,0,12.00,64.00,false
2422,GREEN_2,GREEN,ASSASSIN,0,-2,2,0,6.00,16.00,false
2422,GREEN_3,GREEN,SPIDER,1,-3,1,0,0.00,4.00,false
2422,BLUE_4,BLUE,GOLEM,0,2,4,4,30.00,18.00,true
2422,BLUE_5,BLUE,GARGOYLE,0,3,5,5,54.00,0.00,true
2423,GREEN_1,GREEN,ARCHER,2,-3,2,1,31.00,14.00,true
2423,GREEN_2,GREEN,MAGE,3,-3,8,3,103.00,44.00,true
2423,GREEN_3,GREEN,ARCHER,0,-2,1,1,18.00,6.00,true
2423,BLUE_4,BLUE,GOBLIN,-3,2,12,0,0.00,96.00,false
2423,BLUE_5,BLUE,ARCHER,-1,3,6,0,64.00,48.00,false
2423,BLUE_6,BLUE,GOBLIN,-2,2,1,0,0.00,8.00,false
2424,GREEN_1,GREEN,ARCHER,2,-3,2,0,4.00,16.00,false
2424,GREEN_2,GREEN,MAGE,3,-3,8,0,25.00,64.00,false
2424,GREEN_3,GREEN,ARCHER,0,-2,1,0,2.00,8.00,false
2424,BLUE_4,BLUE,GOBLIN,-3,2,12,12,40.00,4.00,true
2424,BLUE_5,BLUE,ARCHER,-1,3,6,6,44.00,25.00,true
2424,BLUE_6,BLUE,GOBLIN,-2,2,1,1,4.00,2.00,true
2425,GREEN_1,GREEN,MAGE,1,-3,7,7,78.00,9.00,true
2425,GREEN_2,GREEN,SPIDER,0,-3,7,7,0.00,0.00,true
2425,GREEN_3,GREEN,GOBLIN,2,-2,1,1,6.00,3.00,true
2425,BLUE_4,BLUE,ASSASSIN,-2,3,7,0,0.00,56.00,false
2425,BLUE_5,BLUE,MAGE,0,2,3,0,12.00,24.00,false
2425,BLUE_6,BLUE,SPIDER,-1,3,1,0,0.00,4.00,false
2426,GREEN_1,GREEN,MAGE,1,-3,7,0,10.00,56.00,false
2426,GREEN_2,GREEN,SPIDER,0,-3,7,0,8.00,28.00,false
2426,GREEN_3,GREEN,GOBLIN,2,-2,1,0,4.00,8.00,false
2426,BLUE_4,BLUE,ASSASSIN,-2,3,7,6,92.00,22.00,true
2426,BLUE_5,BLUE,MAGE,0,2,3,3,0.00,0.00,true
2426,BLUE_6,BLUE,SPIDER,-1,3,1,1,0.00,0.00,true
2427,GREEN_1,GREEN,ARCHER,2,-3,7,7,109.00,0.00,true
2427,GREEN_2,GREEN,GOBLIN,1,-3,10,8,79.00,38.00,true
2427,GREEN_3,GREEN,GOBLIN,1,-2,1,1,0.00,0.00,true
2427,BLUE_4,BLUE,GOBLIN,-3,2,10,0,12.00,80.00,false
2427,BLUE_5,BLUE,GOLEM,-1,2,4,0,26.00,104.00,false
2427,BLUE_6,BLUE,SPIDER,-3,3,1,0,0.00,4.00,false
2428,GREEN_1,GREEN,ARCHER,2,-3,7,0,16.00,56.00,false
2428,GREEN_2,GREEN,GOBLIN,1,-3,10,0,73.00,80.00,false
2428,GREEN_3,GREEN,GOBLIN,1,-2,1,0,1.00,8.00,false
2428,BLUE_4,BLUE,GOBLIN,-3,2,10,7,79.00,40.00,true
2428,BLUE_5,BLUE,GOLEM,-1,2,4,4,65.00,50.00,true
2428,BLUE_6,BLUE,SPIDER,-3,3,1,1,0.00,0.00,true
2429,GREEN_1,GREEN,ARCHER,1,-3,7,7,100.00,14.00,true
2429,GREEN_2,GREEN,ARCHER,0,-3,5,5,36.00,15.00,true
2429,GREEN_3,GREEN,GOBLIN,0,-2,1,1,0.00,0.00,true
2429,BLUE_4,BLUE,GARGOYLE,1,2,5,0,15.00,80.00,false
2429,BLUE_5,BLUE,SPIDER,-1,3,12,0,14.00,48.00,false
2429,BLUE_6,BLUE,GOBLIN,-3,3,1,0,0.00,8.00,false
2430,GREEN_1,GREEN,ARCHER,1,-3,7,0,22.00,56.00,false
2430,GREEN_2,GREEN,ARCHER,0,-3,5,0,10.00,40.00,false
2430,GREEN_3,GREEN,GOBLIN,0,-2,1,0,0.00,8.00,false
2430,BLUE_4,BLUE,GARGOYLE,1,2,5,5,51.00,10.00,true
2430,BLUE_5,BLUE,SPIDER,-1,3,12,9,53.00,22.00,true
2430,BLUE_6,BLUE,GOBLIN,-3,3,1,1,0.00,0.00,true
2431,GREEN_1,GREEN,GARGOYLE,1,-3,4,4,83.00,24.00,true
2431,GREEN_2,GREEN,GOLEM,0,-3,4,4,0.00,0.00,true
2431,GREEN_3,GREEN,ARCHER,3,-3,1,1,25.00,0.00,true
2431,BLUE_4,BLUE,SPIDER,0,3,13,0,24.00,52.00,false
2431,BLUE_5,BLUE,GOBLIN,-3,2,3,0,0.00,24.00,false
2431,BLUE_6,BLUE,ASSASSIN,-1,2,3,0,0.00,24.00,false
2431,BLUE_7,BLUE,ARCHER,-2,3,1,0,0.00,8.00,false
2432,GREEN_1,GREEN,GARGOYLE,1,-3,4,0,42.00,64.00,false
2432,GREEN_2,GREEN,GOLEM,0,-3,4,0,0.00,104.00,false
2432,GREEN_3,GREEN,ARCHER,3,-3,1,0,2.00,8.00,false
2432,BLUE_4,BLUE,SPIDER,0,3,13,10,140.00,30.00,true
2432,BLUE_5,BLUE,GOBLIN,-3,2,3,3,0.00,0.00,true
2432,BLUE_6,BLUE,ASSASSIN,-1,2,3,3,16.00,14.00,true
2432,BLUE_7,BLUE,ARCHER,-2,3,1,1,20.00,0.00,true
2433,GREEN_1,GREEN,SCORPION_RIDER,2,-2,5,0,93.00,90.00,true
2433,GREEN_2,GREEN,GOBLIN,3,-3,10,8,51.00,35.00,true
2433,GREEN_3,GREEN,SPIDER,3,-2,1,1,0.00,0.00,true
2433,BLUE_4,BLUE,GOLEM,0,2,4,0,104.00,104.00,false
2433,BLUE_5,BLUE,ASSASSIN,-1,3,5,0,21.00,40.00,false
2434,GREEN_1,GREEN,SCORPION_RIDER,2,-2,5,0,86.00,90.00,false
2434,GREEN_2,GREEN,GOBLIN,3,-3,10,10,0.00,0.00,false
2434,GREEN_3,GREEN,SPIDER,3,-2,1,0,0.00,4.00,false
2434,BLUE_4,BLUE,GOLEM,0,2,4,3,68.00,62.00,false
2434,BLUE_5,BLUE,ASSASSIN,-1,3,5,2,26.00,24.00,false
2435,GREEN_1,GREEN,SPIDER,3,-2,15,12,74.00,24.00,true
2435,GREEN_2,GREEN,MAGE,3,-3,2,2,16.00,4.00,true
2435,GREEN_3,GREEN,ARCHER,2,-3,2,2,25.00,0.00,true
2435,GREEN_4,GREEN,GOBLIN,0,-2,1,1,1.00,2.00,true
2435,BLUE_5,BLUE,SPIDER,-2,2,7,0,6.00,28.00,false
2435,BLUE_6,BLUE,ARCHER,0,3,7,0,24.00,56.00,false
2435,BLUE_7,BLUE,GOBLIN,-1,2,4,0,0.00,32.00,false
2436,GREEN_1,GREEN,SPIDER,3,-2,15,0,0.00,60.00,false
2436,GREEN_2,GREEN,MAGE,3,-3,2,2,0.00,0.00,false
2436,GREEN_3,GREEN,ARCHER,2,-3,2,2,0.00,0.00,false
2436,GREEN_4,GREEN,GOBLIN,0,-2,1,1,0.00,0.00,false
2436,BLUE_5,BLUE,SPIDER,-2,2,7,7,0.00,0.00,false
2436,BLUE_6,BLUE,ARCHER,0,3,7,7,60.00,0.00,false
2436,BLUE_7,BLUE,GOBLIN,-1,2,4,4,0.00,0.00,false
2437,GREEN_1,GREEN,SPIDER,3,-3,15,15,60.00,0.00,true
2437,GREEN_2,GREEN,GARGOYLE,1,-3,1,1,4.00,0.00,true
2437,GREEN_3,GREEN,ASSASSIN,2,-2,3,3,24.00,10.00,true
2437,BLUE_4,BLUE,ASSASSIN,-1,2,8,0,0.00,64.00,false
2437,BLUE_5,BLUE,SPIDER,-3,3,6,0,10.00,24.00,false
2438,GREEN_1,GREEN,SPIDER,3,-3,15,0,31.00,60.00,false
2438,GREEN_2,GREEN,GARGOYLE,1,-3,1,0,3.00,16.00,false
2438,GREEN_3,GREEN,ASSASSIN,2,-2,3,0,14.00,24.00,false
2438,BLUE_4,BLUE,ASSASSIN,-1,2,8,4,88.00,44.00,true
2438,BLUE_5,BLUE,SPIDER,-3,3,6,6,12.00,4.00,true
2439,GREEN_1,GREEN,GOLEM,2,-2,4,3,56.00,68.00,true
2439,GREEN_2,GREEN,GOBLIN,1,-3,9,9,0.00,0.00,true
2439,GREEN_3,GREEN,SCORPION_RIDER,1,-2,1,1,32.00,12.00,true
2439,BLUE_4,BLUE,ASSASSIN,1,2,7,0,68.00,56.00,false
2439,BLUE_5,BLUE,ARCHER,-3,3,4,0,12.00,32.00,false
2440,GREEN_1,GREEN,GOLEM,2,-2,4,4,0.00,0.00,false
2440,GREEN_2,GREEN,GOBLIN,1,-3,9,7,28.00,28.00,false
2440,GREEN_3,GREEN,SCORPION_RIDER,1,-2,1,0,8.00,18.00,false
2440,BLUE_4,BLUE,ASSASSIN,1,2,7,5,46.00,36.00,false
2440,BLUE_5,BLUE,ARCHER,-3,3,4,4,0.00,0.00,false
2441,GREEN_1,GREEN,ARCHER,3,-3,7,7,84.00,0.00,true
2441,GREEN_2,GREEN,GARGOYLE,-1,-2,4,4,8.00,0.00,true
2441,GREEN_3,GREEN,GOBLIN,2,-3,1,1,0.00,0.00,true
2441,BLUE_4,BLUE,ASSASSIN,-2,3,7,0,0.00,56.00,false
2441,BLUE_5,BLUE,SPIDER,-2,2,7,0,0.00,28.00,false
2441,BLUE_6,BLUE,GOBLIN,-3,3,1,0,0.00,8.00,false
2442,GREEN_1,GREEN,ARCHER,3,-3,7,0,22.00,56.00,false
2442,GREEN_2,GREEN,GARGOYLE,-1,-2,4,4,22.00,31.00,false
2442,GREEN_3,GREEN,GOBLIN,2,-3,1,0,4.00,8.00,false
2442,BLUE_4,BLUE,ASSASSIN,-2,3,7,3,95.00,48.00,false
2442,BLUE_5,BLUE,SPIDER,-2,2,7,7,0.00,0.00,false
2442,BLUE_6,BLUE,GOBLIN,-3,3,1,1,0.00,0.00,false
2443,GREEN_1,GREEN,GOBLIN,1,-2,12,10,101.00,27.00,true
2443,GREEN_2,GREEN,SPIDER,3,-2,1,1,0.00,0.00,true
2443,GREEN_3,GREEN,MAGE,0,-3,4,3,9.00,17.00,true
2443,GREEN_4,GREEN,SCORPION_RIDER,2,-2,1,1,8.00,6.00,true
2443,BLUE_5,BLUE,GOLEM,0,2,1,0,7.00,26.00,false
2443,BLUE_6,BLUE,MAGE,-2,2,7,0,28.00,56.00,false
2443,BLUE_7,BLUE,SCORPION_RIDER,1,2,2,0,15.00,36.00,false
2444,GREEN_1,GREEN,GOBLIN,1,-2,12,0,39.00,96.00,false
2444,GREEN_2,GREEN,SPIDER,3,-2,1,0,0.00,4.00,false
2444,GREEN_3,GREEN,MAGE,0,-3,4,0,3.00,32.00,false
2444,GREEN_4,GREEN,SCORPION_RIDER,2,-2,1,0,0.00,18.00,false
2444,BLUE_5,BLUE,GOLEM,0,2,1,1,5.00,17.00,true
2444,BLUE_6,BLUE,MAGE,-2,2,7,7,109.00,0.00,true
2444,BLUE_7,BLUE,SCORPION_RIDER,1,2,2,1,36.00,25.00,true
2445,GREEN_1,GREEN,ARCHER,1,-2,8,8,96.00,10.00,true
2445,GREEN_2,GREEN,MAGE,1,-3,3,3,25.00,0.00,true
2445,GREEN_3,GREEN,GOBLIN,3,-3,1,1,0.00,0.00,true
2445,GREEN_4,GREEN,SPIDER,2,-2,1,1,1.00,0.00,true
2445,BLUE_5,BLUE,SPIDER,1,2,16,0,10.00,64.00,false
2445,BLUE_6,BLUE,SCORPION_RIDER,-2,3,3,0,0.00,54.00,false
2445,BLUE_7,BLUE,SPIDER,-1,2,1,0,0.00,4.00,false
2446,GREEN_1,GREEN,ARCHER,1,-2,8,0,32.00,64.00,false
2446,GREEN_2,GREEN,MAGE,1,-3,3,0,1.00,24.00,false
2446,GREEN_3,GREEN,GOBLIN,3,-3,1,0,0.00,8.00,false
2446,GREEN_4,GREEN,SPIDER,2,-2,1,0,0.00,4.00,false
2446,BLUE_5,BLUE,SPIDER,1,2,16,12,58.00,30.00,true
2446,BLUE_6,BLUE,SCORPION_RIDER,-2,3,3,3,42.00,3.00,true
2446,BLUE_7,BLUE,SPIDER,-1,2,1,1,0.00,0.00,true
2447,GREEN_1,GREEN,MAGE,2,-2,8,8,0.00,0.00,false
2447,GREEN_2,GREEN,SCORPION_RIDER,0,-2,2,2,36.00,24.00,false
2447,GREEN_3,GREEN,GOBLIN,2,-3,1,1,0.00,0.00,false
2447,BLUE_4,BLUE,GARGOYLE,-1,3,6,6,0.00,0.00,false
2447,BLUE_5,BLUE,ASSASSIN,-2,2,4,0,24.00,32.00,false
2447,BLUE_6,BLUE,SPIDER,-2,3,1,0,0.00,4.00,false
2448,GREEN_1,GREEN,MAGE,2,-2,8,0,16.00,64.00,false
2448,GREEN_2,GREEN,SCORPION_RIDER,0,-2,2,0,0.00,36.00,false
2448,GREEN_3,GREEN,GOBLIN,2,-3,1,0,4.00,8.00,false
2448,BLUE_4,BLUE,GARGOYLE,-1,3,6,6,26.00,0.00,true
2448,BLUE_5,BLUE,ASSASSIN,-2,2,4,4,72.00,20.00,true
2448,BLUE_6,BLUE,SPIDER,-2,3,1,1,10.00,0.00,true
2449,GREEN_1,GREEN,SCORPION_RIDER,0,-2,6,5,182.00,74.00,true
2449,GREEN_2,GREEN,SCORPION_RIDER,2,-3,3,3,8.00,0.00,true
2449,GREEN_3,GREEN,SPIDER,2,-2,1,1,2.00,0.00,true
2449,BLUE_4,BLUE,GOBLIN,-3,3,12,0,38.00,96.00,false
2449,BLUE_5,BLUE,GOBLIN,-3,2,11,0,36.00,88.00,false
2449,BLUE_6,BLUE,ARCHER,-2,3,1,0,0.00,8.00,false
2450,GREEN_1,GREEN,SCORPION_RIDER,0,-2,6,0,96.00,108.00,false
2450,GREEN_2,GREEN,SCORPION_RIDER,2,-3,3,0,32.00,54.00,false
2450,GREEN_3,GREEN,SPIDER,2,-2,1,0,0.00,4.00,false
2450,BLUE_4,BLUE,GOBLIN,-3,3,12,4,56.00,64.00,true
2450,BLUE_5,BLUE,GOBLIN,-3,2,11,3,56.00,64.00,true
2450,BLUE_6,BLUE,ARCHER,-2,3,1,1,54.00,0.00,true
2451,GREEN_1,GREEN,MAGE,2,-3,8,8,0.00,0.00,true
2451,GREEN_2,GREEN,ARCHER,0,-3,3,3,84.00,3.00,true
2451,BLUE_3,BLUE,ASSASSIN,-2,3,8,0,0.00,64.00,false
2451,BLUE_4,BLUE,MAGE,1,2,2,0,3.00,16.00,false
2451,BLUE_5,BLUE,SPIDER,-1,3,1,0,0.00,4.00,false
2452,GREEN_1,GREEN,MAGE,2,-3,8,0,11.00,64.00,false
2452,GREEN_2,GREEN,ARCHER,0,-3,3,0,6.00,24.00,false
2452,BLUE_3,BLUE,ASSASSIN,-2,3,8,8,88.00,17.00,true
2452,BLUE_4,BLUE,MAGE,1,2,2,2,0.00,0.00,true
2452,BLUE_5,BLUE,SPIDER,-1,3,1,1,0.00,0.00,true
2453,GREEN_1,GREEN,SPIDER,3,-2,15,15,0.00,0.00,false
2453,GREEN_2,GREEN,GOBLIN,2,-3,9,9,0.00,0.00,false
2453,GREEN_3,GREEN,SPIDER,2,-2,1,1,0.00,0.00,false
2453,BLUE_4,BLUE,ASSASSIN,0,2,8,8,0.00,0.00,false
2453,BLUE_5,BLUE,MAGE,-3,2,2,2,0.00,0.00,false
2453,BLUE_6,BLUE,SPIDER,-2,3,1,1,0.00,0.00,false
2454,GREEN_1,GREEN,SPIDER,3,-2,15,0,26.00,60.00,false
2454,GREEN_2,GREEN,GOBLIN,2,-3,9,0,38.00,72.00,false
2454,GREEN_3,GREEN,SPIDER,2,-2,1,0,0.00,4.00,false
2454,BLUE_4,BLUE,ASSASSIN,0,2,8,0,98.00,64.00,true
2454,BLUE_5,BLUE,MAGE,-3,2,2,2,28.00,0.00,true
2454,BLUE_6,BLUE,SPIDER,-2,3,1,1,10.00,0.00,true
2455,GREEN_1,GREEN,ARCHER,3,-3,7,7,182.00,0.00,true
2455,GREEN_2,GREEN,GOLEM,3,-2,3,3,0.00,0.00,true
2455,GREEN_3,GREEN,SPIDER,2,-2,1,1,2.00,0.00,true
2455,BLUE_4,BLUE,GARGOYLE,0,3,6,0,0.00,96.00,false
2455,BLUE_5,BLUE,GOBLIN,-1,3,11,0,0.00,88.00,false
2456,GREEN_1,GREEN,ARCHER,3,-3,7,7,0.00,0.00,false
2456,GREEN_2,GREEN,GOLEM,3,-2,3,3,0.00,0.00,false
2456,GREEN_3,GREEN,SPIDER,2,-2,1,1,0.00,0.00,false
2456,BLUE_4,BLUE,GARGOYLE,0,3,6,6,0.00,0.00,false
2456,BLUE_5,BLUE,GOBLIN,-1,3,11,11,0.00,0.00,false
2457,GREEN_1,GREEN,SPIDER,3,-3,16,16,70.00,0.00,true
2457,GREEN_2,GREEN,ASSASSIN,2,-3,3,1,54.00,18.00,true
2457,GREEN_3,GREEN,ARCHER,1,-3,1,1,12.00,0.00,true
2457,BLUE_4,BLUE,GOBLIN,1,2,11,0,3.00,88.00,false
2457,BLUE_5,BLUE,MAGE,0,2,6,0,15.00,48.00,false
2458,GREEN_1,GREEN,SPIDER,3,-3,16,0,0.00,64.00,false
2458,GREEN_2,GREEN,ASSASSIN,2,-3,3,0,0.00,24.00,false
2458,GREEN_3,GREEN,ARCHER,1,-3,1,0,4.00,8.00,false
2458,BLUE_4,BLUE,GOBLIN,1,2,11,11,0.00,0.00,true
2458,BLUE_5,BLUE,MAGE,0,2,6,6,96.00,4.00,true
2459,GREEN_1,GREEN,ASSASSIN,2,-3,8,4,80.00,50.00,false
2459,GREEN_2,GREEN,GARGOYLE,3,-2,2,2,0.00,0.00,false
2459,GREEN_3,GREEN,SPIDER,3,-3,1,1,0.00,0.00,false
2459,BLUE_4,BLUE,GOLEM,-1,2,4,4,0.00,0.00,false
2459,BLUE_5,BLUE,GARGOYLE,-2,2,5,0,50.00,80.00,false
2460,GREEN_1,GREEN,ASSASSIN,2,-3,8,0,21.00,64.00,false
2460,GREEN_2,GREEN,GARGOYLE,3,-2,2,0,0.00,32.00,false
2460,GREEN_3,GREEN,SPIDER,3,-3,1,0,0.00,4.00,false
2460,BLUE_4,BLUE,GOLEM,-1,2,4,4,53.00,21.00,true
2460,BLUE_5,BLUE,GARGOYLE,-2,2,5,5,47.00,0.00,true
2461,GREEN_1,GREEN,GOLEM,2,-3,4,4,140.00,57.00,true
2461,GREEN_2,GREEN,ASSASSIN,3,-3,4,1,34.00,27.00,true
2461,GREEN_3,GREEN,ASSASSIN,0,-2,1,1,8.00,4.00,true
2461,BLUE_4,BLUE,GARGOYLE,-3,2,6,0,42.00,96.00,false
2461,BLUE_5,BLUE,GOLEM,-1,3,3,0,42.00,78.00,false
2461,BLUE_6,BLUE,GOBLIN,-3,3,1,0,4.00,8.00,false
2462,GREEN_1,GREEN,GOLEM,2,-3,4,0,40.00,104.00,false
2462,GREEN_2,GREEN,ASSASSIN,3,-3,4,0,24.00,32.00,false
2462,GREEN_3,GREEN,ASSASSIN,0,-2,1,0,0.00,8.00,false
2462,BLUE_4,BLUE,GARGOYLE,-3,2,6,6,67.00,0.00,true
2462,BLUE_5,BLUE,GOLEM,-1,3,3,2,77.00,64.00,true
2462,BLUE_6,BLUE,GOBLIN,-3,3,1,1,0.00,0.00,true
2463,GREEN_1,GREEN,GARGOYLE,3,-3,6,6,103.00,0.00,true
2463,GREEN_2,GREEN,MAGE,1,-3,4,4,75.00,0.00,true
2463,GREEN_3,GREEN,GOBLIN,0,-3,1,1,0.00,0.00,true
2463,BLUE_4,BLUE,GOBLIN,-2,3,11,0,0.00,88.00,false
2463,BLUE_5,BLUE,SCORPION_RIDER,0,3,5,0,0.00,90.00,false
2464,GREEN_1,GREEN,GARGOYLE,3,-3,6,0,57.00,96.00,false
2464,GREEN_2,GREEN,MAGE,1,-3,4,0,3.00,32.00,false
2464,GREEN_3,GREEN,GOBLIN,0,-3,1,0,0.00,8.00,false
2464,BLUE_4,BLUE,GOBLIN,-2,3,11,11,0.00,0.00,true
2464,BLUE_5,BLUE,SCORPION_RIDER,0,3,5,5,136.00,60.00,true
2465,GREEN_1,GREEN,ASSASSIN,0,-3,7,1,88.00,54.00,true
2465,GREEN_2,GREEN,GOBLIN,2,-2,7,7,0.00,0.00,true
2465,GREEN_3,GREEN,SPIDER,1,-3,1,1,16.00,0.00,true
2465,BLUE_4,BLUE,ASSASSIN,-2,3,8,0,41.00,64.00,false
2465,BLUE_5,BLUE,GARGOYLE,-1,2,2,0,9.00,32.00,false
2465,BLUE_6,BLUE,GOBLIN,-3,3,1,0,4.00,8.00,false
2466,GREEN_1,GREEN,ASSASSIN,0,-3,7,0,48.00,56.00,false
2466,GREEN_2,GREEN,GOBLIN,2,-2,7,0,20.00,56.00,false
2466,GREEN_3,GREEN,SPIDER,1,-3,1,0,0.00,4.00,false
2466,BLUE_4,BLUE,ASSASSIN,-2,3,8,0,80.00,68.00,true
2466,BLUE_5,BLUE,GARGOYLE,-1,2,2,2,36.00,0.00,true
2466,BLUE_6,BLUE,GOBLIN,-3,3,1,1,0.00,0.00,true
2467,GREEN_1,GREEN,ARCHER,2,-2,8,7,80.00,26.00,true
2467,GREEN_2,GREEN,ASSASSIN,3,-3,3,1,30.00,17.00,true
2467,GREEN_3,GREEN,ARCHER,0,-3,1,1,0.00,0.00,true
2467,BLUE_4,BLUE,MAGE,-1,3,7,0,30.00,56.00,false
2467,BLUE_5,BLUE,SCORPION_RIDER,-3,2,3,0,13.00,54.00,false
2468,GREEN_1,GREEN,ARCHER,2,-2,8,8,0.00,0.00,false
2468,GREEN_2,GREEN,ASSASSIN,3,-3,3,3,0.00,0.00,false
2468,GREEN_3,GREEN,ARCHER,0,-3,1,1,0.00,0.00,false
2468,BLUE_4,BLUE,MAGE,-1,3,7,7,0.00,0.00,false
2468,BLUE_5,BLUE,SCORPION_RIDER,-3,2,3,3,0.00,0.00,false
2469,GREEN_1,GREEN,SPIDER,2,-2,16,9,106.00,37.00,true
2469,GREEN_2,GREEN,SCORPION_RIDER,2,-3,3,3,18.00,27.00,true
2469,GREEN_3,GREEN,SPIDER,1,-3,1,0,0.00,4.00,true
2469,BLUE_4,BLUE,GARGOYLE,-3,3,5,0,65.00,80.00,false
2469,BLUE_5,BLUE,ASSASSIN,-1,3,4,0,0.00,32.00,false
2469,BLUE_6,BLUE,MAGE,0,3,1,0,1.00,8.00,false
2469,BLUE_7,BLUE,SPIDER,-2,2,1,0,2.00,4.00,false
2470,GREEN_1,GREEN,SPIDER,2,-2,16,12,26.00,16.00,false
2470,GREEN_2,GREEN,SCORPION_RIDER,2,-3,3,3,0.00,0.00,false
2470,GREEN_3,GREEN,SPIDER,1,-3,1,0,0.00,4.00,false
2470,BLUE_4,BLUE,GARGOYLE,-3,3,5,5,0.00,0.00,false
2470,BLUE_5,BLUE,ASSASSIN,-1,3,4,1,20.00,26.00,false
2470,BLUE_6,BLUE,MAGE,0,3,1,1,0.00,0.00,false
2470,BLUE_7,BLUE,SPIDER,-2,2,1,1,0.00,0.00,false
2471,GREEN_1,GREEN,SPIDER,2,-3,3,3,14.00,0.00,true
2471,GREEN_2,GREEN,GOBLIN,2,-2,10,10,60.00,22.00,true
2471,GREEN_3,GREEN,SCORPION_RIDER,3,-3,4,3,64.00,39.00,true
2471,GREEN_4,GREEN,GOBLIN,1,-3,1,1,0.00,0.00,true
2471,BLUE_5,BLUE,SPIDER,-1,3,15,0,22.00,60.00,false
2471,BLUE_6,BLUE,GOLEM,-1,2,3,0,39.00,78.00,false
2472,GREEN_1,GREEN,SPIDER,2,-3,3,0,4.00,12.00,false
2472,GREEN_2,GREEN,GOBLIN,2,-2,10,0,55.00,80.00,false
2472,GREEN_3,GREEN,SCORPION_RIDER,3,-3,4,0,16.00,72.00,false
2472,GREEN_4,GREEN,GOBLIN,1,-3,1,0,0.00,8.00,false
2472,BLUE_5,BLUE,SPIDER,-1,3,15,15,117.00,4.00,true
2472,BLUE_6,BLUE,GOLEM,-1,2,3,1,55.00,71.00,true
2473,GREEN_1,GREEN,SPIDER,-1,-2,13,13,0.00,0.00,false
2473,GREEN_2,GREEN,SCORPION_RIDER,0,-2,4,4,0.00,0.00,false
2473,GREEN_3,GREEN,SPIDER,1,-3,1,1,0.00,0.00,false
2473,BLUE_4,BLUE,MAGE,-1,2,7,7,0.00,0.00,false
2473,BLUE_5,BLUE,GOLEM,0,3,2,2,0.00,0.00,false
2473,BLUE_6,BLUE,SPIDER,-3,3,2,2,0.00,0.00,false
2474,GREEN_1,GREEN,SPIDER,-1,-2,13,0,16.00,52.00,false
2474,GREEN_2,GREEN,SCORPION_RIDER,0,-2,4,0,0.00,72.00,false
2474,GREEN_3,GREEN,SPIDER,1,-3,1,0,0.00,4.00,false
2474,BLUE_4,BLUE,MAGE,-1,2,7,7,128.00,16.00,true
2474,BLUE_5,BLUE,GOLEM,0,3,2,2,0.00,0.00,true
2474,BLUE_6,BLUE,SPIDER,-3,3,2,2,0.00,0.00,true
2475,GREEN_1,GREEN,SCORPION_RIDER,0,-3,5,5,78.00,17.00,true
2475,GREEN_2,GREEN,MAGE,2,-3,5,5,34.00,9.00,true
2475,BLUE_3,BLUE,MAGE,-1,2,8,0,14.00,64.00,false
2475,BLUE_4,BLUE,GOBLIN,0,3,6,0,12.00,48.00,false
2476,GREEN_1,GREEN,SCORPION_RIDER,0,-3,5,0,0.00,90.00,false
2476,GREEN_2,GREEN,MAGE,2,-3,5,0,7.00,40.00,false
2476,BLUE_3,BLUE,MAGE,-1,2,8,8,90.00,0.00,true
2476,BLUE_4,BLUE,GOBLIN,0,3,6,6,40.00,7.00,true
2477,GREEN_1,GREEN,GARGOYLE,2,-3,6,6,104.00,0.00,true
2477,GREEN_2,GREEN,GOBLIN,0,-3,9,9,0.00,0.00,true
2477,GREEN_3,GREEN,GOBLIN,1,-3,2,1,40.00,15.00,true
2477,BLUE_4,BLUE,GOBLIN,0,3,12,0,0.00,96.00,false
2477,BLUE_5,BLUE,MAGE,1,2,5,0,15.00,40.00,false
2477,BLUE_6,BLUE,GOBLIN,-1,2,1,0,0.00,8.00,false
2478,GREEN_1,GREEN,GARGOYLE,2,-3,6,6,0.00,0.00,false
2478,GREEN_2,GREEN,GOBLIN,0,-3,9,9,0.00,0.00,false
2478,GREEN_3,GREEN,GOBLIN,1,-3,2,2,0.00,0.00,false
2478,BLUE_4,BLUE,GOBLIN,0,3,12,12,0.00,0.00,false
2478,BLUE_5,BLUE,MAGE,1,2,5,5,0.00,0.00,false
2478,BLUE_6,BLUE,GOBLIN,-1,2,1,1,0.00,0.00,false
2479,GREEN_1,GREEN,ARCHER,3,-3,7,4,88.00,52.00,true
2479,GREEN_2,GREEN,MAGE,0,-3,4,4,0.00,0.00,true
2479,GREEN_3,GREEN,GOBLIN,-1,-2,1,1,0.00,0.00,true
2479,BLUE_4,BLUE,MAGE,-3,3,8,0,40.00,64.00,false
2479,BLUE_5,BLUE,ARCHER,-2,3,3,0,12.00,24.00,false
2480,GREEN_1,GREEN,ARCHER,3,-3,7,6,45.00,28.00,false
2480,GREEN_2,GREEN,MAGE,0,-3,4,0,24.00,32.00,false
2480,GREEN_3,GREEN,GOBLIN,-1,-2,1,0,0.00,8.00,false
2480,BLUE_4,BLUE,MAGE,-3,3,8,3,55.00,57.00,false
2480,BLUE_5,BLUE,ARCHER,-2,3,3,3,13.00,12.00,false
2481,GREEN_1,GREEN,SCORPION_RIDER,2,-3,2,2,10.00,21.00,true
2481,GREEN_2,GREEN,GOLEM,3,-3,4,2,111.00,89.00,true
2481,GREEN_3,GREEN,ARCHER,1,-2,3,3,55.00,0.00,true
2481,BLUE_4,BLUE,SCORPION_RIDER,1,2,5,0,62.00,90.00,false
2481,BLUE_5,BLUE,GOLEM,-2,3,3,0,48.00,78.00,false
2481,BLUE_6,BLUE,GOBLIN,-1,3,1,0,0.00,8.00,false
2482,GREEN_1,GREEN,SCORPION_RIDER,2,-3,2,0,16.00,36.00,false
2482,GREEN_2,GREEN,GOLEM,3,-3,4,0,83.00,104.00,false
2482,GREEN_3,GREEN,ARCHER,1,-2,3,0,4.00,24.00,false
2482,BLUE_4,BLUE,SCORPION_RIDER,1,2,5,2,133.00,77.00,true
2482,BLUE_5,BLUE,GOLEM,-2,3,3,3,31.00,26.00,true
2482,BLUE_6,BLUE,GOBLIN,-1,3,1,1,0.00,0.00,true
2483,GREEN_1,GREEN,ASSASSIN,-1,-2,8,2,102.00,54.00,true
2483,GREEN_2,GREEN,ARCHER,0,-2,3,3,60.00,0.00,true
2483,BLUE_3,BLUE,SCORPION_RIDER,0,3,5,0,28.00,90.00,false
2483,BLUE_4,BLUE,GARGOYLE,1,2,4,0,20.00,64.00,false
2483,BLUE_5,BLUE,ASSASSIN,-3,2,1,0,6.00,8.00,false
2484,GREEN_1,GREEN,ASSASSIN,-1,-2,8,0,30.00,64.00,false
2484,GREEN_2,GREEN,ARCHER,0,-2,3,0,10.00,24.00,false
2484,BLUE_3,BLUE,SCORPION_RIDER,0,3,5,4,70.00,34.00,true
2484,BLUE_4,BLUE,GARGOYLE,1,2,4,4,12.00,0.00,true
2484,BLUE_5,BLUE,ASSASSIN,-3,2,1,1,6.00,6.00,true
2485,GREEN_1,GREEN,SPIDER,3,-2,16,16,40.00,6.00,true
2485,GREEN_2,GREEN,SCORPION_RIDER,1,-3,3,3,44.00,11.00,true
2485,GREEN_3,GREEN,SPIDER,0,-2,1,1,0.00,0.00,true
2485,BLUE_4,BLUE,MAGE,-1,2,8,0,11.00,64.00,false
2485,BLUE_5,BLUE,ASSASSIN,-2,3,2,0,6.00,16.00,false
2485,BLUE_6,BLUE,SPIDER,-3,3,1,0,0.00,4.00,false
2486,GREEN_1,GREEN,SPIDER,3,-2,16,0,8.00,64.00,false
2486,GREEN_2,GREEN,SCORPION_RIDER,1,-3,3,0,0.00,54.00,false
2486,GREEN_3,GREEN,SPIDER,0,-2,1,0,0.00,4.00,false
2486,BLUE_4,BLUE,MAGE,-1,2,8,8,108.00,0.00,true
2486,BLUE_5,BLUE,ASSASSIN,-2,3,2,2,6.00,8.00,true
2486,BLUE_6,BLUE,SPIDER,-3,3,1,1,8.00,0.00,true
2487,GREEN_1,GREEN,GARGOYLE,0,-3,6,6,88.00,0.00,true
2487,GREEN_2,GREEN,GOBLIN,1,-3,11,7,104.00,67.00,true
2487,BLUE_3,BLUE,GOLEM,-1,2,4,0,67.00,104.00,false
2487,BLUE_4,BLUE,GOBLIN,0,3,9,0,0.00,72.00,false
2487,BLUE_5,BLUE,GOBLIN,-1,3,2,0,0.00,16.00,false
2488,GREEN_1,GREEN,GARGOYLE,0,-3,6,6,0.00,0.00,false
2488,GREEN_2,GREEN,GOBLIN,1,-3,11,11,0.00,0.00,false
2488,BLUE_3,BLUE,GOLEM,-1,2,4,4,0.00,0.00,false
2488,BLUE_4,BLUE,GOBLIN,0,3,9,9,0.00,0.00,false
2488,BLUE_5,BLUE,GOBLIN,-1,3,2,2,0.00,0.00,false
2489,GREEN_1,GREEN,SCORPION_RIDER,3,-3,5,5,91.00,50.00,true
2489,GREEN_2,GREEN,GOLEM,2,-3,3,3,21.00,31.00,true
2489,GREEN_3,GREEN,SPIDER,-1,-2,1,1,26.00,0.00,true
2489,BLUE_4,BLUE,GOBLIN,-2,3,10,0,63.00,80.00,false
2489,BLUE_5,BLUE,ASSASSIN,0,2,5,0,18.00,40.00,false
2489,BLUE_6,BLUE,SCORPION_RIDER,-1,3,1,0,0.00,18.00,false
2490,GREEN_1,GREEN,SCORPION_RIDER,3,-3,5,5,0.00,0.00,false
2490,GREEN_2,GREEN,GOLEM,2,-3,3,0,44.00,78.00,false
2490,GREEN_3,GREEN,SPIDER,-1,-2,1,0,0.00,4.00,false
2490,BLUE_4,BLUE,GOBLIN,-2,3,10,9,52.00,29.00,false
2490,BLUE_5,BLUE,ASSASSIN,0,2,5,4,30.00,15.00,false
2490,BLUE_6,BLUE,SCORPION_RIDER,-1,3,1,1,0.00,0.00,false
2491,GREEN_1,GREEN,ARCHER,3,-3,7,7,114.00,21.00,true
2491,GREEN_2,GREEN,MAGE,1,-3,4,4,52.00,0.00,true
2491,GREEN_3,GREEN,GOBLIN,2,-2,1,0,4.00,8.00,true
2491,BLUE_4,BLUE,GARGOYLE,-1,2,5,0,29.00,80.00,false
2491,BLUE_5,BLUE,SCORPION_RIDER,-2,2,5,0,0.00,90.00,false
2492,GREEN_1,GREEN,ARCHER,3,-3,7,0,8.00,56.00,false
2492,GREEN_2,GREEN,MAGE,1,-3,4,0,2.00,32.00,false
2492,GREEN_3,GREEN,GOBLIN,2,-2,1,0,0.00,8.00,false
2492,BLUE_4,BLUE,GARGOYLE,-1,2,5,5,8.00,0.00,true
2492,BLUE_5,BLUE,SCORPION_RIDER,-2,2,5,5,88.00,10.00,true
2493,GREEN_1,GREEN,ASSASSIN,1,-3,8,3,32.00,44.00,false
2493,GREEN_2,GREEN,SCORPION_RIDER,2,-3,2,1,10.00,30.00,false
2493,GREEN_3,GREEN,GOBLIN,3,-3,1,1,0.00,0.00,false
2493,BLUE_4,BLUE,GOBLIN,1,2,11,8,74.00,42.00,false
2493,BLUE_5,BLUE,GOLEM,-3,2,4,4,0.00,0.00,false
2494,GREEN_1,GREEN,ASSASSIN,1,-3,8,0,72.00,64.00,false
2494,GREEN_2,GREEN,SCORPION_RIDER,2,-3,2,0,15.00,36.00,false
2494,GREEN_3,GREEN,GOBLIN,3,-3,1,0,1.00,8.00,false
2494,BLUE_4,BLUE,GOBLIN,1,2,11,11,35.00,36.00,true
2494,BLUE_5,BLUE,GOLEM,-3,2,4,4,73.00,52.00,true
2495,GREEN_1,GREEN,SCORPION_RIDER,0,-3,5,5,0.00,0.00,true
2495,GREEN_2,GREEN,GOLEM,2,-3,3,1,93.00,76.00,true
2495,GREEN_3,GREEN,SPIDER,1,-3,1,1,19.00,0.00,true
2495,BLUE_4,BLUE,ASSASSIN,-3,2,7,0,60.00,56.00,false
2495,BLUE_5,BLUE,GARGOYLE,-3,3,3,0,15.00,48.00,false
2495,BLUE_6,BLUE,GOBLIN,0,2,1,0,1.00,8.00,false
2496,GREEN_1,GREEN,SCORPION_RIDER,0,-3,5,5,0.00,0.00,false
2496,GREEN_2,GREEN,GOLEM,2,-3,3,0,30.00,78.00,false
2496,GREEN_3,GREEN,SPIDER,1,-3,1,0,0.00,4.00,false
2496,BLUE_4,BLUE,ASSASSIN,-3,2,7,5,82.00,30.00,false
2496,BLUE_5,BLUE,GARGOYLE,-3,3,3,3,0.00,0.00,false
2496,BLUE_6,BLUE,GOBLIN,0,2,1,1,0.00,0.00,false
2497,GREEN_1,GREEN,GARGOYLE,2,-3,5,5,144.00,3.00,true
2497,GREEN_2,GREEN,GOLEM,3,-2,4,4,0.00,0.00,true
2497,BLUE_3,BLUE,GOLEM,0,2,4,0,0.00,104.00,false
2497,BLUE_4,BLUE,MAGE,0,3,5,0,3.00,40.00,false
2498,GREEN_1,GREEN,GARGOYLE,2,-3,5,5,0.00,0.00,false
2498,GREEN_2,GREEN,GOLEM,3,-2,4,4,0.00,0.00,false
2498,BLUE_3,BLUE,GOLEM,0,2,4,4,0.00,0.00,false
2498,BLUE_4,BLUE,MAGE,0,3,5,5,0.00,0.00,false
2499,GREEN_1,GREEN,GARGOYLE,2,-2,5,5,0.00,0.00,false
2499,GREEN_2,GREEN,SPIDER,2,-3,11,11,0.00,0.00,false
2499,GREEN_3,GREEN,SPIDER,3,-3,2,2,0.00,0.00,false
2499,BLUE_4,BLUE,ARCHER,-3,2,7,7,0.00,0.00,false
2499,BLUE_5,BLUE,GARGOYLE,-1,3,4,4,0.00,0.00,false
2499,BLUE_6,BLUE,SPIDER,0,2,1,1,0.00,0.00,false
2500,GREEN_1,GREEN,GARGOYLE,2,-2,5,0,0.00,80.00,false
2500,GREEN_2,GREEN,SPIDER,2,-3,11,0,0.00,44.00,false
2500,GREEN_3,GREEN,SPIDER,3,-3,2,0,2.00,8.00,false
2500,BLUE_4,BLUE,ARCHER,-3,2,7,7,132.00,2.00,true
2500,BLUE_5,BLUE,GARGOYLE,-1,3,4,4,0.00,0.00,true
2500,BLUE_6,BLUE,SPIDER,0,2,1,1,0.00,0.00,true
2501,GREEN_1,GREEN,MAGE,0,-2,8,8,0.00,0.00,false
2501,GREEN_2,GREEN,MAGE,3,-3,2,2,0.00,0.00,false
2501,GREEN_3,GREEN,SPIDER,3,-2,1,1,0.00,0.00,false
2501,BLUE_4,BLUE,ARCHER,-1,2,7,7,0.00,0.00,false
2501,BLUE_5,BLUE,MAGE,-2,3,4,4,0.00,0.00,false
2501,BLUE_6,BLUE,SPIDER,0,2,1,1,0.00,0.00,false
2502,GREEN_1,GREEN,MAGE,0,-2,8,8,0.00,0.00,false
2502,GREEN_2,GREEN,MAGE,3,-3,2,2,0.00,0.00,false
2502,GREEN_3,GREEN,SPIDER,3,-2,1,0,2.00,4.00,false
2502,BLUE_4,BLUE,ARCHER,-1,2,7,7,0.00,0.00,false
2502,BLUE_5,BLUE,MAGE,-2,3,4,4,0.00,0.00,false
2502,BLUE_6,BLUE,SPIDER,0,2,1,1,4.00,2.00,false
2503,GREEN_1,GREEN,GOLEM,0,-3,4,4,0.00,0.00,true
2503,GREEN_2,GREEN,ARCHER,1,-2,5,5,104.00,0.00,true
2503,GREEN_3,GREEN,SPIDER,3,-2,1,1,0.00,0.00,true
2503,BLUE_4,BLUE,ASSASSIN,0,2,8,0,0.00,64.00,false
2503,BLUE_5,BLUE,SCORPION_RIDER,-3,2,2,0,0.00,36.00,false
2503,BLUE_6,BLUE,SPIDER,-2,3,1,0,0.00,4.00,false
2504,GREEN_1,GREEN,GOLEM,0,-3,4,3,64.00,61.00,false
2504,GREEN_2,GREEN,ARCHER,1,-2,5,0,10.00,40.00,false
2504,GREEN_3,GREEN,SPIDER,3,-2,1,0,0.00,4.00,false
2504,BLUE_4,BLUE,ASSASSIN,0,2,8,4,92.00,53.00,false
2504,BLUE_5,BLUE,SCORPION_RIDER,-3,2,2,2,13.00,21.00,false
2504,BLUE_6,BLUE,SPIDER,-2,3,1,1,0.00,0.00,false
2505,GREEN_1,GREEN,SCORPION_RIDER,3,-3,5,2,134.00,81.00,true
2505,GREEN_2,GREEN,MAGE,0,-2,5,5,56.00,0.00,true
2505,BLUE_3,BLUE,GOBLIN,-1,3,12,0,44.00,96.00,false
2505,BLUE_4,BLUE,GOLEM,0,3,3,0,34.00,78.00,false
2505,BLUE_5,BLUE,GARGOYLE,-2,3,1,0,3.00,16.00,false
2506,GREEN_1,GREEN,SCORPION_RIDER,3,-3,5,0,92.00,90.00,false
2506,GREEN_2,GREEN,MAGE,0,-2,5,0,4.00,40.00,false
2506,BLUE_3,BLUE,GOBLIN,-1,3,12,0,102.00,96.00,true
2506,BLUE_4,BLUE,GOLEM,0,3,3,3,0.00,0.00,true
2506,BLUE_5,BLUE,GARGOYLE,-2,3,1,1,28.00,0.00,true
2507,GREEN_1,GREEN,GOBLIN,0,-3,12,12,48.00,36.00,false
2507,GREEN_2,GREEN,ASSASSIN,1,-3,4,4,20.00,12.00,false
2507,GREEN_3,GREEN,ASSASSIN,3,-2,1,1,0.00,0.00,false
2507,GREEN_4,GREEN,GOBLIN,2,-2,1,1,0.00,0.00,false
2507,BLUE_5,BLUE,ASSASSIN,-1,3,8,0,48.00,64.00,false
2507,BLUE_6,BLUE,ASSASSIN,0,3,2,2,0.00,0.00,false
2507,BLUE_7,BLUE,SPIDER,-2,2,1,0,0.00,4.00,false
2508,GREEN_1,GREEN,GOBLIN,0,-3,12,0,42.00,96.00,false
2508,GREEN_2,GREEN,ASSASSIN,1,-3,4,0,24.00,32.00,false
2508,GREEN_3,GREEN,ASSASSIN,3,-2,1,0,6.00,8.00,false
2508,GREEN_4,GREEN,GOBLIN,2,-2,1,0,4.00,8.00,false
2508,BLUE_5,BLUE,ASSASSIN,-1,3,8,0,78.00,64.00,true
2508,BLUE_6,BLUE,ASSASSIN,0,3,2,1,24.00,12.00,true
2508,BLUE_7,BLUE,SPIDER,-2,2,1,1,42.00,0.00,true
2509,GREEN_1,GREEN,GOBLIN,0,-3,10,10,40.00,33.00,true
2509,GREEN_2,GREEN,GOBLIN,1,-3,10,6,84.00,44.00,true
2509,GREEN_3,GREEN,ARCHER,2,-2,1,1,12.00,0.00,true
2509,GREEN_4,GREEN,GARGOYLE,-1,-2,1,1,0.00,0.00,true
2509,BLUE_5,BLUE,GARGOYLE,0,2,6,0,53.00,96.00,false
2509,BLUE_6,BLUE,ASSASSIN,-2,3,4,0,24.00,32.00,false
2509,BLUE_7,BLUE,GOBLIN,-3,2,1,0,0.00,8.00,false
2510,GREEN_1,GREEN,GOBLIN,0,-3,10,0,0.00,80.00,false
2510,GREEN_2,GREEN,GOBLIN,1,-3,10,0,20.00,80.00,false
2510,GREEN_3,GREEN,ARCHER,2,-2,1,0,0.00,8.00,false
2510,GREEN_4,GREEN,GARGOYLE,-1,-2,1,0,3.00,16.00,false
2510,BLUE_5,BLUE,GARGOYLE,0,2,6,6,154.00,0.00,true
2510,BLUE_6,BLUE,ASSASSIN,-2,3,4,3,30.00,23.00,true
2510,BLUE_7,BLUE,GOBLIN,-3,2,1,1,0.00,0.00,true
2511,GREEN_1,GREEN,GARGOYLE,2,-3,5,5,0.00,0.00,false
2511,GREEN_2,GREEN,ASSASSIN,1,-3,4,4,48.00,12.00,false
2511,GREEN_3,GREEN,ARCHER,2,-2,2,2,0.00,0.00,false
2511,BLUE_4,BLUE,GARGOYLE,0,2,5,5,0.00,0.00,false
2511,BLUE_5,BLUE,MAGE,-2,3,5,0,8.00,40.00,false
2511,BLUE_6,BLUE,GOBLIN,0,3,1,0,4.00,8.00,false
2512,GREEN_1,GREEN,GARGOYLE,2,-3,5,0,61.00,80.00,false
2512,GREEN_2,GREEN,ASSASSIN,1,-3,4,0,0.00,32.00,false
2512,GREEN_3,GREEN,ARCHER,2,-2,2,0,8.00,16.00,false
2512,BLUE_4,BLUE,GARGOYLE,0,2,5,4,112.00,61.00,true
2512,BLUE_5,BLUE,MAGE,-2,3,5,4,16.00,8.00,true
2512,BLUE_6,BLUE,GOBLIN,0,3,1,1,0.00,0.00,true
2513,GREEN_1,GREEN,MAGE,-1,-2,7,6,58.00,18.00,true
2513,GREEN_2,GREEN,GOBLIN,0,-3,7,6,46.00,26.00,true
2513,GREEN_3,GREEN,GOBLIN,3,-3,1,1,0.00,0.00,true
2513,BLUE_4,BLUE,SPIDER,-1,2,14,0,28.00,56.00,false
2513,BLUE_5,BLUE,ARCHER,-2,3,5,0,16.00,40.00,false
2513,BLUE_6,BLUE,GOBLIN,1,2,1,0,0.00,8.00,false
2514,GREEN_1,GREEN,MAGE,-1,-2,7,0,27.00,56.00,false
2514,GREEN_2,GREEN,GOBLIN,0,-3,7,0,0.00,56.00,false
2514,GREEN_3,GREEN,GOBLIN,3,-3,1,0,0.00,8.00,false
2514,BLUE_4,BLUE,SPIDER,-1,2,14,14,64.00,6.00,true
2514,BLUE_5,BLUE,ARCHER,-2,3,5,4,56.00,21.00,true
2514,BLUE_6,BLUE,GOBLIN,1,2,1,1,0.00,0.00,true
2515,GREEN_1,GREEN,GARGOYLE,1,-2,5,5,16.00,0.00,true
2515,GREEN_2,GREEN,SCORPION_RIDER,3,-3,5,3,122.00,72.00,true
2515,BLUE_3,BLUE,SCORPION_RIDER,0,2,5,0,58.00,90.00,false
2515,BLUE_4,BLUE,ASSASSIN,-3,2,4,0,12.00,32.00,false
2515,BLUE_5,BLUE,GOBLIN,-1,3,2,0,2.00,16.00,false
2516,GREEN_1,GREEN,GARGOYLE,1,-2,5,0,52.00,80.00,false
2516,GREEN_2,GREEN,SCORPION_RIDER,3,-3,5,5,0.00,0.00,false
2516,BLUE_3,BLUE,SCORPION_RIDER,0,2,5,5,48.00,27.00,false
2516,BLUE_4,BLUE,ASSASSIN,-3,2,4,2,32.00,25.00,false
2516,BLUE_5,BLUE,GOBLIN,-1,3,2,2,0.00,0.00,false
2517,GREEN_1,GREEN,ARCHER,1,-3,8,8,0.00,0.00,false
2517,GREEN_2,GREEN,SCORPION_RIDER,1,-2,3,3,72.00,42.00,false
2517,GREEN_3,GREEN,SPIDER,0,-2,1,1,0.00,0.00,false
2517,BLUE_4,BLUE,GOLEM,0,2,4,4,0.00,0.00,false
2517,BLUE_5,BLUE,GARGOYLE,-1,3,4,0,42.00,64.00,false
2517,BLUE_6,BLUE,ARCHER,-1,2,1,0,0.00,8.00,false
2518,GREEN_1,GREEN,ARCHER,1,-3,8,8,0.00,0.00,false
2518,GREEN_2,GREEN,SCORPION_RIDER,1,-2,3,3,0.00,0.00,false
2518,GREEN_3,GREEN,SPIDER,0,-2,1,1,0.00,0.00,false
2518,BLUE_4,BLUE,GOLEM,0,2,4,4,0.00,0.00,false
2518,BLUE_5,BLUE,GARGOYLE,-1,3,4,4,0.00,0.00,false
2518,BLUE_6,BLUE,ARCHER,-1,2,1,1,0.00,0.00,false
2519,GREEN_1,GREEN,MAGE,0,-2,7,7,83.00,0.00,true
2519,GREEN_2,GREEN,SCORPION_RIDER,0,-3,3,2,69.00,34.00,true
2519,BLUE_3,BLUE,GOLEM,-2,2,4,0,32.00,104.00,false
2519,BLUE_4,BLUE,MAGE,-3,2,4,0,2.00,32.00,false
2519,BLUE_5,BLUE,GARGOYLE,-2,3,1,0,0.00,16.00,false
2520,GREEN_1,GREEN,MAGE,0,-2,7,0,23.00,56.00,false
2520,GREEN_2,GREEN,SCORPION_RIDER,0,-3,3,0,18.00,54.00,false
2520,BLUE_3,BLUE,GOLEM,-2,2,4,4,84.00,22.00,true
2520,BLUE_4,BLUE,MAGE,-3,2,4,2,22.00,19.00,true
2520,BLUE_5,BLUE,GARGOYLE,-2,3,1,1,4.00,0.00,true
2521,GREEN_1,GREEN,SCORPION_RIDER,3,-3,5,5,100.00,28.00,true
2521,GREEN_2,GREEN,GOLEM,-1,-2,3,3,24.00,4.00,true
2521,GREEN_3,GREEN,GOBLIN,0,-3,1,1,4.00,2.00,true
2521,BLUE_4,BLUE,GOBLIN,-2,2,7,0,20.00,56.00,false
2521,BLUE_5,BLUE,ARCHER,-2,3,8,0,12.00,64.00,false
2521,BLUE_6,BLUE,ARCHER,-3,2,1,0,2.00,8.00,false
2522,GREEN_1,GREEN,SCORPION_RIDER,3,-3,5,0,17.00,90.00,false
2522,GREEN_2,GREEN,GOLEM,-1,-2,3,0,7.00,78.00,false
2522,GREEN_3,GREEN,GOBLIN,0,-3,1,0,0.00,8.00,false
2522,BLUE_4,BLUE,GOBLIN,-2,2,7,4,41.00,24.00,true
2522,BLUE_5,BLUE,ARCHER,-2,3,8,8,123.00,0.00,true
2522,BLUE_6,BLUE,ARCHER,-3,2,1,1,12.00,0.00,true
2523,GREEN_1,GREEN,ASSASSIN,0,-3,8,4,96.00,47.00,true
2523,GREEN_2,GREEN,ASSASSIN,1,-3,1,1,4.00,4.00,true
2523,GREEN_3,GREEN,SPIDER,2,-3,4,4,44.00,0.00,true
2523,BLUE_4,BLUE,GARGOYLE,-1,3,4,0,27.00,64.00,false
2523,BLUE_5,BLUE,GOBLIN,-2,3,6,0,4.00,48.00,false
2523,BLUE_6,BLUE,ASSASSIN,1,2,4,0,20.00,32.00,false
2524,GREEN_1,GREEN,ASSASSIN,0,-3,8,8,0.00,0.00,false
2524,GREEN_2,GREEN,ASSASSIN,1,-3,1,0,6.00,8.00,false
2524,GREEN_3,GREEN,SPIDER,2,-3,4,0,4.00,16.00,false
2524,BLUE_4,BLUE,GARGOYLE,-1,3,4,4,0.00,0.00,false
2524,BLUE_5,BLUE,GOBLIN,-2,3,6,6,0.00,0.00,false
2524,BLUE_6,BLUE,ASSASSIN,1,2,4,3,24.00,10.00,false
2525,GREEN_1,GREEN,ARCHER,3,-2,7,7,0.00,0.00,true
2525,GREEN_2,GREEN,GOBLIN,0,-3,10,1,112.00,78.00,true
2525,GREEN_3,GREEN,GOBLIN,2,-3,1,1,0.00,0.00,true
2525,BLUE_4,BLUE,ASSASSIN,0,3,8,0,54.00,64.00,false
2525,BLUE_5,BLUE,GOBLIN,-3,3,5,0,20.00,40.00,false
2525,BLUE_6,BLUE,GOBLIN,-2,3,1,0,4.00,8.00,false
2526,GREEN_1,GREEN,ARCHER,3,-2,7,0,22.00,56.00,false
2526,GREEN_2,GREEN,GOBLIN,0,-3,10,9,32.00,26.00,false
2526,GREEN_3,GREEN,GOBLIN,2,-3,1,0,4.00,8.00,false
2526,BLUE_4,BLUE,ASSASSIN,0,3,8,3,90.00,58.00,false
2526,BLUE_5,BLUE,GOBLIN,-3,3,5,5,0.00,0.00,false
2526,BLUE_6,BLUE,GOBLIN,-2,3,1,1,0.00,0.00,false
2527,GREEN_1,GREEN,MAGE,1,-3,7,7,0.00,0.00,false
2527,GREEN_2,GREEN,ARCHER,-1,-2,4,4,60.00,18.00,false
2527,BLUE_3,BLUE,ARCHER,-2,3,6,6,12.00,8.00,false
2527,BLUE_4,BLUE,SPIDER,0,2,13,0,6.00,52.00,false
2528,GREEN_1,GREEN,MAGE,1,-3,7,0,23.00,56.00,false
2528,GREEN_2,GREEN,ARCHER,-1,-2,4,0,20.00,32.00,false
2528,BLUE_3,BLUE,ARCHER,-2,3,6,4,62.00,38.00,true
2528,BLUE_4,BLUE,SPIDER,0,2,13,13,26.00,5.00,true
2529,GREEN_1,GREEN,SPIDER,2,-2,16,16,0.00,0.00,false
2529,GREEN_2,GREEN,GOBLIN,0,-2,9,9,0.00,0.00,false
2529,BLUE_3,BLUE,SPIDER,0,3,13,13,0.00,0.00,false
2529,BLUE_4,BLUE,ASSASSIN,-1,3,5,5,0.00,0.00,false
2530,GREEN_1,GREEN,SPIDER,2,-2,16,11,24.00,20.00,false
2530,GREEN_2,GREEN,GOBLIN,0,-2,9,9,0.00,0.00,false
2530,BLUE_3,BLUE,SPIDER,0,3,13,13,0.00,0.00,false
2530,BLUE_4,BLUE,ASSASSIN,-1,3,5,4,20.00,24.00,false
2531,GREEN_1,GREEN,GOBLIN,2,-3,10,10,0.00,0.00,false
2531,GREEN_2,GREEN,GOLEM,1,-3,4,4,0.00,0.00,false
2531,GREEN_3,GREEN,SPIDER,3,-2,1,1,0.00,0.00,false
2531,BLUE_4,BLUE,ARCHER,-1,2,7,7,0.00,0.00,false
2531,BLUE_5,BLUE,ARCHER,-3,3,5,5,0.00,0.00,false
2531,BLUE_6,BLUE,GOBLIN,-2,3,1,1,0.00,0.00,false
2532,GREEN_1,GREEN,GOBLIN,2,-3,10,10,0.00,0.00,false
2532,GREEN_2,GREEN,GOLEM,1,-3,4,4,0.00,0.00,false
2532,GREEN_3,GREEN,SPIDER,3,-2,1,1,0.00,0.00,false
2532,BLUE_4,BLUE,ARCHER,-1,2,7,7,0.00,0.00,false
2532,BLUE_5,BLUE,ARCHER,-3,3,5,5,0.00,0.00,false
2532,BLUE_6,BLUE,GOBLIN,-2,3,1,1,0.00,0.00,false
2533,GREEN_1,GREEN,ASSASSIN,1,-3,7,1,78.00,48.00,true
2533,GREEN_2,GREEN,MAGE,2,-2,3,3,90.00,0.00,true
2533,GREEN_3,GREEN,GOBLIN,0,-3,1,1,0.00,0.00,true
2533,BLUE_4,BLUE,SCORPION_RIDER,-2,2,6,0,26.00,108.00,false
2533,BLUE_5,BLUE,GOLEM,-1,3,2,0,16.00,52.00,false
2533,BLUE_6,BLUE,ASSASSIN,-3,3,1,0,6.00,8.00,false
2534,GREEN_1,GREEN,ASSASSIN,1,-3,7,0,30.00,56.00,false
2534,GREEN_2,GREEN,MAGE,2,-2,3,0,4.00,24.00,false
2534,GREEN_3,GREEN,GOBLIN,0,-3,1,0,0.00,8.00,false
2534,BLUE_4,BLUE,SCORPION_RIDER,-2,2,6,5,82.00,31.00,true
2534,BLUE_5,BLUE,GOLEM,-1,3,2,2,0.00,0.00,true
2534,BLUE_6,BLUE,ASSASSIN,-3,3,1,1,6.00,3.00,true
2535,GREEN_1,GREEN,SCORPION_RIDER,3,-3,3,2,112.00,37.00,true
2535,GREEN_2,GREEN,SPIDER,0,-3,15,15,0.00,0.00,true
2535,GREEN_3,GREEN,SPIDER,1,-3,2,1,8.00,5.00,true
2535,BLUE_4,BLUE,MAGE,0,2,7,0,11.00,56.00,false
2535,BLUE_5,BLUE,GOBLIN,-2,3,7,0,31.00,56.00,false
2535,BLUE_6,BLUE,GOBLIN,0,3,1,0,0.00,8.00,false
2536,GREEN_1,GREEN,SCORPION_RIDER,3,-3,3,0,10.00,54.00,false
2536,GREEN_2,GREEN,SPIDER,0,-3,15,0,26.00,60.00,false
2536,GREEN_3,GREEN,SPIDER,1,-3,2,0,0.00,8.00,false
2536,BLUE_4,BLUE,MAGE,0,2,7,7,67.00,0.00,true
2536,BLUE_5,BLUE,GOBLIN,-2,3,7,4,55.00,36.00,true
2536,BLUE_6,BLUE,GOBLIN,0,3,1,1,0.00,0.00,true
2537,GREEN_1,GREEN,GOBLIN,3,-3,11,7,24.00,32.00,true
2537,GREEN_2,GREEN,ARCHER,0,-2,6,6,106.00,0.00,true
2537,GREEN_3,GREEN,GOBLIN,1,-2,2,2,0.00,0.00,true
2537,BLUE_4,BLUE,SCORPION_RIDER,-3,3,5,0,32.00,90.00,false
2537,BLUE_5,BLUE,ASSASSIN,-2,3,5,0,0.00,40.00,false
2538,GREEN_1,GREEN,GOBLIN,3,-3,11,0,46.00,88.00,false
2538,GREEN_2,GREEN,ARCHER,0,-2,6,0,18.00,48.00,false
2538,GREEN_3,GREEN,GOBLIN,1,-2,2,0,4.00,16.00,false
2538,BLUE_4,BLUE,SCORPION_RIDER,-3,3,5,4,88.00,46.00,true
2538,BLUE_5,BLUE,ASSASSIN,-2,3,5,4,64.00,22.00,true
2539,GREEN_1,GREEN,GARGOYLE,2,-3,5,5,0.00,0.00,false
2539,GREEN_2,GREEN,GOLEM,1,-3,4,4,0.00,0.00,false
2539,BLUE_3,BLUE,ASSASSIN,-1,2,8,8,0.00,0.00,false
2539,BLUE_4,BLUE,SPIDER,-2,2,6,6,0.00,0.00,false
2540,GREEN_1,GREEN,GARGOYLE,2,-3,5,0,37.00,80.00,false
2540,GREEN_2,GREEN,GOLEM,1,-3,4,4,0.00,0.00,false
2540,BLUE_3,BLUE,ASSASSIN,-1,2,8,6,80.00,37.00,false
2540,BLUE_4,BLUE,SPIDER,-2,2,6,6,0.00,0.00,false
2541,GREEN_1,GREEN,MAGE,0,-3,8,8,100.00,18.00,true
2541,GREEN_2,GREEN,MAGE,3,-3,2,2,0.00,0.00,true
2541,GREEN_3,GREEN,SPIDER,-1,-2,1,1,0.00,0.00,true
2541,BLUE_4,BLUE,SPIDER,-1,3,16,0,6.00,64.00,false
2541,BLUE_5,BLUE,SPIDER,-2,3,7,0,8.00,28.00,false
2541,BLUE_6,BLUE,ARCHER,0,2,1,0,4.00,8.00,false
2542,GREEN_1,GREEN,MAGE,0,-3,8,8,0.00,0.00,false
2542,GREEN_2,GREEN,MAGE,3,-3,2,2,6.00,4.00,false
2542,GREEN_3,GREEN,SPIDER,-1,-2,1,0,0.00,4.00,false
2542,BLUE_4,BLUE,SPIDER,-1,3,16,16,0.00,0.00,false
2542,BLUE_5,BLUE,SPIDER,-2,3,7,7,0.00,0.00,false
2542,BLUE_6,BLUE,ARCHER,0,2,1,1,8.00,6.00,false
2543,GREEN_1,GREEN,GOLEM,2,-3,4,4,0.00,0.00,false
2543,GREEN_2,GREEN,GOLEM,3,-2,3,3,0.00,0.00,false
2543,GREEN_3,GREEN,GOBLIN,1,-2,1,1,0.00,0.00,false
2543,BLUE_4,BLUE,ASSASSIN,-3,2,7,7,0.00,0.00,false
2543,BLUE_5,BLUE,GOBLIN,-2,2,8,8,0.00,0.00,false
2544,GREEN_1,GREEN,GOLEM,2,-3,4,4,22.00,20.00,false
2544,GREEN_2,GREEN,GOLEM,3,-2,3,0,43.00,78.00,false
2544,GREEN_3,GREEN,GOBLIN,1,-2,1,0,4.00,8.00,false
2544,BLUE_4,BLUE,ASSASSIN,-3,2,7,2,86.00,47.00,false
2544,BLUE_5,BLUE,GOBLIN,-2,2,8,7,20.00,22.00,false
2545,GREEN_1,GREEN,GOBLIN,1,-2,10,10,0.00,0.00,true
2545,GREEN_2,GREEN,ASSASSIN,3,-3,6,5,88.00,21.00,true
2545,GREEN_3,GREEN,SPIDER,0,-3,1,1,0.00,0.00,true
2545,BLUE_4,BLUE,MAGE,1,2,8,0,15.00,64.00,false
2545,BLUE_5,BLUE,ARCHER,0,2,3,0,6.00,24.00,false
2546,GREEN_1,GREEN,GOBLIN,1,-2,10,0,0.00,80.00,false
2546,GREEN_2,GREEN,ASSASSIN,3,-3,6,6,0.00,0.00,false
2546,GREEN_3,GREEN,SPIDER,0,-3,1,1,0.00,0.00,false
2546,BLUE_4,BLUE,MAGE,1,2,8,8,64.00,0.00,false
2546,BLUE_5,BLUE,ARCHER,0,2,3,3,16.00,0.00,false
2547,GREEN_1,GREEN,GARGOYLE,3,-3,6,6,148.00,26.00,true
2547,GREEN_2,GREEN,MAGE,0,-3,4,4,0.00,0.00,true
2547,GREEN_3,GREEN,SPIDER,0,-2,1,1,0.00,0.00,true
2547,BLUE_4,BLUE,GOBLIN,-3,3,12,0,0.00,96.00,false
2547,BLUE_5,BLUE,SPIDER,-1,3,12,0,26.00,48.00,false
2547,BLUE_6,BLUE,SPIDER,-1,2,1,0,0.00,4.00,false
2548,GREEN_1,GREEN,GARGOYLE,3,-3,6,6,0.00,0.00,false
2548,GREEN_2,GREEN,MAGE,0,-3,4,4,0.00,0.00,false
2548,GREEN_3,GREEN,SPIDER,0,-2,1,1,0.00,0.00,false
2548,BLUE_4,BLUE,GOBLIN,-3,3,12,12,0.00,0.00,false
2548,BLUE_5,BLUE,SPIDER,-1,3,12,12,0.00,0.00,false
2548,BLUE_6,BLUE,SPIDER,-1,2,1,1,0.00,0.00,false
2549,GREEN_1,GREEN,GOLEM,1,-2,4,4,64.00,15.00,true
2549,GREEN_2,GREEN,GARGOYLE,2,-3,5,3,64.00,54.00,true
2549,BLUE_3,BLUE,SPIDER,0,3,14,0,54.00,56.00,false
2549,BLUE_4,BLUE,GARGOYLE,-3,2,4,0,15.00,64.00,false
2549,BLUE_5,BLUE,GOBLIN,-1,3,1,0,0.00,8.00,false
2550,GREEN_1,GREEN,GOLEM,1,-2,4,0,0.00,104.00,false
2550,GREEN_2,GREEN,GARGOYLE,2,-3,5,5,50.00,33.00,false
2550,BLUE_3,BLUE,SPIDER,0,3,14,14,0.00,0.00,false
2550,BLUE_4,BLUE,GARGOYLE,-3,2,4,2,137.00,50.00,false
2550,BLUE_5,BLUE,GOBLIN,-1,3,1,1,0.00,0.00,false
2551,GREEN_1,GREEN,ASSASSIN,1,-2,8,3,88.00,55.00,false
2551,GREEN_2,GREEN,GOBLIN,0,-3,5,5,0.00,0.00,false
2551,GREEN_3,GREEN,GOBLIN,3,-3,1,1,0.00,0.00,false
2551,BLUE_4,BLUE,GARGOYLE,-2,3,5,0,53.00,80.00,false
2551,BLUE_5,BLUE,SCORPION_RIDER,0,2,4,4,0.00,0.00,false
2551,BLUE_6,BLUE,ARCHER,-2,2,1,0,2.00,8.00,false
2552,GREEN_1,GREEN,ASSASSIN,1,-2,8,0,36.00,64.00,false
2552,GREEN_2,GREEN,GOBLIN,0,-3,5,0,16.00,40.00,false
2552,GREEN_3,GREEN,GOBLIN,3,-3,1,0,0.00,8.00,false
2552,BLUE_4,BLUE,GARGOYLE,-2,3,5,5,28.00,0.00,true
2552,BLUE_5,BLUE,SCORPION_RIDER,0,2,4,3,84.00,52.00,true
2552,BLUE_6,BLUE,ARCHER,-2,2,1,1,0.00,0.00,true
2553,GREEN_1,GREEN,GOBLIN,2,-3,10,10,40.00,14.00,true
2553,GREEN_2,GREEN,GOLEM,3,-3,4,4,84.00,53.00,true
2553,GREEN_3,GREEN,GOBLIN,0,-2,1,0,4.00,8.00,true
2553,BLUE_4,BLUE,ARCHER,-1,3,7,0,16.00,56.00,false
2553,BLUE_5,BLUE,SCORPION_RIDER,0,3,4,0,59.00,72.00,false
2554,GREEN_1,GREEN,GOBLIN,2,-3,10,0,20.00,80.00,false
2554,GREEN_2,GREEN,GOLEM,3,-3,4,0,49.00,104.00,false
2554,GREEN_3,GREEN,GOBLIN,0,-2,1,0,0.00,8.00,false
2554,BLUE_4,BLUE,ARCHER,-1,3,7,7,110.00,0.00,true
2554,BLUE_5,BLUE,SCORPION_RIDER,0,3,4,1,82.00,69.00,true
2555,GREEN_1,GREEN,SCORPION_RIDER,1,-2,5,1,88.00,92.00,true
2555,GREEN_2,GREEN,SCORPION_RIDER,0,-3,4,3,74.00,49.00,true
2555,GREEN_3,GREEN,GOBLIN,2,-2,1,0,2.00,8.00,true
2555,BLUE_4,BLUE,SCORPION_RIDER,0,2,6,0,125.00,108.00,false
2555,BLUE_5,BLUE,GARGOYLE,-2,3,3,0,24.00,48.00,false
2555,BLUE_6,BLUE,ARCHER,-3,2,1,0,0.00,8.00,false
2556,GREEN_1,GREEN,SCORPION_RIDER,1,-2,5,0,56.00,90.00,false
2556,GREEN_2,GREEN,SCORPION_RIDER,0,-3,4,0,0.00,72.00,false
2556,GREEN_3,GREEN,GOBLIN,2,-2,1,0,0.00,8.00,false
2556,BLUE_4,BLUE,SCORPION_RIDER,0,2,6,6,87.00,56.00,true
2556,BLUE_5,BLUE,GARGOYLE,-2,3,3,3,51.00,0.00,true
2556,BLUE_6,BLUE,ARCHER,-3,2,1,1,32.00,0.00,true
2557,GREEN_1,GREEN,GOLEM,3,-3,4,3,127.00,80.00,true
2557,GREEN_2,GREEN,MAGE,2,-3,5,5,63.00,0.00,true
2557,BLUE_3,BLUE,GOLEM,-1,3,3,0,34.00,78.00,false
2557,BLUE_4,BLUE,GOLEM,-1,2,4,0,45.00,104.00,false
2557,BLUE_5,BLUE,GOBLIN,0,2,1,0,1.00,8.00,false
2558,GREEN_1,GREEN,GOLEM,3,-3,4,3,68.00,49.00,false
2558,GREEN_2,GREEN,MAGE,2,-3,5,5,0.00,0.00,false
2558,BLUE_3,BLUE,GOLEM,-1,3,3,1,49.00,68.00,false
2558,BLUE_4,BLUE,GOLEM,-1,2,4,4,0.00,0.00,false
2558,BLUE_5,BLUE,GOBLIN,0,2,1,1,0.00,0.00,false
2559,GREEN_1,GREEN,SCORPION_RIDER,2,-3,5,5,0.00,0.00,true
2559,GREEN_2,GREEN,GARGOYLE,2,-2,4,4,140.00,0.00,true
2559,GREEN_3,GREEN,SPIDER,1,-2,2,2,0.00,0.00,true
2559,BLUE_4,BLUE,GOBLIN,0,2,12,0,0.00,96.00,false
2559,BLUE_5,BLUE,ASSASSIN,1,2,5,0,0.00,40.00,false
2559,BLUE_6,BLUE,SPIDER,0,3,1,0,0.00,4.00,false
2560,GREEN_1,GREEN,SCORPION_RIDER,2,-3,5,5,0.00,0.00,false
2560,GREEN_2,GREEN,GARGOYLE,2,-2,4,4,33.00,32.00,false
2560,GREEN_3,GREEN,SPIDER,1,-2,2,0,2.00,8.00,false
2560,BLUE_4,BLUE,GOBLIN,0,2,12,12,0.00,0.00,false
2560,BLUE_5,BLUE,ASSASSIN,1,2,5,2,40.00,35.00,false
2560,BLUE_6,BLUE,SPIDER,0,3,1,1,0.00,0.00,false
2561,GREEN_1,GREEN,ARCHER,2,-3,6,6,0.00,0.00,false
2561,GREEN_2,GREEN,GARGOYLE,-1,-2,4,4,0.00,0.00,false
2561,GREEN_3,GREEN,ASSASSIN,1,-3,1,1,0.00,0.00,false
2561,GREEN_4,GREEN,SPIDER,3,-2,1,1,0.00,0.00,false
2561,BLUE_5,BLUE,GARGOYLE,-1,3,5,5,0.00,0.00,false
2561,BLUE_6,BLUE,GOBLIN,-3,3,11,11,0.00,0.00,false
2561,BLUE_7,BLUE,GOBLIN,0,3,2,2,0.00,0.00,false
2562,GREEN_1,GREEN,ARCHER,2,-3,6,6,0.00,0.00,false
2562,GREEN_2,GREEN,GARGOYLE,-1,-2,4,4,0.00,0.00,false
2562,GREEN_3,GREEN,ASSASSIN,1,-3,1,0,6.00,8.00,false
2562,GREEN_4,GREEN,SPIDER,3,-2,1,1,0.00,0.00,false
2562,BLUE_5,BLUE,GARGOYLE,-1,3,5,5,0.00,0.00,false
2562,BLUE_6,BLUE,GOBLIN,-3,3,11,11,0.00,0.00,false
2562,BLUE_7,BLUE,GOBLIN,0,3,2,2,8.00,6.00,false
2563,GREEN_1,GREEN,ARCHER,0,-3,1,1,8.00,0.00,false
2563,GREEN_2,GREEN,GARGOYLE,3,-2,6,6,0.00,0.00,false
2563,GREEN_3,GREEN,GARGOYLE,1,-3,3,3,0.00,0.00,false
2563,GREEN_4,GREEN,GOBLIN,3,-3,2,2,0.00,0.00,false
2563,BLUE_5,BLUE,GARGOYLE,0,3,6,6,0.00,0.00,false
2563,BLUE_6,BLUE,SCORPION_RIDER,-3,2,4,4,0.00,8.00,false
2564,GREEN_1,GREEN,ARCHER,0,-3,1,0,0.00,8.00,false
2564,GREEN_2,GREEN,GARGOYLE,3,-2,6,0,50.00,96.00,false
2564,GREEN_3,GREEN,GARGOYLE,1,-3,3,0,21.00,48.00,false
2564,GREEN_4,GREEN,GOBLIN,3,-3,2,0,4.00,16.00,false
2564,BLUE_5,BLUE,GARGOYLE,0,3,6,6,32.00,15.00,true
2564,BLUE_6,BLUE,SCORPION_RIDER,-3,2,4,3,136.00,60.00,true
2577,GREEN_1,GREEN,SPIDER,1,-3,16,16,106.00,0.00,true
2577,GREEN_2,GREEN,ARCHER,3,-3,4,4,88.00,0.00,true
2577,GREEN_3,GREEN,SPIDER,2,-2,1,1,0.00,0.00,true
2577,BLUE_4,BLUE,GOBLIN,1,2,11,0,0.00,88.00,false
2577,BLUE_5,BLUE,GOBLIN,0,3,10,0,0.00,80.00,false
2577,BLUE_6,BLUE,GOLEM,-2,3,1,0,0.00,26.00,false
2578,GREEN_1,GREEN,SPIDER,1,-3,16,16,0.00,0.00,false
2578,GREEN_2,GREEN,ARCHER,3,-3,4,4,0.00,0.00,false
2578,GREEN_3,GREEN,SPIDER,2,-2,1,1,0.00,0.00,false
2578,BLUE_4,BLUE,GOBLIN,1,2,11,11,0.00,0.00,false
2578,BLUE_5,BLUE,GOBLIN,0,3,10,10,0.00,0.00,false
2578,BLUE_6,BLUE,GOLEM,-2,3,1,1,0.00,0.00,false
2579,GREEN_1,GREEN,ASSASSIN,0,-2,7,3,75.00,41.00,false
2579,GREEN_2,GREEN,GOBLIN,2,-3,7,7,11.00,9.00,false
2579,GREEN_3,GREEN,SPIDER,3,-3,1,0,2.00,4.00,false
2579,BLUE_4,BLUE,GOBLIN,1,2,12,12,0.00,0.00,false
2579,BLUE_5,BLUE,GARGOYLE,-2,2,5,0,52.00,80.00,false
2579,BLUE_6,BLUE,GOBLIN,0,2,1,0,2.00,8.00,false
2580,GREEN_1,GREEN,ASSASSIN,0,-2,7,0,0.00,56.00,false
2580,GREEN_2,GREEN,GOBLIN,2,-3,7,0,0.00,56.00,false
2580,GREEN_3,GREEN,SPIDER,3,-3,1,0,0.00,4.00,false
2580,BLUE_4,BLUE,GOBLIN,1,2,12,12,0.00,0.00,true
2580,BLUE_5,BLUE,GARGOYLE,-2,2,5,5,116.00,0.00,true
2580,BLUE_6,BLUE,GOBLIN,0,2,1,1,0.00,0.00,true
2577,GREEN_1,GREEN,MAGE,3,-3,8,0,36.00,64.00,false
2577,GREEN_2,GREEN,GOLEM,0,-3,1,0,0.00,30.00,false
2577,GREEN_3,GREEN,ASSASSIN,2,-3,1,0,0.00,8.00,false
2577,BLUE_4,BLUE,SCORPION_RIDER,-3,3,5,5,49.00,14.00,true
2577,BLUE_5,BLUE,MAGE,-1,2,5,3,53.00,22.00,true
2578,GREEN_1,GREEN,MAGE,3,-3,8,0,36.00,64.00,false
2578,GREEN_2,GREEN,GOLEM,0,-3,1,0,0.00,30.00,false
2578,GREEN_3,GREEN,ASSASSIN,2,-3,1,0,0.00,8.00,false
2578,BLUE_4,BLUE,SCORPION_RIDER,-3,3,5,5,49.00,14.00,true
2578,BLUE_5,BLUE,MAGE,-1,2,5,3,53.00,22.00,true
2579,GREEN_1,GREEN,SPIDER,2,-2,13,12,68.00,20.00,true
2579,GREEN_2,GREEN,ARCHER,1,-3,3,0,20.00,24.00,true
2579,GREEN_3,GREEN,GOBLIN,0,-3,6,6,0.00,0.00,true
2579,BLUE_4,BLUE,MAGE,0,3,7,0,32.00,56.00,false
2579,BLUE_5,BLUE,ARCHER,-1,3,4,0,12.00,32.00,false
2580,GREEN_1,GREEN,SPIDER,2,-2,13,12,68.00,20.00,true
2580,GREEN_2,GREEN,ARCHER,1,-3,3,0,20.00,24.00,true
2580,GREEN_3,GREEN,GOBLIN,0,-3,6,6,0.00,0.00,true
2580,BLUE_4,BLUE,MAGE,0,3,7,0,32.00,56.00,false
2580,BLUE_5,BLUE,ARCHER,-1,3,4,0,12.00,32.00,false
2577,GREEN_1,GREEN,SPIDER,-1,-2,14,0,87.00,56.00,false
2577,GREEN_2,GREEN,MAGE,3,-2,4,0,4.00,32.00,false
2577,GREEN_3,GREEN,GOBLIN,2,-2,1,0,4.00,8.00,false
2577,BLUE_4,BLUE,ASSASSIN,-1,2,7,6,84.00,35.00,true
2577,BLUE_5,BLUE,GOLEM,0,3,2,0,8.00,52.00,true
2577,BLUE_6,BLUE,SPIDER,-3,3,2,0,4.00,8.00,true
2578,GREEN_1,GREEN,SPIDER,-1,-2,14,6,93.00,36.00,true
2578,GREEN_2,GREEN,MAGE,3,-2,4,0,19.00,32.00,true
2578,GREEN_3,GREEN,GOBLIN,2,-2,1,0,4.00,8.00,true
2578,BLUE_4,BLUE,ASSASSIN,-1,2,7,0,64.00,56.00,false
2578,BLUE_5,BLUE,GOLEM,0,3,2,0,8.00,52.00,false
2578,BLUE_6,BLUE,SPIDER,-3,3,2,0,4.00,8.00,false
2579,GREEN_1,GREEN,MAGE,0,-3,7,5,45.00,16.00,true
2579,GREEN_2,GREEN,GOBLIN,0,-2,7,5,47.00,35.00,true
2579,GREEN_3,GREEN,GOBLIN,2,-3,1,0,0.00,8.00,true
2579,BLUE_4,BLUE,SPIDER,-3,3,13,0,31.00,52.00,false
2579,BLUE_5,BLUE,MAGE,-1,3,4,0,24.00,32.00,false
2579,BLUE_6,BLUE,MAGE,-2,3,1,0,4.00,8.00,false
2580,GREEN_1,GREEN,MAGE,0,-3,7,7,52.00,15.00,true
2580,GREEN_2,GREEN,GOBLIN,0,-2,7,7,40.00,25.00,true
2580,GREEN_3,GREEN,GOBLIN,2,-3,1,0,0.00,8.00,true
2580,BLUE_4,BLUE,SPIDER,-3,3,13,0,22.00,52.00,false
2580,BLUE_5,BLUE,MAGE,-1,3,4,0,23.00,32.00,false
2580,BLUE_6,BLUE,MAGE,-2,3,1,0,3.00,8.00,false
2577,GREEN_1,GREEN,MAGE,3,-2,8,0,15.00,64.00,false
2577,GREEN_2,GREEN,SCORPION_RIDER,-1,-2,2,0,8.00,36.00,false
2577,GREEN_3,GREEN,GOBLIN,3,-3,1,0,0.00,8.00,false
2577,BLUE_4,BLUE,SPIDER,0,2,13,11,36.00,8.00,true
2577,BLUE_5,BLUE,SCORPION_RIDER,-2,2,4,4,72.00,7.00,true
2577,BLUE_6,BLUE,GOBLIN,-2,3,1,0,0.00,8.00,true
2578,GREEN_1,GREEN,MAGE,3,-2,8,0,15.00,64.00,false
2578,GREEN_2,GREEN,SCORPION_RIDER,-1,-2,2,0,8.00,36.00,false
2578,GREEN_3,GREEN,GOBLIN,3,-3,1,0,0.00,8.00,false
2578,BLUE_4,BLUE,SPIDER,0,2,13,11,36.00,8.00,true
2578,BLUE_5,BLUE,SCORPION_RIDER,-2,2,4,4,72.00,7.00,true
2578,BLUE_6,BLUE,GOBLIN,-2,3,1,0,0.00,8.00,true
2579,GREEN_1,GREEN,MAGE,0,-3,8,0,81.00,64.00,false
2579,GREEN_2,GREEN,SCORPION_RIDER,2,-2,2,0,11.00,36.00,false
2579,GREEN_3,GREEN,SPIDER,-1,-2,1,0,0.00,4.00,false
2579,BLUE_4,BLUE,GOBLIN,-3,2,12,11,65.00,40.00,true
2579,BLUE_5,BLUE,SPIDER,-1,2,10,4,30.00,36.00,true
2579,BLUE_6,BLUE,GARGOYLE,0,2,1,0,9.00,16.00,true
2580,GREEN_1,GREEN,MAGE,0,-3,8,0,81.00,64.00,false
2580,GREEN_2,GREEN,SCORPION_RIDER,2,-2,2,0,11.00,36.00,false
2580,GREEN_3,GREEN,SPIDER,-1,-2,1,0,0.00,4.00,false
2580,BLUE_4,BLUE,GOBLIN,-3,2,12,11,65.00,40.00,true
2580,BLUE_5,BLUE,SPIDER,-1,2,10,4,30.00,36.00,true
2580,BLUE_6,BLUE,GARGOYLE,0,2,1,0,9.00,16.00,true
