game_id,pair_index,mirror_index,a_is_green,brain_a,brain_b,green_brain,blue_brain,map_size,budget,map_seed,combat_seed,team_turns,elapsed_ms,winner,timed_out,survivors_green,survivors_blue,green_legions,blue_legions,green_draft,blue_draft
1,0,0,true,,,utility,curriculum_pass,3,75,332598042,332649911,48,0,,false,18,18,2,2,GOLEM:3;SPIDER:15,GOLEM:3;SPIDER:15
2,0,0,true,,,curriculum_pass,utility,3,75,332598042,332649911,48,0,,false,18,18,2,2,GOLEM:3;SPIDER:15,GOLEM:3;SPIDER:15
3,0,0,true,,,utility,curriculum_pass,3,75,332605961,332657828,48,0,,false,17,17,3,3,GOBLIN:12;GOLEM:1;MAGE:4,GOBLIN:12;GOLEM:1;MAGE:4
4,0,0,true,,,curriculum_pass,utility,3,75,332605961,332657828,87,0,BLUE,false,0,14,3,3,GOBLIN:12;GOLEM:1;MAGE:4,GOBLIN:12;GOLEM:1;MAGE:4
5,0,0,true,,,utility,curriculum_pass,3,75,332613880,332633685,55,0,,false,12,13,4,4,ARCHER:1;ASSASSIN:5;GOBLIN:11,ARCHER:1;ASSASSIN:5;GOBLIN:11
6,0,0,true,,,curriculum_pass,utility,3,75,332613880,332633685,58,0,,false,10,14,4,4,ARCHER:1;ASSASSIN:5;GOBLIN:11,ARCHER:1;ASSASSIN:5;GOBLIN:11
7,0,0,true,,,utility,curriculum_pass,3,75,332621799,332642634,48,0,,false,15,15,3,3,GOBLIN:11;GOLEM:4,GOBLIN:11;GOLEM:4
8,0,0,true,,,curriculum_pass,utility,3,75,332621799,332642634,48,0,,false,15,15,3,3,GOBLIN:11;GOLEM:4,GOBLIN:11;GOLEM:4
9,0,0,true,,,utility,curriculum_pass,3,75,332629718,332617851,61,0,,false,17,12,4,4,ARCHER:1;GOBLIN:23,ARCHER:1;GOBLIN:23
10,0,0,true,,,curriculum_pass,utility,3,75,332629718,332617851,48,0,,false,24,24,4,4,ARCHER:1;GOBLIN:23,ARCHER:1;GOBLIN:23
11,0,0,true,,,utility,curriculum_pass,3,75,340517042,340475423,61,0,,false,11,4,3,3,GOBLIN:1;SCORPION_RIDER:6;SPIDER:8,GOBLIN:1;SCORPION_RIDER:6;SPIDER:8
12,0,0,true,,,curriculum_pass,utility,3,75,340517042,340475423,48,0,,false,15,15,3,3,GOBLIN:1;SCORPION_RIDER:6;SPIDER:8,GOBLIN:1;SCORPION_RIDER:6;SPIDER:8
13,0,0,true,,,utility,curriculum_pass,3,75,340524961,340467980,48,0,,false,11,11,3,3,GARGOYLE:10;SPIDER:1,GARGOYLE:10;SPIDER:1
14,0,0,true,,,curriculum_pass,utility,3,75,340524961,340467980,48,0,,false,11,11,3,3,GARGOYLE:10;SPIDER:1,GARGOYLE:10;SPIDER:1
15,0,0,true,,,utility,curriculum_pass,3,75,340532880,340574269,28,0,GREEN,false,7,0,3,3,GARGOYLE:5;GOBLIN:4;MAGE:4,GARGOYLE:5;GOBLIN:4;MAGE:4
16,0,0,true,,,curriculum_pass,utility,3,75,340532880,340574269,48,0,,false,13,13,3,3,GARGOYLE:5;GOBLIN:4;MAGE:4,GARGOYLE:5;GOBLIN:4;MAGE:4
17,0,0,true,,,utility,curriculum_pass,3,75,340540799,340583378,48,0,,false,11,11,3,3,GARGOYLE:10;GOBLIN:1,GARGOYLE:10;GOBLIN:1
18,0,0,true,,,curriculum_pass,utility,3,75,340540799,340583378,48,0,,false,11,11,3,3,GARGOYLE:10;GOBLIN:1,GARGOYLE:10;GOBLIN:1
19,0,0,true,,,utility,curriculum_pass,3,75,340548718,340558531,48,0,,false,12,12,3,3,ARCHER:7;GARGOYLE:4;SPIDER:1,ARCHER:7;GARGOYLE:4;SPIDER:1
20,0,0,true,,,curriculum_pass,utility,3,75,340548718,340558531,48,0,,false,12,12,3,3,ARCHER:7;GARGOYLE:4;SPIDER:1,ARCHER:7;GARGOYLE:4;SPIDER:1
21,0,0,true,,,utility,curriculum_pass,3,75,348436042,348416231,16,0,GREEN,false,7,0,2,2,MAGE:5;SCORPION_RIDER:5,MAGE:5;SCORPION_RIDER:5
22,0,0,true,,,curriculum_pass,utility,3,75,348436042,348416231,31,0,BLUE,false,0,8,2,2,MAGE:5;SCORPION_RIDER:5,MAGE:5;SCORPION_RIDER:5
23,0,0,true,,,utility,curriculum_pass,3,75,348443961,348392340,12,0,GREEN,false,5,0,3,3,ARCHER:12;GOBLIN:1,ARCHER:12;GOBLIN:1
24,0,0,true,,,curriculum_pass,utility,3,75,348443961,348392340,58,0,,false,12,13,3,3,ARCHER:12;GOBLIN:1,ARCHER:12;GOBLIN:1
25,0,0,true,,,utility,curriculum_pass,3,75,348451880,348400261,48,0,,false,11,11,3,3,GARGOYLE:6;MAGE:4;SPIDER:1,GARGOYLE:6;MAGE:4;SPIDER:1
26,0,0,true,,,curriculum_pass,utility,3,75,348451880,348400261,48,0,,false,11,11,3,3,GARGOYLE:6;MAGE:4;SPIDER:1,GARGOYLE:6;MAGE:4;SPIDER:1
27,0,0,true,,,utility,curriculum_pass,3,75,348459799,348507578,48,0,,false,11,11,2,2,ARCHER:3;MAGE:8,ARCHER:3;MAGE:8
28,0,0,true,,,curriculum_pass,utility,3,75,348459799,348507578,48,0,,false,11,11,2,2,ARCHER:3;MAGE:8,ARCHER:3;MAGE:8
29,0,0,true,,,utility,curriculum_pass,3,75,348467718,348515499,46,0,GREEN,false,7,0,3,3,ASSASSIN:4;GARGOYLE:6;SPIDER:1,ASSASSIN:4;GARGOYLE:6;SPIDER:1
30,0,0,true,,,curriculum_pass,utility,3,75,348467718,348515499,62,0,,false,6,8,3,3,ASSASSIN:4;GARGOYLE:6;SPIDER:1,ASSASSIN:4;GARGOYLE:6;SPIDER:1
31,0,0,true,,,utility,curriculum_pass,3,75,356355042,356341071,30,0,GREEN,false,16,0,3,3,MAGE:4;SPIDER:15,MAGE:4;SPIDER:15
32,0,0,true,,,curriculum_pass,utility,3,75,356355042,356341071,48,0,,false,19,19,3,3,MAGE:4;SPIDER:15,MAGE:4;SPIDER:15
33,0,0,true,,,utility,curriculum_pass,3,75,356362961,356349052,71,0,,false,11,6,3,3,GOBLIN:7;GOLEM:4;MAGE:2,GOBLIN:7;GOLEM:4;MAGE:2
34,0,0,true,,,curriculum_pass,utility,3,75,356362961,356349052,48,0,,false,13,13,3,3,GOBLIN:7;GOLEM:4;MAGE:2,GOBLIN:7;GOLEM:4;MAGE:2
35,0,0,true,,,utility,curriculum_pass,3,75,356370880,356325229,44,0,GREEN,false,6,0,2,2,GARGOYLE:6;SCORPION_RIDER:4,GARGOYLE:6;SCORPION_RIDER:4
36,0,0,true,,,curriculum_pass,utility,3,75,356370880,356325229,58,0,,false,10,9,2,2,GARGOYLE:6;SCORPION_RIDER:4,GARGOYLE:6;SCORPION_RIDER:4
37,0,0,true,,,utility,curriculum_pass,3,75,356378799,356333058,48,0,,false,19,19,3,3,GARGOYLE:4;GOBLIN:1;SPIDER:14,GARGOYLE:4;GOBLIN:1;SPIDER:14
38,0,0,true,,,curriculum_pass,utility,3,75,356378799,356333058,48,0,,false,19,19,3,3,GARGOYLE:4;GOBLIN:1;SPIDER:14,GARGOYLE:4;GOBLIN:1;SPIDER:14
39,0,0,true,,,utility,curriculum_pass,3,75,356386718,356440371,48,0,,false,23,23,3,3,GOBLIN:22;MAGE:1,GOBLIN:22;MAGE:1
40,0,0,true,,,curriculum_pass,utility,3,75,356386718,356440371,64,0,,false,11,14,3,3,GOBLIN:22;MAGE:1,GOBLIN:22;MAGE:1
41,0,0,true,,,utility,curriculum_pass,3,75,364274042,364298199,48,0,,false,11,11,3,3,GARGOYLE:3;SCORPION_RIDER:6;SPIDER:2,GARGOYLE:3;SCORPION_RIDER:6;SPIDER:2
42,0,0,true,,,curriculum_pass,utility,3,75,364274042,364298199,64,0,,false,6,6,3,3,GARGOYLE:3;SCORPION_RIDER:6;SPIDER:2,GARGOYLE:3;SCORPION_RIDER:6;SPIDER:2
43,0,0,true,,,utility,curriculum_pass,3,75,364281961,364273348,48,0,,false,9,9,2,2,GARGOYLE:5;GOLEM:4,GARGOYLE:5;GOLEM:4
44,0,0,true,,,curriculum_pass,utility,3,75,364281961,364273348,49,0,BLUE,false,0,5,2,2,GARGOYLE:5;GOLEM:4,GARGOYLE:5;GOLEM:4
45,0,0,true,,,utility,curriculum_pass,3,75,364289880,364265973,61,0,,false,7,3,2,2,ARCHER:7;SCORPION_RIDER:4,ARCHER:7;SCORPION_RIDER:4
46,0,0,true,,,curriculum_pass,utility,3,75,364289880,364265973,9,0,BLUE,false,0,11,2,2,ARCHER:7;SCORPION_RIDER:4,ARCHER:7;SCORPION_RIDER:4
47,0,0,true,,,utility,curriculum_pass,3,75,364297799,364273898,65,0,,false,4,4,3,3,ARCHER:1;GOLEM:2;SCORPION_RIDER:6,ARCHER:1;GOLEM:2;SCORPION_RIDER:6
48,0,0,true,,,curriculum_pass,utility,3,75,364297799,364273898,201,0,,true,1,9,3,3,ARCHER:1;GOLEM:2;SCORPION_RIDER:6,ARCHER:1;GOLEM:2;SCORPION_RIDER:6
49,0,0,true,,,utility,curriculum_pass,3,75,364305718,364250011,48,0,,false,13,13,4,4,GARGOYLE:1;MAGE:8;SPIDER:4,GARGOYLE:1;MAGE:8;SPIDER:4
50,0,0,true,,,curriculum_pass,utility,3,75,364305718,364250011,48,0,,false,13,13,4,4,GARGOYLE:1;MAGE:8;SPIDER:4,GARGOYLE:1;MAGE:8;SPIDER:4
51,0,0,true,,,utility,curriculum_pass,3,75,372193042,372238783,6,0,GREEN,false,9,0,3,3,ASSASSIN:7;GOBLIN:1;MAGE:3,ASSASSIN:7;GOBLIN:1;MAGE:3
52,0,0,true,,,curriculum_pass,utility,3,75,372193042,372238783,9,0,BLUE,false,0,7,3,3,ASSASSIN:7;GOBLIN:1;MAGE:3,ASSASSIN:7;GOBLIN:1;MAGE:3
53,0,0,true,,,utility,curriculum_pass,3,75,372200961,372213932,48,0,,false,17,17,2,2,GARGOYLE:6;GOBLIN:11,GARGOYLE:6;GOBLIN:11
54,0,0,true,,,curriculum_pass,utility,3,75,372200961,372213932,48,0,,false,17,17,2,2,GARGOYLE:6;GOBLIN:11,GARGOYLE:6;GOBLIN:11
55,0,0,true,,,utility,curriculum_pass,3,75,372208880,372222557,48,0,,false,10,10,2,2,MAGE:7;SCORPION_RIDER:3,MAGE:7;SCORPION_RIDER:3
56,0,0,true,,,curriculum_pass,utility,3,75,372208880,372222557,13,0,BLUE,false,0,9,2,2,MAGE:7;SCORPION_RIDER:3,MAGE:7;SCORPION_RIDER:3
57,0,0,true,,,utility,curriculum_pass,3,75,372216799,372198770,48,0,,false,14,14,3,3,GOBLIN:5;MAGE:8;SPIDER:1,GOBLIN:5;MAGE:8;SPIDER:1
58,0,0,true,,,curriculum_pass,utility,3,75,372216799,372198770,48,0,,false,14,14,3,3,GOBLIN:5;MAGE:8;SPIDER:1,GOBLIN:5;MAGE:8;SPIDER:1
59,0,0,true,,,utility,curriculum_pass,3,75,372224718,372206691,55,0,,false,9,8,3,3,ASSASSIN:1;GOLEM:4;MAGE:4,ASSASSIN:1;GOLEM:4;MAGE:4
60,0,0,true,,,curriculum_pass,utility,3,75,372224718,372206691,50,0,,false,9,9,3,3,ASSASSIN:1;GOLEM:4;MAGE:4,ASSASSIN:1;GOLEM:4;MAGE:4
61,0,0,true,,,utility,curriculum_pass,3,75,380112042,380162567,26,0,GREEN,false,6,0,2,2,MAGE:7;SCORPION_RIDER:3,MAGE:7;SCORPION_RIDER:3
62,0,0,true,,,curriculum_pass,utility,3,75,380112042,380162567,13,0,BLUE,false,0,8,2,2,MAGE:7;SCORPION_RIDER:3,MAGE:7;SCORPION_RIDER:3
63,0,0,true,,,utility,curriculum_pass,3,75,380119961,380171572,14,0,GREEN,false,4,0,3,3,MAGE:10;SPIDER:1,MAGE:10;SPIDER:1
64,0,0,true,,,curriculum_pass,utility,3,75,380119961,380171572,15,0,BLUE,false,0,5,3,3,MAGE:10;SPIDER:1,MAGE:10;SPIDER:1
65,0,0,true,,,utility,curriculum_pass,3,75,380127880,380146725,22,0,GREEN,false,7,0,4,4,GOBLIN:2;GOLEM:1;MAGE:8;SPIDER:1,GOBLIN:2;GOLEM:1;MAGE:8;SPIDER:1
66,0,0,true,,,curriculum_pass,utility,3,75,380127880,380146725,74,0,,false,9,12,4,4,GOBLIN:2;GOLEM:1;MAGE:8;SPIDER:1,GOBLIN:2;GOLEM:1;MAGE:8;SPIDER:1
67,0,0,true,,,utility,curriculum_pass,3,75,380135799,380155866,75,0,,false,19,15,4,4,GOBLIN:3;GOLEM:2;MAGE:1;SPIDER:13,GOBLIN:3;GOLEM:2;MAGE:1;SPIDER:13
68,0,0,true,,,curriculum_pass,utility,3,75,380135799,380155866,19,0,BLUE,false,0,14,4,4,GOBLIN:3;GOLEM:2;MAGE:1;SPIDER:13,GOBLIN:3;GOLEM:2;MAGE:1;SPIDER:13
69,0,0,true,,,utility,curriculum_pass,3,75,380143718,380131019,14,0,GREEN,false,6,0,3,3,GOBLIN:2;SPIDER:23,GOBLIN:2;SPIDER:23
70,0,0,true,,,curriculum_pass,utility,3,75,380143718,380131019,58,0,,false,15,23,3,3,GOBLIN:2;SPIDER:23,GOBLIN:2;SPIDER:23
71,0,0,true,,,utility,curriculum_pass,3,75,388031042,387988719,6,0,GREEN,false,6,0,2,2,ASSASSIN:6;SCORPION_RIDER:4,ASSASSIN:6;SCORPION_RIDER:4
72,0,0,true,,,curriculum_pass,utility,3,75,388031042,387988719,11,0,BLUE,false,0,4,2,2,ASSASSIN:6;SCORPION_RIDER:4,ASSASSIN:6;SCORPION_RIDER:4
73,0,0,true,,,utility,curriculum_pass,3,75,388038961,388095900,14,0,GREEN,false,7,0,3,3,ARCHER:12;SPIDER:1,ARCHER:12;SPIDER:1
74,0,0,true,,,curriculum_pass,utility,3,75,388038961,388095900,60,0,,false,12,13,3,3,ARCHER:12;SPIDER:1,ARCHER:12;SPIDER:1
75,0,0,true,,,utility,curriculum_pass,3,75,388046880,388103821,53,0,,false,12,11,4,4,ASSASSIN:2;GOBLIN:1;GOLEM:4;SPIDER:6,ASSASSIN:2;GOBLIN:1;GOLEM:4;SPIDER:6
76,0,0,true,,,curriculum_pass,utility,3,75,388046880,388103821,54,0,,false,11,12,4,4,ASSASSIN:2;GOBLIN:1;GOLEM:4;SPIDER:6,ASSASSIN:2;GOBLIN:1;GOLEM:4;SPIDER:6
77,0,0,true,,,utility,curriculum_pass,3,75,388054799,388096418,28,0,GREEN,false,4,0,2,2,GOBLIN:11;GOLEM:4,GOBLIN:11;GOLEM:4
78,0,0,true,,,curriculum_pass,utility,3,75,388054799,388096418,64,0,,false,10,12,2,2,GOBLIN:11;GOLEM:4,GOBLIN:11;GOLEM:4
79,0,0,true,,,utility,curriculum_pass,3,75,388062718,388072275,48,0,,false,13,13,3,3,ARCHER:12;GOBLIN:1,ARCHER:12;GOBLIN:1
80,0,0,true,,,curriculum_pass,utility,3,75,388062718,388072275,48,0,,false,13,13,3,3,ARCHER:12;GOBLIN:1,ARCHER:12;GOBLIN:1
81,0,0,true,,,utility,curriculum_pass,3,75,332598042,332649911,48,0,,false,18,18,2,2,GOLEM:3;SPIDER:15,GOLEM:3;SPIDER:15
82,0,0,true,,,curriculum_pass,utility,3,75,332598042,332649911,48,0,,false,18,18,2,2,GOLEM:3;SPIDER:15,GOLEM:3;SPIDER:15
83,0,0,true,,,utility,curriculum_pass,3,75,332605961,332657828,48,0,,false,17,17,3,3,GOBLIN:12;GOLEM:1;MAGE:4,GOBLIN:12;GOLEM:1;MAGE:4
84,0,0,true,,,curriculum_pass,utility,3,75,332605961,332657828,21,0,BLUE,false,0,8,3,3,GOBLIN:12;GOLEM:1;MAGE:4,GOBLIN:12;GOLEM:1;MAGE:4
85,0,0,true,,,utility,utility,3,75,467221042,467264671,17,0,,false,20,1,3,3,ARCHER:2;GOBLIN:21,ASSASSIN:10;GOBLIN:1
86,0,0,true,,,utility,utility,3,75,467221042,467264671,17,0,,false,20,1,3,3,ARCHER:2;GOBLIN:21,ASSASSIN:10;GOBLIN:1
87,0,0,true,,,utility,utility,3,75,467228961,467240844,21,0,,false,13,7,3,3,GOBLIN:12;GOLEM:3;SPIDER:3,GOBLIN:7;MAGE:7;SPIDER:1
88,0,0,true,,,utility,utility,3,75,467228961,467240844,19,0,,false,18,8,3,3,GOBLIN:12;GOLEM:3;SPIDER:3,GOBLIN:7;MAGE:7;SPIDER:1
89,0,0,true,,,utility,utility,3,75,601844042,601864167,24,0,GREEN,false,4,0,3,3,GARGOYLE:10;SPIDER:1,MAGE:4;SCORPION_RIDER:5;SPIDER:2
90,0,0,true,,,utility,utility,3,75,601844042,601864167,22,0,GREEN,false,4,0,3,3,GARGOYLE:10;SPIDER:1,MAGE:4;SCORPION_RIDER:5;SPIDER:2
91,0,0,true,,,utility,utility,3,75,601851961,601839252,23,0,BLUE,false,0,7,2,3,ASSASSIN:4;SPIDER:15,ARCHER:1;ASSASSIN:3;SCORPION_RIDER:6
92,0,0,true,,,utility,utility,3,75,601851961,601839252,31,0,BLUE,false,0,7,2,3,ASSASSIN:4;SPIDER:15,ARCHER:1;ASSASSIN:3;SCORPION_RIDER:6
93,0,0,true,,,utility,utility,3,75,736467042,736446159,23,0,,false,15,12,3,3,ARCHER:6;GOBLIN:13,ARCHER:5;MAGE:1;SPIDER:12
94,0,0,true,,,utility,utility,3,75,736467042,736446159,23,0,,false,15,12,3,3,ARCHER:6;GOBLIN:13,ARCHER:5;MAGE:1;SPIDER:12
95,0,0,true,,,utility,utility,3,75,736474961,736455164,22,0,,false,10,9,3,3,GOBLIN:8;SPIDER:17,ARCHER:4;GARGOYLE:6;GOBLIN:3
96,0,0,true,,,utility,utility,3,75,736474961,736455164,22,0,,false,10,9,3,3,GOBLIN:8;SPIDER:17,ARCHER:4;GARGOYLE:6;GOBLIN:3
97,0,0,true,,,utility,curriculum_pass,3,75,396282598042,396282580023,40,0,GREEN,false,8,0,2,2,GARGOYLE:6;SCORPION_RIDER:4,GARGOYLE:6;SCORPION_RIDER:4
98,0,0,true,,,curriculum_pass,utility,3,75,396282598042,396282580023,47,0,BLUE,false,0,5,2,2,GARGOYLE:6;SCORPION_RIDER:4,GARGOYLE:6;SCORPION_RIDER:4
99,0,0,true,,,utility,curriculum_pass,3,75,396282605961,396282588964,48,0,,false,10,10,2,2,GARGOYLE:5;SCORPION_RIDER:5,GARGOYLE:5;SCORPION_RIDER:5
100,0,0,true,,,curriculum_pass,utility,3,75,396282605961,396282588964,62,0,,false,5,9,2,2,GARGOYLE:5;SCORPION_RIDER:5,GARGOYLE:5;SCORPION_RIDER:5
101,0,0,true,,,utility,curriculum_pass,3,75,396282613880,396282564309,34,0,GREEN,false,6,0,2,2,GARGOYLE:6;SCORPION_RIDER:4,GARGOYLE:6;SCORPION_RIDER:4
102,0,0,true,,,curriculum_pass,utility,3,75,396282613880,396282564309,58,0,,false,10,9,2,2,GARGOYLE:6;SCORPION_RIDER:4,GARGOYLE:6;SCORPION_RIDER:4
103,0,0,true,,,utility,curriculum_pass,3,75,396282621799,396282573258,57,0,,false,11,12,3,3,ASSASSIN:6;GOBLIN:9;SPIDER:2,ASSASSIN:6;GOBLIN:9;SPIDER:2
104,0,0,true,,,curriculum_pass,utility,3,75,396282621799,396282573258,19,0,BLUE,false,0,7,3,3,ASSASSIN:6;GOBLIN:9;SPIDER:2,ASSASSIN:6;GOBLIN:9;SPIDER:2
105,0,0,true,,,utility,curriculum_pass,3,75,396282629718,396282679547,22,0,GREEN,false,4,0,3,3,GOBLIN:1;GOLEM:4;SCORPION_RIDER:4,GOBLIN:1;GOLEM:4;SCORPION_RIDER:4
106,0,0,true,,,curriculum_pass,utility,3,75,396282629718,396282679547,64,0,,false,4,6,3,3,GOBLIN:1;GOLEM:4;SCORPION_RIDER:4,GOBLIN:1;GOLEM:4;SCORPION_RIDER:4
107,0,0,true,,,utility,curriculum_pass,3,75,79522598042,79522583095,61,0,,false,8,5,3,3,GARGOYLE:5;SCORPION_RIDER:4;SPIDER:2,GARGOYLE:5;SCORPION_RIDER:4;SPIDER:2
108,0,0,true,,,curriculum_pass,utility,3,75,79522598042,79522583095,15,0,BLUE,false,0,9,3,3,GARGOYLE:5;SCORPION_RIDER:4;SPIDER:2,GARGOYLE:5;SCORPION_RIDER:4;SPIDER:2
109,0,0,true,,,utility,curriculum_pass,3,75,79522605961,79522592036,12,0,GREEN,false,9,0,3,3,ARCHER:8;GOBLIN:2;MAGE:3,ARCHER:8;GOBLIN:2;MAGE:3
110,0,0,true,,,curriculum_pass,utility,3,75,79522605961,79522592036,48,0,,false,13,13,3,3,ARCHER:8;GOBLIN:2;MAGE:3,ARCHER:8;GOBLIN:2;MAGE:3
111,0,0,true,,,utility,curriculum_pass,3,75,79522613880,79522567381,34,0,GREEN,false,6,0,3,3,ASSASSIN:5;GARGOYLE:5;SPIDER:1,ASSASSIN:5;GARGOYLE:5;SPIDER:1
112,0,0,true,,,curriculum_pass,utility,3,75,79522613880,79522567381,58,0,,false,5,9,3,3,ASSASSIN:5;GARGOYLE:5;SPIDER:1,ASSASSIN:5;GARGOYLE:5;SPIDER:1
113,0,0,true,,,utility,curriculum_pass,3,75,79522621799,79522576330,20,0,GREEN,false,17,0,3,3,ARCHER:1;GOLEM:3;SPIDER:13,ARCHER:1;GOLEM:3;SPIDER:13
114,0,0,true,,,curriculum_pass,utility,3,75,79522621799,79522576330,48,0,,false,17,17,3,3,ARCHER:1;GOLEM:3;SPIDER:13,ARCHER:1;GOLEM:3;SPIDER:13
115,0,0,true,,,utility,curriculum_pass,3,75,79522629718,79522682619,48,0,,false,8,8,3,3,GOBLIN:1;GOLEM:7,GOBLIN:1;GOLEM:7
116,0,0,true,,,curriculum_pass,utility,3,75,79522629718,79522682619,48,0,,false,8,8,3,3,GOBLIN:1;GOLEM:7,GOBLIN:1;GOLEM:7
117,0,0,true,,,utility,curriculum_pass,3,75,79530517042,79530540191,48,0,,false,12,12,3,3,ARCHER:7;GARGOYLE:4;GOBLIN:1,ARCHER:7;GARGOYLE:4;GOBLIN:1
118,0,0,true,,,curriculum_pass,utility,3,75,79530517042,79530540191,39,0,BLUE,false,0,5,3,3,ARCHER:7;GARGOYLE:4;GOBLIN:1,ARCHER:7;GARGOYLE:4;GOBLIN:1
119,0,0,true,,,utility,curriculum_pass,3,75,79530524961,79530516364,16,0,GREEN,false,8,0,3,3,ASSASSIN:1;GOLEM:1;MAGE:8,ASSASSIN:1;GOLEM:1;MAGE:8
120,0,0,true,,,curriculum_pass,utility,3,75,79530524961,79530516364,15,0,BLUE,false,0,3,3,3,ASSASSIN:1;GOLEM:1;MAGE:8,ASSASSIN:1;GOLEM:1;MAGE:8
121,0,0,true,,,utility,curriculum_pass,3,75,79530532880,79530524349,48,0,,false,9,9,2,2,GOLEM:4;MAGE:5,GOLEM:4;MAGE:5
122,0,0,true,,,curriculum_pass,utility,3,75,79530532880,79530524349,19,0,BLUE,false,0,8,2,2,GOLEM:4;MAGE:5,GOLEM:4;MAGE:5
123,0,0,true,,,utility,curriculum_pass,3,75,79530540799,79530516562,22,0,GREEN,false,4,0,3,3,GOBLIN:22;SCORPION_RIDER:1,GOBLIN:22;SCORPION_RIDER:1
124,0,0,true,,,curriculum_pass,utility,3,75,79530540799,79530516562,72,0,,false,2,6,3,3,GOBLIN:22;SCORPION_RIDER:1,GOBLIN:22;SCORPION_RIDER:1
125,0,0,true,,,utility,curriculum_pass,3,75,79530548718,79530492739,59,0,,false,11,8,3,3,GOBLIN:1;MAGE:10,GOBLIN:1;MAGE:10
126,0,0,true,,,curriculum_pass,utility,3,75,79530548718,79530492739,48,0,,false,11,11,3,3,GOBLIN:1;MAGE:10,GOBLIN:1;MAGE:10
127,0,0,true,,,utility,curriculum_pass,3,75,79538436042,79538481511,32,0,GREEN,false,9,0,3,3,ARCHER:6;GARGOYLE:5;GOBLIN:1,ARCHER:6;GARGOYLE:5;GOBLIN:1
128,0,0,true,,,curriculum_pass,utility,3,75,79538436042,79538481511,25,0,BLUE,false,0,9,3,3,ARCHER:6;GARGOYLE:5;GOBLIN:1,ARCHER:6;GARGOYLE:5;GOBLIN:1
129,0,0,true,,,utility,curriculum_pass,3,75,79538443961,79538456596,71,0,,false,5,2,2,2,ASSASSIN:5;GOLEM:4,ASSASSIN:5;GOLEM:4
130,0,0,true,,,curriculum_pass,utility,3,75,79538443961,79538456596,23,0,BLUE,false,0,4,2,2,ASSASSIN:5;GOLEM:4,ASSASSIN:5;GOLEM:4
131,0,0,true,,,utility,curriculum_pass,3,75,79538451880,79538465541,48,0,,false,11,11,4,4,GARGOYLE:9;SCORPION_RIDER:1;SPIDER:1,GARGOYLE:9;SCORPION_RIDER:1;SPIDER:1
132,0,0,true,,,curriculum_pass,utility,3,75,79538451880,79538465541,48,0,,false,11,11,4,4,GARGOYLE:9;SCORPION_RIDER:1;SPIDER:1,GARGOYLE:9;SCORPION_RIDER:1;SPIDER:1
133,0,0,true,,,utility,curriculum_pass,3,75,79538459799,79538440762,48,0,,false,13,13,4,4,ARCHER:8;GARGOYLE:3;GOBLIN:1;SPIDER:1,ARCHER:8;GARGOYLE:3;GOBLIN:1;SPIDER:1
134,0,0,true,,,curriculum_pass,utility,3,75,79538459799,79538440762,48,0,,false,13,13,4,4,ARCHER:8;GARGOYLE:3;GOBLIN:1;SPIDER:1,ARCHER:8;GARGOYLE:3;GOBLIN:1;SPIDER:1
135,0,0,true,,,utility,curriculum_pass,3,75,79538467718,79538449707,36,0,GREEN,false,12,0,3,3,GOBLIN:10;SCORPION_RIDER:5;SPIDER:1,GOBLIN:10;SCORPION_RIDER:5;SPIDER:1
136,0,0,true,,,curriculum_pass,utility,3,75,79538467718,79538449707,48,0,,false,16,16,3,3,GOBLIN:10;SCORPION_RIDER:5;SPIDER:1,GOBLIN:10;SCORPION_RIDER:5;SPIDER:1
137,0,0,true,,,utility,curriculum_pass,3,75,79546355042,79546405839,16,0,GREEN,false,5,0,3,3,GOLEM:1;MAGE:8;SPIDER:3,GOLEM:1;MAGE:8;SPIDER:3
138,0,0,true,,,curriculum_pass,utility,3,75,79546355042,79546405839,23,0,BLUE,false,0,7,3,3,GOLEM:1;MAGE:8;SPIDER:3,GOLEM:1;MAGE:8;SPIDER:3
139,0,0,true,,,utility,curriculum_pass,3,75,79546362961,79546413820,22,0,GREEN,false,8,0,3,3,ARCHER:7;GOLEM:3;SPIDER:1,ARCHER:7;GOLEM:3;SPIDER:1
140,0,0,true,,,curriculum_pass,utility,3,75,79546362961,79546413820,17,0,BLUE,false,0,10,3,3,ARCHER:7;GOLEM:3;SPIDER:1,ARCHER:7;GOLEM:3;SPIDER:1
141,0,0,true,,,utility,curriculum_pass,3,75,79546370880,79546389997,69,0,,false,6,5,3,3,GOLEM:2;MAGE:7;SPIDER:2,GOLEM:2;MAGE:7;SPIDER:2
142,0,0,true,,,curriculum_pass,utility,3,75,79546370880,79546389997,48,0,,false,11,11,3,3,GOLEM:2;MAGE:7;SPIDER:2,GOLEM:2;MAGE:7;SPIDER:2
143,0,0,true,,,utility,curriculum_pass,3,75,79546378799,79546397826,63,0,,false,12,5,4,4,GOBLIN:3;GOLEM:2;SCORPION_RIDER:5;SPIDER:2,GOBLIN:3;GOLEM:2;SCORPION_RIDER:5;SPIDER:2
144,0,0,true,,,curriculum_pass,utility,3,75,79546378799,79546397826,15,0,BLUE,false,0,9,4,4,GOBLIN:3;GOLEM:2;SCORPION_RIDER:5;SPIDER:2,GOBLIN:3;GOLEM:2;SCORPION_RIDER:5;SPIDER:2
145,0,0,true,,,utility,curriculum_pass,3,75,79546386718,79546374067,12,0,GREEN,false,4,0,3,3,ASSASSIN:8;GARGOYLE:2;GOBLIN:1,ASSASSIN:8;GARGOYLE:2;GOBLIN:1
146,0,0,true,,,curriculum_pass,utility,3,75,79546386718,79546374067,58,0,,false,3,4,3,3,ASSASSIN:8;GARGOYLE:2;GOBLIN:1,ASSASSIN:8;GARGOYLE:2;GOBLIN:1
147,0,0,true,,,utility,curriculum_pass,3,75,79554274042,79554231383,61,0,,false,3,4,3,3,ARCHER:12;SPIDER:1,ARCHER:12;SPIDER:1
148,0,0,true,,,curriculum_pass,utility,3,75,79554274042,79554231383,60,0,,false,6,5,3,3,ARCHER:12;SPIDER:1,ARCHER:12;SPIDER:1
149,0,0,true,,,utility,curriculum_pass,3,75,79554281961,79554338628,59,0,,false,15,5,3,3,GOBLIN:1;SCORPION_RIDER:5;SPIDER:10,GOBLIN:1;SCORPION_RIDER:5;SPIDER:10
150,0,0,true,,,curriculum_pass,utility,3,75,79554281961,79554338628,62,0,,false,5,12,3,3,GOBLIN:1;SCORPION_RIDER:5;SPIDER:10,GOBLIN:1;SCORPION_RIDER:5;SPIDER:10
151,0,0,true,,,utility,curriculum_pass,3,75,79554289880,79554346613,99,0,,false,18,6,3,3,ARCHER:7;GOBLIN:11,ARCHER:7;GOBLIN:11
152,0,0,true,,,curriculum_pass,utility,3,75,79554289880,79554346613,17,0,BLUE,false,0,10,3,3,ARCHER:7;GOBLIN:11,ARCHER:7;GOBLIN:11
153,0,0,true,,,utility,curriculum_pass,3,75,79554297799,79554339178,20,0,GREEN,false,10,0,3,3,MAGE:3;SCORPION_RIDER:6;SPIDER:2,MAGE:3;SCORPION_RIDER:6;SPIDER:2
154,0,0,true,,,curriculum_pass,utility,3,75,79554297799,79554339178,48,0,,false,11,11,3,3,MAGE:3;SCORPION_RIDER:6;SPIDER:2,MAGE:3;SCORPION_RIDER:6;SPIDER:2
155,0,0,true,,,utility,curriculum_pass,3,75,79554305718,79554314267,59,0,,false,10,6,2,2,GARGOYLE:6;GOBLIN:11,GARGOYLE:6;GOBLIN:11
156,0,0,true,,,curriculum_pass,utility,3,75,79554305718,79554314267,48,0,,false,17,17,2,2,GARGOYLE:6;GOBLIN:11,GARGOYLE:6;GOBLIN:11
157,0,0,true,,,utility,curriculum_pass,3,75,396290517042,396290537119,52,0,GREEN,false,10,0,3,3,GARGOYLE:10;GOBLIN:1,GARGOYLE:10;GOBLIN:1
158,0,0,true,,,curriculum_pass,utility,3,75,396290517042,396290537119,48,0,,false,11,11,3,3,GARGOYLE:10;GOBLIN:1,GARGOYLE:10;GOBLIN:1
159,0,0,true,,,utility,curriculum_pass,3,75,396290524961,396290513292,10,0,GREEN,false,2,0,2,2,ASSASSIN:7;SCORPION_RIDER:3,ASSASSIN:7;SCORPION_RIDER:3
160,0,0,true,,,curriculum_pass,utility,3,75,396290524961,396290513292,13,0,BLUE,false,0,3,2,2,ASSASSIN:7;SCORPION_RIDER:3,ASSASSIN:7;SCORPION_RIDER:3
161,0,0,true,,,utility,curriculum_pass,3,75,396290532880,396290521277,55,0,,false,10,10,3,3,GOBLIN:2;GOLEM:2;MAGE:7,GOBLIN:2;GOLEM:2;MAGE:7
162,0,0,true,,,curriculum_pass,utility,3,75,396290532880,396290521277,23,0,BLUE,false,0,6,3,3,GOBLIN:2;GOLEM:2;MAGE:7,GOBLIN:2;GOLEM:2;MAGE:7
163,0,0,true,,,utility,curriculum_pass,3,75,396290540799,396290497106,88,0,GREEN,false,8,0,3,3,GOLEM:4;MAGE:1;SPIDER:9,GOLEM:4;MAGE:1;SPIDER:9
164,0,0,true,,,curriculum_pass,utility,3,75,396290540799,396290497106,23,0,BLUE,false,0,13,3,3,GOLEM:4;MAGE:1;SPIDER:9,GOLEM:4;MAGE:1;SPIDER:9
165,0,0,true,,,utility,curriculum_pass,3,75,396290548718,396290506051,26,0,GREEN,false,5,0,2,2,ASSASSIN:5;GOLEM:4,ASSASSIN:5;GOLEM:4
166,0,0,true,,,curriculum_pass,utility,3,75,396290548718,396290506051,54,0,,false,4,7,2,2,ASSASSIN:5;GOLEM:4,ASSASSIN:5;GOLEM:4
167,0,0,true,,,utility,curriculum_pass,3,75,80314498042,80314443095,48,0,,false,8,8,3,3,GOBLIN:1;GOLEM:7,GOBLIN:1;GOLEM:7
168,0,0,true,,,curriculum_pass,utility,3,75,80314498042,80314443095,48,0,,false,8,8,3,3,GOBLIN:1;GOLEM:7,GOBLIN:1;GOLEM:7
169,0,0,true,,,utility,curriculum_pass,3,75,80314505961,80314549316,201,0,,true,8,7,3,3,GOLEM:4;MAGE:4;SPIDER:2,GOLEM:4;MAGE:4;SPIDER:2
170,0,0,true,,,curriculum_pass,utility,3,75,80314505961,80314549316,43,0,BLUE,false,0,10,3,3,GOLEM:4;MAGE:4;SPIDER:2,GOLEM:4;MAGE:4;SPIDER:2
171,0,0,true,,,utility,curriculum_pass,3,75,80314513880,80314558325,6,0,GREEN,false,15,0,2,2,ASSASSIN:5;SPIDER:13,ASSASSIN:5;SPIDER:13
172,0,0,true,,,curriculum_pass,utility,3,75,80314513880,80314558325,15,0,BLUE,false,0,15,2,2,ASSASSIN:5;SPIDER:13,ASSASSIN:5;SPIDER:13
173,0,0,true,,,utility,curriculum_pass,3,75,80314521799,80314533482,12,0,GREEN,false,5,0,4,4,ARCHER:4;GOBLIN:1;MAGE:1;SCORPION_RIDER:5,ARCHER:4;GOBLIN:1;MAGE:1;SCORPION_RIDER:5
174,0,0,true,,,curriculum_pass,utility,3,75,80314521799,80314533482,13,0,BLUE,false,0,7,4,4,ARCHER:4;GOBLIN:1;MAGE:1;SCORPION_RIDER:5,ARCHER:4;GOBLIN:1;MAGE:1;SCORPION_RIDER:5
175,0,0,true,,,utility,curriculum_pass,3,75,80314529718,80314542363,48,0,,false,13,13,3,3,ARCHER:8;MAGE:3;SPIDER:2,ARCHER:8;MAGE:3;SPIDER:2
176,0,0,true,,,curriculum_pass,utility,3,75,80314529718,80314542363,60,0,,false,3,8,3,3,ARCHER:8;MAGE:3;SPIDER:2,ARCHER:8;MAGE:3;SPIDER:2
177,0,0,true,,,utility,curriculum_pass,3,75,80322417042,80322367295,12,0,GREEN,false,10,0,3,3,ASSASSIN:3;GOBLIN:1;MAGE:7,ASSASSIN:3;GOBLIN:1;MAGE:7
178,0,0,true,,,curriculum_pass,utility,3,75,80322417042,80322367295,11,0,BLUE,false,0,8,3,3,ASSASSIN:3;GOBLIN:1;MAGE:7,ASSASSIN:3;GOBLIN:1;MAGE:7
179,0,0,true,,,utility,curriculum_pass,3,75,80322424961,80322375212,59,0,,false,6,6,3,3,ARCHER:1;ASSASSIN:4;GOLEM:4,ARCHER:1;ASSASSIN:4;GOLEM:4
180,0,0,true,,,curriculum_pass,utility,3,75,80322424961,80322375212,56,0,,false,5,5,3,3,ARCHER:1;ASSASSIN:4;GOLEM:4,ARCHER:1;ASSASSIN:4;GOLEM:4
181,0,0,true,,,utility,curriculum_pass,3,75,80322432880,80322482653,30,0,GREEN,false,2,0,3,3,ASSASSIN:5;GOBLIN:10;SCORPION_RIDER:1,ASSASSIN:5;GOBLIN:10;SCORPION_RIDER:1
182,0,0,true,,,curriculum_pass,utility,3,75,80322432880,80322482653,17,0,BLUE,false,0,5,3,3,ASSASSIN:5;GOBLIN:10;SCORPION_RIDER:1,ASSASSIN:5;GOBLIN:10;SCORPION_RIDER:1
183,0,0,true,,,utility,curriculum_pass,3,75,80322440799,80322490610,48,0,,false,14,14,3,3,GOBLIN:5;MAGE:8;SPIDER:1,GOBLIN:5;MAGE:8;SPIDER:1
184,0,0,true,,,curriculum_pass,utility,3,75,80322440799,80322490610,19,0,BLUE,false,0,9,3,3,GOBLIN:5;MAGE:8;SPIDER:1,GOBLIN:5;MAGE:8;SPIDER:1
185,0,0,true,,,utility,curriculum_pass,3,75,80322448718,80322466787,48,0,,false,12,12,3,3,ARCHER:9;MAGE:3,ARCHER:9;MAGE:3
186,0,0,true,,,curriculum_pass,utility,3,75,80322448718,80322466787,62,0,,false,8,10,3,3,ARCHER:9;MAGE:3,ARCHER:9;MAGE:3
187,0,0,true,,,utility,curriculum_pass,3,75,80330336042,80330324359,24,0,GREEN,false,6,0,4,4,ASSASSIN:4;GOBLIN:2;GOLEM:4,ASSASSIN:4;GOBLIN:2;GOLEM:4
188,0,0,true,,,curriculum_pass,utility,3,75,80330336042,80330324359,58,0,,false,7,8,4,4,ASSASSIN:4;GOBLIN:2;GOLEM:4,ASSASSIN:4;GOBLIN:2;GOLEM:4
189,0,0,true,,,utility,curriculum_pass,3,75,80330343961,80330299572,48,0,,false,17,17,2,2,ARCHER:8;GOBLIN:9,ARCHER:8;GOBLIN:9
190,0,0,true,,,curriculum_pass,utility,3,75,80330343961,80330299572,17,0,BLUE,false,0,11,2,2,ARCHER:8;GOBLIN:9,ARCHER:8;GOBLIN:9
191,0,0,true,,,utility,curriculum_pass,3,75,80330351880,80330308517,48,0,,false,14,14,2,2,MAGE:8;SPIDER:6,MAGE:8;SPIDER:6
192,0,0,true,,,curriculum_pass,utility,3,75,80330351880,80330308517,60,0,,false,6,8,2,2,MAGE:8;SPIDER:6,MAGE:8;SPIDER:6
193,0,0,true,,,utility,curriculum_pass,3,75,80330359799,80330415450,201,0,,true,10,3,3,3,ARCHER:3;GARGOYLE:5;MAGE:3,ARCHER:3;GARGOYLE:5;MAGE:3
194,0,0,true,,,curriculum_pass,utility,3,75,80330359799,80330415450,154,0,,false,3,10,3,3,ARCHER:3;GARGOYLE:5;MAGE:3,ARCHER:3;GARGOYLE:5;MAGE:3
195,0,0,true,,,utility,curriculum_pass,3,75,80330367718,80330423371,42,0,GREEN,false,13,0,4,4,ASSASSIN:1;GOBLIN:10;MAGE:5;SPIDER:1,ASSASSIN:1;GOBLIN:10;MAGE:5;SPIDER:1
196,0,0,true,,,curriculum_pass,utility,3,75,80330367718,80330423371,53,0,BLUE,false,0,13,4,4,ASSASSIN:1;GOBLIN:10;MAGE:5;SPIDER:1,ASSASSIN:1;GOBLIN:10;MAGE:5;SPIDER:1
197,0,0,true,,,utility,curriculum_pass,3,75,80338255042,80338264687,59,0,,false,15,5,2,2,ASSASSIN:5;SPIDER:13,ASSASSIN:5;SPIDER:13
198,0,0,true,,,curriculum_pass,utility,3,75,80338255042,80338264687,60,0,,false,5,15,2,2,ASSASSIN:5;SPIDER:13,ASSASSIN:5;SPIDER:13
199,0,0,true,,,utility,curriculum_pass,3,75,80338262961,80338240796,48,0,,false,11,11,3,3,ARCHER:7;GOLEM:3;SPIDER:1,ARCHER:7;GOLEM:3;SPIDER:1
200,0,0,true,,,curriculum_pass,utility,3,75,80338262961,80338240796,48,0,,false,11,11,3,3,ARCHER:7;GOLEM:3;SPIDER:1,ARCHER:7;GOLEM:3;SPIDER:1
201,0,0,true,,,utility,curriculum_pass,3,75,80338270880,80338248717,55,0,,false,17,16,3,3,GOLEM:3;SPIDER:15,GOLEM:3;SPIDER:15
202,0,0,true,,,curriculum_pass,utility,3,75,80338270880,80338248717,29,0,BLUE,false,0,4,3,3,GOLEM:3;SPIDER:15,GOLEM:3;SPIDER:15
203,0,0,true,,,utility,curriculum_pass,3,75,80338278799,80338224930,66,0,GREEN,false,8,0,3,3,GARGOYLE:10;GOBLIN:1,GARGOYLE:10;GOBLIN:1
204,0,0,true,,,curriculum_pass,utility,3,75,80338278799,80338224930,98,0,,false,6,7,3,3,GARGOYLE:10;GOBLIN:1,GARGOYLE:10;GOBLIN:1
205,0,0,true,,,utility,curriculum_pass,3,75,80338286718,80338233043,48,0,GREEN,false,6,0,3,3,ARCHER:5;GARGOYLE:6;GOBLIN:1,ARCHER:5;GARGOYLE:6;GOBLIN:1
206,0,0,true,,,curriculum_pass,utility,3,75,80338286718,80338233043,29,0,BLUE,false,0,9,3,3,ARCHER:5;GARGOYLE:6;GOBLIN:1,ARCHER:5;GARGOYLE:6;GOBLIN:1
207,0,0,true,,,utility,curriculum_pass,3,75,80346174042,80346189047,18,0,GREEN,false,10,0,3,3,ARCHER:1;GOBLIN:23,ARCHER:1;GOBLIN:23
208,0,0,true,,,curriculum_pass,utility,3,75,80346174042,80346189047,61,0,BLUE,false,0,18,3,3,ARCHER:1;GOBLIN:23,ARCHER:1;GOBLIN:23
209,0,0,true,,,utility,curriculum_pass,3,75,80346181961,80346197988,48,0,,false,11,11,3,3,GARGOYLE:10;GOBLIN:1,GARGOYLE:10;GOBLIN:1
210,0,0,true,,,curriculum_pass,utility,3,75,80346181961,80346197988,48,0,,false,11,11,3,3,GARGOYLE:10;GOBLIN:1,GARGOYLE:10;GOBLIN:1
211,0,0,true,,,utility,curriculum_pass,3,75,80346189880,80346173077,48,0,,false,12,12,3,3,ARCHER:6;GARGOYLE:5;SPIDER:1,ARCHER:6;GARGOYLE:5;SPIDER:1
212,0,0,true,,,curriculum_pass,utility,3,75,80346189880,80346173077,48,0,,false,12,12,3,3,ARCHER:6;GARGOYLE:5;SPIDER:1,ARCHER:6;GARGOYLE:5;SPIDER:1
213,0,0,true,,,utility,curriculum_pass,3,75,80346197799,80346182026,12,0,GREEN,false,18,0,4,4,ARCHER:1;GOBLIN:12;SPIDER:11,ARCHER:1;GOBLIN:12;SPIDER:11
214,0,0,true,,,curriculum_pass,utility,3,75,80346197799,80346182026,15,0,BLUE,false,0,21,4,4,ARCHER:1;GOBLIN:12;SPIDER:11,ARCHER:1;GOBLIN:12;SPIDER:11
215,0,0,true,,,utility,curriculum_pass,3,75,80346205718,80346157243,55,0,,false,6,7,3,3,ASSASSIN:7;GOBLIN:2;GOLEM:2,ASSASSIN:7;GOBLIN:2;GOLEM:2
216,0,0,true,,,curriculum_pass,utility,3,75,80346205718,80346157243,58,0,,false,6,7,3,3,ASSASSIN:7;GOBLIN:2;GOLEM:2,ASSASSIN:7;GOBLIN:2;GOLEM:2
217,0,0,true,,,utility,curriculum_pass,3,75,396298436042,396298478439,65,0,,false,8,4,3,3,ARCHER:1;GARGOYLE:5;SCORPION_RIDER:4,ARCHER:1;GARGOYLE:5;SCORPION_RIDER:4
218,0,0,true,,,curriculum_pass,utility,3,75,396298436042,396298478439,19,0,BLUE,false,0,10,3,3,ARCHER:1;GARGOYLE:5;SCORPION_RIDER:4,ARCHER:1;GARGOYLE:5;SCORPION_RIDER:4
219,0,0,true,,,utility,curriculum_pass,3,75,396298443961,396298453524,57,0,,false,5,4,2,2,ASSASSIN:8;GOBLIN:6,ASSASSIN:8;GOBLIN:6
220,0,0,true,,,curriculum_pass,utility,3,75,396298443961,396298453524,52,0,,false,8,11,2,2,ASSASSIN:8;GOBLIN:6,ASSASSIN:8;GOBLIN:6
221,0,0,true,,,utility,curriculum_pass,3,75,396298451880,396298462469,8,0,GREEN,false,7,0,3,3,ASSASSIN:8;GOBLIN:1;MAGE:2,ASSASSIN:8;GOBLIN:1;MAGE:2
222,0,0,true,,,curriculum_pass,utility,3,75,396298451880,396298462469,11,0,BLUE,false,0,4,3,3,ASSASSIN:8;GOBLIN:1;MAGE:2,ASSASSIN:8;GOBLIN:1;MAGE:2
223,0,0,true,,,utility,curriculum_pass,3,75,396298459799,396298437690,28,0,GREEN,false,9,0,3,3,ASSASSIN:4;GARGOYLE:6;SPIDER:1,ASSASSIN:4;GARGOYLE:6;SPIDER:1
224,0,0,true,,,curriculum_pass,utility,3,75,396298459799,396298437690,54,0,,false,10,10,3,3,ASSASSIN:4;GARGOYLE:6;SPIDER:1,ASSASSIN:4;GARGOYLE:6;SPIDER:1
225,0,0,true,,,utility,curriculum_pass,3,75,396298467718,396298446635,48,0,,false,15,15,2,2,GOBLIN:8;MAGE:7,GOBLIN:8;MAGE:7
226,0,0,true,,,curriculum_pass,utility,3,75,396298467718,396298446635,48,0,,false,15,15,2,2,GOBLIN:8;MAGE:7,GOBLIN:8;MAGE:7
227,0,0,true,,,utility,curriculum_pass,3,75,81106398042,81106417143,65,0,,false,12,11,4,4,ASSASSIN:1;GOBLIN:12;SCORPION_RIDER:4,ASSASSIN:1;GOBLIN:12;SCORPION_RIDER:4
228,0,0,true,,,curriculum_pass,utility,3,75,81106398042,81106417143,17,0,BLUE,false,0,7,4,4,ASSASSIN:1;GOBLIN:12;SCORPION_RIDER:4,ASSASSIN:1;GOBLIN:12;SCORPION_RIDER:4
229,0,0,true,,,utility,curriculum_pass,3,75,81106405961,81106392292,59,0,,false,4,9,3,3,ARCHER:8;GOBLIN:2;MAGE:3,ARCHER:8;GOBLIN:2;MAGE:3
230,0,0,true,,,curriculum_pass,utility,3,75,81106405961,81106392292,48,0,,false,13,13,3,3,ARCHER:8;GOBLIN:2;MAGE:3,ARCHER:8;GOBLIN:2;MAGE:3
231,0,0,true,,,utility,curriculum_pass,3,75,81106413880,81106401173,34,0,GREEN,false,16,0,2,2,GOBLIN:12;SPIDER:13,GOBLIN:12;SPIDER:13
232,0,0,true,,,curriculum_pass,utility,3,75,81106413880,81106401173,15,0,BLUE,false,0,14,2,2,GOBLIN:12;SPIDER:13,GOBLIN:12;SPIDER:13
233,0,0,true,,,utility,curriculum_pass,3,75,81106421799,81106376330,59,0,,false,9,6,2,2,MAGE:8;SPIDER:6,MAGE:8;SPIDER:6
234,0,0,true,,,curriculum_pass,utility,3,75,81106421799,81106376330,48,0,,false,14,14,2,2,MAGE:8;SPIDER:6,MAGE:8;SPIDER:6
235,0,0,true,,,utility,curriculum_pass,3,75,81106429718,81106385339,12,0,GREEN,false,9,0,2,2,MAGE:7;SCORPION_RIDER:3,MAGE:7;SCORPION_RIDER:3
236,0,0,true,,,curriculum_pass,utility,3,75,81106429718,81106385339,11,0,BLUE,false,0,8,2,2,MAGE:7;SCORPION_RIDER:3,MAGE:7;SCORPION_RIDER:3
237,0,0,true,,,utility,curriculum_pass,3,75,81114317042,81114340959,24,0,GREEN,false,8,0,2,2,GARGOYLE:5;SCORPION_RIDER:5,GARGOYLE:5;SCORPION_RIDER:5
238,0,0,true,,,curriculum_pass,utility,3,75,81114317042,81114340959,48,0,,false,10,10,2,2,GARGOYLE:5;SCORPION_RIDER:5,GARGOYLE:5;SCORPION_RIDER:5
239,0,0,true,,,utility,curriculum_pass,3,75,81114324961,81114333516,12,0,GREEN,false,9,0,3,3,GOBLIN:1;SCORPION_RIDER:4;SPIDER:13,GOBLIN:1;SCORPION_RIDER:4;SPIDER:13
240,0,0,true,,,curriculum_pass,utility,3,75,81114324961,81114333516,17,0,BLUE,false,0,12,3,3,GOBLIN:1;SCORPION_RIDER:4;SPIDER:13,GOBLIN:1;SCORPION_RIDER:4;SPIDER:13
241,0,0,true,,,utility,curriculum_pass,3,75,81114332880,81114341501,48,0,,false,15,15,2,2,GOBLIN:11;GOLEM:4,GOBLIN:11;GOLEM:4
242,0,0,true,,,curriculum_pass,utility,3,75,81114332880,81114341501,48,0,,false,15,15,2,2,GOBLIN:11;GOLEM:4,GOBLIN:11;GOLEM:4
243,0,0,true,,,utility,curriculum_pass,3,75,81114340799,81114317586,48,0,,false,25,25,3,3,GOBLIN:24;SPIDER:1,GOBLIN:24;SPIDER:1
244,0,0,true,,,curriculum_pass,utility,3,75,81114340799,81114317586,48,0,,false,25,25,3,3,GOBLIN:24;SPIDER:1,GOBLIN:24;SPIDER:1
245,0,0,true,,,utility,curriculum_pass,3,75,81114348718,81114325507,10,0,GREEN,false,3,0,3,3,ASSASSIN:10;SPIDER:1,ASSASSIN:10;SPIDER:1
246,0,0,true,,,curriculum_pass,utility,3,75,81114348718,81114325507,11,0,BLUE,false,0,5,3,3,ASSASSIN:10;SPIDER:1,ASSASSIN:10;SPIDER:1
247,0,0,true,,,utility,curriculum_pass,3,75,81122236042,81122281511,48,0,,false,11,11,3,3,ARCHER:4;SCORPION_RIDER:6;SPIDER:1,ARCHER:4;SCORPION_RIDER:6;SPIDER:1
248,0,0,true,,,curriculum_pass,utility,3,75,81122236042,81122281511,11,0,BLUE,false,0,9,3,3,ARCHER:4;SCORPION_RIDER:6;SPIDER:1,ARCHER:4;SCORPION_RIDER:6;SPIDER:1
249,0,0,true,,,utility,curriculum_pass,3,75,81122243961,81122290644,59,0,,false,9,8,3,3,ASSASSIN:7;GOBLIN:1;SPIDER:7,ASSASSIN:7;GOBLIN:1;SPIDER:7
250,0,0,true,,,curriculum_pass,utility,3,75,81122243961,81122290644,11,0,BLUE,false,0,9,3,3,ASSASSIN:7;GOBLIN:1;SPIDER:7,ASSASSIN:7;GOBLIN:1;SPIDER:7
251,0,0,true,,,utility,curriculum_pass,3,75,81122251880,81122265797,63,0,,false,8,4,3,3,GOBLIN:1;GOLEM:7,GOBLIN:1;GOLEM:7
252,0,0,true,,,curriculum_pass,utility,3,75,81122251880,81122265797,48,0,,false,8,8,3,3,GOBLIN:1;GOLEM:7,GOBLIN:1;GOLEM:7
253,0,0,true,,,utility,curriculum_pass,3,75,81122259799,81122274810,59,0,,false,11,9,4,4,GARGOYLE:9;SCORPION_RIDER:1;SPIDER:1,GARGOYLE:9;SCORPION_RIDER:1;SPIDER:1
254,0,0,true,,,curriculum_pass,utility,3,75,81122259799,81122274810,48,0,,false,11,11,4,4,GARGOYLE:9;SCORPION_RIDER:1;SPIDER:1,GARGOYLE:9;SCORPION_RIDER:1;SPIDER:1
255,0,0,true,,,utility,curriculum_pass,3,75,81122267718,81122249963,48,0,,false,11,11,3,3,GARGOYLE:6;GOBLIN:1;MAGE:4,GARGOYLE:6;GOBLIN:1;MAGE:4
256,0,0,true,,,curriculum_pass,utility,3,75,81122267718,81122249963,48,0,,false,11,11,3,3,GARGOYLE:6;GOBLIN:1;MAGE:4,GARGOYLE:6;GOBLIN:1;MAGE:4
257,0,0,true,,,utility,curriculum_pass,3,75,81130155042,81130107535,61,0,,false,16,12,4,4,ASSASSIN:4;GOBLIN:13;MAGE:1,ASSASSIN:4;GOBLIN:13;MAGE:1
258,0,0,true,,,curriculum_pass,utility,3,75,81130155042,81130107535,81,0,BLUE,false,0,13,4,4,ASSASSIN:4;GOBLIN:13;MAGE:1,ASSASSIN:4;GOBLIN:13;MAGE:1
259,0,0,true,,,utility,curriculum_pass,3,75,81130162961,81130214844,65,0,,false,17,15,3,3,ARCHER:1;SCORPION_RIDER:3;SPIDER:15,ARCHER:1;SCORPION_RIDER:3;SPIDER:15
260,0,0,true,,,curriculum_pass,utility,3,75,81130162961,81130214844,48,0,,false,19,19,3,3,ARCHER:1;SCORPION_RIDER:3;SPIDER:15,ARCHER:1;SCORPION_RIDER:3;SPIDER:15
261,0,0,true,,,utility,curriculum_pass,3,75,81130170880,81130222765,48,0,,false,17,17,2,2,GARGOYLE:6;GOBLIN:11,GARGOYLE:6;GOBLIN:11
262,0,0,true,,,curriculum_pass,utility,3,75,81130170880,81130222765,48,0,,false,17,17,2,2,GARGOYLE:6;GOBLIN:11,GARGOYLE:6;GOBLIN:11
263,0,0,true,,,utility,curriculum_pass,3,75,81130178799,81130198594,8,0,GREEN,false,9,0,2,2,ASSASSIN:7;SPIDER:8,ASSASSIN:7;SPIDER:8
264,0,0,true,,,curriculum_pass,utility,3,75,81130178799,81130198594,7,0,BLUE,false,0,11,2,2,ASSASSIN:7;SPIDER:8,ASSASSIN:7;SPIDER:8
265,0,0,true,,,utility,curriculum_pass,3,75,81130186718,81130207603,85,0,,false,6,4,3,3,GARGOYLE:6;GOBLIN:2;SPIDER:9,GARGOYLE:6;GOBLIN:2;SPIDER:9
266,0,0,true,,,curriculum_pass,utility,3,75,81130186718,81130207603,48,0,,false,17,17,3,3,GARGOYLE:6;GOBLIN:2;SPIDER:9,GARGOYLE:6;GOBLIN:2;SPIDER:9
267,0,0,true,,,utility,curriculum_pass,3,75,81138074042,81138032407,65,0,,false,4,2,3,3,GOLEM:2;MAGE:1;SCORPION_RIDER:6,GOLEM:2;MAGE:1;SCORPION_RIDER:6
268,0,0,true,,,curriculum_pass,utility,3,75,81138074042,81138032407,17,0,BLUE,false,0,5,3,3,GOLEM:2;MAGE:1;SCORPION_RIDER:6,GOLEM:2;MAGE:1;SCORPION_RIDER:6
269,0,0,true,,,utility,curriculum_pass,3,75,81138081961,81138040324,48,0,,false,17,17,3,3,GARGOYLE:6;GOBLIN:2;SPIDER:9,GARGOYLE:6;GOBLIN:2;SPIDER:9
270,0,0,true,,,curriculum_pass,utility,3,75,81138081961,81138040324,48,0,,false,17,17,3,3,GARGOYLE:6;GOBLIN:2;SPIDER:9,GARGOYLE:6;GOBLIN:2;SPIDER:9
271,0,0,true,,,utility,curriculum_pass,3,75,81138089880,81138032949,48,0,,false,11,11,3,3,ARCHER:7;GOLEM:3;SPIDER:1,ARCHER:7;GOLEM:3;SPIDER:1
272,0,0,true,,,curriculum_pass,utility,3,75,81138089880,81138032949,48,0,,false,11,11,3,3,ARCHER:7;GOLEM:3;SPIDER:1,ARCHER:7;GOLEM:3;SPIDER:1
273,0,0,true,,,utility,curriculum_pass,3,75,81138097799,81138139178,48,0,,false,17,17,4,4,ARCHER:1;GARGOYLE:5;GOBLIN:11,ARCHER:1;GARGOYLE:5;GOBLIN:11
274,0,0,true,,,curriculum_pass,utility,3,75,81138097799,81138139178,98,0,,false,3,14,4,4,ARCHER:1;GARGOYLE:5;GOBLIN:11,ARCHER:1;GARGOYLE:5;GOBLIN:11
275,0,0,true,,,utility,curriculum_pass,3,75,81138105718,81138148315,59,0,,false,5,4,3,3,ASSASSIN:8;GARGOYLE:2;GOBLIN:1,ASSASSIN:8;GARGOYLE:2;GOBLIN:1
276,0,0,true,,,curriculum_pass,utility,3,75,81138105718,81138148315,50,0,,false,9,11,3,3,ASSASSIN:8;GARGOYLE:2;GOBLIN:1,ASSASSIN:8;GARGOYLE:2;GOBLIN:1
277,0,0,true,,,utility,curriculum_pass,3,75,396306355042,396306402767,61,0,,false,5,4,3,3,ASSASSIN:3;GOBLIN:2;SCORPION_RIDER:6,ASSASSIN:3;GOBLIN:2;SCORPION_RIDER:6
278,0,0,true,,,curriculum_pass,utility,3,75,396306355042,396306402767,15,0,BLUE,false,0,3,3,3,ASSASSIN:3;GOBLIN:2;SCORPION_RIDER:6,ASSASSIN:3;GOBLIN:2;SCORPION_RIDER:6
279,0,0,true,,,utility,curriculum_pass,3,75,396306362961,396306410748,48,0,,false,17,17,3,3,ASSASSIN:1;GARGOYLE:5;GOBLIN:11,ASSASSIN:1;GARGOYLE:5;GOBLIN:11
280,0,0,true,,,curriculum_pass,utility,3,75,396306362961,396306410748,78,0,,false,15,14,3,3,ASSASSIN:1;GARGOYLE:5;GOBLIN:11,ASSASSIN:1;GARGOYLE:5;GOBLIN:11
281,0,0,true,,,utility,curriculum_pass,3,75,396306370880,396306386925,26,0,GREEN,false,5,0,2,2,GARGOYLE:5;SCORPION_RIDER:5,GARGOYLE:5;SCORPION_RIDER:5
282,0,0,true,,,curriculum_pass,utility,3,75,396306370880,396306386925,27,0,BLUE,false,0,9,2,2,GARGOYLE:5;SCORPION_RIDER:5,GARGOYLE:5;SCORPION_RIDER:5
283,0,0,true,,,utility,curriculum_pass,3,75,396306378799,396306394754,65,0,,false,14,4,3,3,ARCHER:6;GOBLIN:12;SPIDER:1,ARCHER:6;GOBLIN:12;SPIDER:1
284,0,0,true,,,curriculum_pass,utility,3,75,396306378799,396306394754,66,0,,false,4,14,3,3,ARCHER:6;GOBLIN:12;SPIDER:1,ARCHER:6;GOBLIN:12;SPIDER:1
285,0,0,true,,,utility,curriculum_pass,3,75,396306386718,396306370995,48,0,,false,12,12,3,3,ARCHER:8;GOBLIN:2;GOLEM:2,ARCHER:8;GOBLIN:2;GOLEM:2
286,0,0,true,,,curriculum_pass,utility,3,75,396306386718,396306370995,17,0,BLUE,false,0,8,3,3,ARCHER:8;GOBLIN:2;GOLEM:2,ARCHER:8;GOBLIN:2;GOLEM:2
287,0,0,true,,,utility,curriculum_pass,3,75,81898298042,81898243095,53,0,,false,3,3,3,3,ASSASSIN:10;SPIDER:1,ASSASSIN:10;SPIDER:1
288,0,0,true,,,curriculum_pass,utility,3,75,81898298042,81898243095,62,0,,false,3,4,3,3,ASSASSIN:10;SPIDER:1,ASSASSIN:10;SPIDER:1
289,0,0,true,,,utility,curriculum_pass,3,75,81898305961,81898252036,48,0,,false,17,17,2,2,ARCHER:8;GOBLIN:9,ARCHER:8;GOBLIN:9
290,0,0,true,,,curriculum_pass,utility,3,75,81898305961,81898252036,58,0,,false,8,17,2,2,ARCHER:8;GOBLIN:9,ARCHER:8;GOBLIN:9
291,0,0,true,,,utility,curriculum_pass,3,75,81898313880,81898358325,14,0,GREEN,false,16,0,2,2,MAGE:4;SPIDER:15,MAGE:4;SPIDER:15
292,0,0,true,,,curriculum_pass,utility,3,75,81898313880,81898358325,27,0,BLUE,false,0,17,2,2,MAGE:4;SPIDER:15,MAGE:4;SPIDER:15
293,0,0,true,,,utility,curriculum_pass,3,75,81898321799,81898367274,48,0,,false,16,16,3,3,GOBLIN:10;GOLEM:1;MAGE:5,GOBLIN:10;GOLEM:1;MAGE:5
294,0,0,true,,,curriculum_pass,utility,3,75,81898321799,81898367274,70,0,,false,5,16,3,3,GOBLIN:10;GOLEM:1;MAGE:5,GOBLIN:10;GOLEM:1;MAGE:5
295,0,0,true,,,utility,curriculum_pass,3,75,81898329718,81898342619,44,0,GREEN,false,9,0,3,3,GARGOYLE:10;SPIDER:1,GARGOYLE:10;SPIDER:1
296,0,0,true,,,curriculum_pass,utility,3,75,81898329718,81898342619,53,0,BLUE,false,0,8,3,3,GARGOYLE:10;SPIDER:1,GARGOYLE:10;SPIDER:1
297,0,0,true,,,utility,curriculum_pass,3,75,81906217042,81906200319,10,0,GREEN,false,11,0,3,3,ASSASSIN:3;GOBLIN:1;MAGE:7,ASSASSIN:3;GOBLIN:1;MAGE:7
298,0,0,true,,,curriculum_pass,utility,3,75,81906217042,81906200319,9,0,BLUE,false,0,10,3,3,ASSASSIN:3;GOBLIN:1;MAGE:7,ASSASSIN:3;GOBLIN:1;MAGE:7
299,0,0,true,,,utility,curriculum_pass,3,75,81906224961,81906176492,59,0,,false,8,8,3,3,ASSASSIN:3;GOBLIN:2;SCORPION_RIDER:6,ASSASSIN:3;GOBLIN:2;SCORPION_RIDER:6
300,0,0,true,,,curriculum_pass,utility,3,75,81906224961,81906176492,19,0,BLUE,false,0,4,3,3,ASSASSIN:3;GOBLIN:2;SCORPION_RIDER:6,ASSASSIN:3;GOBLIN:2;SCORPION_RIDER:6
301,0,0,true,,,utility,curriculum_pass,3,75,81906232880,81906184349,6,0,GREEN,false,7,0,3,3,ASSASSIN:8;MAGE:2;SPIDER:1,ASSASSIN:8;MAGE:2;SPIDER:1
302,0,0,true,,,curriculum_pass,utility,3,75,81906232880,81906184349,9,0,BLUE,false,0,6,3,3,ASSASSIN:8;MAGE:2;SPIDER:1,ASSASSIN:8;MAGE:2;SPIDER:1
303,0,0,true,,,utility,curriculum_pass,3,75,81906240799,81906291634,116,0,GREEN,false,15,0,4,4,ASSASSIN:3;GARGOYLE:2;GOBLIN:12;SPIDER:1,ASSASSIN:3;GARGOYLE:2;GOBLIN:12;SPIDER:1
304,0,0,true,,,curriculum_pass,utility,3,75,81906240799,81906291634,13,0,BLUE,false,0,7,4,4,ASSASSIN:3;GARGOYLE:2;GOBLIN:12;SPIDER:1,ASSASSIN:3;GARGOYLE:2;GOBLIN:12;SPIDER:1
305,0,0,true,,,utility,curriculum_pass,3,75,81906248718,81906299555,32,0,GREEN,false,9,0,4,4,GARGOYLE:6;MAGE:4;SPIDER:1,GARGOYLE:6;MAGE:4;SPIDER:1
306,0,0,true,,,curriculum_pass,utility,3,75,81906248718,81906299555,201,0,,true,4,9,4,4,GARGOYLE:6;MAGE:4;SPIDER:1,GARGOYLE:6;MAGE:4;SPIDER:1
307,0,0,true,,,utility,curriculum_pass,3,75,81914136042,81914125127,10,0,GREEN,false,8,0,3,3,ASSASSIN:2;GOBLIN:1;MAGE:8,ASSASSIN:2;GOBLIN:1;MAGE:8
308,0,0,true,,,curriculum_pass,utility,3,75,81914136042,81914125127,56,0,,false,10,10,3,3,ASSASSIN:2;GOBLIN:1;MAGE:8,ASSASSIN:2;GOBLIN:1;MAGE:8
309,0,0,true,,,utility,curriculum_pass,3,75,81914143961,81914133108,48,0,,false,19,19,3,3,GARGOYLE:4;GOBLIN:1;SPIDER:14,GARGOYLE:4;GOBLIN:1;SPIDER:14
310,0,0,true,,,curriculum_pass,utility,3,75,81914143961,81914133108,58,0,,false,18,19,3,3,GARGOYLE:4;GOBLIN:1;SPIDER:14,GARGOYLE:4;GOBLIN:1;SPIDER:14
311,0,0,true,,,utility,curriculum_pass,3,75,81914151880,81914109285,12,0,GREEN,false,13,0,3,3,GOLEM:2;MAGE:1;SPIDER:16,GOLEM:2;MAGE:1;SPIDER:16
312,0,0,true,,,curriculum_pass,utility,3,75,81914151880,81914109285,48,0,,false,19,19,3,3,GOLEM:2;MAGE:1;SPIDER:16,GOLEM:2;MAGE:1;SPIDER:16
313,0,0,true,,,utility,curriculum_pass,3,75,81914159799,81914117146,48,0,,false,11,11,2,2,ARCHER:3;MAGE:8,ARCHER:3;MAGE:8
314,0,0,true,,,curriculum_pass,utility,3,75,81914159799,81914117146,48,0,,false,11,11,2,2,ARCHER:3;MAGE:8,ARCHER:3;MAGE:8
315,0,0,true,,,utility,curriculum_pass,3,75,81914167718,81914224395,59,0,,false,9,6,4,4,GARGOYLE:5;GOBLIN:1;MAGE:4;SCORPION_RIDER:1,GARGOYLE:5;GOBLIN:1;MAGE:4;SCORPION_RIDER:1
316,0,0,true,,,curriculum_pass,utility,3,75,81914167718,81914224395,48,0,,false,11,11,4,4,GARGOYLE:5;GOBLIN:1;MAGE:4;SCORPION_RIDER:1,GARGOYLE:5;GOBLIN:1;MAGE:4;SCORPION_RIDER:1
317,0,0,true,,,utility,curriculum_pass,3,75,81922055042,81922065711,16,0,GREEN,false,4,0,3,3,ARCHER:8;ASSASSIN:3;SPIDER:2,ARCHER:8;ASSASSIN:3;SPIDER:2
318,0,0,true,,,curriculum_pass,utility,3,75,81922055042,81922065711,9,0,BLUE,false,0,10,3,3,ARCHER:8;ASSASSIN:3;SPIDER:2,ARCHER:8;ASSASSIN:3;SPIDER:2
319,0,0,true,,,utility,curriculum_pass,3,75,81922062961,81922073820,69,0,,false,4,2,3,3,GOLEM:1;MAGE:8;SPIDER:3,GOLEM:1;MAGE:8;SPIDER:3
320,0,0,true,,,curriculum_pass,utility,3,75,81922062961,81922073820,48,0,,false,12,12,3,3,GOLEM:1;MAGE:8;SPIDER:3,GOLEM:1;MAGE:8;SPIDER:3
321,0,0,true,,,utility,curriculum_pass,3,75,81922070880,81922049997,48,0,,false,25,25,2,2,GOBLIN:10;SPIDER:15,GOBLIN:10;SPIDER:15
322,0,0,true,,,curriculum_pass,utility,3,75,81922070880,81922049997,48,0,,false,25,25,2,2,GOBLIN:10;SPIDER:15,GOBLIN:10;SPIDER:15
323,0,0,true,,,utility,curriculum_pass,3,75,81922078799,81922057954,18,0,GREEN,false,2,0,3,3,SCORPION_RIDER:9;SPIDER:1,SCORPION_RIDER:9;SPIDER:1
324,0,0,true,,,curriculum_pass,utility,3,75,81922078799,81922057954,21,0,BLUE,false,0,5,3,3,SCORPION_RIDER:9;SPIDER:1,SCORPION_RIDER:9;SPIDER:1
325,0,0,true,,,utility,curriculum_pass,3,75,81922086718,81922034067,48,0,,false,11,11,3,3,ARCHER:8;GARGOYLE:1;GOLEM:2,ARCHER:8;GARGOYLE:1;GOLEM:2
326,0,0,true,,,curriculum_pass,utility,3,75,81922086718,81922034067,119,0,BLUE,false,0,4,3,3,ARCHER:8;GARGOYLE:1;GOLEM:2,ARCHER:8;GARGOYLE:1;GOLEM:2
327,0,0,true,,,utility,curriculum_pass,3,75,81929974042,81930022839,16,0,GREEN,false,14,0,2,2,GARGOYLE:6;GOBLIN:11,GARGOYLE:6;GOBLIN:11
328,0,0,true,,,curriculum_pass,utility,3,75,81929974042,81930022839,48,0,,false,17,17,2,2,GARGOYLE:6;GOBLIN:11,GARGOYLE:6;GOBLIN:11
329,0,0,true,,,utility,curriculum_pass,3,75,81929981961,81929997988,48,0,,false,18,18,3,3,GOBLIN:2;GOLEM:3;SPIDER:13,GOBLIN:2;GOLEM:3;SPIDER:13
330,0,0,true,,,curriculum_pass,utility,3,75,81929981961,81929997988,48,0,,false,18,18,3,3,GOBLIN:2;GOLEM:3;SPIDER:13,GOBLIN:2;GOLEM:3;SPIDER:13
331,0,0,true,,,utility,curriculum_pass,3,75,81929989880,81930006613,55,0,,false,11,7,3,3,ASSASSIN:7;GARGOYLE:3;GOBLIN:1,ASSASSIN:7;GARGOYLE:3;GOBLIN:1
332,0,0,true,,,curriculum_pass,utility,3,75,81929989880,81930006613,60,0,,false,6,7,3,3,ASSASSIN:7;GARGOYLE:3;GOBLIN:1,ASSASSIN:7;GARGOYLE:3;GOBLIN:1
333,0,0,true,,,utility,curriculum_pass,3,75,81929997799,81929982794,63,0,,false,6,4,3,3,GOBLIN:1;GOLEM:4;SCORPION_RIDER:4,GOBLIN:1;GOLEM:4;SCORPION_RIDER:4
334,0,0,true,,,curriculum_pass,utility,3,75,81929997799,81929982794,48,0,,false,9,9,3,3,GOBLIN:1;GOLEM:4;SCORPION_RIDER:4,GOBLIN:1;GOLEM:4;SCORPION_RIDER:4
335,0,0,true,,,utility,curriculum_pass,3,75,81930005718,81929990779,48,0,,false,12,12,3,3,ARCHER:7;GOBLIN:1;MAGE:4,ARCHER:7;GOBLIN:1;MAGE:4
336,0,0,true,,,curriculum_pass,utility,3,75,81930005718,81929990779,13,0,BLUE,false,0,6,3,3,ARCHER:7;GOBLIN:1;MAGE:4,ARCHER:7;GOBLIN:1;MAGE:4
337,0,0,true,,,utility,curriculum_pass,3,75,396314274042,396314228311,14,0,GREEN,false,11,0,3,3,GOBLIN:12;MAGE:5;SPIDER:1,GOBLIN:12;MAGE:5;SPIDER:1
338,0,0,true,,,curriculum_pass,utility,3,75,396314274042,396314228311,48,0,,false,18,18,3,3,GOBLIN:12;MAGE:5;SPIDER:1,GOBLIN:12;MAGE:5;SPIDER:1
339,0,0,true,,,utility,curriculum_pass,3,75,396314281961,396314335556,48,0,,false,9,9,2,2,GARGOYLE:5;GOLEM:4,GARGOYLE:5;GOLEM:4
340,0,0,true,,,curriculum_pass,utility,3,75,396314281961,396314335556,48,0,,false,9,9,2,2,GARGOYLE:5;GOLEM:4,GARGOYLE:5;GOLEM:4
341,0,0,true,,,utility,curriculum_pass,3,75,396314289880,396314343541,48,0,,false,8,8,3,3,GOBLIN:1;GOLEM:7,GOBLIN:1;GOLEM:7
342,0,0,true,,,curriculum_pass,utility,3,75,396314289880,396314343541,35,0,BLUE,false,0,4,3,3,GOBLIN:1;GOLEM:7,GOBLIN:1;GOLEM:7
343,0,0,true,,,utility,curriculum_pass,3,75,396314297799,396314319722,61,0,,false,7,5,3,3,ASSASSIN:7;GARGOYLE:3;SPIDER:1,ASSASSIN:7;GARGOYLE:3;SPIDER:1
344,0,0,true,,,curriculum_pass,utility,3,75,396314297799,396314319722,13,0,BLUE,false,0,6,3,3,ASSASSIN:7;GARGOYLE:3;SPIDER:1,ASSASSIN:7;GARGOYLE:3;SPIDER:1
345,0,0,true,,,utility,curriculum_pass,3,75,396314305718,396314327579,20,0,GREEN,false,6,0,3,3,GOBLIN:1;GOLEM:4;SCORPION_RIDER:4,GOBLIN:1;GOLEM:4;SCORPION_RIDER:4
346,0,0,true,,,curriculum_pass,utility,3,75,396314305718,396314327579,17,0,BLUE,false,0,6,3,3,GOBLIN:1;GOLEM:4;SCORPION_RIDER:4,GOBLIN:1;GOLEM:4;SCORPION_RIDER:4
347,0,0,true,,,utility,curriculum_pass,3,75,82690198042,82690217143,22,0,GREEN,false,4,0,2,2,GOBLIN:11;MAGE:6,GOBLIN:11;MAGE:6
348,0,0,true,,,curriculum_pass,utility,3,75,82690198042,82690217143,21,0,BLUE,false,0,5,2,2,GOBLIN:11;MAGE:6,GOBLIN:11;MAGE:6
349,0,0,true,,,utility,curriculum_pass,3,75,82690205961,82690226084,14,0,GREEN,false,10,0,2,2,MAGE:7;SCORPION_RIDER:3,MAGE:7;SCORPION_RIDER:3
350,0,0,true,,,curriculum_pass,utility,3,75,82690205961,82690226084,64,0,,false,1,8,2,2,MAGE:7;SCORPION_RIDER:3,MAGE:7;SCORPION_RIDER:3
351,0,0,true,,,utility,curriculum_pass,3,75,82690213880,82690201941,12,0,GREEN,false,3,0,3,3,GOBLIN:1;SCORPION_RIDER:9,GOBLIN:1;SCORPION_RIDER:9
352,0,0,true,,,curriculum_pass,utility,3,75,82690213880,82690201941,58,0,,false,5,9,3,3,GOBLIN:1;SCORPION_RIDER:9,GOBLIN:1;SCORPION_RIDER:9
353,0,0,true,,,utility,curriculum_pass,3,75,82690221799,82690209866,99,0,,false,7,8,4,4,GARGOYLE:10;GOBLIN:1,GARGOYLE:10;GOBLIN:1
354,0,0,true,,,curriculum_pass,utility,3,75,82690221799,82690209866,58,0,,false,10,11,4,4,GARGOYLE:10;GOBLIN:1,GARGOYLE:10;GOBLIN:1
355,0,0,true,,,utility,curriculum_pass,3,75,82690229718,82690186107,48,0,,false,22,22,3,3,GOBLIN:21;GOLEM:1,GOBLIN:21;GOLEM:1
356,0,0,true,,,curriculum_pass,utility,3,75,82690229718,82690186107,48,0,,false,22,22,3,3,GOBLIN:21;GOLEM:1,GOBLIN:21;GOLEM:1
357,0,0,true,,,utility,curriculum_pass,3,75,82698117042,82698158367,14,0,GREEN,false,11,0,4,4,GOBLIN:1;MAGE:1;SCORPION_RIDER:2;SPIDER:16,GOBLIN:1;MAGE:1;SCORPION_RIDER:2;SPIDER:16
358,0,0,true,,,curriculum_pass,utility,3,75,82698117042,82698158367,13,0,BLUE,false,0,10,4,4,GOBLIN:1;MAGE:1;SCORPION_RIDER:2;SPIDER:16,GOBLIN:1;MAGE:1;SCORPION_RIDER:2;SPIDER:16
359,0,0,true,,,utility,curriculum_pass,3,75,82698124961,82698166284,8,0,GREEN,false,10,0,2,2,MAGE:5;SCORPION_RIDER:5,MAGE:5;SCORPION_RIDER:5
360,0,0,true,,,curriculum_pass,utility,3,75,82698124961,82698166284,33,0,BLUE,false,0,8,2,2,MAGE:5;SCORPION_RIDER:5,MAGE:5;SCORPION_RIDER:5
361,0,0,true,,,utility,curriculum_pass,3,75,82698132880,82698142525,12,0,GREEN,false,8,0,3,3,GARGOYLE:3;GOBLIN:2;SCORPION_RIDER:6,GARGOYLE:3;GOBLIN:2;SCORPION_RIDER:6
362,0,0,true,,,curriculum_pass,utility,3,75,82698132880,82698142525,11,0,BLUE,false,0,9,3,3,GARGOYLE:3;GOBLIN:2;SCORPION_RIDER:6,GARGOYLE:3;GOBLIN:2;SCORPION_RIDER:6
363,0,0,true,,,utility,curriculum_pass,3,75,82698140799,82698150610,16,0,BLUE,false,0,2,2,2,ASSASSIN:5;GOLEM:4,ASSASSIN:5;GOLEM:4
364,0,0,true,,,curriculum_pass,utility,3,75,82698140799,82698150610,52,0,,false,7,5,2,2,ASSASSIN:5;GOLEM:4,ASSASSIN:5;GOLEM:4
365,0,0,true,,,utility,curriculum_pass,3,75,82698148718,82698126787,16,0,GREEN,false,12,0,3,3,GOBLIN:2;SCORPION_RIDER:6;SPIDER:7,GOBLIN:2;SCORPION_RIDER:6;SPIDER:7
366,0,0,true,,,curriculum_pass,utility,3,75,82698148718,82698126787,64,0,,false,6,9,3,3,GOBLIN:2;SCORPION_RIDER:6;SPIDER:7,GOBLIN:2;SCORPION_RIDER:6;SPIDER:7
367,0,0,true,,,utility,curriculum_pass,3,75,82706036042,82705984487,20,0,GREEN,false,10,0,3,3,ASSASSIN:7;GARGOYLE:3;SPIDER:1,ASSASSIN:7;GARGOYLE:3;SPIDER:1
368,0,0,true,,,curriculum_pass,utility,3,75,82706036042,82705984487,23,0,BLUE,false,0,4,3,3,ASSASSIN:7;GARGOYLE:3;SPIDER:1,ASSASSIN:7;GARGOYLE:3;SPIDER:1
369,0,0,true,,,utility,curriculum_pass,3,75,82706043961,82706090644,30,0,GREEN,false,9,0,3,3,ARCHER:7;GOBLIN:10;SPIDER:1,ARCHER:7;GOBLIN:10;SPIDER:1
370,0,0,true,,,curriculum_pass,utility,3,75,82706043961,82706090644,19,0,BLUE,false,0,15,3,3,ARCHER:7;GOBLIN:10;SPIDER:1,ARCHER:7;GOBLIN:10;SPIDER:1
371,0,0,true,,,utility,curriculum_pass,3,75,82706051880,82706099589,22,0,GREEN,false,11,0,3,3,GARGOYLE:6;GOBLIN:1;MAGE:4,GARGOYLE:6;GOBLIN:1;MAGE:4
372,0,0,true,,,curriculum_pass,utility,3,75,82706051880,82706099589,58,0,,false,7,10,3,3,GARGOYLE:6;GOBLIN:1;MAGE:4,GARGOYLE:6;GOBLIN:1;MAGE:4
373,0,0,true,,,utility,curriculum_pass,3,75,82706059799,82706074810,48,0,,false,11,11,3,3,GARGOYLE:10;SPIDER:1,GARGOYLE:10;SPIDER:1
374,0,0,true,,,curriculum_pass,utility,3,75,82706059799,82706074810,66,0,,false,10,11,3,3,GARGOYLE:10;SPIDER:1,GARGOYLE:10;SPIDER:1
375,0,0,true,,,utility,curriculum_pass,3,75,82706067718,82706083755,48,0,,false,11,11,2,2,ARCHER:4;MAGE:7,ARCHER:4;MAGE:7
376,0,0,true,,,curriculum_pass,utility,3,75,82706067718,82706083755,48,0,,false,11,11,2,2,ARCHER:4;MAGE:7,ARCHER:4;MAGE:7
377,0,0,true,,,utility,curriculum_pass,3,75,82713955042,82713908303,14,0,GREEN,false,6,0,3,3,ASSASSIN:8;GOLEM:1;SPIDER:3,ASSASSIN:8;GOLEM:1;SPIDER:3
378,0,0,true,,,curriculum_pass,utility,3,75,82713955042,82713908303,13,0,BLUE,false,0,6,3,3,ASSASSIN:8;GOLEM:1;SPIDER:3,ASSASSIN:8;GOLEM:1;SPIDER:3
379,0,0,true,,,utility,curriculum_pass,3,75,82713962961,82713917308,12,0,GREEN,false,1,0,3,3,ASSASSIN:8;SCORPION_RIDER:2;SPIDER:1,ASSASSIN:8;SCORPION_RIDER:2;SPIDER:1
380,0,0,true,,,curriculum_pass,utility,3,75,82713962961,82713917308,11,0,BLUE,false,0,5,3,3,ASSASSIN:8;SCORPION_RIDER:2;SPIDER:1,ASSASSIN:8;SCORPION_RIDER:2;SPIDER:1
381,0,0,true,,,utility,curriculum_pass,3,75,82713970880,82714023533,48,0,,false,11,11,3,3,GARGOYLE:10;SPIDER:1,GARGOYLE:10;SPIDER:1
382,0,0,true,,,curriculum_pass,utility,3,75,82713970880,82714023533,48,0,,false,11,11,3,3,GARGOYLE:10;SPIDER:1,GARGOYLE:10;SPIDER:1
383,0,0,true,,,utility,curriculum_pass,3,75,82713978799,82714032386,8,0,GREEN,false,15,0,2,2,GOBLIN:8;MAGE:7,GOBLIN:8;MAGE:7
384,0,0,true,,,curriculum_pass,utility,3,75,82713978799,82714032386,11,0,BLUE,false,0,15,2,2,GOBLIN:8;MAGE:7,GOBLIN:8;MAGE:7
385,0,0,true,,,utility,curriculum_pass,3,75,82713986718,82714007603,8,0,GREEN,false,17,0,3,3,ARCHER:5;ASSASSIN:1;GOBLIN:12,ARCHER:5;ASSASSIN:1;GOBLIN:12
386,0,0,true,,,curriculum_pass,utility,3,75,82713986718,82714007603,19,0,BLUE,false,0,14,3,3,ARCHER:5;ASSASSIN:1;GOBLIN:12,ARCHER:5;ASSASSIN:1;GOBLIN:12
387,0,0,true,,,utility,curriculum_pass,3,75,82721874042,82721865431,12,0,GREEN,false,6,0,2,2,GARGOYLE:5;SCORPION_RIDER:5,GARGOYLE:5;SCORPION_RIDER:5
388,0,0,true,,,curriculum_pass,utility,3,75,82721874042,82721865431,142,0,,false,4,2,2,2,GARGOYLE:5;SCORPION_RIDER:5,GARGOYLE:5;SCORPION_RIDER:5
389,0,0,true,,,utility,curriculum_pass,3,75,82721881961,82721857988,48,0,,false,11,11,3,3,MAGE:10;SPIDER:1,MAGE:10;SPIDER:1
390,0,0,true,,,curriculum_pass,utility,3,75,82721881961,82721857988,62,0,,false,1,7,3,3,MAGE:10;SPIDER:1,MAGE:10;SPIDER:1
391,0,0,true,,,utility,curriculum_pass,3,75,82721889880,82721833205,12,0,GREEN,false,4,0,3,3,ASSASSIN:8;GOBLIN:3;GOLEM:1,ASSASSIN:8;GOBLIN:3;GOLEM:1
392,0,0,true,,,curriculum_pass,utility,3,75,82721889880,82721833205,17,0,BLUE,false,0,3,3,3,ASSASSIN:8;GOBLIN:3;GOLEM:1,ASSASSIN:8;GOBLIN:3;GOLEM:1
393,0,0,true,,,utility,curriculum_pass,3,75,82721897799,82721842154,16,0,GREEN,false,4,0,4,4,ASSASSIN:8;GARGOYLE:1;MAGE:1;SPIDER:1,ASSASSIN:8;GARGOYLE:1;MAGE:1;SPIDER:1
394,0,0,true,,,curriculum_pass,utility,3,75,82721897799,82721842154,17,0,BLUE,false,0,4,4,4,ASSASSIN:8;GARGOYLE:1;MAGE:1;SPIDER:1,ASSASSIN:8;GARGOYLE:1;MAGE:1;SPIDER:1
395,0,0,true,,,utility,curriculum_pass,3,75,82721905718,82721948315,10,0,GREEN,false,6,0,4,4,ASSASSIN:9;SCORPION_RIDER:1;SPIDER:1,ASSASSIN:9;SCORPION_RIDER:1;SPIDER:1
396,0,0,true,,,curriculum_pass,utility,3,75,82721905718,82721948315,17,0,BLUE,false,0,6,4,4,ASSASSIN:9;SCORPION_RIDER:1;SPIDER:1,ASSASSIN:9;SCORPION_RIDER:1;SPIDER:1
397,0,0,true,,,utility,curriculum_pass,3,75,396322193042,396322168895,16,0,GREEN,false,9,0,4,4,ARCHER:7;GOBLIN:1;MAGE:2;SCORPION_RIDER:2,ARCHER:7;GOBLIN:1;MAGE:2;SCORPION_RIDER:2
398,0,0,true,,,curriculum_pass,utility,3,75,396322193042,396322168895,68,0,,false,2,12,4,4,ARCHER:7;GOBLIN:1;MAGE:2;SCORPION_RIDER:2,ARCHER:7;GOBLIN:1;MAGE:2;SCORPION_RIDER:2
399,0,0,true,,,utility,curriculum_pass,3,75,396322200961,396322145068,48,0,,false,15,15,3,3,GOBLIN:1;GOLEM:4;SPIDER:10,GOBLIN:1;GOLEM:4;SPIDER:10
400,0,0,true,,,curriculum_pass,utility,3,75,396322200961,396322145068,48,0,,false,15,15,3,3,GOBLIN:1;GOLEM:4;SPIDER:10,GOBLIN:1;GOLEM:4;SPIDER:10
401,0,0,true,,,utility,curriculum_pass,3,75,396322208880,396322153181,48,0,,false,12,12,3,3,ARCHER:8;GOBLIN:2;GOLEM:2,ARCHER:8;GOBLIN:2;GOLEM:2
402,0,0,true,,,curriculum_pass,utility,3,75,396322208880,396322153181,48,0,,false,12,12,3,3,ARCHER:8;GOBLIN:2;GOLEM:2,ARCHER:8;GOBLIN:2;GOLEM:2
403,0,0,true,,,utility,curriculum_pass,3,75,396322216799,396322260466,48,0,,false,17,17,3,3,ARCHER:8;GOBLIN:9,ARCHER:8;GOBLIN:9
404,0,0,true,,,curriculum_pass,utility,3,75,396322216799,396322260466,62,0,,false,7,12,3,3,ARCHER:8;GOBLIN:9,ARCHER:8;GOBLIN:9
405,0,0,true,,,utility,curriculum_pass,3,75,396322224718,396322268387,65,0,,false,9,5,3,3,ARCHER:1;GARGOYLE:4;SCORPION_RIDER:5,ARCHER:1;GARGOYLE:4;SCORPION_RIDER:5
406,0,0,true,,,curriculum_pass,utility,3,75,396322224718,396322268387,60,0,,false,5,10,3,3,ARCHER:1;GARGOYLE:4;SCORPION_RIDER:5,ARCHER:1;GARGOYLE:4;SCORPION_RIDER:5
407,0,0,true,,,utility,curriculum_pass,3,75,83482098042,83482077143,48,0,,false,12,12,3,3,ARCHER:7;GOBLIN:1;MAGE:4,ARCHER:7;GOBLIN:1;MAGE:4
408,0,0,true,,,curriculum_pass,utility,3,75,83482098042,83482077143,48,0,,false,12,12,3,3,ARCHER:7;GOBLIN:1;MAGE:4,ARCHER:7;GOBLIN:1;MAGE:4
409,0,0,true,,,utility,curriculum_pass,3,75,83482105961,83482052292,48,0,,false,11,11,3,3,GARGOYLE:2;MAGE:8;SPIDER:1,GARGOYLE:2;MAGE:8;SPIDER:1
410,0,0,true,,,curriculum_pass,utility,3,75,83482105961,83482052292,48,0,,false,11,11,3,3,GARGOYLE:2;MAGE:8;SPIDER:1,GARGOYLE:2;MAGE:8;SPIDER:1
411,0,0,true,,,utility,curriculum_pass,3,75,83482113880,83482061301,30,0,GREEN,false,6,0,3,3,GOBLIN:1;GOLEM:7,GOBLIN:1;GOLEM:7
412,0,0,true,,,curriculum_pass,utility,3,75,83482113880,83482061301,48,0,,false,8,8,3,3,GOBLIN:1;GOLEM:7,GOBLIN:1;GOLEM:7
413,0,0,true,,,utility,curriculum_pass,3,75,83482121799,83482167530,99,0,,false,9,10,3,3,GARGOYLE:2;GOBLIN:1;MAGE:8,GARGOYLE:2;GOBLIN:1;MAGE:8
414,0,0,true,,,curriculum_pass,utility,3,75,83482121799,83482167530,15,0,BLUE,false,0,8,3,3,GARGOYLE:2;GOBLIN:1;MAGE:8,GARGOYLE:2;GOBLIN:1;MAGE:8
415,0,0,true,,,utility,curriculum_pass,3,75,83482129718,83482176411,26,0,GREEN,false,4,0,2,2,GOBLIN:11;GOLEM:4,GOBLIN:11;GOLEM:4
416,0,0,true,,,curriculum_pass,utility,3,75,83482129718,83482176411,48,0,,false,15,15,2,2,GOBLIN:11;GOLEM:4,GOBLIN:11;GOLEM:4
417,0,0,true,,,utility,curriculum_pass,3,75,83490017042,83490001343,59,0,,false,12,8,3,3,GOBLIN:21;GOLEM:1,GOBLIN:21;GOLEM:1
418,0,0,true,,,curriculum_pass,utility,3,75,83490017042,83490001343,17,0,BLUE,false,0,4,3,3,GOBLIN:21;GOLEM:1,GOBLIN:21;GOLEM:1
419,0,0,true,,,utility,curriculum_pass,3,75,83490024961,83490009260,57,0,,false,7,9,3,3,GOBLIN:1;GOLEM:4;SCORPION_RIDER:4,GOBLIN:1;GOLEM:4;SCORPION_RIDER:4
420,0,0,true,,,curriculum_pass,utility,3,75,83490024961,83490009260,62,0,,false,4,5,3,3,GOBLIN:1;GOLEM:4;SCORPION_RIDER:4,GOBLIN:1;GOLEM:4;SCORPION_RIDER:4
421,0,0,true,,,utility,curriculum_pass,3,75,83490032880,83489985117,48,0,,false,9,9,2,2,GOLEM:4;MAGE:5,GOLEM:4;MAGE:5
422,0,0,true,,,curriculum_pass,utility,3,75,83490032880,83489985117,60,0,,false,5,5,2,2,GOLEM:4;MAGE:5,GOLEM:4;MAGE:5
423,0,0,true,,,utility,curriculum_pass,3,75,83490040799,83489994098,61,0,,false,12,9,2,2,GOBLIN:11;GOLEM:4,GOBLIN:11;GOLEM:4
424,0,0,true,,,curriculum_pass,utility,3,75,83490040799,83489994098,48,0,,false,15,15,2,2,GOBLIN:11;GOLEM:4,GOBLIN:11;GOLEM:4
425,0,0,true,,,utility,curriculum_pass,3,75,83490048718,83490100323,16,0,GREEN,false,4,0,3,3,ASSASSIN:1;GOLEM:1;MAGE:8,ASSASSIN:1;GOLEM:1;MAGE:8
426,0,0,true,,,curriculum_pass,utility,3,75,83490048718,83490100323,19,0,BLUE,false,0,9,3,3,ASSASSIN:1;GOLEM:1;MAGE:8,ASSASSIN:1;GOLEM:1;MAGE:8
427,0,0,true,,,utility,curriculum_pass,3,75,83497936042,83497957895,91,0,,false,7,4,3,3,GARGOYLE:5;GOBLIN:1;MAGE:5,GARGOYLE:5;GOBLIN:1;MAGE:5
428,0,0,true,,,curriculum_pass,utility,3,75,83497936042,83497957895,21,0,BLUE,false,0,11,3,3,GARGOYLE:5;GOBLIN:1;MAGE:5,GARGOYLE:5;GOBLIN:1;MAGE:5
429,0,0,true,,,utility,curriculum_pass,3,75,83497943961,83497934132,12,0,GREEN,false,4,0,3,3,ASSASSIN:8;GOBLIN:1;MAGE:2,ASSASSIN:8;GOBLIN:1;MAGE:2
430,0,0,true,,,curriculum_pass,utility,3,75,83497943961,83497934132,13,0,BLUE,false,0,8,3,3,ASSASSIN:8;GOBLIN:1;MAGE:2,ASSASSIN:8;GOBLIN:1;MAGE:2
431,0,0,true,,,utility,curriculum_pass,3,75,83497951880,83497942053,12,0,GREEN,false,9,0,3,3,GOBLIN:2;MAGE:3;SCORPION_RIDER:6,GOBLIN:2;MAGE:3;SCORPION_RIDER:6
432,0,0,true,,,curriculum_pass,utility,3,75,83497951880,83497942053,68,0,,false,1,3,3,3,GOBLIN:2;MAGE:3;SCORPION_RIDER:6,GOBLIN:2;MAGE:3;SCORPION_RIDER:6
433,0,0,true,,,utility,curriculum_pass,3,75,83497959799,83497918426,48,0,,false,10,10,2,2,GARGOYLE:6;SCORPION_RIDER:4,GARGOYLE:6;SCORPION_RIDER:4
434,0,0,true,,,curriculum_pass,utility,3,75,83497959799,83497918426,48,0,,false,10,10,2,2,GARGOYLE:6;SCORPION_RIDER:4,GARGOYLE:6;SCORPION_RIDER:4
435,0,0,true,,,utility,curriculum_pass,3,75,83497967718,83497926347,14,0,GREEN,false,7,0,3,3,GARGOYLE:1;GOBLIN:22,GARGOYLE:1;GOBLIN:22
436,0,0,true,,,curriculum_pass,utility,3,75,83497967718,83497926347,48,0,,false,23,23,3,3,GARGOYLE:1;GOBLIN:22,GARGOYLE:1;GOBLIN:22
437,0,0,true,,,utility,curriculum_pass,3,75,83505855042,83505898735,18,0,GREEN,false,8,0,4,4,ARCHER:4;GOLEM:4;MAGE:1;SPIDER:1,ARCHER:4;GOLEM:4;MAGE:1;SPIDER:1
438,0,0,true,,,curriculum_pass,utility,3,75,83505855042,83505898735,53,0,BLUE,false,0,8,4,4,ARCHER:4;GOLEM:4;MAGE:1;SPIDER:1,ARCHER:4;GOLEM:4;MAGE:1;SPIDER:1
439,0,0,true,,,utility,curriculum_pass,3,75,83505862961,83505874844,8,0,GREEN,false,9,0,3,3,ARCHER:9;ASSASSIN:3,ARCHER:9;ASSASSIN:3
440,0,0,true,,,curriculum_pass,utility,3,75,83505862961,83505874844,13,0,BLUE,false,0,8,3,3,ARCHER:9;ASSASSIN:3,ARCHER:9;ASSASSIN:3
441,0,0,true,,,utility,curriculum_pass,3,75,83505870880,83505882765,139,0,,false,17,6,3,3,GARGOYLE:6;GOBLIN:10;SPIDER:1,GARGOYLE:6;GOBLIN:10;SPIDER:1
442,0,0,true,,,curriculum_pass,utility,3,75,83505870880,83505882765,48,0,,false,17,17,3,3,GARGOYLE:6;GOBLIN:10;SPIDER:1,GARGOYLE:6;GOBLIN:10;SPIDER:1
443,0,0,true,,,utility,curriculum_pass,3,75,83505878799,83505858978,20,0,GREEN,false,9,0,3,3,ARCHER:5;GARGOYLE:6;GOBLIN:1,ARCHER:5;GARGOYLE:6;GOBLIN:1
444,0,0,true,,,curriculum_pass,utility,3,75,83505878799,83505858978,15,0,BLUE,false,0,11,3,3,ARCHER:5;GARGOYLE:6;GOBLIN:1,ARCHER:5;GARGOYLE:6;GOBLIN:1
445,0,0,true,,,utility,curriculum_pass,3,75,83505886718,83505867603,48,0,,false,25,25,3,3,SPIDER:25,SPIDER:25
446,0,0,true,,,curriculum_pass,utility,3,75,83505886718,83505867603,48,0,,false,25,25,3,3,SPIDER:25,SPIDER:25
447,0,0,true,,,utility,curriculum_pass,3,75,83513774042,83513823607,22,0,GREEN,false,6,0,3,3,GOLEM:3;SPIDER:15,GOLEM:3;SPIDER:15
448,0,0,true,,,curriculum_pass,utility,3,75,83513774042,83513823607,21,0,BLUE,false,0,17,3,3,GOLEM:3;SPIDER:15,GOLEM:3;SPIDER:15
449,0,0,true,,,utility,curriculum_pass,3,75,83513781961,83513831524,18,0,GREEN,false,6,0,2,2,GOLEM:4;MAGE:5,GOLEM:4;MAGE:5
450,0,0,true,,,curriculum_pass,utility,3,75,83513781961,83513831524,17,0,BLUE,false,0,7,2,2,GOLEM:4;MAGE:5,GOLEM:4;MAGE:5
451,0,0,true,,,utility,curriculum_pass,3,75,83513789880,83513807637,36,0,GREEN,false,9,0,4,4,ARCHER:4;GOBLIN:1;GOLEM:4;SCORPION_RIDER:1,ARCHER:4;GOBLIN:1;GOLEM:4;SCORPION_RIDER:1
452,0,0,true,,,curriculum_pass,utility,3,75,83513789880,83513807637,29,0,BLUE,false,0,6,4,4,ARCHER:4;GOBLIN:1;GOLEM:4;SCORPION_RIDER:1,ARCHER:4;GOBLIN:1;GOLEM:4;SCORPION_RIDER:1
453,0,0,true,,,utility,curriculum_pass,3,75,83513797799,83513815562,59,0,,false,11,10,3,3,ASSASSIN:5;GOBLIN:10;SCORPION_RIDER:1,ASSASSIN:5;GOBLIN:10;SCORPION_RIDER:1
454,0,0,true,,,curriculum_pass,utility,3,75,83513797799,83513815562,60,0,,false,9,11,3,3,ASSASSIN:5;GOBLIN:10;SCORPION_RIDER:1,ASSASSIN:5;GOBLIN:10;SCORPION_RIDER:1
455,0,0,true,,,utility,curriculum_pass,3,75,83513805718,83513791803,20,0,GREEN,false,7,0,2,2,GOBLIN:6;MAGE:8,GOBLIN:6;MAGE:8
456,0,0,true,,,curriculum_pass,utility,3,75,83513805718,83513791803,62,0,,false,8,14,2,2,GOBLIN:6;MAGE:8,GOBLIN:6;MAGE:8
457,0,0,true,,,utility,curriculum_pass,3,75,396330112042,396330093191,8,0,GREEN,false,7,0,2,2,ARCHER:3;ASSASSIN:8,ARCHER:3;ASSASSIN:8
458,0,0,true,,,curriculum_pass,utility,3,75,396330112042,396330093191,9,0,BLUE,false,0,11,2,2,ARCHER:3;ASSASSIN:8,ARCHER:3;ASSASSIN:8
459,0,0,true,,,utility,curriculum_pass,3,75,396330119961,396330102196,8,0,GREEN,false,7,0,3,3,ASSASSIN:8;GOBLIN:1;MAGE:2,ASSASSIN:8;GOBLIN:1;MAGE:2
460,0,0,true,,,curriculum_pass,utility,3,75,396330119961,396330102196,9,0,BLUE,false,0,7,3,3,ASSASSIN:8;GOBLIN:1;MAGE:2,ASSASSIN:8;GOBLIN:1;MAGE:2
461,0,0,true,,,utility,curriculum_pass,3,75,396330127880,396330077349,12,0,GREEN,false,4,0,3,3,ASSASSIN:8;GOLEM:1;SCORPION_RIDER:1,ASSASSIN:8;GOLEM:1;SCORPION_RIDER:1
462,0,0,true,,,curriculum_pass,utility,3,75,396330127880,396330077349,78,0,,false,3,1,3,3,ASSASSIN:8;GOLEM:1;SCORPION_RIDER:1,ASSASSIN:8;GOLEM:1;SCORPION_RIDER:1
463,0,0,true,,,utility,curriculum_pass,3,75,396330135799,396330085978,48,0,,false,14,14,2,2,MAGE:8;SPIDER:6,MAGE:8;SPIDER:6
464,0,0,true,,,curriculum_pass,utility,3,75,396330135799,396330085978,15,0,BLUE,false,0,9,2,2,MAGE:8;SPIDER:6,MAGE:8;SPIDER:6
465,0,0,true,,,utility,curriculum_pass,3,75,396330143718,396330193227,48,0,,false,25,25,3,3,GOBLIN:11;SPIDER:14,GOBLIN:11;SPIDER:14
466,0,0,true,,,curriculum_pass,utility,3,75,396330143718,396330193227,15,0,BLUE,false,0,16,3,3,GOBLIN:11;SPIDER:14,GOBLIN:11;SPIDER:14
467,0,0,true,,,utility,curriculum_pass,3,75,84273998042,84274050679,10,0,GREEN,false,6,0,3,3,ASSASSIN:8;MAGE:2;SPIDER:1,ASSASSIN:8;MAGE:2;SPIDER:1
468,0,0,true,,,curriculum_pass,utility,3,75,84273998042,84274050679,9,0,BLUE,false,0,6,3,3,ASSASSIN:8;MAGE:2;SPIDER:1,ASSASSIN:8;MAGE:2;SPIDER:1
469,0,0,true,,,utility,curriculum_pass,3,75,84274005961,84274026852,26,0,GREEN,false,10,0,3,3,ARCHER:1;GARGOYLE:4;SCORPION_RIDER:5,ARCHER:1;GARGOYLE:4;SCORPION_RIDER:5
470,0,0,true,,,curriculum_pass,utility,3,75,84274005961,84274026852,48,0,,false,10,10,3,3,ARCHER:1;GARGOYLE:4;SCORPION_RIDER:5,ARCHER:1;GARGOYLE:4;SCORPION_RIDER:5
471,0,0,true,,,utility,curriculum_pass,3,75,84274013880,84274034709,69,0,,false,12,2,3,3,ARCHER:7;GOBLIN:10;SPIDER:1,ARCHER:7;GOBLIN:10;SPIDER:1
472,0,0,true,,,curriculum_pass,utility,3,75,84274013880,84274034709,48,0,,false,18,18,3,3,ARCHER:7;GOBLIN:10;SPIDER:1,ARCHER:7;GOBLIN:10;SPIDER:1
473,0,0,true,,,utility,curriculum_pass,3,75,84274021799,84274010890,48,0,,false,8,8,3,3,GOLEM:7;SPIDER:1,GOLEM:7;SPIDER:1
474,0,0,true,,,curriculum_pass,utility,3,75,84274021799,84274010890,48,0,,false,8,8,3,3,GOLEM:7;SPIDER:1,GOLEM:7;SPIDER:1
475,0,0,true,,,utility,curriculum_pass,3,75,84274029718,84274018875,65,0,,false,7,4,3,3,GOLEM:7;SPIDER:1,GOLEM:7;SPIDER:1
476,0,0,true,,,curriculum_pass,utility,3,75,84274029718,84274018875,48,0,,false,8,8,3,3,GOLEM:7;SPIDER:1,GOLEM:7;SPIDER:1
477,0,0,true,,,utility,curriculum_pass,3,75,84281917042,84281860319,59,0,,false,15,5,3,3,GOBLIN:1;SCORPION_RIDER:6;SPIDER:8,GOBLIN:1;SCORPION_RIDER:6;SPIDER:8
478,0,0,true,,,curriculum_pass,utility,3,75,84281917042,84281860319,69,0,BLUE,false,0,9,3,3,GOBLIN:1;SCORPION_RIDER:6;SPIDER:8,GOBLIN:1;SCORPION_RIDER:6;SPIDER:8
479,0,0,true,,,utility,curriculum_pass,3,75,84281924961,84281967564,14,0,GREEN,false,16,0,3,3,ARCHER:6;SPIDER:13,ARCHER:6;SPIDER:13
480,0,0,true,,,curriculum_pass,utility,3,75,84281924961,84281967564,54,0,,false,18,19,3,3,ARCHER:6;SPIDER:13,ARCHER:6;SPIDER:13
481,0,0,true,,,utility,curriculum_pass,3,75,84281932880,84281975549,61,0,,false,19,13,3,3,GOBLIN:1;SPIDER:24,GOBLIN:1;SPIDER:24
482,0,0,true,,,curriculum_pass,utility,3,75,84281932880,84281975549,48,0,,false,25,25,3,3,GOBLIN:1;SPIDER:24,GOBLIN:1;SPIDER:24
483,0,0,true,,,utility,curriculum_pass,3,75,84281940799,84281951634,12,0,GREEN,false,8,0,3,3,GARGOYLE:1;GOBLIN:9;SCORPION_RIDER:5,GARGOYLE:1;GOBLIN:9;SCORPION_RIDER:5
484,0,0,true,,,curriculum_pass,utility,3,75,84281940799,84281951634,11,0,BLUE,false,0,5,3,3,GARGOYLE:1;GOBLIN:9;SCORPION_RIDER:5,GARGOYLE:1;GOBLIN:9;SCORPION_RIDER:5
485,0,0,true,,,utility,curriculum_pass,3,75,84281948718,84281959555,48,0,,false,18,18,3,3,GARGOYLE:5;GOBLIN:12;SPIDER:1,GARGOYLE:5;GOBLIN:12;SPIDER:1
486,0,0,true,,,curriculum_pass,utility,3,75,84281948718,84281959555,57,0,BLUE,false,0,18,3,3,GARGOYLE:5;GOBLIN:12;SPIDER:1,GARGOYLE:5;GOBLIN:12;SPIDER:1
487,0,0,true,,,utility,curriculum_pass,3,75,84289836042,84289784487,48,0,,false,25,25,2,2,GOBLIN:12;SPIDER:13,GOBLIN:12;SPIDER:13
488,0,0,true,,,curriculum_pass,utility,3,75,84289836042,84289784487,48,0,,false,25,25,2,2,GOBLIN:12;SPIDER:13,GOBLIN:12;SPIDER:13
489,0,0,true,,,utility,curriculum_pass,3,75,84289843961,84289793108,22,0,GREEN,false,7,0,4,4,ARCHER:8;GOBLIN:1;GOLEM:2;SPIDER:1,ARCHER:8;GOBLIN:1;GOLEM:2;SPIDER:1
490,0,0,true,,,curriculum_pass,utility,3,75,84289843961,84289793108,25,0,BLUE,false,0,7,4,4,ARCHER:8;GOBLIN:1;GOLEM:2;SPIDER:1,ARCHER:8;GOBLIN:1;GOLEM:2;SPIDER:1
491,0,0,true,,,utility,curriculum_pass,3,75,84289851880,84289900357,6,0,GREEN,false,5,0,3,3,ASSASSIN:10;SPIDER:1,ASSASSIN:10;SPIDER:1
492,0,0,true,,,curriculum_pass,utility,3,75,84289851880,84289900357,7,0,BLUE,false,0,4,3,3,ASSASSIN:10;SPIDER:1,ASSASSIN:10;SPIDER:1
493,0,0,true,,,utility,curriculum_pass,3,75,84289859799,84289908346,22,0,GREEN,false,18,0,3,3,GOBLIN:14;SPIDER:11,GOBLIN:14;SPIDER:11
494,0,0,true,,,curriculum_pass,utility,3,75,84289859799,84289908346,15,0,BLUE,false,0,15,3,3,GOBLIN:14;SPIDER:11,GOBLIN:14;SPIDER:11
495,0,0,true,,,utility,curriculum_pass,3,75,84289867718,84289884523,12,0,GREEN,false,7,0,3,3,ARCHER:1;GARGOYLE:3;SCORPION_RIDER:6,ARCHER:1;GARGOYLE:3;SCORPION_RIDER:6
496,0,0,true,,,curriculum_pass,utility,3,75,84289867718,84289884523,13,0,BLUE,false,0,8,3,3,ARCHER:1;GARGOYLE:3;SCORPION_RIDER:6,ARCHER:1;GARGOYLE:3;SCORPION_RIDER:6
497,0,0,true,,,utility,curriculum_pass,3,75,84297755042,84297742095,18,0,GREEN,false,3,0,2,2,ARCHER:4;MAGE:7,ARCHER:4;MAGE:7
498,0,0,true,,,curriculum_pass,utility,3,75,84297755042,84297742095,17,0,BLUE,false,0,5,2,2,ARCHER:4;MAGE:7,ARCHER:4;MAGE:7
499,0,0,true,,,utility,curriculum_pass,3,75,84297762961,84297717308,10,0,GREEN,false,3,0,3,3,ASSASSIN:8;SCORPION_RIDER:2;SPIDER:1,ASSASSIN:8;SCORPION_RIDER:2;SPIDER:1
500,0,0,true,,,curriculum_pass,utility,3,75,84297762961,84297717308,9,0,BLUE,false,0,4,3,3,ASSASSIN:8;SCORPION_RIDER:2;SPIDER:1,ASSASSIN:8;SCORPION_RIDER:2;SPIDER:1
501,0,0,true,,,utility,curriculum_pass,3,75,84297770880,84297726253,6,0,GREEN,false,11,0,2,2,ARCHER:3;ASSASSIN:8,ARCHER:3;ASSASSIN:8
502,0,0,true,,,curriculum_pass,utility,3,75,84297770880,84297726253,7,0,BLUE,false,0,8,2,2,ARCHER:3;ASSASSIN:8,ARCHER:3;ASSASSIN:8
503,0,0,true,,,utility,curriculum_pass,3,75,84297778799,84297832642,8,0,GREEN,false,11,0,2,2,ARCHER:7;SCORPION_RIDER:4,ARCHER:7;SCORPION_RIDER:4
504,0,0,true,,,curriculum_pass,utility,3,75,84297778799,84297832642,25,0,BLUE,false,0,3,2,2,ARCHER:7;SCORPION_RIDER:4,ARCHER:7;SCORPION_RIDER:4
505,0,0,true,,,utility,curriculum_pass,3,75,84297786718,84297841651,14,0,GREEN,false,8,0,3,3,ARCHER:7;ASSASSIN:4;GOBLIN:1,ARCHER:7;ASSASSIN:4;GOBLIN:1
506,0,0,true,,,curriculum_pass,utility,3,75,84297786718,84297841651,11,0,BLUE,false,0,6,3,3,ARCHER:7;ASSASSIN:4;GOBLIN:1,ARCHER:7;ASSASSIN:4;GOBLIN:1
507,0,0,true,,,utility,curriculum_pass,3,75,84305674042,84305682839,48,0,,false,15,15,3,3,GOLEM:4;SPIDER:11,GOLEM:4;SPIDER:11
508,0,0,true,,,curriculum_pass,utility,3,75,84305674042,84305682839,62,0,,false,7,6,3,3,GOLEM:4;SPIDER:11,GOLEM:4;SPIDER:11
509,0,0,true,,,utility,curriculum_pass,3,75,84305681961,84305657988,18,0,GREEN,false,9,0,3,3,GARGOYLE:5;GOBLIN:13,GARGOYLE:5;GOBLIN:13
510,0,0,true,,,curriculum_pass,utility,3,75,84305681961,84305657988,77,0,BLUE,false,0,15,3,3,GARGOYLE:5;GOBLIN:13,GARGOYLE:5;GOBLIN:13
511,0,0,true,,,utility,curriculum_pass,3,75,84305689880,84305666997,18,0,GREEN,false,12,0,3,3,GARGOYLE:5;GOBLIN:10;SCORPION_RIDER:1,GARGOYLE:5;GOBLIN:10;SCORPION_RIDER:1
512,0,0,true,,,curriculum_pass,utility,3,75,84305689880,84305666997,19,0,BLUE,false,0,7,3,3,GARGOYLE:5;GOBLIN:10;SCORPION_RIDER:1,GARGOYLE:5;GOBLIN:10;SCORPION_RIDER:1
513,0,0,true,,,utility,curriculum_pass,3,75,84305697799,84305642154,8,0,GREEN,false,9,0,3,3,ASSASSIN:3;GOBLIN:1;MAGE:7,ASSASSIN:3;GOBLIN:1;MAGE:7
514,0,0,true,,,curriculum_pass,utility,3,75,84305697799,84305642154,9,0,BLUE,false,0,8,3,3,ASSASSIN:3;GOBLIN:1;MAGE:7,ASSASSIN:3;GOBLIN:1;MAGE:7
515,0,0,true,,,utility,curriculum_pass,3,75,84305705718,84305650779,14,0,GREEN,false,9,0,3,3,ARCHER:7;GARGOYLE:4;SPIDER:1,ARCHER:7;GARGOYLE:4;SPIDER:1
516,0,0,true,,,curriculum_pass,utility,3,75,84305705718,84305650779,17,0,BLUE,false,0,9,3,3,ARCHER:7;GARGOYLE:4;SPIDER:1,ARCHER:7;GARGOYLE:4;SPIDER:1
517,0,0,true,,,utility,curriculum_pass,3,75,396338031042,396338050927,18,0,GREEN,false,9,0,4,4,ASSASSIN:1;GARGOYLE:3;MAGE:6;SPIDER:1,ASSASSIN:1;GARGOYLE:3;MAGE:6;SPIDER:1
518,0,0,true,,,curriculum_pass,utility,3,75,396338031042,396338050927,19,0,BLUE,false,0,10,4,4,ASSASSIN:1;GARGOYLE:3;MAGE:6;SPIDER:1,ASSASSIN:1;GARGOYLE:3;MAGE:6;SPIDER:1
519,0,0,true,,,utility,curriculum_pass,3,75,396338038961,396338026012,8,0,GREEN,false,4,0,3,3,ASSASSIN:10;SPIDER:1,ASSASSIN:10;SPIDER:1
520,0,0,true,,,curriculum_pass,utility,3,75,396338038961,396338026012,13,0,BLUE,false,0,4,3,3,ASSASSIN:10;SPIDER:1,ASSASSIN:10;SPIDER:1
521,0,0,true,,,utility,curriculum_pass,3,75,396338046880,396338034957,48,0,,false,9,9,3,3,GARGOYLE:4;GOLEM:4;MAGE:1,GARGOYLE:4;GOLEM:4;MAGE:1
522,0,0,true,,,curriculum_pass,utility,3,75,396338046880,396338034957,48,0,,false,9,9,3,3,GARGOYLE:4;GOLEM:4;MAGE:1,GARGOYLE:4;GOLEM:4;MAGE:1
523,0,0,true,,,utility,curriculum_pass,3,75,396338054799,396338010146,14,0,GREEN,false,13,0,3,3,ARCHER:1;GOLEM:3;SPIDER:13,ARCHER:1;GOLEM:3;SPIDER:13
524,0,0,true,,,curriculum_pass,utility,3,75,396338054799,396338010146,27,0,BLUE,false,0,16,3,3,ARCHER:1;GOLEM:3;SPIDER:13,ARCHER:1;GOLEM:3;SPIDER:13
525,0,0,true,,,utility,curriculum_pass,3,75,396338062718,396338019283,57,0,,false,13,18,2,2,GARGOYLE:5;SPIDER:13,GARGOYLE:5;SPIDER:13
526,0,0,true,,,curriculum_pass,utility,3,75,396338062718,396338019283,94,0,,false,4,1,2,2,GARGOYLE:5;SPIDER:13,GARGOYLE:5;SPIDER:13
527,0,0,true,,,utility,curriculum_pass,3,75,85065898042,85065877143,26,0,GREEN,false,13,0,3,3,GOBLIN:1;GOLEM:4;SPIDER:10,GOBLIN:1;GOLEM:4;SPIDER:10
528,0,0,true,,,curriculum_pass,utility,3,75,85065898042,85065877143,48,0,,false,15,15,3,3,GOBLIN:1;GOLEM:4;SPIDER:10,GOBLIN:1;GOLEM:4;SPIDER:10
529,0,0,true,,,utility,curriculum_pass,3,75,85065905961,85065886084,14,0,GREEN,false,8,0,3,3,GOLEM:4;SCORPION_RIDER:4;SPIDER:1,GOLEM:4;SCORPION_RIDER:4;SPIDER:1
530,0,0,true,,,curriculum_pass,utility,3,75,85065905961,85065886084,64,0,,false,3,4,3,3,GOLEM:4;SCORPION_RIDER:4;SPIDER:1,GOLEM:4;SCORPION_RIDER:4;SPIDER:1
531,0,0,true,,,utility,curriculum_pass,3,75,85065913880,85065861301,12,0,GREEN,false,14,0,3,3,GOLEM:2;MAGE:1;SPIDER:16,GOLEM:2;MAGE:1;SPIDER:16
532,0,0,true,,,curriculum_pass,utility,3,75,85065913880,85065861301,62,0,,false,2,11,3,3,GOLEM:2;MAGE:1;SPIDER:16,GOLEM:2;MAGE:1;SPIDER:16
533,0,0,true,,,utility,curriculum_pass,3,75,85065921799,85065870250,63,0,,false,8,7,4,4,ARCHER:5;GARGOYLE:1;GOBLIN:12,ARCHER:5;GARGOYLE:1;GOBLIN:12
534,0,0,true,,,curriculum_pass,utility,3,75,85065921799,85065870250,48,0,,false,18,18,4,4,ARCHER:5;GARGOYLE:1;GOBLIN:12,ARCHER:5;GARGOYLE:1;GOBLIN:12
535,0,0,true,,,utility,curriculum_pass,3,75,85065929718,85065977179,12,0,GREEN,false,10,0,3,3,ARCHER:8;GOBLIN:1;SCORPION_RIDER:3,ARCHER:8;GOBLIN:1;SCORPION_RIDER:3
536,0,0,true,,,curriculum_pass,utility,3,75,85065929718,85065977179,11,0,BLUE,false,0,7,3,3,ARCHER:8;GOBLIN:1;SCORPION_RIDER:3,ARCHER:8;GOBLIN:1;SCORPION_RIDER:3
537,0,0,true,,,utility,curriculum_pass,3,75,85073817042,85073834879,63,0,,false,11,4,3,3,ARCHER:7;GARGOYLE:1;GOBLIN:8,ARCHER:7;GARGOYLE:1;GOBLIN:8
538,0,0,true,,,curriculum_pass,utility,3,75,85073817042,85073834879,66,0,,false,3,10,3,3,ARCHER:7;GARGOYLE:1;GOBLIN:8,ARCHER:7;GARGOYLE:1;GOBLIN:8
539,0,0,true,,,utility,curriculum_pass,3,75,85073824961,85073810028,14,0,GREEN,false,6,0,3,3,ASSASSIN:8;GOBLIN:6,ASSASSIN:8;GOBLIN:6
540,0,0,true,,,curriculum_pass,utility,3,75,85073824961,85073810028,13,0,BLUE,false,0,7,3,3,ASSASSIN:8;GOBLIN:6,ASSASSIN:8;GOBLIN:6
541,0,0,true,,,utility,curriculum_pass,3,75,85073832880,85073818909,48,0,GREEN,false,9,0,3,3,ARCHER:5;GARGOYLE:6;GOBLIN:1,ARCHER:5;GARGOYLE:6;GOBLIN:1
542,0,0,true,,,curriculum_pass,utility,3,75,85073832880,85073818909,31,0,BLUE,false,0,12,3,3,ARCHER:5;GARGOYLE:6;GOBLIN:1,ARCHER:5;GARGOYLE:6;GOBLIN:1
543,0,0,true,,,utility,curriculum_pass,3,75,85073840799,85073794098,100,0,GREEN,false,8,0,3,3,GOLEM:3;SCORPION_RIDER:5;SPIDER:1,GOLEM:3;SCORPION_RIDER:5;SPIDER:1
544,0,0,true,,,curriculum_pass,utility,3,75,85073840799,85073794098,64,0,,false,5,7,3,3,GOLEM:3;SCORPION_RIDER:5;SPIDER:1,GOLEM:3;SCORPION_RIDER:5;SPIDER:1
545,0,0,true,,,utility,curriculum_pass,3,75,85073848718,85073803043,81,0,,false,10,8,4,4,ASSASSIN:1;GARGOYLE:9;SPIDER:1,ASSASSIN:1;GARGOYLE:9;SPIDER:1
546,0,0,true,,,curriculum_pass,utility,3,75,85073848718,85073803043,47,0,BLUE,false,0,11,4,4,ASSASSIN:1;GARGOYLE:9;SPIDER:1,ASSASSIN:1;GARGOYLE:9;SPIDER:1
547,0,0,true,,,utility,curriculum_pass,3,75,85081736042,85081759175,48,0,,false,12,12,4,4,ARCHER:6;GARGOYLE:5;SPIDER:1,ARCHER:6;GARGOYLE:5;SPIDER:1
548,0,0,true,,,curriculum_pass,utility,3,75,85081736042,85081759175,39,0,BLUE,false,0,10,4,4,ARCHER:6;GARGOYLE:5;SPIDER:1,ARCHER:6;GARGOYLE:5;SPIDER:1
549,0,0,true,,,utility,curriculum_pass,3,75,85081743961,85081767156,57,0,,false,11,10,3,3,ARCHER:8;GOLEM:2;MAGE:1,ARCHER:8;GOLEM:2;MAGE:1
550,0,0,true,,,curriculum_pass,utility,3,75,85081743961,85081767156,13,0,BLUE,false,0,6,3,3,ARCHER:8;GOLEM:2;MAGE:1,ARCHER:8;GOLEM:2;MAGE:1
551,0,0,true,,,utility,curriculum_pass,3,75,85081751880,85081743333,10,0,GREEN,false,4,0,2,2,ARCHER:4;ASSASSIN:7,ARCHER:4;ASSASSIN:7
552,0,0,true,,,curriculum_pass,utility,3,75,85081751880,85081743333,7,0,BLUE,false,0,9,2,2,ARCHER:4;ASSASSIN:7,ARCHER:4;ASSASSIN:7
553,0,0,true,,,utility,curriculum_pass,3,75,85081759799,85081751194,48,0,,false,25,25,2,2,GOBLIN:12;SPIDER:13,GOBLIN:12;SPIDER:13
554,0,0,true,,,curriculum_pass,utility,3,75,85081759799,85081751194,48,0,,false,25,25,2,2,GOBLIN:12;SPIDER:13,GOBLIN:12;SPIDER:13
555,0,0,true,,,utility,curriculum_pass,3,75,85081767718,85081743755,61,0,,false,10,16,2,2,GARGOYLE:6;GOBLIN:11,GARGOYLE:6;GOBLIN:11
556,0,0,true,,,curriculum_pass,utility,3,75,85081767718,85081743755,100,0,,false,17,12,2,2,GARGOYLE:6;GOBLIN:11,GARGOYLE:6;GOBLIN:11
557,0,0,true,,,utility,curriculum_pass,3,75,85089655042,85089699759,61,0,,false,18,13,3,3,ARCHER:1;SCORPION_RIDER:3;SPIDER:15,ARCHER:1;SCORPION_RIDER:3;SPIDER:15
558,0,0,true,,,curriculum_pass,utility,3,75,85089655042,85089699759,48,0,,false,19,19,3,3,ARCHER:1;SCORPION_RIDER:3;SPIDER:15,ARCHER:1;SCORPION_RIDER:3;SPIDER:15
559,0,0,true,,,utility,curriculum_pass,3,75,85089662961,85089708380,48,0,,false,11,11,3,3,GARGOYLE:6;GOBLIN:1;MAGE:4,GARGOYLE:6;GOBLIN:1;MAGE:4
560,0,0,true,,,curriculum_pass,utility,3,75,85089662961,85089708380,25,0,BLUE,false,0,11,3,3,GARGOYLE:6;GOBLIN:1;MAGE:4,GARGOYLE:6;GOBLIN:1;MAGE:4
561,0,0,true,,,utility,curriculum_pass,3,75,85089670880,85089683533,10,0,GREEN,false,5,0,3,3,MAGE:10;SPIDER:1,MAGE:10;SPIDER:1
562,0,0,true,,,curriculum_pass,utility,3,75,85089670880,85089683533,19,0,BLUE,false,0,5,3,3,MAGE:10;SPIDER:1,MAGE:10;SPIDER:1
563,0,0,true,,,utility,curriculum_pass,3,75,85089678799,85089692514,36,0,GREEN,false,7,0,3,3,ARCHER:2;GARGOYLE:5;MAGE:4,ARCHER:2;GARGOYLE:5;MAGE:4
564,0,0,true,,,curriculum_pass,utility,3,75,85089678799,85089692514,111,0,BLUE,false,0,8,3,3,ARCHER:2;GARGOYLE:5;MAGE:4,ARCHER:2;GARGOYLE:5;MAGE:4
565,0,0,true,,,utility,curriculum_pass,3,75,85089686718,85089667603,10,0,GREEN,false,12,0,3,3,ASSASSIN:7;GOBLIN:1;SPIDER:7,ASSASSIN:7;GOBLIN:1;SPIDER:7
566,0,0,true,,,curriculum_pass,utility,3,75,85089686718,85089667603,17,0,BLUE,false,0,10,3,3,ASSASSIN:7;GOBLIN:1;SPIDER:7,ASSASSIN:7;GOBLIN:1;SPIDER:7
567,0,0,true,,,utility,curriculum_pass,3,75,85097574042,85097525303,48,0,,false,25,25,2,2,GOBLIN:11;SPIDER:14,GOBLIN:11;SPIDER:14
568,0,0,true,,,curriculum_pass,utility,3,75,85097574042,85097525303,48,0,,false,25,25,2,2,GOBLIN:11;SPIDER:14,GOBLIN:11;SPIDER:14
569,0,0,true,,,utility,curriculum_pass,3,75,85097581961,85097632548,59,0,,false,20,19,3,3,ASSASSIN:3;SPIDER:18,ASSASSIN:3;SPIDER:18
570,0,0,true,,,curriculum_pass,utility,3,75,85097581961,85097632548,21,0,BLUE,false,0,5,3,3,ASSASSIN:3;SPIDER:18,ASSASSIN:3;SPIDER:18
571,0,0,true,,,utility,curriculum_pass,3,75,85097589880,85097640661,18,0,GREEN,false,10,0,2,2,GARGOYLE:5;SCORPION_RIDER:5,GARGOYLE:5;SCORPION_RIDER:5
572,0,0,true,,,curriculum_pass,utility,3,75,85097589880,85097640661,62,0,,false,5,9,2,2,GARGOYLE:5;SCORPION_RIDER:5,GARGOYLE:5;SCORPION_RIDER:5
573,0,0,true,,,utility,curriculum_pass,3,75,85097597799,85097616842,48,0,,false,11,11,4,4,GARGOYLE:8;MAGE:2;SPIDER:1,GARGOYLE:8;MAGE:2;SPIDER:1
574,0,0,true,,,curriculum_pass,utility,3,75,85097597799,85097616842,86,0,,false,5,5,4,4,GARGOYLE:8;MAGE:2;SPIDER:1,GARGOYLE:8;MAGE:2;SPIDER:1
575,0,0,true,,,utility,curriculum_pass,3,75,85097605718,85097624827,10,0,GREEN,false,18,0,2,2,SCORPION_RIDER:4;SPIDER:14,SCORPION_RIDER:4;SPIDER:14
576,0,0,true,,,curriculum_pass,utility,3,75,85097605718,85097624827,48,0,,false,18,18,2,2,SCORPION_RIDER:4;SPIDER:14,SCORPION_RIDER:4;SPIDER:14
577,0,0,true,,,utility,curriculum_pass,3,75,396345950042,396345991671,61,0,,false,3,5,3,3,GOBLIN:1;MAGE:8;SCORPION_RIDER:2,GOBLIN:1;MAGE:8;SCORPION_RIDER:2
578,0,0,true,,,curriculum_pass,utility,3,75,396345950042,396345991671,48,0,,false,11,11,3,3,GOBLIN:1;MAGE:8;SCORPION_RIDER:2,GOBLIN:1;MAGE:8;SCORPION_RIDER:2
579,0,0,true,,,utility,curriculum_pass,3,75,396345957961,396345966820,63,0,,false,8,5,2,2,GARGOYLE:5;SCORPION_RIDER:5,GARGOYLE:5;SCORPION_RIDER:5
580,0,0,true,,,curriculum_pass,utility,3,75,396345957961,396345966820,48,0,,false,10,10,2,2,GARGOYLE:5;SCORPION_RIDER:5,GARGOYLE:5;SCORPION_RIDER:5
581,0,0,true,,,utility,curriculum_pass,3,75,396345965880,396345975701,48,0,,false,14,14,3,3,ARCHER:11;SPIDER:3,ARCHER:11;SPIDER:3
582,0,0,true,,,curriculum_pass,utility,3,75,396345965880,396345975701,48,0,,false,14,14,3,3,ARCHER:11;SPIDER:3,ARCHER:11;SPIDER:3
583,0,0,true,,,utility,curriculum_pass,3,75,396345973799,396345950858,48,0,,false,15,15,2,2,GOBLIN:11;GOLEM:4,GOBLIN:11;GOLEM:4
584,0,0,true,,,curriculum_pass,utility,3,75,396345973799,396345950858,48,0,,false,15,15,2,2,GOBLIN:11;GOLEM:4,GOBLIN:11;GOLEM:4
585,0,0,true,,,utility,curriculum_pass,3,75,396345981718,396345959867,6,0,GREEN,false,7,0,3,3,ASSASSIN:7;MAGE:3;SPIDER:1,ASSASSIN:7;MAGE:3;SPIDER:1
586,0,0,true,,,curriculum_pass,utility,3,75,396345981718,396345959867,9,0,BLUE,false,0,10,3,3,ASSASSIN:7;MAGE:3;SPIDER:1,ASSASSIN:7;MAGE:3;SPIDER:1
587,0,0,true,,,utility,curriculum_pass,3,75,85857798042,85857851703,48,0,,false,18,18,2,2,GARGOYLE:5;SPIDER:13,GARGOYLE:5;SPIDER:13
588,0,0,true,,,curriculum_pass,utility,3,75,85857798042,85857851703,48,0,,false,18,18,2,2,GARGOYLE:5;SPIDER:13,GARGOYLE:5;SPIDER:13
589,0,0,true,,,utility,curriculum_pass,3,75,85857805961,85857859620,59,0,,false,15,5,3,3,GOBLIN:11;SCORPION_RIDER:5,GOBLIN:11;SCORPION_RIDER:5
590,0,0,true,,,curriculum_pass,utility,3,75,85857805961,85857859620,64,0,,false,8,11,3,3,GOBLIN:11;SCORPION_RIDER:5,GOBLIN:11;SCORPION_RIDER:5
591,0,0,true,,,utility,curriculum_pass,3,75,85857813880,85857835989,48,0,,false,15,15,2,2,GOBLIN:11;GOLEM:4,GOBLIN:11;GOLEM:4
592,0,0,true,,,curriculum_pass,utility,3,75,85857813880,85857835989,58,0,,false,13,13,2,2,GOBLIN:11;GOLEM:4,GOBLIN:11;GOLEM:4
593,0,0,true,,,utility,curriculum_pass,3,75,85857821799,85857843914,59,0,,false,4,4,3,3,ARCHER:9;MAGE:3,ARCHER:9;MAGE:3
594,0,0,true,,,curriculum_pass,utility,3,75,85857821799,85857843914,15,0,BLUE,false,0,4,3,3,ARCHER:9;MAGE:3,ARCHER:9;MAGE:3
595,0,0,true,,,utility,curriculum_pass,3,75,85857829718,85857820155,20,0,GREEN,false,14,0,3,3,GOBLIN:11;SPIDER:14,GOBLIN:11;SPIDER:14
596,0,0,true,,,curriculum_pass,utility,3,75,85857829718,85857820155,17,0,BLUE,false,0,21,3,3,GOBLIN:11;SPIDER:14,GOBLIN:11;SPIDER:14
597,0,0,true,,,utility,curriculum_pass,3,75,85865717042,85865661343,12,0,GREEN,false,9,0,3,3,GARGOYLE:1;MAGE:4;SCORPION_RIDER:5,GARGOYLE:1;MAGE:4;SCORPION_RIDER:5
598,0,0,true,,,curriculum_pass,utility,3,75,85865717042,85865661343,9,0,BLUE,false,0,9,3,3,GARGOYLE:1;MAGE:4;SCORPION_RIDER:5,GARGOYLE:1;MAGE:4;SCORPION_RIDER:5
599,0,0,true,,,utility,curriculum_pass,3,75,85865724961,85865669260,38,0,GREEN,false,12,0,3,3,GOBLIN:11;MAGE:1;SPIDER:11,GOBLIN:11;MAGE:1;SPIDER:11
600,0,0,true,,,curriculum_pass,utility,3,75,85865724961,85865669260,29,0,BLUE,false,0,12,3,3,GOBLIN:11;MAGE:1;SPIDER:11,GOBLIN:11;MAGE:1;SPIDER:11
601,0,0,true,,,utility,curriculum_pass,3,75,85865732880,85865776573,51,0,,false,10,7,2,2,ASSASSIN:8;SPIDER:6,ASSASSIN:8;SPIDER:6
602,0,0,true,,,curriculum_pass,utility,3,75,85865732880,85865776573,58,0,,false,7,10,2,2,ASSASSIN:8;SPIDER:6,ASSASSIN:8;SPIDER:6
603,0,0,true,,,utility,curriculum_pass,3,75,85865740799,85865785170,8,0,GREEN,false,10,0,3,3,ARCHER:4;GOBLIN:1;SCORPION_RIDER:6,ARCHER:4;GOBLIN:1;SCORPION_RIDER:6
604,0,0,true,,,curriculum_pass,utility,3,75,85865740799,85865785170,48,0,,false,11,11,3,3,ARCHER:4;GOBLIN:1;SCORPION_RIDER:6,ARCHER:4;GOBLIN:1;SCORPION_RIDER:6
605,0,0,true,,,utility,curriculum_pass,3,75,85865748718,85865760323,8,0,GREEN,false,13,0,2,2,ARCHER:7;SPIDER:11,ARCHER:7;SPIDER:11
606,0,0,true,,,curriculum_pass,utility,3,75,85865748718,85865760323,15,0,BLUE,false,0,6,2,2,ARCHER:7;SPIDER:11,ARCHER:7;SPIDER:11
607,0,0,true,,,utility,curriculum_pass,3,75,85873636042,85873618023,56,0,GREEN,false,9,0,4,4,GARGOYLE:5;GOBLIN:1;MAGE:4;SCORPION_RIDER:1,GARGOYLE:5;GOBLIN:1;MAGE:4;SCORPION_RIDER:1
608,0,0,true,,,curriculum_pass,utility,3,75,85873636042,85873618023,62,0,,false,6,11,4,4,GARGOYLE:5;GOBLIN:1;MAGE:4;SCORPION_RIDER:1,GARGOYLE:5;GOBLIN:1;MAGE:4;SCORPION_RIDER:1
609,0,0,true,,,utility,curriculum_pass,3,75,85873643961,85873594132,48,0,,false,10,10,2,2,MAGE:7;SCORPION_RIDER:3,MAGE:7;SCORPION_RIDER:3
610,0,0,true,,,curriculum_pass,utility,3,75,85873643961,85873594132,9,0,BLUE,false,0,9,2,2,MAGE:7;SCORPION_RIDER:3,MAGE:7;SCORPION_RIDER:3
611,0,0,true,,,utility,curriculum_pass,3,75,85873651880,85873602053,12,0,GREEN,false,11,0,3,3,ASSASSIN:7;SPIDER:8,ASSASSIN:7;SPIDER:8
612,0,0,true,,,curriculum_pass,utility,3,75,85873651880,85873602053,58,0,,false,5,12,3,3,ASSASSIN:7;SPIDER:8,ASSASSIN:7;SPIDER:8
613,0,0,true,,,utility,curriculum_pass,3,75,85873659799,85873709370,48,0,,false,10,10,3,3,GARGOYLE:6;GOBLIN:1;GOLEM:3,GARGOYLE:6;GOBLIN:1;GOLEM:3
614,0,0,true,,,curriculum_pass,utility,3,75,85873659799,85873709370,94,0,,false,6,6,3,3,GARGOYLE:6;GOBLIN:1;GOLEM:3,GARGOYLE:6;GOBLIN:1;GOLEM:3
615,0,0,true,,,utility,curriculum_pass,3,75,85873667718,85873717291,135,0,,false,15,4,3,3,GOBLIN:10;GOLEM:4;SPIDER:1,GOBLIN:10;GOLEM:4;SPIDER:1
616,0,0,true,,,curriculum_pass,utility,3,75,85873667718,85873717291,27,0,BLUE,false,0,4,3,3,GOBLIN:10;GOLEM:4;SPIDER:1,GOBLIN:10;GOLEM:4;SPIDER:1
617,0,0,true,,,utility,curriculum_pass,3,75,85881555042,85881542351,48,0,,false,12,12,3,3,ARCHER:7;GOBLIN:1;MAGE:4,ARCHER:7;GOBLIN:1;MAGE:4
618,0,0,true,,,curriculum_pass,utility,3,75,85881555042,85881542351,11,0,BLUE,false,0,8,3,3,ARCHER:7;GOBLIN:1;MAGE:4,ARCHER:7;GOBLIN:1;MAGE:4
619,0,0,true,,,utility,curriculum_pass,3,75,85881562961,85881551356,14,0,GREEN,false,5,0,3,3,SCORPION_RIDER:9;SPIDER:1,SCORPION_RIDER:9;SPIDER:1
620,0,0,true,,,curriculum_pass,utility,3,75,85881562961,85881551356,19,0,BLUE,false,0,8,3,3,SCORPION_RIDER:9;SPIDER:1,SCORPION_RIDER:9;SPIDER:1
621,0,0,true,,,utility,curriculum_pass,3,75,85881570880,85881526509,143,0,,false,19,1,4,4,ARCHER:1;GOLEM:1;MAGE:2;SPIDER:15,ARCHER:1;GOLEM:1;MAGE:2;SPIDER:15
622,0,0,true,,,curriculum_pass,utility,3,75,85881570880,85881526509,48,0,,false,19,19,4,4,ARCHER:1;GOLEM:1;MAGE:2;SPIDER:15,ARCHER:1;GOLEM:1;MAGE:2;SPIDER:15
623,0,0,true,,,utility,curriculum_pass,3,75,85881578799,85881535362,89,0,,false,5,4,2,2,GARGOYLE:4;SPIDER:15,GARGOYLE:4;SPIDER:15
624,0,0,true,,,curriculum_pass,utility,3,75,85881578799,85881535362,60,0,,false,4,7,2,2,GARGOYLE:4;SPIDER:15,GARGOYLE:4;SPIDER:15
625,0,0,true,,,utility,curriculum_pass,3,75,85881586718,85881641651,12,0,GREEN,false,9,0,3,3,ASSASSIN:2;GOBLIN:1;MAGE:8,ASSASSIN:2;GOBLIN:1;MAGE:8
626,0,0,true,,,curriculum_pass,utility,3,75,85881586718,85881641651,11,0,BLUE,false,0,9,3,3,ASSASSIN:2;GOBLIN:1;MAGE:8,ASSASSIN:2;GOBLIN:1;MAGE:8
627,0,0,true,,,utility,curriculum_pass,3,75,85889474042,85889483607,48,0,,false,25,25,3,3,SPIDER:25,SPIDER:25
628,0,0,true,,,curriculum_pass,utility,3,75,85889474042,85889483607,48,0,,false,25,25,3,3,SPIDER:25,SPIDER:25
629,0,0,true,,,utility,curriculum_pass,3,75,85889481961,85889491524,55,0,,false,7,5,3,3,ASSASSIN:7;GOLEM:2;SPIDER:2,ASSASSIN:7;GOLEM:2;SPIDER:2
630,0,0,true,,,curriculum_pass,utility,3,75,85889481961,85889491524,60,0,,false,5,7,3,3,ASSASSIN:7;GOLEM:2;SPIDER:2,ASSASSIN:7;GOLEM:2;SPIDER:2
631,0,0,true,,,utility,curriculum_pass,3,75,85889489880,85889467765,14,0,GREEN,false,7,0,3,3,ARCHER:6;ASSASSIN:1;SCORPION_RIDER:4,ARCHER:6;ASSASSIN:1;SCORPION_RIDER:4
632,0,0,true,,,curriculum_pass,utility,3,75,85889489880,85889467765,17,0,BLUE,false,0,7,3,3,ARCHER:6;ASSASSIN:1;SCORPION_RIDER:4,ARCHER:6;ASSASSIN:1;SCORPION_RIDER:4
633,0,0,true,,,utility,curriculum_pass,3,75,85889497799,85889475690,16,0,GREEN,false,6,0,3,3,MAGE:3;SCORPION_RIDER:6;SPIDER:2,MAGE:3;SCORPION_RIDER:6;SPIDER:2
634,0,0,true,,,curriculum_pass,utility,3,75,85889497799,85889475690,112,0,,false,3,10,3,3,MAGE:3;SCORPION_RIDER:6;SPIDER:2,MAGE:3;SCORPION_RIDER:6;SPIDER:2
635,0,0,true,,,utility,curriculum_pass,3,75,85889505718,85889451803,48,0,,false,11,11,4,4,GARGOYLE:5;GOBLIN:1;MAGE:5,GARGOYLE:5;GOBLIN:1;MAGE:5
636,0,0,true,,,curriculum_pass,utility,3,75,85889505718,85889451803,56,0,,false,9,11,4,4,GARGOYLE:5;GOBLIN:1;MAGE:5,GARGOYLE:5;GOBLIN:1;MAGE:5
637,0,0,true,,,utility,curriculum_pass,3,75,396353869042,396353915487,48,0,,false,25,25,2,2,GOBLIN:11;SPIDER:14,GOBLIN:11;SPIDER:14
638,0,0,true,,,curriculum_pass,utility,3,75,396353869042,396353915487,48,0,,false,25,25,2,2,GOBLIN:11;SPIDER:14,GOBLIN:11;SPIDER:14
639,0,0,true,,,utility,curriculum_pass,3,75,396353876961,396353924428,10,0,GREEN,false,13,0,2,2,ASSASSIN:4;SPIDER:15,ASSASSIN:4;SPIDER:15
640,0,0,true,,,curriculum_pass,utility,3,75,396353876961,396353924428,54,0,,false,15,17,2,2,ASSASSIN:4;SPIDER:15,ASSASSIN:4;SPIDER:15
641,0,0,true,,,utility,curriculum_pass,3,75,396353884880,396353899645,73,0,,false,5,4,3,3,GOBLIN:1;GOLEM:7,GOBLIN:1;GOLEM:7
642,0,0,true,,,curriculum_pass,utility,3,75,396353884880,396353899645,48,0,,false,8,8,3,3,GOBLIN:1;GOLEM:7,GOBLIN:1;GOLEM:7
643,0,0,true,,,utility,curriculum_pass,3,75,396353892799,396353908498,50,0,GREEN,false,13,0,3,3,MAGE:1;SCORPION_RIDER:5;SPIDER:9,MAGE:1;SCORPION_RIDER:5;SPIDER:9
644,0,0,true,,,curriculum_pass,utility,3,75,396353892799,396353908498,23,0,BLUE,false,0,11,3,3,MAGE:1;SCORPION_RIDER:5;SPIDER:9,MAGE:1;SCORPION_RIDER:5;SPIDER:9
645,0,0,true,,,utility,curriculum_pass,3,75,396353900718,396353883651,62,0,GREEN,false,11,0,4,4,GARGOYLE:1;GOBLIN:12;SCORPION_RIDER:4,GARGOYLE:1;GOBLIN:12;SCORPION_RIDER:4
646,0,0,true,,,curriculum_pass,utility,3,75,396353900718,396353883651,62,0,,false,13,13,4,4,GARGOYLE:1;GOBLIN:12;SCORPION_RIDER:4,GARGOYLE:1;GOBLIN:12;SCORPION_RIDER:4
647,0,0,true,,,utility,curriculum_pass,3,75,86649698042,86649710679,67,0,,false,7,3,3,3,GOBLIN:2;GOLEM:4;MAGE:4,GOBLIN:2;GOLEM:4;MAGE:4
648,0,0,true,,,curriculum_pass,utility,3,75,86649698042,86649710679,21,0,BLUE,false,0,8,3,3,GOBLIN:2;GOLEM:4;MAGE:4,GOBLIN:2;GOLEM:4;MAGE:4
649,0,0,true,,,utility,curriculum_pass,3,75,86649705961,86649686852,14,0,GREEN,false,5,0,3,3,ASSASSIN:2;MAGE:8;SPIDER:1,ASSASSIN:2;MAGE:8;SPIDER:1
650,0,0,true,,,curriculum_pass,utility,3,75,86649705961,86649686852,11,0,BLUE,false,0,9,3,3,ASSASSIN:2;MAGE:8;SPIDER:1,ASSASSIN:2;MAGE:8;SPIDER:1
651,0,0,true,,,utility,curriculum_pass,3,75,86649713880,86649694837,55,0,,false,19,14,2,2,SPIDER:25,SPIDER:25
652,0,0,true,,,curriculum_pass,utility,3,75,86649713880,86649694837,21,0,BLUE,false,0,1,2,2,SPIDER:25,SPIDER:25
653,0,0,true,,,utility,curriculum_pass,3,75,86649721799,86649671018,8,0,GREEN,false,13,0,2,2,MAGE:4;SPIDER:15,MAGE:4;SPIDER:15
654,0,0,true,,,curriculum_pass,utility,3,75,86649721799,86649671018,11,0,BLUE,false,0,16,2,2,MAGE:4;SPIDER:15,MAGE:4;SPIDER:15
655,0,0,true,,,utility,curriculum_pass,3,75,86649729718,86649678875,55,0,,false,9,6,4,4,ASSASSIN:4;GARGOYLE:5;SCORPION_RIDER:1;SPIDER:1,ASSASSIN:4;GARGOYLE:5;SCORPION_RIDER:1;SPIDER:1
656,0,0,true,,,curriculum_pass,utility,3,75,86649729718,86649678875,62,0,,false,5,8,4,4,ASSASSIN:4;GARGOYLE:5;SCORPION_RIDER:1;SPIDER:1,ASSASSIN:4;GARGOYLE:5;SCORPION_RIDER:1;SPIDER:1
657,0,0,true,,,utility,curriculum_pass,3,75,86657617042,86657634879,48,0,,false,11,11,2,2,ARCHER:7;SCORPION_RIDER:4,ARCHER:7;SCORPION_RIDER:4
658,0,0,true,,,curriculum_pass,utility,3,75,86657617042,86657634879,48,0,,false,11,11,2,2,ARCHER:7;SCORPION_RIDER:4,ARCHER:7;SCORPION_RIDER:4
659,0,0,true,,,utility,curriculum_pass,3,75,86657624961,86657643820,10,0,GREEN,false,16,0,3,3,ARCHER:7;GOBLIN:11,ARCHER:7;GOBLIN:11
660,0,0,true,,,curriculum_pass,utility,3,75,86657624961,86657643820,11,0,BLUE,false,0,14,3,3,ARCHER:7;GOBLIN:11,ARCHER:7;GOBLIN:11
661,0,0,true,,,utility,curriculum_pass,3,75,86657632880,86657619165,54,0,GREEN,false,20,0,3,3,ARCHER:1;GOBLIN:12;SPIDER:11,ARCHER:1;GOBLIN:12;SPIDER:11
662,0,0,true,,,curriculum_pass,utility,3,75,86657632880,86657619165,31,0,BLUE,false,0,23,3,3,ARCHER:1;GOBLIN:12;SPIDER:11,ARCHER:1;GOBLIN:12;SPIDER:11
663,0,0,true,,,utility,curriculum_pass,3,75,86657640799,86657628146,12,0,GREEN,false,5,0,3,3,ASSASSIN:3;GOBLIN:2;SCORPION_RIDER:6,ASSASSIN:3;GOBLIN:2;SCORPION_RIDER:6
664,0,0,true,,,curriculum_pass,utility,3,75,86657640799,86657628146,11,0,BLUE,false,0,6,3,3,ASSASSIN:3;GOBLIN:2;SCORPION_RIDER:6,ASSASSIN:3;GOBLIN:2;SCORPION_RIDER:6
665,0,0,true,,,utility,curriculum_pass,3,75,86657648718,86657603299,14,0,GREEN,false,3,0,3,3,ASSASSIN:8;GARGOYLE:2;SPIDER:1,ASSASSIN:8;GARGOYLE:2;SPIDER:1
666,0,0,true,,,curriculum_pass,utility,3,75,86657648718,86657603299,56,0,,false,4,5,3,3,ASSASSIN:8;GARGOYLE:2;SPIDER:1,ASSASSIN:8;GARGOYLE:2;SPIDER:1
667,0,0,true,,,utility,curriculum_pass,3,75,86665536042,86665591943,48,0,,false,24,24,3,3,ARCHER:1;GOBLIN:8;SPIDER:15,ARCHER:1;GOBLIN:8;SPIDER:15
668,0,0,true,,,curriculum_pass,utility,3,75,86665536042,86665591943,112,0,,false,1,24,3,3,ARCHER:1;GOBLIN:8;SPIDER:15,ARCHER:1;GOBLIN:8;SPIDER:15
669,0,0,true,,,utility,curriculum_pass,3,75,86665543961,86665568180,10,0,GREEN,false,9,0,3,3,GOBLIN:13;MAGE:5,GOBLIN:13;MAGE:5
670,0,0,true,,,curriculum_pass,utility,3,75,86665543961,86665568180,11,0,BLUE,false,0,13,3,3,GOBLIN:13;MAGE:5,GOBLIN:13;MAGE:5
671,0,0,true,,,utility,curriculum_pass,3,75,86665551880,86665576101,59,0,,false,9,7,3,3,ASSASSIN:3;MAGE:7;SPIDER:1,ASSASSIN:3;MAGE:7;SPIDER:1
672,0,0,true,,,curriculum_pass,utility,3,75,86665551880,86665576101,9,0,BLUE,false,0,10,3,3,ASSASSIN:3;MAGE:7;SPIDER:1,ASSASSIN:3;MAGE:7;SPIDER:1
673,0,0,true,,,utility,curriculum_pass,3,75,86665559799,86665568346,57,0,,false,17,10,3,3,GOBLIN:2;SCORPION_RIDER:3;SPIDER:15,GOBLIN:2;SCORPION_RIDER:3;SPIDER:15
674,0,0,true,,,curriculum_pass,utility,3,75,86665559799,86665568346,23,0,BLUE,false,0,3,3,3,GOBLIN:2;SCORPION_RIDER:3;SPIDER:15,GOBLIN:2;SCORPION_RIDER:3;SPIDER:15
675,0,0,true,,,utility,curriculum_pass,3,75,86665567718,86665544523,18,0,GREEN,false,5,0,4,4,ASSASSIN:3;GOBLIN:4;SCORPION_RIDER:5,ASSASSIN:3;GOBLIN:4;SCORPION_RIDER:5
676,0,0,true,,,curriculum_pass,utility,3,75,86665567718,86665544523,60,0,,false,8,10,4,4,ASSASSIN:3;GOBLIN:4;SCORPION_RIDER:5,ASSASSIN:3;GOBLIN:4;SCORPION_RIDER:5
677,0,0,true,,,utility,curriculum_pass,3,75,86673455042,86673402223,14,0,GREEN,false,2,0,2,2,ASSASSIN:8;SPIDER:6,ASSASSIN:8;SPIDER:6
678,0,0,true,,,curriculum_pass,utility,3,75,86673455042,86673402223,52,0,,false,7,9,2,2,ASSASSIN:8;SPIDER:6,ASSASSIN:8;SPIDER:6
679,0,0,true,,,utility,curriculum_pass,3,75,86673462961,86673508380,110,0,GREEN,false,14,0,3,3,GOLEM:2;SPIDER:18,GOLEM:2;SPIDER:18
680,0,0,true,,,curriculum_pass,utility,3,75,86673462961,86673508380,23,0,BLUE,false,0,7,3,3,GOLEM:2;SPIDER:18,GOLEM:2;SPIDER:18
681,0,0,true,,,utility,curriculum_pass,3,75,86673470880,86673517325,16,0,GREEN,false,3,0,3,3,ARCHER:5;SCORPION_RIDER:5;SPIDER:1,ARCHER:5;SCORPION_RIDER:5;SPIDER:1
682,0,0,true,,,curriculum_pass,utility,3,75,86673470880,86673517325,56,0,,false,5,10,3,3,ARCHER:5;SCORPION_RIDER:5;SPIDER:1,ARCHER:5;SCORPION_RIDER:5;SPIDER:1
683,0,0,true,,,utility,curriculum_pass,3,75,86673478799,86673492514,71,0,,false,14,2,2,2,SCORPION_RIDER:4;SPIDER:14,SCORPION_RIDER:4;SPIDER:14
684,0,0,true,,,curriculum_pass,utility,3,75,86673478799,86673492514,11,0,BLUE,false,0,13,2,2,SCORPION_RIDER:4;SPIDER:14,SCORPION_RIDER:4;SPIDER:14
685,0,0,true,,,utility,curriculum_pass,3,75,86673486718,86673501651,10,0,GREEN,false,3,0,3,3,ASSASSIN:9;GOLEM:1,ASSASSIN:9;GOLEM:1
686,0,0,true,,,curriculum_pass,utility,3,75,86673486718,86673501651,64,0,,false,1,2,3,3,ASSASSIN:9;GOLEM:1,ASSASSIN:9;GOLEM:1
687,0,0,true,,,utility,curriculum_pass,3,75,86681374042,86681326583,73,0,,false,2,4,3,3,GARGOYLE:4;SPIDER:15,GARGOYLE:4;SPIDER:15
688,0,0,true,,,curriculum_pass,utility,3,75,86681374042,86681326583,48,0,,false,19,19,3,3,GARGOYLE:4;SPIDER:15,GARGOYLE:4;SPIDER:15
689,0,0,true,,,utility,curriculum_pass,3,75,86681381961,86681334500,57,0,,false,11,10,4,4,GARGOYLE:10;GOBLIN:1,GARGOYLE:10;GOBLIN:1
690,0,0,true,,,curriculum_pass,utility,3,75,86681381961,86681334500,75,0,BLUE,false,0,8,4,4,GARGOYLE:10;GOBLIN:1,GARGOYLE:10;GOBLIN:1
691,0,0,true,,,utility,curriculum_pass,3,75,86681389880,86681441685,12,0,GREEN,false,12,0,3,3,ARCHER:1;GOLEM:3;SPIDER:13,ARCHER:1;GOLEM:3;SPIDER:13
692,0,0,true,,,curriculum_pass,utility,3,75,86681389880,86681441685,41,0,BLUE,false,0,17,3,3,ARCHER:1;GOLEM:3;SPIDER:13,ARCHER:1;GOLEM:3;SPIDER:13
693,0,0,true,,,utility,curriculum_pass,3,75,86681397799,86681449610,10,0,GREEN,false,15,0,3,3,ARCHER:4;GARGOYLE:1;SPIDER:14,ARCHER:4;GARGOYLE:1;SPIDER:14
694,0,0,true,,,curriculum_pass,utility,3,75,86681397799,86681449610,13,0,BLUE,false,0,15,3,3,ARCHER:4;GARGOYLE:1;SPIDER:14,ARCHER:4;GARGOYLE:1;SPIDER:14
695,0,0,true,,,utility,curriculum_pass,3,75,86681405718,86681425851,63,0,,false,6,4,3,3,GOLEM:4;SCORPION_RIDER:4;SPIDER:1,GOLEM:4;SCORPION_RIDER:4;SPIDER:1
696,0,0,true,,,curriculum_pass,utility,3,75,86681405718,86681425851,48,0,,false,9,9,3,3,GOLEM:4;SCORPION_RIDER:4;SPIDER:1,GOLEM:4;SCORPION_RIDER:4;SPIDER:1
697,0,0,true,,,utility,curriculum_pass,3,75,8014028042,8014037927,10,0,GREEN,false,5,0,3,3,ASSASSIN:10;SPIDER:1,ASSASSIN:10;SPIDER:1
698,0,0,true,,,curriculum_pass,utility,3,75,8014028042,8014037927,15,0,BLUE,false,0,5,3,3,ASSASSIN:10;SPIDER:1,ASSASSIN:10;SPIDER:1
699,0,0,true,,,utility,curriculum_pass,3,75,8014035961,8014046548,14,0,GREEN,false,6,0,2,2,ASSASSIN:4;SPIDER:15,ASSASSIN:4;SPIDER:15
700,0,0,true,,,curriculum_pass,utility,3,75,8014035961,8014046548,54,0,,false,15,18,2,2,ASSASSIN:4;SPIDER:15,ASSASSIN:4;SPIDER:15
701,0,0,true,,,utility,utility,3,75,8148651042,8148636303,9,0,BLUE,false,0,13,2,3,GOLEM:3;SPIDER:15,ARCHER:4;GOBLIN:2;SPIDER:15
702,0,0,true,,,utility,utility,3,75,8148651042,8148636303,13,0,BLUE,false,0,19,2,3,GOLEM:3;SPIDER:15,ARCHER:4;GOBLIN:2;SPIDER:15
703,0,0,true,,,utility,utility,3,75,8148658961,8148645308,25,0,,false,2,4,3,4,ASSASSIN:8;MAGE:2;SPIDER:1,GARGOYLE:3;GOBLIN:2;GOLEM:4;SCORPION_RIDER:1
704,0,0,true,,,utility,utility,3,75,8148658961,8148645308,27,0,,false,3,4,3,4,ASSASSIN:8;MAGE:2;SPIDER:1,GARGOYLE:3;GOBLIN:2;GOLEM:4;SCORPION_RIDER:1
705,0,0,true,,,utility,utility,3,75,8283274042,8283252119,12,0,GREEN,false,14,0,3,2,ARCHER:1;SPIDER:23,GOLEM:4;MAGE:5
706,0,0,true,,,utility,utility,3,75,8283274042,8283252119,12,0,GREEN,false,10,0,3,2,ARCHER:1;SPIDER:23,GOLEM:4;MAGE:5
707,0,0,true,,,utility,utility,3,75,8283281961,8283227268,25,0,,false,1,10,3,2,ASSASSIN:8;SCORPION_RIDER:2;SPIDER:1,GOBLIN:9;SCORPION_RIDER:6
708,0,0,true,,,utility,utility,3,75,8283281961,8283227268,14,0,,false,3,14,3,2,ASSASSIN:8;SCORPION_RIDER:2;SPIDER:1,GOBLIN:9;SCORPION_RIDER:6
709,0,0,true,,,utility,utility,3,75,8417897042,8417850623,20,0,,false,14,9,2,3,GOBLIN:11;SPIDER:14,ASSASSIN:1;GOBLIN:9;GOLEM:4
710,0,0,true,,,utility,utility,3,75,8417897042,8417850623,20,0,,false,14,9,2,3,GOBLIN:11;SPIDER:14,ASSASSIN:1;GOBLIN:9;GOLEM:4
711,0,0,true,,,utility,utility,3,75,8417904961,8417957868,10,0,GREEN,false,3,0,3,3,GARGOYLE:3;MAGE:7;SPIDER:1,GOBLIN:1;MAGE:10
712,0,0,true,,,utility,utility,3,75,8417904961,8417957868,10,0,GREEN,false,3,0,3,3,GARGOYLE:3;MAGE:7;SPIDER:1,GOBLIN:1;MAGE:10
713,0,0,true,,,utility,curriculum_pass,3,75,396385545042,396385564159,61,0,,false,9,7,3,3,MAGE:10;SPIDER:1,MAGE:10;SPIDER:1
714,0,0,true,,,curriculum_pass,utility,3,75,396385545042,396385564159,60,0,,false,7,10,3,3,MAGE:10;SPIDER:1,MAGE:10;SPIDER:1
715,0,0,true,,,utility,curriculum_pass,3,75,396385552961,396385539308,16,0,GREEN,false,8,0,4,4,ARCHER:7;ASSASSIN:4;GOBLIN:1,ARCHER:7;ASSASSIN:4;GOBLIN:1
716,0,0,true,,,curriculum_pass,utility,3,75,396385552961,396385539308,56,0,,false,10,11,4,4,ARCHER:7;ASSASSIN:4;GOBLIN:1,ARCHER:7;ASSASSIN:4;GOBLIN:1
717,0,0,true,,,utility,curriculum_pass,3,75,396385560880,396385548189,48,0,,false,17,17,3,3,ARCHER:8;GOBLIN:9,ARCHER:8;GOBLIN:9
718,0,0,true,,,curriculum_pass,utility,3,75,396385560880,396385548189,15,0,BLUE,false,0,11,3,3,ARCHER:8;GOBLIN:9,ARCHER:8;GOBLIN:9
719,0,0,true,,,utility,curriculum_pass,3,75,396385568799,396385523378,48,0,,false,17,17,3,3,GARGOYLE:6;GOBLIN:11,GARGOYLE:6;GOBLIN:11
720,0,0,true,,,curriculum_pass,utility,3,75,396385568799,396385523378,48,0,,false,17,17,3,3,GARGOYLE:6;GOBLIN:11,GARGOYLE:6;GOBLIN:11
721,0,0,true,,,utility,curriculum_pass,3,75,396385576718,396385532323,48,0,,false,9,9,3,3,GOLEM:4;SCORPION_RIDER:4;SPIDER:1,GOLEM:4;SCORPION_RIDER:4;SPIDER:1
722,0,0,true,,,curriculum_pass,utility,3,75,396385576718,396385532323,60,0,,false,7,6,3,3,GOLEM:4;SCORPION_RIDER:4;SPIDER:1,GOLEM:4;SCORPION_RIDER:4;SPIDER:1
723,0,0,true,,,utility,curriculum_pass,3,75,89817298042,89817344727,48,0,,false,24,24,3,3,ARCHER:1;GOBLIN:11;SPIDER:12,ARCHER:1;GOBLIN:11;SPIDER:12
724,0,0,true,,,curriculum_pass,utility,3,75,89817298042,89817344727,48,0,,false,24,24,3,3,ARCHER:1;GOBLIN:11;SPIDER:12,ARCHER:1;GOBLIN:11;SPIDER:12
725,0,0,true,,,utility,curriculum_pass,3,75,89817305961,89817320900,61,0,,false,15,4,3,3,GOBLIN:2;GOLEM:4;SPIDER:9,GOBLIN:2;GOLEM:4;SPIDER:9
726,0,0,true,,,curriculum_pass,utility,3,75,89817305961,89817320900,23,0,BLUE,false,0,12,3,3,GOBLIN:2;GOLEM:4;SPIDER:9,GOBLIN:2;GOLEM:4;SPIDER:9
727,0,0,true,,,utility,curriculum_pass,3,75,89817313880,89817328885,12,0,GREEN,false,6,0,3,3,ARCHER:12;SPIDER:1,ARCHER:12;SPIDER:1
728,0,0,true,,,curriculum_pass,utility,3,75,89817313880,89817328885,68,0,,false,8,11,3,3,ARCHER:12;SPIDER:1,ARCHER:12;SPIDER:1
729,0,0,true,,,utility,curriculum_pass,3,75,89817321799,89817305066,51,0,,false,10,11,3,3,ASSASSIN:4;GARGOYLE:5;GOBLIN:4,ASSASSIN:4;GARGOYLE:5;GOBLIN:4
730,0,0,true,,,curriculum_pass,utility,3,75,89817321799,89817305066,54,0,,false,11,10,3,3,ASSASSIN:4;GARGOYLE:5;GOBLIN:4,ASSASSIN:4;GARGOYLE:5;GOBLIN:4
731,0,0,true,,,utility,curriculum_pass,3,75,89817329718,89817312923,50,0,GREEN,false,17,0,3,3,GARGOYLE:5;GOBLIN:11;SPIDER:2,GARGOYLE:5;GOBLIN:11;SPIDER:2
732,0,0,true,,,curriculum_pass,utility,3,75,89817329718,89817312923,48,0,,false,18,18,3,3,GARGOYLE:5;GOBLIN:11;SPIDER:2,GARGOYLE:5;GOBLIN:11;SPIDER:2
733,0,0,true,,,utility,curriculum_pass,3,75,89825217042,89825268927,6,0,GREEN,false,8,0,3,3,ASSASSIN:8;GOBLIN:1;MAGE:2,ASSASSIN:8;GOBLIN:1;MAGE:2
734,0,0,true,,,curriculum_pass,utility,3,75,89825217042,89825268927,7,0,BLUE,false,0,6,3,3,ASSASSIN:8;GOBLIN:1;MAGE:2,ASSASSIN:8;GOBLIN:1;MAGE:2
735,0,0,true,,,utility,curriculum_pass,3,75,89825224961,89825277868,10,0,GREEN,false,12,0,3,3,ARCHER:7;GOBLIN:11,ARCHER:7;GOBLIN:11
736,0,0,true,,,curriculum_pass,utility,3,75,89825224961,89825277868,9,0,BLUE,false,0,17,3,3,ARCHER:7;GOBLIN:11,ARCHER:7;GOBLIN:11
737,0,0,true,,,utility,curriculum_pass,3,75,89825232880,89825253725,18,0,GREEN,false,8,0,3,3,GARGOYLE:6;GOBLIN:11,GARGOYLE:6;GOBLIN:11
738,0,0,true,,,curriculum_pass,utility,3,75,89825232880,89825253725,23,0,BLUE,false,0,13,3,3,GARGOYLE:6;GOBLIN:11,GARGOYLE:6;GOBLIN:11
739,0,0,true,,,utility,curriculum_pass,3,75,89825240799,89825261682,48,0,,false,10,10,3,3,GARGOYLE:6;GOBLIN:1;GOLEM:3,GARGOYLE:6;GOBLIN:1;GOLEM:3
740,0,0,true,,,curriculum_pass,utility,3,75,89825240799,89825261682,62,0,,false,10,10,3,3,GARGOYLE:6;GOBLIN:1;GOLEM:3,GARGOYLE:6;GOBLIN:1;GOLEM:3
741,0,0,true,,,utility,curriculum_pass,3,75,89825248718,89825237859,8,0,GREEN,false,8,0,3,3,ARCHER:4;GOBLIN:1;SCORPION_RIDER:6,ARCHER:4;GOBLIN:1;SCORPION_RIDER:6
742,0,0,true,,,curriculum_pass,utility,3,75,89825248718,89825237859,66,0,,false,4,6,3,3,ARCHER:4;GOBLIN:1;SCORPION_RIDER:6,ARCHER:4;GOBLIN:1;SCORPION_RIDER:6
743,0,0,true,,,utility,curriculum_pass,3,75,89833136042,89833079047,12,0,GREEN,false,5,0,3,3,ASSASSIN:8;GOLEM:1;MAGE:1,ASSASSIN:8;GOLEM:1;MAGE:1
744,0,0,true,,,curriculum_pass,utility,3,75,89833136042,89833079047,15,0,BLUE,false,0,7,3,3,ASSASSIN:8;GOLEM:1;MAGE:1,ASSASSIN:8;GOLEM:1;MAGE:1
745,0,0,true,,,utility,curriculum_pass,3,75,89833143961,89833087028,12,0,GREEN,false,7,0,4,4,ASSASSIN:5;GARGOYLE:1;GOBLIN:11,ASSASSIN:5;GARGOYLE:1;GOBLIN:11
746,0,0,true,,,curriculum_pass,utility,3,75,89833143961,89833087028,13,0,BLUE,false,0,3,4,4,ASSASSIN:5;GARGOYLE:1;GOBLIN:11,ASSASSIN:5;GARGOYLE:1;GOBLIN:11
747,0,0,true,,,utility,curriculum_pass,3,75,89833151880,89833194277,12,0,GREEN,false,9,0,3,3,GOLEM:1;MAGE:8;SCORPION_RIDER:1,GOLEM:1;MAGE:8;SCORPION_RIDER:1
748,0,0,true,,,curriculum_pass,utility,3,75,89833151880,89833194277,15,0,BLUE,false,0,8,3,3,GOLEM:1;MAGE:8;SCORPION_RIDER:1,GOLEM:1;MAGE:8;SCORPION_RIDER:1
749,0,0,true,,,utility,curriculum_pass,3,75,89833159799,89833202394,48,0,,false,16,16,3,3,ARCHER:9;GOBLIN:7,ARCHER:9;GOBLIN:7
750,0,0,true,,,curriculum_pass,utility,3,75,89833159799,89833202394,11,0,BLUE,false,0,10,3,3,ARCHER:9;GOBLIN:7,ARCHER:9;GOBLIN:7
751,0,0,true,,,utility,curriculum_pass,3,75,89833167718,89833178571,14,0,GREEN,false,8,0,3,3,ASSASSIN:1;GOLEM:1;MAGE:8,ASSASSIN:1;GOLEM:1;MAGE:8
752,0,0,true,,,curriculum_pass,utility,3,75,89833167718,89833178571,21,0,BLUE,false,0,3,3,3,ASSASSIN:1;GOLEM:1;MAGE:8,ASSASSIN:1;GOLEM:1;MAGE:8
753,0,0,true,,,utility,curriculum_pass,3,75,89841055042,89841036271,30,0,GREEN,false,6,0,3,3,GOBLIN:1;GOLEM:3;SCORPION_RIDER:5,GOBLIN:1;GOLEM:3;SCORPION_RIDER:5
754,0,0,true,,,curriculum_pass,utility,3,75,89841055042,89841036271,62,0,,false,5,8,3,3,GOBLIN:1;GOLEM:3;SCORPION_RIDER:5,GOBLIN:1;GOLEM:3;SCORPION_RIDER:5
755,0,0,true,,,utility,curriculum_pass,3,75,89841062961,89841011356,48,0,,false,17,17,3,3,GARGOYLE:6;SPIDER:11,GARGOYLE:6;SPIDER:11
756,0,0,true,,,curriculum_pass,utility,3,75,89841062961,89841011356,80,0,,false,5,9,3,3,GARGOYLE:6;SPIDER:11,GARGOYLE:6;SPIDER:11
757,0,0,true,,,utility,curriculum_pass,3,75,89841070880,89841020301,34,0,GREEN,false,6,0,2,2,GARGOYLE:5;GOLEM:4,GARGOYLE:5;GOLEM:4
758,0,0,true,,,curriculum_pass,utility,3,75,89841070880,89841020301,48,0,,false,9,9,2,2,GARGOYLE:5;GOLEM:4,GARGOYLE:5;GOLEM:4
759,0,0,true,,,utility,curriculum_pass,3,75,89841078799,89841126562,20,0,GREEN,false,9,0,3,3,GARGOYLE:5;MAGE:5;SPIDER:1,GARGOYLE:5;MAGE:5;SPIDER:1
760,0,0,true,,,curriculum_pass,utility,3,75,89841078799,89841126562,23,0,BLUE,false,0,10,3,3,GARGOYLE:5;MAGE:5;SPIDER:1,GARGOYLE:5;MAGE:5;SPIDER:1
761,0,0,true,,,utility,curriculum_pass,3,75,89841086718,89841135187,48,0,,false,20,20,3,3,GOLEM:2;SPIDER:18,GOLEM:2;SPIDER:18
762,0,0,true,,,curriculum_pass,utility,3,75,89841086718,89841135187,17,0,BLUE,false,0,12,3,3,GOLEM:2;SPIDER:18,GOLEM:2;SPIDER:18
763,0,0,true,,,utility,curriculum_pass,3,75,89848974042,89848960119,10,0,GREEN,false,7,0,3,3,ARCHER:12;GOBLIN:1,ARCHER:12;GOBLIN:1
764,0,0,true,,,curriculum_pass,utility,3,75,89848974042,89848960119,17,0,GREEN,false,2,0,3,3,ARCHER:12;GOBLIN:1,ARCHER:12;GOBLIN:1
765,0,0,true,,,utility,curriculum_pass,3,75,89848981961,89848969060,48,0,,false,25,25,2,2,SPIDER:25,SPIDER:25
766,0,0,true,,,curriculum_pass,utility,3,75,89848981961,89848969060,48,0,,false,25,25,2,2,SPIDER:25,SPIDER:25
767,0,0,true,,,utility,curriculum_pass,3,75,89848989880,89848944149,48,0,,false,10,10,3,3,SCORPION_RIDER:9;SPIDER:1,SCORPION_RIDER:9;SPIDER:1
768,0,0,true,,,curriculum_pass,utility,3,75,89848989880,89848944149,93,0,BLUE,false,0,6,3,3,SCORPION_RIDER:9;SPIDER:1,SCORPION_RIDER:9;SPIDER:1
769,0,0,true,,,utility,curriculum_pass,3,75,89848997799,89848953098,26,0,GREEN,false,11,0,3,3,GOBLIN:8;SCORPION_RIDER:6;SPIDER:1,GOBLIN:8;SCORPION_RIDER:6;SPIDER:1
770,0,0,true,,,curriculum_pass,utility,3,75,89848997799,89848953098,21,0,BLUE,false,0,9,3,3,GOBLIN:8;SCORPION_RIDER:6;SPIDER:1,GOBLIN:8;SCORPION_RIDER:6;SPIDER:1
771,0,0,true,,,utility,curriculum_pass,3,75,89849005718,89849059387,48,0,,false,11,11,4,4,GARGOYLE:9;GOBLIN:1;MAGE:1,GARGOYLE:9;GOBLIN:1;MAGE:1
772,0,0,true,,,curriculum_pass,utility,3,75,89849005718,89849059387,92,0,,false,5,7,4,4,GARGOYLE:9;GOBLIN:1;MAGE:1,GARGOYLE:9;GOBLIN:1;MAGE:1
773,0,0,true,,,utility,curriculum_pass,3,75,396393464042,396393487943,20,0,GREEN,false,12,0,3,3,ARCHER:7;GOBLIN:11,ARCHER:7;GOBLIN:11
774,0,0,true,,,curriculum_pass,utility,3,75,396393464042,396393487943,48,0,,false,18,18,3,3,ARCHER:7;GOBLIN:11,ARCHER:7;GOBLIN:11
775,0,0,true,,,utility,curriculum_pass,3,75,396393471961,396393480564,14,0,GREEN,false,11,0,3,3,ARCHER:8;SPIDER:9,ARCHER:8;SPIDER:9
776,0,0,true,,,curriculum_pass,utility,3,75,396393471961,396393480564,15,0,BLUE,false,0,11,3,3,ARCHER:8;SPIDER:9,ARCHER:8;SPIDER:9
777,0,0,true,,,utility,curriculum_pass,3,75,396393479880,396393488485,14,0,GREEN,false,5,0,3,3,GOLEM:2;MAGE:1;SCORPION_RIDER:6,GOLEM:2;MAGE:1;SCORPION_RIDER:6
778,0,0,true,,,curriculum_pass,utility,3,75,396393479880,396393488485,21,0,BLUE,false,0,4,3,3,GOLEM:2;MAGE:1;SCORPION_RIDER:6,GOLEM:2;MAGE:1;SCORPION_RIDER:6
779,0,0,true,,,utility,curriculum_pass,3,75,396393487799,396393464602,18,0,GREEN,false,3,0,3,3,GOBLIN:22;SCORPION_RIDER:1,GOBLIN:22;SCORPION_RIDER:1
780,0,0,true,,,curriculum_pass,utility,3,75,396393487799,396393464602,48,0,,false,23,23,3,3,GOBLIN:22;SCORPION_RIDER:1,GOBLIN:22;SCORPION_RIDER:1
781,0,0,true,,,utility,curriculum_pass,3,75,396393495718,396393472523,66,0,GREEN,false,5,0,3,3,ARCHER:7;GOLEM:3;SPIDER:1,ARCHER:7;GOLEM:3;SPIDER:1
782,0,0,true,,,curriculum_pass,utility,3,75,396393495718,396393472523,58,0,,false,4,7,3,3,ARCHER:7;GOLEM:3;SPIDER:1,ARCHER:7;GOLEM:3;SPIDER:1
783,0,0,true,,,utility,curriculum_pass,3,75,90609198042,90609188215,57,0,,false,12,11,3,3,ARCHER:8;GOBLIN:1;SCORPION_RIDER:3,ARCHER:8;GOBLIN:1;SCORPION_RIDER:3
784,0,0,true,,,curriculum_pass,utility,3,75,90609198042,90609188215,48,0,,false,12,12,3,3,ARCHER:8;GOBLIN:1;SCORPION_RIDER:3,ARCHER:8;GOBLIN:1;SCORPION_RIDER:3
785,0,0,true,,,utility,curriculum_pass,3,75,90609205961,90609163364,65,0,,false,13,3,2,2,GOBLIN:12;SPIDER:13,GOBLIN:12;SPIDER:13
786,0,0,true,,,curriculum_pass,utility,3,75,90609205961,90609163364,48,0,,false,25,25,2,2,GOBLIN:12;SPIDER:13,GOBLIN:12;SPIDER:13
787,0,0,true,,,utility,curriculum_pass,3,75,90609213880,90609172245,22,0,GREEN,false,15,0,2,2,GOBLIN:11;MAGE:6,GOBLIN:11;MAGE:6
788,0,0,true,,,curriculum_pass,utility,3,75,90609213880,90609172245,48,0,,false,17,17,2,2,GOBLIN:11;MAGE:6,GOBLIN:11;MAGE:6
789,0,0,true,,,utility,curriculum_pass,3,75,90609221799,90609278474,48,0,,false,25,25,3,3,GOBLIN:1;SPIDER:24,GOBLIN:1;SPIDER:24
790,0,0,true,,,curriculum_pass,utility,3,75,90609221799,90609278474,66,0,,false,16,18,3,3,GOBLIN:1;SPIDER:24,GOBLIN:1;SPIDER:24
791,0,0,true,,,utility,curriculum_pass,3,75,90609229718,90609271099,18,0,GREEN,false,5,0,3,3,ASSASSIN:4;SPIDER:15,ASSASSIN:4;SPIDER:15
792,0,0,true,,,curriculum_pass,utility,3,75,90609229718,90609271099,88,0,,false,8,14,3,3,ASSASSIN:4;SPIDER:15,ASSASSIN:4;SPIDER:15
793,0,0,true,,,utility,curriculum_pass,3,75,90617117042,90617128927,10,0,GREEN,false,7,0,3,3,ARCHER:7;ASSASSIN:4;GOBLIN:1,ARCHER:7;ASSASSIN:4;GOBLIN:1
794,0,0,true,,,curriculum_pass,utility,3,75,90617117042,90617128927,11,0,BLUE,false,0,10,3,3,ARCHER:7;ASSASSIN:4;GOBLIN:1,ARCHER:7;ASSASSIN:4;GOBLIN:1
795,0,0,true,,,utility,curriculum_pass,3,75,90617124961,90617104076,57,0,,false,8,14,2,2,MAGE:8;SPIDER:6,MAGE:8;SPIDER:6
796,0,0,true,,,curriculum_pass,utility,3,75,90617124961,90617104076,54,0,,false,8,14,2,2,MAGE:8;SPIDER:6,MAGE:8;SPIDER:6
797,0,0,true,,,utility,curriculum_pass,3,75,90617132880,90617113085,6,0,GREEN,false,11,0,2,2,ASSASSIN:7;SPIDER:8,ASSASSIN:7;SPIDER:8
798,0,0,true,,,curriculum_pass,utility,3,75,90617132880,90617113085,11,0,BLUE,false,0,13,2,2,ASSASSIN:7;SPIDER:8,ASSASSIN:7;SPIDER:8
799,0,0,true,,,utility,curriculum_pass,3,75,90617140799,90617088146,57,0,,false,8,7,3,3,GOBLIN:1;GOLEM:7,GOBLIN:1;GOLEM:7
800,0,0,true,,,curriculum_pass,utility,3,75,90617140799,90617088146,64,0,,false,4,7,3,3,GOBLIN:1;GOLEM:7,GOBLIN:1;GOLEM:7
801,0,0,true,,,utility,curriculum_pass,3,75,90617148718,90617097091,170,0,GREEN,false,10,0,3,3,SCORPION_RIDER:9;SPIDER:1,SCORPION_RIDER:9;SPIDER:1
802,0,0,true,,,curriculum_pass,utility,3,75,90617148718,90617097091,64,0,,false,6,9,3,3,SCORPION_RIDER:9;SPIDER:1,SCORPION_RIDER:9;SPIDER:1
803,0,0,true,,,utility,curriculum_pass,3,75,90625036042,90625053095,75,0,,false,5,6,3,3,ASSASSIN:9;GOBLIN:4,ASSASSIN:9;GOBLIN:4
804,0,0,true,,,curriculum_pass,utility,3,75,90625036042,90625053095,11,0,BLUE,false,0,7,3,3,ASSASSIN:9;GOBLIN:4,ASSASSIN:9;GOBLIN:4
805,0,0,true,,,utility,curriculum_pass,3,75,90625043961,90625061716,14,0,GREEN,false,11,0,3,3,ASSASSIN:1;GARGOYLE:5;GOBLIN:11,ASSASSIN:1;GARGOYLE:5;GOBLIN:11
806,0,0,true,,,curriculum_pass,utility,3,75,90625043961,90625061716,23,0,BLUE,false,0,11,3,3,ASSASSIN:1;GARGOYLE:5;GOBLIN:11,ASSASSIN:1;GARGOYLE:5;GOBLIN:11
807,0,0,true,,,utility,curriculum_pass,3,75,90625051880,90625036869,14,0,GREEN,false,17,0,3,3,ARCHER:7;GOBLIN:11,ARCHER:7;GOBLIN:11
808,0,0,true,,,curriculum_pass,utility,3,75,90625051880,90625036869,11,0,BLUE,false,0,15,3,3,ARCHER:7;GOBLIN:11,ARCHER:7;GOBLIN:11
809,0,0,true,,,utility,curriculum_pass,3,75,90625059799,90625045882,48,0,,false,16,16,2,2,GOBLIN:11;SCORPION_RIDER:5,GOBLIN:11;SCORPION_RIDER:5
810,0,0,true,,,curriculum_pass,utility,3,75,90625059799,90625045882,48,0,,false,16,16,2,2,GOBLIN:11;SCORPION_RIDER:5,GOBLIN:11;SCORPION_RIDER:5
811,0,0,true,,,utility,curriculum_pass,3,75,90625067718,90625021035,10,0,GREEN,false,3,0,3,3,ARCHER:1;ASSASSIN:7;GOLEM:2,ARCHER:1;ASSASSIN:7;GOLEM:2
812,0,0,true,,,curriculum_pass,utility,3,75,90625067718,90625021035,13,0,BLUE,false,0,6,3,3,ARCHER:1;ASSASSIN:7;GOLEM:2,ARCHER:1;ASSASSIN:7;GOLEM:2
813,0,0,true,,,utility,curriculum_pass,3,75,90632955042,90633009679,59,0,,false,6,7,3,3,ASSASSIN:5;GARGOYLE:5;SPIDER:1,ASSASSIN:5;GARGOYLE:5;SPIDER:1
814,0,0,true,,,curriculum_pass,utility,3,75,90632955042,90633009679,60,0,,false,5,6,3,3,ASSASSIN:5;GARGOYLE:5;SPIDER:1,ASSASSIN:5;GARGOYLE:5;SPIDER:1
815,0,0,true,,,utility,curriculum_pass,3,75,90632962961,90632985916,12,0,GREEN,false,5,0,2,2,ARCHER:3;MAGE:8,ARCHER:3;MAGE:8
816,0,0,true,,,curriculum_pass,utility,3,75,90632962961,90632985916,62,0,,false,3,5,2,2,ARCHER:3;MAGE:8,ARCHER:3;MAGE:8
817,0,0,true,,,utility,curriculum_pass,3,75,90632970880,90632993837,55,0,,false,8,5,3,3,ASSASSIN:4;MAGE:1;SCORPION_RIDER:5,ASSASSIN:4;MAGE:1;SCORPION_RIDER:5
818,0,0,true,,,curriculum_pass,utility,3,75,90632970880,90632993837,9,0,BLUE,false,0,4,3,3,ASSASSIN:4;MAGE:1;SCORPION_RIDER:5,ASSASSIN:4;MAGE:1;SCORPION_RIDER:5
819,0,0,true,,,utility,curriculum_pass,3,75,90632978799,90632970178,48,0,,false,15,15,3,3,ARCHER:7;GARGOYLE:2;SPIDER:6,ARCHER:7;GARGOYLE:2;SPIDER:6
820,0,0,true,,,curriculum_pass,utility,3,75,90632978799,90632970178,56,0,,false,15,13,3,3,ARCHER:7;GARGOYLE:2;SPIDER:6,ARCHER:7;GARGOYLE:2;SPIDER:6
821,0,0,true,,,utility,curriculum_pass,3,75,90632986718,90632978163,48,0,,false,18,18,3,3,GARGOYLE:5;GOBLIN:10;SPIDER:3,GARGOYLE:5;GOBLIN:10;SPIDER:3
822,0,0,true,,,curriculum_pass,utility,3,75,90632986718,90632978163,48,0,,false,18,18,3,3,GARGOYLE:5;GOBLIN:10;SPIDER:3,GARGOYLE:5;GOBLIN:10;SPIDER:3
823,0,0,true,,,utility,curriculum_pass,3,75,90640874042,90640819351,16,0,GREEN,false,3,0,3,3,ASSASSIN:8;GOBLIN:1;SCORPION_RIDER:2,ASSASSIN:8;GOBLIN:1;SCORPION_RIDER:2
824,0,0,true,,,curriculum_pass,utility,3,75,90640874042,90640819351,54,0,,false,8,9,3,3,ASSASSIN:8;GOBLIN:1;SCORPION_RIDER:2,ASSASSIN:8;GOBLIN:1;SCORPION_RIDER:2
825,0,0,true,,,utility,curriculum_pass,3,75,90640881961,90640926596,48,0,,false,15,15,2,2,GOBLIN:11;GOLEM:4,GOBLIN:11;GOLEM:4
826,0,0,true,,,curriculum_pass,utility,3,75,90640881961,90640926596,48,0,,false,15,15,2,2,GOBLIN:11;GOLEM:4,GOBLIN:11;GOLEM:4
827,0,0,true,,,utility,curriculum_pass,3,75,90640889880,90640934581,12,0,GREEN,false,19,0,3,3,ARCHER:6;GOBLIN:13,ARCHER:6;GOBLIN:13
828,0,0,true,,,curriculum_pass,utility,3,75,90640889880,90640934581,17,0,BLUE,false,0,9,3,3,ARCHER:6;GOBLIN:13,ARCHER:6;GOBLIN:13
829,0,0,true,,,utility,curriculum_pass,3,75,90640897799,90640910762,16,0,GREEN,false,11,0,3,3,ARCHER:6;GARGOYLE:5;SPIDER:1,ARCHER:6;GARGOYLE:5;SPIDER:1
830,0,0,true,,,curriculum_pass,utility,3,75,90640897799,90640910762,21,0,BLUE,false,0,10,3,3,ARCHER:6;GARGOYLE:5;SPIDER:1,ARCHER:6;GARGOYLE:5;SPIDER:1
831,0,0,true,,,utility,curriculum_pass,3,75,90640905718,90640919387,104,0,GREEN,false,7,0,3,3,GOLEM:4;MAGE:5,GOLEM:4;MAGE:5
832,0,0,true,,,curriculum_pass,utility,3,75,90640905718,90640919387,58,0,,false,8,9,3,3,GOLEM:4;MAGE:5,GOLEM:4;MAGE:5
833,0,0,true,,,utility,curriculum_pass,3,75,396401383042,396401428527,12,0,GREEN,false,4,0,2,2,ASSASSIN:4;SPIDER:15,ASSASSIN:4;SPIDER:15
834,0,0,true,,,curriculum_pass,utility,3,75,396401383042,396401428527,9,0,BLUE,false,0,12,2,2,ASSASSIN:4;SPIDER:15,ASSASSIN:4;SPIDER:15
835,0,0,true,,,utility,curriculum_pass,3,75,396401390961,396401437660,48,0,,false,15,15,2,2,GOBLIN:11;GOLEM:4,GOBLIN:11;GOLEM:4
836,0,0,true,,,curriculum_pass,utility,3,75,396401390961,396401437660,66,0,,false,4,13,2,2,GOBLIN:11;GOLEM:4,GOBLIN:11;GOLEM:4
837,0,0,true,,,utility,curriculum_pass,3,75,396401398880,396401412813,20,0,GREEN,false,2,0,3,3,ASSASSIN:5;GOLEM:4,ASSASSIN:5;GOLEM:4
838,0,0,true,,,curriculum_pass,utility,3,75,396401398880,396401412813,52,0,,false,8,7,3,3,ASSASSIN:5;GOLEM:4,ASSASSIN:5;GOLEM:4
839,0,0,true,,,utility,curriculum_pass,3,75,396401406799,396401421794,48,0,,false,15,15,2,2,MAGE:7;SPIDER:8,MAGE:7;SPIDER:8
840,0,0,true,,,curriculum_pass,utility,3,75,396401406799,396401421794,19,0,BLUE,false,0,12,2,2,MAGE:7;SPIDER:8,MAGE:7;SPIDER:8
841,0,0,true,,,utility,curriculum_pass,3,75,396401414718,396401396883,10,0,GREEN,false,4,0,3,3,ASSASSIN:8;GOLEM:1;MAGE:1,ASSASSIN:8;GOLEM:1;MAGE:1
842,0,0,true,,,curriculum_pass,utility,3,75,396401414718,396401396883,15,0,BLUE,false,0,4,3,3,ASSASSIN:8;GOLEM:1;MAGE:1,ASSASSIN:8;GOLEM:1;MAGE:1
843,0,0,true,,,utility,curriculum_pass,3,75,91401098042,91401145751,18,0,GREEN,false,14,0,2,2,ARCHER:7;GOBLIN:11,ARCHER:7;GOBLIN:11
844,0,0,true,,,curriculum_pass,utility,3,75,91401098042,91401145751,19,0,BLUE,false,0,14,2,2,ARCHER:7;GOBLIN:11,ARCHER:7;GOBLIN:11
845,0,0,true,,,utility,curriculum_pass,3,75,91401105961,91401153668,48,0,,false,12,12,3,3,ARCHER:7;GARGOYLE:4;GOBLIN:1,ARCHER:7;GARGOYLE:4;GOBLIN:1
846,0,0,true,,,curriculum_pass,utility,3,75,91401105961,91401153668,25,0,BLUE,false,0,8,3,3,ARCHER:7;GARGOYLE:4;GOBLIN:1,ARCHER:7;GARGOYLE:4;GOBLIN:1
847,0,0,true,,,utility,curriculum_pass,3,75,91401113880,91401129909,8,0,GREEN,false,3,0,3,3,ASSASSIN:9;GOLEM:1,ASSASSIN:9;GOLEM:1
848,0,0,true,,,curriculum_pass,utility,3,75,91401113880,91401129909,58,0,,false,4,3,3,3,ASSASSIN:9;GOLEM:1,ASSASSIN:9;GOLEM:1
849,0,0,true,,,utility,curriculum_pass,3,75,91401121799,91401137834,57,0,,false,24,23,3,3,GOBLIN:13;SPIDER:12,GOBLIN:13;SPIDER:12
850,0,0,true,,,curriculum_pass,utility,3,75,91401121799,91401137834,13,0,BLUE,false,0,16,3,3,GOBLIN:13;SPIDER:12,GOBLIN:13;SPIDER:12
851,0,0,true,,,utility,curriculum_pass,3,75,91401129718,91401113691,12,0,GREEN,false,14,0,2,2,MAGE:7;SPIDER:8,MAGE:7;SPIDER:8
852,0,0,true,,,curriculum_pass,utility,3,75,91401129718,91401113691,17,0,BLUE,false,0,15,2,2,MAGE:7;SPIDER:8,MAGE:7;SPIDER:8
853,0,0,true,,,utility,curriculum_pass,3,75,91409017042,91408971391,8,0,GREEN,false,9,0,3,3,ARCHER:8;ASSASSIN:3;SPIDER:2,ARCHER:8;ASSASSIN:3;SPIDER:2
854,0,0,true,,,curriculum_pass,utility,3,75,91409017042,91408971391,58,0,,false,8,11,3,3,ARCHER:8;ASSASSIN:3;SPIDER:2,ARCHER:8;ASSASSIN:3;SPIDER:2
855,0,0,true,,,utility,curriculum_pass,3,75,91409024961,91409078636,8,0,GREEN,false,15,0,2,2,ARCHER:6;SPIDER:13,ARCHER:6;SPIDER:13
856,0,0,true,,,curriculum_pass,utility,3,75,91409024961,91409078636,11,0,BLUE,false,0,16,2,2,ARCHER:6;SPIDER:13,ARCHER:6;SPIDER:13
857,0,0,true,,,utility,curriculum_pass,3,75,91409032880,91409086493,48,0,,false,11,11,3,3,MAGE:10;SPIDER:1,MAGE:10;SPIDER:1
858,0,0,true,,,curriculum_pass,utility,3,75,91409032880,91409086493,48,0,,false,11,11,3,3,MAGE:10;SPIDER:1,MAGE:10;SPIDER:1
859,0,0,true,,,utility,curriculum_pass,3,75,91409040799,91409062706,32,0,GREEN,false,8,0,3,3,GARGOYLE:6;GOBLIN:10;SPIDER:1,GARGOYLE:6;GOBLIN:10;SPIDER:1
860,0,0,true,,,curriculum_pass,utility,3,75,91409040799,91409062706,95,0,BLUE,false,0,15,3,3,GARGOYLE:6;GOBLIN:10;SPIDER:1,GARGOYLE:6;GOBLIN:10;SPIDER:1
861,0,0,true,,,utility,curriculum_pass,3,75,91409048718,91409070627,59,0,,false,16,15,2,2,ASSASSIN:4;SPIDER:15,ASSASSIN:4;SPIDER:15
862,0,0,true,,,curriculum_pass,utility,3,75,91409048718,91409070627,60,0,,false,15,16,2,2,ASSASSIN:4;SPIDER:15,ASSASSIN:4;SPIDER:15
863,0,0,true,,,utility,curriculum_pass,3,75,91416936042,91416912071,14,0,GREEN,false,7,0,4,4,MAGE:1;SCORPION_RIDER:7;SPIDER:4,MAGE:1;SCORPION_RIDER:7;SPIDER:4
864,0,0,true,,,curriculum_pass,utility,3,75,91416936042,91416912071,13,0,BLUE,false,0,10,4,4,MAGE:1;SCORPION_RIDER:7;SPIDER:4,MAGE:1;SCORPION_RIDER:7;SPIDER:4
865,0,0,true,,,utility,curriculum_pass,3,75,91416943961,91416888308,48,0,,false,13,13,3,3,ARCHER:8;MAGE:3;SPIDER:2,ARCHER:8;MAGE:3;SPIDER:2
866,0,0,true,,,curriculum_pass,utility,3,75,91416943961,91416888308,62,0,,false,5,7,3,3,ARCHER:8;MAGE:3;SPIDER:2,ARCHER:8;MAGE:3;SPIDER:2
867,0,0,true,,,utility,curriculum_pass,3,75,91416951880,91416896229,61,0,,false,9,3,3,3,GOBLIN:9;SCORPION_RIDER:6,GOBLIN:9;SCORPION_RIDER:6
868,0,0,true,,,curriculum_pass,utility,3,75,91416951880,91416896229,17,0,BLUE,false,0,5,3,3,GOBLIN:9;SCORPION_RIDER:6,GOBLIN:9;SCORPION_RIDER:6
869,0,0,true,,,utility,curriculum_pass,3,75,91416959799,91417003418,12,0,GREEN,false,3,0,2,2,ARCHER:4;MAGE:7,ARCHER:4;MAGE:7
870,0,0,true,,,curriculum_pass,utility,3,75,91416959799,91417003418,13,0,BLUE,false,0,4,2,2,ARCHER:4;MAGE:7,ARCHER:4;MAGE:7
871,0,0,true,,,utility,curriculum_pass,3,75,91416967718,91417011339,14,0,GREEN,false,8,0,3,3,ARCHER:7;GOBLIN:1;GOLEM:3,ARCHER:7;GOBLIN:1;GOLEM:3
872,0,0,true,,,curriculum_pass,utility,3,75,91416967718,91417011339,15,0,BLUE,false,0,9,3,3,ARCHER:7;GOBLIN:1;GOLEM:3,ARCHER:7;GOBLIN:1;GOLEM:3
873,0,0,true,,,utility,curriculum_pass,3,75,91424855042,91424836271,18,0,GREEN,false,9,0,3,3,ARCHER:8;GOBLIN:2;MAGE:3,ARCHER:8;GOBLIN:2;MAGE:3
874,0,0,true,,,curriculum_pass,utility,3,75,91424855042,91424836271,48,0,,false,13,13,3,3,ARCHER:8;GOBLIN:2;MAGE:3,ARCHER:8;GOBLIN:2;MAGE:3
875,0,0,true,,,utility,curriculum_pass,3,75,91424862961,91424844892,59,0,,false,14,5,2,2,SCORPION_RIDER:5;SPIDER:11,SCORPION_RIDER:5;SPIDER:11
876,0,0,true,,,curriculum_pass,utility,3,75,91424862961,91424844892,64,0,,false,5,14,2,2,SCORPION_RIDER:5;SPIDER:11,SCORPION_RIDER:5;SPIDER:11
877,0,0,true,,,utility,curriculum_pass,3,75,91424870880,91424821069,48,0,,false,9,9,2,2,GARGOYLE:5;GOLEM:4,GARGOYLE:5;GOLEM:4
878,0,0,true,,,curriculum_pass,utility,3,75,91424870880,91424821069,19,0,BLUE,false,0,9,2,2,GARGOYLE:5;GOLEM:4,GARGOYLE:5;GOLEM:4
879,0,0,true,,,utility,curriculum_pass,3,75,91424878799,91424829026,6,0,GREEN,false,10,0,2,2,ARCHER:4;ASSASSIN:7,ARCHER:4;ASSASSIN:7
880,0,0,true,,,curriculum_pass,utility,3,75,91424878799,91424829026,9,0,BLUE,false,0,6,2,2,ARCHER:4;ASSASSIN:7,ARCHER:4;ASSASSIN:7
881,0,0,true,,,utility,curriculum_pass,3,75,91424886718,91424936211,53,0,,false,11,11,3,3,ASSASSIN:2;GOBLIN:1;MAGE:8,ASSASSIN:2;GOBLIN:1;MAGE:8
882,0,0,true,,,curriculum_pass,utility,3,75,91424886718,91424936211,11,0,BLUE,false,0,8,3,3,ASSASSIN:2;GOBLIN:1;MAGE:8,ASSASSIN:2;GOBLIN:1;MAGE:8
883,0,0,true,,,utility,curriculum_pass,3,75,91432774042,91432793911,48,0,,false,20,20,2,2,ARCHER:5;SPIDER:15,ARCHER:5;SPIDER:15
884,0,0,true,,,curriculum_pass,utility,3,75,91432774042,91432793911,17,0,BLUE,false,0,15,2,2,ARCHER:5;SPIDER:15,ARCHER:5;SPIDER:15
885,0,0,true,,,utility,curriculum_pass,3,75,91432781961,91432769060,48,0,,false,11,11,3,3,GARGOYLE:3;GOBLIN:1;MAGE:7,GARGOYLE:3;GOBLIN:1;MAGE:7
886,0,0,true,,,curriculum_pass,utility,3,75,91432781961,91432769060,48,0,,false,11,11,3,3,GARGOYLE:3;GOBLIN:1;MAGE:7,GARGOYLE:3;GOBLIN:1;MAGE:7
887,0,0,true,,,utility,curriculum_pass,3,75,91432789880,91432778197,10,0,GREEN,false,3,0,3,3,ARCHER:7;GOBLIN:1;MAGE:4,ARCHER:7;GOBLIN:1;MAGE:4
888,0,0,true,,,curriculum_pass,utility,3,75,91432789880,91432778197,64,0,,false,7,9,3,3,ARCHER:7;GOBLIN:1;MAGE:4,ARCHER:7;GOBLIN:1;MAGE:4
889,0,0,true,,,utility,curriculum_pass,3,75,91432797799,91432753354,24,0,GREEN,false,18,0,3,3,MAGE:4;SPIDER:15,MAGE:4;SPIDER:15
890,0,0,true,,,curriculum_pass,utility,3,75,91432797799,91432753354,13,0,BLUE,false,0,16,3,3,MAGE:4;SPIDER:15,MAGE:4;SPIDER:15
891,0,0,true,,,utility,curriculum_pass,3,75,91432805718,91432762363,14,0,GREEN,false,5,0,2,2,ARCHER:7;SCORPION_RIDER:4,ARCHER:7;SCORPION_RIDER:4
892,0,0,true,,,curriculum_pass,utility,3,75,91432805718,91432762363,7,0,BLUE,false,0,10,2,2,ARCHER:7;SCORPION_RIDER:4,ARCHER:7;SCORPION_RIDER:4
893,0,0,true,,,utility,curriculum_pass,3,75,396409302042,396409254583,48,0,,false,16,16,3,3,ARCHER:1;GARGOYLE:6;SPIDER:9,ARCHER:1;GARGOYLE:6;SPIDER:9
894,0,0,true,,,curriculum_pass,utility,3,75,396409302042,396409254583,29,0,BLUE,false,0,8,3,3,ARCHER:1;GARGOYLE:6;SPIDER:9,ARCHER:1;GARGOYLE:6;SPIDER:9
895,0,0,true,,,utility,curriculum_pass,3,75,396409309961,396409361828,18,0,GREEN,false,8,0,3,3,GOLEM:4;MAGE:4;SPIDER:2,GOLEM:4;MAGE:4;SPIDER:2
896,0,0,true,,,curriculum_pass,utility,3,75,396409309961,396409361828,58,0,,false,8,9,3,3,GOLEM:4;MAGE:4;SPIDER:2,GOLEM:4;MAGE:4;SPIDER:2
897,0,0,true,,,utility,curriculum_pass,3,75,396409317880,396409370453,55,0,,false,10,8,3,3,ASSASSIN:2;MAGE:8;SPIDER:1,ASSASSIN:2;MAGE:8;SPIDER:1
898,0,0,true,,,curriculum_pass,utility,3,75,396409317880,396409370453,56,0,,false,8,10,3,3,ASSASSIN:2;MAGE:8;SPIDER:1,ASSASSIN:2;MAGE:8;SPIDER:1
899,0,0,true,,,utility,curriculum_pass,3,75,396409325799,396409345610,53,0,,false,7,8,2,2,ASSASSIN:8;GOBLIN:6,ASSASSIN:8;GOBLIN:6
900,0,0,true,,,curriculum_pass,utility,3,75,396409325799,396409345610,11,0,BLUE,false,0,6,2,2,ASSASSIN:8;GOBLIN:6,ASSASSIN:8;GOBLIN:6
901,0,0,true,,,utility,curriculum_pass,3,75,396409333718,396409354619,57,0,,false,18,14,3,3,MAGE:4;SCORPION_RIDER:1;SPIDER:13,MAGE:4;SCORPION_RIDER:1;SPIDER:13
902,0,0,true,,,curriculum_pass,utility,3,75,396409333718,396409354619,60,0,,false,14,18,3,3,MAGE:4;SCORPION_RIDER:1;SPIDER:13,MAGE:4;SCORPION_RIDER:1;SPIDER:13
903,0,0,true,,,utility,curriculum_pass,3,75,92192998042,92192988215,48,0,,false,25,25,2,2,SPIDER:25,SPIDER:25
904,0,0,true,,,curriculum_pass,utility,3,75,92192998042,92192988215,48,0,,false,25,25,2,2,SPIDER:25,SPIDER:25
905,0,0,true,,,utility,curriculum_pass,3,75,92193005961,92192997156,67,0,,false,13,9,4,4,ARCHER:1;GOBLIN:12;SCORPION_RIDER:4,ARCHER:1;GOBLIN:12;SCORPION_RIDER:4
906,0,0,true,,,curriculum_pass,utility,3,75,92193005961,92192997156,62,0,,false,11,15,4,4,ARCHER:1;GOBLIN:12;SCORPION_RIDER:4,ARCHER:1;GOBLIN:12;SCORPION_RIDER:4
907,0,0,true,,,utility,curriculum_pass,3,75,92193013880,92192972501,12,0,GREEN,false,6,0,3,3,ASSASSIN:3;MAGE:7;SPIDER:1,ASSASSIN:3;MAGE:7;SPIDER:1
908,0,0,true,,,curriculum_pass,utility,3,75,92193013880,92192972501,13,0,BLUE,false,0,8,3,3,ASSASSIN:3;MAGE:7;SPIDER:1,ASSASSIN:3;MAGE:7;SPIDER:1
909,0,0,true,,,utility,curriculum_pass,3,75,92193021799,92192965066,57,0,,false,19,14,3,3,SCORPION_RIDER:3;SPIDER:17,SCORPION_RIDER:3;SPIDER:17
910,0,0,true,,,curriculum_pass,utility,3,75,92193021799,92192965066,11,0,BLUE,false,0,14,3,3,SCORPION_RIDER:3;SPIDER:17,SCORPION_RIDER:3;SPIDER:17
911,0,0,true,,,utility,curriculum_pass,3,75,92193029718,92192973051,48,0,,false,11,11,3,3,GOLEM:2;MAGE:7;SPIDER:2,GOLEM:2;MAGE:7;SPIDER:2
912,0,0,true,,,curriculum_pass,utility,3,75,92193029718,92192973051,25,0,BLUE,false,0,10,3,3,GOLEM:2;MAGE:7;SPIDER:2,GOLEM:2;MAGE:7;SPIDER:2
913,0,0,true,,,utility,curriculum_pass,3,75,92200917042,92200928927,63,0,,false,7,5,2,2,GARGOYLE:5;SCORPION_RIDER:5,GARGOYLE:5;SCORPION_RIDER:5
914,0,0,true,,,curriculum_pass,utility,3,75,92200917042,92200928927,17,0,BLUE,false,0,8,2,2,GARGOYLE:5;SCORPION_RIDER:5,GARGOYLE:5;SCORPION_RIDER:5
915,0,0,true,,,utility,curriculum_pass,3,75,92200924961,92200937868,67,0,,false,7,10,3,3,GOBLIN:12;GOLEM:3;SCORPION_RIDER:1,GOBLIN:12;GOLEM:3;SCORPION_RIDER:1
916,0,0,true,,,curriculum_pass,utility,3,75,92200924961,92200937868,37,0,BLUE,false,0,4,3,3,GOBLIN:12;GOLEM:3;SCORPION_RIDER:1,GOBLIN:12;GOLEM:3;SCORPION_RIDER:1
917,0,0,true,,,utility,curriculum_pass,3,75,92200932880,92200913085,16,0,GREEN,false,7,0,2,2,GOLEM:4;MAGE:5,GOLEM:4;MAGE:5
918,0,0,true,,,curriculum_pass,utility,3,75,92200932880,92200913085,48,0,,false,9,9,2,2,GOLEM:4;MAGE:5,GOLEM:4;MAGE:5
919,0,0,true,,,utility,curriculum_pass,3,75,92200940799,92200921682,28,0,GREEN,false,11,0,3,3,GARGOYLE:10;SPIDER:1,GARGOYLE:10;SPIDER:1
920,0,0,true,,,curriculum_pass,utility,3,75,92200940799,92200921682,31,0,BLUE,false,0,11,3,3,GARGOYLE:10;SPIDER:1,GARGOYLE:10;SPIDER:1
921,0,0,true,,,utility,curriculum_pass,3,75,92200948718,92200897859,61,0,,false,3,2,3,3,ASSASSIN:8;GOBLIN:1;SCORPION_RIDER:2,ASSASSIN:8;GOBLIN:1;SCORPION_RIDER:2
922,0,0,true,,,curriculum_pass,utility,3,75,92200948718,92200897859,58,0,,false,3,2,3,3,ASSASSIN:8;GOBLIN:1;SCORPION_RIDER:2,ASSASSIN:8;GOBLIN:1;SCORPION_RIDER:2
923,0,0,true,,,utility,curriculum_pass,3,75,92208836042,92208886631,10,0,GREEN,false,16,0,3,3,ARCHER:6;GOBLIN:10;MAGE:1,ARCHER:6;GOBLIN:10;MAGE:1
924,0,0,true,,,curriculum_pass,utility,3,75,92208836042,92208886631,9,0,BLUE,false,0,17,3,3,ARCHER:6;GOBLIN:10;MAGE:1,ARCHER:6;GOBLIN:10;MAGE:1
925,0,0,true,,,utility,curriculum_pass,3,75,92208843961,92208861716,61,0,,false,6,4,3,3,ASSASSIN:1;GOBLIN:12;SCORPION_RIDER:4,ASSASSIN:1;GOBLIN:12;SCORPION_RIDER:4
926,0,0,true,,,curriculum_pass,utility,3,75,92208843961,92208861716,56,0,,false,16,17,3,3,ASSASSIN:1;GOBLIN:12;SCORPION_RIDER:4,ASSASSIN:1;GOBLIN:12;SCORPION_RIDER:4
927,0,0,true,,,utility,curriculum_pass,3,75,92208851880,92208870661,10,0,GREEN,false,10,0,2,2,MAGE:7;SCORPION_RIDER:3,MAGE:7;SCORPION_RIDER:3
928,0,0,true,,,curriculum_pass,utility,3,75,92208851880,92208870661,7,0,BLUE,false,0,10,2,2,MAGE:7;SCORPION_RIDER:3,MAGE:7;SCORPION_RIDER:3
929,0,0,true,,,utility,curriculum_pass,3,75,92208859799,92208845882,59,0,,false,5,5,3,3,ARCHER:9;MAGE:3,ARCHER:9;MAGE:3
930,0,0,true,,,curriculum_pass,utility,3,75,92208859799,92208845882,19,0,BLUE,false,0,2,3,3,ARCHER:9;MAGE:3,ARCHER:9;MAGE:3
931,0,0,true,,,utility,curriculum_pass,3,75,92208867718,92208854827,53,0,,false,11,5,3,3,ASSASSIN:4;GOBLIN:2;SCORPION_RIDER:5,ASSASSIN:4;GOBLIN:2;SCORPION_RIDER:5
932,0,0,true,,,curriculum_pass,utility,3,75,92208867718,92208854827,60,0,,false,7,8,3,3,ASSASSIN:4;GOBLIN:2;SCORPION_RIDER:5,ASSASSIN:4;GOBLIN:2;SCORPION_RIDER:5
933,0,0,true,,,utility,curriculum_pass,3,75,92216755042,92216810959,18,0,GREEN,false,14,0,3,3,GOLEM:4;SCORPION_RIDER:1;SPIDER:9,GOLEM:4;SCORPION_RIDER:1;SPIDER:9
934,0,0,true,,,curriculum_pass,utility,3,75,92216755042,92216810959,70,0,,false,3,10,3,3,GOLEM:4;SCORPION_RIDER:1;SPIDER:9,GOLEM:4;SCORPION_RIDER:1;SPIDER:9
935,0,0,true,,,utility,curriculum_pass,3,75,92216762961,92216818940,61,0,,false,8,4,3,3,GARGOYLE:1;GOBLIN:9;GOLEM:4,GARGOYLE:1;GOBLIN:9;GOLEM:4
936,0,0,true,,,curriculum_pass,utility,3,75,92216762961,92216818940,48,0,,false,14,14,3,3,GARGOYLE:1;GOBLIN:9;GOLEM:4,GARGOYLE:1;GOBLIN:9;GOLEM:4
937,0,0,true,,,utility,curriculum_pass,3,75,92216770880,92216795117,6,0,GREEN,false,7,0,3,3,ASSASSIN:8;GOLEM:1;MAGE:1,ASSASSIN:8;GOLEM:1;MAGE:1
938,0,0,true,,,curriculum_pass,utility,3,75,92216770880,92216795117,9,0,BLUE,false,0,4,3,3,ASSASSIN:8;GOLEM:1;MAGE:1,ASSASSIN:8;GOLEM:1;MAGE:1
939,0,0,true,,,utility,curriculum_pass,3,75,92216778799,92216802946,18,0,GREEN,false,7,0,3,3,ASSASSIN:1;GARGOYLE:4;SPIDER:13,ASSASSIN:1;GARGOYLE:4;SPIDER:13
940,0,0,true,,,curriculum_pass,utility,3,75,92216778799,92216802946,19,0,BLUE,false,0,8,3,3,ASSASSIN:1;GARGOYLE:4;SPIDER:13,ASSASSIN:1;GARGOYLE:4;SPIDER:13
941,0,0,true,,,utility,curriculum_pass,3,75,92216786718,92216795571,50,0,GREEN,false,6,0,2,2,GARGOYLE:6;SCORPION_RIDER:4,GARGOYLE:6;SCORPION_RIDER:4
942,0,0,true,,,curriculum_pass,utility,3,75,92216786718,92216795571,35,0,BLUE,false,0,5,2,2,GARGOYLE:6;SCORPION_RIDER:4,GARGOYLE:6;SCORPION_RIDER:4
943,0,0,true,,,utility,curriculum_pass,3,75,92224674042,92224620119,20,0,GREEN,false,10,0,3,3,ARCHER:6;GARGOYLE:5;SPIDER:1,ARCHER:6;GARGOYLE:5;SPIDER:1
944,0,0,true,,,curriculum_pass,utility,3,75,92224674042,92224620119,48,0,,false,12,12,3,3,ARCHER:6;GARGOYLE:5;SPIDER:1,ARCHER:6;GARGOYLE:5;SPIDER:1
945,0,0,true,,,utility,curriculum_pass,3,75,92224681961,92224629060,20,0,GREEN,false,4,0,3,3,GARGOYLE:2;GOBLIN:1;MAGE:8,GARGOYLE:2;GOBLIN:1;MAGE:8
946,0,0,true,,,curriculum_pass,utility,3,75,92224681961,92224629060,48,0,,false,11,11,3,3,GARGOYLE:2;GOBLIN:1;MAGE:8,GARGOYLE:2;GOBLIN:1;MAGE:8
947,0,0,true,,,utility,curriculum_pass,3,75,92224689880,92224735349,18,0,GREEN,false,9,0,3,3,GOBLIN:6;MAGE:8,GOBLIN:6;MAGE:8
948,0,0,true,,,curriculum_pass,utility,3,75,92224689880,92224735349,11,0,BLUE,false,0,14,3,3,GOBLIN:6;MAGE:8,GOBLIN:6;MAGE:8
949,0,0,true,,,utility,curriculum_pass,3,75,92224697799,92224744298,14,0,GREEN,false,8,0,2,2,GOLEM:4;MAGE:5,GOLEM:4;MAGE:5
950,0,0,true,,,curriculum_pass,utility,3,75,92224697799,92224744298,23,0,BLUE,false,0,5,2,2,GOLEM:4;MAGE:5,GOLEM:4;MAGE:5
951,0,0,true,,,utility,curriculum_pass,3,75,92224705718,92224719387,68,0,GREEN,false,6,0,3,3,ARCHER:7;GOBLIN:1;GOLEM:3,ARCHER:7;GOBLIN:1;GOLEM:3
952,0,0,true,,,curriculum_pass,utility,3,75,92224705718,92224719387,70,0,,false,3,10,3,3,ARCHER:7;GOBLIN:1;GOLEM:3,ARCHER:7;GOBLIN:1;GOLEM:3
953,0,0,true,,,utility,curriculum_pass,3,75,396417221042,396417179423,67,0,,false,4,5,4,4,ASSASSIN:8;GARGOYLE:1;GOBLIN:1;SCORPION_RIDER:1,ASSASSIN:8;GARGOYLE:1;GOBLIN:1;SCORPION_RIDER:1
954,0,0,true,,,curriculum_pass,utility,3,75,396417221042,396417179423,58,0,,false,5,6,4,4,ASSASSIN:8;GARGOYLE:1;GOBLIN:1;SCORPION_RIDER:1,ASSASSIN:8;GARGOYLE:1;GOBLIN:1;SCORPION_RIDER:1
955,0,0,true,,,utility,curriculum_pass,3,75,396417228961,396417187340,71,0,,false,6,4,3,3,GARGOYLE:3;MAGE:7;SPIDER:1,GARGOYLE:3;MAGE:7;SPIDER:1
956,0,0,true,,,curriculum_pass,utility,3,75,396417228961,396417187340,58,0,,false,10,11,3,3,GARGOYLE:3;MAGE:7;SPIDER:1,GARGOYLE:3;MAGE:7;SPIDER:1
957,0,0,true,,,utility,curriculum_pass,3,75,396417236880,396417179965,10,0,GREEN,false,7,0,3,3,ASSASSIN:2;GOBLIN:1;MAGE:8,ASSASSIN:2;GOBLIN:1;MAGE:8
958,0,0,true,,,curriculum_pass,utility,3,75,396417236880,396417179965,50,0,,false,10,11,3,3,ASSASSIN:2;GOBLIN:1;MAGE:8,ASSASSIN:2;GOBLIN:1;MAGE:8
959,0,0,true,,,utility,curriculum_pass,3,75,396417244799,396417286354,14,0,GREEN,false,19,0,3,3,GOBLIN:13;SPIDER:12,GOBLIN:13;SPIDER:12
960,0,0,true,,,curriculum_pass,utility,3,75,396417244799,396417286354,48,0,,false,25,25,3,3,GOBLIN:13;SPIDER:12,GOBLIN:13;SPIDER:12
961,0,0,true,,,utility,curriculum_pass,3,75,396417252718,396417295299,48,0,,false,18,18,3,3,ARCHER:7;GOBLIN:2;SPIDER:9,ARCHER:7;GOBLIN:2;SPIDER:9
962,0,0,true,,,curriculum_pass,utility,3,75,396417252718,396417295299,23,0,BLUE,false,0,13,3,3,ARCHER:7;GOBLIN:2;SPIDER:9,ARCHER:7;GOBLIN:2;SPIDER:9
963,0,0,true,,,utility,curriculum_pass,3,75,92984898042,92984848215,10,0,GREEN,false,8,0,3,3,ASSASSIN:8;GOLEM:1;SPIDER:3,ASSASSIN:8;GOLEM:1;SPIDER:3
964,0,0,true,,,curriculum_pass,utility,3,75,92984898042,92984848215,11,0,BLUE,false,0,6,3,3,ASSASSIN:8;GOLEM:1;SPIDER:3,ASSASSIN:8;GOLEM:1;SPIDER:3
965,0,0,true,,,utility,curriculum_pass,3,75,92984905961,92984954436,57,0,,false,9,14,3,3,ARCHER:1;GOBLIN:9;GOLEM:4,ARCHER:1;GOBLIN:9;GOLEM:4
966,0,0,true,,,curriculum_pass,utility,3,75,92984905961,92984954436,66,0,,false,4,13,3,3,ARCHER:1;GOBLIN:9;GOLEM:4,ARCHER:1;GOBLIN:9;GOLEM:4
967,0,0,true,,,utility,curriculum_pass,3,75,92984913880,92984963445,26,0,GREEN,false,13,0,3,3,ASSASSIN:5;GOBLIN:10;SPIDER:3,ASSASSIN:5;GOBLIN:10;SPIDER:3
968,0,0,true,,,curriculum_pass,utility,3,75,92984913880,92984963445,13,0,BLUE,false,0,7,3,3,ASSASSIN:5;GOBLIN:10;SPIDER:3,ASSASSIN:5;GOBLIN:10;SPIDER:3
969,0,0,true,,,utility,curriculum_pass,3,75,92984921799,92984938602,14,0,GREEN,false,5,0,3,3,GOBLIN:1;MAGE:10,GOBLIN:1;MAGE:10
970,0,0,true,,,curriculum_pass,utility,3,75,92984921799,92984938602,15,0,BLUE,false,0,4,3,3,GOBLIN:1;MAGE:10,GOBLIN:1;MAGE:10
971,0,0,true,,,utility,curriculum_pass,3,75,92984929718,92984947483,12,0,GREEN,false,12,0,3,3,ARCHER:1;GOBLIN:7;SCORPION_RIDER:6,ARCHER:1;GOBLIN:7;SCORPION_RIDER:6
972,0,0,true,,,curriculum_pass,utility,3,75,92984929718,92984947483,13,0,BLUE,false,0,10,3,3,ARCHER:1;GOBLIN:7;SCORPION_RIDER:6,ARCHER:1;GOBLIN:7;SCORPION_RIDER:6
973,0,0,true,,,utility,curriculum_pass,3,75,92992817042,92992772415,10,0,GREEN,false,9,0,3,3,MAGE:8;SPIDER:6,MAGE:8;SPIDER:6
974,0,0,true,,,curriculum_pass,utility,3,75,92992817042,92992772415,74,0,,false,4,3,3,3,MAGE:8;SPIDER:6,MAGE:8;SPIDER:6
975,0,0,true,,,utility,curriculum_pass,3,75,92992824961,92992780332,10,0,GREEN,false,7,0,3,3,ARCHER:4;GOBLIN:1;SCORPION_RIDER:6,ARCHER:4;GOBLIN:1;SCORPION_RIDER:6
976,0,0,true,,,curriculum_pass,utility,3,75,92992824961,92992780332,15,0,BLUE,false,0,10,3,3,ARCHER:4;GOBLIN:1;SCORPION_RIDER:6,ARCHER:4;GOBLIN:1;SCORPION_RIDER:6
977,0,0,true,,,utility,curriculum_pass,3,75,92992832880,92992887773,61,0,,false,11,2,3,3,GOBLIN:1;MAGE:8;SCORPION_RIDER:2,GOBLIN:1;MAGE:8;SCORPION_RIDER:2
978,0,0,true,,,curriculum_pass,utility,3,75,92992832880,92992887773,13,0,BLUE,false,0,10,3,3,GOBLIN:1;MAGE:8;SCORPION_RIDER:2,GOBLIN:1;MAGE:8;SCORPION_RIDER:2
979,0,0,true,,,utility,curriculum_pass,3,75,92992840799,92992895730,10,0,GREEN,false,5,0,3,3,ARCHER:11;GOBLIN:3,ARCHER:11;GOBLIN:3
980,0,0,true,,,curriculum_pass,utility,3,75,92992840799,92992895730,11,0,BLUE,false,0,7,3,3,ARCHER:11;GOBLIN:3,ARCHER:11;GOBLIN:3
981,0,0,true,,,utility,curriculum_pass,3,75,92992848718,92992871907,20,0,GREEN,false,4,0,3,3,GOBLIN:1;GOLEM:4;SCORPION_RIDER:4,GOBLIN:1;GOLEM:4;SCORPION_RIDER:4
982,0,0,true,,,curriculum_pass,utility,3,75,92992848718,92992871907,62,0,,false,4,8,3,3,GOBLIN:1;GOLEM:4;SCORPION_RIDER:4,GOBLIN:1;GOLEM:4;SCORPION_RIDER:4
983,0,0,true,,,utility,curriculum_pass,3,75,93000736042,93000713095,12,0,GREEN,false,6,0,2,2,ARCHER:3;MAGE:8,ARCHER:3;MAGE:8
984,0,0,true,,,curriculum_pass,utility,3,75,93000736042,93000713095,56,0,,false,8,11,2,2,ARCHER:3;MAGE:8,ARCHER:3;MAGE:8
985,0,0,true,,,utility,curriculum_pass,3,75,93000743961,93000721076,57,0,,false,2,2,3,3,ASSASSIN:10;SPIDER:1,ASSASSIN:10;SPIDER:1
986,0,0,true,,,curriculum_pass,utility,3,75,93000743961,93000721076,9,0,BLUE,false,0,5,3,3,ASSASSIN:10;SPIDER:1,ASSASSIN:10;SPIDER:1
987,0,0,true,,,utility,curriculum_pass,3,75,93000751880,93000697253,48,0,,false,8,8,3,3,GOLEM:7;SPIDER:1,GOLEM:7;SPIDER:1
988,0,0,true,,,curriculum_pass,utility,3,75,93000751880,93000697253,48,0,,false,8,8,3,3,GOLEM:7;SPIDER:1,GOLEM:7;SPIDER:1
989,0,0,true,,,utility,curriculum_pass,3,75,93000759799,93000705882,14,0,GREEN,false,7,0,2,2,GOBLIN:9;SCORPION_RIDER:6,GOBLIN:9;SCORPION_RIDER:6
990,0,0,true,,,curriculum_pass,utility,3,75,93000759799,93000705882,48,0,,false,15,15,2,2,GOBLIN:9;SCORPION_RIDER:6,GOBLIN:9;SCORPION_RIDER:6
991,0,0,true,,,utility,curriculum_pass,3,75,93000767718,93000812107,16,0,GREEN,false,3,0,3,3,ASSASSIN:4;GOBLIN:1;SPIDER:14,ASSASSIN:4;GOBLIN:1;SPIDER:14
992,0,0,true,,,curriculum_pass,utility,3,75,93000767718,93000812107,13,0,BLUE,false,0,12,3,3,ASSASSIN:4;GOBLIN:1;SPIDER:14,ASSASSIN:4;GOBLIN:1;SPIDER:14
993,0,0,true,,,utility,curriculum_pass,3,75,93008655042,93008669807,18,0,GREEN,false,15,0,3,3,SCORPION_RIDER:6;SPIDER:9,SCORPION_RIDER:6;SPIDER:9
994,0,0,true,,,curriculum_pass,utility,3,75,93008655042,93008669807,19,0,BLUE,false,0,15,3,3,SCORPION_RIDER:6;SPIDER:9,SCORPION_RIDER:6;SPIDER:9
995,0,0,true,,,utility,curriculum_pass,3,75,93008662961,93008645916,14,0,GREEN,false,10,0,3,3,ARCHER:8;GARGOYLE:3;SPIDER:2,ARCHER:8;GARGOYLE:3;SPIDER:2
996,0,0,true,,,curriculum_pass,utility,3,75,93008662961,93008645916,17,0,BLUE,false,0,9,3,3,ARCHER:8;GARGOYLE:3;SPIDER:2,ARCHER:8;GARGOYLE:3;SPIDER:2
997,0,0,true,,,utility,curriculum_pass,3,75,93008670880,93008653837,53,0,,false,12,11,3,3,ARCHER:9;GARGOYLE:3,ARCHER:9;GARGOYLE:3
998,0,0,true,,,curriculum_pass,utility,3,75,93008670880,93008653837,15,0,BLUE,false,0,11,3,3,ARCHER:9;GARGOYLE:3,ARCHER:9;GARGOYLE:3
999,0,0,true,,,utility,curriculum_pass,3,75,93008678799,93008630050,12,0,GREEN,false,9,0,3,3,ARCHER:8;GARGOYLE:3;SPIDER:2,ARCHER:8;GARGOYLE:3;SPIDER:2
1000,0,0,true,,,curriculum_pass,utility,3,75,93008678799,93008630050,48,0,,false,13,13,3,3,ARCHER:8;GARGOYLE:3;SPIDER:2,ARCHER:8;GARGOYLE:3;SPIDER:2
1001,0,0,true,,,utility,curriculum_pass,3,75,93008686718,93008638163,48,0,,false,18,18,3,3,GARGOYLE:5;GOBLIN:13,GARGOYLE:5;GOBLIN:13
1002,0,0,true,,,curriculum_pass,utility,3,75,93008686718,93008638163,48,0,,false,18,18,3,3,GARGOYLE:5;GOBLIN:13,GARGOYLE:5;GOBLIN:13
1003,0,0,true,,,utility,curriculum_pass,3,75,93016574042,93016594167,48,0,,false,15,15,3,3,GOBLIN:11;GOLEM:4,GOBLIN:11;GOLEM:4
1004,0,0,true,,,curriculum_pass,utility,3,75,93016574042,93016594167,48,0,,false,15,15,3,3,GOBLIN:11;GOLEM:4,GOBLIN:11;GOLEM:4
1005,0,0,true,,,utility,curriculum_pass,3,75,93016581961,93016603108,53,0,,false,6,3,2,2,ASSASSIN:7;SCORPION_RIDER:3,ASSASSIN:7;SCORPION_RIDER:3
1006,0,0,true,,,curriculum_pass,utility,3,75,93016581961,93016603108,15,0,GREEN,false,1,0,2,2,ASSASSIN:7;SCORPION_RIDER:3,ASSASSIN:7;SCORPION_RIDER:3
1007,0,0,true,,,utility,curriculum_pass,3,75,93016589880,93016578197,16,0,GREEN,false,7,0,3,3,ASSASSIN:7;GOBLIN:8,ASSASSIN:7;GOBLIN:8
1008,0,0,true,,,curriculum_pass,utility,3,75,93016589880,93016578197,64,0,,false,2,2,3,3,ASSASSIN:7;GOBLIN:8,ASSASSIN:7;GOBLIN:8
1009,0,0,true,,,utility,curriculum_pass,3,75,93016597799,93016587146,28,0,GREEN,false,8,0,3,3,ARCHER:7;GARGOYLE:4;GOBLIN:1,ARCHER:7;GARGOYLE:4;GOBLIN:1
1010,0,0,true,,,curriculum_pass,utility,3,75,93016597799,93016587146,23,0,BLUE,false,0,11,3,3,ARCHER:7;GARGOYLE:4;GOBLIN:1,ARCHER:7;GARGOYLE:4;GOBLIN:1
1011,0,0,true,,,utility,curriculum_pass,3,75,93016605718,93016562363,57,0,,false,7,7,3,3,ARCHER:1;ASSASSIN:3;SCORPION_RIDER:6,ARCHER:1;ASSASSIN:3;SCORPION_RIDER:6
1012,0,0,true,,,curriculum_pass,utility,3,75,93016605718,93016562363,58,0,,false,6,9,3,3,ARCHER:1;ASSASSIN:3;SCORPION_RIDER:6,ARCHER:1;ASSASSIN:3;SCORPION_RIDER:6
1013,0,0,true,,,utility,curriculum_pass,3,75,396425140042,396425120231,57,0,,false,8,8,3,3,ASSASSIN:5;GOBLIN:10;SCORPION_RIDER:1,ASSASSIN:5;GOBLIN:10;SCORPION_RIDER:1
1014,0,0,true,,,curriculum_pass,utility,3,75,396425140042,396425120231,54,0,,false,15,13,3,3,ASSASSIN:5;GOBLIN:10;SCORPION_RIDER:1,ASSASSIN:5;GOBLIN:10;SCORPION_RIDER:1
1015,0,0,true,,,utility,curriculum_pass,3,75,396425147961,396425128084,48,0,,false,25,25,4,4,GOBLIN:23;SPIDER:2,GOBLIN:23;SPIDER:2
1016,0,0,true,,,curriculum_pass,utility,3,75,396425147961,396425128084,48,0,,false,25,25,4,4,GOBLIN:23;SPIDER:2,GOBLIN:23;SPIDER:2
1017,0,0,true,,,utility,curriculum_pass,3,75,396425155880,396425104261,34,0,GREEN,false,13,0,4,4,ASSASSIN:1;GOBLIN:10;MAGE:5;SPIDER:1,ASSASSIN:1;GOBLIN:10;MAGE:5;SPIDER:1
1018,0,0,true,,,curriculum_pass,utility,3,75,396425155880,396425104261,21,0,BLUE,false,0,13,4,4,ASSASSIN:1;GOBLIN:10;MAGE:5;SPIDER:1,ASSASSIN:1;GOBLIN:10;MAGE:5;SPIDER:1
1019,0,0,true,,,utility,curriculum_pass,3,75,396425163799,396425112250,8,0,GREEN,false,4,0,2,2,ARCHER:3;ASSASSIN:8,ARCHER:3;ASSASSIN:8
1020,0,0,true,,,curriculum_pass,utility,3,75,396425163799,396425112250,9,0,BLUE,false,0,9,2,2,ARCHER:3;ASSASSIN:8,ARCHER:3;ASSASSIN:8
1021,0,0,true,,,utility,curriculum_pass,3,75,396425171718,396425219499,16,0,GREEN,false,9,0,3,3,ARCHER:8;GARGOYLE:1;GOBLIN:6,ARCHER:8;GARGOYLE:1;GOBLIN:6
1022,0,0,true,,,curriculum_pass,utility,3,75,396425171718,396425219499,15,0,BLUE,false,0,10,3,3,ARCHER:8;GARGOYLE:1;GOBLIN:6,ARCHER:8;GARGOYLE:1;GOBLIN:6
1023,0,0,true,,,utility,curriculum_pass,3,75,93776798042,93776822263,48,0,,false,8,8,3,3,GOBLIN:1;GOLEM:7,GOBLIN:1;GOLEM:7
1024,0,0,true,,,curriculum_pass,utility,3,75,93776798042,93776822263,70,0,,false,4,7,3,3,GOBLIN:1;GOLEM:7,GOBLIN:1;GOLEM:7
1025,0,0,true,,,utility,curriculum_pass,3,75,93776805961,93776797412,57,0,,false,10,6,3,3,ASSASSIN:8;SPIDER:6,ASSASSIN:8;SPIDER:6
1026,0,0,true,,,curriculum_pass,utility,3,75,93776805961,93776797412,58,0,,false,6,10,3,3,ASSASSIN:8;SPIDER:6,ASSASSIN:8;SPIDER:6
1027,0,0,true,,,utility,curriculum_pass,3,75,93776813880,93776789909,20,0,GREEN,false,9,0,3,3,GOBLIN:2;GOLEM:2;MAGE:7,GOBLIN:2;GOLEM:2;MAGE:7
1028,0,0,true,,,curriculum_pass,utility,3,75,93776813880,93776789909,48,0,,false,11,11,3,3,GOBLIN:2;GOLEM:2;MAGE:7,GOBLIN:2;GOLEM:2;MAGE:7
1029,0,0,true,,,utility,curriculum_pass,3,75,93776821799,93776797834,48,0,,false,11,11,4,4,GOBLIN:4;GOLEM:4;MAGE:1;SCORPION_RIDER:2,GOBLIN:4;GOLEM:4;MAGE:1;SCORPION_RIDER:2
1030,0,0,true,,,curriculum_pass,utility,3,75,93776821799,93776797834,41,0,BLUE,false,0,6,4,4,GOBLIN:4;GOLEM:4;MAGE:1;SCORPION_RIDER:2,GOBLIN:4;GOLEM:4;MAGE:1;SCORPION_RIDER:2
1031,0,0,true,,,utility,curriculum_pass,3,75,93776829718,93776774075,69,0,,false,3,4,2,2,ASSASSIN:5;GOLEM:4,ASSASSIN:5;GOLEM:4
1032,0,0,true,,,curriculum_pass,utility,3,75,93776829718,93776774075,58,0,,false,4,6,2,2,ASSASSIN:5;GOLEM:4,ASSASSIN:5;GOLEM:4
1033,0,0,true,,,utility,curriculum_pass,3,75,93784717042,93784762463,20,0,GREEN,false,3,0,2,2,ARCHER:3;MAGE:8,ARCHER:3;MAGE:8
1034,0,0,true,,,curriculum_pass,utility,3,75,93784717042,93784762463,15,0,BLUE,false,0,2,2,2,ARCHER:3;MAGE:8,ARCHER:3;MAGE:8
1035,0,0,true,,,utility,curriculum_pass,3,75,93784724961,93784738636,59,0,,false,10,11,4,4,ARCHER:8;GOBLIN:1;MAGE:3;SPIDER:1,ARCHER:8;GOBLIN:1;MAGE:3;SPIDER:1
1036,0,0,true,,,curriculum_pass,utility,3,75,93784724961,93784738636,48,0,,false,13,13,4,4,ARCHER:8;GOBLIN:1;MAGE:3;SPIDER:1,ARCHER:8;GOBLIN:1;MAGE:3;SPIDER:1
1037,0,0,true,,,utility,curriculum_pass,3,75,93784732880,93784746621,48,0,,false,15,15,3,3,GOBLIN:1;GOLEM:4;SPIDER:10,GOBLIN:1;GOLEM:4;SPIDER:10
1038,0,0,true,,,curriculum_pass,utility,3,75,93784732880,93784746621,15,0,BLUE,false,0,15,3,3,GOBLIN:1;GOLEM:4;SPIDER:10,GOBLIN:1;GOLEM:4;SPIDER:10
1039,0,0,true,,,utility,curriculum_pass,3,75,93784740799,93784722706,12,0,GREEN,false,4,0,4,4,ASSASSIN:9;GOLEM:1,ASSASSIN:9;GOLEM:1
1040,0,0,true,,,curriculum_pass,utility,3,75,93784740799,93784722706,11,0,BLUE,false,0,7,4,4,ASSASSIN:9;GOLEM:1,ASSASSIN:9;GOLEM:1
1041,0,0,true,,,utility,curriculum_pass,3,75,93784748718,93784730627,46,0,GREEN,false,8,0,3,3,ARCHER:7;GARGOYLE:4;GOBLIN:1,ARCHER:7;GARGOYLE:4;GOBLIN:1
1042,0,0,true,,,curriculum_pass,utility,3,75,93784748718,93784730627,81,0,BLUE,false,0,7,3,3,ARCHER:7;GARGOYLE:4;GOBLIN:1,ARCHER:7;GARGOYLE:4;GOBLIN:1
1043,0,0,true,,,utility,curriculum_pass,3,75,93792636042,93792686631,14,0,GREEN,false,7,0,3,3,GARGOYLE:4;MAGE:1;SCORPION_RIDER:5,GARGOYLE:4;MAGE:1;SCORPION_RIDER:5
1044,0,0,true,,,curriculum_pass,utility,3,75,93792636042,93792686631,19,0,BLUE,false,0,8,3,3,GARGOYLE:4;MAGE:1;SCORPION_RIDER:5,GARGOYLE:4;MAGE:1;SCORPION_RIDER:5
1045,0,0,true,,,utility,curriculum_pass,3,75,93792643961,93792695764,61,0,,false,6,7,3,3,MAGE:10;SPIDER:1,MAGE:10;SPIDER:1
1046,0,0,true,,,curriculum_pass,utility,3,75,93792643961,93792695764,17,0,BLUE,false,0,2,3,3,MAGE:10;SPIDER:1,MAGE:10;SPIDER:1
1047,0,0,true,,,utility,curriculum_pass,3,75,93792651880,93792670917,8,0,GREEN,false,10,0,3,3,ARCHER:4;SCORPION_RIDER:6;SPIDER:1,ARCHER:4;SCORPION_RIDER:6;SPIDER:1
1048,0,0,true,,,curriculum_pass,utility,3,75,93792651880,93792670917,9,0,BLUE,false,0,10,3,3,ARCHER:4;SCORPION_RIDER:6;SPIDER:1,ARCHER:4;SCORPION_RIDER:6;SPIDER:1
1049,0,0,true,,,utility,curriculum_pass,3,75,93792659799,93792679930,14,0,GREEN,false,6,0,3,3,GOBLIN:9;SCORPION_RIDER:6,GOBLIN:9;SCORPION_RIDER:6
1050,0,0,true,,,curriculum_pass,utility,3,75,93792659799,93792679930,11,0,BLUE,false,0,8,3,3,GOBLIN:9;SCORPION_RIDER:6,GOBLIN:9;SCORPION_RIDER:6
1051,0,0,true,,,utility,curriculum_pass,3,75,93792667718,93792655083,118,0,GREEN,false,10,0,3,3,GARGOYLE:6;GOBLIN:1;MAGE:4,GARGOYLE:6;GOBLIN:1;MAGE:4
1052,0,0,true,,,curriculum_pass,utility,3,75,93792667718,93792655083,23,0,BLUE,false,0,9,3,3,GARGOYLE:6;GOBLIN:1;MAGE:4,GARGOYLE:6;GOBLIN:1;MAGE:4
1053,0,0,true,,,utility,curriculum_pass,3,75,93800555042,93800512655,55,0,,false,15,12,3,3,ASSASSIN:4;SCORPION_RIDER:1;SPIDER:13,ASSASSIN:4;SCORPION_RIDER:1;SPIDER:13
1054,0,0,true,,,curriculum_pass,utility,3,75,93800555042,93800512655,17,0,BLUE,false,0,14,3,3,ASSASSIN:4;SCORPION_RIDER:1;SPIDER:13,ASSASSIN:4;SCORPION_RIDER:1;SPIDER:13
1055,0,0,true,,,utility,curriculum_pass,3,75,93800562961,93800619964,24,0,GREEN,false,4,0,2,2,SCORPION_RIDER:5;SPIDER:11,SCORPION_RIDER:5;SPIDER:11
1056,0,0,true,,,curriculum_pass,utility,3,75,93800562961,93800619964,13,0,BLUE,false,0,14,2,2,SCORPION_RIDER:5;SPIDER:11,SCORPION_RIDER:5;SPIDER:11
1057,0,0,true,,,utility,curriculum_pass,3,75,93800570880,93800627885,20,0,GREEN,false,6,0,3,3,SCORPION_RIDER:6;SPIDER:9,SCORPION_RIDER:6;SPIDER:9
1058,0,0,true,,,curriculum_pass,utility,3,75,93800570880,93800627885,23,0,BLUE,false,0,12,3,3,SCORPION_RIDER:6;SPIDER:9,SCORPION_RIDER:6;SPIDER:9
1059,0,0,true,,,utility,curriculum_pass,3,75,93800578799,93800620098,16,0,GREEN,false,11,0,3,3,GARGOYLE:5;GOBLIN:12;SPIDER:1,GARGOYLE:5;GOBLIN:12;SPIDER:1
1060,0,0,true,,,curriculum_pass,utility,3,75,93800578799,93800620098,48,0,,false,18,18,3,3,GARGOYLE:5;GOBLIN:12;SPIDER:1,GARGOYLE:5;GOBLIN:12;SPIDER:1
1061,0,0,true,,,utility,curriculum_pass,3,75,93800586718,93800596339,69,0,,false,3,2,3,3,GOBLIN:1;GOLEM:4;SCORPION_RIDER:4,GOBLIN:1;GOLEM:4;SCORPION_RIDER:4
1062,0,0,true,,,curriculum_pass,utility,3,75,93800586718,93800596339,78,0,,false,4,3,3,3,GOBLIN:1;GOLEM:4;SCORPION_RIDER:4,GOBLIN:1;GOLEM:4;SCORPION_RIDER:4
1063,0,0,true,,,utility,curriculum_pass,3,75,93808474042,93808453911,10,0,GREEN,false,12,0,2,2,GOBLIN:11;MAGE:6,GOBLIN:11;MAGE:6
1064,0,0,true,,,curriculum_pass,utility,3,75,93808474042,93808453911,11,0,BLUE,false,0,16,2,2,GOBLIN:11;MAGE:6,GOBLIN:11;MAGE:6
1065,0,0,true,,,utility,curriculum_pass,3,75,93808481961,93808429060,48,0,,false,11,11,3,3,GARGOYLE:6;MAGE:4;SPIDER:1,GARGOYLE:6;MAGE:4;SPIDER:1
1066,0,0,true,,,curriculum_pass,utility,3,75,93808481961,93808429060,31,0,BLUE,false,0,10,3,3,GARGOYLE:6;MAGE:4;SPIDER:1,GARGOYLE:6;MAGE:4;SPIDER:1
1067,0,0,true,,,utility,curriculum_pass,3,75,93808489880,93808438069,48,0,,false,9,9,3,3,ARCHER:4;GOLEM:5,ARCHER:4;GOLEM:5
1068,0,0,true,,,curriculum_pass,utility,3,75,93808489880,93808438069,29,0,BLUE,false,0,8,3,3,ARCHER:4;GOLEM:5,ARCHER:4;GOLEM:5
1069,0,0,true,,,utility,curriculum_pass,3,75,93808497799,93808544298,59,0,,false,12,7,3,3,ASSASSIN:7;GOBLIN:6;SPIDER:2,ASSASSIN:7;GOBLIN:6;SPIDER:2
1070,0,0,true,,,curriculum_pass,utility,3,75,93808497799,93808544298,31,0,BLUE,false,0,8,3,3,ASSASSIN:7;GOBLIN:6;SPIDER:2,ASSASSIN:7;GOBLIN:6;SPIDER:2
1071,0,0,true,,,utility,curriculum_pass,3,75,93808505718,93808553435,67,0,,false,8,10,3,3,ARCHER:7;MAGE:4;SPIDER:1,ARCHER:7;MAGE:4;SPIDER:1
1072,0,0,true,,,curriculum_pass,utility,3,75,93808505718,93808553435,48,0,,false,12,12,3,3,ARCHER:7;MAGE:4;SPIDER:1,ARCHER:7;MAGE:4;SPIDER:1
1073,0,0,true,,,utility,curriculum_pass,3,75,396433059042,396433076815,12,0,GREEN,false,4,0,3,3,ASSASSIN:9;GOLEM:1,ASSASSIN:9;GOLEM:1
1074,0,0,true,,,curriculum_pass,utility,3,75,396433059042,396433076815,13,0,BLUE,false,0,6,3,3,ASSASSIN:9;GOLEM:1,ASSASSIN:9;GOLEM:1
1075,0,0,true,,,utility,curriculum_pass,3,75,396433066961,396433053052,81,0,,false,9,11,3,3,ARCHER:7;GARGOYLE:4;SPIDER:1,ARCHER:7;GARGOYLE:4;SPIDER:1
1076,0,0,true,,,curriculum_pass,utility,3,75,396433066961,396433053052,48,0,,false,12,12,3,3,ARCHER:7;GARGOYLE:4;SPIDER:1,ARCHER:7;GARGOYLE:4;SPIDER:1
1077,0,0,true,,,utility,curriculum_pass,3,75,396433074880,396433060973,48,0,,false,10,10,4,4,GOBLIN:2;GOLEM:4;MAGE:4,GOBLIN:2;GOLEM:4;MAGE:4
1078,0,0,true,,,curriculum_pass,utility,3,75,396433074880,396433060973,48,0,,false,10,10,4,4,GOBLIN:2;GOLEM:4;MAGE:4,GOBLIN:2;GOLEM:4;MAGE:4
1079,0,0,true,,,utility,curriculum_pass,3,75,396433082799,396433037058,34,0,GREEN,false,5,0,3,3,ARCHER:8;GOBLIN:2;GOLEM:2,ARCHER:8;GOBLIN:2;GOLEM:2
1080,0,0,true,,,curriculum_pass,utility,3,75,396433082799,396433037058,48,0,,false,12,12,3,3,ARCHER:8;GOBLIN:2;GOLEM:2,ARCHER:8;GOBLIN:2;GOLEM:2
1081,0,0,true,,,utility,curriculum_pass,3,75,396433090718,396433045043,8,0,GREEN,false,8,0,3,3,ARCHER:4;GOBLIN:1;SCORPION_RIDER:6,ARCHER:4;GOBLIN:1;SCORPION_RIDER:6
1082,0,0,true,,,curriculum_pass,utility,3,75,396433090718,396433045043,9,0,BLUE,false,0,9,3,3,ARCHER:4;GOBLIN:1;SCORPION_RIDER:6,ARCHER:4;GOBLIN:1;SCORPION_RIDER:6
1083,0,0,true,,,utility,curriculum_pass,3,75,94568698042,94568648215,10,0,BLUE,false,0,1,2,2,ASSASSIN:7;GOBLIN:8,ASSASSIN:7;GOBLIN:8
1084,0,0,true,,,curriculum_pass,utility,3,75,94568698042,94568648215,17,0,BLUE,false,0,2,2,2,ASSASSIN:7;GOBLIN:8,ASSASSIN:7;GOBLIN:8
1085,0,0,true,,,utility,curriculum_pass,3,75,94568705961,94568657156,22,0,GREEN,false,18,0,3,3,ARCHER:4;GOBLIN:2;SPIDER:15,ARCHER:4;GOBLIN:2;SPIDER:15
1086,0,0,true,,,curriculum_pass,utility,3,75,94568705961,94568657156,48,0,,false,21,21,3,3,ARCHER:4;GOBLIN:2;SPIDER:15,ARCHER:4;GOBLIN:2;SPIDER:15
1087,0,0,true,,,utility,curriculum_pass,3,75,94568713880,94568763445,48,0,,false,11,11,4,4,GARGOYLE:5;GOBLIN:1;MAGE:4;SCORPION_RIDER:1,GARGOYLE:5;GOBLIN:1;MAGE:4;SCORPION_RIDER:1
1088,0,0,true,,,curriculum_pass,utility,3,75,94568713880,94568763445,68,0,,false,5,11,4,4,GARGOYLE:5;GOBLIN:1;MAGE:4;SCORPION_RIDER:1,GARGOYLE:5;GOBLIN:1;MAGE:4;SCORPION_RIDER:1
1089,0,0,true,,,utility,curriculum_pass,3,75,94568721799,94568772394,18,0,GREEN,false,13,0,4,4,ARCHER:2;GOBLIN:1;GOLEM:4;SPIDER:6,ARCHER:2;GOBLIN:1;GOLEM:4;SPIDER:6
1090,0,0,true,,,curriculum_pass,utility,3,75,94568721799,94568772394,48,0,,false,13,13,4,4,ARCHER:2;GOBLIN:1;GOLEM:4;SPIDER:6,ARCHER:2;GOBLIN:1;GOLEM:4;SPIDER:6
1091,0,0,true,,,utility,curriculum_pass,3,75,94568729718,94568747739,48,0,,false,11,11,3,3,GARGOYLE:3;GOBLIN:1;MAGE:7,GARGOYLE:3;GOBLIN:1;MAGE:7
1092,0,0,true,,,curriculum_pass,utility,3,75,94568729718,94568747739,48,0,,false,11,11,3,3,GARGOYLE:3;GOBLIN:1;MAGE:7,GARGOYLE:3;GOBLIN:1;MAGE:7
1093,0,0,true,,,utility,curriculum_pass,3,75,94576617042,94576605439,12,0,GREEN,false,10,0,3,3,ARCHER:4;SCORPION_RIDER:5;SPIDER:3,ARCHER:4;SCORPION_RIDER:5;SPIDER:3
1094,0,0,true,,,curriculum_pass,utility,3,75,94576617042,94576605439,15,0,BLUE,false,0,12,3,3,ARCHER:4;SCORPION_RIDER:5;SPIDER:3,ARCHER:4;SCORPION_RIDER:5;SPIDER:3
1095,0,0,true,,,utility,curriculum_pass,3,75,94576624961,94576581612,48,0,,false,18,18,3,3,GOBLIN:2;GOLEM:3;SPIDER:13,GOBLIN:2;GOLEM:3;SPIDER:13
1096,0,0,true,,,curriculum_pass,utility,3,75,94576624961,94576581612,48,0,,false,18,18,3,3,GOBLIN:2;GOLEM:3;SPIDER:13,GOBLIN:2;GOLEM:3;SPIDER:13
1097,0,0,true,,,utility,curriculum_pass,3,75,94576632880,94576589469,8,0,GREEN,false,9,0,2,2,MAGE:7;SCORPION_RIDER:3,MAGE:7;SCORPION_RIDER:3
1098,0,0,true,,,curriculum_pass,utility,3,75,94576632880,94576589469,9,0,BLUE,false,0,9,2,2,MAGE:7;SCORPION_RIDER:3,MAGE:7;SCORPION_RIDER:3
1099,0,0,true,,,utility,curriculum_pass,3,75,94576640799,94576696754,10,0,GREEN,false,17,0,3,3,ARCHER:7;GOBLIN:10;SPIDER:1,ARCHER:7;GOBLIN:10;SPIDER:1
1100,0,0,true,,,curriculum_pass,utility,3,75,94576640799,94576696754,60,0,,false,8,18,3,3,ARCHER:7;GOBLIN:10;SPIDER:1,ARCHER:7;GOBLIN:10;SPIDER:1
1101,0,0,true,,,utility,curriculum_pass,3,75,94576648718,94576704675,53,0,,false,12,11,4,4,ASSASSIN:1;GARGOYLE:5;GOLEM:2;SPIDER:4,ASSASSIN:1;GARGOYLE:5;GOLEM:2;SPIDER:4
1102,0,0,true,,,curriculum_pass,utility,3,75,94576648718,94576704675,58,0,,false,10,11,4,4,ASSASSIN:1;GARGOYLE:5;GOLEM:2;SPIDER:4,ASSASSIN:1;GARGOYLE:5;GOLEM:2;SPIDER:4
1103,0,0,true,,,utility,curriculum_pass,3,75,94584536042,94584546631,14,0,GREEN,false,3,0,3,3,MAGE:10;SPIDER:1,MAGE:10;SPIDER:1
1104,0,0,true,,,curriculum_pass,utility,3,75,94584536042,94584546631,21,0,BLUE,false,0,5,3,3,MAGE:10;SPIDER:1,MAGE:10;SPIDER:1
1105,0,0,true,,,utility,curriculum_pass,3,75,94584543961,94584521844,10,0,GREEN,false,11,0,3,3,ARCHER:8;GOBLIN:1;SCORPION_RIDER:3,ARCHER:8;GOBLIN:1;SCORPION_RIDER:3
1106,0,0,true,,,curriculum_pass,utility,3,75,94584543961,94584521844,11,0,BLUE,false,0,12,3,3,ARCHER:8;GOBLIN:1;SCORPION_RIDER:3,ARCHER:8;GOBLIN:1;SCORPION_RIDER:3
1107,0,0,true,,,utility,curriculum_pass,3,75,94584551880,94584530789,48,0,,false,23,23,3,3,GOBLIN:10;MAGE:1;SPIDER:12,GOBLIN:10;MAGE:1;SPIDER:12
1108,0,0,true,,,curriculum_pass,utility,3,75,94584551880,94584530789,15,0,BLUE,false,0,17,3,3,GOBLIN:10;MAGE:1;SPIDER:12,GOBLIN:10;MAGE:1;SPIDER:12
1109,0,0,true,,,utility,curriculum_pass,3,75,94584559799,94584505882,61,0,,false,6,4,3,3,ARCHER:7;MAGE:4;SPIDER:1,ARCHER:7;MAGE:4;SPIDER:1
1110,0,0,true,,,curriculum_pass,utility,3,75,94584559799,94584505882,13,0,BLUE,false,0,5,3,3,ARCHER:7;MAGE:4;SPIDER:1,ARCHER:7;MAGE:4;SPIDER:1
1111,0,0,true,,,utility,curriculum_pass,3,75,94584567718,94584514827,18,0,GREEN,false,6,0,3,3,GOBLIN:1;GOLEM:7,GOBLIN:1;GOLEM:7
1112,0,0,true,,,curriculum_pass,utility,3,75,94584567718,94584514827,35,0,BLUE,false,0,4,3,3,GOBLIN:1;GOLEM:7,GOBLIN:1;GOLEM:7
1113,0,0,true,,,utility,curriculum_pass,3,75,94592455042,94592470831,22,0,GREEN,false,4,0,3,3,GOBLIN:12;GOLEM:3;SCORPION_RIDER:1,GOBLIN:12;GOLEM:3;SCORPION_RIDER:1
1114,0,0,true,,,curriculum_pass,utility,3,75,94592455042,94592470831,68,0,,false,12,15,3,3,GOBLIN:12;GOLEM:3;SCORPION_RIDER:1,GOBLIN:12;GOLEM:3;SCORPION_RIDER:1
1115,0,0,true,,,utility,curriculum_pass,3,75,94592462961,94592478940,53,0,,false,12,7,3,3,ARCHER:12;SPIDER:1,ARCHER:12;SPIDER:1
1116,0,0,true,,,curriculum_pass,utility,3,75,94592462961,94592478940,48,0,,false,13,13,3,3,ARCHER:12;SPIDER:1,ARCHER:12;SPIDER:1
1117,0,0,true,,,utility,curriculum_pass,3,75,94592470880,94592455117,24,0,GREEN,false,4,0,3,3,ASSASSIN:8;GARGOYLE:2;GOBLIN:1,ASSASSIN:8;GARGOYLE:2;GOBLIN:1
1118,0,0,true,,,curriculum_pass,utility,3,75,94592470880,94592455117,17,0,BLUE,false,0,5,3,3,ASSASSIN:8;GARGOYLE:2;GOBLIN:1,ASSASSIN:8;GARGOYLE:2;GOBLIN:1
1119,0,0,true,,,utility,curriculum_pass,3,75,94592478799,94592463074,59,0,,false,5,5,3,3,ASSASSIN:1;GOLEM:2;SCORPION_RIDER:6,ASSASSIN:1;GOLEM:2;SCORPION_RIDER:6
1120,0,0,true,,,curriculum_pass,utility,3,75,94592478799,94592463074,60,0,,false,5,5,3,3,ASSASSIN:1;GOLEM:2;SCORPION_RIDER:6,ASSASSIN:1;GOLEM:2;SCORPION_RIDER:6
1121,0,0,true,,,utility,curriculum_pass,3,75,94592486718,94592439187,44,0,GREEN,false,6,0,3,3,GARGOYLE:6;SPIDER:11,GARGOYLE:6;SPIDER:11
1122,0,0,true,,,curriculum_pass,utility,3,75,94592486718,94592439187,88,0,,false,5,13,3,3,GARGOYLE:6;SPIDER:11,GARGOYLE:6;SPIDER:11
1123,0,0,true,,,utility,curriculum_pass,3,75,94600374042,94600427959,55,0,,false,15,14,3,3,GOBLIN:10;GOLEM:4;SPIDER:1,GOBLIN:10;GOLEM:4;SPIDER:1
1124,0,0,true,,,curriculum_pass,utility,3,75,94600374042,94600427959,48,0,,false,15,15,3,3,GOBLIN:10;GOLEM:4;SPIDER:1,GOBLIN:10;GOLEM:4;SPIDER:1
1125,0,0,true,,,utility,curriculum_pass,3,75,94600381961,94600403108,59,0,,false,18,4,2,2,SCORPION_RIDER:4;SPIDER:14,SCORPION_RIDER:4;SPIDER:14
1126,0,0,true,,,curriculum_pass,utility,3,75,94600381961,94600403108,60,0,,false,3,12,2,2,SCORPION_RIDER:4;SPIDER:14,SCORPION_RIDER:4;SPIDER:14
1127,0,0,true,,,utility,curriculum_pass,3,75,94600389880,94600411733,48,0,,false,10,10,3,3,ARCHER:5;GOBLIN:1;GOLEM:4,ARCHER:5;GOBLIN:1;GOLEM:4
1128,0,0,true,,,curriculum_pass,utility,3,75,94600389880,94600411733,19,0,BLUE,false,0,10,3,3,ARCHER:5;GOBLIN:1;GOLEM:4,ARCHER:5;GOBLIN:1;GOLEM:4
1129,0,0,true,,,utility,curriculum_pass,3,75,94600397799,94600387914,10,0,GREEN,false,7,0,2,2,ARCHER:3;ASSASSIN:8,ARCHER:3;ASSASSIN:8
1130,0,0,true,,,curriculum_pass,utility,3,75,94600397799,94600387914,7,0,BLUE,false,0,7,2,2,ARCHER:3;ASSASSIN:8,ARCHER:3;ASSASSIN:8
1131,0,0,true,,,utility,curriculum_pass,3,75,94600405718,94600395899,48,0,,false,25,25,3,3,GOBLIN:9;SPIDER:16,GOBLIN:9;SPIDER:16
1132,0,0,true,,,curriculum_pass,utility,3,75,94600405718,94600395899,60,0,,false,23,25,3,3,GOBLIN:9;SPIDER:16,GOBLIN:9;SPIDER:16
1133,0,0,true,,,utility,curriculum_pass,3,75,15695458042,15695442007,51,0,,false,18,16,3,3,ASSASSIN:5;SPIDER:13,ASSASSIN:5;SPIDER:13
1134,0,0,true,,,curriculum_pass,utility,3,75,15695458042,15695442007,58,0,,false,11,13,3,3,ASSASSIN:5;SPIDER:13,ASSASSIN:5;SPIDER:13
1135,0,0,true,,,utility,curriculum_pass,3,75,15695465961,15695418180,12,0,GREEN,false,6,0,3,3,ARCHER:7;MAGE:4;SPIDER:1,ARCHER:7;MAGE:4;SPIDER:1
1136,0,0,true,,,curriculum_pass,utility,3,75,15695465961,15695418180,17,0,BLUE,false,0,4,3,3,ARCHER:7;MAGE:4;SPIDER:1,ARCHER:7;MAGE:4;SPIDER:1
1137,0,0,true,,,utility,utility,3,75,15830081042,15830024383,20,0,,false,11,8,4,3,ASSASSIN:1;GOBLIN:21;SPIDER:1,GOLEM:3;SCORPION_RIDER:5;SPIDER:1
1138,0,0,true,,,utility,utility,3,75,15830081042,15830024383,20,0,,false,11,8,4,3,ASSASSIN:1;GOBLIN:21;SPIDER:1,GOLEM:3;SCORPION_RIDER:5;SPIDER:1
1139,0,0,true,,,utility,utility,3,75,15830088961,15830033324,10,0,GREEN,false,4,0,3,3,ARCHER:8;GARGOYLE:3;SPIDER:2,ASSASSIN:8;GARGOYLE:2;SPIDER:1
1140,0,0,true,,,utility,utility,3,75,15830088961,15830033324,14,0,GREEN,false,4,0,3,3,ARCHER:8;GARGOYLE:3;SPIDER:2,ASSASSIN:8;GARGOYLE:2;SPIDER:1
1141,0,0,true,,,utility,utility,3,75,15964704042,15964754823,36,0,GREEN,false,9,0,3,4,ARCHER:4;GARGOYLE:6;SCORPION_RIDER:1,GARGOYLE:10;GOBLIN:1
1142,0,0,true,,,utility,utility,3,75,15964704042,15964754823,25,0,,false,9,6,3,4,ARCHER:4;GARGOYLE:6;SCORPION_RIDER:1,GARGOYLE:10;GOBLIN:1
1143,0,0,true,,,utility,utility,3,75,15964711961,15964762804,12,0,GREEN,false,4,0,3,3,ASSASSIN:4;GOLEM:4;SPIDER:2,ARCHER:7;GOBLIN:1;MAGE:4
1144,0,0,true,,,utility,utility,3,75,15964711961,15964762804,23,0,,false,4,1,3,3,ASSASSIN:4;GOLEM:4;SPIDER:2,ARCHER:7;GOBLIN:1;MAGE:4
1145,0,0,true,,,utility,utility,3,75,16099327042,16099369711,8,0,GREEN,false,2,0,3,3,ASSASSIN:10;GOBLIN:1,ARCHER:7;ASSASSIN:4;GOBLIN:1
1146,0,0,true,,,utility,utility,3,75,16099327042,16099369711,8,0,GREEN,false,2,0,3,3,ASSASSIN:10;GOBLIN:1,ARCHER:7;ASSASSIN:4;GOBLIN:1
1147,0,0,true,,,utility,utility,3,75,16099334961,16099345820,11,0,BLUE,false,0,5,3,3,GARGOYLE:3;GOBLIN:1;MAGE:7,GOBLIN:2;MAGE:4;SCORPION_RIDER:5
1148,0,0,true,,,utility,utility,3,75,16099334961,16099345820,11,0,BLUE,false,0,5,3,3,GARGOYLE:3;GOBLIN:1;MAGE:7,GOBLIN:2;MAGE:4;SCORPION_RIDER:5
1149,0,0,true,,,utility,curriculum_pass,3,75,396440978042,396441001175,48,0,,false,18,18,2,2,GOLEM:3;SPIDER:15,GOLEM:3;SPIDER:15
1150,0,0,true,,,curriculum_pass,utility,3,75,396440978042,396441001175,48,0,,false,18,18,2,2,GOLEM:3;SPIDER:15,GOLEM:3;SPIDER:15
1151,0,0,true,,,utility,curriculum_pass,3,75,396440985961,396441010116,57,0,,false,14,11,2,2,ASSASSIN:6;GOBLIN:11,ASSASSIN:6;GOBLIN:11
1152,0,0,true,,,curriculum_pass,utility,3,75,396440985961,396441010116,58,0,,false,11,14,2,2,ASSASSIN:6;GOBLIN:11,ASSASSIN:6;GOBLIN:11
1153,0,0,true,,,utility,curriculum_pass,3,75,396440993880,396440985333,57,0,,false,15,5,3,3,ASSASSIN:6;SPIDER:11,ASSASSIN:6;SPIDER:11
1154,0,0,true,,,curriculum_pass,utility,3,75,396440993880,396440985333,21,0,BLUE,false,0,15,3,3,ASSASSIN:6;SPIDER:11,ASSASSIN:6;SPIDER:11
1155,0,0,true,,,utility,curriculum_pass,3,75,396441001799,396440977898,61,0,,false,3,6,3,3,ASSASSIN:8;GOBLIN:3;SCORPION_RIDER:1,ASSASSIN:8;GOBLIN:3;SCORPION_RIDER:1
1156,0,0,true,,,curriculum_pass,utility,3,75,396441001799,396440977898,11,0,BLUE,false,0,3,3,3,ASSASSIN:8;GOBLIN:3;SCORPION_RIDER:1,ASSASSIN:8;GOBLIN:3;SCORPION_RIDER:1
1157,0,0,true,,,utility,curriculum_pass,3,75,396441009718,396440985755,73,0,,false,10,4,4,4,ARCHER:4;GOLEM:4;SCORPION_RIDER:1;SPIDER:1,ARCHER:4;GOLEM:4;SCORPION_RIDER:1;SPIDER:1
1158,0,0,true,,,curriculum_pass,utility,3,75,396441009718,396440985755,51,0,BLUE,false,0,8,4,4,ARCHER:4;GOLEM:4;SCORPION_RIDER:1;SPIDER:1,ARCHER:4;GOLEM:4;SCORPION_RIDER:1;SPIDER:1
1159,0,0,true,,,utility,curriculum_pass,3,75,95360598042,95360622263,154,0,GREEN,false,10,0,4,4,ARCHER:3;GOLEM:4;SPIDER:5,ARCHER:3;GOLEM:4;SPIDER:5
1160,0,0,true,,,curriculum_pass,utility,3,75,95360598042,95360622263,17,0,BLUE,false,0,11,4,4,ARCHER:3;GOLEM:4;SPIDER:5,ARCHER:3;GOLEM:4;SPIDER:5
1161,0,0,true,,,utility,curriculum_pass,3,75,95360605961,95360614820,8,0,GREEN,false,17,0,3,3,ARCHER:8;GOBLIN:9,ARCHER:8;GOBLIN:9
1162,0,0,true,,,curriculum_pass,utility,3,75,95360605961,95360614820,15,0,BLUE,false,0,10,3,3,ARCHER:8;GOBLIN:9,ARCHER:8;GOBLIN:9
1163,0,0,true,,,utility,curriculum_pass,3,75,95360613880,95360623445,34,0,GREEN,false,8,0,5,5,ARCHER:3;ASSASSIN:2;GOBLIN:1;GOLEM:4,ARCHER:3;ASSASSIN:2;GOBLIN:1;GOLEM:4
1164,0,0,true,,,curriculum_pass,utility,3,75,95360613880,95360623445,17,0,BLUE,false,0,10,5,5,ARCHER:3;ASSASSIN:2;GOBLIN:1;GOLEM:4,ARCHER:3;ASSASSIN:2;GOBLIN:1;GOLEM:4
1165,0,0,true,,,utility,curriculum_pass,3,75,95360621799,95360598602,48,0,,false,8,8,3,3,GOLEM:7;SPIDER:1,GOLEM:7;SPIDER:1
1166,0,0,true,,,curriculum_pass,utility,3,75,95360621799,95360598602,29,0,BLUE,false,0,4,3,3,GOLEM:7;SPIDER:1,GOLEM:7;SPIDER:1
1167,0,0,true,,,utility,curriculum_pass,3,75,95360629718,95360607611,67,0,,false,9,10,3,3,ARCHER:8;GARGOYLE:1;GOLEM:2,ARCHER:8;GARGOYLE:1;GOLEM:2
1168,0,0,true,,,curriculum_pass,utility,3,75,95360629718,95360607611,48,0,,false,11,11,3,3,ARCHER:8;GARGOYLE:1;GOLEM:2,ARCHER:8;GARGOYLE:1;GOLEM:2
1169,0,0,true,,,utility,curriculum_pass,3,75,95368517042,95368563487,105,0,,false,18,4,4,4,ARCHER:1;GOBLIN:12;MAGE:4;SPIDER:1,ARCHER:1;GOBLIN:12;MAGE:4;SPIDER:1
1170,0,0,true,,,curriculum_pass,utility,3,75,95368517042,95368563487,11,0,BLUE,false,0,9,4,4,ARCHER:1;GOBLIN:12;MAGE:4;SPIDER:1,ARCHER:1;GOBLIN:12;MAGE:4;SPIDER:1
1171,0,0,true,,,utility,curriculum_pass,3,75,95368524961,95368571404,12,0,BLUE,false,0,4,2,2,ASSASSIN:6;GOBLIN:11,ASSASSIN:6;GOBLIN:11
1172,0,0,true,,,curriculum_pass,utility,3,75,95368524961,95368571404,56,0,,false,15,12,2,2,ASSASSIN:6;GOBLIN:11,ASSASSIN:6;GOBLIN:11
1173,0,0,true,,,utility,curriculum_pass,3,75,95368532880,95368547645,48,0,,false,15,15,3,3,GOBLIN:1;GOLEM:4;SPIDER:10,GOBLIN:1;GOLEM:4;SPIDER:10
1174,0,0,true,,,curriculum_pass,utility,3,75,95368532880,95368547645,48,0,,false,15,15,3,3,GOBLIN:1;GOLEM:4;SPIDER:10,GOBLIN:1;GOLEM:4;SPIDER:10
1175,0,0,true,,,utility,curriculum_pass,3,75,95368540799,95368555730,44,0,GREEN,false,10,0,3,3,GARGOYLE:1;GOBLIN:9;SCORPION_RIDER:5,GARGOYLE:1;GOBLIN:9;SCORPION_RIDER:5
1176,0,0,true,,,curriculum_pass,utility,3,75,95368540799,95368555730,62,0,,false,7,10,3,3,GARGOYLE:1;GOBLIN:9;SCORPION_RIDER:5,GARGOYLE:1;GOBLIN:9;SCORPION_RIDER:5
1177,0,0,true,,,utility,curriculum_pass,3,75,95368548718,95368531907,8,0,GREEN,false,8,0,3,3,ASSASSIN:6;GOBLIN:11,ASSASSIN:6;GOBLIN:11
1178,0,0,true,,,curriculum_pass,utility,3,75,95368548718,95368531907,11,0,BLUE,false,0,10,3,3,ASSASSIN:6;GOBLIN:11,ASSASSIN:6;GOBLIN:11
1179,0,0,true,,,utility,curriculum_pass,3,75,95376436042,95376389607,10,0,GREEN,false,16,0,3,3,SCORPION_RIDER:3;SPIDER:17,SCORPION_RIDER:3;SPIDER:17
1180,0,0,true,,,curriculum_pass,utility,3,75,95376436042,95376389607,13,0,BLUE,false,0,15,3,3,SCORPION_RIDER:3;SPIDER:17,SCORPION_RIDER:3;SPIDER:17
1181,0,0,true,,,utility,curriculum_pass,3,75,95376443961,95376495764,8,0,GREEN,false,17,0,2,2,ASSASSIN:5;SPIDER:13,ASSASSIN:5;SPIDER:13
1182,0,0,true,,,curriculum_pass,utility,3,75,95376443961,95376495764,9,0,BLUE,false,0,16,2,2,ASSASSIN:5;SPIDER:13,ASSASSIN:5;SPIDER:13
1183,0,0,true,,,utility,curriculum_pass,3,75,95376451880,95376504709,48,0,,false,13,13,3,3,ARCHER:8;MAGE:3;SPIDER:2,ARCHER:8;MAGE:3;SPIDER:2
1184,0,0,true,,,curriculum_pass,utility,3,75,95376451880,95376504709,15,0,BLUE,false,0,6,3,3,ARCHER:8;MAGE:3;SPIDER:2,ARCHER:8;MAGE:3;SPIDER:2
1185,0,0,true,,,utility,curriculum_pass,3,75,95376459799,95376479930,22,0,GREEN,false,6,0,3,3,ARCHER:7;GARGOYLE:4;SPIDER:1,ARCHER:7;GARGOYLE:4;SPIDER:1
1186,0,0,true,,,curriculum_pass,utility,3,75,95376459799,95376479930,21,0,BLUE,false,0,8,3,3,ARCHER:7;GARGOYLE:4;SPIDER:1,ARCHER:7;GARGOYLE:4;SPIDER:1
1187,0,0,true,,,utility,curriculum_pass,3,75,95376467718,95376488875,20,0,GREEN,false,13,0,3,3,ARCHER:7;GOBLIN:11,ARCHER:7;GOBLIN:11
1188,0,0,true,,,curriculum_pass,utility,3,75,95376467718,95376488875,62,0,,false,5,10,3,3,ARCHER:7;GOBLIN:11,ARCHER:7;GOBLIN:11
1189,0,0,true,,,utility,curriculum_pass,3,75,95384355042,95384313423,18,0,GREEN,false,9,0,3,3,GARGOYLE:3;MAGE:7;SPIDER:1,GARGOYLE:3;MAGE:7;SPIDER:1
1190,0,0,true,,,curriculum_pass,utility,3,75,95384355042,95384313423,19,0,BLUE,false,0,7,3,3,GARGOYLE:3;MAGE:7;SPIDER:1,GARGOYLE:3;MAGE:7;SPIDER:1
1191,0,0,true,,,utility,curriculum_pass,3,75,95384362961,95384306044,8,0,GREEN,false,14,0,3,3,ARCHER:7;GOBLIN:10;SPIDER:1,ARCHER:7;GOBLIN:10;SPIDER:1
1192,0,0,true,,,curriculum_pass,utility,3,75,95384362961,95384306044,11,0,BLUE,false,0,18,3,3,ARCHER:7;GOBLIN:10;SPIDER:1,ARCHER:7;GOBLIN:10;SPIDER:1
1193,0,0,true,,,utility,curriculum_pass,3,75,95384370880,95384313965,24,0,GREEN,false,9,0,3,3,GOLEM:4;SPIDER:11,GOLEM:4;SPIDER:11
1194,0,0,true,,,curriculum_pass,utility,3,75,95384370880,95384313965,89,0,BLUE,false,0,9,3,3,GOLEM:4;SPIDER:11,GOLEM:4;SPIDER:11
1195,0,0,true,,,utility,curriculum_pass,3,75,95384378799,95384421122,24,0,GREEN,false,6,0,3,3,ARCHER:7;GARGOYLE:4;SPIDER:1,ARCHER:7;GARGOYLE:4;SPIDER:1
1196,0,0,true,,,curriculum_pass,utility,3,75,95384378799,95384421122,19,0,BLUE,false,0,8,3,3,ARCHER:7;GARGOYLE:4;SPIDER:1,ARCHER:7;GARGOYLE:4;SPIDER:1
1197,0,0,true,,,utility,curriculum_pass,3,75,95384386718,95384429107,8,0,GREEN,false,8,0,3,3,ASSASSIN:8;GOBLIN:1;MAGE:2,ASSASSIN:8;GOBLIN:1;MAGE:2
1198,0,0,true,,,curriculum_pass,utility,3,75,95384386718,95384429107,9,0,BLUE,false,0,6,3,3,ASSASSIN:8;GOBLIN:1;MAGE:2,ASSASSIN:8;GOBLIN:1;MAGE:2
1199,0,0,true,,,utility,curriculum_pass,3,75,95392274042,95392254167,8,0,GREEN,false,10,0,3,3,ARCHER:4;GOBLIN:1;SCORPION_RIDER:6,ARCHER:4;GOBLIN:1;SCORPION_RIDER:6
1200,0,0,true,,,curriculum_pass,utility,3,75,95392274042,95392254167,11,0,BLUE,false,0,9,3,3,ARCHER:4;GOBLIN:1;SCORPION_RIDER:6,ARCHER:4;GOBLIN:1;SCORPION_RIDER:6
1201,0,0,true,,,utility,curriculum_pass,3,75,95392281961,95392263108,18,0,GREEN,false,17,0,3,3,ARCHER:6;GOBLIN:13,ARCHER:6;GOBLIN:13
1202,0,0,true,,,curriculum_pass,utility,3,75,95392281961,95392263108,21,0,BLUE,false,0,13,3,3,ARCHER:6;GOBLIN:13,ARCHER:6;GOBLIN:13
1203,0,0,true,,,utility,curriculum_pass,3,75,95392289880,95392238325,30,0,GREEN,false,14,0,3,3,GOBLIN:1;GOLEM:4;SPIDER:10,GOBLIN:1;GOLEM:4;SPIDER:10
1204,0,0,true,,,curriculum_pass,utility,3,75,95392289880,95392238325,29,0,BLUE,false,0,5,3,3,GOBLIN:1;GOLEM:4;SPIDER:10,GOBLIN:1;GOLEM:4;SPIDER:10
1205,0,0,true,,,utility,curriculum_pass,3,75,95392297799,95392247274,8,0,GREEN,false,14,0,3,3,ARCHER:6;SPIDER:13,ARCHER:6;SPIDER:13
1206,0,0,true,,,curriculum_pass,utility,3,75,95392297799,95392247274,11,0,BLUE,false,0,16,3,3,ARCHER:6;SPIDER:13,ARCHER:6;SPIDER:13
1207,0,0,true,,,utility,curriculum_pass,3,75,95392305718,95392353435,48,0,,false,8,8,3,3,GOBLIN:1;GOLEM:7,GOBLIN:1;GOLEM:7
1208,0,0,true,,,curriculum_pass,utility,3,75,95392305718,95392353435,70,0,,false,5,5,3,3,GOBLIN:1;GOLEM:7,GOBLIN:1;GOLEM:7
1209,0,0,true,,,utility,curriculum_pass,3,75,396448897042,396448941759,48,0,,false,14,14,3,3,ARCHER:11;GOBLIN:3,ARCHER:11;GOBLIN:3
1210,0,0,true,,,curriculum_pass,utility,3,75,396448897042,396448941759,48,0,,false,14,14,3,3,ARCHER:11;GOBLIN:3,ARCHER:11;GOBLIN:3
1211,0,0,true,,,utility,curriculum_pass,3,75,396448904961,396448950700,14,0,GREEN,false,5,0,3,3,MAGE:10;SPIDER:1,MAGE:10;SPIDER:1
1212,0,0,true,,,curriculum_pass,utility,3,75,396448904961,396448950700,48,0,,false,11,11,3,3,MAGE:10;SPIDER:1,MAGE:10;SPIDER:1
1213,0,0,true,,,utility,curriculum_pass,3,75,396448912880,396448926557,48,0,,false,15,15,3,3,GOBLIN:11;GOLEM:4,GOBLIN:11;GOLEM:4
1214,0,0,true,,,curriculum_pass,utility,3,75,396448912880,396448926557,48,0,,false,15,15,3,3,GOBLIN:11;GOLEM:4,GOBLIN:11;GOLEM:4
1215,0,0,true,,,utility,curriculum_pass,3,75,396448920799,396448934514,59,0,,false,9,7,3,3,ARCHER:12;SPIDER:1,ARCHER:12;SPIDER:1
1216,0,0,true,,,curriculum_pass,utility,3,75,396448920799,396448934514,56,0,,false,5,10,3,3,ARCHER:12;SPIDER:1,ARCHER:12;SPIDER:1
1217,0,0,true,,,utility,curriculum_pass,3,75,396448928718,396448910691,10,0,GREEN,false,4,0,3,3,ARCHER:1;ASSASSIN:3;SCORPION_RIDER:6,ARCHER:1;ASSASSIN:3;SCORPION_RIDER:6
1218,0,0,true,,,curriculum_pass,utility,3,75,396448928718,396448910691,9,0,BLUE,false,0,5,3,3,ARCHER:1;ASSASSIN:3;SCORPION_RIDER:6,ARCHER:1;ASSASSIN:3;SCORPION_RIDER:6
1219,0,0,true,,,utility,curriculum_pass,3,75,96152498042,96152482263,57,0,,false,22,23,3,3,GOBLIN:10;SPIDER:15,GOBLIN:10;SPIDER:15
1220,0,0,true,,,curriculum_pass,utility,3,75,96152498042,96152482263,15,0,BLUE,false,0,19,3,3,GOBLIN:10;SPIDER:15,GOBLIN:10;SPIDER:15
1221,0,0,true,,,utility,curriculum_pass,3,75,96152505961,96152457412,16,0,GREEN,false,3,0,3,3,ARCHER:1;ASSASSIN:4;GOLEM:4,ARCHER:1;ASSASSIN:4;GOLEM:4
1222,0,0,true,,,curriculum_pass,utility,3,75,96152505961,96152457412,19,0,BLUE,false,0,5,3,3,ARCHER:1;ASSASSIN:4;GOLEM:4,ARCHER:1;ASSASSIN:4;GOLEM:4
1223,0,0,true,,,utility,curriculum_pass,3,75,96152513880,96152466421,10,0,GREEN,false,9,0,3,3,ARCHER:5;GOBLIN:1;SPIDER:14,ARCHER:5;GOBLIN:1;SPIDER:14
1224,0,0,true,,,curriculum_pass,utility,3,75,96152513880,96152466421,11,0,BLUE,false,0,16,3,3,ARCHER:5;GOBLIN:1;SPIDER:14,ARCHER:5;GOBLIN:1;SPIDER:14
1225,0,0,true,,,utility,curriculum_pass,3,75,96152521799,96152572650,53,0,,false,12,11,4,4,ARCHER:7;ASSASSIN:1;GARGOYLE:3;SPIDER:1,ARCHER:7;ASSASSIN:1;GARGOYLE:3;SPIDER:1
1226,0,0,true,,,curriculum_pass,utility,3,75,96152521799,96152572650,54,0,,false,11,12,4,4,ARCHER:7;ASSASSIN:1;GARGOYLE:3;SPIDER:1,ARCHER:7;ASSASSIN:1;GARGOYLE:3;SPIDER:1
1227,0,0,true,,,utility,curriculum_pass,3,75,96152529718,96152581531,10,0,GREEN,false,8,0,3,3,MAGE:5;SCORPION_RIDER:5,MAGE:5;SCORPION_RIDER:5
1228,0,0,true,,,curriculum_pass,utility,3,75,96152529718,96152581531,11,0,BLUE,false,0,9,3,3,MAGE:5;SCORPION_RIDER:5,MAGE:5;SCORPION_RIDER:5
1229,0,0,true,,,utility,curriculum_pass,3,75,96160417042,96160406463,10,0,GREEN,false,5,0,3,3,GOBLIN:1;SCORPION_RIDER:9,GOBLIN:1;SCORPION_RIDER:9
1230,0,0,true,,,curriculum_pass,utility,3,75,96160417042,96160406463,15,0,BLUE,false,0,5,3,3,GOBLIN:1;SCORPION_RIDER:9,GOBLIN:1;SCORPION_RIDER:9
1231,0,0,true,,,utility,curriculum_pass,3,75,96160424961,96160414380,48,0,,false,18,18,3,3,GOBLIN:2;GOLEM:3;SPIDER:13,GOBLIN:2;GOLEM:3;SPIDER:13
1232,0,0,true,,,curriculum_pass,utility,3,75,96160424961,96160414380,48,0,,false,18,18,3,3,GOBLIN:2;GOLEM:3;SPIDER:13,GOBLIN:2;GOLEM:3;SPIDER:13
1233,0,0,true,,,utility,curriculum_pass,3,75,96160432880,96160390237,20,0,GREEN,false,1,0,2,2,ARCHER:4;MAGE:7,ARCHER:4;MAGE:7
1234,0,0,true,,,curriculum_pass,utility,3,75,96160432880,96160390237,48,0,,false,11,11,2,2,ARCHER:4;MAGE:7,ARCHER:4;MAGE:7
1235,0,0,true,,,utility,curriculum_pass,3,75,96160440799,96160399218,10,0,GREEN,false,13,0,2,2,ARCHER:8;SPIDER:9,ARCHER:8;SPIDER:9
1236,0,0,true,,,curriculum_pass,utility,3,75,96160440799,96160399218,48,0,,false,17,17,2,2,ARCHER:8;SPIDER:9,ARCHER:8;SPIDER:9
1237,0,0,true,,,utility,curriculum_pass,3,75,96160448718,96160505443,111,0,,false,23,13,3,3,GARGOYLE:1;GOBLIN:10;SPIDER:12,GARGOYLE:1;GOBLIN:10;SPIDER:12
1238,0,0,true,,,curriculum_pass,utility,3,75,96160448718,96160505443,15,0,BLUE,false,0,23,3,3,GARGOYLE:1;GOBLIN:10;SPIDER:12,GARGOYLE:1;GOBLIN:10;SPIDER:12
1239,0,0,true,,,utility,curriculum_pass,3,75,96168336042,96168346631,10,0,GREEN,false,7,0,3,3,ARCHER:11;SCORPION_RIDER:1,ARCHER:11;SCORPION_RIDER:1
1240,0,0,true,,,curriculum_pass,utility,3,75,96168336042,96168346631,11,0,BLUE,false,0,8,3,3,ARCHER:11;SCORPION_RIDER:1,ARCHER:11;SCORPION_RIDER:1
1241,0,0,true,,,utility,curriculum_pass,3,75,96168343961,96168355636,14,0,GREEN,false,8,0,3,3,GOBLIN:14;SCORPION_RIDER:4,GOBLIN:14;SCORPION_RIDER:4
1242,0,0,true,,,curriculum_pass,utility,3,75,96168343961,96168355636,70,0,,false,7,9,3,3,GOBLIN:14;SCORPION_RIDER:4,GOBLIN:14;SCORPION_RIDER:4
1243,0,0,true,,,utility,curriculum_pass,3,75,96168351880,96168330789,12,0,GREEN,false,5,0,3,3,GOBLIN:1;MAGE:10,GOBLIN:1;MAGE:10
1244,0,0,true,,,curriculum_pass,utility,3,75,96168351880,96168330789,68,0,,false,4,3,3,3,GOBLIN:1;MAGE:10,GOBLIN:1;MAGE:10
1245,0,0,true,,,utility,curriculum_pass,3,75,96168359799,96168339930,57,0,,false,11,9,4,4,ASSASSIN:1;GARGOYLE:9;SPIDER:1,ASSASSIN:1;GARGOYLE:9;SPIDER:1
1246,0,0,true,,,curriculum_pass,utility,3,75,96168359799,96168339930,43,0,BLUE,false,0,8,4,4,ASSASSIN:1;GARGOYLE:9;SPIDER:1,ASSASSIN:1;GARGOYLE:9;SPIDER:1
1247,0,0,true,,,utility,curriculum_pass,3,75,96168367718,96168315083,12,0,GREEN,false,13,0,2,2,ARCHER:6;SPIDER:13,ARCHER:6;SPIDER:13
1248,0,0,true,,,curriculum_pass,utility,3,75,96168367718,96168315083,11,0,BLUE,false,0,15,2,2,ARCHER:6;SPIDER:13,ARCHER:6;SPIDER:13
1249,0,0,true,,,utility,curriculum_pass,3,75,96176255042,96176303855,42,0,GREEN,false,8,0,3,3,GARGOYLE:3;MAGE:7;SPIDER:1,GARGOYLE:3;MAGE:7;SPIDER:1
1250,0,0,true,,,curriculum_pass,utility,3,75,96176255042,96176303855,21,0,BLUE,false,0,6,3,3,GARGOYLE:3;MAGE:7;SPIDER:1,GARGOYLE:3;MAGE:7;SPIDER:1
1251,0,0,true,,,utility,curriculum_pass,3,75,96176262961,96176279964,10,0,GREEN,false,11,0,3,3,ARCHER:8;SCORPION_RIDER:3;SPIDER:1,ARCHER:8;SCORPION_RIDER:3;SPIDER:1
1252,0,0,true,,,curriculum_pass,utility,3,75,96176262961,96176279964,9,0,BLUE,false,0,10,3,3,ARCHER:8;SCORPION_RIDER:3;SPIDER:1,ARCHER:8;SCORPION_RIDER:3;SPIDER:1
1253,0,0,true,,,utility,curriculum_pass,3,75,96176270880,96176287885,48,0,,false,18,18,3,3,GARGOYLE:5;SPIDER:13,GARGOYLE:5;SPIDER:13
1254,0,0,true,,,curriculum_pass,utility,3,75,96176270880,96176287885,92,0,,false,10,9,3,3,GARGOYLE:5;SPIDER:13,GARGOYLE:5;SPIDER:13
1255,0,0,true,,,utility,curriculum_pass,3,75,96176278799,96176264098,34,0,GREEN,false,8,0,3,3,GOBLIN:11;GOLEM:4,GOBLIN:11;GOLEM:4
1256,0,0,true,,,curriculum_pass,utility,3,75,96176278799,96176264098,29,0,BLUE,false,0,5,3,3,GOBLIN:11;GOLEM:4,GOBLIN:11;GOLEM:4
1257,0,0,true,,,utility,curriculum_pass,3,75,96176286718,96176272723,48,0,,false,10,10,3,3,GARGOYLE:4;GOBLIN:2;GOLEM:4,GARGOYLE:4;GOBLIN:2;GOLEM:4
1258,0,0,true,,,curriculum_pass,utility,3,75,96176286718,96176272723,48,0,,false,10,10,3,3,GARGOYLE:4;GOBLIN:2;GOLEM:4,GARGOYLE:4;GOBLIN:2;GOLEM:4
1259,0,0,true,,,utility,curriculum_pass,3,75,96184174042,96184228727,18,0,GREEN,false,11,0,3,3,GOBLIN:1;MAGE:7;SPIDER:7,GOBLIN:1;MAGE:7;SPIDER:7
1260,0,0,true,,,curriculum_pass,utility,3,75,96184174042,96184228727,56,0,,false,14,14,3,3,GOBLIN:1;MAGE:7;SPIDER:7,GOBLIN:1;MAGE:7;SPIDER:7
1261,0,0,true,,,utility,curriculum_pass,3,75,96184181961,96184236644,28,0,GREEN,false,10,0,4,4,ASSASSIN:1;GARGOYLE:5;MAGE:4;SPIDER:1,ASSASSIN:1;GARGOYLE:5;MAGE:4;SPIDER:1
1262,0,0,true,,,curriculum_pass,utility,3,75,96184181961,96184236644,21,0,BLUE,false,0,11,4,4,ASSASSIN:1;GARGOYLE:5;MAGE:4;SPIDER:1,ASSASSIN:1;GARGOYLE:5;MAGE:4;SPIDER:1
1263,0,0,true,,,utility,curriculum_pass,3,75,96184189880,96184212757,12,0,GREEN,false,4,0,4,4,ARCHER:1;GOBLIN:1;SCORPION_RIDER:8,ARCHER:1;GOBLIN:1;SCORPION_RIDER:8
1264,0,0,true,,,curriculum_pass,utility,3,75,96184189880,96184212757,21,0,BLUE,false,0,5,4,4,ARCHER:1;GOBLIN:1;SCORPION_RIDER:8,ARCHER:1;GOBLIN:1;SCORPION_RIDER:8
1265,0,0,true,,,utility,curriculum_pass,3,75,96184197799,96184220682,12,0,GREEN,false,6,0,3,3,ARCHER:1;GOLEM:2;SCORPION_RIDER:6,ARCHER:1;GOLEM:2;SCORPION_RIDER:6
1266,0,0,true,,,curriculum_pass,utility,3,75,96184197799,96184220682,17,0,BLUE,false,0,3,3,3,ARCHER:1;GOLEM:2;SCORPION_RIDER:6,ARCHER:1;GOLEM:2;SCORPION_RIDER:6
1267,0,0,true,,,utility,curriculum_pass,3,75,96184205718,96184196923,10,0,GREEN,false,9,0,4,4,ARCHER:4;GOBLIN:1;MAGE:1;SCORPION_RIDER:5,ARCHER:4;GOBLIN:1;MAGE:1;SCORPION_RIDER:5
1268,0,0,true,,,curriculum_pass,utility,3,75,96184205718,96184196923,11,0,BLUE,false,0,10,4,4,ARCHER:4;GOBLIN:1;MAGE:1;SCORPION_RIDER:5,ARCHER:4;GOBLIN:1;MAGE:1;SCORPION_RIDER:5
1269,0,0,true,,,utility,curriculum_pass,3,75,396456816042,396456768263,14,0,GREEN,false,4,0,3,3,ARCHER:8;ASSASSIN:3;SPIDER:2,ARCHER:8;ASSASSIN:3;SPIDER:2
1270,0,0,true,,,curriculum_pass,utility,3,75,396456816042,396456768263,13,0,BLUE,false,0,7,3,3,ARCHER:8;ASSASSIN:3;SPIDER:2,ARCHER:8;ASSASSIN:3;SPIDER:2
1271,0,0,true,,,utility,curriculum_pass,3,75,396456823961,396456874548,102,0,GREEN,false,9,0,3,3,GOLEM:3;SCORPION_RIDER:5;SPIDER:1,GOLEM:3;SCORPION_RIDER:5;SPIDER:1
1272,0,0,true,,,curriculum_pass,utility,3,75,396456823961,396456874548,19,0,BLUE,false,0,7,3,3,GOLEM:3;SCORPION_RIDER:5;SPIDER:1,GOLEM:3;SCORPION_RIDER:5;SPIDER:1
1273,0,0,true,,,utility,curriculum_pass,3,75,396456831880,396456883493,48,0,,false,12,12,3,3,ARCHER:11;GARGOYLE:1,ARCHER:11;GARGOYLE:1
1274,0,0,true,,,curriculum_pass,utility,3,75,396456831880,396456883493,17,0,BLUE,false,0,5,3,3,ARCHER:11;GARGOYLE:1,ARCHER:11;GARGOYLE:1
1275,0,0,true,,,utility,curriculum_pass,3,75,396456839799,396456858842,48,0,,false,18,18,3,3,ARCHER:7;SPIDER:11,ARCHER:7;SPIDER:11
1276,0,0,true,,,curriculum_pass,utility,3,75,396456839799,396456858842,48,0,,false,18,18,3,3,ARCHER:7;SPIDER:11,ARCHER:7;SPIDER:11
1277,0,0,true,,,utility,curriculum_pass,3,75,396456847718,396456867787,12,0,GREEN,false,15,0,2,2,MAGE:5;SPIDER:13,MAGE:5;SPIDER:13
1278,0,0,true,,,curriculum_pass,utility,3,75,396456847718,396456867787,48,0,,false,18,18,2,2,MAGE:5;SPIDER:13,MAGE:5;SPIDER:13
1279,0,0,true,,,utility,curriculum_pass,3,75,96944398042,96944439415,14,0,GREEN,false,7,0,2,2,GOBLIN:11;GOLEM:4,GOBLIN:11;GOLEM:4
1280,0,0,true,,,curriculum_pass,utility,3,75,96944398042,96944439415,60,0,,false,4,9,2,2,GOBLIN:11;GOLEM:4,GOBLIN:11;GOLEM:4
1281,0,0,true,,,utility,curriculum_pass,3,75,96944405961,96944448356,63,0,,false,11,4,3,3,ARCHER:9;GOBLIN:7,ARCHER:9;GOBLIN:7
1282,0,0,true,,,curriculum_pass,utility,3,75,96944405961,96944448356,17,0,BLUE,false,0,10,3,3,ARCHER:9;GOBLIN:7,ARCHER:9;GOBLIN:7
1283,0,0,true,,,utility,curriculum_pass,3,75,96944413880,96944423445,48,0,,false,15,15,3,3,GOBLIN:10;GOLEM:4;SPIDER:1,GOBLIN:10;GOLEM:4;SPIDER:1
1284,0,0,true,,,curriculum_pass,utility,3,75,96944413880,96944423445,62,0,,false,15,7,3,3,GOBLIN:10;GOLEM:4;SPIDER:1,GOBLIN:10;GOLEM:4;SPIDER:1
1285,0,0,true,,,utility,curriculum_pass,3,75,96944421799,96944432394,48,0,,false,25,25,3,3,GOBLIN:12;SPIDER:13,GOBLIN:12;SPIDER:13
1286,0,0,true,,,curriculum_pass,utility,3,75,96944421799,96944432394,48,0,,false,25,25,3,3,GOBLIN:12;SPIDER:13,GOBLIN:12;SPIDER:13
1287,0,0,true,,,utility,curriculum_pass,3,75,96944429718,96944407611,32,0,GREEN,false,10,0,3,3,ASSASSIN:2;MAGE:8;SPIDER:1,ASSASSIN:2;MAGE:8;SPIDER:1
1288,0,0,true,,,curriculum_pass,utility,3,75,96944429718,96944407611,56,0,,false,8,10,3,3,ASSASSIN:2;MAGE:8;SPIDER:1,ASSASSIN:2;MAGE:8;SPIDER:1
1289,0,0,true,,,utility,curriculum_pass,3,75,96952317042,96952265439,8,0,GREEN,false,13,0,3,3,MAGE:7;SPIDER:8,MAGE:7;SPIDER:8
1290,0,0,true,,,curriculum_pass,utility,3,75,96952317042,96952265439,19,0,BLUE,false,0,12,3,3,MAGE:7;SPIDER:8,MAGE:7;SPIDER:8
1291,0,0,true,,,utility,curriculum_pass,3,75,96952324961,96952372684,48,0,,false,19,19,3,3,ARCHER:6;SPIDER:13,ARCHER:6;SPIDER:13
1292,0,0,true,,,curriculum_pass,utility,3,75,96952324961,96952372684,58,0,,false,4,17,3,3,ARCHER:6;SPIDER:13,ARCHER:6;SPIDER:13
1293,0,0,true,,,utility,curriculum_pass,3,75,96952332880,96952380669,61,0,,false,8,3,2,2,ARCHER:7;GOBLIN:11,ARCHER:7;GOBLIN:11
1294,0,0,true,,,curriculum_pass,utility,3,75,96952332880,96952380669,21,0,BLUE,false,0,14,2,2,ARCHER:7;GOBLIN:11,ARCHER:7;GOBLIN:11
1295,0,0,true,,,utility,curriculum_pass,3,75,96952340799,96952356754,48,0,,false,10,10,3,3,GARGOYLE:6;GOLEM:3;SPIDER:1,GARGOYLE:6;GOLEM:3;SPIDER:1
1296,0,0,true,,,curriculum_pass,utility,3,75,96952340799,96952356754,48,0,,false,10,10,3,3,GARGOYLE:6;GOLEM:3;SPIDER:1,GARGOYLE:6;GOLEM:3;SPIDER:1
1297,0,0,true,,,utility,curriculum_pass,3,75,96952348718,96952364675,20,0,GREEN,false,10,0,3,3,GARGOYLE:4;GOLEM:4;SPIDER:2,GARGOYLE:4;GOLEM:4;SPIDER:2
1298,0,0,true,,,curriculum_pass,utility,3,75,96952348718,96952364675,21,0,BLUE,false,0,8,3,3,GARGOYLE:4;GOLEM:4;SPIDER:2,GARGOYLE:4;GOLEM:4;SPIDER:2
1299,0,0,true,,,utility,curriculum_pass,3,75,96960236042,96960189607,20,0,GREEN,false,4,0,3,3,GOBLIN:1;GOLEM:3;SCORPION_RIDER:5,GOBLIN:1;GOLEM:3;SCORPION_RIDER:5
1300,0,0,true,,,curriculum_pass,utility,3,75,96960236042,96960189607,60,0,,false,5,7,3,3,GOBLIN:1;GOLEM:3;SCORPION_RIDER:5,GOBLIN:1;GOLEM:3;SCORPION_RIDER:5
1301,0,0,true,,,utility,curriculum_pass,3,75,96960243961,96960198228,10,0,GREEN,false,17,0,3,3,GOBLIN:1;SCORPION_RIDER:4;SPIDER:13,GOBLIN:1;SCORPION_RIDER:4;SPIDER:13
1302,0,0,true,,,curriculum_pass,utility,3,75,96960243961,96960198228,19,0,BLUE,false,0,3,3,3,GOBLIN:1;SCORPION_RIDER:4;SPIDER:13,GOBLIN:1;SCORPION_RIDER:4;SPIDER:13
1303,0,0,true,,,utility,curriculum_pass,3,75,96960251880,96960305477,18,0,GREEN,false,9,0,3,3,GOBLIN:1;MAGE:10,GOBLIN:1;MAGE:10
1304,0,0,true,,,curriculum_pass,utility,3,75,96960251880,96960305477,15,0,BLUE,false,0,4,3,3,GOBLIN:1;MAGE:10,GOBLIN:1;MAGE:10
1305,0,0,true,,,utility,curriculum_pass,3,75,96960259799,96960313466,26,0,GREEN,false,15,0,3,3,GOLEM:4;SPIDER:11,GOLEM:4;SPIDER:11
1306,0,0,true,,,curriculum_pass,utility,3,75,96960259799,96960313466,17,0,BLUE,false,0,11,3,3,GOLEM:4;SPIDER:11,GOLEM:4;SPIDER:11
1307,0,0,true,,,utility,curriculum_pass,3,75,96960267718,96960289643,59,0,,false,15,13,3,3,GOBLIN:1;SCORPION_RIDER:4;SPIDER:13,GOBLIN:1;SCORPION_RIDER:4;SPIDER:13
1308,0,0,true,,,curriculum_pass,utility,3,75,96960267718,96960289643,60,0,,false,5,18,3,3,GOBLIN:1;SCORPION_RIDER:4;SPIDER:13,GOBLIN:1;SCORPION_RIDER:4;SPIDER:13
1309,0,0,true,,,utility,curriculum_pass,3,75,96968155042,96968130831,48,0,,false,19,19,2,2,MAGE:4;SPIDER:15,MAGE:4;SPIDER:15
1310,0,0,true,,,curriculum_pass,utility,3,75,96968155042,96968130831,48,0,,false,19,19,2,2,MAGE:4;SPIDER:15,MAGE:4;SPIDER:15
1311,0,0,true,,,utility,curriculum_pass,3,75,96968162961,96968138812,20,0,GREEN,false,5,0,3,3,ARCHER:1;GARGOYLE:5;SCORPION_RIDER:4,ARCHER:1;GARGOYLE:5;SCORPION_RIDER:4
1312,0,0,true,,,curriculum_pass,utility,3,75,96968162961,96968138812,15,0,BLUE,false,0,8,3,3,ARCHER:1;GARGOYLE:5;SCORPION_RIDER:4,ARCHER:1;GARGOYLE:5;SCORPION_RIDER:4
1313,0,0,true,,,utility,curriculum_pass,3,75,96968170880,96968114989,12,0,GREEN,false,5,0,2,2,ARCHER:4;MAGE:7,ARCHER:4;MAGE:7
1314,0,0,true,,,curriculum_pass,utility,3,75,96968170880,96968114989,17,0,BLUE,false,0,5,2,2,ARCHER:4;MAGE:7,ARCHER:4;MAGE:7
1315,0,0,true,,,utility,curriculum_pass,3,75,96968178799,96968123074,12,0,GREEN,false,12,0,3,3,MAGE:7;SPIDER:8,MAGE:7;SPIDER:8
1316,0,0,true,,,curriculum_pass,utility,3,75,96968178799,96968123074,48,0,,false,15,15,3,3,MAGE:7;SPIDER:8,MAGE:7;SPIDER:8
1317,0,0,true,,,utility,curriculum_pass,3,75,96968186718,96968230387,51,0,,false,7,6,2,2,ARCHER:3;ASSASSIN:8,ARCHER:3;ASSASSIN:8
1318,0,0,true,,,curriculum_pass,utility,3,75,96968186718,96968230387,7,0,BLUE,false,0,9,2,2,ARCHER:3;ASSASSIN:8,ARCHER:3;ASSASSIN:8
1319,0,0,true,,,utility,curriculum_pass,3,75,96976074042,96976087959,8,0,GREEN,false,9,0,3,3,ARCHER:3;SCORPION_RIDER:7,ARCHER:3;SCORPION_RIDER:7
1320,0,0,true,,,curriculum_pass,utility,3,75,96976074042,96976087959,11,0,BLUE,false,0,8,3,3,ARCHER:3;SCORPION_RIDER:7,ARCHER:3;SCORPION_RIDER:7
1321,0,0,true,,,utility,curriculum_pass,3,75,96976081961,96976063108,18,0,GREEN,false,9,0,3,3,GARGOYLE:2;MAGE:8;SPIDER:1,GARGOYLE:2;MAGE:8;SPIDER:1
1322,0,0,true,,,curriculum_pass,utility,3,75,96976081961,96976063108,19,0,BLUE,false,0,5,3,3,GARGOYLE:2;MAGE:8;SPIDER:1,GARGOYLE:2;MAGE:8;SPIDER:1
1323,0,0,true,,,utility,curriculum_pass,3,75,96976089880,96976072117,48,0,,false,24,24,3,3,ARCHER:1;GOBLIN:7;SPIDER:16,ARCHER:1;GOBLIN:7;SPIDER:16
1324,0,0,true,,,curriculum_pass,utility,3,75,96976089880,96976072117,67,0,BLUE,false,0,24,3,3,ARCHER:1;GOBLIN:7;SPIDER:16,ARCHER:1;GOBLIN:7;SPIDER:16
1325,0,0,true,,,utility,curriculum_pass,3,75,96976097799,96976047274,8,0,GREEN,false,12,0,2,2,ARCHER:5;SPIDER:15,ARCHER:5;SPIDER:15
1326,0,0,true,,,curriculum_pass,utility,3,75,96976097799,96976047274,7,0,BLUE,false,0,18,2,2,ARCHER:5;SPIDER:15,ARCHER:5;SPIDER:15
1327,0,0,true,,,utility,curriculum_pass,3,75,96976105718,96976055899,48,0,,false,19,19,2,2,MAGE:4;SPIDER:15,MAGE:4;SPIDER:15
1328,0,0,true,,,curriculum_pass,utility,3,75,96976105718,96976055899,15,0,BLUE,false,0,18,2,2,MAGE:4;SPIDER:15,MAGE:4;SPIDER:15
1329,0,0,true,,,utility,curriculum_pass,3,75,396464735042,396464692719,48,0,,false,10,10,3,3,GARGOYLE:6;GOLEM:3;SPIDER:1,GARGOYLE:6;GOLEM:3;SPIDER:1
1330,0,0,true,,,curriculum_pass,utility,3,75,396464735042,396464692719,48,0,,false,10,10,3,3,GARGOYLE:6;GOLEM:3;SPIDER:1,GARGOYLE:6;GOLEM:3;SPIDER:1
1331,0,0,true,,,utility,curriculum_pass,3,75,396464742961,396464700572,63,0,,false,21,10,4,4,ARCHER:4;GOBLIN:12;SPIDER:5,ARCHER:4;GOBLIN:12;SPIDER:5
1332,0,0,true,,,curriculum_pass,utility,3,75,396464742961,396464700572,48,0,,false,21,21,4,4,ARCHER:4;GOBLIN:12;SPIDER:5,ARCHER:4;GOBLIN:12;SPIDER:5
1333,0,0,true,,,utility,curriculum_pass,3,75,396464750880,396464807821,8,0,GREEN,false,12,0,3,3,ARCHER:6;ASSASSIN:5;GOBLIN:1,ARCHER:6;ASSASSIN:5;GOBLIN:1
1334,0,0,true,,,curriculum_pass,utility,3,75,396464750880,396464807821,19,0,BLUE,false,0,8,3,3,ARCHER:6;ASSASSIN:5;GOBLIN:1,ARCHER:6;ASSASSIN:5;GOBLIN:1
1335,0,0,true,,,utility,curriculum_pass,3,75,396464758799,396464815778,57,0,,false,14,11,3,3,ARCHER:1;ASSASSIN:4;SPIDER:13,ARCHER:1;ASSASSIN:4;SPIDER:13
1336,0,0,true,,,curriculum_pass,utility,3,75,396464758799,396464815778,33,0,BLUE,false,0,17,3,3,ARCHER:1;ASSASSIN:4;SPIDER:13,ARCHER:1;ASSASSIN:4;SPIDER:13
1337,0,0,true,,,utility,curriculum_pass,3,75,396464766718,396464808019,22,0,GREEN,false,1,0,2,2,ARCHER:3;MAGE:8,ARCHER:3;MAGE:8
1338,0,0,true,,,curriculum_pass,utility,3,75,396464766718,396464808019,48,0,,false,11,11,2,2,ARCHER:3;MAGE:8,ARCHER:3;MAGE:8
1339,0,0,true,,,utility,curriculum_pass,3,75,97736298042,97736282263,83,0,,false,10,6,4,4,GOBLIN:3;GOLEM:6;SPIDER:2,GOBLIN:3;GOLEM:6;SPIDER:2
1340,0,0,true,,,curriculum_pass,utility,3,75,97736298042,97736282263,100,0,,false,4,9,4,4,GOBLIN:3;GOLEM:6;SPIDER:2,GOBLIN:3;GOLEM:6;SPIDER:2
1341,0,0,true,,,utility,curriculum_pass,3,75,97736305961,97736291204,38,0,GREEN,false,6,0,3,3,ASSASSIN:4;GARGOYLE:6;GOBLIN:1,ASSASSIN:4;GARGOYLE:6;GOBLIN:1
1342,0,0,true,,,curriculum_pass,utility,3,75,97736305961,97736291204,78,0,,false,9,7,3,3,ASSASSIN:4;GARGOYLE:6;GOBLIN:1,ASSASSIN:4;GARGOYLE:6;GOBLIN:1
1343,0,0,true,,,utility,curriculum_pass,3,75,97736313880,97736266421,67,0,,false,10,9,3,3,GARGOYLE:6;GOLEM:3;SPIDER:1,GARGOYLE:6;GOLEM:3;SPIDER:1
1344,0,0,true,,,curriculum_pass,utility,3,75,97736313880,97736266421,39,0,BLUE,false,0,10,3,3,GARGOYLE:6;GOLEM:3;SPIDER:1,GARGOYLE:6;GOLEM:3;SPIDER:1
1345,0,0,true,,,utility,curriculum_pass,3,75,97736321799,97736275370,10,0,GREEN,false,18,0,2,2,SCORPION_RIDER:4;SPIDER:14,SCORPION_RIDER:4;SPIDER:14
1346,0,0,true,,,curriculum_pass,utility,3,75,97736321799,97736275370,9,0,BLUE,false,0,18,2,2,SCORPION_RIDER:4;SPIDER:14,SCORPION_RIDER:4;SPIDER:14
1347,0,0,true,,,utility,curriculum_pass,3,75,97736329718,97736382299,6,0,GREEN,false,9,0,3,3,ASSASSIN:7;MAGE:3;SPIDER:1,ASSASSIN:7;MAGE:3;SPIDER:1
1348,0,0,true,,,curriculum_pass,utility,3,75,97736329718,97736382299,9,0,BLUE,false,0,7,3,3,ASSASSIN:7;MAGE:3;SPIDER:1,ASSASSIN:7;MAGE:3;SPIDER:1
1349,0,0,true,,,utility,curriculum_pass,3,75,97744217042,97744239999,10,0,GREEN,false,4,0,3,3,ARCHER:10;ASSASSIN:2,ARCHER:10;ASSASSIN:2
1350,0,0,true,,,curriculum_pass,utility,3,75,97744217042,97744239999,56,0,,false,10,12,3,3,ARCHER:10;ASSASSIN:2,ARCHER:10;ASSASSIN:2
1351,0,0,true,,,utility,curriculum_pass,3,75,97744224961,97744215148,63,0,,false,10,7,2,2,ARCHER:8;GOBLIN:9,ARCHER:8;GOBLIN:9
1352,0,0,true,,,curriculum_pass,utility,3,75,97744224961,97744215148,11,0,BLUE,false,0,17,2,2,ARCHER:8;GOBLIN:9,ARCHER:8;GOBLIN:9
1353,0,0,true,,,utility,curriculum_pass,3,75,97744232880,97744224029,16,0,GREEN,false,6,0,2,2,GARGOYLE:5;SCORPION_RIDER:5,GARGOYLE:5;SCORPION_RIDER:5
1354,0,0,true,,,curriculum_pass,utility,3,75,97744232880,97744224029,48,0,,false,10,10,2,2,GARGOYLE:5;SCORPION_RIDER:5,GARGOYLE:5;SCORPION_RIDER:5
1355,0,0,true,,,utility,curriculum_pass,3,75,97744240799,97744199218,48,0,,false,10,10,3,3,GARGOYLE:5;SCORPION_RIDER:5,GARGOYLE:5;SCORPION_RIDER:5
1356,0,0,true,,,curriculum_pass,utility,3,75,97744240799,97744199218,62,0,,false,4,9,3,3,GARGOYLE:5;SCORPION_RIDER:5,GARGOYLE:5;SCORPION_RIDER:5
1357,0,0,true,,,utility,curriculum_pass,3,75,97744248718,97744191779,48,0,,false,17,17,2,2,ARCHER:8;SPIDER:9,ARCHER:8;SPIDER:9
1358,0,0,true,,,curriculum_pass,utility,3,75,97744248718,97744191779,48,0,,false,17,17,2,2,ARCHER:8;SPIDER:9,ARCHER:8;SPIDER:9
1359,0,0,true,,,utility,curriculum_pass,3,75,97752136042,97752180679,48,0,,false,11,11,3,3,ARCHER:4;GOLEM:4;SPIDER:3,ARCHER:4;GOLEM:4;SPIDER:3
1360,0,0,true,,,curriculum_pass,utility,3,75,97752136042,97752180679,54,0,,false,8,11,3,3,ARCHER:4;GOLEM:4;SPIDER:3,ARCHER:4;GOLEM:4;SPIDER:3
1361,0,0,true,,,utility,curriculum_pass,3,75,97752143961,97752155892,48,0,,false,19,19,2,2,GARGOYLE:4;SPIDER:15,GARGOYLE:4;SPIDER:15
1362,0,0,true,,,curriculum_pass,utility,3,75,97752143961,97752155892,60,0,,false,4,16,2,2,GARGOYLE:4;SPIDER:15,GARGOYLE:4;SPIDER:15
1363,0,0,true,,,utility,curriculum_pass,3,75,97752151880,97752164837,16,0,GREEN,false,4,0,3,3,ASSASSIN:4;GOLEM:4;MAGE:1,ASSASSIN:4;GOLEM:4;MAGE:1
1364,0,0,true,,,curriculum_pass,utility,3,75,97752151880,97752164837,23,0,BLUE,false,0,4,3,3,ASSASSIN:4;GOLEM:4;MAGE:1,ASSASSIN:4;GOLEM:4;MAGE:1
1365,0,0,true,,,utility,curriculum_pass,3,75,97752159799,97752139930,48,0,,false,25,25,3,3,GOBLIN:2;SPIDER:23,GOBLIN:2;SPIDER:23
1366,0,0,true,,,curriculum_pass,utility,3,75,97752159799,97752139930,48,0,,false,25,25,3,3,GOBLIN:2;SPIDER:23,GOBLIN:2;SPIDER:23
1367,0,0,true,,,utility,curriculum_pass,3,75,97752167718,97752148875,48,0,,false,23,23,3,3,GARGOYLE:1;GOBLIN:22,GARGOYLE:1;GOBLIN:22
1368,0,0,true,,,curriculum_pass,utility,3,75,97752167718,97752148875,48,0,,false,23,23,3,3,GARGOYLE:1;GOBLIN:22,GARGOYLE:1;GOBLIN:22
1369,0,0,true,,,utility,curriculum_pass,3,75,97760055042,97760104879,22,0,GREEN,false,8,0,2,2,GOBLIN:6;MAGE:8,GOBLIN:6;MAGE:8
1370,0,0,true,,,curriculum_pass,utility,3,75,97760055042,97760104879,15,0,BLUE,false,0,13,2,2,GOBLIN:6;MAGE:8,GOBLIN:6;MAGE:8
1371,0,0,true,,,utility,curriculum_pass,3,75,97760062961,97760113500,48,0,,false,25,25,2,2,GOBLIN:10;SPIDER:15,GOBLIN:10;SPIDER:15
1372,0,0,true,,,curriculum_pass,utility,3,75,97760062961,97760113500,60,0,,false,8,21,2,2,GOBLIN:10;SPIDER:15,GOBLIN:10;SPIDER:15
1373,0,0,true,,,utility,curriculum_pass,3,75,97760070880,97760088653,48,0,,false,25,25,3,3,GOBLIN:25,GOBLIN:25
1374,0,0,true,,,curriculum_pass,utility,3,75,97760070880,97760088653,60,0,,false,22,24,3,3,GOBLIN:25,GOBLIN:25
1375,0,0,true,,,utility,curriculum_pass,3,75,97760078799,97760097634,22,0,GREEN,false,12,0,3,3,ARCHER:2;GOBLIN:21,ARCHER:2;GOBLIN:21
1376,0,0,true,,,curriculum_pass,utility,3,75,97760078799,97760097634,55,0,BLUE,false,0,21,3,3,ARCHER:2;GOBLIN:21,ARCHER:2;GOBLIN:21
1377,0,0,true,,,utility,curriculum_pass,3,75,97760086718,97760072723,83,0,,false,6,7,3,3,GARGOYLE:6;GOLEM:3;SPIDER:1,GARGOYLE:6;GOLEM:3;SPIDER:1
1378,0,0,true,,,curriculum_pass,utility,3,75,97760086718,97760072723,48,0,,false,10,10,3,3,GARGOYLE:6;GOLEM:3;SPIDER:1,GARGOYLE:6;GOLEM:3;SPIDER:1
1379,0,0,true,,,utility,curriculum_pass,3,75,97767974042,97767930423,67,0,,false,7,4,3,3,GOBLIN:1;GOLEM:7,GOBLIN:1;GOLEM:7
1380,0,0,true,,,curriculum_pass,utility,3,75,97767974042,97767930423,66,0,,false,4,7,3,3,GOBLIN:1;GOLEM:7,GOBLIN:1;GOLEM:7
1381,0,0,true,,,utility,curriculum_pass,3,75,97767981961,97768037668,49,0,,false,13,14,2,2,ASSASSIN:7;GOBLIN:8,ASSASSIN:7;GOBLIN:8
1382,0,0,true,,,curriculum_pass,utility,3,75,97767981961,97768037668,66,0,,false,5,5,2,2,ASSASSIN:7;GOBLIN:8,ASSASSIN:7;GOBLIN:8
1383,0,0,true,,,utility,curriculum_pass,3,75,97767989880,97768045781,12,0,GREEN,false,6,0,3,3,SCORPION_RIDER:4;SPIDER:14,SCORPION_RIDER:4;SPIDER:14
1384,0,0,true,,,curriculum_pass,utility,3,75,97767989880,97768045781,11,0,BLUE,false,0,16,3,3,SCORPION_RIDER:4;SPIDER:14,SCORPION_RIDER:4;SPIDER:14
1385,0,0,true,,,utility,curriculum_pass,3,75,97767997799,97768021962,10,0,GREEN,false,4,0,3,3,ASSASSIN:10;SPIDER:1,ASSASSIN:10;SPIDER:1
1386,0,0,true,,,curriculum_pass,utility,3,75,97767997799,97768021962,9,0,BLUE,false,0,3,3,3,ASSASSIN:10;SPIDER:1,ASSASSIN:10;SPIDER:1
1387,0,0,true,,,utility,curriculum_pass,3,75,97768005718,97768029947,36,0,GREEN,false,13,0,3,3,ASSASSIN:4;GARGOYLE:5;GOBLIN:4,ASSASSIN:4;GARGOYLE:5;GOBLIN:4
1388,0,0,true,,,curriculum_pass,utility,3,75,97768005718,97768029947,29,0,BLUE,false,0,8,3,3,ASSASSIN:4;GARGOYLE:5;GOBLIN:4,ASSASSIN:4;GARGOYLE:5;GOBLIN:4
1389,0,0,true,,,utility,curriculum_pass,3,75,396472654042,396472632951,48,0,,false,23,23,3,3,GARGOYLE:1;GOBLIN:22,GARGOYLE:1;GOBLIN:22
1390,0,0,true,,,curriculum_pass,utility,3,75,396472654042,396472632951,48,0,,false,23,23,3,3,GARGOYLE:1;GOBLIN:22,GARGOYLE:1;GOBLIN:22
1391,0,0,true,,,utility,curriculum_pass,3,75,396472661961,396472641892,88,0,GREEN,false,14,0,3,3,GARGOYLE:4;MAGE:1;SPIDER:13,GARGOYLE:4;MAGE:1;SPIDER:13
1392,0,0,true,,,curriculum_pass,utility,3,75,396472661961,396472641892,48,0,,false,18,18,3,3,GARGOYLE:4;MAGE:1;SPIDER:13,GARGOYLE:4;MAGE:1;SPIDER:13
1393,0,0,true,,,utility,curriculum_pass,3,75,396472669880,396472616981,14,0,GREEN,false,16,0,2,2,GOBLIN:10;SPIDER:15,GOBLIN:10;SPIDER:15
1394,0,0,true,,,curriculum_pass,utility,3,75,396472669880,396472616981,48,0,,false,25,25,2,2,GOBLIN:10;SPIDER:15,GOBLIN:10;SPIDER:15
1395,0,0,true,,,utility,curriculum_pass,3,75,396472677799,396472625930,14,0,GREEN,false,8,0,3,3,ASSASSIN:4;GOLEM:4;SPIDER:2,ASSASSIN:4;GOLEM:4;SPIDER:2
1396,0,0,true,,,curriculum_pass,utility,3,75,396472677799,396472625930,56,0,,false,8,6,3,3,ASSASSIN:4;GOLEM:4;SPIDER:2,ASSASSIN:4;GOLEM:4;SPIDER:2
1397,0,0,true,,,utility,curriculum_pass,3,75,396472685718,396472732219,8,0,GREEN,false,7,0,2,2,ARCHER:4;ASSASSIN:7,ARCHER:4;ASSASSIN:7
1398,0,0,true,,,curriculum_pass,utility,3,75,396472685718,396472732219,13,0,BLUE,false,0,6,2,2,ARCHER:4;ASSASSIN:7,ARCHER:4;ASSASSIN:7
1399,0,0,true,,,utility,curriculum_pass,3,75,98528198042,98528142135,8,0,GREEN,false,9,0,2,2,ARCHER:4;ASSASSIN:7,ARCHER:4;ASSASSIN:7
1400,0,0,true,,,curriculum_pass,utility,3,75,98528198042,98528142135,7,0,BLUE,false,0,6,2,2,ARCHER:4;ASSASSIN:7,ARCHER:4;ASSASSIN:7
1401,0,0,true,,,utility,curriculum_pass,3,75,98528205961,98528248356,14,0,GREEN,false,18,0,3,3,SCORPION_RIDER:4;SPIDER:14,SCORPION_RIDER:4;SPIDER:14
1402,0,0,true,,,curriculum_pass,utility,3,75,98528205961,98528248356,25,0,BLUE,false,0,7,3,3,SCORPION_RIDER:4;SPIDER:14,SCORPION_RIDER:4;SPIDER:14
1403,0,0,true,,,utility,curriculum_pass,3,75,98528213880,98528257493,16,0,GREEN,false,8,0,3,3,ARCHER:5;GOBLIN:1;GOLEM:4,ARCHER:5;GOBLIN:1;GOLEM:4
1404,0,0,true,,,curriculum_pass,utility,3,75,98528213880,98528257493,17,0,BLUE,false,0,10,3,3,ARCHER:5;GOBLIN:1;GOLEM:4,ARCHER:5;GOBLIN:1;GOLEM:4
1405,0,0,true,,,utility,curriculum_pass,3,75,98528221799,98528232650,159,0,,false,7,4,3,3,ARCHER:7;GARGOYLE:4;SPIDER:1,ARCHER:7;GARGOYLE:4;SPIDER:1
1406,0,0,true,,,curriculum_pass,utility,3,75,98528221799,98528232650,21,0,BLUE,false,0,8,3,3,ARCHER:7;GARGOYLE:4;SPIDER:1,ARCHER:7;GARGOYLE:4;SPIDER:1
1407,0,0,true,,,utility,curriculum_pass,3,75,98528229718,98528241659,12,0,GREEN,false,9,0,3,3,GARGOYLE:1;GOBLIN:11;MAGE:5,GARGOYLE:1;GOBLIN:11;MAGE:5
1408,0,0,true,,,curriculum_pass,utility,3,75,98528229718,98528241659,66,0,,false,1,6,3,3,GARGOYLE:1;GOBLIN:11;MAGE:5,GARGOYLE:1;GOBLIN:11;MAGE:5
1409,0,0,true,,,utility,curriculum_pass,3,75,98536117042,98536066463,14,0,GREEN,false,10,0,3,3,ARCHER:9;SPIDER:7,ARCHER:9;SPIDER:7
1410,0,0,true,,,curriculum_pass,utility,3,75,98536117042,98536066463,31,0,BLUE,false,0,9,3,3,ARCHER:9;SPIDER:7,ARCHER:9;SPIDER:7
1411,0,0,true,,,utility,curriculum_pass,3,75,98536124961,98536074380,48,0,,false,12,12,3,3,ARCHER:6;GARGOYLE:5;GOBLIN:1,ARCHER:6;GARGOYLE:5;GOBLIN:1
1412,0,0,true,,,curriculum_pass,utility,3,75,98536124961,98536074380,59,0,BLUE,false,0,9,3,3,ARCHER:6;GARGOYLE:5;GOBLIN:1,ARCHER:6;GARGOYLE:5;GOBLIN:1
1413,0,0,true,,,utility,curriculum_pass,3,75,98536132880,98536181693,91,0,,false,7,6,3,3,GARGOYLE:10;SPIDER:1,GARGOYLE:10;SPIDER:1
1414,0,0,true,,,curriculum_pass,utility,3,75,98536132880,98536181693,37,0,BLUE,false,0,11,3,3,GARGOYLE:10;SPIDER:1,GARGOYLE:10;SPIDER:1
1415,0,0,true,,,utility,curriculum_pass,3,75,98536140799,98536190290,48,0,,false,11,11,3,3,GARGOYLE:10;GOBLIN:1,GARGOYLE:10;GOBLIN:1
1416,0,0,true,,,curriculum_pass,utility,3,75,98536140799,98536190290,90,0,,false,5,10,3,3,GARGOYLE:10;GOBLIN:1,GARGOYLE:10;GOBLIN:1
1417,0,0,true,,,utility,curriculum_pass,3,75,98536148718,98536165443,10,0,GREEN,false,9,0,3,3,ARCHER:8;GOLEM:2;SPIDER:2,ARCHER:8;GOLEM:2;SPIDER:2
1418,0,0,true,,,curriculum_pass,utility,3,75,98536148718,98536165443,11,0,BLUE,false,0,8,3,3,ARCHER:8;GOLEM:2;SPIDER:2,ARCHER:8;GOLEM:2;SPIDER:2
1419,0,0,true,,,utility,curriculum_pass,3,75,98544036042,98544023143,16,0,GREEN,false,5,0,3,3,SPIDER:25,SPIDER:25
1420,0,0,true,,,curriculum_pass,utility,3,75,98544036042,98544023143,60,0,,false,10,17,3,3,SPIDER:25,SPIDER:25
1421,0,0,true,,,utility,curriculum_pass,3,75,98544043961,98543999252,16,0,GREEN,false,5,0,4,4,ASSASSIN:7;GARGOYLE:1;MAGE:2;SPIDER:1,ASSASSIN:7;GARGOYLE:1;MAGE:2;SPIDER:1
1422,0,0,true,,,curriculum_pass,utility,3,75,98544043961,98543999252,9,0,BLUE,false,0,7,4,4,ASSASSIN:7;GARGOYLE:1;MAGE:2;SPIDER:1,ASSASSIN:7;GARGOYLE:1;MAGE:2;SPIDER:1
1423,0,0,true,,,utility,curriculum_pass,3,75,98544051880,98544007173,16,0,GREEN,false,15,0,2,2,SCORPION_RIDER:5;SPIDER:11,SCORPION_RIDER:5;SPIDER:11
1424,0,0,true,,,curriculum_pass,utility,3,75,98544051880,98544007173,11,0,BLUE,false,0,14,2,2,SCORPION_RIDER:5;SPIDER:11,SCORPION_RIDER:5;SPIDER:11
1425,0,0,true,,,utility,curriculum_pass,3,75,98544059799,98544114490,59,0,,false,15,5,3,3,SCORPION_RIDER:5;SPIDER:11,SCORPION_RIDER:5;SPIDER:11
1426,0,0,true,,,curriculum_pass,utility,3,75,98544059799,98544114490,48,0,,false,16,16,3,3,SCORPION_RIDER:5;SPIDER:11,SCORPION_RIDER:5;SPIDER:11
1427,0,0,true,,,utility,curriculum_pass,3,75,98544067718,98544122411,48,0,,false,19,19,3,3,GARGOYLE:4;GOBLIN:12;SPIDER:3,GARGOYLE:4;GOBLIN:12;SPIDER:3
1428,0,0,true,,,curriculum_pass,utility,3,75,98544067718,98544122411,48,0,,false,19,19,3,3,GARGOYLE:4;GOBLIN:12;SPIDER:3,GARGOYLE:4;GOBLIN:12;SPIDER:3
1429,0,0,true,,,utility,curriculum_pass,3,75,98551955042,98551963855,14,0,GREEN,false,14,0,3,3,GOLEM:4;MAGE:1;SPIDER:9,GOLEM:4;MAGE:1;SPIDER:9
1430,0,0,true,,,curriculum_pass,utility,3,75,98551955042,98551963855,48,0,,false,14,14,3,3,GOLEM:4;MAGE:1;SPIDER:9,GOLEM:4;MAGE:1;SPIDER:9
1431,0,0,true,,,utility,curriculum_pass,3,75,98551962961,98551940092,71,0,,false,1,3,3,3,ASSASSIN:5;GOLEM:4,ASSASSIN:5;GOLEM:4
1432,0,0,true,,,curriculum_pass,utility,3,75,98551962961,98551940092,60,0,,false,4,9,3,3,ASSASSIN:5;GOLEM:4,ASSASSIN:5;GOLEM:4
1433,0,0,true,,,utility,curriculum_pass,3,75,98551970880,98551948013,61,0,,false,10,7,3,3,GOBLIN:1;MAGE:10,GOBLIN:1;MAGE:10
1434,0,0,true,,,curriculum_pass,utility,3,75,98551970880,98551948013,48,0,,false,11,11,3,3,GOBLIN:1;MAGE:10,GOBLIN:1;MAGE:10
1435,0,0,true,,,utility,curriculum_pass,3,75,98551978799,98551924098,16,0,GREEN,false,7,0,2,2,GOLEM:3;SPIDER:15,GOLEM:3;SPIDER:15
1436,0,0,true,,,curriculum_pass,utility,3,75,98551978799,98551924098,13,0,BLUE,false,0,11,2,2,GOLEM:3;SPIDER:15,GOLEM:3;SPIDER:15
1437,0,0,true,,,utility,curriculum_pass,3,75,98551986718,98551932083,34,0,GREEN,false,8,0,3,3,GARGOYLE:6;GOBLIN:10;SPIDER:1,GARGOYLE:6;GOBLIN:10;SPIDER:1
1438,0,0,true,,,curriculum_pass,utility,3,75,98551986718,98551932083,48,0,,false,17,17,3,3,GARGOYLE:6;GOBLIN:10;SPIDER:1,GARGOYLE:6;GOBLIN:10;SPIDER:1
1439,0,0,true,,,utility,curriculum_pass,3,75,98559874042,98559888727,32,0,GREEN,false,13,0,2,2,ARCHER:7;GOBLIN:11,ARCHER:7;GOBLIN:11
1440,0,0,true,,,curriculum_pass,utility,3,75,98559874042,98559888727,48,0,,false,18,18,2,2,ARCHER:7;GOBLIN:11,ARCHER:7;GOBLIN:11
1441,0,0,true,,,utility,curriculum_pass,3,75,98559881961,98559896644,59,0,,false,4,3,2,2,ASSASSIN:7;SCORPION_RIDER:3,ASSASSIN:7;SCORPION_RIDER:3
1442,0,0,true,,,curriculum_pass,utility,3,75,98559881961,98559896644,13,0,BLUE,false,0,3,2,2,ASSASSIN:7;SCORPION_RIDER:3,ASSASSIN:7;SCORPION_RIDER:3
1443,0,0,true,,,utility,curriculum_pass,3,75,98559889880,98559872885,59,0,,false,9,6,3,3,ASSASSIN:4;GARGOYLE:6;GOBLIN:1,ASSASSIN:4;GARGOYLE:6;GOBLIN:1
1444,0,0,true,,,curriculum_pass,utility,3,75,98559889880,98559872885,58,0,,false,10,9,3,3,ASSASSIN:4;GARGOYLE:6;GOBLIN:1,ASSASSIN:4;GARGOYLE:6;GOBLIN:1
1445,0,0,true,,,utility,curriculum_pass,3,75,98559897799,98559880810,56,0,GREEN,false,15,0,3,3,GARGOYLE:5;GOBLIN:11;SPIDER:2,GARGOYLE:5;GOBLIN:11;SPIDER:2
1446,0,0,true,,,curriculum_pass,utility,3,75,98559897799,98559880810,64,0,,false,9,13,3,3,GARGOYLE:5;GOBLIN:11;SPIDER:2,GARGOYLE:5;GOBLIN:11;SPIDER:2
1447,0,0,true,,,utility,curriculum_pass,3,75,98559905718,98559856923,18,0,GREEN,false,10,0,3,3,ARCHER:5;GARGOYLE:5;SCORPION_RIDER:1,ARCHER:5;GARGOYLE:5;SCORPION_RIDER:1
1448,0,0,true,,,curriculum_pass,utility,3,75,98559905718,98559856923,23,0,BLUE,false,0,10,3,3,ARCHER:5;GARGOYLE:5;SCORPION_RIDER:1,ARCHER:5;GARGOYLE:5;SCORPION_RIDER:1
1449,0,0,true,,,utility,curriculum_pass,3,75,396480573042,396480590047,55,0,,false,8,3,3,3,ASSASSIN:8;SPIDER:6,ASSASSIN:8;SPIDER:6
1450,0,0,true,,,curriculum_pass,utility,3,75,396480573042,396480590047,58,0,,false,2,7,3,3,ASSASSIN:8;SPIDER:6,ASSASSIN:8;SPIDER:6
1451,0,0,true,,,utility,curriculum_pass,3,75,396480580961,396480566220,48,0,,false,18,18,3,3,GARGOYLE:5;GOBLIN:3;SPIDER:10,GARGOYLE:5;GOBLIN:3;SPIDER:10
1452,0,0,true,,,curriculum_pass,utility,3,75,396480580961,396480566220,48,0,,false,18,18,3,3,GARGOYLE:5;GOBLIN:3;SPIDER:10,GARGOYLE:5;GOBLIN:3;SPIDER:10
1453,0,0,true,,,utility,curriculum_pass,3,75,396480588880,396480574205,55,0,,false,16,5,2,2,GOBLIN:11;SCORPION_RIDER:5,GOBLIN:11;SCORPION_RIDER:5
1454,0,0,true,,,curriculum_pass,utility,3,75,396480588880,396480574205,21,0,BLUE,false,0,6,2,2,GOBLIN:11;SCORPION_RIDER:5,GOBLIN:11;SCORPION_RIDER:5
1455,0,0,true,,,utility,curriculum_pass,3,75,396480596799,396480550290,62,0,GREEN,false,12,0,3,3,GARGOYLE:7;GOBLIN:8,GARGOYLE:7;GOBLIN:8
1456,0,0,true,,,curriculum_pass,utility,3,75,396480596799,396480550290,31,0,BLUE,false,0,8,3,3,GARGOYLE:7;GOBLIN:8,GARGOYLE:7;GOBLIN:8
1457,0,0,true,,,utility,curriculum_pass,3,75,396480604718,396480558211,48,0,,false,10,10,3,3,GARGOYLE:6;GOBLIN:1;GOLEM:3,GARGOYLE:6;GOBLIN:1;GOLEM:3
1458,0,0,true,,,curriculum_pass,utility,3,75,396480604718,396480558211,48,0,,false,10,10,3,3,GARGOYLE:6;GOBLIN:1;GOLEM:3,GARGOYLE:6;GOBLIN:1;GOLEM:3
1459,0,0,true,,,utility,curriculum_pass,3,75,99320098042,99320115799,12,0,GREEN,false,9,0,3,3,GOBLIN:10;MAGE:5;SPIDER:3,GOBLIN:10;MAGE:5;SPIDER:3
1460,0,0,true,,,curriculum_pass,utility,3,75,99320098042,99320115799,17,0,BLUE,false,0,12,3,3,GOBLIN:10;MAGE:5;SPIDER:3,GOBLIN:10;MAGE:5;SPIDER:3
1461,0,0,true,,,utility,curriculum_pass,3,75,99320105961,99320091972,14,0,GREEN,false,14,0,3,3,GOBLIN:1;GOLEM:4;SPIDER:10,GOBLIN:1;GOLEM:4;SPIDER:10
1462,0,0,true,,,curriculum_pass,utility,3,75,99320105961,99320091972,58,0,,false,5,15,3,3,GOBLIN:1;GOLEM:4;SPIDER:10,GOBLIN:1;GOLEM:4;SPIDER:10
1463,0,0,true,,,utility,curriculum_pass,3,75,99320113880,99320099957,57,0,,false,17,17,2,2,GARGOYLE:4;SPIDER:15,GARGOYLE:4;SPIDER:15
1464,0,0,true,,,curriculum_pass,utility,3,75,99320113880,99320099957,48,0,,false,19,19,2,2,GARGOYLE:4;SPIDER:15,GARGOYLE:4;SPIDER:15
1465,0,0,true,,,utility,curriculum_pass,3,75,99320121799,99320076138,48,0,,false,21,21,3,3,GARGOYLE:3;GOBLIN:2;SPIDER:16,GARGOYLE:3;GOBLIN:2;SPIDER:16
1466,0,0,true,,,curriculum_pass,utility,3,75,99320121799,99320076138,48,0,,false,21,21,3,3,GARGOYLE:3;GOBLIN:2;SPIDER:16,GARGOYLE:3;GOBLIN:2;SPIDER:16
1467,0,0,true,,,utility,curriculum_pass,3,75,99320129718,99320083995,48,0,,false,16,16,3,3,GARGOYLE:5;GOBLIN:10;SCORPION_RIDER:1,GARGOYLE:5;GOBLIN:10;SCORPION_RIDER:1
1468,0,0,true,,,curriculum_pass,utility,3,75,99320129718,99320083995,48,0,,false,16,16,3,3,GARGOYLE:5;GOBLIN:10;SCORPION_RIDER:1,GARGOYLE:5;GOBLIN:10;SCORPION_RIDER:1
1469,0,0,true,,,utility,curriculum_pass,3,75,99328017042,99328039999,44,0,GREEN,false,12,0,3,3,GARGOYLE:6;GOBLIN:3;SCORPION_RIDER:3,GARGOYLE:6;GOBLIN:3;SCORPION_RIDER:3
1470,0,0,true,,,curriculum_pass,utility,3,75,99328017042,99328039999,48,0,,false,12,12,3,3,GARGOYLE:6;GOBLIN:3;SCORPION_RIDER:3,GARGOYLE:6;GOBLIN:3;SCORPION_RIDER:3
1471,0,0,true,,,utility,curriculum_pass,3,75,99328024961,99328048940,8,0,GREEN,false,5,0,2,2,ASSASSIN:7;SCORPION_RIDER:3,ASSASSIN:7;SCORPION_RIDER:3
1472,0,0,true,,,curriculum_pass,utility,3,75,99328024961,99328048940,11,0,BLUE,false,0,2,2,2,ASSASSIN:7;SCORPION_RIDER:3,ASSASSIN:7;SCORPION_RIDER:3
1473,0,0,true,,,utility,curriculum_pass,3,75,99328032880,99328024285,48,0,,false,16,16,3,3,GARGOYLE:5;GOBLIN:10;GOLEM:1,GARGOYLE:5;GOBLIN:10;GOLEM:1
1474,0,0,true,,,curriculum_pass,utility,3,75,99328032880,99328024285,48,0,,false,16,16,3,3,GARGOYLE:5;GOBLIN:10;GOLEM:1,GARGOYLE:5;GOBLIN:10;GOLEM:1
1475,0,0,true,,,utility,curriculum_pass,3,75,99328040799,99328016882,16,0,GREEN,false,8,0,3,3,GARGOYLE:4;SCORPION_RIDER:5;SPIDER:2,GARGOYLE:4;SCORPION_RIDER:5;SPIDER:2
1476,0,0,true,,,curriculum_pass,utility,3,75,99328040799,99328016882,15,0,BLUE,false,0,7,3,3,GARGOYLE:4;SCORPION_RIDER:5;SPIDER:2,GARGOYLE:4;SCORPION_RIDER:5;SPIDER:2
1477,0,0,true,,,utility,curriculum_pass,3,75,99328048718,99328024803,14,0,GREEN,false,9,0,2,2,GOLEM:3;SPIDER:15,GOLEM:3;SPIDER:15
1478,0,0,true,,,curriculum_pass,utility,3,75,99328048718,99328024803,48,0,,false,18,18,2,2,GOLEM:3;SPIDER:15,GOLEM:3;SPIDER:15
1479,0,0,true,,,utility,curriculum_pass,3,75,99335936042,99335980679,18,0,GREEN,false,13,0,3,3,ARCHER:8;SPIDER:9,ARCHER:8;SPIDER:9
1480,0,0,true,,,curriculum_pass,utility,3,75,99335936042,99335980679,15,0,BLUE,false,0,11,3,3,ARCHER:8;SPIDER:9,ARCHER:8;SPIDER:9
1481,0,0,true,,,utility,curriculum_pass,3,75,99335943961,99335989684,48,0,,false,18,18,3,3,GOBLIN:14;SCORPION_RIDER:4,GOBLIN:14;SCORPION_RIDER:4
1482,0,0,true,,,curriculum_pass,utility,3,75,99335943961,99335989684,48,0,,false,18,18,3,3,GOBLIN:14;SCORPION_RIDER:4,GOBLIN:14;SCORPION_RIDER:4
1483,0,0,true,,,utility,curriculum_pass,3,75,99335951880,99335964837,56,0,GREEN,false,9,0,3,3,GOLEM:2;MAGE:7;SPIDER:2,GOLEM:2;MAGE:7;SPIDER:2
1484,0,0,true,,,curriculum_pass,utility,3,75,99335951880,99335964837,21,0,BLUE,false,0,7,3,3,GOLEM:2;MAGE:7;SPIDER:2,GOLEM:2;MAGE:7;SPIDER:2
1485,0,0,true,,,utility,curriculum_pass,3,75,99335959799,99335973466,12,0,GREEN,false,14,0,3,3,SCORPION_RIDER:3;SPIDER:17,SCORPION_RIDER:3;SPIDER:17
1486,0,0,true,,,curriculum_pass,utility,3,75,99335959799,99335973466,13,0,BLUE,false,0,15,3,3,SCORPION_RIDER:3;SPIDER:17,SCORPION_RIDER:3;SPIDER:17
1487,0,0,true,,,utility,curriculum_pass,3,75,99335967718,99335949643,20,0,GREEN,false,13,0,3,3,ARCHER:6;GOBLIN:10;MAGE:1,ARCHER:6;GOBLIN:10;MAGE:1
1488,0,0,true,,,curriculum_pass,utility,3,75,99335967718,99335949643,29,0,BLUE,false,0,16,3,3,ARCHER:6;GOBLIN:10;MAGE:1,ARCHER:6;GOBLIN:10;MAGE:1
1489,0,0,true,,,utility,curriculum_pass,3,75,99343855042,99343807343,48,0,,false,19,19,3,3,ARCHER:6;GOBLIN:11;SPIDER:2,ARCHER:6;GOBLIN:11;SPIDER:2
1490,0,0,true,,,curriculum_pass,utility,3,75,99343855042,99343807343,29,0,BLUE,false,0,16,3,3,ARCHER:6;GOBLIN:11;SPIDER:2,ARCHER:6;GOBLIN:11;SPIDER:2
1491,0,0,true,,,utility,curriculum_pass,3,75,99343862961,99343913500,14,0,GREEN,false,14,0,3,3,ASSASSIN:1;GOLEM:4;SPIDER:9,ASSASSIN:1;GOLEM:4;SPIDER:9
1492,0,0,true,,,curriculum_pass,utility,3,75,99343862961,99343913500,27,0,BLUE,false,0,13,3,3,ASSASSIN:1;GOLEM:4;SPIDER:9,ASSASSIN:1;GOLEM:4;SPIDER:9
1493,0,0,true,,,utility,curriculum_pass,3,75,99343870880,99343922445,48,0,,false,10,10,3,3,SCORPION_RIDER:9;SPIDER:1,SCORPION_RIDER:9;SPIDER:1
1494,0,0,true,,,curriculum_pass,utility,3,75,99343870880,99343922445,48,0,,false,10,10,3,3,SCORPION_RIDER:9;SPIDER:1,SCORPION_RIDER:9;SPIDER:1
1495,0,0,true,,,utility,curriculum_pass,3,75,99343878799,99343897634,14,0,GREEN,false,14,0,3,3,GOBLIN:2;GOLEM:4;SPIDER:9,GOBLIN:2;GOLEM:4;SPIDER:9
1496,0,0,true,,,curriculum_pass,utility,3,75,99343878799,99343897634,48,0,,false,15,15,3,3,GOBLIN:2;GOLEM:4;SPIDER:9,GOBLIN:2;GOLEM:4;SPIDER:9
1497,0,0,true,,,utility,curriculum_pass,3,75,99343886718,99343906771,48,0,,false,12,12,3,3,ARCHER:7;MAGE:4;SPIDER:1,ARCHER:7;MAGE:4;SPIDER:1
1498,0,0,true,,,curriculum_pass,utility,3,75,99343886718,99343906771,48,0,,false,12,12,3,3,ARCHER:7;MAGE:4;SPIDER:1,ARCHER:7;MAGE:4;SPIDER:1
1499,0,0,true,,,utility,curriculum_pass,3,75,99351774042,99351731703,12,0,GREEN,false,9,0,3,3,MAGE:8;SCORPION_RIDER:2;SPIDER:1,MAGE:8;SCORPION_RIDER:2;SPIDER:1
1500,0,0,true,,,curriculum_pass,utility,3,75,99351774042,99351731703,11,0,BLUE,false,0,11,3,3,MAGE:8;SCORPION_RIDER:2;SPIDER:1,MAGE:8;SCORPION_RIDER:2;SPIDER:1
1501,0,0,true,,,utility,curriculum_pass,3,75,99351781961,99351739620,48,0,,false,13,13,3,3,ARCHER:8;MAGE:3;SPIDER:2,ARCHER:8;MAGE:3;SPIDER:2
1502,0,0,true,,,curriculum_pass,utility,3,75,99351781961,99351739620,17,0,BLUE,false,0,8,3,3,ARCHER:8;MAGE:3;SPIDER:2,ARCHER:8;MAGE:3;SPIDER:2
1503,0,0,true,,,utility,curriculum_pass,3,75,99351789880,99351846805,81,0,,false,2,3,2,2,GARGOYLE:5;SPIDER:13,GARGOYLE:5;SPIDER:13
1504,0,0,true,,,curriculum_pass,utility,3,75,99351789880,99351846805,48,0,,false,18,18,2,2,GARGOYLE:5;SPIDER:13,GARGOYLE:5;SPIDER:13
1505,0,0,true,,,utility,curriculum_pass,3,75,99351797799,99351854730,10,0,GREEN,false,3,0,3,3,GOBLIN:11;GOLEM:1;SCORPION_RIDER:4,GOBLIN:11;GOLEM:1;SCORPION_RIDER:4
1506,0,0,true,,,curriculum_pass,utility,3,75,99351797799,99351854730,58,0,,false,4,15,3,3,GOBLIN:11;GOLEM:1;SCORPION_RIDER:4,GOBLIN:11;GOLEM:1;SCORPION_RIDER:4
1507,0,0,true,,,utility,curriculum_pass,3,75,99351805718,99351847355,59,0,,false,18,18,3,3,SCORPION_RIDER:3;SPIDER:17,SCORPION_RIDER:3;SPIDER:17
1508,0,0,true,,,curriculum_pass,utility,3,75,99351805718,99351847355,48,0,,false,20,20,3,3,SCORPION_RIDER:3;SPIDER:17,SCORPION_RIDER:3;SPIDER:17
1509,0,0,true,,,utility,curriculum_pass,3,75,396488492042,396488514215,14,0,GREEN,false,4,0,3,3,ARCHER:7;ASSASSIN:4;SPIDER:1,ARCHER:7;ASSASSIN:4;SPIDER:1
1510,0,0,true,,,curriculum_pass,utility,3,75,396488492042,396488514215,17,0,BLUE,false,0,4,3,3,ARCHER:7;ASSASSIN:4;SPIDER:1,ARCHER:7;ASSASSIN:4;SPIDER:1
1511,0,0,true,,,utility,curriculum_pass,3,75,396488499961,396488522836,48,0,,false,17,17,3,3,GARGOYLE:6;GOBLIN:2;SPIDER:9,GARGOYLE:6;GOBLIN:2;SPIDER:9
1512,0,0,true,,,curriculum_pass,utility,3,75,396488499961,396488522836,48,0,,false,17,17,3,3,GARGOYLE:6;GOBLIN:2;SPIDER:9,GARGOYLE:6;GOBLIN:2;SPIDER:9
1513,0,0,true,,,utility,curriculum_pass,3,75,396488507880,396488499013,16,0,GREEN,false,5,0,2,2,ASSASSIN:5;GOLEM:4,ASSASSIN:5;GOLEM:4
1514,0,0,true,,,curriculum_pass,utility,3,75,396488507880,396488499013,21,0,BLUE,false,0,3,2,2,ASSASSIN:5;GOLEM:4,ASSASSIN:5;GOLEM:4
1515,0,0,true,,,utility,curriculum_pass,3,75,396488515799,396488507002,61,0,,false,9,7,3,3,ARCHER:12;GOBLIN:1,ARCHER:12;GOBLIN:1
1516,0,0,true,,,curriculum_pass,utility,3,75,396488515799,396488507002,48,0,,false,13,13,3,3,ARCHER:12;GOBLIN:1,ARCHER:12;GOBLIN:1
1517,0,0,true,,,utility,curriculum_pass,3,75,396488523718,396488499563,48,0,,false,11,11,3,3,GARGOYLE:10;GOBLIN:1,GARGOYLE:10;GOBLIN:1
1518,0,0,true,,,curriculum_pass,utility,3,75,396488523718,396488499563,48,0,,false,11,11,3,3,GARGOYLE:10;GOBLIN:1,GARGOYLE:10;GOBLIN:1
1519,0,0,true,,,utility,curriculum_pass,3,75,100111998042,100111942391,48,0,,false,14,14,3,3,ARCHER:11;SPIDER:3,ARCHER:11;SPIDER:3
1520,0,0,true,,,curriculum_pass,utility,3,75,100111998042,100111942391,62,0,,false,5,8,3,3,ARCHER:11;SPIDER:3,ARCHER:11;SPIDER:3
1521,0,0,true,,,utility,curriculum_pass,3,75,100112005961,100111951332,16,0,GREEN,false,9,0,3,3,ARCHER:4;GOLEM:4;SPIDER:3,ARCHER:4;GOLEM:4;SPIDER:3
1522,0,0,true,,,curriculum_pass,utility,3,75,100112005961,100111951332,17,0,BLUE,false,0,11,3,3,ARCHER:4;GOLEM:4;SPIDER:3,ARCHER:4;GOLEM:4;SPIDER:3
1523,0,0,true,,,utility,curriculum_pass,3,75,100112013880,100112057493,22,0,GREEN,false,10,0,3,3,GARGOYLE:6;GOLEM:3;SPIDER:1,GARGOYLE:6;GOLEM:3;SPIDER:1
1524,0,0,true,,,curriculum_pass,utility,3,75,100112013880,100112057493,70,0,,false,8,8,3,3,GARGOYLE:6;GOLEM:3;SPIDER:1,GARGOYLE:6;GOLEM:3;SPIDER:1
1525,0,0,true,,,utility,curriculum_pass,3,75,100112021799,100112066442,59,0,,false,8,4,3,3,GARGOYLE:3;SCORPION_RIDER:6;SPIDER:2,GARGOYLE:3;SCORPION_RIDER:6;SPIDER:2
1526,0,0,true,,,curriculum_pass,utility,3,75,100112021799,100112066442,48,0,,false,11,11,3,3,GARGOYLE:3;SCORPION_RIDER:6;SPIDER:2,GARGOYLE:3;SCORPION_RIDER:6;SPIDER:2
1527,0,0,true,,,utility,curriculum_pass,3,75,100112029718,100112041659,65,0,,false,5,4,3,3,GARGOYLE:1;GOBLIN:9;GOLEM:4,GARGOYLE:1;GOBLIN:9;GOLEM:4
1528,0,0,true,,,curriculum_pass,utility,3,75,100112029718,100112041659,48,0,,false,14,14,3,3,GARGOYLE:1;GOBLIN:9;GOLEM:4,GARGOYLE:1;GOBLIN:9;GOLEM:4
1529,0,0,true,,,utility,curriculum_pass,3,75,100119917042,100119899999,59,0,,false,7,4,3,3,GARGOYLE:3;SCORPION_RIDER:6;SPIDER:2,GARGOYLE:3;SCORPION_RIDER:6;SPIDER:2
1530,0,0,true,,,curriculum_pass,utility,3,75,100119917042,100119899999,15,0,BLUE,false,0,8,3,3,GARGOYLE:3;SCORPION_RIDER:6;SPIDER:2,GARGOYLE:3;SCORPION_RIDER:6;SPIDER:2
1531,0,0,true,,,utility,curriculum_pass,3,75,100119924961,100119875148,12,0,GREEN,false,10,0,3,3,MAGE:8;SCORPION_RIDER:2;SPIDER:1,MAGE:8;SCORPION_RIDER:2;SPIDER:1
1532,0,0,true,,,curriculum_pass,utility,3,75,100119924961,100119875148,15,0,BLUE,false,0,9,3,3,MAGE:8;SCORPION_RIDER:2;SPIDER:1,MAGE:8;SCORPION_RIDER:2;SPIDER:1
1533,0,0,true,,,utility,curriculum_pass,3,75,100119932880,100119884157,10,0,GREEN,false,7,0,3,3,ASSASSIN:8;GOBLIN:5;SPIDER:1,ASSASSIN:8;GOBLIN:5;SPIDER:1
1534,0,0,true,,,curriculum_pass,utility,3,75,100119932880,100119884157,54,0,,false,8,13,3,3,ASSASSIN:8;GOBLIN:5;SPIDER:1,ASSASSIN:8;GOBLIN:5;SPIDER:1
1535,0,0,true,,,utility,curriculum_pass,3,75,100119940799,100119990290,8,0,GREEN,false,10,0,2,2,MAGE:7;SCORPION_RIDER:3,MAGE:7;SCORPION_RIDER:3
1536,0,0,true,,,curriculum_pass,utility,3,75,100119940799,100119990290,11,0,BLUE,false,0,9,2,2,MAGE:7;SCORPION_RIDER:3,MAGE:7;SCORPION_RIDER:3
1537,0,0,true,,,utility,curriculum_pass,3,75,100119948718,100119999235,52,0,GREEN,false,8,0,4,4,GARGOYLE:5;MAGE:5;SPIDER:1,GARGOYLE:5;MAGE:5;SPIDER:1
1538,0,0,true,,,curriculum_pass,utility,3,75,100119948718,100119999235,84,0,,false,4,11,4,4,GARGOYLE:5;MAGE:5;SPIDER:1,GARGOYLE:5;MAGE:5;SPIDER:1
1539,0,0,true,,,utility,curriculum_pass,3,75,100127836042,100127824167,12,0,GREEN,false,5,0,3,3,ASSASSIN:4;GOBLIN:2;SCORPION_RIDER:5,ASSASSIN:4;GOBLIN:2;SCORPION_RIDER:5
1540,0,0,true,,,curriculum_pass,utility,3,75,100127836042,100127824167,21,0,BLUE,false,0,1,3,3,ASSASSIN:4;GOBLIN:2;SCORPION_RIDER:5,ASSASSIN:4;GOBLIN:2;SCORPION_RIDER:5
1541,0,0,true,,,utility,curriculum_pass,3,75,100127843961,100127832276,12,0,GREEN,false,11,0,3,3,ARCHER:8;GOBLIN:1;SPIDER:8,ARCHER:8;GOBLIN:1;SPIDER:8
1542,0,0,true,,,curriculum_pass,utility,3,75,100127843961,100127832276,48,0,,false,17,17,3,3,ARCHER:8;GOBLIN:1;SPIDER:8,ARCHER:8;GOBLIN:1;SPIDER:8
1543,0,0,true,,,utility,curriculum_pass,3,75,100127851880,100127808453,48,0,,false,9,9,2,2,GARGOYLE:5;GOLEM:4,GARGOYLE:5;GOLEM:4
1544,0,0,true,,,curriculum_pass,utility,3,75,100127851880,100127808453,48,0,,false,9,9,2,2,GARGOYLE:5;GOLEM:4,GARGOYLE:5;GOLEM:4
1545,0,0,true,,,utility,curriculum_pass,3,75,100127859799,100127816442,22,0,GREEN,false,5,0,3,3,ARCHER:9;MAGE:3,ARCHER:9;MAGE:3
1546,0,0,true,,,curriculum_pass,utility,3,75,100127859799,100127816442,48,0,,false,12,12,3,3,ARCHER:9;MAGE:3,ARCHER:9;MAGE:3
1547,0,0,true,,,utility,curriculum_pass,3,75,100127867718,100127923691,83,0,,false,6,4,3,3,ARCHER:7;GARGOYLE:4;SPIDER:1,ARCHER:7;GARGOYLE:4;SPIDER:1
1548,0,0,true,,,curriculum_pass,utility,3,75,100127867718,100127923691,35,0,BLUE,false,0,5,3,3,ARCHER:7;GARGOYLE:4;SPIDER:1,ARCHER:7;GARGOYLE:4;SPIDER:1
1549,0,0,true,,,utility,curriculum_pass,3,75,100135755042,100135764879,16,0,GREEN,false,8,0,3,3,ASSASSIN:4;GOLEM:4;SPIDER:2,ASSASSIN:4;GOLEM:4;SPIDER:2
1550,0,0,true,,,curriculum_pass,utility,3,75,100135755042,100135764879,201,0,,true,4,9,3,3,ASSASSIN:4;GOLEM:4;SPIDER:2,ASSASSIN:4;GOLEM:4;SPIDER:2
1551,0,0,true,,,utility,curriculum_pass,3,75,100135762961,100135772860,61,0,,false,18,3,2,2,GOLEM:3;SPIDER:15,GOLEM:3;SPIDER:15
1552,0,0,true,,,curriculum_pass,utility,3,75,100135762961,100135772860,48,0,,false,18,18,2,2,GOLEM:3;SPIDER:15,GOLEM:3;SPIDER:15
1553,0,0,true,,,utility,curriculum_pass,3,75,100135770880,100135749037,48,0,GREEN,false,9,0,3,3,GARGOYLE:5;GOLEM:4,GARGOYLE:5;GOLEM:4
1554,0,0,true,,,curriculum_pass,utility,3,75,100135770880,100135749037,60,0,,false,4,9,3,3,GARGOYLE:5;GOLEM:4,GARGOYLE:5;GOLEM:4
1555,0,0,true,,,utility,curriculum_pass,3,75,100135778799,100135757634,55,0,,false,11,10,3,3,ARCHER:7;GOLEM:3;SPIDER:1,ARCHER:7;GOLEM:3;SPIDER:1
1556,0,0,true,,,curriculum_pass,utility,3,75,100135778799,100135757634,23,0,BLUE,false,0,11,3,3,ARCHER:7;GOLEM:3;SPIDER:1,ARCHER:7;GOLEM:3;SPIDER:1
1557,0,0,true,,,utility,curriculum_pass,3,75,100135786718,100135732851,53,0,,false,16,16,4,4,GOBLIN:12;GOLEM:3;MAGE:1,GOBLIN:12;GOLEM:3;MAGE:1
1558,0,0,true,,,curriculum_pass,utility,3,75,100135786718,100135732851,23,0,BLUE,false,0,10,4,4,GOBLIN:12;GOLEM:3;MAGE:1,GOBLIN:12;GOLEM:3;MAGE:1
1559,0,0,true,,,utility,curriculum_pass,3,75,100143674042,100143721495,38,0,GREEN,false,14,0,3,3,GARGOYLE:6;GOBLIN:2;SPIDER:9,GARGOYLE:6;GOBLIN:2;SPIDER:9
1560,0,0,true,,,curriculum_pass,utility,3,75,100143674042,100143721495,48,0,,false,17,17,3,3,GARGOYLE:6;GOBLIN:2;SPIDER:9,GARGOYLE:6;GOBLIN:2;SPIDER:9
1561,0,0,true,,,utility,curriculum_pass,3,75,100143681961,100143697668,18,0,GREEN,false,2,0,2,2,ASSASSIN:5;GOLEM:4,ASSASSIN:5;GOLEM:4
1562,0,0,true,,,curriculum_pass,utility,3,75,100143681961,100143697668,54,0,,false,4,7,2,2,ASSASSIN:5;GOLEM:4,ASSASSIN:5;GOLEM:4
1563,0,0,true,,,utility,curriculum_pass,3,75,100143689880,100143705653,48,0,,false,11,11,3,3,GARGOYLE:2;MAGE:8;SPIDER:1,GARGOYLE:2;MAGE:8;SPIDER:1
1564,0,0,true,,,curriculum_pass,utility,3,75,100143689880,100143705653,23,0,BLUE,false,0,5,3,3,GARGOYLE:2;MAGE:8;SPIDER:1,GARGOYLE:2;MAGE:8;SPIDER:1
1565,0,0,true,,,utility,curriculum_pass,3,75,100143697799,100143681834,38,0,GREEN,false,7,0,2,2,GARGOYLE:6;SCORPION_RIDER:4,GARGOYLE:6;SCORPION_RIDER:4
1566,0,0,true,,,curriculum_pass,utility,3,75,100143697799,100143681834,56,0,,false,10,8,2,2,GARGOYLE:6;SCORPION_RIDER:4,GARGOYLE:6;SCORPION_RIDER:4
1567,0,0,true,,,utility,curriculum_pass,3,75,100143705718,100143689947,20,0,GREEN,false,13,0,3,3,ARCHER:7;GOBLIN:11,ARCHER:7;GOBLIN:11
1568,0,0,true,,,curriculum_pass,utility,3,75,100143705718,100143689947,13,0,BLUE,false,0,11,3,3,ARCHER:7;GOBLIN:11,ARCHER:7;GOBLIN:11
1569,0,0,true,,,utility,curriculum_pass,3,75,396496411042,396496455439,48,0,,false,16,16,3,3,ARCHER:9;SPIDER:7,ARCHER:9;SPIDER:7
1570,0,0,true,,,curriculum_pass,utility,3,75,396496411042,396496455439,54,0,,false,8,16,3,3,ARCHER:9;SPIDER:7,ARCHER:9;SPIDER:7
1571,0,0,true,,,utility,curriculum_pass,3,75,396496418961,396496463420,63,0,,false,9,5,3,3,GOBLIN:9;SCORPION_RIDER:6,GOBLIN:9;SCORPION_RIDER:6
1572,0,0,true,,,curriculum_pass,utility,3,75,396496418961,396496463420,19,0,BLUE,false,0,1,3,3,GOBLIN:9;SCORPION_RIDER:6,GOBLIN:9;SCORPION_RIDER:6
1573,0,0,true,,,utility,curriculum_pass,3,75,396496426880,396496439597,48,0,,false,10,10,3,3,GOLEM:1;MAGE:8;SCORPION_RIDER:1,GOLEM:1;MAGE:8;SCORPION_RIDER:1
1574,0,0,true,,,curriculum_pass,utility,3,75,396496426880,396496439597,48,0,,false,10,10,3,3,GOLEM:1;MAGE:8;SCORPION_RIDER:1,GOLEM:1;MAGE:8;SCORPION_RIDER:1
1575,0,0,true,,,utility,curriculum_pass,3,75,396496434799,396496447682,26,0,GREEN,false,11,0,3,3,GARGOYLE:6;MAGE:4;SPIDER:1,GARGOYLE:6;MAGE:4;SPIDER:1
1576,0,0,true,,,curriculum_pass,utility,3,75,396496434799,396496447682,62,0,,false,7,10,3,3,GARGOYLE:6;MAGE:4;SPIDER:1,GARGOYLE:6;MAGE:4;SPIDER:1
1577,0,0,true,,,utility,curriculum_pass,3,75,396496442718,396496423923,12,0,GREEN,false,11,0,4,4,ARCHER:7;GOBLIN:5;SPIDER:6,ARCHER:7;GOBLIN:5;SPIDER:6
1578,0,0,true,,,curriculum_pass,utility,3,75,396496442718,396496423923,70,0,,false,7,15,4,4,ARCHER:7;GOBLIN:5;SPIDER:6,ARCHER:7;GOBLIN:5;SPIDER:6
1579,0,0,true,,,utility,curriculum_pass,3,75,100903898042,100903916823,48,0,,false,22,22,4,4,GOBLIN:20;GOLEM:1;SPIDER:1,GOBLIN:20;GOLEM:1;SPIDER:1
1580,0,0,true,,,curriculum_pass,utility,3,75,100903898042,100903916823,29,0,BLUE,false,0,10,4,4,GOBLIN:20;GOLEM:1;SPIDER:1,GOBLIN:20;GOLEM:1;SPIDER:1
1581,0,0,true,,,utility,curriculum_pass,3,75,100903905961,100903924740,59,0,,false,7,4,3,3,GOBLIN:1;GOLEM:4;SCORPION_RIDER:4,GOBLIN:1;GOLEM:4;SCORPION_RIDER:4
1582,0,0,true,,,curriculum_pass,utility,3,75,100903905961,100903924740,21,0,BLUE,false,0,4,3,3,GOBLIN:1;GOLEM:4;SCORPION_RIDER:4,GOBLIN:1;GOLEM:4;SCORPION_RIDER:4
1583,0,0,true,,,utility,curriculum_pass,3,75,100903913880,100903900981,59,0,,false,10,5,3,3,GARGOYLE:5;SCORPION_RIDER:4;SPIDER:2,GARGOYLE:5;SCORPION_RIDER:4;SPIDER:2
1584,0,0,true,,,curriculum_pass,utility,3,75,100903913880,100903900981,27,0,BLUE,false,0,9,3,3,GARGOYLE:5;SCORPION_RIDER:4;SPIDER:2,GARGOYLE:5;SCORPION_RIDER:4;SPIDER:2
1585,0,0,true,,,utility,curriculum_pass,3,75,100903921799,100903908906,10,0,GREEN,false,17,0,3,3,ARCHER:8;GOBLIN:9,ARCHER:8;GOBLIN:9
1586,0,0,true,,,curriculum_pass,utility,3,75,100903921799,100903908906,9,0,BLUE,false,0,11,3,3,ARCHER:8;GOBLIN:9,ARCHER:8;GOBLIN:9
1587,0,0,true,,,utility,curriculum_pass,3,75,100903929718,100903885275,48,0,,false,16,16,3,3,SCORPION_RIDER:5;SPIDER:11,SCORPION_RIDER:5;SPIDER:11
1588,0,0,true,,,curriculum_pass,utility,3,75,100903929718,100903885275,48,0,,false,16,16,3,3,SCORPION_RIDER:5;SPIDER:11,SCORPION_RIDER:5;SPIDER:11
1589,0,0,true,,,utility,curriculum_pass,3,75,100911817042,100911874047,61,0,,false,9,9,3,3,ARCHER:9;MAGE:3,ARCHER:9;MAGE:3
1590,0,0,true,,,curriculum_pass,utility,3,75,100911817042,100911874047,56,0,,false,11,12,3,3,ARCHER:9;MAGE:3,ARCHER:9;MAGE:3
1591,0,0,true,,,utility,curriculum_pass,3,75,100911824961,100911849196,81,0,,false,4,5,3,3,ASSASSIN:5;GARGOYLE:5;SPIDER:1,ASSASSIN:5;GARGOYLE:5;SPIDER:1
1592,0,0,true,,,curriculum_pass,utility,3,75,100911824961,100911849196,33,0,BLUE,false,0,9,3,3,ASSASSIN:5;GARGOYLE:5;SPIDER:1,ASSASSIN:5;GARGOYLE:5;SPIDER:1
1593,0,0,true,,,utility,curriculum_pass,3,75,100911832880,100911841693,14,0,GREEN,false,9,0,3,3,ARCHER:9;GARGOYLE:3,ARCHER:9;GARGOYLE:3
1594,0,0,true,,,curriculum_pass,utility,3,75,100911832880,100911841693,48,0,,false,12,12,3,3,ARCHER:9;GARGOYLE:3,ARCHER:9;GARGOYLE:3
1595,0,0,true,,,utility,curriculum_pass,3,75,100911840799,100911849650,12,0,GREEN,false,9,0,2,2,GOBLIN:11;SCORPION_RIDER:5,GOBLIN:11;SCORPION_RIDER:5
1596,0,0,true,,,curriculum_pass,utility,3,75,100911840799,100911849650,56,0,,false,5,15,2,2,GOBLIN:11;SCORPION_RIDER:5,GOBLIN:11;SCORPION_RIDER:5
1597,0,0,true,,,utility,curriculum_pass,3,75,100911848718,100911825827,73,0,,false,5,4,3,3,GOBLIN:9;GOLEM:4;MAGE:1,GOBLIN:9;GOLEM:4;MAGE:1
1598,0,0,true,,,curriculum_pass,utility,3,75,100911848718,100911825827,68,0,,false,4,7,3,3,GOBLIN:9;GOLEM:4;MAGE:1,GOBLIN:9;GOLEM:4;MAGE:1
1599,0,0,true,,,utility,curriculum_pass,3,75,100919736042,100919683143,59,0,,false,16,5,2,2,ASSASSIN:5;SPIDER:13,ASSASSIN:5;SPIDER:13
1600,0,0,true,,,curriculum_pass,utility,3,75,100919736042,100919683143,60,0,,false,5,16,2,2,ASSASSIN:5;SPIDER:13,ASSASSIN:5;SPIDER:13
1601,0,0,true,,,utility,curriculum_pass,3,75,100919743961,100919790452,8,0,GREEN,false,10,0,3,3,ARCHER:7;ASSASSIN:4;SPIDER:1,ARCHER:7;ASSASSIN:4;SPIDER:1
1602,0,0,true,,,curriculum_pass,utility,3,75,100919743961,100919790452,11,0,BLUE,false,0,10,3,3,ARCHER:7;ASSASSIN:4;SPIDER:1,ARCHER:7;ASSASSIN:4;SPIDER:1
1603,0,0,true,,,utility,curriculum_pass,3,75,100919751880,100919798373,59,0,,false,11,12,3,3,ASSASSIN:6;GOBLIN:11,ASSASSIN:6;GOBLIN:11
1604,0,0,true,,,curriculum_pass,utility,3,75,100919751880,100919798373,17,0,BLUE,false,0,2,3,3,ASSASSIN:6;GOBLIN:11,ASSASSIN:6;GOBLIN:11
1605,0,0,true,,,utility,curriculum_pass,3,75,100919759799,100919774490,63,0,,false,4,3,3,3,ARCHER:8;GOBLIN:1;SCORPION_RIDER:3,ARCHER:8;GOBLIN:1;SCORPION_RIDER:3
1606,0,0,true,,,curriculum_pass,utility,3,75,100919759799,100919774490,11,0,BLUE,false,0,10,3,3,ARCHER:8;GOBLIN:1;SCORPION_RIDER:3,ARCHER:8;GOBLIN:1;SCORPION_RIDER:3
1607,0,0,true,,,utility,curriculum_pass,3,75,100919767718,100919782411,18,0,GREEN,false,6,0,3,3,ARCHER:7;GOBLIN:1;GOLEM:3,ARCHER:7;GOBLIN:1;GOLEM:3
1608,0,0,true,,,curriculum_pass,utility,3,75,100919767718,100919782411,48,0,,false,11,11,3,3,ARCHER:7;GOBLIN:1;GOLEM:3,ARCHER:7;GOBLIN:1;GOLEM:3
1609,0,0,true,,,utility,curriculum_pass,3,75,100927655042,100927607343,8,0,GREEN,false,7,0,3,3,ASSASSIN:8;GOLEM:1;SPIDER:3,ASSASSIN:8;GOLEM:1;SPIDER:3
1610,0,0,true,,,curriculum_pass,utility,3,75,100927655042,100927607343,9,0,BLUE,false,0,8,3,3,ASSASSIN:8;GOLEM:1;SPIDER:3,ASSASSIN:8;GOLEM:1;SPIDER:3
1611,0,0,true,,,utility,curriculum_pass,3,75,100927662961,100927616476,63,0,,false,10,10,3,3,ARCHER:1;GARGOYLE:5;GOBLIN:11,ARCHER:1;GARGOYLE:5;GOBLIN:11
1612,0,0,true,,,curriculum_pass,utility,3,75,100927662961,100927616476,54,0,,false,16,17,3,3,ARCHER:1;GARGOYLE:5;GOBLIN:11,ARCHER:1;GARGOYLE:5;GOBLIN:11
1613,0,0,true,,,utility,curriculum_pass,3,75,100927670880,100927722701,10,0,GREEN,false,3,0,3,3,ASSASSIN:3;GOBLIN:2;SCORPION_RIDER:6,ASSASSIN:3;GOBLIN:2;SCORPION_RIDER:6
1614,0,0,true,,,curriculum_pass,utility,3,75,100927670880,100927722701,19,0,BLUE,false,0,1,3,3,ASSASSIN:3;GOBLIN:2;SCORPION_RIDER:6,ASSASSIN:3;GOBLIN:2;SCORPION_RIDER:6
1615,0,0,true,,,utility,curriculum_pass,3,75,100927678799,100927731682,16,0,GREEN,false,6,0,3,3,GARGOYLE:1;GOLEM:1;MAGE:8,GARGOYLE:1;GOLEM:1;MAGE:8
1616,0,0,true,,,curriculum_pass,utility,3,75,100927678799,100927731682,48,0,,false,10,10,3,3,GARGOYLE:1;GOLEM:1;MAGE:8,GARGOYLE:1;GOLEM:1;MAGE:8
1617,0,0,true,,,utility,curriculum_pass,3,75,100927686718,100927706771,24,0,GREEN,false,6,0,3,3,SCORPION_RIDER:9;SPIDER:1,SCORPION_RIDER:9;SPIDER:1
1618,0,0,true,,,curriculum_pass,utility,3,75,100927686718,100927706771,17,0,BLUE,false,0,6,3,3,SCORPION_RIDER:9;SPIDER:1,SCORPION_RIDER:9;SPIDER:1
1619,0,0,true,,,utility,curriculum_pass,3,75,100935574042,100935564471,14,0,GREEN,false,5,0,2,2,ARCHER:5;SPIDER:15,ARCHER:5;SPIDER:15
1620,0,0,true,,,curriculum_pass,utility,3,75,100935574042,100935564471,13,0,BLUE,false,0,19,2,2,ARCHER:5;SPIDER:15,ARCHER:5;SPIDER:15
1621,0,0,true,,,utility,curriculum_pass,3,75,100935581961,100935540644,48,0,,false,17,17,3,3,ARCHER:8;GOBLIN:7;SPIDER:2,ARCHER:8;GOBLIN:7;SPIDER:2
1622,0,0,true,,,curriculum_pass,utility,3,75,100935581961,100935540644,62,0,,false,6,9,3,3,ARCHER:8;GOBLIN:7;SPIDER:2,ARCHER:8;GOBLIN:7;SPIDER:2
1623,0,0,true,,,utility,curriculum_pass,3,75,100935589880,100935532885,48,0,,false,13,13,3,3,ARCHER:8;GARGOYLE:3;GOBLIN:2,ARCHER:8;GARGOYLE:3;GOBLIN:2
1624,0,0,true,,,curriculum_pass,utility,3,75,100935589880,100935532885,15,0,BLUE,false,0,9,3,3,ARCHER:8;GARGOYLE:3;GOBLIN:2,ARCHER:8;GARGOYLE:3;GOBLIN:2
1625,0,0,true,,,utility,curriculum_pass,3,75,100935597799,100935540810,48,0,,false,15,15,2,2,GOLEM:4;SPIDER:11,GOLEM:4;SPIDER:11
1626,0,0,true,,,curriculum_pass,utility,3,75,100935597799,100935540810,48,0,,false,15,15,2,2,GOLEM:4;SPIDER:11,GOLEM:4;SPIDER:11
1627,0,0,true,,,utility,curriculum_pass,3,75,100935605718,100935648123,65,0,,false,5,1,3,3,GARGOYLE:1;MAGE:4;SCORPION_RIDER:5,GARGOYLE:1;MAGE:4;SCORPION_RIDER:5
1628,0,0,true,,,curriculum_pass,utility,3,75,100935605718,100935648123,66,0,,false,1,5,3,3,GARGOYLE:1;MAGE:4;SCORPION_RIDER:5,GARGOYLE:1;MAGE:4;SCORPION_RIDER:5
1629,0,0,true,,,utility,curriculum_pass,3,75,396504330042,396504281495,48,0,,false,17,17,3,3,GOBLIN:12;GOLEM:1;MAGE:4,GOBLIN:12;GOLEM:1;MAGE:4
1630,0,0,true,,,curriculum_pass,utility,3,75,396504330042,396504281495,55,0,BLUE,false,0,15,3,3,GOBLIN:12;GOLEM:1;MAGE:4,GOBLIN:12;GOLEM:1;MAGE:4
1631,0,0,true,,,utility,curriculum_pass,3,75,396504337961,396504387716,14,0,GREEN,false,15,0,2,2,ASSASSIN:4;SPIDER:15,ASSASSIN:4;SPIDER:15
1632,0,0,true,,,curriculum_pass,utility,3,75,396504337961,396504387716,13,0,BLUE,false,0,6,2,2,ASSASSIN:4;SPIDER:15,ASSASSIN:4;SPIDER:15
1633,0,0,true,,,utility,curriculum_pass,3,75,396504345880,396504396725,65,0,,false,7,4,2,2,GARGOYLE:5;SCORPION_RIDER:5,GARGOYLE:5;SCORPION_RIDER:5
1634,0,0,true,,,curriculum_pass,utility,3,75,396504345880,396504396725,43,0,BLUE,false,0,6,2,2,GARGOYLE:5;SCORPION_RIDER:5,GARGOYLE:5;SCORPION_RIDER:5
1635,0,0,true,,,utility,curriculum_pass,3,75,396504353799,396504371882,12,0,GREEN,false,2,0,3,3,ASSASSIN:10;GOBLIN:1,ASSASSIN:10;GOBLIN:1
1636,0,0,true,,,curriculum_pass,utility,3,75,396504353799,396504371882,11,0,BLUE,false,0,3,3,3,ASSASSIN:10;GOBLIN:1,ASSASSIN:10;GOBLIN:1
1637,0,0,true,,,utility,curriculum_pass,3,75,396504361718,396504380507,48,0,,false,12,12,3,3,ARCHER:7;GARGOYLE:4;SPIDER:1,ARCHER:7;GARGOYLE:4;SPIDER:1
1638,0,0,true,,,curriculum_pass,utility,3,75,396504361718,396504380507,60,0,,false,4,6,3,3,ARCHER:7;GARGOYLE:4;SPIDER:1,ARCHER:7;GARGOYLE:4;SPIDER:1
1639,0,0,true,,,utility,curriculum_pass,3,75,101695798042,101695776183,22,0,GREEN,false,7,0,3,3,ASSASSIN:2;GOBLIN:20,ASSASSIN:2;GOBLIN:20
1640,0,0,true,,,curriculum_pass,utility,3,75,101695798042,101695776183,13,0,BLUE,false,0,8,3,3,ASSASSIN:2;GOBLIN:20,ASSASSIN:2;GOBLIN:20
1641,0,0,true,,,utility,curriculum_pass,3,75,101695805961,101695751332,14,0,GREEN,false,10,0,3,3,ARCHER:5;GOLEM:4;SPIDER:1,ARCHER:5;GOLEM:4;SPIDER:1
1642,0,0,true,,,curriculum_pass,utility,3,75,101695805961,101695751332,15,0,BLUE,false,0,7,3,3,ARCHER:5;GOLEM:4;SPIDER:1,ARCHER:5;GOLEM:4;SPIDER:1
1643,0,0,true,,,utility,curriculum_pass,3,75,101695813880,101695759957,8,0,GREEN,false,9,0,2,2,ARCHER:4;ASSASSIN:7,ARCHER:4;ASSASSIN:7
1644,0,0,true,,,curriculum_pass,utility,3,75,101695813880,101695759957,9,0,BLUE,false,0,9,2,2,ARCHER:4;ASSASSIN:7,ARCHER:4;ASSASSIN:7
1645,0,0,true,,,utility,curriculum_pass,3,75,101695821799,101695867210,22,0,GREEN,false,4,0,3,3,GOLEM:7;SPIDER:1,GOLEM:7;SPIDER:1
1646,0,0,true,,,curriculum_pass,utility,3,75,101695821799,101695867210,48,0,,false,8,8,3,3,GOLEM:7;SPIDER:1,GOLEM:7;SPIDER:1
1647,0,0,true,,,utility,curriculum_pass,3,75,101695829718,101695875195,48,0,,false,25,25,2,2,SPIDER:25,SPIDER:25
1648,0,0,true,,,curriculum_pass,utility,3,75,101695829718,101695875195,19,0,BLUE,false,0,2,2,2,SPIDER:25,SPIDER:25
1649,0,0,true,,,utility,curriculum_pass,3,75,101703717042,101703699999,10,0,GREEN,false,15,0,3,3,ARCHER:7;GOBLIN:2;SPIDER:9,ARCHER:7;GOBLIN:2;SPIDER:9
1650,0,0,true,,,curriculum_pass,utility,3,75,101703717042,101703699999,19,0,BLUE,false,0,12,3,3,ARCHER:7;GOBLIN:2;SPIDER:9,ARCHER:7;GOBLIN:2;SPIDER:9
1651,0,0,true,,,utility,curriculum_pass,3,75,101703724961,101703708940,16,0,GREEN,false,10,0,3,3,GOBLIN:5;MAGE:8;SPIDER:1,GOBLIN:5;MAGE:8;SPIDER:1
1652,0,0,true,,,curriculum_pass,utility,3,75,101703724961,101703708940,54,0,,false,9,14,3,3,GOBLIN:5;MAGE:8;SPIDER:1,GOBLIN:5;MAGE:8;SPIDER:1
1653,0,0,true,,,utility,curriculum_pass,3,75,101703732880,101703684157,34,0,GREEN,false,10,0,3,3,ASSASSIN:7;GOLEM:2;SPIDER:2,ASSASSIN:7;GOLEM:2;SPIDER:2
1654,0,0,true,,,curriculum_pass,utility,3,75,101703732880,101703684157,15,0,BLUE,false,0,4,3,3,ASSASSIN:7;GOLEM:2;SPIDER:2,ASSASSIN:7;GOLEM:2;SPIDER:2
1655,0,0,true,,,utility,curriculum_pass,3,75,101703740799,101703693266,48,0,,false,11,11,2,2,ARCHER:7;SCORPION_RIDER:4,ARCHER:7;SCORPION_RIDER:4
1656,0,0,true,,,curriculum_pass,utility,3,75,101703740799,101703693266,58,0,,false,3,10,2,2,ARCHER:7;SCORPION_RIDER:4,ARCHER:7;SCORPION_RIDER:4
1657,0,0,true,,,utility,curriculum_pass,3,75,101703748718,101703799491,67,0,,false,19,3,3,3,ARCHER:2;MAGE:3;SPIDER:14,ARCHER:2;MAGE:3;SPIDER:14
1658,0,0,true,,,curriculum_pass,utility,3,75,101703748718,101703799491,48,0,,false,19,19,3,3,ARCHER:2;MAGE:3;SPIDER:14,ARCHER:2;MAGE:3;SPIDER:14
1659,0,0,true,,,utility,curriculum_pass,3,75,101711636042,101711657191,8,0,GREEN,false,10,0,2,2,MAGE:7;SCORPION_RIDER:3,MAGE:7;SCORPION_RIDER:3
1660,0,0,true,,,curriculum_pass,utility,3,75,101711636042,101711657191,9,0,BLUE,false,0,10,2,2,MAGE:7;SCORPION_RIDER:3,MAGE:7;SCORPION_RIDER:3
1661,0,0,true,,,utility,curriculum_pass,3,75,101711643961,101711633300,48,0,,false,11,11,3,3,GARGOYLE:5;MAGE:5;SPIDER:1,GARGOYLE:5;MAGE:5;SPIDER:1
1662,0,0,true,,,curriculum_pass,utility,3,75,101711643961,101711633300,64,0,,false,5,7,3,3,GARGOYLE:5;MAGE:5;SPIDER:1,GARGOYLE:5;MAGE:5;SPIDER:1
1663,0,0,true,,,utility,curriculum_pass,3,75,101711651880,101711641221,12,0,GREEN,false,6,0,4,4,ASSASSIN:5;GOBLIN:10;MAGE:1;SPIDER:1,ASSASSIN:5;GOBLIN:10;MAGE:1;SPIDER:1
1664,0,0,true,,,curriculum_pass,utility,3,75,101711651880,101711641221,9,0,BLUE,false,0,10,4,4,ASSASSIN:5;GOBLIN:10;MAGE:1;SPIDER:1,ASSASSIN:5;GOBLIN:10;MAGE:1;SPIDER:1
1665,0,0,true,,,utility,curriculum_pass,3,75,101711659799,101711617466,48,0,,false,12,12,3,3,ARCHER:11;GARGOYLE:1,ARCHER:11;GARGOYLE:1
1666,0,0,true,,,curriculum_pass,utility,3,75,101711659799,101711617466,48,0,,false,12,12,3,3,ARCHER:11;GARGOYLE:1,ARCHER:11;GARGOYLE:1
1667,0,0,true,,,utility,curriculum_pass,3,75,101711667718,101711625387,48,0,,false,14,14,2,2,GOBLIN:6;MAGE:8,GOBLIN:6;MAGE:8
1668,0,0,true,,,curriculum_pass,utility,3,75,101711667718,101711625387,11,0,BLUE,false,0,14,2,2,GOBLIN:6;MAGE:8,GOBLIN:6;MAGE:8
1669,0,0,true,,,utility,curriculum_pass,3,75,101719555042,101719598415,8,0,GREEN,false,10,0,2,2,MAGE:7;SCORPION_RIDER:3,MAGE:7;SCORPION_RIDER:3
1670,0,0,true,,,curriculum_pass,utility,3,75,101719555042,101719598415,7,0,BLUE,false,0,10,2,2,MAGE:7;SCORPION_RIDER:3,MAGE:7;SCORPION_RIDER:3
1671,0,0,true,,,utility,curriculum_pass,3,75,101719562961,101719573628,12,0,GREEN,false,5,0,3,3,ASSASSIN:5;SCORPION_RIDER:5,ASSASSIN:5;SCORPION_RIDER:5
1672,0,0,true,,,curriculum_pass,utility,3,75,101719562961,101719573628,13,0,BLUE,false,0,3,3,3,ASSASSIN:5;SCORPION_RIDER:5,ASSASSIN:5;SCORPION_RIDER:5
1673,0,0,true,,,utility,curriculum_pass,3,75,101719570880,101719582573,48,0,,false,21,21,3,3,GARGOYLE:3;GOBLIN:2;SPIDER:16,GARGOYLE:3;GOBLIN:2;SPIDER:16
1674,0,0,true,,,curriculum_pass,utility,3,75,101719570880,101719582573,60,0,,false,19,21,3,3,GARGOYLE:3;GOBLIN:2;SPIDER:16,GARGOYLE:3;GOBLIN:2;SPIDER:16
1675,0,0,true,,,utility,curriculum_pass,3,75,101719578799,101719557634,48,0,,false,11,11,2,2,ARCHER:7;SCORPION_RIDER:4,ARCHER:7;SCORPION_RIDER:4
1676,0,0,true,,,curriculum_pass,utility,3,75,101719578799,101719557634,64,0,,false,2,9,2,2,ARCHER:7;SCORPION_RIDER:4,ARCHER:7;SCORPION_RIDER:4
1677,0,0,true,,,utility,curriculum_pass,3,75,101719586718,101719566643,10,0,GREEN,false,9,0,3,3,ARCHER:4;GOBLIN:1;SCORPION_RIDER:6,ARCHER:4;GOBLIN:1;SCORPION_RIDER:6
1678,0,0,true,,,curriculum_pass,utility,3,75,101719586718,101719566643,62,0,,false,5,8,3,3,ARCHER:4;GOBLIN:1;SCORPION_RIDER:6,ARCHER:4;GOBLIN:1;SCORPION_RIDER:6
1679,0,0,true,,,utility,curriculum_pass,3,75,101727474042,101727522775,8,0,GREEN,false,15,0,2,2,ARCHER:8;GOBLIN:9,ARCHER:8;GOBLIN:9
1680,0,0,true,,,curriculum_pass,utility,3,75,101727474042,101727522775,11,0,BLUE,false,0,11,2,2,ARCHER:8;GOBLIN:9,ARCHER:8;GOBLIN:9
1681,0,0,true,,,utility,curriculum_pass,3,75,101727481961,101727530692,52,0,GREEN,false,8,0,3,3,GARGOYLE:10;GOBLIN:1,GARGOYLE:10;GOBLIN:1
1682,0,0,true,,,curriculum_pass,utility,3,75,101727481961,101727530692,49,0,BLUE,false,0,10,3,3,GARGOYLE:10;GOBLIN:1,GARGOYLE:10;GOBLIN:1
1683,0,0,true,,,utility,curriculum_pass,3,75,101727489880,101727506933,48,0,,false,25,25,3,3,GOBLIN:9;SPIDER:16,GOBLIN:9;SPIDER:16
1684,0,0,true,,,curriculum_pass,utility,3,75,101727489880,101727506933,48,0,,false,25,25,3,3,GOBLIN:9;SPIDER:16,GOBLIN:9;SPIDER:16
1685,0,0,true,,,utility,curriculum_pass,3,75,101727497799,101727514858,14,0,GREEN,false,7,0,2,2,ASSASSIN:8;GOBLIN:6,ASSASSIN:8;GOBLIN:6
1686,0,0,true,,,curriculum_pass,utility,3,75,101727497799,101727514858,11,0,BLUE,false,0,8,2,2,ASSASSIN:8;GOBLIN:6,ASSASSIN:8;GOBLIN:6
1687,0,0,true,,,utility,curriculum_pass,3,75,101727505718,101727490971,51,0,,false,17,16,3,3,ASSASSIN:4;SPIDER:15,ASSASSIN:4;SPIDER:15
1688,0,0,true,,,curriculum_pass,utility,3,75,101727505718,101727490971,9,0,BLUE,false,0,14,3,3,ASSASSIN:4;SPIDER:15,ASSASSIN:4;SPIDER:15
1689,0,0,true,,,utility,curriculum_pass,3,75,396512249042,396512205439,30,0,GREEN,false,13,0,2,2,GOBLIN:9;SPIDER:16,GOBLIN:9;SPIDER:16
1690,0,0,true,,,curriculum_pass,utility,3,75,396512249042,396512205439,60,0,,false,16,25,2,2,GOBLIN:9;SPIDER:16,GOBLIN:9;SPIDER:16
1691,0,0,true,,,utility,curriculum_pass,3,75,396512256961,396512214380,53,0,,false,10,11,3,3,ASSASSIN:4;GARGOYLE:6;GOBLIN:1,ASSASSIN:4;GARGOYLE:6;GOBLIN:1
1692,0,0,true,,,curriculum_pass,utility,3,75,396512256961,396512214380,50,0,,false,11,10,3,3,ASSASSIN:4;GARGOYLE:6;GOBLIN:1,ASSASSIN:4;GARGOYLE:6;GOBLIN:1
1693,0,0,true,,,utility,curriculum_pass,3,75,396512264880,396512320541,55,0,,false,8,9,3,3,SCORPION_RIDER:9;SPIDER:1,SCORPION_RIDER:9;SPIDER:1
1694,0,0,true,,,curriculum_pass,utility,3,75,396512264880,396512320541,19,0,BLUE,false,0,7,3,3,SCORPION_RIDER:9;SPIDER:1,SCORPION_RIDER:9;SPIDER:1
1695,0,0,true,,,utility,curriculum_pass,3,75,396512272799,396512329522,48,0,,false,19,19,3,3,GARGOYLE:4;GOBLIN:1;SPIDER:14,GARGOYLE:4;GOBLIN:1;SPIDER:14
1696,0,0,true,,,curriculum_pass,utility,3,75,396512272799,396512329522,48,0,,false,19,19,3,3,GARGOYLE:4;GOBLIN:1;SPIDER:14,GARGOYLE:4;GOBLIN:1;SPIDER:14
1697,0,0,true,,,utility,curriculum_pass,3,75,396512280718,396512304675,24,0,GREEN,false,6,0,3,3,GOLEM:3;SCORPION_RIDER:5;SPIDER:1,GOLEM:3;SCORPION_RIDER:5;SPIDER:1
1698,0,0,true,,,curriculum_pass,utility,3,75,396512280718,396512304675,23,0,BLUE,false,0,5,3,3,GOLEM:3;SCORPION_RIDER:5;SPIDER:1,GOLEM:3;SCORPION_RIDER:5;SPIDER:1
1699,0,0,true,,,utility,curriculum_pass,3,75,102487698042,102487749847,48,0,,false,15,15,2,2,GOBLIN:9;SCORPION_RIDER:6,GOBLIN:9;SCORPION_RIDER:6
1700,0,0,true,,,curriculum_pass,utility,3,75,102487698042,102487749847,48,0,,false,15,15,2,2,GOBLIN:9;SCORPION_RIDER:6,GOBLIN:9;SCORPION_RIDER:6
1701,0,0,true,,,utility,curriculum_pass,3,75,102487705961,102487726020,14,0,GREEN,false,9,0,3,3,ARCHER:5;GOBLIN:1;GOLEM:4,ARCHER:5;GOBLIN:1;GOLEM:4
1702,0,0,true,,,curriculum_pass,utility,3,75,102487705961,102487726020,48,0,,false,10,10,3,3,ARCHER:5;GOBLIN:1;GOLEM:4,ARCHER:5;GOBLIN:1;GOLEM:4
1703,0,0,true,,,utility,curriculum_pass,3,75,102487713880,102487734005,48,0,,false,17,17,2,2,GOBLIN:11;MAGE:6,GOBLIN:11;MAGE:6
1704,0,0,true,,,curriculum_pass,utility,3,75,102487713880,102487734005,13,0,BLUE,false,0,9,2,2,GOBLIN:11;MAGE:6,GOBLIN:11;MAGE:6
1705,0,0,true,,,utility,curriculum_pass,3,75,102487721799,102487710186,40,0,GREEN,false,9,0,2,2,GARGOYLE:6;GOBLIN:11,GARGOYLE:6;GOBLIN:11
1706,0,0,true,,,curriculum_pass,utility,3,75,102487721799,102487710186,62,0,,false,6,8,2,2,GARGOYLE:6;GOBLIN:11,GARGOYLE:6;GOBLIN:11
1707,0,0,true,,,utility,curriculum_pass,3,75,102487729718,102487718043,87,0,,false,13,4,2,2,GARGOYLE:6;SPIDER:11,GARGOYLE:6;SPIDER:11
1708,0,0,true,,,curriculum_pass,utility,3,75,102487729718,102487718043,31,0,BLUE,false,0,8,2,2,GARGOYLE:6;SPIDER:11,GARGOYLE:6;SPIDER:11
1709,0,0,true,,,utility,curriculum_pass,3,75,102495617042,102495674047,14,0,GREEN,false,8,0,2,2,GOLEM:4;MAGE:5,GOLEM:4;MAGE:5
1710,0,0,true,,,curriculum_pass,utility,3,75,102495617042,102495674047,48,0,,false,9,9,2,2,GOLEM:4;MAGE:5,GOLEM:4;MAGE:5
1711,0,0,true,,,utility,curriculum_pass,3,75,102495624961,102495666604,59,0,,false,5,4,3,3,ARCHER:8;GARGOYLE:1;GOLEM:2,ARCHER:8;GARGOYLE:1;GOLEM:2
1712,0,0,true,,,curriculum_pass,utility,3,75,102495624961,102495666604,17,0,BLUE,false,0,6,3,3,ARCHER:8;GARGOYLE:1;GOLEM:2,ARCHER:8;GARGOYLE:1;GOLEM:2
1713,0,0,true,,,utility,curriculum_pass,3,75,102495632880,102495675229,12,0,GREEN,false,10,0,4,4,MAGE:4;SCORPION_RIDER:5;SPIDER:2,MAGE:4;SCORPION_RIDER:5;SPIDER:2
1714,0,0,true,,,curriculum_pass,utility,3,75,102495632880,102495675229,15,0,BLUE,false,0,9,4,4,MAGE:4;SCORPION_RIDER:5;SPIDER:2,MAGE:4;SCORPION_RIDER:5;SPIDER:2
1715,0,0,true,,,utility,curriculum_pass,3,75,102495640799,102495650418,16,0,GREEN,false,11,0,3,3,ARCHER:7;GOLEM:3;SPIDER:1,ARCHER:7;GOLEM:3;SPIDER:1
1716,0,0,true,,,curriculum_pass,utility,3,75,102495640799,102495650418,62,0,,false,3,9,3,3,ARCHER:7;GOLEM:3;SPIDER:1,ARCHER:7;GOLEM:3;SPIDER:1
1717,0,0,true,,,utility,curriculum_pass,3,75,102495648718,102495659363,8,0,GREEN,false,10,0,2,2,MAGE:7;SCORPION_RIDER:3,MAGE:7;SCORPION_RIDER:3
1718,0,0,true,,,curriculum_pass,utility,3,75,102495648718,102495659363,11,0,BLUE,false,0,10,2,2,MAGE:7;SCORPION_RIDER:3,MAGE:7;SCORPION_RIDER:3
1719,0,0,true,,,utility,curriculum_pass,3,75,102503536042,102503484167,48,0,,false,25,25,3,3,GOBLIN:10;SPIDER:15,GOBLIN:10;SPIDER:15
1720,0,0,true,,,curriculum_pass,utility,3,75,102503536042,102503484167,58,0,,false,24,25,3,3,GOBLIN:10;SPIDER:15,GOBLIN:10;SPIDER:15
1721,0,0,true,,,utility,curriculum_pass,3,75,102503543961,102503492148,10,0,GREEN,false,6,0,2,2,ASSASSIN:7;GOBLIN:8,ASSASSIN:7;GOBLIN:8
1722,0,0,true,,,curriculum_pass,utility,3,75,102503543961,102503492148,13,0,BLUE,false,0,6,2,2,ASSASSIN:7;GOBLIN:8,ASSASSIN:7;GOBLIN:8
1723,0,0,true,,,utility,curriculum_pass,3,75,102503551880,102503599397,8,0,GREEN,false,9,0,3,3,ASSASSIN:8;SPIDER:6,ASSASSIN:8;SPIDER:6
1724,0,0,true,,,curriculum_pass,utility,3,75,102503551880,102503599397,11,0,BLUE,false,0,14,3,3,ASSASSIN:8;SPIDER:6,ASSASSIN:8;SPIDER:6
1725,0,0,true,,,utility,curriculum_pass,3,75,102503559799,102503607514,28,0,GREEN,false,6,0,3,3,SCORPION_RIDER:3;SPIDER:17,SCORPION_RIDER:3;SPIDER:17
1726,0,0,true,,,curriculum_pass,utility,3,75,102503559799,102503607514,17,0,BLUE,false,0,15,3,3,SCORPION_RIDER:3;SPIDER:17,SCORPION_RIDER:3;SPIDER:17
1727,0,0,true,,,utility,curriculum_pass,3,75,102503567718,102503583691,48,0,,false,9,9,3,3,GOLEM:3;SCORPION_RIDER:5;SPIDER:1,GOLEM:3;SCORPION_RIDER:5;SPIDER:1
1728,0,0,true,,,curriculum_pass,utility,3,75,102503567718,102503583691,60,0,,false,5,8,3,3,GOLEM:3;SCORPION_RIDER:5;SPIDER:1,GOLEM:3;SCORPION_RIDER:5;SPIDER:1
1729,0,0,true,,,utility,curriculum_pass,3,75,102511455042,102511441391,10,0,GREEN,false,4,0,2,2,GOBLIN:11;SCORPION_RIDER:5,GOBLIN:11;SCORPION_RIDER:5
1730,0,0,true,,,curriculum_pass,utility,3,75,102511455042,102511441391,15,0,BLUE,false,0,3,2,2,GOBLIN:11;SCORPION_RIDER:5,GOBLIN:11;SCORPION_RIDER:5
1731,0,0,true,,,utility,curriculum_pass,3,75,102511462961,102511416476,53,0,,false,11,8,3,3,ASSASSIN:8;GOBLIN:3;GOLEM:1,ASSASSIN:8;GOBLIN:3;GOLEM:1
1732,0,0,true,,,curriculum_pass,utility,3,75,102511462961,102511416476,54,0,,false,8,11,3,3,ASSASSIN:8;GOBLIN:3;GOLEM:1,ASSASSIN:8;GOBLIN:3;GOLEM:1
1733,0,0,true,,,utility,curriculum_pass,3,75,102511470880,102511425421,18,0,GREEN,false,7,0,2,2,GARGOYLE:6;SCORPION_RIDER:4,GARGOYLE:6;SCORPION_RIDER:4
1734,0,0,true,,,curriculum_pass,utility,3,75,102511470880,102511425421,21,0,BLUE,false,0,7,2,2,GARGOYLE:6;SCORPION_RIDER:4,GARGOYLE:6;SCORPION_RIDER:4
1735,0,0,true,,,utility,curriculum_pass,3,75,102511478799,102511531682,16,0,GREEN,false,10,0,4,4,ARCHER:4;GOLEM:4;SCORPION_RIDER:1;SPIDER:1,ARCHER:4;GOLEM:4;SCORPION_RIDER:1;SPIDER:1
1736,0,0,true,,,curriculum_pass,utility,3,75,102511478799,102511531682,19,0,BLUE,false,0,10,4,4,ARCHER:4;GOLEM:4;SCORPION_RIDER:1;SPIDER:1,ARCHER:4;GOLEM:4;SCORPION_RIDER:1;SPIDER:1
1737,0,0,true,,,utility,curriculum_pass,3,75,102511486718,102511540307,48,0,,false,19,19,3,3,ASSASSIN:1;GOLEM:2;SPIDER:16,ASSASSIN:1;GOLEM:2;SPIDER:16
1738,0,0,true,,,curriculum_pass,utility,3,75,102511486718,102511540307,66,0,,false,6,2,3,3,ASSASSIN:1;GOLEM:2;SPIDER:16,ASSASSIN:1;GOLEM:2;SPIDER:16
1739,0,0,true,,,utility,curriculum_pass,3,75,102519374042,102519365239,48,0,,false,18,18,3,3,GARGOYLE:5;GOBLIN:10;SPIDER:3,GARGOYLE:5;GOBLIN:10;SPIDER:3
1740,0,0,true,,,curriculum_pass,utility,3,75,102519374042,102519365239,48,0,,false,18,18,3,3,GARGOYLE:5;GOBLIN:10;SPIDER:3,GARGOYLE:5;GOBLIN:10;SPIDER:3
1741,0,0,true,,,utility,curriculum_pass,3,75,102519381961,102519357796,48,0,,false,18,18,3,3,GOBLIN:2;GOLEM:3;SPIDER:13,GOBLIN:2;GOLEM:3;SPIDER:13
1742,0,0,true,,,curriculum_pass,utility,3,75,102519381961,102519357796,66,0,,false,3,6,3,3,GOBLIN:2;GOLEM:3;SPIDER:13,GOBLIN:2;GOLEM:3;SPIDER:13
1743,0,0,true,,,utility,curriculum_pass,3,75,102519389880,102519365653,53,0,,false,8,4,3,3,ASSASSIN:4;GOLEM:4;MAGE:1,ASSASSIN:4;GOLEM:4;MAGE:1
1744,0,0,true,,,curriculum_pass,utility,3,75,102519389880,102519365653,25,0,BLUE,false,0,6,3,3,ASSASSIN:4;GOLEM:4;MAGE:1,ASSASSIN:4;GOLEM:4;MAGE:1
1745,0,0,true,,,utility,curriculum_pass,3,75,102519397799,102519341834,10,0,GREEN,false,8,0,3,3,ARCHER:7;ASSASSIN:4;SPIDER:1,ARCHER:7;ASSASSIN:4;SPIDER:1
1746,0,0,true,,,curriculum_pass,utility,3,75,102519397799,102519341834,9,0,BLUE,false,0,11,3,3,ARCHER:7;ASSASSIN:4;SPIDER:1,ARCHER:7;ASSASSIN:4;SPIDER:1
1747,0,0,true,,,utility,curriculum_pass,3,75,102519405718,102519349819,48,0,,false,18,18,2,2,GARGOYLE:5;SPIDER:13,GARGOYLE:5;SPIDER:13
1748,0,0,true,,,curriculum_pass,utility,3,75,102519405718,102519349819,48,0,,false,18,18,2,2,GARGOYLE:5;SPIDER:13,GARGOYLE:5;SPIDER:13
1749,0,0,true,,,utility,curriculum_pass,3,75,23376888042,23376944711,61,0,,false,19,16,3,3,SCORPION_RIDER:3;SPIDER:17,SCORPION_RIDER:3;SPIDER:17
1750,0,0,true,,,curriculum_pass,utility,3,75,23376888042,23376944711,21,0,BLUE,false,0,14,3,3,SCORPION_RIDER:3;SPIDER:17,SCORPION_RIDER:3;SPIDER:17
1751,0,0,true,,,utility,curriculum_pass,3,75,23376895961,23376937332,8,0,GREEN,false,9,0,3,3,GOLEM:1;MAGE:8;SCORPION_RIDER:1,GOLEM:1;MAGE:8;SCORPION_RIDER:1
1752,0,0,true,,,curriculum_pass,utility,3,75,23376895961,23376937332,13,0,BLUE,false,0,9,3,3,GOLEM:1;MAGE:8;SCORPION_RIDER:1,GOLEM:1;MAGE:8;SCORPION_RIDER:1
1753,0,0,true,,,utility,utility,3,75,23511511042,23511559855,4,0,GREEN,false,14,0,2,2,GOBLIN:11;MAGE:6,ARCHER:7;SPIDER:11
1754,0,0,true,,,utility,utility,3,75,23511511042,23511559855,4,0,GREEN,false,13,0,2,2,GOBLIN:11;MAGE:6,ARCHER:7;SPIDER:11
1755,0,0,true,,,utility,utility,3,75,23511518961,23511535708,22,0,,false,7,18,3,2,ARCHER:7;MAGE:4;SPIDER:1,GOBLIN:12;SPIDER:13
1756,0,0,true,,,utility,utility,3,75,23511518961,23511535708,22,0,,false,7,13,3,2,ARCHER:7;MAGE:4;SPIDER:1,GOBLIN:12;SPIDER:13
1757,0,0,true,,,utility,utility,3,75,23646134042,23646142903,72,0,GREEN,false,13,0,3,3,ARCHER:8;GOBLIN:2;MAGE:3,GOBLIN:2;SPIDER:23
1758,0,0,true,,,utility,utility,3,75,23646134042,23646142903,8,0,GREEN,false,12,0,3,3,ARCHER:8;GOBLIN:2;MAGE:3,GOBLIN:2;SPIDER:23
1759,0,0,true,,,utility,utility,3,75,23646141961,23646150820,10,0,GREEN,false,4,0,3,2,ASSASSIN:4;GOLEM:4;MAGE:1,ASSASSIN:7;SCORPION_RIDER:3
1760,0,0,true,,,utility,utility,3,75,23646141961,23646150820,10,0,GREEN,false,4,0,3,2,ASSASSIN:4;GOLEM:4;MAGE:1,ASSASSIN:7;SCORPION_RIDER:3
1761,0,0,true,,,utility,utility,3,75,23780757042,23780741279,18,0,,false,8,22,3,2,ASSASSIN:3;GOBLIN:1;MAGE:7,SPIDER:25
1762,0,0,true,,,utility,utility,3,75,23780757042,23780741279,18,0,,false,8,22,3,2,ASSASSIN:3;GOBLIN:1;MAGE:7,SPIDER:25
1763,0,0,true,,,utility,utility,3,75,23780764961,23780750220,201,0,,true,23,15,3,2,GOBLIN:22;MAGE:1,GOBLIN:11;SCORPION_RIDER:5
1764,0,0,true,,,utility,utility,3,75,23780764961,23780750220,201,0,,true,23,15,3,2,GOBLIN:22;MAGE:1,GOBLIN:11;SCORPION_RIDER:5
1765,0,0,true,,,utility,curriculum_pass,3,75,63684598042,63684544439,12,0,GREEN,false,11,0,4,3,ARCHER:1;GARGOYLE:5;GOBLIN:10;SPIDER:1,GOBLIN:12;MAGE:5;SPIDER:1
1766,0,0,true,,,curriculum_pass,utility,3,75,63684598042,63684544439,15,0,BLUE,false,0,13,4,3,ARCHER:1;GARGOYLE:5;GOBLIN:10;SPIDER:1,GOBLIN:12;MAGE:5;SPIDER:1
1767,0,0,true,,,utility,curriculum_pass,3,75,63684605961,63684552356,16,0,GREEN,false,13,0,3,3,ARCHER:8;GARGOYLE:3;GOBLIN:2,ASSASSIN:4;GARGOYLE:6;SPIDER:1
1768,0,0,true,,,curriculum_pass,utility,3,75,63684605961,63684552356,25,0,BLUE,false,0,7,3,3,ARCHER:8;GARGOYLE:3;GOBLIN:2,ASSASSIN:4;GARGOYLE:6;SPIDER:1
1769,0,0,true,,,utility,curriculum_pass,3,75,63684613880,63684659285,57,0,,false,16,10,3,3,GARGOYLE:6;GOBLIN:11,ASSASSIN:6;GOBLIN:11
1770,0,0,true,,,curriculum_pass,utility,3,75,63684613880,63684659285,54,0,,false,15,16,3,3,GARGOYLE:6;GOBLIN:11,ASSASSIN:6;GOBLIN:11
1771,0,0,true,,,utility,curriculum_pass,3,75,63684621799,63684668234,16,0,GREEN,false,16,0,2,3,GARGOYLE:4;SPIDER:15,ARCHER:5;GOBLIN:1;GOLEM:4
1772,0,0,true,,,curriculum_pass,utility,3,75,63684621799,63684668234,23,0,BLUE,false,0,10,2,3,GARGOYLE:4;SPIDER:15,ARCHER:5;GOBLIN:1;GOLEM:4
1773,0,0,true,,,utility,curriculum_pass,3,75,63684629718,63684643451,48,0,,false,15,17,2,2,GOBLIN:11;GOLEM:4,GARGOYLE:6;GOBLIN:11
1774,0,0,true,,,curriculum_pass,utility,3,75,63684629718,63684643451,48,0,,false,15,17,2,2,GOBLIN:11;GOLEM:4,GARGOYLE:6;GOBLIN:11
1775,0,0,true,,,utility,curriculum_pass,3,75,63692517042,63692501023,14,0,GREEN,false,11,0,3,3,GOBLIN:2;MAGE:3;SCORPION_RIDER:6,GOBLIN:7;MAGE:7;SPIDER:1
1776,0,0,true,,,curriculum_pass,utility,3,75,63692517042,63692501023,17,0,BLUE,false,0,9,3,3,GOBLIN:2;MAGE:3;SCORPION_RIDER:6,GOBLIN:7;MAGE:7;SPIDER:1
1777,0,0,true,,,utility,curriculum_pass,3,75,63692524961,63692477196,42,0,GREEN,false,6,0,3,3,ASSASSIN:5;GARGOYLE:5;SPIDER:1,GOBLIN:11;GOLEM:4
1778,0,0,true,,,curriculum_pass,utility,3,75,63692524961,63692477196,48,0,,false,11,15,3,3,ASSASSIN:5;GARGOYLE:5;SPIDER:1,GOBLIN:11;GOLEM:4
1779,0,0,true,,,utility,curriculum_pass,3,75,63692532880,63692485181,48,0,,false,25,9,3,3,GOBLIN:10;SPIDER:15,GOLEM:4;SCORPION_RIDER:4;SPIDER:1
1780,0,0,true,,,curriculum_pass,utility,3,75,63692532880,63692485181,15,0,BLUE,false,0,6,3,3,GOBLIN:10;SPIDER:15,GOLEM:4;SCORPION_RIDER:4;SPIDER:1
1781,0,0,true,,,utility,curriculum_pass,3,75,63692540799,63692592594,141,0,,false,11,2,3,3,ARCHER:8;GOLEM:2;MAGE:1,GOBLIN:5;GOLEM:2;SCORPION_RIDER:5
1782,0,0,true,,,curriculum_pass,utility,3,75,63692540799,63692592594,15,0,BLUE,false,0,12,3,3,ARCHER:8;GOLEM:2;MAGE:1,GOBLIN:5;GOLEM:2;SCORPION_RIDER:5
1783,0,0,true,,,utility,curriculum_pass,3,75,63692548718,63692600515,16,0,GREEN,false,7,0,3,3,GOBLIN:1;GOLEM:7,ARCHER:6;GOBLIN:10;SPIDER:3
1784,0,0,true,,,curriculum_pass,utility,3,75,63692548718,63692600515,19,0,BLUE,false,0,16,3,3,GOBLIN:1;GOLEM:7,ARCHER:6;GOBLIN:10;SPIDER:3
1785,0,0,true,,,utility,curriculum_pass,3,75,63700436042,63700425447,8,0,GREEN,false,10,0,2,3,GARGOYLE:5;SCORPION_RIDER:5,MAGE:10;SPIDER:1
1786,0,0,true,,,curriculum_pass,utility,3,75,63700436042,63700425447,21,0,BLUE,false,0,10,2,3,GARGOYLE:5;SCORPION_RIDER:5,MAGE:10;SPIDER:1
1787,0,0,true,,,utility,curriculum_pass,3,75,63700443961,63700434324,55,0,,false,8,2,2,3,ARCHER:4;ASSASSIN:7,ASSASSIN:1;GOLEM:2;SPIDER:16
1788,0,0,true,,,curriculum_pass,utility,3,75,63700443961,63700434324,15,0,BLUE,false,0,19,2,3,ARCHER:4;ASSASSIN:7,ASSASSIN:1;GOLEM:2;SPIDER:16
1789,0,0,true,,,utility,curriculum_pass,3,75,63700451880,63700409477,16,0,GREEN,false,15,0,2,3,GOLEM:4;SPIDER:11,ARCHER:1;GOLEM:4;MAGE:4
1790,0,0,true,,,curriculum_pass,utility,3,75,63700451880,63700409477,45,0,BLUE,false,0,9,2,3,GOLEM:4;SPIDER:11,ARCHER:1;GOLEM:4;MAGE:4
1791,0,0,true,,,utility,curriculum_pass,3,75,63700459799,63700418490,10,0,GREEN,false,17,0,3,3,ARCHER:8;SPIDER:9,ASSASSIN:7;GOBLIN:1;MAGE:3
1792,0,0,true,,,curriculum_pass,utility,3,75,63700459799,63700418490,13,0,BLUE,false,0,8,3,3,ARCHER:8;SPIDER:9,ASSASSIN:7;GOBLIN:1;MAGE:3
1793,0,0,true,,,utility,curriculum_pass,3,75,63700467718,63700524715,57,0,,false,15,6,3,4,GOBLIN:24;SPIDER:1,ARCHER:4;GOBLIN:1;SCORPION_RIDER:6
1794,0,0,true,,,curriculum_pass,utility,3,75,63700467718,63700524715,13,0,BLUE,false,0,6,3,4,GOBLIN:24;SPIDER:1,ARCHER:4;GOBLIN:1;SCORPION_RIDER:6
1795,0,0,true,,,utility,curriculum_pass,3,75,63708355042,63708366671,26,0,GREEN,false,17,0,3,3,ARCHER:8;GOBLIN:9,GARGOYLE:10;GOBLIN:1
1796,0,0,true,,,curriculum_pass,utility,3,75,63708355042,63708366671,27,0,BLUE,false,0,10,3,3,ARCHER:8;GOBLIN:9,GARGOYLE:10;GOBLIN:1
1797,0,0,true,,,utility,curriculum_pass,3,75,63708362961,63708374652,10,0,GREEN,false,11,0,2,3,GOBLIN:11;GOLEM:4,GARGOYLE:6;MAGE:3;SPIDER:4
1798,0,0,true,,,curriculum_pass,utility,3,75,63708362961,63708374652,43,0,BLUE,false,0,13,2,3,GOBLIN:11;GOLEM:4,GARGOYLE:6;MAGE:3;SPIDER:4
1799,0,0,true,,,utility,curriculum_pass,3,75,63708370880,63708350829,57,0,,false,15,13,3,3,GARGOYLE:1;GOBLIN:22,ARCHER:5;ASSASSIN:1;GOBLIN:12
1800,0,0,true,,,curriculum_pass,utility,3,75,63708370880,63708350829,52,0,,false,23,18,3,3,GARGOYLE:1;GOBLIN:22,ARCHER:5;ASSASSIN:1;GOBLIN:12
1801,0,0,true,,,utility,curriculum_pass,3,75,63708378799,63708358658,8,0,GREEN,false,15,0,3,3,GOBLIN:12;GOLEM:3;SCORPION_RIDER:1,ASSASSIN:7;GOBLIN:1;MAGE:3
1802,0,0,true,,,curriculum_pass,utility,3,75,63708378799,63708358658,29,0,BLUE,false,0,5,3,3,GOBLIN:12;GOLEM:3;SCORPION_RIDER:1,ASSASSIN:7;GOBLIN:1;MAGE:3
1803,0,0,true,,,utility,curriculum_pass,3,75,63708386718,63708334899,14,0,GREEN,false,10,0,3,2,ARCHER:5;GOLEM:4;SPIDER:1,GARGOYLE:4;SPIDER:15
1804,0,0,true,,,curriculum_pass,utility,3,75,63708386718,63708334899,48,0,,false,10,19,3,2,ARCHER:5;GOLEM:4;SPIDER:1,GARGOYLE:4;SPIDER:15
1805,0,0,true,,,utility,curriculum_pass,3,75,103279598042,103279576951,8,0,GREEN,false,11,0,2,3,ARCHER:4;MAGE:7,ASSASSIN:10;GOBLIN:1
1806,0,0,true,,,curriculum_pass,utility,3,75,103279598042,103279576951,5,0,BLUE,false,0,11,2,3,ARCHER:4;MAGE:7,ASSASSIN:10;GOBLIN:1
1807,0,0,true,,,utility,curriculum_pass,3,75,103279605961,103279584868,6,0,GREEN,false,18,0,2,2,SCORPION_RIDER:4;SPIDER:14,ARCHER:3;MAGE:8
1808,0,0,true,,,curriculum_pass,utility,3,75,103279605961,103279584868,15,0,BLUE,false,0,11,2,2,SCORPION_RIDER:4;SPIDER:14,ARCHER:3;MAGE:8
1809,0,0,true,,,utility,curriculum_pass,3,75,103279613880,103279560981,59,0,,false,21,8,3,3,ARCHER:4;GOBLIN:1;SPIDER:16,ARCHER:4;GOLEM:4;SPIDER:3
1810,0,0,true,,,curriculum_pass,utility,3,75,103279613880,103279560981,62,0,,false,4,11,3,3,ARCHER:4;GOBLIN:1;SPIDER:16,ARCHER:4;GOLEM:4;SPIDER:3
1811,0,0,true,,,utility,curriculum_pass,3,75,103279621799,103279568906,26,0,GREEN,false,11,0,3,3,GARGOYLE:10;SPIDER:1,GARGOYLE:10;SPIDER:1
1812,0,0,true,,,curriculum_pass,utility,3,75,103279621799,103279568906,48,0,,false,11,11,3,3,GARGOYLE:10;SPIDER:1,GARGOYLE:10;SPIDER:1
1813,0,0,true,,,utility,curriculum_pass,3,75,103279629718,103279676219,53,0,,false,18,25,3,3,GOBLIN:1;GOLEM:3;SPIDER:14,GOBLIN:23;SPIDER:2
1814,0,0,true,,,curriculum_pass,utility,3,75,103279629718,103279676219,48,0,,false,18,25,3,3,GOBLIN:1;GOLEM:3;SPIDER:14,GOBLIN:23;SPIDER:2
1815,0,0,true,,,utility,curriculum_pass,3,75,103287517042,103287534047,8,0,GREEN,false,21,0,4,2,ASSASSIN:1;GOBLIN:22,ASSASSIN:7;SPIDER:8
1816,0,0,true,,,curriculum_pass,utility,3,75,103287517042,103287534047,52,0,,false,21,14,4,2,ASSASSIN:1;GOBLIN:22,ASSASSIN:7;SPIDER:8
1817,0,0,true,,,utility,curriculum_pass,3,75,103287524961,103287509196,16,0,GREEN,false,8,0,3,3,ARCHER:7;GOBLIN:1;MAGE:4,ARCHER:7;ASSASSIN:4;SPIDER:1
1818,0,0,true,,,curriculum_pass,utility,3,75,103287524961,103287509196,56,0,,false,5,9,3,3,ARCHER:7;GOBLIN:1;MAGE:4,ARCHER:7;ASSASSIN:4;SPIDER:1
1819,0,0,true,,,utility,curriculum_pass,3,75,103287532880,103287518205,10,0,GREEN,false,11,0,2,3,ARCHER:7;SCORPION_RIDER:4,GOLEM:3;SPIDER:15
1820,0,0,true,,,curriculum_pass,utility,3,75,103287532880,103287518205,21,0,BLUE,false,0,18,2,3,ARCHER:7;SCORPION_RIDER:4,GOLEM:3;SPIDER:15
1821,0,0,true,,,utility,curriculum_pass,3,75,103287540799,103287493266,10,0,GREEN,false,9,0,3,3,ASSASSIN:8;GOLEM:1;MAGE:1,ARCHER:9;GARGOYLE:3
1822,0,0,true,,,curriculum_pass,utility,3,75,103287540799,103287493266,39,0,BLUE,false,0,12,3,3,ASSASSIN:8;GOLEM:1;MAGE:1,ARCHER:9;GARGOYLE:3
1823,0,0,true,,,utility,curriculum_pass,3,75,103287548718,103287502211,8,0,GREEN,false,9,0,3,3,ASSASSIN:7;MAGE:3;SPIDER:1,ARCHER:4;SPIDER:17
1824,0,0,true,,,curriculum_pass,utility,3,75,103287548718,103287502211,15,0,BLUE,false,0,21,3,3,ASSASSIN:7;MAGE:3;SPIDER:1,ARCHER:4;SPIDER:17
1825,0,0,true,,,utility,curriculum_pass,3,75,103295436042,103295458215,24,0,GREEN,false,12,0,4,3,ASSASSIN:1;GOBLIN:3;MAGE:8;SPIDER:1,GARGOYLE:10;GOBLIN:1
1826,0,0,true,,,curriculum_pass,utility,3,75,103295436042,103295458215,11,0,BLUE,false,0,11,4,3,ASSASSIN:1;GOBLIN:3;MAGE:8;SPIDER:1,GARGOYLE:10;GOBLIN:1
1827,0,0,true,,,utility,curriculum_pass,3,75,103295443961,103295466836,53,0,,false,10,6,3,3,ASSASSIN:7;GOLEM:1;SCORPION_RIDER:2,MAGE:3;SCORPION_RIDER:6;SPIDER:2
1828,0,0,true,,,curriculum_pass,utility,3,75,103295443961,103295466836,9,0,BLUE,false,0,11,3,3,ASSASSIN:7;GOLEM:1;SCORPION_RIDER:2,MAGE:3;SCORPION_RIDER:6;SPIDER:2
1829,0,0,true,,,utility,curriculum_pass,3,75,103295451880,103295441989,8,0,GREEN,false,20,0,3,3,ARCHER:1;ASSASSIN:3;SPIDER:16,GOBLIN:10;GOLEM:1;MAGE:5
1830,0,0,true,,,curriculum_pass,utility,3,75,103295451880,103295441989,13,0,BLUE,false,0,16,3,3,ARCHER:1;ASSASSIN:3;SPIDER:16,GOBLIN:10;GOLEM:1;MAGE:5
1831,0,0,true,,,utility,curriculum_pass,3,75,103295459799,103295451002,18,0,GREEN,false,11,0,3,3,GARGOYLE:10;SPIDER:1,ARCHER:9;MAGE:3
1832,0,0,true,,,curriculum_pass,utility,3,75,103295459799,103295451002,17,0,BLUE,false,0,11,3,3,GARGOYLE:10;SPIDER:1,ARCHER:9;MAGE:3
1833,0,0,true,,,utility,curriculum_pass,3,75,103295467718,103295426155,65,0,,false,8,2,4,3,ASSASSIN:4;GOBLIN:2;GOLEM:4,GARGOYLE:2;MAGE:8;SPIDER:1
1834,0,0,true,,,curriculum_pass,utility,3,75,103295467718,103295426155,68,0,,false,5,11,4,3,ASSASSIN:4;GOBLIN:2;GOLEM:4,GARGOYLE:2;MAGE:8;SPIDER:1
1835,0,0,true,,,utility,curriculum_pass,3,75,103303355042,103303398415,10,0,GREEN,false,20,0,3,3,ARCHER:1;ASSASSIN:3;SPIDER:16,GOBLIN:9;SCORPION_RIDER:5;SPIDER:2
1836,0,0,true,,,curriculum_pass,utility,3,75,103303355042,103303398415,11,0,BLUE,false,0,15,3,3,ARCHER:1;ASSASSIN:3;SPIDER:16,GOBLIN:9;SCORPION_RIDER:5;SPIDER:2
1837,0,0,true,,,utility,curriculum_pass,3,75,103303362961,103303407420,16,0,GREEN,false,11,0,3,3,GOBLIN:6;MAGE:8,GARGOYLE:5;SCORPION_RIDER:5
1838,0,0,true,,,curriculum_pass,utility,3,75,103303362961,103303407420,9,0,BLUE,false,0,10,3,3,GOBLIN:6;MAGE:8,GARGOYLE:5;SCORPION_RIDER:5
1839,0,0,true,,,utility,curriculum_pass,3,75,103303370880,103303382573,48,0,,false,15,12,2,4,GOBLIN:8;MAGE:7,ARCHER:8;GOBLIN:1;MAGE:2;SCORPION_RIDER:1
1840,0,0,true,,,curriculum_pass,utility,3,75,103303370880,103303382573,56,0,,false,8,11,2,4,GOBLIN:8;MAGE:7,ARCHER:8;GOBLIN:1;MAGE:2;SCORPION_RIDER:1
1841,0,0,true,,,utility,curriculum_pass,3,75,103303378799,103303391682,57,0,,false,13,4,3,3,GARGOYLE:2;SCORPION_RIDER:5;SPIDER:7,GOLEM:4;SCORPION_RIDER:4;SPIDER:1
1842,0,0,true,,,curriculum_pass,utility,3,75,103303378799,103303391682,17,0,BLUE,false,0,7,3,3,GARGOYLE:2;SCORPION_RIDER:5;SPIDER:7,GOLEM:4;SCORPION_RIDER:4;SPIDER:1
1843,0,0,true,,,utility,curriculum_pass,3,75,103303386718,103303366899,48,0,,false,11,10,3,2,ASSASSIN:2;GOBLIN:1;MAGE:8,GARGOYLE:6;SCORPION_RIDER:4
1844,0,0,true,,,curriculum_pass,utility,3,75,103303386718,103303366899,11,0,BLUE,false,0,10,3,2,ASSASSIN:2;GOBLIN:1;MAGE:8,GARGOYLE:6;SCORPION_RIDER:4
1845,0,0,true,,,utility,curriculum_pass,3,75,64476498042,64476518103,12,0,GREEN,false,11,0,3,3,ASSASSIN:3;SCORPION_RIDER:6;SPIDER:2,GOBLIN:14;SPIDER:11
1846,0,0,true,,,curriculum_pass,utility,3,75,64476498042,64476518103,9,0,BLUE,false,0,16,3,3,ASSASSIN:3;SCORPION_RIDER:6;SPIDER:2,GOBLIN:14;SPIDER:11
1847,0,0,true,,,utility,curriculum_pass,3,75,64476505961,64476527044,55,0,,false,11,22,3,4,GARGOYLE:10;GOBLIN:1,GOBLIN:7;GOLEM:1;SPIDER:14
1848,0,0,true,,,curriculum_pass,utility,3,75,64476505961,64476527044,62,0,,false,5,16,3,4,GARGOYLE:10;GOBLIN:1,GOBLIN:7;GOLEM:1;SPIDER:14
1849,0,0,true,,,utility,curriculum_pass,3,75,64476513880,64476502261,24,0,GREEN,false,13,0,3,3,ARCHER:8;GARGOYLE:3;SPIDER:2,GOLEM:7;SPIDER:1
1850,0,0,true,,,curriculum_pass,utility,3,75,64476513880,64476502261,48,0,,false,13,8,3,3,ARCHER:8;GARGOYLE:3;SPIDER:2,GOLEM:7;SPIDER:1
1851,0,0,true,,,utility,curriculum_pass,3,75,64476521799,64476511210,6,0,GREEN,false,13,0,3,3,ASSASSIN:8;GOBLIN:5;SPIDER:1,ARCHER:8;GOBLIN:2;MAGE:3
1852,0,0,true,,,curriculum_pass,utility,3,75,64476521799,64476511210,48,0,,false,14,13,3,3,ASSASSIN:8;GOBLIN:5;SPIDER:1,ARCHER:8;GOBLIN:2;MAGE:3
1853,0,0,true,,,utility,curriculum_pass,3,75,64476529718,64476486299,10,0,GREEN,false,10,0,2,3,MAGE:7;SCORPION_RIDER:3,ARCHER:1;ASSASSIN:4;SCORPION_RIDER:5
1854,0,0,true,,,curriculum_pass,utility,3,75,64476529718,64476486299,15,0,BLUE,false,0,9,2,3,MAGE:7;SCORPION_RIDER:3,ARCHER:1;ASSASSIN:4;SCORPION_RIDER:5
1855,0,0,true,,,utility,curriculum_pass,3,75,64484417042,64484458687,12,0,GREEN,false,11,0,4,3,ARCHER:4;SCORPION_RIDER:6;SPIDER:1,ARCHER:8;SCORPION_RIDER:3;SPIDER:1
1856,0,0,true,,,curriculum_pass,utility,3,75,64484417042,64484458687,15,0,BLUE,false,0,10,4,3,ARCHER:4;SCORPION_RIDER:6;SPIDER:1,ARCHER:8;SCORPION_RIDER:3;SPIDER:1
1857,0,0,true,,,utility,curriculum_pass,3,75,64484424961,64484467628,48,0,,false,18,24,2,3,ARCHER:7;GOBLIN:11,ARCHER:1;GOBLIN:12;SPIDER:11
1858,0,0,true,,,curriculum_pass,utility,3,75,64484424961,64484467628,15,0,BLUE,false,0,22,2,3,ARCHER:7;GOBLIN:11,ARCHER:1;GOBLIN:12;SPIDER:11
1859,0,0,true,,,utility,curriculum_pass,3,75,64484432880,64484443485,14,0,GREEN,false,11,0,3,4,ARCHER:7;GOBLIN:1;MAGE:4,ARCHER:1;ASSASSIN:1;GARGOYLE:2;SCORPION_RIDER:6
1860,0,0,true,,,curriculum_pass,utility,3,75,64484432880,64484443485,9,0,BLUE,false,0,10,3,4,ARCHER:7;GOBLIN:1;MAGE:4,ARCHER:1;ASSASSIN:1;GARGOYLE:2;SCORPION_RIDER:6
1861,0,0,true,,,utility,curriculum_pass,3,75,64484440799,64484451442,14,0,GREEN,false,14,0,3,3,ARCHER:8;SPIDER:9,MAGE:8;SCORPION_RIDER:2;SPIDER:1
1862,0,0,true,,,curriculum_pass,utility,3,75,64484440799,64484451442,13,0,BLUE,false,0,5,3,3,ARCHER:8;SPIDER:9,MAGE:8;SCORPION_RIDER:2;SPIDER:1
1863,0,0,true,,,utility,curriculum_pass,3,75,64484448718,64484427619,10,0,GREEN,false,16,0,3,2,GARGOYLE:1;GOBLIN:12;SCORPION_RIDER:4,ASSASSIN:7;GOBLIN:8
1864,0,0,true,,,curriculum_pass,utility,3,75,64484448718,64484427619,58,0,,false,15,6,3,2,GARGOYLE:1;GOBLIN:12;SCORPION_RIDER:4,ASSASSIN:7;GOBLIN:8
1865,0,0,true,,,utility,curriculum_pass,3,75,64492336042,64492285191,10,0,GREEN,false,17,0,3,3,ARCHER:8;GOBLIN:2;SPIDER:7,GARGOYLE:2;GOLEM:1;MAGE:7
1866,0,0,true,,,curriculum_pass,utility,3,75,64492336042,64492285191,72,0,,false,8,9,3,3,ARCHER:8;GOBLIN:2;SPIDER:7,GARGOYLE:2;GOLEM:1;MAGE:7
1867,0,0,true,,,utility,curriculum_pass,3,75,64492343961,64492391476,48,0,,false,21,18,3,3,GARGOYLE:3;GOBLIN:2;SPIDER:16,GOLEM:3;SPIDER:15
1868,0,0,true,,,curriculum_pass,utility,3,75,64492343961,64492391476,48,0,,false,21,18,3,3,GARGOYLE:3;GOBLIN:2;SPIDER:16,GOLEM:3;SPIDER:15
1869,0,0,true,,,utility,curriculum_pass,3,75,64492351880,64492400421,12,0,GREEN,false,22,0,3,3,GOBLIN:13;SPIDER:12,ARCHER:11;SCORPION_RIDER:1
1870,0,0,true,,,curriculum_pass,utility,3,75,64492351880,64492400421,13,0,BLUE,false,0,12,3,3,GOBLIN:13;SPIDER:12,ARCHER:11;SCORPION_RIDER:1
1871,0,0,true,,,utility,curriculum_pass,3,75,64492359799,64492375770,53,0,,false,9,14,3,3,GARGOYLE:5;GOBLIN:2;SCORPION_RIDER:4,GOBLIN:9;GOLEM:4;SCORPION_RIDER:1
1872,0,0,true,,,curriculum_pass,utility,3,75,64492359799,64492375770,25,0,BLUE,false,0,14,3,3,GARGOYLE:5;GOBLIN:2;SCORPION_RIDER:4,GOBLIN:9;GOLEM:4;SCORPION_RIDER:1
1873,0,0,true,,,utility,curriculum_pass,3,75,64492367718,64492384715,10,0,GREEN,false,15,0,3,2,GARGOYLE:6;GOBLIN:11,GOBLIN:8;MAGE:7
1874,0,0,true,,,curriculum_pass,utility,3,75,64492367718,64492384715,31,0,BLUE,false,0,9,3,2,GARGOYLE:6;GOBLIN:11,GOBLIN:8;MAGE:7
1875,0,0,true,,,utility,curriculum_pass,3,75,64500255042,64500209647,14,0,GREEN,false,10,0,2,3,SCORPION_RIDER:6;SPIDER:9,GARGOYLE:10;SPIDER:1
1876,0,0,true,,,curriculum_pass,utility,3,75,64500255042,64500209647,48,0,,false,15,11,2,3,SCORPION_RIDER:6;SPIDER:9,GARGOYLE:10;SPIDER:1
1877,0,0,true,,,utility,curriculum_pass,3,75,64500262961,64500217500,32,0,GREEN,false,3,0,4,2,ARCHER:1;ASSASSIN:8;GOLEM:1;SPIDER:1,GOBLIN:12;SPIDER:13
1878,0,0,true,,,curriculum_pass,utility,3,75,64500262961,64500217500,15,0,BLUE,false,0,20,4,2,ARCHER:1;ASSASSIN:8;GOLEM:1;SPIDER:1,GOBLIN:12;SPIDER:13
1879,0,0,true,,,utility,curriculum_pass,3,75,64500270880,64500324749,6,0,GREEN,false,10,0,3,3,ASSASSIN:10;GOBLIN:1,ASSASSIN:1;GOLEM:1;MAGE:8
1880,0,0,true,,,curriculum_pass,utility,3,75,64500270880,64500324749,52,0,,false,10,10,3,3,ASSASSIN:10;GOBLIN:1,ASSASSIN:1;GOLEM:1;MAGE:8
1881,0,0,true,,,utility,curriculum_pass,3,75,64500278799,64500332706,57,0,,false,9,4,3,2,ASSASSIN:8;GARGOYLE:2;GOBLIN:1,GARGOYLE:5;GOLEM:4
1882,0,0,true,,,curriculum_pass,utility,3,75,64500278799,64500332706,48,0,,false,11,9,3,2,ASSASSIN:8;GARGOYLE:2;GOBLIN:1,GARGOYLE:5;GOLEM:4
1883,0,0,true,,,utility,curriculum_pass,3,75,64500286718,64500308563,8,0,GREEN,false,12,0,4,3,ARCHER:8;ASSASSIN:3;GOBLIN:1;SPIDER:1,ARCHER:1;GARGOYLE:3;SPIDER:16
1884,0,0,true,,,curriculum_pass,utility,3,75,64500286718,64500308563,15,0,BLUE,false,0,13,4,3,ARCHER:8;ASSASSIN:3;GOBLIN:1;SPIDER:1,ARCHER:1;GARGOYLE:3;SPIDER:16
1885,0,0,true,,,utility,curriculum_pass,3,75,104071498042,104071550871,67,0,,false,14,4,3,2,ASSASSIN:3;GOBLIN:18,GARGOYLE:5;GOLEM:4
1886,0,0,true,,,curriculum_pass,utility,3,75,104071498042,104071550871,48,0,,false,21,9,3,2,ASSASSIN:3;GOBLIN:18,GARGOYLE:5;GOLEM:4
1887,0,0,true,,,utility,curriculum_pass,3,75,104071505961,104071558788,18,0,GREEN,false,17,0,2,4,GARGOYLE:6;SPIDER:11,MAGE:3;SCORPION_RIDER:6;SPIDER:2
1888,0,0,true,,,curriculum_pass,utility,3,75,104071505961,104071558788,29,0,BLUE,false,0,11,2,4,GARGOYLE:6;SPIDER:11,MAGE:3;SCORPION_RIDER:6;SPIDER:2
1889,0,0,true,,,utility,curriculum_pass,3,75,104071513880,104071535029,18,0,GREEN,false,9,0,3,3,ARCHER:4;SCORPION_RIDER:6;SPIDER:1,ARCHER:8;GARGOYLE:3;GOBLIN:2
1890,0,0,true,,,curriculum_pass,utility,3,75,104071513880,104071535029,54,0,,false,6,12,3,3,ARCHER:4;SCORPION_RIDER:6;SPIDER:1,ARCHER:8;GARGOYLE:3;GOBLIN:2
1891,0,0,true,,,utility,curriculum_pass,3,75,104071521799,104071542954,48,0,,false,18,8,3,3,GARGOYLE:5;GOBLIN:13,GOLEM:7;SPIDER:1
1892,0,0,true,,,curriculum_pass,utility,3,75,104071521799,104071542954,80,0,,false,12,7,3,3,GARGOYLE:5;GOBLIN:13,GOLEM:7;SPIDER:1
1893,0,0,true,,,utility,curriculum_pass,3,75,104071529718,104071518811,48,0,,false,21,18,3,3,GARGOYLE:3;GOBLIN:2;SPIDER:16,GOBLIN:12;MAGE:5;SPIDER:1
1894,0,0,true,,,curriculum_pass,utility,3,75,104071529718,104071518811,15,0,BLUE,false,0,16,3,3,GARGOYLE:3;GOBLIN:2;SPIDER:16,GOBLIN:12;MAGE:5;SPIDER:1
1895,0,0,true,,,utility,curriculum_pass,3,75,104079417042,104079360127,59,0,,false,10,1,3,3,ARCHER:5;GOBLIN:1;GOLEM:4,ASSASSIN:7;SPIDER:8
1896,0,0,true,,,curriculum_pass,utility,3,75,104079417042,104079360127,54,0,,false,4,15,3,3,ARCHER:5;GOBLIN:1;GOLEM:4,ASSASSIN:7;SPIDER:8
1897,0,0,true,,,utility,curriculum_pass,3,75,104079424961,104079369068,55,0,,false,9,7,3,3,ASSASSIN:4;GARGOYLE:6;SPIDER:1,ASSASSIN:2;MAGE:8;SPIDER:1
1898,0,0,true,,,curriculum_pass,utility,3,75,104079424961,104079369068,27,0,BLUE,false,0,10,3,3,ASSASSIN:4;GARGOYLE:6;SPIDER:1,ASSASSIN:2;MAGE:8;SPIDER:1
1899,0,0,true,,,utility,curriculum_pass,3,75,104079432880,104079475229,67,0,,false,3,1,3,3,GOLEM:2;MAGE:1;SCORPION_RIDER:6,GOBLIN:11;GOLEM:4
1900,0,0,true,,,curriculum_pass,utility,3,75,104079432880,104079475229,19,0,BLUE,false,0,5,3,3,GOLEM:2;MAGE:1;SCORPION_RIDER:6,GOBLIN:11;GOLEM:4
1901,0,0,true,,,utility,curriculum_pass,3,75,104079440799,104079484210,48,0,,false,11,14,3,3,GARGOYLE:6;GOBLIN:1;MAGE:4,ASSASSIN:8;GOBLIN:6
1902,0,0,true,,,curriculum_pass,utility,3,75,104079440799,104079484210,58,0,,false,6,11,3,3,GARGOYLE:6;GOBLIN:1;MAGE:4,ASSASSIN:8;GOBLIN:6
1903,0,0,true,,,utility,curriculum_pass,3,75,104079448718,104079459363,48,0,,false,15,18,3,2,ARCHER:8;GOBLIN:6;MAGE:1,GARGOYLE:5;SPIDER:13
1904,0,0,true,,,curriculum_pass,utility,3,75,104079448718,104079459363,48,0,,false,15,18,3,2,ARCHER:8;GOBLIN:6;MAGE:1,GARGOYLE:5;SPIDER:13
1905,0,0,true,,,utility,curriculum_pass,3,75,104087336042,104087317191,16,0,GREEN,false,9,0,3,3,ARCHER:4;SCORPION_RIDER:6;SPIDER:1,GOBLIN:1;GOLEM:3;SCORPION_RIDER:5
1906,0,0,true,,,curriculum_pass,utility,3,75,104087336042,104087317191,60,0,,false,6,7,3,3,ARCHER:4;SCORPION_RIDER:6;SPIDER:1,GOBLIN:1;GOLEM:3;SCORPION_RIDER:5
1907,0,0,true,,,utility,curriculum_pass,3,75,104087343961,104087293428,55,0,,false,19,8,2,3,ASSASSIN:4;SPIDER:15,ARCHER:8;SPIDER:9
1908,0,0,true,,,curriculum_pass,utility,3,75,104087343961,104087293428,9,0,BLUE,false,0,17,2,3,ASSASSIN:4;SPIDER:15,ARCHER:8;SPIDER:9
1909,0,0,true,,,utility,curriculum_pass,3,75,104087351880,104087301349,48,0,,false,13,9,3,2,GARGOYLE:5;GOBLIN:4;MAGE:4,GOLEM:4;MAGE:5
1910,0,0,true,,,curriculum_pass,utility,3,75,104087351880,104087301349,48,0,,false,13,9,3,2,GARGOYLE:5;GOBLIN:4;MAGE:4,GOLEM:4;MAGE:5
1911,0,0,true,,,utility,curriculum_pass,3,75,104087359799,104087408538,12,0,GREEN,false,4,0,4,3,ARCHER:2;ASSASSIN:8;GARGOYLE:1,ASSASSIN:7;GOBLIN:7;SPIDER:1
1912,0,0,true,,,curriculum_pass,utility,3,75,104087359799,104087408538,7,0,BLUE,false,0,9,4,3,ARCHER:2;ASSASSIN:8;GARGOYLE:1,ASSASSIN:7;GOBLIN:7;SPIDER:1
1913,0,0,true,,,utility,curriculum_pass,3,75,104087367718,104087416459,59,0,,false,7,4,2,4,GARGOYLE:6;SCORPION_RIDER:4,ARCHER:6;GOBLIN:13
1914,0,0,true,,,curriculum_pass,utility,3,75,104087367718,104087416459,89,0,BLUE,false,0,15,2,4,GARGOYLE:6;SCORPION_RIDER:4,ARCHER:6;GOBLIN:13
1915,0,0,true,,,utility,curriculum_pass,3,75,104095255042,104095241391,48,0,,false,12,11,3,3,ARCHER:7;GARGOYLE:4;SPIDER:1,ASSASSIN:8;GOBLIN:1;SCORPION_RIDER:2
1916,0,0,true,,,curriculum_pass,utility,3,75,104095255042,104095241391,9,0,BLUE,false,0,9,3,3,ARCHER:7;GARGOYLE:4;SPIDER:1,ASSASSIN:8;GOBLIN:1;SCORPION_RIDER:2
1917,0,0,true,,,utility,curriculum_pass,3,75,104095262961,104095250012,12,0,GREEN,false,7,0,3,3,ARCHER:9;GOLEM:2,GARGOYLE:2;MAGE:8;SPIDER:1
1918,0,0,true,,,curriculum_pass,utility,3,75,104095262961,104095250012,54,0,,false,11,9,3,3,ARCHER:9;GOLEM:2,GARGOYLE:2;MAGE:8;SPIDER:1
1919,0,0,true,,,utility,curriculum_pass,3,75,104095270880,104095226189,162,0,GREEN,false,3,0,3,4,ASSASSIN:8;MAGE:2;SPIDER:1,ARCHER:1;GARGOYLE:6;GOLEM:2;MAGE:1
1920,0,0,true,,,curriculum_pass,utility,3,75,104095270880,104095226189,15,0,BLUE,false,0,9,3,4,ASSASSIN:8;MAGE:2;SPIDER:1,ARCHER:1;GARGOYLE:6;GOLEM:2;MAGE:1
1921,0,0,true,,,utility,curriculum_pass,3,75,104095278799,104095234146,26,0,GREEN,false,11,0,3,2,ASSASSIN:1;GOBLIN:4;MAGE:8,GOBLIN:11;GOLEM:4
1922,0,0,true,,,curriculum_pass,utility,3,75,104095278799,104095234146,7,0,BLUE,false,0,15,3,2,ASSASSIN:1;GOBLIN:4;MAGE:8,GOBLIN:11;GOLEM:4
1923,0,0,true,,,utility,curriculum_pass,3,75,104095286718,104095341331,8,0,GREEN,false,10,0,2,2,GARGOYLE:6;SCORPION_RIDER:4,ARCHER:4;ASSASSIN:7
1924,0,0,true,,,curriculum_pass,utility,3,75,104095286718,104095341331,43,0,BLUE,false,0,4,2,2,GARGOYLE:6;SCORPION_RIDER:4,ARCHER:4;ASSASSIN:7
1925,0,0,true,,,utility,curriculum_pass,3,75,65268398042,65268377975,57,0,,false,22,5,3,3,GOBLIN:22;SCORPION_RIDER:1,ARCHER:12;SPIDER:1
1926,0,0,true,,,curriculum_pass,utility,3,75,65268398042,65268377975,23,0,BLUE,false,0,13,3,3,GOBLIN:22;SCORPION_RIDER:1,ARCHER:12;SPIDER:1
1927,0,0,true,,,utility,curriculum_pass,3,75,65268405961,65268353124,48,0,,false,10,8,3,3,ARCHER:5;GOLEM:4;SPIDER:1,GOBLIN:1;GOLEM:7
1928,0,0,true,,,curriculum_pass,utility,3,75,65268405961,65268353124,56,0,,false,10,8,3,3,ARCHER:5;GOLEM:4;SPIDER:1,GOBLIN:1;GOLEM:7
1929,0,0,true,,,utility,curriculum_pass,3,75,65268413880,65268362005,18,0,GREEN,false,10,0,4,3,ARCHER:4;MAGE:1;SCORPION_RIDER:5;SPIDER:1,GARGOYLE:1;GOBLIN:12;SCORPION_RIDER:4
1930,0,0,true,,,curriculum_pass,utility,3,75,65268413880,65268362005,13,0,BLUE,false,0,10,4,3,ARCHER:4;MAGE:1;SCORPION_RIDER:5;SPIDER:1,GARGOYLE:1;GOBLIN:12;SCORPION_RIDER:4
1931,0,0,true,,,utility,curriculum_pass,3,75,65268421799,65268468234,34,0,GREEN,false,11,0,3,4,GARGOYLE:10;GOBLIN:1,GOBLIN:1;GOLEM:4;MAGE:2;SCORPION_RIDER:2
1932,0,0,true,,,curriculum_pass,utility,3,75,65268421799,65268468234,23,0,BLUE,false,0,9,3,4,GARGOYLE:10;GOBLIN:1,GOBLIN:1;GOLEM:4;MAGE:2;SCORPION_RIDER:2
1933,0,0,true,,,utility,curriculum_pass,3,75,65268429718,65268477243,22,0,GREEN,false,7,0,2,3,ASSASSIN:8;SPIDER:6,ARCHER:2;GOBLIN:10;SCORPION_RIDER:4
1934,0,0,true,,,curriculum_pass,utility,3,75,65268429718,65268477243,11,0,BLUE,false,0,11,2,3,ASSASSIN:8;SPIDER:6,ARCHER:2;GOBLIN:10;SCORPION_RIDER:4
1935,0,0,true,,,utility,curriculum_pass,3,75,65276317042,65276302303,8,0,GREEN,false,11,0,3,3,GARGOYLE:3;GOBLIN:2;SCORPION_RIDER:6,ASSASSIN:3;MAGE:7;SPIDER:1
1936,0,0,true,,,curriculum_pass,utility,3,75,65276317042,65276302303,23,0,BLUE,false,0,8,3,3,GARGOYLE:3;GOBLIN:2;SCORPION_RIDER:6,ASSASSIN:3;MAGE:7;SPIDER:1
1937,0,0,true,,,utility,curriculum_pass,3,75,65276324961,65276310220,48,0,,false,19,15,3,2,ARCHER:6;SPIDER:13,MAGE:7;SPIDER:8
1938,0,0,true,,,curriculum_pass,utility,3,75,65276324961,65276310220,72,0,,false,1,8,3,2,ARCHER:6;SPIDER:13,MAGE:7;SPIDER:8
1939,0,0,true,,,utility,curriculum_pass,3,75,65276332880,65276286461,26,0,GREEN,false,9,0,3,3,GOBLIN:1;MAGE:8;SCORPION_RIDER:2,GOLEM:4;SCORPION_RIDER:4;SPIDER:1
1940,0,0,true,,,curriculum_pass,utility,3,75,65276332880,65276286461,13,0,BLUE,false,0,8,3,3,GOBLIN:1;MAGE:8;SCORPION_RIDER:2,GOLEM:4;SCORPION_RIDER:4;SPIDER:1
1941,0,0,true,,,utility,curriculum_pass,3,75,65276340799,65276294290,14,0,GREEN,false,11,0,3,4,ARCHER:7;GOBLIN:1;GOLEM:3,ASSASSIN:4;GARGOYLE:5;MAGE:1;SPIDER:1
1942,0,0,true,,,curriculum_pass,utility,3,75,65276340799,65276294290,19,0,BLUE,false,0,7,3,4,ARCHER:7;GOBLIN:1;GOLEM:3,ASSASSIN:4;GARGOYLE:5;MAGE:1;SPIDER:1
1943,0,0,true,,,utility,curriculum_pass,3,75,65276348718,65276401539,10,0,GREEN,false,9,0,2,3,GOLEM:4;MAGE:5,GOBLIN:1;MAGE:10
1944,0,0,true,,,curriculum_pass,utility,3,75,65276348718,65276401539,48,0,,false,9,11,2,3,GOLEM:4;MAGE:5,GOBLIN:1;MAGE:10
1945,0,0,true,,,utility,curriculum_pass,3,75,65284236042,65284259239,10,0,GREEN,false,17,0,3,2,ASSASSIN:5;GOBLIN:13,GARGOYLE:4;SPIDER:15
1946,0,0,true,,,curriculum_pass,utility,3,75,65284236042,65284259239,48,0,,false,18,19,3,2,ASSASSIN:5;GOBLIN:13,GARGOYLE:4;SPIDER:15
1947,0,0,true,,,utility,curriculum_pass,3,75,65284243961,65284235092,10,0,GREEN,false,17,0,3,3,ARCHER:7;SPIDER:11,ARCHER:6;GOBLIN:13
1948,0,0,true,,,curriculum_pass,utility,3,75,65284243961,65284235092,9,0,BLUE,false,0,17,3,3,ARCHER:7;SPIDER:11,ARCHER:6;GOBLIN:13
1949,0,0,true,,,utility,curriculum_pass,3,75,65284251880,65284243013,18,0,GREEN,false,17,0,3,3,ARCHER:1;SPIDER:23,ARCHER:7;SPIDER:11
1950,0,0,true,,,curriculum_pass,utility,3,75,65284251880,65284243013,9,0,BLUE,false,0,16,3,3,ARCHER:1;SPIDER:23,ARCHER:7;SPIDER:11
1951,0,0,true,,,utility,curriculum_pass,3,75,65284259799,65284235642,48,0,,false,8,11,3,3,GOBLIN:1;GOLEM:7,ASSASSIN:10;GOBLIN:1
1952,0,0,true,,,curriculum_pass,utility,3,75,65284259799,65284235642,58,0,,false,4,8,3,3,GOBLIN:1;GOLEM:7,ASSASSIN:10;GOBLIN:1
1953,0,0,true,,,utility,curriculum_pass,3,75,65284267718,65284210795,61,0,,false,4,3,2,3,ASSASSIN:7;SCORPION_RIDER:3,ARCHER:8;GARGOYLE:3;GOBLIN:2
1954,0,0,true,,,curriculum_pass,utility,3,75,65284267718,65284210795,13,0,BLUE,false,0,13,2,3,ASSASSIN:7;SCORPION_RIDER:3,ARCHER:8;GARGOYLE:3;GOBLIN:2
1955,0,0,true,,,utility,curriculum_pass,3,75,65292155042,65292199439,93,0,,false,14,5,3,3,GARGOYLE:4;GOBLIN:6;MAGE:4,ARCHER:1;GOLEM:4;MAGE:4
1956,0,0,true,,,curriculum_pass,utility,3,75,65292155042,65292199439,80,0,,false,4,6,3,3,GARGOYLE:4;GOBLIN:6;MAGE:4,ARCHER:1;GOLEM:4;MAGE:4
1957,0,0,true,,,utility,curriculum_pass,3,75,65292162961,65292175676,18,0,GREEN,false,7,0,3,4,ARCHER:1;GARGOYLE:3;SCORPION_RIDER:6,GARGOYLE:1;GOBLIN:12;SCORPION_RIDER:4
1958,0,0,true,,,curriculum_pass,utility,3,75,65292162961,65292175676,55,0,BLUE,false,0,14,3,4,ARCHER:1;GARGOYLE:3;SCORPION_RIDER:6,GARGOYLE:1;GOBLIN:12;SCORPION_RIDER:4
1959,0,0,true,,,utility,curriculum_pass,3,75,65292170880,65292183597,75,0,,false,9,6,4,3,GARGOYLE:5;GOBLIN:1;MAGE:4;SCORPION_RIDER:1,GARGOYLE:6;GOBLIN:1;SPIDER:10
1960,0,0,true,,,curriculum_pass,utility,3,75,65292170880,65292183597,48,0,,false,11,17,4,3,GARGOYLE:5;GOBLIN:1;MAGE:4;SCORPION_RIDER:1,GARGOYLE:6;GOBLIN:1;SPIDER:10
1961,0,0,true,,,utility,curriculum_pass,3,75,65292178799,65292159938,12,0,GREEN,false,9,0,3,3,GARGOYLE:5;GOLEM:4,MAGE:8;SCORPION_RIDER:2;SPIDER:1
1962,0,0,true,,,curriculum_pass,utility,3,75,65292178799,65292159938,33,0,BLUE,false,0,10,3,3,GARGOYLE:5;GOLEM:4,MAGE:8;SCORPION_RIDER:2;SPIDER:1
1963,0,0,true,,,utility,curriculum_pass,3,75,65292186718,65292167923,48,0,,false,19,15,3,2,GARGOYLE:4;SPIDER:15,ASSASSIN:7;GOBLIN:8
1964,0,0,true,,,curriculum_pass,utility,3,75,65292186718,65292167923,58,0,,false,4,12,3,2,GARGOYLE:4;SPIDER:15,ASSASSIN:7;GOBLIN:8
1965,0,0,true,,,utility,curriculum_pass,3,75,104863398042,104863409719,6,0,GREEN,false,11,0,3,3,MAGE:3;SCORPION_RIDER:6;SPIDER:2,ASSASSIN:7;MAGE:3;SPIDER:1
1966,0,0,true,,,curriculum_pass,utility,3,75,104863398042,104863409719,23,0,BLUE,false,0,5,3,3,MAGE:3;SCORPION_RIDER:6;SPIDER:2,ASSASSIN:7;MAGE:3;SPIDER:1
1967,0,0,true,,,utility,curriculum_pass,3,75,104863405961,104863385892,10,0,GREEN,false,16,0,3,3,SCORPION_RIDER:5;SPIDER:11,ARCHER:4;ASSASSIN:1;SPIDER:14
1968,0,0,true,,,curriculum_pass,utility,3,75,104863405961,104863385892,19,0,BLUE,false,0,19,3,3,SCORPION_RIDER:5;SPIDER:11,ARCHER:4;ASSASSIN:1;SPIDER:14
1969,0,0,true,,,utility,curriculum_pass,3,75,104863413880,104863394005,48,0,,false,17,17,3,2,ARCHER:8;GOBLIN:9,ARCHER:8;GOBLIN:9
1970,0,0,true,,,curriculum_pass,utility,3,75,104863413880,104863394005,48,0,,false,17,17,3,2,ARCHER:8;GOBLIN:9,ARCHER:8;GOBLIN:9
1971,0,0,true,,,utility,curriculum_pass,3,75,104863421799,104863370186,16,0,GREEN,false,10,0,2,3,ASSASSIN:7;SPIDER:8,GARGOYLE:3;GOBLIN:2;SPIDER:16
1972,0,0,true,,,curriculum_pass,utility,3,75,104863421799,104863370186,48,0,,false,15,21,2,3,ASSASSIN:7;SPIDER:8,GARGOYLE:3;GOBLIN:2;SPIDER:16
1973,0,0,true,,,utility,curriculum_pass,3,75,104863429718,104863378171,14,0,GREEN,false,18,0,2,3,ARCHER:5;SPIDER:15,GARGOYLE:4;GOBLIN:1;SPIDER:14
1974,0,0,true,,,curriculum_pass,utility,3,75,104863429718,104863378171,48,0,,false,20,19,2,3,ARCHER:5;SPIDER:15,GARGOYLE:4;GOBLIN:1;SPIDER:14
1975,0,0,true,,,utility,curriculum_pass,3,75,104871317042,104871334047,53,0,,false,12,6,3,3,ARCHER:6;ASSASSIN:5;GOBLIN:1,GARGOYLE:6;GOBLIN:1;MAGE:4
1976,0,0,true,,,curriculum_pass,utility,3,75,104871317042,104871334047,17,0,BLUE,false,0,11,3,3,ARCHER:6;ASSASSIN:5;GOBLIN:1,GARGOYLE:6;GOBLIN:1;MAGE:4
1977,0,0,true,,,utility,curriculum_pass,3,75,104871324961,104871342988,20,0,GREEN,false,11,0,3,2,GARGOYLE:2;GOBLIN:1;MAGE:8,SCORPION_RIDER:6;SPIDER:9
1978,0,0,true,,,curriculum_pass,utility,3,75,104871324961,104871342988,11,0,BLUE,false,0,15,3,2,GARGOYLE:2;GOBLIN:1;MAGE:8,SCORPION_RIDER:6;SPIDER:9
1979,0,0,true,,,utility,curriculum_pass,3,75,104871332880,104871318205,59,0,,false,18,14,3,3,ARCHER:7;GOBLIN:10;SPIDER:1,GOBLIN:1;SCORPION_RIDER:6;SPIDER:8
1980,0,0,true,,,curriculum_pass,utility,3,75,104871332880,104871318205,13,0,BLUE,false,0,15,3,3,ARCHER:7;GOBLIN:10;SPIDER:1,GOBLIN:1;SCORPION_RIDER:6;SPIDER:8
1981,0,0,true,,,utility,curriculum_pass,3,75,104871340799,104871326802,32,0,GREEN,false,13,0,3,3,ARCHER:8;MAGE:3;SPIDER:2,ASSASSIN:1;GOBLIN:9;GOLEM:4
1982,0,0,true,,,curriculum_pass,utility,3,75,104871340799,104871326802,17,0,BLUE,false,0,14,3,3,ARCHER:8;MAGE:3;SPIDER:2,ASSASSIN:1;GOBLIN:9;GOLEM:4
1983,0,0,true,,,utility,curriculum_pass,3,75,104871348718,104871302979,12,0,GREEN,false,10,0,3,3,ARCHER:5;GOLEM:4;SPIDER:1,GOLEM:3;SCORPION_RIDER:5;SPIDER:1
1984,0,0,true,,,curriculum_pass,utility,3,75,104871348718,104871302979,62,0,,false,4,6,3,3,ARCHER:5;GOLEM:4;SPIDER:1,GOLEM:3;SCORPION_RIDER:5;SPIDER:1
1985,0,0,true,,,utility,curriculum_pass,3,75,104879236042,104879291751,8,0,GREEN,false,11,0,2,3,ASSASSIN:8;SPIDER:6,ASSASSIN:7;GOBLIN:1;SPIDER:7
1986,0,0,true,,,curriculum_pass,utility,3,75,104879236042,104879291751,11,0,BLUE,false,0,12,2,3,ASSASSIN:8;SPIDER:6,ASSASSIN:7;GOBLIN:1;SPIDER:7
1987,0,0,true,,,utility,curriculum_pass,3,75,104879243961,104879266836,54,0,GREEN,false,17,0,3,3,ARCHER:8;SPIDER:9,GOLEM:4;SCORPION_RIDER:4;SPIDER:1
1988,0,0,true,,,curriculum_pass,utility,3,75,104879243961,104879266836,11,0,BLUE,false,0,9,3,3,ARCHER:8;SPIDER:9,GOLEM:4;SCORPION_RIDER:4;SPIDER:1
1989,0,0,true,,,utility,curriculum_pass,3,75,104879251880,104879275781,61,0,,false,12,6,3,3,ASSASSIN:5;GOBLIN:13,GOBLIN:2;GOLEM:2;SCORPION_RIDER:6
1990,0,0,true,,,curriculum_pass,utility,3,75,104879251880,104879275781,13,0,BLUE,false,0,8,3,3,ASSASSIN:5;GOBLIN:13,GOBLIN:2;GOLEM:2;SCORPION_RIDER:6
1991,0,0,true,,,utility,curriculum_pass,3,75,104879259799,104879251002,55,0,,false,11,13,4,3,ASSASSIN:1;GARGOYLE:6;GOBLIN:1;MAGE:3,MAGE:8;SPIDER:6
1992,0,0,true,,,curriculum_pass,utility,3,75,104879259799,104879251002,29,0,BLUE,false,0,8,4,3,ASSASSIN:1;GARGOYLE:6;GOBLIN:1;MAGE:3,MAGE:8;SPIDER:6
1993,0,0,true,,,utility,curriculum_pass,3,75,104879267718,104879243563,20,0,GREEN,false,6,0,3,3,GOBLIN:1;MAGE:10,ASSASSIN:3;MAGE:7;SPIDER:1
1994,0,0,true,,,curriculum_pass,utility,3,75,104879267718,104879243563,13,0,BLUE,false,0,10,3,3,GOBLIN:1;MAGE:10,ASSASSIN:3;MAGE:7;SPIDER:1
1995,0,0,true,,,utility,curriculum_pass,3,75,104887155042,104887101391,62,0,GREEN,false,4,0,3,3,ARCHER:1;ASSASSIN:7;GOLEM:2,GOBLIN:1;SCORPION_RIDER:9
1996,0,0,true,,,curriculum_pass,utility,3,75,104887155042,104887101391,58,0,,false,2,8,3,3,ARCHER:1;ASSASSIN:7;GOLEM:2,GOBLIN:1;SCORPION_RIDER:9
1997,0,0,true,,,utility,curriculum_pass,3,75,104887162961,104887207676,10,0,GREEN,false,9,0,2,3,ARCHER:7;SCORPION_RIDER:4,GARGOYLE:2;GOLEM:4;MAGE:3
1998,0,0,true,,,curriculum_pass,utility,3,75,104887162961,104887207676,66,0,,false,7,8,2,3,ARCHER:7;SCORPION_RIDER:4,GARGOYLE:2;GOLEM:4;MAGE:3
1999,0,0,true,,,utility,curriculum_pass,3,75,104887170880,104887216621,12,0,GREEN,false,6,0,2,4,ARCHER:4;ASSASSIN:7,ARCHER:5;GOBLIN:12;SPIDER:3
2000,0,0,true,,,curriculum_pass,utility,3,75,104887170880,104887216621,15,0,BLUE,false,0,20,2,4,ARCHER:4;ASSASSIN:7,ARCHER:5;GOBLIN:12;SPIDER:3
2001,0,0,true,,,utility,curriculum_pass,3,75,104887178799,104887191682,16,0,GREEN,false,18,0,3,2,GARGOYLE:5;GOBLIN:13,ASSASSIN:7;SPIDER:8
2002,0,0,true,,,curriculum_pass,utility,3,75,104887178799,104887191682,17,0,BLUE,false,0,9,3,2,GARGOYLE:5;GOBLIN:13,ASSASSIN:7;SPIDER:8
2003,0,0,true,,,utility,curriculum_pass,3,75,104887186718,104887200691,14,0,GREEN,false,18,0,2,3,ARCHER:6;SPIDER:13,ARCHER:5;GOLEM:4;SPIDER:1
2004,0,0,true,,,curriculum_pass,utility,3,75,104887186718,104887200691,48,0,,false,19,10,2,3,ARCHER:6;SPIDER:13,ARCHER:5;GOLEM:4;SPIDER:1
2005,0,0,true,,,utility,curriculum_pass,3,75,66060298042,66060351895,8,0,GREEN,false,11,0,3,3,ARCHER:7;ASSASSIN:4;SPIDER:1,ASSASSIN:8;GOBLIN:1;MAGE:2
2006,0,0,true,,,curriculum_pass,utility,3,75,66060298042,66060351895,11,0,BLUE,false,0,10,3,3,ARCHER:7;ASSASSIN:4;SPIDER:1,ASSASSIN:8;GOBLIN:1;MAGE:2
2007,0,0,true,,,utility,curriculum_pass,3,75,66060305961,66060327044,59,0,,false,23,6,4,3,GARGOYLE:1;GOBLIN:21;SPIDER:1,GARGOYLE:6;GOLEM:3;SPIDER:1
2008,0,0,true,,,curriculum_pass,utility,3,75,66060305961,66060327044,48,0,,false,23,10,4,3,GARGOYLE:1;GOBLIN:21;SPIDER:1,GARGOYLE:6;GOLEM:3;SPIDER:1
2009,0,0,true,,,utility,curriculum_pass,3,75,66060313880,66060336053,10,0,GREEN,false,12,0,3,2,ARCHER:8;GOBLIN:1;SCORPION_RIDER:3,ARCHER:3;MAGE:8
2010,0,0,true,,,curriculum_pass,utility,3,75,66060313880,66060336053,52,0,,false,11,11,3,2,ARCHER:8;GOBLIN:1;SCORPION_RIDER:3,ARCHER:3;MAGE:8
2011,0,0,true,,,utility,curriculum_pass,3,75,66060321799,66060311210,18,0,GREEN,false,11,0,2,3,SCORPION_RIDER:6;SPIDER:9,GOBLIN:1;GOLEM:4;SPIDER:10
2012,0,0,true,,,curriculum_pass,utility,3,75,66060321799,66060311210,62,0,,false,5,12,2,3,SCORPION_RIDER:6;SPIDER:9,GOBLIN:1;GOLEM:4;SPIDER:10
2013,0,0,true,,,utility,curriculum_pass,3,75,66060329718,66060319835,8,0,GREEN,false,13,0,4,3,ARCHER:8;GARGOYLE:3;SPIDER:2,ARCHER:3;SPIDER:19
2014,0,0,true,,,curriculum_pass,utility,3,75,66060329718,66060319835,35,0,BLUE,false,0,14,4,3,ARCHER:8;GARGOYLE:3;SPIDER:2,ARCHER:3;SPIDER:19
2015,0,0,true,,,utility,curriculum_pass,3,75,66068217042,66068161151,16,0,GREEN,false,12,0,4,4,ARCHER:5;ASSASSIN:1;GARGOYLE:5;SPIDER:1,ARCHER:4;MAGE:1;SCORPION_RIDER:5;SPIDER:1
2016,0,0,true,,,curriculum_pass,utility,3,75,66068217042,66068161151,11,0,BLUE,false,0,11,4,4,ARCHER:5;ASSASSIN:1;GARGOYLE:5;SPIDER:1,ARCHER:4;MAGE:1;SCORPION_RIDER:5;SPIDER:1
2017,0,0,true,,,utility,curriculum_pass,3,75,66068224961,66068268396,48,0,,false,10,17,2,3,GARGOYLE:5;SCORPION_RIDER:5,GARGOYLE:6;GOBLIN:10;SPIDER:1
2018,0,0,true,,,curriculum_pass,utility,3,75,66068224961,66068268396,48,0,,false,10,17,2,3,GARGOYLE:5;SCORPION_RIDER:5,GARGOYLE:6;GOBLIN:10;SPIDER:1
2019,0,0,true,,,utility,curriculum_pass,3,75,66068232880,66068276253,55,0,,false,12,3,4,3,ASSASSIN:9;GOBLIN:2;SPIDER:2,ARCHER:7;GOBLIN:1;GOLEM:3
2020,0,0,true,,,curriculum_pass,utility,3,75,66068232880,66068276253,48,0,,false,13,11,4,3,ASSASSIN:9;GOBLIN:2;SPIDER:2,ARCHER:7;GOBLIN:1;GOLEM:3
2021,0,0,true,,,utility,curriculum_pass,3,75,66068240799,66068252466,8,0,GREEN,false,10,0,4,3,ARCHER:5;ASSASSIN:6;GOBLIN:1,ARCHER:8;GARGOYLE:2;GOBLIN:4
2022,0,0,true,,,curriculum_pass,utility,3,75,66068240799,66068252466,11,0,BLUE,false,0,13,4,3,ARCHER:5;ASSASSIN:6;GOBLIN:1,ARCHER:8;GARGOYLE:2;GOBLIN:4
2023,0,0,true,,,utility,curriculum_pass,3,75,66068248718,66068260387,22,0,GREEN,false,18,0,3,3,GARGOYLE:5;GOBLIN:12;SPIDER:1,ARCHER:9;GOLEM:2
2024,0,0,true,,,curriculum_pass,utility,3,75,66068248718,66068260387,15,0,BLUE,false,0,11,3,3,GARGOYLE:5;GOBLIN:12;SPIDER:1,ARCHER:9;GOLEM:2
2025,0,0,true,,,utility,curriculum_pass,3,75,66076136042,66076085447,69,0,,false,7,7,2,3,GOLEM:4;MAGE:5,ARCHER:7;GOBLIN:10;SPIDER:1
2026,0,0,true,,,curriculum_pass,utility,3,75,66076136042,66076085447,58,0,,false,4,15,2,3,GOLEM:4;MAGE:5,ARCHER:7;GOBLIN:10;SPIDER:1
2027,0,0,true,,,utility,curriculum_pass,3,75,66076143961,66076094452,63,0,,false,19,7,3,3,ASSASSIN:3;SPIDER:18,ARCHER:11;SPIDER:3
2028,0,0,true,,,curriculum_pass,utility,3,75,66076143961,66076094452,17,0,BLUE,false,0,14,3,3,ASSASSIN:3;SPIDER:18,ARCHER:11;SPIDER:3
2029,0,0,true,,,utility,curriculum_pass,3,75,66076151880,66076200677,8,0,GREEN,false,18,0,3,3,GOBLIN:1;MAGE:4;SPIDER:14,ASSASSIN:3;MAGE:7;SPIDER:1
2030,0,0,true,,,curriculum_pass,utility,3,75,66076151880,66076200677,11,0,BLUE,false,0,9,3,3,GOBLIN:1;MAGE:4;SPIDER:14,ASSASSIN:3;MAGE:7;SPIDER:1
2031,0,0,true,,,utility,curriculum_pass,3,75,66076159799,66076209562,14,0,GREEN,false,10,0,3,4,ARCHER:8;ASSASSIN:3;SPIDER:2,ASSASSIN:5;GARGOYLE:5;GOBLIN:1
2032,0,0,true,,,curriculum_pass,utility,3,75,66076159799,66076209562,13,0,BLUE,false,0,9,3,4,ARCHER:8;ASSASSIN:3;SPIDER:2,ASSASSIN:5;GARGOYLE:5;GOBLIN:1
2033,0,0,true,,,utility,curriculum_pass,3,75,66076167718,66076184715,14,0,GREEN,false,9,0,2,3,GARGOYLE:6;SCORPION_RIDER:4,GARGOYLE:1;GOBLIN:10;SPIDER:12
2034,0,0,true,,,curriculum_pass,utility,3,75,66076167718,66076184715,55,0,BLUE,false,0,20,2,3,GARGOYLE:6;SCORPION_RIDER:4,GARGOYLE:1;GOBLIN:10;SPIDER:12
2035,0,0,true,,,utility,curriculum_pass,3,75,66084055042,66084042415,16,0,GREEN,false,14,0,3,3,SCORPION_RIDER:5;SPIDER:11,GARGOYLE:1;GOLEM:4;MAGE:4
2036,0,0,true,,,curriculum_pass,utility,3,75,66084055042,66084042415,23,0,BLUE,false,0,9,3,3,SCORPION_RIDER:5;SPIDER:11,GARGOYLE:1;GOLEM:4;MAGE:4
2037,0,0,true,,,utility,curriculum_pass,3,75,66084062961,66084018268,62,0,GREEN,false,1,0,3,3,ASSASSIN:7;GOBLIN:7;SPIDER:1,GARGOYLE:5;GOBLIN:11;MAGE:1
2038,0,0,true,,,curriculum_pass,utility,3,75,66084062961,66084018268,15,0,BLUE,false,0,12,3,3,ASSASSIN:7;GOBLIN:7;SPIDER:1,GARGOYLE:5;GOBLIN:11;MAGE:1
2039,0,0,true,,,utility,curriculum_pass,3,75,66084070880,66084027213,12,0,GREEN,false,10,0,3,3,ASSASSIN:2;GOBLIN:1;MAGE:8,ASSASSIN:4;SCORPION_RIDER:5;SPIDER:2
2040,0,0,true,,,curriculum_pass,utility,3,75,66084070880,66084027213,7,0,BLUE,false,0,11,3,3,ASSASSIN:2;GOBLIN:1;MAGE:8,ASSASSIN:4;SCORPION_RIDER:5;SPIDER:2
2041,0,0,true,,,utility,curriculum_pass,3,75,66084078799,66084133474,10,0,GREEN,false,5,0,3,2,ASSASSIN:7;MAGE:3;SPIDER:1,ARCHER:3;ASSASSIN:8
2042,0,0,true,,,curriculum_pass,utility,3,75,66084078799,66084133474,7,0,BLUE,false,0,6,3,2,ASSASSIN:7;MAGE:3;SPIDER:1,ARCHER:3;ASSASSIN:8
2043,0,0,true,,,utility,curriculum_pass,3,75,66084086718,66084142355,28,0,GREEN,false,8,0,3,4,ASSASSIN:3;MAGE:7;SPIDER:1,ARCHER:1;GOBLIN:10;GOLEM:3;MAGE:1
2044,0,0,true,,,curriculum_pass,utility,3,75,66084086718,66084142355,15,0,BLUE,false,0,13,3,4,ASSASSIN:3;MAGE:7;SPIDER:1,ARCHER:1;GOBLIN:10;GOLEM:3;MAGE:1
2045,0,0,true,,,utility,curriculum_pass,3,75,105655298042,105655253335,59,0,,false,18,6,3,3,GOBLIN:15;GOLEM:3,ARCHER:4;SCORPION_RIDER:6;SPIDER:1
2046,0,0,true,,,curriculum_pass,utility,3,75,105655298042,105655253335,48,0,,false,18,11,3,3,GOBLIN:15;GOLEM:3,ARCHER:4;SCORPION_RIDER:6;SPIDER:1
2047,0,0,true,,,utility,curriculum_pass,3,75,105655305961,105655359556,108,0,GREEN,false,12,0,3,3,ARCHER:9;MAGE:3,ASSASSIN:4;GARGOYLE:1;GOLEM:4
2048,0,0,true,,,curriculum_pass,utility,3,75,105655305961,105655359556,13,0,BLUE,false,0,9,3,3,ARCHER:9;MAGE:3,ASSASSIN:4;GARGOYLE:1;GOLEM:4
2049,0,0,true,,,utility,curriculum_pass,3,75,105655313880,105655368565,12,0,GREEN,false,16,0,2,3,ASSASSIN:5;SPIDER:13,ASSASSIN:3;MAGE:7;SPIDER:1
2050,0,0,true,,,curriculum_pass,utility,3,75,105655313880,105655368565,15,0,BLUE,false,0,9,2,3,ASSASSIN:5;SPIDER:13,ASSASSIN:3;MAGE:7;SPIDER:1
2051,0,0,true,,,utility,curriculum_pass,3,75,105655321799,105655343722,48,0,,false,25,11,3,3,SPIDER:25,MAGE:3;SCORPION_RIDER:6;SPIDER:2
2052,0,0,true,,,curriculum_pass,utility,3,75,105655321799,105655343722,29,0,BLUE,false,0,11,3,3,SPIDER:25,MAGE:3;SCORPION_RIDER:6;SPIDER:2
2053,0,0,true,,,utility,curriculum_pass,3,75,105655329718,105655352603,16,0,GREEN,false,18,0,3,4,GOLEM:3;SPIDER:15,ARCHER:1;GOBLIN:11;MAGE:5
2054,0,0,true,,,curriculum_pass,utility,3,75,105655329718,105655352603,54,0,,false,17,17,3,4,GOLEM:3;SPIDER:15,ARCHER:1;GOBLIN:11;MAGE:5
2055,0,0,true,,,utility,curriculum_pass,3,75,105663217042,105663193919,10,0,GREEN,false,11,0,3,2,GOBLIN:9;SCORPION_RIDER:6,GARGOYLE:6;GOBLIN:11
2056,0,0,true,,,curriculum_pass,utility,3,75,105663217042,105663193919,21,0,BLUE,false,0,16,3,2,GOBLIN:9;SCORPION_RIDER:6,GARGOYLE:6;GOBLIN:11
2057,0,0,true,,,utility,curriculum_pass,3,75,105663224961,105663169068,36,0,GREEN,false,9,0,3,3,ASSASSIN:3;GOBLIN:1;MAGE:7,GARGOYLE:6;GOLEM:3;SPIDER:1
2058,0,0,true,,,curriculum_pass,utility,3,75,105663224961,105663169068,13,0,BLUE,false,0,10,3,3,ASSASSIN:3;GOBLIN:1;MAGE:7,GARGOYLE:6;GOLEM:3;SPIDER:1
2059,0,0,true,,,utility,curriculum_pass,3,75,105663232880,105663178205,14,0,GREEN,false,11,0,3,3,ARCHER:2;GARGOYLE:9,ARCHER:3;ASSASSIN:7;GARGOYLE:1
2060,0,0,true,,,curriculum_pass,utility,3,75,105663232880,105663178205,21,0,BLUE,false,0,5,3,3,ARCHER:2;GARGOYLE:9,ARCHER:3;ASSASSIN:7;GARGOYLE:1
2061,0,0,true,,,utility,curriculum_pass,3,75,105663240799,105663284466,14,0,GREEN,false,9,0,3,3,ASSASSIN:1;GARGOYLE:4;GOLEM:4,ASSASSIN:4;SPIDER:15
2062,0,0,true,,,curriculum_pass,utility,3,75,105663240799,105663284466,86,0,,false,8,16,3,3,ASSASSIN:1;GARGOYLE:4;GOLEM:4,ASSASSIN:4;SPIDER:15
2063,0,0,true,,,utility,curriculum_pass,3,75,105663248718,105663293411,61,0,,false,13,6,2,3,GOLEM:4;SPIDER:11,ASSASSIN:4;GARGOYLE:6;SPIDER:1
2064,0,0,true,,,curriculum_pass,utility,3,75,105663248718,105663293411,62,0,,false,4,8,2,3,GOLEM:4;SPIDER:11,ASSASSIN:4;GARGOYLE:6;SPIDER:1
2065,0,0,true,,,utility,curriculum_pass,3,75,105671136042,105671118215,24,0,GREEN,false,7,0,3,3,ARCHER:7;GARGOYLE:4;GOBLIN:1,ARCHER:7;GARGOYLE:4;SPIDER:1
2066,0,0,true,,,curriculum_pass,utility,3,75,105671136042,105671118215,57,0,BLUE,false,0,10,3,3,ARCHER:7;GARGOYLE:4;GOBLIN:1,ARCHER:7;GARGOYLE:4;SPIDER:1
2067,0,0,true,,,utility,curriculum_pass,3,75,105671143961,105671126196,53,0,,false,15,13,2,2,GOBLIN:11;MAGE:6,MAGE:7;SPIDER:8
2068,0,0,true,,,curriculum_pass,utility,3,75,105671143961,105671126196,15,0,BLUE,false,0,14,2,2,GOBLIN:11;MAGE:6,MAGE:7;SPIDER:8
2069,0,0,true,,,utility,curriculum_pass,3,75,105671151880,105671102373,10,0,GREEN,false,18,0,3,4,GOBLIN:12;SCORPION_RIDER:4;SPIDER:2,ARCHER:10;ASSASSIN:2
2070,0,0,true,,,curriculum_pass,utility,3,75,105671151880,105671102373,13,0,BLUE,false,0,12,3,4,GOBLIN:12;SCORPION_RIDER:4;SPIDER:2,ARCHER:10;ASSASSIN:2
2071,0,0,true,,,utility,curriculum_pass,3,75,105671159799,105671111002,10,0,GREEN,false,10,0,3,3,SCORPION_RIDER:9;SPIDER:1,ARCHER:8;SCORPION_RIDER:3;SPIDER:1
2072,0,0,true,,,curriculum_pass,utility,3,75,105671159799,105671111002,19,0,BLUE,false,0,10,3,3,SCORPION_RIDER:9;SPIDER:1,ARCHER:8;SCORPION_RIDER:3;SPIDER:1
2073,0,0,true,,,utility,curriculum_pass,3,75,105671167718,105671217227,53,0,,false,6,8,3,3,ASSASSIN:8;GOBLIN:1;MAGE:2,ARCHER:8;GOBLIN:1;SCORPION_RIDER:3
2074,0,0,true,,,curriculum_pass,utility,3,75,105671167718,105671217227,7,0,BLUE,false,0,12,3,3,ASSASSIN:8;GOBLIN:1;MAGE:2,ARCHER:8;GOBLIN:1;SCORPION_RIDER:3
2075,0,0,true,,,utility,curriculum_pass,3,75,105679055042,105679074927,14,0,GREEN,false,18,0,2,5,ARCHER:7;SPIDER:11,ASSASSIN:2;GOBLIN:6;GOLEM:4;SPIDER:1
2076,0,0,true,,,curriculum_pass,utility,3,75,105679055042,105679074927,48,0,,false,18,13,2,5,ARCHER:7;SPIDER:11,ASSASSIN:2;GOBLIN:6;GOLEM:4;SPIDER:1
2077,0,0,true,,,utility,curriculum_pass,3,75,105679062961,105679051036,48,0,,false,18,11,3,3,ARCHER:7;SPIDER:11,GARGOYLE:10;GOBLIN:1
2078,0,0,true,,,curriculum_pass,utility,3,75,105679062961,105679051036,23,0,BLUE,false,0,11,3,3,ARCHER:7;SPIDER:11,GARGOYLE:10;GOBLIN:1
2079,0,0,true,,,utility,curriculum_pass,3,75,105679070880,105679058957,8,0,GREEN,false,11,0,4,2,ARCHER:2;ASSASSIN:4;GOBLIN:1;SCORPION_RIDER:4,ARCHER:4;ASSASSIN:7
2080,0,0,true,,,curriculum_pass,utility,3,75,105679070880,105679058957,13,0,BLUE,false,0,7,4,2,ARCHER:2;ASSASSIN:4;GOBLIN:1;SCORPION_RIDER:4,ARCHER:4;ASSASSIN:7
2081,0,0,true,,,utility,curriculum_pass,3,75,105679078799,105679035170,48,0,,false,11,17,4,2,GARGOYLE:8;GOBLIN:1;SCORPION_RIDER:2,ARCHER:8;SPIDER:9
2082,0,0,true,,,curriculum_pass,utility,3,75,105679078799,105679035170,48,0,,false,11,17,4,2,GARGOYLE:8;GOBLIN:1;SCORPION_RIDER:2,ARCHER:8;SPIDER:9
2083,0,0,true,,,utility,curriculum_pass,3,75,105679086718,105679043283,12,0,GREEN,false,9,0,2,3,MAGE:7;SCORPION_RIDER:3,SCORPION_RIDER:3;SPIDER:17
2084,0,0,true,,,curriculum_pass,utility,3,75,105679086718,105679043283,48,0,,false,10,20,2,3,MAGE:7;SCORPION_RIDER:3,SCORPION_RIDER:3;SPIDER:17
2085,0,0,true,,,utility,curriculum_pass,3,75,66852198042,66852177975,20,0,GREEN,false,23,0,3,3,ASSASSIN:1;GOBLIN:12;SPIDER:10,ASSASSIN:8;GOLEM:1;SCORPION_RIDER:1
2086,0,0,true,,,curriculum_pass,utility,3,75,66852198042,66852177975,56,0,,false,12,9,3,3,ASSASSIN:1;GOBLIN:12;SPIDER:10,ASSASSIN:8;GOLEM:1;SCORPION_RIDER:1
2087,0,0,true,,,utility,curriculum_pass,3,75,66852205961,66852186916,12,0,GREEN,false,16,0,3,3,ARCHER:9;SPIDER:7,GOBLIN:1;SCORPION_RIDER:4;SPIDER:13
2088,0,0,true,,,curriculum_pass,utility,3,75,66852205961,66852186916,11,0,BLUE,false,0,17,3,3,ARCHER:9;SPIDER:7,GOBLIN:1;SCORPION_RIDER:4;SPIDER:13
2089,0,0,true,,,utility,curriculum_pass,3,75,66852213880,66852162261,14,0,GREEN,false,23,0,3,3,GOBLIN:9;SPIDER:16,ASSASSIN:3;GOBLIN:1;MAGE:7
2090,0,0,true,,,curriculum_pass,utility,3,75,66852213880,66852162261,19,0,BLUE,false,0,9,3,3,GOBLIN:9;SPIDER:16,ASSASSIN:3;GOBLIN:1;MAGE:7
2091,0,0,true,,,utility,curriculum_pass,3,75,66852221799,66852171210,26,0,GREEN,false,11,0,2,4,ARCHER:3;MAGE:8,ASSASSIN:5;GOBLIN:13
2092,0,0,true,,,curriculum_pass,utility,3,75,66852221799,66852171210,13,0,BLUE,false,0,14,2,4,ARCHER:3;MAGE:8,ASSASSIN:5;GOBLIN:13
2093,0,0,true,,,utility,curriculum_pass,3,75,66852229718,66852277499,18,0,GREEN,false,8,0,3,3,ARCHER:5;GOLEM:4;SPIDER:1,ARCHER:4;GOBLIN:17
2094,0,0,true,,,curriculum_pass,utility,3,75,66852229718,66852277499,35,0,BLUE,false,0,19,3,3,ARCHER:5;GOLEM:4;SPIDER:1,ARCHER:4;GOBLIN:17
2095,0,0,true,,,utility,curriculum_pass,3,75,66860117042,66860135071,12,0,GREEN,false,11,0,3,4,ARCHER:8;GOBLIN:9,GARGOYLE:5;GOBLIN:10;GOLEM:1
2096,0,0,true,,,curriculum_pass,utility,3,75,66860117042,66860135071,56,0,,false,8,16,3,4,ARCHER:8;GOBLIN:9,GARGOYLE:5;GOBLIN:10;GOLEM:1
2097,0,0,true,,,utility,curriculum_pass,3,75,66860124961,66860111244,10,0,GREEN,false,10,0,3,2,ARCHER:3;GOBLIN:3;SCORPION_RIDER:6,GARGOYLE:5;GOLEM:4
2098,0,0,true,,,curriculum_pass,utility,3,75,66860124961,66860111244,15,0,BLUE,false,0,7,3,2,ARCHER:3;GOBLIN:3;SCORPION_RIDER:6,GARGOYLE:5;GOLEM:4
2099,0,0,true,,,utility,curriculum_pass,3,75,66860132880,66860119229,131,0,,false,18,15,3,2,GOLEM:3;SPIDER:15,GOBLIN:10;SPIDER:15
2100,0,0,true,,,curriculum_pass,utility,3,75,66860132880,66860119229,15,0,BLUE,false,0,20,3,2,GOLEM:3;SPIDER:15,GOBLIN:10;SPIDER:15
2101,0,0,true,,,utility,curriculum_pass,3,75,66860140799,66860095058,62,0,GREEN,false,5,0,3,3,GOLEM:1;MAGE:9,ARCHER:5;GOBLIN:1;GOLEM:4
2102,0,0,true,,,curriculum_pass,utility,3,75,66860140799,66860095058,62,0,,false,1,10,3,3,GOLEM:1;MAGE:9,ARCHER:5;GOBLIN:1;GOLEM:4
2103,0,0,true,,,utility,curriculum_pass,3,75,66860148718,66860104003,22,0,GREEN,false,10,0,4,3,ASSASSIN:3;GARGOYLE:6;GOLEM:1,SPIDER:25
2104,0,0,true,,,curriculum_pass,utility,3,75,66860148718,66860104003,48,0,,false,10,25,4,3,ASSASSIN:3;GARGOYLE:6;GOLEM:1,SPIDER:25
2105,0,0,true,,,utility,curriculum_pass,3,75,66868036042,66868060007,59,0,,false,6,4,3,3,ARCHER:7;GARGOYLE:4;SPIDER:1,ARCHER:7;GOBLIN:1;SPIDER:10
2106,0,0,true,,,curriculum_pass,utility,3,75,66868036042,66868060007,43,0,BLUE,false,0,3,3,3,ARCHER:7;GARGOYLE:4;SPIDER:1,ARCHER:7;GOBLIN:1;SPIDER:10
2107,0,0,true,,,utility,curriculum_pass,3,75,66868043961,66868067860,48,0,,false,9,18,2,2,GARGOYLE:5;GOLEM:4,MAGE:5;SPIDER:13
2108,0,0,true,,,curriculum_pass,utility,3,75,66868043961,66868067860,48,0,,false,9,18,2,2,GARGOYLE:5;GOLEM:4,MAGE:5;SPIDER:13
2109,0,0,true,,,utility,curriculum_pass,3,75,66868051880,66868060421,26,0,GREEN,false,11,0,3,3,ASSASSIN:2;MAGE:8;SPIDER:1,GOLEM:4;SCORPION_RIDER:4;SPIDER:1
2110,0,0,true,,,curriculum_pass,utility,3,75,66868051880,66868060421,9,0,BLUE,false,0,9,3,3,ASSASSIN:2;MAGE:8;SPIDER:1,GOLEM:4;SCORPION_RIDER:4;SPIDER:1
2111,0,0,true,,,utility,curriculum_pass,3,75,66868059799,66868035642,57,0,,false,13,7,3,3,GOBLIN:9;GOLEM:4;SCORPION_RIDER:1,GOLEM:1;MAGE:8;SCORPION_RIDER:1
2112,0,0,true,,,curriculum_pass,utility,3,75,66868059799,66868035642,27,0,BLUE,false,0,9,3,3,GOBLIN:9;GOLEM:4;SCORPION_RIDER:1,GOLEM:1;MAGE:8;SCORPION_RIDER:1
2113,0,0,true,,,utility,curriculum_pass,3,75,66868067718,66868044587,16,0,GREEN,false,9,0,3,3,GOLEM:1;MAGE:8;SCORPION_RIDER:1,ASSASSIN:5;GOBLIN:12;SPIDER:1
2114,0,0,true,,,curriculum_pass,utility,3,75,66868067718,66868044587,15,0,BLUE,false,0,16,3,3,GOLEM:1;MAGE:8;SCORPION_RIDER:1,ASSASSIN:5;GOBLIN:12;SPIDER:1
2115,0,0,true,,,utility,curriculum_pass,3,75,66875955042,66876000719,8,0,GREEN,false,18,0,3,3,GOBLIN:10;SCORPION_RIDER:4;SPIDER:4,GOBLIN:1;MAGE:10
2116,0,0,true,,,curriculum_pass,utility,3,75,66875955042,66876000719,76,0,,false,14,11,3,3,GOBLIN:10;SCORPION_RIDER:4;SPIDER:4,GOBLIN:1;MAGE:10
2117,0,0,true,,,utility,curriculum_pass,3,75,66875962961,66876008700,16,0,GREEN,false,4,0,3,2,ARCHER:1;ASSASSIN:7;GOLEM:2,ARCHER:4;ASSASSIN:7
2118,0,0,true,,,curriculum_pass,utility,3,75,66875962961,66876008700,54,0,,false,6,6,3,2,ARCHER:1;ASSASSIN:7;GOLEM:2,ARCHER:4;ASSASSIN:7
2119,0,0,true,,,utility,curriculum_pass,3,75,66875970880,66875984877,16,0,GREEN,false,14,0,3,3,GOBLIN:1;GOLEM:4;SPIDER:10,GOBLIN:1;SCORPION_RIDER:9
2120,0,0,true,,,curriculum_pass,utility,3,75,66875970880,66875984877,15,0,BLUE,false,0,9,3,3,GOBLIN:1;GOLEM:4;SPIDER:10,GOBLIN:1;SCORPION_RIDER:9
2121,0,0,true,,,utility,curriculum_pass,3,75,66875978799,66875992706,32,0,GREEN,false,11,0,3,4,ARCHER:2;GARGOYLE:1;MAGE:8,ARCHER:1;GOBLIN:22;SPIDER:1
2122,0,0,true,,,curriculum_pass,utility,3,75,66875978799,66875992706,17,0,BLUE,false,0,24,3,4,ARCHER:2;GARGOYLE:1;MAGE:8,ARCHER:1;GOBLIN:22;SPIDER:1
2123,0,0,true,,,utility,curriculum_pass,3,75,66875986718,66875968947,10,0,GREEN,false,9,0,3,3,ASSASSIN:1;GOLEM:4;MAGE:4,ASSASSIN:3;MAGE:7;SPIDER:1
2124,0,0,true,,,curriculum_pass,utility,3,75,66875986718,66875968947,17,0,BLUE,false,0,9,3,3,ASSASSIN:1;GOLEM:4;MAGE:4,ASSASSIN:3;MAGE:7;SPIDER:1
2125,0,0,true,,,utility,curriculum_pass,3,75,106447198042,106447210999,8,0,GREEN,false,16,0,2,3,GOBLIN:11;SCORPION_RIDER:5,MAGE:10;SPIDER:1
2126,0,0,true,,,curriculum_pass,utility,3,75,106447198042,106447210999,27,0,BLUE,false,0,11,2,3,GOBLIN:11;SCORPION_RIDER:5,MAGE:10;SPIDER:1
2127,0,0,true,,,utility,curriculum_pass,3,75,106447205961,106447218916,8,0,GREEN,false,17,0,3,2,ASSASSIN:6;GOBLIN:10;SPIDER:1,ARCHER:3;MAGE:8
2128,0,0,true,,,curriculum_pass,utility,3,75,106447205961,106447218916,21,0,BLUE,false,0,11,3,2,ASSASSIN:6;GOBLIN:10;SPIDER:1,ARCHER:3;MAGE:8
2129,0,0,true,,,utility,curriculum_pass,3,75,106447213880,106447195029,14,0,GREEN,false,11,0,3,3,ARCHER:5;GOBLIN:1;SCORPION_RIDER:5,GARGOYLE:10;GOBLIN:1
2130,0,0,true,,,curriculum_pass,utility,3,75,106447213880,106447195029,23,0,BLUE,false,0,11,3,3,ARCHER:5;GOBLIN:1;SCORPION_RIDER:5,GARGOYLE:10;GOBLIN:1
2131,0,0,true,,,utility,curriculum_pass,3,75,106447221799,106447202954,6,0,GREEN,false,11,0,3,2,ARCHER:5;SCORPION_RIDER:5;SPIDER:1,ARCHER:4;MAGE:7
2132,0,0,true,,,curriculum_pass,utility,3,75,106447221799,106447202954,15,0,BLUE,false,0,8,3,2,ARCHER:5;SCORPION_RIDER:5;SPIDER:1,ARCHER:4;MAGE:7
2133,0,0,true,,,utility,curriculum_pass,3,75,106447229718,106447179195,14,0,GREEN,false,11,0,3,3,ARCHER:7;ASSASSIN:4;GOBLIN:1,GARGOYLE:3;SCORPION_RIDER:6;SPIDER:2
2134,0,0,true,,,curriculum_pass,utility,3,75,106447229718,106447179195,11,0,BLUE,false,0,11,3,3,ARCHER:7;ASSASSIN:4;GOBLIN:1,GARGOYLE:3;SCORPION_RIDER:6;SPIDER:2
2135,0,0,true,,,utility,curriculum_pass,3,75,106455117042,106455167583,30,0,GREEN,false,4,0,3,3,ASSASSIN:6;GOBLIN:10;SPIDER:1,GOBLIN:10;GOLEM:4;SPIDER:1
2136,0,0,true,,,curriculum_pass,utility,3,75,106455117042,106455167583,11,0,BLUE,false,0,14,3,3,ASSASSIN:6;GOBLIN:10;SPIDER:1,GOBLIN:10;GOLEM:4;SPIDER:1
2137,0,0,true,,,utility,curriculum_pass,3,75,106455124961,106455143756,48,0,,false,16,11,3,3,GOBLIN:10;SCORPION_RIDER:5;SPIDER:1,GOBLIN:3;SCORPION_RIDER:8
2138,0,0,true,,,curriculum_pass,utility,3,75,106455124961,106455143756,48,0,,false,16,11,3,3,GOBLIN:10;SCORPION_RIDER:5;SPIDER:1,GOBLIN:3;SCORPION_RIDER:8
2139,0,0,true,,,utility,curriculum_pass,3,75,106455132880,106455151741,65,0,,false,10,7,3,2,GARGOYLE:2;MAGE:8;SPIDER:1,ARCHER:4;MAGE:7
2140,0,0,true,,,curriculum_pass,utility,3,75,106455132880,106455151741,70,0,,false,5,8,3,2,GARGOYLE:2;MAGE:8;SPIDER:1,ARCHER:4;MAGE:7
2141,0,0,true,,,utility,curriculum_pass,3,75,106455140799,106455127826,67,0,,false,8,4,3,3,GOBLIN:2;SPIDER:23,GARGOYLE:6;SCORPION_RIDER:4
2142,0,0,true,,,curriculum_pass,utility,3,75,106455140799,106455127826,27,0,BLUE,false,0,7,3,3,GOBLIN:2;SPIDER:23,GARGOYLE:6;SCORPION_RIDER:4
2143,0,0,true,,,utility,curriculum_pass,3,75,106455148718,106455135747,14,0,GREEN,false,11,0,3,3,ASSASSIN:4;GARGOYLE:6;SPIDER:1,GARGOYLE:3;MAGE:7;SPIDER:1
2144,0,0,true,,,curriculum_pass,utility,3,75,106455148718,106455135747,21,0,BLUE,false,0,11,3,3,ASSASSIN:4;GARGOYLE:6;SPIDER:1,GARGOYLE:3;MAGE:7;SPIDER:1
2145,0,0,true,,,utility,curriculum_pass,3,75,106463036042,106463091751,18,0,GREEN,false,6,0,2,3,GARGOYLE:5;SCORPION_RIDER:5,GOBLIN:1;GOLEM:7
2146,0,0,true,,,curriculum_pass,utility,3,75,106463036042,106463091751,62,0,,false,5,6,2,3,GARGOYLE:5;SCORPION_RIDER:5,GOBLIN:1;GOLEM:7
2147,0,0,true,,,utility,curriculum_pass,3,75,106463043961,106463100884,56,0,GREEN,false,17,0,3,3,GOBLIN:12;GOLEM:1;MAGE:4,GOBLIN:1;GOLEM:3;SCORPION_RIDER:5
2148,0,0,true,,,curriculum_pass,utility,3,75,106463043961,106463100884,13,0,BLUE,false,0,9,3,3,GOBLIN:12;GOLEM:1;MAGE:4,GOBLIN:1;GOLEM:3;SCORPION_RIDER:5
2149,0,0,true,,,utility,curriculum_pass,3,75,106463051880,106463076037,8,0,GREEN,false,9,0,3,3,ASSASSIN:7;GARGOYLE:3;GOBLIN:1,ARCHER:8;GARGOYLE:3;GOBLIN:2
2150,0,0,true,,,curriculum_pass,utility,3,75,106463051880,106463076037,56,0,,false,7,12,3,3,ASSASSIN:7;GARGOYLE:3;GOBLIN:1,ARCHER:8;GARGOYLE:3;GOBLIN:2
2151,0,0,true,,,utility,curriculum_pass,3,75,106463059799,106463068666,20,0,GREEN,false,11,0,3,2,GARGOYLE:3;MAGE:7;SPIDER:1,ASSASSIN:6;GOBLIN:11
2152,0,0,true,,,curriculum_pass,utility,3,75,106463059799,106463068666,7,0,BLUE,false,0,16,3,2,GARGOYLE:3;MAGE:7;SPIDER:1,ASSASSIN:6;GOBLIN:11
2153,0,0,true,,,utility,curriculum_pass,3,75,106463067718,106463076587,16,0,GREEN,false,19,0,3,4,ARCHER:6;GOBLIN:13,ARCHER:1;GOBLIN:11;MAGE:5
2154,0,0,true,,,curriculum_pass,utility,3,75,106463067718,106463076587,19,0,BLUE,false,0,13,3,4,ARCHER:6;GOBLIN:13,ARCHER:1;GOBLIN:11;MAGE:5
2155,0,0,true,,,utility,curriculum_pass,3,75,106470955042,106470901391,8,0,GREEN,false,21,0,3,2,ARCHER:4;SPIDER:17,ASSASSIN:8;SPIDER:6
2156,0,0,true,,,curriculum_pass,utility,3,75,106470955042,106470901391,11,0,BLUE,false,0,13,3,2,ARCHER:4;SPIDER:17,ASSASSIN:8;SPIDER:6
2157,0,0,true,,,utility,curriculum_pass,3,75,106470962961,106470910396,48,0,,false,16,18,2,3,SCORPION_RIDER:5;SPIDER:11,GOBLIN:12;SCORPION_RIDER:4;SPIDER:2
2158,0,0,true,,,curriculum_pass,utility,3,75,106470962961,106470910396,62,0,,false,5,18,2,3,SCORPION_RIDER:5;SPIDER:11,GOBLIN:12;SCORPION_RIDER:4;SPIDER:2
2159,0,0,true,,,utility,curriculum_pass,3,75,106470970880,106471016621,18,0,GREEN,false,13,0,3,2,GOBLIN:1;GOLEM:4;SPIDER:10,ARCHER:7;SCORPION_RIDER:4
2160,0,0,true,,,curriculum_pass,utility,3,75,106470970880,106471016621,48,0,,false,15,11,3,2,GOBLIN:1;GOLEM:4;SPIDER:10,ARCHER:7;SCORPION_RIDER:4
2161,0,0,true,,,utility,curriculum_pass,3,75,106470978799,106471025218,10,0,GREEN,false,14,0,3,3,ARCHER:11;SPIDER:3,ARCHER:5;GOBLIN:1;SCORPION_RIDER:5
2162,0,0,true,,,curriculum_pass,utility,3,75,106470978799,106471025218,5,0,BLUE,false,0,11,3,3,ARCHER:11;SPIDER:3,ARCHER:5;GOBLIN:1;SCORPION_RIDER:5
2163,0,0,true,,,utility,curriculum_pass,3,75,106470986718,106471001459,12,0,GREEN,false,11,0,3,3,GARGOYLE:6;GOBLIN:11,GOBLIN:9;SPIDER:16
2164,0,0,true,,,curriculum_pass,utility,3,75,106470986718,106471001459,15,0,BLUE,false,0,20,3,3,GARGOYLE:6;GOBLIN:11,GOBLIN:9;SPIDER:16
2165,0,0,true,,,utility,curriculum_pass,3,75,67644098042,67644152663,12,0,GREEN,false,15,0,3,3,ARCHER:8;SPIDER:9,ARCHER:6;GOBLIN:13
2166,0,0,true,,,curriculum_pass,utility,3,75,67644098042,67644152663,9,0,BLUE,false,0,19,3,3,ARCHER:8;SPIDER:9,ARCHER:6;GOBLIN:13
2167,0,0,true,,,utility,curriculum_pass,3,75,67644105961,67644160580,12,0,GREEN,false,9,0,2,3,GARGOYLE:5;SCORPION_RIDER:5,ARCHER:7;GOLEM:3;SPIDER:1
2168,0,0,true,,,curriculum_pass,utility,3,75,67644105961,67644160580,15,0,BLUE,false,0,11,2,3,GARGOYLE:5;SCORPION_RIDER:5,ARCHER:7;GOLEM:3;SPIDER:1
2169,0,0,true,,,utility,curriculum_pass,3,75,67644113880,67644136821,18,0,GREEN,false,16,0,3,3,ARCHER:9;GOBLIN:7,GARGOYLE:9;GOBLIN:4
2170,0,0,true,,,curriculum_pass,utility,3,75,67644113880,67644136821,48,0,,false,16,13,3,3,ARCHER:9;GOBLIN:7,GARGOYLE:9;GOBLIN:4
2171,0,0,true,,,utility,curriculum_pass,3,75,67644121799,67644144746,48,0,,false,10,11,3,3,GARGOYLE:6;GOLEM:3;SPIDER:1,ASSASSIN:8;MAGE:2;SPIDER:1
2172,0,0,true,,,curriculum_pass,utility,3,75,67644121799,67644144746,60,0,,false,7,4,3,3,GARGOYLE:6;GOLEM:3;SPIDER:1,ASSASSIN:8;MAGE:2;SPIDER:1
2173,0,0,true,,,utility,curriculum_pass,3,75,67644129718,67644120859,12,0,GREEN,false,15,0,3,3,GOBLIN:12;GOLEM:1;MAGE:4,ARCHER:7;GOBLIN:7;GOLEM:1
2174,0,0,true,,,curriculum_pass,utility,3,75,67644129718,67644120859,13,0,BLUE,false,0,14,3,3,GOBLIN:12;GOLEM:1;MAGE:4,ARCHER:7;GOBLIN:7;GOLEM:1
2175,0,0,true,,,utility,curriculum_pass,3,75,67652017042,67651962175,8,0,GREEN,false,10,0,3,2,ASSASSIN:10;GOBLIN:1,ARCHER:4;MAGE:7
2176,0,0,true,,,curriculum_pass,utility,3,75,67652017042,67651962175,11,0,BLUE,false,0,11,3,2,ASSASSIN:10;GOBLIN:1,ARCHER:4;MAGE:7
2177,0,0,true,,,utility,curriculum_pass,3,75,67652024961,67651970092,59,0,,false,10,8,3,3,GARGOYLE:2;GOBLIN:1;MAGE:8,ARCHER:8;SPIDER:9
2178,0,0,true,,,curriculum_pass,utility,3,75,67652024961,67651970092,15,0,BLUE,false,0,13,3,3,GARGOYLE:2;GOBLIN:1;MAGE:8,ARCHER:8;SPIDER:9
2179,0,0,true,,,utility,curriculum_pass,3,75,67652032880,67652077533,12,0,GREEN,false,11,0,4,3,ARCHER:6;GARGOYLE:5;GOBLIN:1,GOBLIN:1;SCORPION_RIDER:6;SPIDER:8
2180,0,0,true,,,curriculum_pass,utility,3,75,67652032880,67652077533,13,0,BLUE,false,0,13,4,3,ARCHER:6;GARGOYLE:5;GOBLIN:1,GOBLIN:1;SCORPION_RIDER:6;SPIDER:8
2181,0,0,true,,,utility,curriculum_pass,3,75,67652040799,67652085490,98,0,GREEN,false,17,0,3,3,GOBLIN:12;GOLEM:1;MAGE:4,GARGOYLE:4;GOBLIN:2;GOLEM:4
2182,0,0,true,,,curriculum_pass,utility,3,75,67652040799,67652085490,21,0,BLUE,false,0,10,3,3,GOBLIN:12;GOLEM:1;MAGE:4,GARGOYLE:4;GOBLIN:2;GOLEM:4
2183,0,0,true,,,utility,curriculum_pass,3,75,67652048718,67652061667,16,0,GREEN,false,11,0,3,2,ASSASSIN:2;MAGE:8;SPIDER:1,GOBLIN:6;MAGE:8
2184,0,0,true,,,curriculum_pass,utility,3,75,67652048718,67652061667,17,0,BLUE,false,0,13,3,2,ASSASSIN:2;MAGE:8;SPIDER:1,GOBLIN:6;MAGE:8
2185,0,0,true,,,utility,curriculum_pass,3,75,67659936042,67659919239,55,0,,false,13,2,3,3,ARCHER:8;GARGOYLE:3;GOBLIN:2,ASSASSIN:8;MAGE:2;SPIDER:1
2186,0,0,true,,,curriculum_pass,utility,3,75,67659936042,67659919239,9,0,BLUE,false,0,7,3,3,ARCHER:8;GARGOYLE:3;GOBLIN:2,ASSASSIN:8;MAGE:2;SPIDER:1
2187,0,0,true,,,utility,curriculum_pass,3,75,67659943961,67659894452,12,0,GREEN,false,5,0,3,3,GARGOYLE:3;GOBLIN:1;MAGE:7,ARCHER:7;MAGE:4;SPIDER:1
2188,0,0,true,,,curriculum_pass,utility,3,75,67659943961,67659894452,11,0,BLUE,false,0,8,3,3,GARGOYLE:3;GOBLIN:1;MAGE:7,ARCHER:7;MAGE:4;SPIDER:1
2189,0,0,true,,,utility,curriculum_pass,3,75,67659951880,67659903397,6,0,GREEN,false,10,0,3,2,GOBLIN:2;GOLEM:2;SCORPION_RIDER:6,GOBLIN:6;MAGE:8
2190,0,0,true,,,curriculum_pass,utility,3,75,67659951880,67659903397,17,0,BLUE,false,0,14,3,2,GOBLIN:2;GOLEM:2;SCORPION_RIDER:6,GOBLIN:6;MAGE:8
2191,0,0,true,,,utility,curriculum_pass,3,75,67659959799,67660010330,28,0,GREEN,false,14,0,3,4,GOBLIN:5;MAGE:8;SPIDER:1,GOLEM:3;SPIDER:15
2192,0,0,true,,,curriculum_pass,utility,3,75,67659959799,67660010330,98,0,,false,8,18,3,4,GOBLIN:5;MAGE:8;SPIDER:1,GOLEM:3;SPIDER:15
2193,0,0,true,,,utility,curriculum_pass,3,75,67659967718,67660018251,14,0,GREEN,false,10,0,3,3,ARCHER:5;GOBLIN:1;GOLEM:4,GOLEM:4;SPIDER:11
2194,0,0,true,,,curriculum_pass,utility,3,75,67659967718,67660018251,48,0,,false,10,15,3,3,ARCHER:5;GOBLIN:1;GOLEM:4,GOLEM:4;SPIDER:11
2195,0,0,true,,,utility,curriculum_pass,3,75,67667855042,67667843183,22,0,GREEN,false,9,0,3,3,GOBLIN:1;MAGE:8;SPIDER:5,ARCHER:6;GOBLIN:13
2196,0,0,true,,,curriculum_pass,utility,3,75,67667855042,67667843183,7,0,BLUE,false,0,19,3,3,GOBLIN:1;MAGE:8;SPIDER:5,ARCHER:6;GOBLIN:13
2197,0,0,true,,,utility,curriculum_pass,3,75,67667862961,67667852060,12,0,GREEN,false,12,0,3,3,ARCHER:8;GOBLIN:1;SCORPION_RIDER:3,GARGOYLE:2;MAGE:8;SPIDER:1
2198,0,0,true,,,curriculum_pass,utility,3,75,67667862961,67667852060,84,0,,false,2,2,3,3,ARCHER:8;GOBLIN:1;SCORPION_RIDER:3,GARGOYLE:2;MAGE:8;SPIDER:1
2199,0,0,true,,,utility,curriculum_pass,3,75,67667870880,67667827213,12,0,GREEN,false,12,0,3,4,GOBLIN:12;GOLEM:3;MAGE:1,GOLEM:4;SCORPION_RIDER:1;SPIDER:9
2200,0,0,true,,,curriculum_pass,utility,3,75,67667870880,67667827213,37,0,BLUE,false,0,13,3,4,GOBLIN:12;GOLEM:3;MAGE:1,GOLEM:4;SCORPION_RIDER:1;SPIDER:9
2201,0,0,true,,,utility,curriculum_pass,3,75,67667878799,67667836194,59,0,,false,8,3,3,3,ASSASSIN:7;GARGOYLE:3;SPIDER:1,GARGOYLE:6;SPIDER:11
2202,0,0,true,,,curriculum_pass,utility,3,75,67667878799,67667836194,68,0,,false,10,16,3,3,ASSASSIN:7;GARGOYLE:3;SPIDER:1,GARGOYLE:6;SPIDER:11
2203,0,0,true,,,utility,curriculum_pass,3,75,67667886718,67667942611,8,0,GREEN,false,9,0,3,3,GARGOYLE:1;GOLEM:2;SCORPION_RIDER:6,ARCHER:7;MAGE:4;SPIDER:1
2204,0,0,true,,,curriculum_pass,utility,3,75,67667886718,67667942611,15,0,BLUE,false,0,12,3,3,GARGOYLE:1;GOLEM:2;SCORPION_RIDER:6,ARCHER:7;MAGE:4;SPIDER:1
2205,0,0,true,,,utility,curriculum_pass,3,75,107239098042,107239053335,18,0,GREEN,false,18,0,4,2,GOBLIN:1;SCORPION_RIDER:3;SPIDER:16,ASSASSIN:5;GOLEM:4
2206,0,0,true,,,curriculum_pass,utility,3,75,107239098042,107239053335,15,0,BLUE,false,0,4,4,2,GOBLIN:1;SCORPION_RIDER:3;SPIDER:16,ASSASSIN:5;GOLEM:4
2207,0,0,true,,,utility,curriculum_pass,3,75,107239105961,107239062276,60,0,GREEN,false,5,0,3,3,ASSASSIN:7;GOBLIN:1;MAGE:3,ARCHER:4;GARGOYLE:7
2208,0,0,true,,,curriculum_pass,utility,3,75,107239105961,107239062276,11,0,BLUE,false,0,11,3,3,ASSASSIN:7;GOBLIN:1;MAGE:3,ARCHER:4;GARGOYLE:7
2209,0,0,true,,,utility,curriculum_pass,3,75,107239113880,107239168565,14,0,GREEN,false,9,0,2,3,GOLEM:4;MAGE:5,ARCHER:1;GARGOYLE:3;SPIDER:16
2210,0,0,true,,,curriculum_pass,utility,3,75,107239113880,107239168565,11,0,BLUE,false,0,20,2,3,GOLEM:4;MAGE:5,ARCHER:1;GARGOYLE:3;SPIDER:16
2211,0,0,true,,,utility,curriculum_pass,3,75,107239121799,107239177514,30,0,GREEN,false,11,0,3,3,GOBLIN:1;MAGE:10,GOLEM:4;SPIDER:11
2212,0,0,true,,,curriculum_pass,utility,3,75,107239121799,107239177514,17,0,BLUE,false,0,12,3,3,GOBLIN:1;MAGE:10,GOLEM:4;SPIDER:11
2213,0,0,true,,,utility,curriculum_pass,3,75,107239129718,107239152859,48,0,,false,14,11,3,3,GARGOYLE:1;GOLEM:4;SPIDER:9,ASSASSIN:7;MAGE:3;SPIDER:1
2214,0,0,true,,,curriculum_pass,utility,3,75,107239129718,107239152859,60,0,,false,4,8,3,3,GARGOYLE:1;GOLEM:4;SPIDER:9,ASSASSIN:7;MAGE:3;SPIDER:1
2215,0,0,true,,,utility,curriculum_pass,3,75,107247017042,107246994175,12,0,GREEN,false,6,0,3,4,ARCHER:6;GOBLIN:1;MAGE:5,ARCHER:2;MAGE:7;SPIDER:4
2216,0,0,true,,,curriculum_pass,utility,3,75,107247017042,107246994175,58,0,,false,5,8,3,4,ARCHER:6;GOBLIN:1;MAGE:5,ARCHER:2;MAGE:7;SPIDER:4
2217,0,0,true,,,utility,curriculum_pass,3,75,107247024961,107247003116,6,0,GREEN,false,10,0,3,3,ASSASSIN:8;SCORPION_RIDER:2;SPIDER:1,ARCHER:1;GOLEM:2;MAGE:7
2218,0,0,true,,,curriculum_pass,utility,3,75,107247024961,107247003116,11,0,BLUE,false,0,10,3,3,ASSASSIN:8;SCORPION_RIDER:2;SPIDER:1,ARCHER:1;GOLEM:2;MAGE:7
2219,0,0,true,,,utility,curriculum_pass,3,75,107247032880,107246978205,32,0,GREEN,false,16,0,2,2,GARGOYLE:6;SPIDER:11,GARGOYLE:5;SCORPION_RIDER:5
2220,0,0,true,,,curriculum_pass,utility,3,75,107247032880,107246978205,21,0,BLUE,false,0,8,2,2,GARGOYLE:6;SPIDER:11,GARGOYLE:5;SCORPION_RIDER:5
2221,0,0,true,,,utility,curriculum_pass,3,75,107247040799,107246987186,10,0,GREEN,false,13,0,3,3,ARCHER:8;MAGE:3;SPIDER:2,ASSASSIN:8;GOBLIN:1;MAGE:2
2222,0,0,true,,,curriculum_pass,utility,3,75,107247040799,107246987186,13,0,BLUE,false,0,10,3,3,ARCHER:8;MAGE:3;SPIDER:2,ASSASSIN:8;GOBLIN:1;MAGE:2
2223,0,0,true,,,utility,curriculum_pass,3,75,107247048718,107247093411,81,0,,false,3,2,3,3,GOLEM:2;MAGE:1;SCORPION_RIDER:6,GOBLIN:1;GOLEM:7
2224,0,0,true,,,curriculum_pass,utility,3,75,107247048718,107247093411,68,0,,false,6,6,3,3,GOLEM:2;MAGE:1;SCORPION_RIDER:6,GOBLIN:1;GOLEM:7
2225,0,0,true,,,utility,curriculum_pass,3,75,107254936042,107254951751,10,0,GREEN,false,9,0,3,2,ARCHER:1;GARGOYLE:4;GOLEM:4,ARCHER:5;SPIDER:15
2226,0,0,true,,,curriculum_pass,utility,3,75,107254936042,107254951751,15,0,BLUE,false,0,19,3,2,ARCHER:1;GARGOYLE:4;GOLEM:4,ARCHER:5;SPIDER:15
2227,0,0,true,,,utility,curriculum_pass,3,75,107254943961,107254926964,59,0,,false,11,5,3,3,GOBLIN:1;MAGE:8;SCORPION_RIDER:2,ARCHER:5;GOBLIN:1;SCORPION_RIDER:5
2228,0,0,true,,,curriculum_pass,utility,3,75,107254943961,107254926964,7,0,BLUE,false,0,11,3,3,GOBLIN:1;MAGE:8;SCORPION_RIDER:2,ARCHER:5;GOBLIN:1;SCORPION_RIDER:5
2229,0,0,true,,,utility,curriculum_pass,3,75,107254951880,107254935909,49,0,,false,11,8,3,3,ASSASSIN:8;GARGOYLE:2;GOBLIN:1,GOLEM:4;SCORPION_RIDER:4;SPIDER:1
2230,0,0,true,,,curriculum_pass,utility,3,75,107254951880,107254935909,9,0,BLUE,false,0,8,3,3,ASSASSIN:8;GARGOYLE:2;GOBLIN:1,GOLEM:4;SCORPION_RIDER:4;SPIDER:1
2231,0,0,true,,,utility,curriculum_pass,3,75,107254959799,107254911002,8,0,GREEN,false,10,0,4,3,GARGOYLE:1;GOBLIN:2;MAGE:2;SCORPION_RIDER:6,GOBLIN:2;MAGE:4;SCORPION_RIDER:5
2232,0,0,true,,,curriculum_pass,utility,3,75,107254959799,107254911002,15,0,BLUE,false,0,4,4,3,GARGOYLE:1;GOBLIN:2;MAGE:2;SCORPION_RIDER:6,GOBLIN:2;MAGE:4;SCORPION_RIDER:5
2233,0,0,true,,,utility,curriculum_pass,3,75,107254967718,107254919947,20,0,GREEN,false,8,0,3,3,GOLEM:2;MAGE:7;SPIDER:2,ARCHER:6;GOBLIN:13
2234,0,0,true,,,curriculum_pass,utility,3,75,107254967718,107254919947,7,0,BLUE,false,0,18,3,3,GOLEM:2;MAGE:7;SPIDER:2,ARCHER:6;GOBLIN:13
2235,0,0,true,,,utility,curriculum_pass,3,75,107262855042,107262875951,20,0,GREEN,false,9,0,2,3,GARGOYLE:5;GOLEM:4,GARGOYLE:6;MAGE:4;SPIDER:1
2236,0,0,true,,,curriculum_pass,utility,3,75,107262855042,107262875951,99,0,BLUE,false,0,11,2,3,GARGOYLE:5;GOLEM:4,GARGOYLE:6;MAGE:4;SPIDER:1
2237,0,0,true,,,utility,curriculum_pass,3,75,107262862961,107262884060,57,0,,false,10,7,3,4,ASSASSIN:4;GARGOYLE:6;GOBLIN:1,ARCHER:12;SPIDER:1
2238,0,0,true,,,curriculum_pass,utility,3,75,107262862961,107262884060,54,0,,false,6,13,3,4,ASSASSIN:4;GARGOYLE:6;GOBLIN:1,ARCHER:12;SPIDER:1
2239,0,0,true,,,utility,curriculum_pass,3,75,107262870880,107262860237,53,0,,false,11,11,3,2,ARCHER:4;GARGOYLE:6;MAGE:1,ARCHER:3;ASSASSIN:8
2240,0,0,true,,,curriculum_pass,utility,3,75,107262870880,107262860237,9,0,BLUE,false,0,10,3,2,ARCHER:4;GARGOYLE:6;MAGE:1,ARCHER:3;ASSASSIN:8
2241,0,0,true,,,utility,curriculum_pass,3,75,107262878799,107262868194,10,0,GREEN,false,11,0,3,3,ARCHER:2;ASSASSIN:8;SPIDER:2,ARCHER:5;SPIDER:15
2242,0,0,true,,,curriculum_pass,utility,3,75,107262878799,107262868194,11,0,BLUE,false,0,20,3,3,ARCHER:2;ASSASSIN:8;SPIDER:2,ARCHER:5;SPIDER:15
2243,0,0,true,,,utility,curriculum_pass,3,75,107262886718,107262844307,55,0,,false,9,6,3,3,ASSASSIN:8;GOBLIN:6,GOBLIN:1;SCORPION_RIDER:9
2244,0,0,true,,,curriculum_pass,utility,3,75,107262886718,107262844307,48,0,,false,14,10,3,3,ASSASSIN:8;GOBLIN:6,GOBLIN:1;SCORPION_RIDER:9
2245,0,0,true,,,utility,curriculum_pass,3,75,68435998042,68436012023,12,0,GREEN,false,19,0,3,3,GOBLIN:23;SPIDER:2,GARGOYLE:10;SPIDER:1
2246,0,0,true,,,curriculum_pass,utility,3,75,68435998042,68436012023,21,0,BLUE,false,0,11,3,3,GOBLIN:23;SPIDER:2,GARGOYLE:10;SPIDER:1
2247,0,0,true,,,utility,curriculum_pass,3,75,68436005961,68435987172,26,0,GREEN,false,11,0,3,3,GARGOYLE:10;GOBLIN:1,SCORPION_RIDER:9;SPIDER:1
2248,0,0,true,,,curriculum_pass,utility,3,75,68436005961,68435987172,13,0,BLUE,false,0,8,3,3,GARGOYLE:10;GOBLIN:1,SCORPION_RIDER:9;SPIDER:1
2249,0,0,true,,,utility,curriculum_pass,3,75,68436013880,68435996053,61,0,,false,22,16,4,3,GOLEM:1;SPIDER:21,SCORPION_RIDER:3;SPIDER:17
2250,0,0,true,,,curriculum_pass,utility,3,75,68436013880,68435996053,11,0,BLUE,false,0,18,4,3,GOLEM:1;SPIDER:21,SCORPION_RIDER:3;SPIDER:17
2251,0,0,true,,,utility,curriculum_pass,3,75,68436021799,68435971210,14,0,GREEN,false,11,0,3,2,GARGOYLE:10;GOBLIN:1,ARCHER:7;GOBLIN:11
2252,0,0,true,,,curriculum_pass,utility,3,75,68436021799,68435971210,15,0,BLUE,false,0,17,3,2,GARGOYLE:10;GOBLIN:1,ARCHER:7;GOBLIN:11
2253,0,0,true,,,utility,curriculum_pass,3,75,68436029718,68435980219,16,0,GREEN,false,22,0,3,2,MAGE:2;SPIDER:20,ASSASSIN:7;GOBLIN:8
2254,0,0,true,,,curriculum_pass,utility,3,75,68436029718,68435980219,15,0,BLUE,false,0,12,3,2,MAGE:2;SPIDER:20,ASSASSIN:7;GOBLIN:8
2255,0,0,true,,,utility,curriculum_pass,3,75,68443917042,68443935839,59,0,,false,15,10,3,3,GOBLIN:10;GOLEM:4;SPIDER:1,ARCHER:7;GOBLIN:1;GOLEM:3
2256,0,0,true,,,curriculum_pass,utility,3,75,68443917042,68443935839,17,0,BLUE,false,0,10,3,3,GOBLIN:10;GOLEM:4;SPIDER:1,ARCHER:7;GOBLIN:1;GOLEM:3
2257,0,0,true,,,utility,curriculum_pass,3,75,68443924961,68443944780,14,0,GREEN,false,17,0,3,3,GARGOYLE:5;GOBLIN:11;MAGE:1,GARGOYLE:2;GOBLIN:1;MAGE:8
2258,0,0,true,,,curriculum_pass,utility,3,75,68443924961,68443944780,29,0,BLUE,false,0,8,3,3,GARGOYLE:5;GOBLIN:11;MAGE:1,GARGOYLE:2;GOBLIN:1;MAGE:8
2259,0,0,true,,,utility,curriculum_pass,3,75,68443932880,68443919997,12,0,GREEN,false,10,0,3,3,ARCHER:7;GOLEM:3;SPIDER:1,GOBLIN:9;SCORPION_RIDER:6
2260,0,0,true,,,curriculum_pass,utility,3,75,68443932880,68443919997,11,0,BLUE,false,0,15,3,3,ARCHER:7;GOLEM:3;SPIDER:1,GOBLIN:9;SCORPION_RIDER:6
2261,0,0,true,,,utility,curriculum_pass,3,75,68443940799,68443928850,57,0,,false,8,15,3,3,GOLEM:7;SPIDER:1,GOBLIN:1;GOLEM:4;SPIDER:10
2262,0,0,true,,,curriculum_pass,utility,3,75,68443940799,68443928850,21,0,BLUE,false,0,13,3,3,GOLEM:7;SPIDER:1,GOBLIN:1;GOLEM:4;SPIDER:10
2263,0,0,true,,,utility,curriculum_pass,3,75,68443948718,68443904003,18,0,GREEN,false,8,0,2,4,GARGOYLE:5;GOLEM:4,ASSASSIN:6;GOBLIN:1;MAGE:4
2264,0,0,true,,,curriculum_pass,utility,3,75,68443948718,68443904003,84,0,,false,5,5,2,4,GARGOYLE:5;GOLEM:4,ASSASSIN:6;GOBLIN:1;MAGE:4
2265,0,0,true,,,utility,curriculum_pass,3,75,68451836042,68451892775,53,0,,false,12,9,2,2,ASSASSIN:7;SPIDER:8,GARGOYLE:5;SCORPION_RIDER:5
2266,0,0,true,,,curriculum_pass,utility,3,75,68451836042,68451892775,13,0,BLUE,false,0,10,2,2,ASSASSIN:7;SPIDER:8,GARGOYLE:5;SCORPION_RIDER:5
2267,0,0,true,,,utility,curriculum_pass,3,75,68451843961,68451885524,20,0,GREEN,false,11,0,3,3,ASSASSIN:4;GARGOYLE:5;SPIDER:4,ARCHER:4;GOBLIN:3;GOLEM:4
2268,0,0,true,,,curriculum_pass,utility,3,75,68451843961,68451885524,17,0,BLUE,false,0,11,3,3,ASSASSIN:4;GARGOYLE:5;SPIDER:4,ARCHER:4;GOBLIN:3;GOLEM:4
2269,0,0,true,,,utility,curriculum_pass,3,75,68451851880,68451860677,18,0,GREEN,false,8,0,3,2,ARCHER:7;GOBLIN:1;GOLEM:3,MAGE:7;SPIDER:8
2270,0,0,true,,,curriculum_pass,utility,3,75,68451851880,68451860677,74,0,,false,7,13,3,2,ARCHER:7;GOBLIN:1;GOLEM:3,MAGE:7;SPIDER:8
2271,0,0,true,,,utility,curriculum_pass,3,75,68451859799,68451869690,8,0,GREEN,false,11,0,3,3,MAGE:4;SCORPION_RIDER:5;SPIDER:2,ARCHER:1;ASSASSIN:6;SPIDER:9
2272,0,0,true,,,curriculum_pass,utility,3,75,68451859799,68451869690,15,0,BLUE,false,0,12,3,3,MAGE:4;SCORPION_RIDER:5;SPIDER:2,ARCHER:1;ASSASSIN:6;SPIDER:9
2273,0,0,true,,,utility,curriculum_pass,3,75,68451867718,68451844843,10,0,GREEN,false,10,0,3,2,ARCHER:8;GOLEM:2;SPIDER:2,ARCHER:7;SCORPION_RIDER:4
2274,0,0,true,,,curriculum_pass,utility,3,75,68451867718,68451844843,9,0,BLUE,false,0,11,3,2,ARCHER:8;GOLEM:2;SPIDER:2,ARCHER:7;SCORPION_RIDER:4
2275,0,0,true,,,utility,curriculum_pass,3,75,68459755042,68459702415,12,0,GREEN,false,11,0,3,4,ARCHER:4;GOLEM:4;SPIDER:3,ARCHER:1;GOBLIN:1;SPIDER:22
2276,0,0,true,,,curriculum_pass,utility,3,75,68459755042,68459702415,201,0,,true,5,24,3,4,ARCHER:4;GOLEM:4;SPIDER:3,ARCHER:1;GOBLIN:1;SPIDER:22
2277,0,0,true,,,utility,curriculum_pass,3,75,68459762961,68459809724,8,0,GREEN,false,10,0,2,2,GARGOYLE:5;SCORPION_RIDER:5,MAGE:8;SPIDER:6
2278,0,0,true,,,curriculum_pass,utility,3,75,68459762961,68459809724,29,0,BLUE,false,0,12,2,2,GARGOYLE:5;SCORPION_RIDER:5,MAGE:8;SPIDER:6
2279,0,0,true,,,utility,curriculum_pass,3,75,68459770880,68459817645,48,0,,false,11,12,3,3,ARCHER:7;GOLEM:3;SPIDER:1,ARCHER:6;GARGOYLE:5;SPIDER:1
2280,0,0,true,,,curriculum_pass,utility,3,75,68459770880,68459817645,21,0,BLUE,false,0,8,3,3,ARCHER:7;GOLEM:3;SPIDER:1,ARCHER:6;GARGOYLE:5;SPIDER:1
2281,0,0,true,,,utility,curriculum_pass,3,75,68459778799,68459793474,22,0,GREEN,false,14,0,3,3,GOBLIN:10;GOLEM:4;SPIDER:1,ARCHER:7;GOBLIN:1;GOLEM:3
2282,0,0,true,,,curriculum_pass,utility,3,75,68459778799,68459793474,21,0,BLUE,false,0,11,3,3,GOBLIN:10;GOLEM:4;SPIDER:1,ARCHER:7;GOBLIN:1;GOLEM:3
2283,0,0,true,,,utility,curriculum_pass,3,75,68459786718,68459802483,48,0,,false,8,9,3,2,GOLEM:7;SPIDER:1,GARGOYLE:5;GOLEM:4
2284,0,0,true,,,curriculum_pass,utility,3,75,68459786718,68459802483,48,0,,false,8,9,3,2,GOLEM:7;SPIDER:1,GARGOYLE:5;GOLEM:4
2285,0,0,true,,,utility,curriculum_pass,3,75,108030998042,108031043767,44,0,GREEN,false,15,0,3,3,ARCHER:1;GOLEM:3;SPIDER:13,GOBLIN:11;GOLEM:4
2286,0,0,true,,,curriculum_pass,utility,3,75,108030998042,108031043767,17,0,BLUE,false,0,15,3,3,ARCHER:1;GOLEM:3;SPIDER:13,GOBLIN:11;GOLEM:4
2287,0,0,true,,,utility,curriculum_pass,3,75,108031005961,108031019940,22,0,GREEN,false,17,0,3,3,GARGOYLE:1;GOBLIN:11;MAGE:5,ARCHER:1;GARGOYLE:3;SCORPION_RIDER:6
2288,0,0,true,,,curriculum_pass,utility,3,75,108031005961,108031019940,47,0,BLUE,false,0,10,3,3,GARGOYLE:1;GOBLIN:11;MAGE:5,ARCHER:1;GARGOYLE:3;SCORPION_RIDER:6
2289,0,0,true,,,utility,curriculum_pass,3,75,108031013880,108031028565,10,0,GREEN,false,16,0,2,3,GOBLIN:11;SCORPION_RIDER:5,GARGOYLE:3;MAGE:7;SPIDER:1
2290,0,0,true,,,curriculum_pass,utility,3,75,108031013880,108031028565,45,0,BLUE,false,0,11,2,3,GOBLIN:11;SCORPION_RIDER:5,GARGOYLE:3;MAGE:7;SPIDER:1
2291,0,0,true,,,utility,curriculum_pass,3,75,108031021799,108031003722,48,0,,false,9,18,2,2,GARGOYLE:5;GOLEM:4,SCORPION_RIDER:4;SPIDER:14
2292,0,0,true,,,curriculum_pass,utility,3,75,108031021799,108031003722,19,0,BLUE,false,0,16,2,2,GARGOYLE:5;GOLEM:4,SCORPION_RIDER:4;SPIDER:14
2293,0,0,true,,,utility,curriculum_pass,3,75,108031029718,108031012731,55,0,,false,19,14,3,3,ASSASSIN:4;SPIDER:15,ARCHER:5;SPIDER:15
2294,0,0,true,,,curriculum_pass,utility,3,75,108031029718,108031012731,48,0,,false,19,20,3,3,ASSASSIN:4;SPIDER:15,ARCHER:5;SPIDER:15
2295,0,0,true,,,utility,curriculum_pass,3,75,108038917042,108038968607,51,0,,false,9,5,3,2,ASSASSIN:10;SPIDER:1,ASSASSIN:5;SCORPION_RIDER:5
2296,0,0,true,,,curriculum_pass,utility,3,75,108038917042,108038968607,11,0,BLUE,false,0,9,3,2,ASSASSIN:10;SPIDER:1,ASSASSIN:5;SCORPION_RIDER:5
2297,0,0,true,,,utility,curriculum_pass,3,75,108038924961,108038976524,26,0,GREEN,false,12,0,4,3,ARCHER:7;GOLEM:2;MAGE:1;SPIDER:2,ASSASSIN:8;SCORPION_RIDER:2;SPIDER:1
2298,0,0,true,,,curriculum_pass,utility,3,75,108038924961,108038976524,9,0,BLUE,false,0,9,4,3,ARCHER:7;GOLEM:2;MAGE:1;SPIDER:2,ASSASSIN:8;SCORPION_RIDER:2;SPIDER:1
2299,0,0,true,,,utility,curriculum_pass,3,75,108038932880,108038952765,48,0,,false,11,11,3,3,GARGOYLE:10;GOBLIN:1,ASSASSIN:2;GOBLIN:1;MAGE:8
2300,0,0,true,,,curriculum_pass,utility,3,75,108038932880,108038952765,68,0,,false,4,10,3,3,GARGOYLE:10;GOBLIN:1,ASSASSIN:2;GOBLIN:1;MAGE:8
2301,0,0,true,,,utility,curriculum_pass,3,75,108038940799,108038960850,28,0,GREEN,false,8,0,3,3,ARCHER:9;MAGE:3,GARGOYLE:3;MAGE:7;SPIDER:1
2302,0,0,true,,,curriculum_pass,utility,3,75,108038940799,108038960850,21,0,BLUE,false,0,5,3,3,ARCHER:9;MAGE:3,GARGOYLE:3;MAGE:7;SPIDER:1
2303,0,0,true,,,utility,curriculum_pass,3,75,108038948718,108038937027,38,0,GREEN,false,18,0,2,4,GARGOYLE:5;SPIDER:13,GARGOYLE:3;GOBLIN:2;SCORPION_RIDER:6
2304,0,0,true,,,curriculum_pass,utility,3,75,108038948718,108038937027,58,0,,false,18,11,2,4,GARGOYLE:5;SPIDER:13,GARGOYLE:3;GOBLIN:2;SCORPION_RIDER:6
2305,0,0,true,,,utility,curriculum_pass,3,75,108046836042,108046794727,10,0,GREEN,false,7,0,3,3,ASSASSIN:7;GARGOYLE:3;GOBLIN:1,GOLEM:2;MAGE:7;SPIDER:2
2306,0,0,true,,,curriculum_pass,utility,3,75,108046836042,108046794727,72,0,,false,7,11,3,3,ASSASSIN:7;GARGOYLE:3;GOBLIN:1,GOLEM:2;MAGE:7;SPIDER:2
2307,0,0,true,,,utility,curriculum_pass,3,75,108046843961,108046900884,55,0,,false,9,5,3,3,ASSASSIN:10;GOBLIN:1,GOLEM:3;SCORPION_RIDER:5;SPIDER:1
2308,0,0,true,,,curriculum_pass,utility,3,75,108046843961,108046900884,13,0,BLUE,false,0,8,3,3,ASSASSIN:10;GOBLIN:1,GOLEM:3;SCORPION_RIDER:5;SPIDER:1
2309,0,0,true,,,utility,curriculum_pass,3,75,108046851880,108046893445,22,0,GREEN,false,9,0,3,3,GARGOYLE:4;GOLEM:4;MAGE:1,GARGOYLE:2;MAGE:8;SPIDER:1
2310,0,0,true,,,curriculum_pass,utility,3,75,108046851880,108046893445,39,0,BLUE,false,0,9,3,3,GARGOYLE:4;GOLEM:4;MAGE:1,GARGOYLE:2;MAGE:8;SPIDER:1
2311,0,0,true,,,utility,curriculum_pass,3,75,108046859799,108046901434,12,0,GREEN,false,13,0,3,4,ARCHER:1;SCORPION_RIDER:6;SPIDER:7,GOBLIN:1;GOLEM:7
2312,0,0,true,,,curriculum_pass,utility,3,75,108046859799,108046901434,17,0,BLUE,false,0,6,3,4,ARCHER:1;SCORPION_RIDER:6;SPIDER:7,GOBLIN:1;GOLEM:7
2313,0,0,true,,,utility,curriculum_pass,3,75,108046867718,108046877611,24,0,GREEN,false,11,0,3,3,GARGOYLE:5;GOBLIN:1;MAGE:5,ARCHER:7;GOLEM:3;SPIDER:1
2314,0,0,true,,,curriculum_pass,utility,3,75,108046867718,108046877611,15,0,BLUE,false,0,10,3,3,GARGOYLE:5;GOBLIN:1;MAGE:5,ARCHER:7;GOLEM:3;SPIDER:1
2315,0,0,true,,,utility,curriculum_pass,3,75,108054755042,108054734927,53,0,,false,13,11,3,4,ARCHER:12;SPIDER:1,GARGOYLE:5;GOBLIN:1;MAGE:3;SCORPION_RIDER:2
2316,0,0,true,,,curriculum_pass,utility,3,75,108054755042,108054734927,62,0,,false,4,10,3,4,ARCHER:12;SPIDER:1,GARGOYLE:5;GOBLIN:1;MAGE:3;SCORPION_RIDER:2
2317,0,0,true,,,utility,curriculum_pass,3,75,108054762961,108054711164,6,0,GREEN,false,11,0,4,2,ARCHER:4;MAGE:1;SCORPION_RIDER:5;SPIDER:1,ARCHER:4;MAGE:7
2318,0,0,true,,,curriculum_pass,utility,3,75,108054762961,108054711164,61,0,BLUE,false,0,8,4,2,ARCHER:4;MAGE:1;SCORPION_RIDER:5;SPIDER:1,ARCHER:4;MAGE:7
2319,0,0,true,,,utility,curriculum_pass,3,75,108054770880,108054719085,16,0,GREEN,false,10,0,3,3,ASSASSIN:1;GOLEM:1;MAGE:8,ARCHER:1;GOBLIN:10;SPIDER:13
2320,0,0,true,,,curriculum_pass,utility,3,75,108054770880,108054719085,9,0,BLUE,false,0,24,3,3,ASSASSIN:1;GOLEM:1;MAGE:8,ARCHER:1;GOBLIN:10;SPIDER:13
2321,0,0,true,,,utility,curriculum_pass,3,75,108054778799,108054826242,48,0,,false,10,10,3,2,GARGOYLE:6;GOBLIN:1;GOLEM:3,GARGOYLE:6;SCORPION_RIDER:4
2322,0,0,true,,,curriculum_pass,utility,3,75,108054778799,108054826242,48,0,,false,10,10,3,2,GARGOYLE:6;GOBLIN:1;GOLEM:3,GARGOYLE:6;SCORPION_RIDER:4
2323,0,0,true,,,utility,curriculum_pass,3,75,108054786718,108054834227,16,0,GREEN,false,21,0,3,3,GOBLIN:1;SPIDER:24,ARCHER:4;GOLEM:5
2324,0,0,true,,,curriculum_pass,utility,3,75,108054786718,108054834227,13,0,BLUE,false,0,9,3,3,GOBLIN:1;SPIDER:24,ARCHER:4;GOLEM:5
2325,0,0,true,,,utility,curriculum_pass,3,75,69227898042,69227854359,48,0,,false,10,25,4,3,GARGOYLE:1;GOBLIN:1;SCORPION_RIDER:8,GOBLIN:11;SPIDER:14
2326,0,0,true,,,curriculum_pass,utility,3,75,69227898042,69227854359,48,0,,false,10,25,4,3,GARGOYLE:1;GOBLIN:1;SCORPION_RIDER:8,GOBLIN:11;SPIDER:14
2327,0,0,true,,,utility,curriculum_pass,3,75,69227905961,69227961604,48,0,,false,18,13,3,3,GOBLIN:1;GOLEM:3;SPIDER:14,GARGOYLE:5;GOBLIN:4;MAGE:4
2328,0,0,true,,,curriculum_pass,utility,3,75,69227905961,69227961604,29,0,BLUE,false,0,11,3,3,GOBLIN:1;GOLEM:3;SPIDER:14,GARGOYLE:5;GOBLIN:4;MAGE:4
2329,0,0,true,,,utility,curriculum_pass,3,75,69227913880,69227969589,63,0,,false,10,5,3,4,GOLEM:1;MAGE:8;SCORPION_RIDER:1,ARCHER:4;ASSASSIN:1;SCORPION_RIDER:5;SPIDER:1
2330,0,0,true,,,curriculum_pass,utility,3,75,69227913880,69227969589,9,0,BLUE,false,0,11,3,4,GOLEM:1;MAGE:8;SCORPION_RIDER:1,ARCHER:4;ASSASSIN:1;SCORPION_RIDER:5;SPIDER:1
2331,0,0,true,,,utility,curriculum_pass,3,75,69227921799,69227945770,22,0,GREEN,false,6,0,4,3,ARCHER:7;GOBLIN:8;MAGE:1,ARCHER:8;GOBLIN:1;SCORPION_RIDER:3
2332,0,0,true,,,curriculum_pass,utility,3,75,69227921799,69227945770,9,0,BLUE,false,0,12,4,3,ARCHER:7;GOBLIN:8;MAGE:1,ARCHER:8;GOBLIN:1;SCORPION_RIDER:3
2333,0,0,true,,,utility,curriculum_pass,3,75,69227929718,69227953883,48,0,,false,9,12,3,3,GARGOYLE:4;GOLEM:4;MAGE:1,ARCHER:6;GARGOYLE:5;SPIDER:1
2334,0,0,true,,,curriculum_pass,utility,3,75,69227929718,69227953883,25,0,BLUE,false,0,12,3,3,GARGOYLE:4;GOLEM:4;MAGE:1,ARCHER:6;GARGOYLE:5;SPIDER:1
2335,0,0,true,,,utility,curriculum_pass,3,75,69235817042,69235795199,12,0,GREEN,false,14,0,3,3,ARCHER:9;GOBLIN:7,GOBLIN:9;SCORPION_RIDER:6
2336,0,0,true,,,curriculum_pass,utility,3,75,69235817042,69235795199,11,0,BLUE,false,0,15,3,3,ARCHER:9;GOBLIN:7,GOBLIN:9;SCORPION_RIDER:6
2337,0,0,true,,,utility,curriculum_pass,3,75,69235824961,69235771372,48,0,GREEN,false,15,0,3,3,GARGOYLE:5;GOBLIN:13,GARGOYLE:10;GOBLIN:1
2338,0,0,true,,,curriculum_pass,utility,3,75,69235824961,69235771372,82,0,,false,18,9,3,3,GARGOYLE:5;GOBLIN:13,GARGOYLE:10;GOBLIN:1
2339,0,0,true,,,utility,curriculum_pass,3,75,69235832880,69235779229,26,0,GREEN,false,11,0,3,3,GARGOYLE:2;MAGE:8;SPIDER:1,GARGOYLE:4;GOBLIN:2;GOLEM:4
2340,0,0,true,,,curriculum_pass,utility,3,75,69235832880,69235779229,19,0,BLUE,false,0,10,3,3,GARGOYLE:2;MAGE:8;SPIDER:1,GARGOYLE:4;GOBLIN:2;GOLEM:4
2341,0,0,true,,,utility,curriculum_pass,3,75,69235840799,69235886514,8,0,GREEN,false,11,0,3,2,ARCHER:8;GARGOYLE:3;GOBLIN:2,ARCHER:6;SPIDER:13
2342,0,0,true,,,curriculum_pass,utility,3,75,69235840799,69235886514,13,0,BLUE,false,0,11,3,2,ARCHER:8;GARGOYLE:3;GOBLIN:2,ARCHER:6;SPIDER:13
2343,0,0,true,,,utility,curriculum_pass,3,75,69235848718,69235894435,55,0,,false,15,14,2,3,ASSASSIN:6;GOBLIN:11,GOBLIN:11;GOLEM:3;SPIDER:4
2344,0,0,true,,,curriculum_pass,utility,3,75,69235848718,69235894435,48,0,,false,17,18,2,3,ASSASSIN:6;GOBLIN:11,GOBLIN:11;GOLEM:3;SPIDER:4
2345,0,0,true,,,utility,curriculum_pass,3,75,69243736042,69243720007,14,0,GREEN,false,9,0,2,3,ARCHER:7;SCORPION_RIDER:4,GOBLIN:1;GOLEM:7
2346,0,0,true,,,curriculum_pass,utility,3,75,69243736042,69243720007,48,0,,false,11,8,2,3,ARCHER:7;SCORPION_RIDER:4,GOBLIN:1;GOLEM:7
2347,0,0,true,,,utility,curriculum_pass,3,75,69243743961,69243727988,10,0,GREEN,false,15,0,3,3,GOBLIN:1;MAGE:7;SPIDER:7,ASSASSIN:8;GOLEM:1;SPIDER:3
2348,0,0,true,,,curriculum_pass,utility,3,75,69243743961,69243727988,7,0,BLUE,false,0,12,3,3,GOBLIN:1;MAGE:7;SPIDER:7,ASSASSIN:8;GOLEM:1;SPIDER:3
2349,0,0,true,,,utility,curriculum_pass,3,75,69243751880,69243704165,12,0,GREEN,false,10,0,4,4,ARCHER:1;GARGOYLE:1;MAGE:2;SCORPION_RIDER:6,ASSASSIN:4;GOBLIN:12;MAGE:1;SPIDER:1
2350,0,0,true,,,curriculum_pass,utility,3,75,69243751880,69243704165,43,0,BLUE,false,0,14,4,4,ARCHER:1;GARGOYLE:1;MAGE:2;SCORPION_RIDER:6,ASSASSIN:4;GOBLIN:12;MAGE:1;SPIDER:1
2351,0,0,true,,,utility,curriculum_pass,3,75,69243759799,69243712026,14,0,GREEN,false,12,0,3,3,ARCHER:7;GARGOYLE:4;SPIDER:1,ARCHER:4;GOBLIN:1;SCORPION_RIDER:6
2352,0,0,true,,,curriculum_pass,utility,3,75,69243759799,69243712026,17,0,BLUE,false,0,11,3,3,ARCHER:7;GARGOYLE:4;SPIDER:1,ARCHER:4;GOBLIN:1;SCORPION_RIDER:6
2353,0,0,true,,,utility,curriculum_pass,3,75,69243767718,69243819275,48,0,,false,11,10,3,2,GARGOYLE:2;MAGE:8;SPIDER:1,MAGE:7;SCORPION_RIDER:3
2354,0,0,true,,,curriculum_pass,utility,3,75,69243767718,69243819275,11,0,BLUE,false,0,7,3,2,GARGOYLE:2;MAGE:8;SPIDER:1,MAGE:7;SCORPION_RIDER:3
2355,0,0,true,,,utility,curriculum_pass,3,75,69251655042,69251676975,81,0,,false,17,4,4,3,ARCHER:1;GOBLIN:12;SCORPION_RIDER:4,ARCHER:4;MAGE:1;SPIDER:14
2356,0,0,true,,,curriculum_pass,utility,3,75,69251655042,69251676975,48,0,,false,17,19,4,3,ARCHER:1;GOBLIN:12;SCORPION_RIDER:4,ARCHER:4;MAGE:1;SPIDER:14
2357,0,0,true,,,utility,curriculum_pass,3,75,69251662961,69251652316,16,0,GREEN,false,18,0,3,3,GOLEM:3;SPIDER:15,GOBLIN:2;MAGE:4;SCORPION_RIDER:5
2358,0,0,true,,,curriculum_pass,utility,3,75,69251662961,69251652316,13,0,BLUE,false,0,9,3,3,GOLEM:3;SPIDER:15,GOBLIN:2;MAGE:4;SCORPION_RIDER:5
2359,0,0,true,,,utility,curriculum_pass,3,75,69251670880,69251661261,10,0,GREEN,false,10,0,3,3,ARCHER:5;MAGE:6;SPIDER:1,ASSASSIN:3;GOBLIN:1;MAGE:7
2360,0,0,true,,,curriculum_pass,utility,3,75,69251670880,69251661261,11,0,BLUE,false,0,6,3,3,ARCHER:5;MAGE:6;SPIDER:1,ASSASSIN:3;GOBLIN:1;MAGE:7
2361,0,0,true,,,utility,curriculum_pass,3,75,69251678799,69251636450,51,0,,false,10,19,4,2,ARCHER:4;ASSASSIN:1;GOLEM:4;SPIDER:1,MAGE:4;SPIDER:15
2362,0,0,true,,,curriculum_pass,utility,3,75,69251678799,69251636450,48,0,,false,10,19,4,2,ARCHER:4;ASSASSIN:1;GOLEM:4;SPIDER:1,MAGE:4;SPIDER:15
2363,0,0,true,,,utility,curriculum_pass,3,75,69251686718,69251645331,8,0,GREEN,false,13,0,3,2,GARGOYLE:6;GOBLIN:9;SPIDER:2,ASSASSIN:5;SPIDER:13
2364,0,0,true,,,curriculum_pass,utility,3,75,69251686718,69251645331,68,0,,false,6,10,3,2,GARGOYLE:6;GOBLIN:9;SPIDER:2,ASSASSIN:5;SPIDER:13
2365,0,0,true,,,utility,curriculum_pass,3,75,108822898042,108822887383,48,0,,false,15,17,2,3,MAGE:7;SPIDER:8,ASSASSIN:6;GOBLIN:10;SPIDER:1
2366,0,0,true,,,curriculum_pass,utility,3,75,108822898042,108822887383,9,0,BLUE,false,0,17,2,3,MAGE:7;SPIDER:8,ASSASSIN:6;GOBLIN:10;SPIDER:1
2367,0,0,true,,,utility,curriculum_pass,3,75,108822905961,108822862532,14,0,GREEN,false,17,0,5,2,ARCHER:8;GOBLIN:2;SPIDER:7,GOBLIN:11;SPIDER:14
2368,0,0,true,,,curriculum_pass,utility,3,75,108822905961,108822862532,48,0,,false,17,25,5,2,ARCHER:8;GOBLIN:2;SPIDER:7,GOBLIN:11;SPIDER:14
2369,0,0,true,,,utility,curriculum_pass,3,75,108822913880,108822871541,10,0,GREEN,false,25,0,3,3,GOBLIN:9;SPIDER:16,ASSASSIN:10;SPIDER:1
2370,0,0,true,,,curriculum_pass,utility,3,75,108822913880,108822871541,27,0,BLUE,false,0,2,3,3,GOBLIN:9;SPIDER:16,ASSASSIN:10;SPIDER:1
2371,0,0,true,,,utility,curriculum_pass,3,75,108822921799,108822977770,10,0,GREEN,false,21,0,3,3,GARGOYLE:1;GOBLIN:11;SPIDER:11,GOLEM:4;MAGE:4;SPIDER:2
2372,0,0,true,,,curriculum_pass,utility,3,75,108822921799,108822977770,21,0,BLUE,false,0,10,3,3,GARGOYLE:1;GOBLIN:11;SPIDER:11,GOLEM:4;MAGE:4;SPIDER:2
2373,0,0,true,,,utility,curriculum_pass,3,75,108822929718,108822986651,57,0,,false,12,12,3,3,ARCHER:6;GOBLIN:2;SCORPION_RIDER:4,GOBLIN:22;MAGE:1
2374,0,0,true,,,curriculum_pass,utility,3,75,108822929718,108822986651,13,0,BLUE,false,0,14,3,3,ARCHER:6;GOBLIN:2;SCORPION_RIDER:4,GOBLIN:22;MAGE:1
2375,0,0,true,,,utility,curriculum_pass,3,75,108830817042,108830827967,6,0,GREEN,false,8,0,3,3,ASSASSIN:8;GOBLIN:1;SCORPION_RIDER:2,ARCHER:1;ASSASSIN:7;GOLEM:2
2376,0,0,true,,,curriculum_pass,utility,3,75,108830817042,108830827967,58,0,,false,7,5,3,3,ASSASSIN:8;GOBLIN:1;SCORPION_RIDER:2,ARCHER:1;ASSASSIN:7;GOLEM:2
2377,0,0,true,,,utility,curriculum_pass,3,75,108830824961,108830803116,48,0,,false,12,15,3,3,ARCHER:7;GARGOYLE:4;GOBLIN:1,GOBLIN:1;GOLEM:4;SPIDER:10
2378,0,0,true,,,curriculum_pass,utility,3,75,108830824961,108830803116,48,0,,false,12,15,3,3,ARCHER:7;GARGOYLE:4;GOBLIN:1,GOBLIN:1;GOLEM:4;SPIDER:10
2379,0,0,true,,,utility,curriculum_pass,3,75,108830832880,108830811741,10,0,GREEN,false,15,0,3,3,ARCHER:10;SPIDER:5,ASSASSIN:7;GOLEM:2;SPIDER:2
2380,0,0,true,,,curriculum_pass,utility,3,75,108830832880,108830811741,7,0,BLUE,false,0,10,3,3,ARCHER:10;SPIDER:5,ASSASSIN:7;GOLEM:2;SPIDER:2
2381,0,0,true,,,utility,curriculum_pass,3,75,108830840799,108830787954,6,0,GREEN,false,18,0,3,3,ASSASSIN:5;GOBLIN:13,ARCHER:7;GOBLIN:1;MAGE:4
2382,0,0,true,,,curriculum_pass,utility,3,75,108830840799,108830787954,13,0,BLUE,false,0,12,3,3,ASSASSIN:5;GOBLIN:13,ARCHER:7;GOBLIN:1;MAGE:4
2383,0,0,true,,,utility,curriculum_pass,3,75,108830848718,108830795875,94,0,GREEN,false,11,0,3,3,GARGOYLE:3;MAGE:7;SPIDER:1,ASSASSIN:10;GOBLIN:1
2384,0,0,true,,,curriculum_pass,utility,3,75,108830848718,108830795875,15,0,BLUE,false,0,10,3,3,GARGOYLE:3;MAGE:7;SPIDER:1,ASSASSIN:10;GOBLIN:1
2385,0,0,true,,,utility,curriculum_pass,3,75,108838736042,108838751751,49,0,,false,10,8,2,3,ASSASSIN:7;SCORPION_RIDER:3,GOBLIN:1;GOLEM:4;SCORPION_RIDER:4
2386,0,0,true,,,curriculum_pass,utility,3,75,108838736042,108838751751,60,0,,false,2,6,2,3,ASSASSIN:7;SCORPION_RIDER:3,GOBLIN:1;GOLEM:4;SCORPION_RIDER:4
2387,0,0,true,,,utility,curriculum_pass,3,75,108838743961,108838760756,14,0,GREEN,false,18,0,2,3,GARGOYLE:5;SPIDER:13,GOBLIN:1;MAGE:10
2388,0,0,true,,,curriculum_pass,utility,3,75,108838743961,108838760756,23,0,BLUE,false,0,10,2,3,GARGOYLE:5;SPIDER:13,GOBLIN:1;MAGE:10
2389,0,0,true,,,utility,curriculum_pass,3,75,108838751880,108838735909,10,0,GREEN,false,14,0,3,3,ASSASSIN:7;SPIDER:8,MAGE:4;SPIDER:15
2390,0,0,true,,,curriculum_pass,utility,3,75,108838751880,108838735909,23,0,BLUE,false,0,19,3,3,ASSASSIN:7;SPIDER:8,MAGE:4;SPIDER:15
2391,0,0,true,,,utility,curriculum_pass,3,75,108838759799,108838745050,12,0,GREEN,false,9,0,3,3,MAGE:10;SPIDER:1,GOBLIN:2;SPIDER:23
2392,0,0,true,,,curriculum_pass,utility,3,75,108838759799,108838745050,48,0,,false,11,25,3,3,MAGE:10;SPIDER:1,GOBLIN:2;SPIDER:23
2393,0,0,true,,,utility,curriculum_pass,3,75,108838767718,108838720203,55,0,,false,10,8,3,3,ASSASSIN:3;GOBLIN:2;SCORPION_RIDER:6,ASSASSIN:1;GOLEM:2;SCORPION_RIDER:6
2394,0,0,true,,,curriculum_pass,utility,3,75,108838767718,108838720203,17,0,BLUE,false,0,5,3,3,ASSASSIN:3;GOBLIN:2;SCORPION_RIDER:6,ASSASSIN:1;GOLEM:2;SCORPION_RIDER:6
2395,0,0,true,,,utility,curriculum_pass,3,75,108846655042,108846708975,71,0,,false,10,6,3,3,ARCHER:1;GARGOYLE:3;SCORPION_RIDER:6,ASSASSIN:4;GARGOYLE:6;GOBLIN:1
2396,0,0,true,,,curriculum_pass,utility,3,75,108846655042,108846708975,56,0,,false,9,10,3,3,ARCHER:1;GARGOYLE:3;SCORPION_RIDER:6,ASSASSIN:4;GARGOYLE:6;GOBLIN:1
2397,0,0,true,,,utility,curriculum_pass,3,75,108846662961,108846685084,12,0,GREEN,false,6,0,2,3,GARGOYLE:6;SCORPION_RIDER:4,ARCHER:4;SCORPION_RIDER:6;SPIDER:1
2398,0,0,true,,,curriculum_pass,utility,3,75,108846662961,108846685084,13,0,BLUE,false,0,8,2,3,GARGOYLE:6;SCORPION_RIDER:4,ARCHER:4;SCORPION_RIDER:6;SPIDER:1
2399,0,0,true,,,utility,curriculum_pass,3,75,108846670880,108846693005,8,0,GREEN,false,16,0,2,3,ARCHER:8;SPIDER:9,ASSASSIN:7;SPIDER:8
2400,0,0,true,,,curriculum_pass,utility,3,75,108846670880,108846693005,9,0,BLUE,false,0,13,2,3,ARCHER:8;SPIDER:9,ASSASSIN:7;SPIDER:8
2401,0,0,true,,,utility,curriculum_pass,3,75,108846678799,108846669218,12,0,GREEN,false,8,0,3,3,ARCHER:5;GOBLIN:1;SCORPION_RIDER:5,GOLEM:4;SPIDER:11
2402,0,0,true,,,curriculum_pass,utility,3,75,108846678799,108846669218,27,0,BLUE,false,0,10,3,3,ARCHER:5;GOBLIN:1;SCORPION_RIDER:5,GOLEM:4;SPIDER:11
2403,0,0,true,,,utility,curriculum_pass,3,75,108846686718,108846677843,24,0,GREEN,false,20,0,2,3,ARCHER:5;SPIDER:15,ASSASSIN:1;GARGOYLE:4;SCORPION_RIDER:5
2404,0,0,true,,,curriculum_pass,utility,3,75,108846686718,108846677843,64,0,,false,14,9,2,3,ARCHER:5;SPIDER:15,ASSASSIN:1;GARGOYLE:4;SCORPION_RIDER:5
2405,0,0,true,,,utility,curriculum_pass,3,75,70019798042,70019812023,6,0,GREEN,false,9,0,3,3,ASSASSIN:10;SPIDER:1,GOBLIN:1;SPIDER:24
2406,0,0,true,,,curriculum_pass,utility,3,75,70019798042,70019812023,17,0,BLUE,false,0,25,3,3,ASSASSIN:10;SPIDER:1,GOBLIN:1;SPIDER:24
2407,0,0,true,,,utility,curriculum_pass,3,75,70019805961,70019820964,48,0,,false,11,15,3,2,ARCHER:7;GOLEM:3;SPIDER:1,ASSASSIN:7;SPIDER:8
2408,0,0,true,,,curriculum_pass,utility,3,75,70019805961,70019820964,13,0,BLUE,false,0,12,3,2,ARCHER:7;GOLEM:3;SPIDER:1,ASSASSIN:7;SPIDER:8
2409,0,0,true,,,utility,curriculum_pass,3,75,70019813880,70019796821,48,0,,false,10,23,3,3,ARCHER:1;GARGOYLE:5;SCORPION_RIDER:4,GOBLIN:22;SCORPION_RIDER:1
2410,0,0,true,,,curriculum_pass,utility,3,75,70019813880,70019796821,62,0,,false,4,22,3,3,ARCHER:1;GARGOYLE:5;SCORPION_RIDER:4,GOBLIN:22;SCORPION_RIDER:1
2411,0,0,true,,,utility,curriculum_pass,3,75,70019821799,70019804746,18,0,GREEN,false,3,0,2,3,ARCHER:4;ASSASSIN:7,GARGOYLE:5;SCORPION_RIDER:5
2412,0,0,true,,,curriculum_pass,utility,3,75,70019821799,70019804746,7,0,BLUE,false,0,10,2,3,ARCHER:4;ASSASSIN:7,GARGOYLE:5;SCORPION_RIDER:5
2413,0,0,true,,,utility,curriculum_pass,3,75,70019829718,70019780987,12,0,GREEN,false,19,0,3,3,ARCHER:1;GARGOYLE:3;SPIDER:16,ARCHER:4;SCORPION_RIDER:6;SPIDER:1
2414,0,0,true,,,curriculum_pass,utility,3,75,70019829718,70019780987,11,0,BLUE,false,0,11,3,3,ARCHER:1;GARGOYLE:3;SPIDER:16,ARCHER:4;SCORPION_RIDER:6;SPIDER:1
2415,0,0,true,,,utility,curriculum_pass,3,75,70027717042,70027769631,48,0,,false,11,17,3,3,GARGOYLE:10;SPIDER:1,ASSASSIN:6;GOBLIN:11
2416,0,0,true,,,curriculum_pass,utility,3,75,70027717042,70027769631,66,0,,false,6,13,3,3,GARGOYLE:10;SPIDER:1,ASSASSIN:6;GOBLIN:11
2417,0,0,true,,,utility,curriculum_pass,3,75,70027724961,70027744780,6,0,GREEN,false,10,0,4,3,ASSASSIN:2;GOLEM:1;SCORPION_RIDER:6;SPIDER:1,MAGE:10;SPIDER:1
2418,0,0,true,,,curriculum_pass,utility,3,75,70027724961,70027744780,15,0,BLUE,false,0,11,4,3,ASSASSIN:2;GOLEM:1;SCORPION_RIDER:6;SPIDER:1,MAGE:10;SPIDER:1
2419,0,0,true,,,utility,curriculum_pass,3,75,70027732880,70027753789,63,0,,false,6,3,2,3,ARCHER:7;SCORPION_RIDER:4,ARCHER:7;GOLEM:3;SPIDER:1
2420,0,0,true,,,curriculum_pass,utility,3,75,70027732880,70027753789,56,0,,false,11,10,2,3,ARCHER:7;SCORPION_RIDER:4,ARCHER:7;GOLEM:3;SPIDER:1
2421,0,0,true,,,utility,curriculum_pass,3,75,70027740799,70027729106,55,0,,false,5,5,3,2,ASSASSIN:10;SPIDER:1,GARGOYLE:5;GOLEM:4
2422,0,0,true,,,curriculum_pass,utility,3,75,70027740799,70027729106,13,0,BLUE,false,0,9,3,2,ASSASSIN:10;SPIDER:1,GARGOYLE:5;GOLEM:4
2423,0,0,true,,,utility,curriculum_pass,3,75,70027748718,70027738051,16,0,GREEN,false,5,0,3,3,ARCHER:3;MAGE:8,ARCHER:6;GOBLIN:13
2424,0,0,true,,,curriculum_pass,utility,3,75,70027748718,70027738051,11,0,BLUE,false,0,19,3,3,ARCHER:3;MAGE:8,ARCHER:6;GOBLIN:13
2425,0,0,true,,,utility,curriculum_pass,3,75,70035636042,70035579367,12,0,GREEN,false,15,0,3,3,GOBLIN:1;MAGE:7;SPIDER:7,ASSASSIN:7;MAGE:3;SPIDER:1
2426,0,0,true,,,curriculum_pass,utility,3,75,70035636042,70035579367,11,0,BLUE,false,0,10,3,3,GOBLIN:1;MAGE:7;SPIDER:7,ASSASSIN:7;MAGE:3;SPIDER:1
2427,0,0,true,,,utility,curriculum_pass,3,75,70035643961,70035685524,10,0,GREEN,false,16,0,3,3,ARCHER:7;GOBLIN:11,GOBLIN:10;GOLEM:4;SPIDER:1
2428,0,0,true,,,curriculum_pass,utility,3,75,70035643961,70035685524,11,0,BLUE,false,0,12,3,3,ARCHER:7;GOBLIN:11,GOBLIN:10;GOLEM:4;SPIDER:1
2429,0,0,true,,,utility,curriculum_pass,3,75,70035651880,70035694469,12,0,GREEN,false,13,0,3,3,ARCHER:12;GOBLIN:1,GARGOYLE:5;GOBLIN:1;SPIDER:12
2430,0,0,true,,,curriculum_pass,utility,3,75,70035651880,70035694469,11,0,BLUE,false,0,15,3,3,ARCHER:12;GOBLIN:1,GARGOYLE:5;GOBLIN:1;SPIDER:12
2431,0,0,true,,,utility,curriculum_pass,3,75,70035659799,70035669690,22,0,GREEN,false,9,0,3,4,ARCHER:1;GARGOYLE:4;GOLEM:4,ARCHER:1;ASSASSIN:3;GOBLIN:3;SPIDER:13
2432,0,0,true,,,curriculum_pass,utility,3,75,70035659799,70035669690,31,0,BLUE,false,0,17,3,4,ARCHER:1;GARGOYLE:4;GOLEM:4,ARCHER:1;ASSASSIN:3;GOBLIN:3;SPIDER:13
2433,0,0,true,,,utility,curriculum_pass,3,75,70035667718,70035678635,18,0,GREEN,false,9,0,3,2,GOBLIN:10;SCORPION_RIDER:5;SPIDER:1,ASSASSIN:5;GOLEM:4
2434,0,0,true,,,curriculum_pass,utility,3,75,70035667718,70035678635,56,0,,false,10,5,3,2,GOBLIN:10;SCORPION_RIDER:5;SPIDER:1,ASSASSIN:5;GOLEM:4
2435,0,0,true,,,utility,curriculum_pass,3,75,70043555042,70043503183,18,0,GREEN,false,17,0,4,3,ARCHER:2;GOBLIN:1;MAGE:2;SPIDER:15,ARCHER:7;GOBLIN:4;SPIDER:7
2436,0,0,true,,,curriculum_pass,utility,3,75,70043555042,70043503183,56,0,,false,5,18,4,3,ARCHER:2;GOBLIN:1;MAGE:2;SPIDER:15,ARCHER:7;GOBLIN:4;SPIDER:7
2437,0,0,true,,,utility,curriculum_pass,3,75,70043562961,70043512188,8,0,GREEN,false,19,0,3,2,ASSASSIN:3;GARGOYLE:1;SPIDER:15,ASSASSIN:8;SPIDER:6
2438,0,0,true,,,curriculum_pass,utility,3,75,70043562961,70043512188,9,0,BLUE,false,0,10,3,2,ASSASSIN:3;GARGOYLE:1;SPIDER:15,ASSASSIN:8;SPIDER:6
2439,0,0,true,,,utility,curriculum_pass,3,75,70043570880,70043618413,20,0,GREEN,false,13,0,3,2,GOBLIN:9;GOLEM:4;SCORPION_RIDER:1,ARCHER:4;ASSASSIN:7
2440,0,0,true,,,curriculum_pass,utility,3,75,70043570880,70043618413,54,0,,false,11,9,3,2,GOBLIN:9;GOLEM:4;SCORPION_RIDER:1,ARCHER:4;ASSASSIN:7
2441,0,0,true,,,utility,curriculum_pass,3,75,70043578799,70043627266,6,0,GREEN,false,12,0,3,3,ARCHER:7;GARGOYLE:4;GOBLIN:1,ASSASSIN:7;GOBLIN:1;SPIDER:7
2442,0,0,true,,,curriculum_pass,utility,3,75,70043578799,70043627266,64,0,,false,4,11,3,3,ARCHER:7;GARGOYLE:4;GOBLIN:1,ASSASSIN:7;GOBLIN:1;SPIDER:7
2443,0,0,true,,,utility,curriculum_pass,3,75,70043586718,70043602483,6,0,GREEN,false,15,0,4,3,GOBLIN:12;MAGE:4;SCORPION_RIDER:1;SPIDER:1,GOLEM:1;MAGE:7;SCORPION_RIDER:2
2444,0,0,true,,,curriculum_pass,utility,3,75,70043586718,70043602483,15,0,BLUE,false,0,9,4,3,GOBLIN:12;MAGE:4;SCORPION_RIDER:1;SPIDER:1,GOLEM:1;MAGE:7;SCORPION_RIDER:2
2445,0,0,true,,,utility,curriculum_pass,3,75,109614798042,109614844535,8,0,GREEN,false,13,0,4,3,ARCHER:8;GOBLIN:1;MAGE:3;SPIDER:1,SCORPION_RIDER:3;SPIDER:17
2446,0,0,true,,,curriculum_pass,utility,3,75,109614798042,109614844535,9,0,BLUE,false,0,16,4,3,ARCHER:8;GOBLIN:1;MAGE:3;SPIDER:1,SCORPION_RIDER:3;SPIDER:17
2447,0,0,true,,,utility,curriculum_pass,3,75,109614805961,109614853476,55,0,,false,11,6,3,3,GOBLIN:1;MAGE:8;SCORPION_RIDER:2,ASSASSIN:4;GARGOYLE:6;SPIDER:1
2448,0,0,true,,,curriculum_pass,utility,3,75,109614805961,109614853476,15,0,BLUE,false,0,11,3,3,GOBLIN:1;MAGE:8;SCORPION_RIDER:2,ASSASSIN:4;GARGOYLE:6;SPIDER:1
2449,0,0,true,,,utility,curriculum_pass,3,75,109614813880,109614828565,8,0,GREEN,false,9,0,3,3,SCORPION_RIDER:9;SPIDER:1,ARCHER:1;GOBLIN:23
2450,0,0,true,,,curriculum_pass,utility,3,75,109614813880,109614828565,29,0,BLUE,false,0,8,3,3,SCORPION_RIDER:9;SPIDER:1,ARCHER:1;GOBLIN:23
2451,0,0,true,,,utility,curriculum_pass,3,75,109614821799,109614837514,20,0,GREEN,false,11,0,2,3,ARCHER:3;MAGE:8,ASSASSIN:8;MAGE:2;SPIDER:1
2452,0,0,true,,,curriculum_pass,utility,3,75,109614821799,109614837514,7,0,BLUE,false,0,11,2,3,ARCHER:3;MAGE:8,ASSASSIN:8;MAGE:2;SPIDER:1
2453,0,0,true,,,utility,curriculum_pass,3,75,109614829718,109614812731,48,0,,false,25,11,3,3,GOBLIN:9;SPIDER:16,ASSASSIN:8;MAGE:2;SPIDER:1
2454,0,0,true,,,curriculum_pass,utility,3,75,109614829718,109614812731,19,0,BLUE,false,0,3,3,3,GOBLIN:9;SPIDER:16,ASSASSIN:8;MAGE:2;SPIDER:1
2455,0,0,true,,,utility,curriculum_pass,3,75,109622717042,109622670559,32,0,GREEN,false,11,0,3,2,ARCHER:7;GOLEM:3;SPIDER:1,GARGOYLE:6;GOBLIN:11
2456,0,0,true,,,curriculum_pass,utility,3,75,109622717042,109622670559,48,0,,false,11,17,3,2,ARCHER:7;GOLEM:3;SPIDER:1,GARGOYLE:6;GOBLIN:11
2457,0,0,true,,,utility,curriculum_pass,3,75,109622724961,109622777804,14,0,GREEN,false,18,0,3,2,ARCHER:1;ASSASSIN:3;SPIDER:16,GOBLIN:11;MAGE:6
2458,0,0,true,,,curriculum_pass,utility,3,75,109622724961,109622777804,19,0,BLUE,false,0,17,3,2,ARCHER:1;ASSASSIN:3;SPIDER:16,GOBLIN:11;MAGE:6
2459,0,0,true,,,utility,curriculum_pass,3,75,109622732880,109622785789,57,0,,false,7,4,3,2,ASSASSIN:8;GARGOYLE:2;SPIDER:1,GARGOYLE:5;GOLEM:4
2460,0,0,true,,,curriculum_pass,utility,3,75,109622732880,109622785789,11,0,BLUE,false,0,9,3,2,ASSASSIN:8;GARGOYLE:2;SPIDER:1,GARGOYLE:5;GOLEM:4
2461,0,0,true,,,utility,curriculum_pass,3,75,109622740799,109622761874,22,0,GREEN,false,6,0,3,3,ASSASSIN:5;GOLEM:4,GARGOYLE:6;GOBLIN:1;GOLEM:3
2462,0,0,true,,,curriculum_pass,utility,3,75,109622740799,109622761874,19,0,BLUE,false,0,9,3,3,ASSASSIN:5;GOLEM:4,GARGOYLE:6;GOBLIN:1;GOLEM:3
2463,0,0,true,,,utility,curriculum_pass,3,75,109622748718,109622769795,18,0,GREEN,false,11,0,3,2,GARGOYLE:6;GOBLIN:1;MAGE:4,GOBLIN:11;SCORPION_RIDER:5
2464,0,0,true,,,curriculum_pass,utility,3,75,109622748718,109622769795,17,0,BLUE,false,0,16,3,2,GARGOYLE:6;GOBLIN:1;MAGE:4,GOBLIN:11;SCORPION_RIDER:5
2465,0,0,true,,,utility,curriculum_pass,3,75,109630636042,109630594727,18,0,GREEN,false,9,0,3,3,ASSASSIN:7;GOBLIN:7;SPIDER:1,ASSASSIN:8;GARGOYLE:2;GOBLIN:1
2466,0,0,true,,,curriculum_pass,utility,3,75,109630636042,109630594727,21,0,BLUE,false,0,3,3,3,ASSASSIN:7;GOBLIN:7;SPIDER:1,ASSASSIN:8;GARGOYLE:2;GOBLIN:1
2467,0,0,true,,,utility,curriculum_pass,3,75,109630643961,109630586964,8,0,GREEN,false,9,0,3,2,ARCHER:9;ASSASSIN:3,MAGE:7;SCORPION_RIDER:3
2468,0,0,true,,,curriculum_pass,utility,3,75,109630643961,109630586964,48,0,,false,12,10,3,2,ARCHER:9;ASSASSIN:3,MAGE:7;SCORPION_RIDER:3
2469,0,0,true,,,utility,curriculum_pass,3,75,109630651880,109630595909,16,0,GREEN,false,12,0,3,4,SCORPION_RIDER:3;SPIDER:17,ASSASSIN:4;GARGOYLE:5;MAGE:1;SPIDER:1
2470,0,0,true,,,curriculum_pass,utility,3,75,109630651880,109630595909,54,0,,false,15,8,3,4,SCORPION_RIDER:3;SPIDER:17,ASSASSIN:4;GARGOYLE:5;MAGE:1;SPIDER:1
2471,0,0,true,,,utility,curriculum_pass,3,75,109630659799,109630702202,10,0,GREEN,false,17,0,4,2,GOBLIN:11;SCORPION_RIDER:4;SPIDER:3,GOLEM:3;SPIDER:15
2472,0,0,true,,,curriculum_pass,utility,3,75,109630659799,109630702202,17,0,BLUE,false,0,16,4,2,GOBLIN:11;SCORPION_RIDER:4;SPIDER:3,GOLEM:3;SPIDER:15
2473,0,0,true,,,utility,curriculum_pass,3,75,109630667718,109630711147,48,0,,false,18,11,3,3,SCORPION_RIDER:4;SPIDER:14,GOLEM:2;MAGE:7;SPIDER:2
2474,0,0,true,,,curriculum_pass,utility,3,75,109630667718,109630711147,21,0,BLUE,false,0,11,3,3,SCORPION_RIDER:4;SPIDER:14,GOLEM:2;MAGE:7;SPIDER:2
2475,0,0,true,,,utility,curriculum_pass,3,75,109638555042,109638535951,8,0,GREEN,false,10,0,2,2,MAGE:5;SCORPION_RIDER:5,GOBLIN:6;MAGE:8
2476,0,0,true,,,curriculum_pass,utility,3,75,109638555042,109638535951,9,0,BLUE,false,0,14,2,2,MAGE:5;SCORPION_RIDER:5,GOBLIN:6;MAGE:8
2477,0,0,true,,,utility,curriculum_pass,3,75,109638562961,109638543932,18,0,GREEN,false,16,0,3,3,GARGOYLE:6;GOBLIN:11,GOBLIN:13;MAGE:5
2478,0,0,true,,,curriculum_pass,utility,3,75,109638562961,109638543932,48,0,,false,17,18,3,3,GARGOYLE:6;GOBLIN:11,GOBLIN:13;MAGE:5
2479,0,0,true,,,utility,curriculum_pass,3,75,109638570880,109638520109,10,0,GREEN,false,9,0,3,2,ARCHER:7;GOBLIN:1;MAGE:4,ARCHER:3;MAGE:8
2480,0,0,true,,,curriculum_pass,utility,3,75,109638570880,109638520109,64,0,,false,6,6,3,2,ARCHER:7;GOBLIN:1;MAGE:4,ARCHER:3;MAGE:8
2481,0,0,true,,,utility,curriculum_pass,3,75,109638578799,109638528194,16,0,GREEN,false,7,0,3,3,ARCHER:3;GOLEM:4;SCORPION_RIDER:2,GOBLIN:1;GOLEM:3;SCORPION_RIDER:5
2482,0,0,true,,,curriculum_pass,utility,3,75,109638578799,109638528194,17,0,BLUE,false,0,6,3,3,ARCHER:3;GOLEM:4;SCORPION_RIDER:2,GOBLIN:1;GOLEM:3;SCORPION_RIDER:5
2483,0,0,true,,,utility,curriculum_pass,3,75,109638586718,109638635507,18,0,GREEN,false,5,0,2,3,ARCHER:3;ASSASSIN:8,ASSASSIN:1;GARGOYLE:4;SCORPION_RIDER:5
2484,0,0,true,,,curriculum_pass,utility,3,75,109638586718,109638635507,9,0,BLUE,false,0,9,2,3,ARCHER:3;ASSASSIN:8,ASSASSIN:1;GARGOYLE:4;SCORPION_RIDER:5
2485,0,0,true,,,utility,curriculum_pass,3,75,70811698042,70811655639,8,0,GREEN,false,20,0,3,3,SCORPION_RIDER:3;SPIDER:17,ASSASSIN:2;MAGE:8;SPIDER:1
2486,0,0,true,,,curriculum_pass,utility,3,75,70811698042,70811655639,15,0,BLUE,false,0,11,3,3,SCORPION_RIDER:3;SPIDER:17,ASSASSIN:2;MAGE:8;SPIDER:1
2487,0,0,true,,,utility,curriculum_pass,3,75,70811705961,70811663556,18,0,GREEN,false,13,0,2,3,GARGOYLE:6;GOBLIN:11,GOBLIN:11;GOLEM:4
2488,0,0,true,,,curriculum_pass,utility,3,75,70811705961,70811663556,48,0,,false,17,15,2,3,GARGOYLE:6;GOBLIN:11,GOBLIN:11;GOLEM:4
2489,0,0,true,,,utility,curriculum_pass,3,75,70811713880,70811770869,30,0,GREEN,false,9,0,3,3,GOLEM:3;SCORPION_RIDER:5;SPIDER:1,ASSASSIN:5;GOBLIN:10;SCORPION_RIDER:1
2490,0,0,true,,,curriculum_pass,utility,3,75,70811713880,70811770869,58,0,,false,5,14,3,3,GOLEM:3;SCORPION_RIDER:5;SPIDER:1,ASSASSIN:5;GOBLIN:10;SCORPION_RIDER:1
2491,0,0,true,,,utility,curriculum_pass,3,75,70811721799,70811778794,14,0,GREEN,false,11,0,3,2,ARCHER:7;GOBLIN:1;MAGE:4,GARGOYLE:5;SCORPION_RIDER:5
2492,0,0,true,,,curriculum_pass,utility,3,75,70811721799,70811778794,7,0,BLUE,false,0,10,3,2,ARCHER:7;GOBLIN:1;MAGE:4,GARGOYLE:5;SCORPION_RIDER:5
2493,0,0,true,,,utility,curriculum_pass,3,75,70811729718,70811771291,55,0,,false,5,12,3,2,ASSASSIN:8;GOBLIN:1;SCORPION_RIDER:2,GOBLIN:11;GOLEM:4
2494,0,0,true,,,curriculum_pass,utility,3,75,70811729718,70811771291,13,0,BLUE,false,0,15,3,2,ASSASSIN:8;GOBLIN:1;SCORPION_RIDER:2,GOBLIN:11;GOLEM:4
2495,0,0,true,,,utility,curriculum_pass,3,75,70819617042,70819596223,42,0,GREEN,false,7,0,3,3,GOLEM:3;SCORPION_RIDER:5;SPIDER:1,ASSASSIN:7;GARGOYLE:3;GOBLIN:1
2496,0,0,true,,,curriculum_pass,utility,3,75,70819617042,70819596223,56,0,,false,5,9,3,3,GOLEM:3;SCORPION_RIDER:5;SPIDER:1,ASSASSIN:7;GARGOYLE:3;GOBLIN:1
2497,0,0,true,,,utility,curriculum_pass,3,75,70819624961,70819604140,46,0,GREEN,false,9,0,2,2,GARGOYLE:5;GOLEM:4,GOLEM:4;MAGE:5
2498,0,0,true,,,curriculum_pass,utility,3,75,70819624961,70819604140,48,0,,false,9,9,2,2,GARGOYLE:5;GOLEM:4,GOLEM:4;MAGE:5
2499,0,0,true,,,utility,curriculum_pass,3,75,70819632880,70819579997,48,0,,false,18,12,3,3,GARGOYLE:5;SPIDER:13,ARCHER:7;GARGOYLE:4;SPIDER:1
2500,0,0,true,,,curriculum_pass,utility,3,75,70819632880,70819579997,21,0,BLUE,false,0,12,3,3,GARGOYLE:5;SPIDER:13,ARCHER:7;GARGOYLE:4;SPIDER:1
2501,0,0,true,,,utility,curriculum_pass,3,75,70819640799,70819588978,48,0,,false,11,12,3,3,MAGE:10;SPIDER:1,ARCHER:7;MAGE:4;SPIDER:1
2502,0,0,true,,,curriculum_pass,utility,3,75,70819640799,70819588978,56,0,,false,10,12,3,3,MAGE:10;SPIDER:1,ARCHER:7;MAGE:4;SPIDER:1
2503,0,0,true,,,utility,curriculum_pass,3,75,70819648718,70819695203,14,0,GREEN,false,10,0,3,3,ARCHER:5;GOLEM:4;SPIDER:1,ASSASSIN:8;SCORPION_RIDER:2;SPIDER:1
2504,0,0,true,,,curriculum_pass,utility,3,75,70819648718,70819695203,64,0,,false,3,7,3,3,ARCHER:5;GOLEM:4;SPIDER:1,ASSASSIN:8;SCORPION_RIDER:2;SPIDER:1
2505,0,0,true,,,utility,curriculum_pass,3,75,70827536042,70827552775,14,0,GREEN,false,7,0,2,3,MAGE:5;SCORPION_RIDER:5,GARGOYLE:1;GOBLIN:12;GOLEM:3
2506,0,0,true,,,curriculum_pass,utility,3,75,70827536042,70827552775,29,0,BLUE,false,0,4,2,3,MAGE:5;SCORPION_RIDER:5,GARGOYLE:1;GOBLIN:12;GOLEM:3
2507,0,0,true,,,utility,curriculum_pass,3,75,70827543961,70827529012,53,0,,false,18,2,4,3,ASSASSIN:5;GOBLIN:13,ASSASSIN:10;SPIDER:1
2508,0,0,true,,,curriculum_pass,utility,3,75,70827543961,70827529012,45,0,BLUE,false,0,2,4,3,ASSASSIN:5;GOBLIN:13,ASSASSIN:10;SPIDER:1
2509,0,0,true,,,utility,curriculum_pass,3,75,70827551880,70827536933,8,0,GREEN,false,18,0,4,3,ARCHER:1;GARGOYLE:1;GOBLIN:20,ASSASSIN:4;GARGOYLE:6;GOBLIN:1
2510,0,0,true,,,curriculum_pass,utility,3,75,70827551880,70827536933,23,0,BLUE,false,0,10,4,3,ARCHER:1;GARGOYLE:1;GOBLIN:20,ASSASSIN:4;GARGOYLE:6;GOBLIN:1
2511,0,0,true,,,utility,curriculum_pass,3,75,70827559799,70827513306,61,0,,false,11,5,3,3,ARCHER:2;ASSASSIN:4;GARGOYLE:5,GARGOYLE:5;GOBLIN:1;MAGE:5
2512,0,0,true,,,curriculum_pass,utility,3,75,70827559799,70827513306,49,0,BLUE,false,0,9,3,3,ARCHER:2;ASSASSIN:4;GARGOYLE:5,GARGOYLE:5;GOBLIN:1;MAGE:5
2513,0,0,true,,,utility,curriculum_pass,3,75,70827567718,70827521227,10,0,GREEN,false,13,0,3,3,GOBLIN:8;MAGE:7,ARCHER:5;GOBLIN:1;SPIDER:14
2514,0,0,true,,,curriculum_pass,utility,3,75,70827567718,70827521227,11,0,BLUE,false,0,19,3,3,GOBLIN:8;MAGE:7,ARCHER:5;GOBLIN:1;SPIDER:14
2515,0,0,true,,,utility,curriculum_pass,3,75,70835455042,70835477231,12,0,GREEN,false,8,0,2,3,GARGOYLE:5;SCORPION_RIDER:5,ASSASSIN:4;GOBLIN:2;SCORPION_RIDER:5
2516,0,0,true,,,curriculum_pass,utility,3,75,70835455042,70835477231,58,0,,false,5,9,2,3,GARGOYLE:5;SCORPION_RIDER:5,ASSASSIN:4;GOBLIN:2;SCORPION_RIDER:5
2517,0,0,true,,,utility,curriculum_pass,3,75,70835462961,70835486108,65,0,,false,12,4,3,3,ARCHER:8;SCORPION_RIDER:3;SPIDER:1,ARCHER:1;GARGOYLE:4;GOLEM:4
2518,0,0,true,,,curriculum_pass,utility,3,75,70835462961,70835486108,48,0,,false,12,9,3,3,ARCHER:8;SCORPION_RIDER:3;SPIDER:1,ARCHER:1;GARGOYLE:4;GOLEM:4
2519,0,0,true,,,utility,curriculum_pass,3,75,70835470880,70835461261,12,0,GREEN,false,9,0,2,3,MAGE:7;SCORPION_RIDER:3,GARGOYLE:1;GOLEM:4;MAGE:4
2520,0,0,true,,,curriculum_pass,utility,3,75,70835470880,70835461261,9,0,BLUE,false,0,7,2,3,MAGE:7;SCORPION_RIDER:3,GARGOYLE:1;GOLEM:4;MAGE:4
2521,0,0,true,,,utility,curriculum_pass,3,75,70835478799,70835470242,10,0,GREEN,false,9,0,3,3,GOBLIN:1;GOLEM:3;SCORPION_RIDER:5,ARCHER:9;GOBLIN:7
2522,0,0,true,,,curriculum_pass,utility,3,75,70835478799,70835470242,17,0,BLUE,false,0,13,3,3,GOBLIN:1;GOLEM:3;SCORPION_RIDER:5,ARCHER:9;GOBLIN:7
2523,0,0,true,,,utility,curriculum_pass,3,75,70835486718,70835462483,14,0,GREEN,false,9,0,3,3,ASSASSIN:9;SPIDER:4,ASSASSIN:4;GARGOYLE:4;GOBLIN:6
2524,0,0,true,,,curriculum_pass,utility,3,75,70835486718,70835462483,52,0,,false,8,13,3,3,ASSASSIN:9;SPIDER:4,ASSASSIN:4;GARGOYLE:4;GOBLIN:6
2525,0,0,true,,,utility,curriculum_pass,3,75,110406698042,110406687383,14,0,GREEN,false,9,0,3,3,ARCHER:7;GOBLIN:11,ASSASSIN:8;GOBLIN:6
2526,0,0,true,,,curriculum_pass,utility,3,75,110406698042,110406687383,60,0,,false,9,9,3,3,ARCHER:7;GOBLIN:11,ASSASSIN:8;GOBLIN:6
2527,0,0,true,,,utility,curriculum_pass,3,75,110406705961,110406696324,61,0,,false,11,6,2,2,ARCHER:4;MAGE:7,ARCHER:6;SPIDER:13
2528,0,0,true,,,curriculum_pass,utility,3,75,110406705961,110406696324,11,0,BLUE,false,0,17,2,2,ARCHER:4;MAGE:7,ARCHER:6;SPIDER:13
2529,0,0,true,,,utility,curriculum_pass,3,75,110406713880,110406671541,48,0,,false,25,18,2,2,GOBLIN:9;SPIDER:16,ASSASSIN:5;SPIDER:13
2530,0,0,true,,,curriculum_pass,utility,3,75,110406713880,110406671541,54,0,,false,20,17,2,2,GOBLIN:9;SPIDER:16,ASSASSIN:5;SPIDER:13
2531,0,0,true,,,utility,curriculum_pass,3,75,110406721799,110406680490,48,0,,false,15,13,3,3,GOBLIN:10;GOLEM:4;SPIDER:1,ARCHER:12;GOBLIN:1
2532,0,0,true,,,curriculum_pass,utility,3,75,110406721799,110406680490,48,0,,false,15,13,3,3,GOBLIN:10;GOLEM:4;SPIDER:1,ARCHER:12;GOBLIN:1
2533,0,0,true,,,utility,curriculum_pass,3,75,110406729718,110406672731,20,0,GREEN,false,5,0,3,3,ASSASSIN:7;GOBLIN:1;MAGE:3,ASSASSIN:1;GOLEM:2;SCORPION_RIDER:6
2534,0,0,true,,,curriculum_pass,utility,3,75,110406729718,110406672731,9,0,BLUE,false,0,8,3,3,ASSASSIN:7;GOBLIN:1;MAGE:3,ASSASSIN:1;GOLEM:2;SCORPION_RIDER:6
2535,0,0,true,,,utility,curriculum_pass,3,75,110414617042,110414628735,14,0,GREEN,false,18,0,3,3,SCORPION_RIDER:3;SPIDER:17,GOBLIN:8;MAGE:7
2536,0,0,true,,,curriculum_pass,utility,3,75,110414617042,110414628735,11,0,BLUE,false,0,12,3,3,SCORPION_RIDER:3;SPIDER:17,GOBLIN:8;MAGE:7
2537,0,0,true,,,utility,curriculum_pass,3,75,110414624961,110414636652,12,0,GREEN,false,15,0,3,2,ARCHER:6;GOBLIN:13,ASSASSIN:5;SCORPION_RIDER:5
2538,0,0,true,,,curriculum_pass,utility,3,75,110414624961,110414636652,17,0,BLUE,false,0,8,3,2,ARCHER:6;GOBLIN:13,ASSASSIN:5;SCORPION_RIDER:5
2539,0,0,true,,,utility,curriculum_pass,3,75,110414632880,110414612765,48,0,,false,9,14,2,2,GARGOYLE:5;GOLEM:4,ASSASSIN:8;SPIDER:6
2540,0,0,true,,,curriculum_pass,utility,3,75,110414632880,110414612765,60,0,,false,4,12,2,2,GARGOYLE:5;GOLEM:4,ASSASSIN:8;SPIDER:6
2541,0,0,true,,,utility,curriculum_pass,3,75,110414640799,110414620722,16,0,GREEN,false,11,0,3,3,MAGE:10;SPIDER:1,ARCHER:1;SPIDER:23
2542,0,0,true,,,curriculum_pass,utility,3,75,110414640799,110414620722,56,0,,false,10,24,3,3,MAGE:10;SPIDER:1,ARCHER:1;SPIDER:23
2543,0,0,true,,,utility,curriculum_pass,3,75,110414648718,110414596899,48,0,,false,8,15,3,2,GOBLIN:1;GOLEM:7,ASSASSIN:7;GOBLIN:8
2544,0,0,true,,,curriculum_pass,utility,3,75,110414648718,110414596899,68,0,,false,4,9,3,2,GOBLIN:1;GOLEM:7,ASSASSIN:7;GOBLIN:8
2545,0,0,true,,,utility,curriculum_pass,3,75,110422536042,110422585799,6,0,GREEN,false,16,0,3,2,ASSASSIN:6;GOBLIN:10;SPIDER:1,ARCHER:3;MAGE:8
2546,0,0,true,,,curriculum_pass,utility,3,75,110422536042,110422585799,56,0,,false,7,11,3,2,ASSASSIN:6;GOBLIN:10;SPIDER:1,ARCHER:3;MAGE:8
2547,0,0,true,,,utility,curriculum_pass,3,75,110422543961,110422561012,26,0,GREEN,false,11,0,3,3,GARGOYLE:6;MAGE:4;SPIDER:1,GOBLIN:12;SPIDER:13
2548,0,0,true,,,curriculum_pass,utility,3,75,110422543961,110422561012,48,0,,false,11,25,3,3,GARGOYLE:6;MAGE:4;SPIDER:1,GOBLIN:12;SPIDER:13
2549,0,0,true,,,utility,curriculum_pass,3,75,110422551880,110422569957,20,0,GREEN,false,7,0,2,3,GARGOYLE:5;GOLEM:4,GARGOYLE:4;GOBLIN:1;SPIDER:14
2550,0,0,true,,,curriculum_pass,utility,3,75,110422551880,110422569957,112,0,,false,5,17,2,3,GARGOYLE:5;GOLEM:4,GARGOYLE:4;GOBLIN:1;SPIDER:14
2551,0,0,true,,,utility,curriculum_pass,3,75,110422559799,110422545050,63,0,,false,9,4,3,3,ASSASSIN:8;GOBLIN:6,ARCHER:1;GARGOYLE:5;SCORPION_RIDER:4
2552,0,0,true,,,curriculum_pass,utility,3,75,110422559799,110422545050,11,0,BLUE,false,0,9,3,3,ASSASSIN:8;GOBLIN:6,ARCHER:1;GARGOYLE:5;SCORPION_RIDER:4
2553,0,0,true,,,utility,curriculum_pass,3,75,110422567718,110422553995,12,0,GREEN,false,14,0,3,2,GOBLIN:11;GOLEM:4,ARCHER:7;SCORPION_RIDER:4
2554,0,0,true,,,curriculum_pass,utility,3,75,110422567718,110422553995,13,0,BLUE,false,0,8,3,2,GOBLIN:11;GOLEM:4,ARCHER:7;SCORPION_RIDER:4
2555,0,0,true,,,utility,curriculum_pass,3,75,110430455042,110430509999,12,0,GREEN,false,4,0,3,3,GOBLIN:1;SCORPION_RIDER:9,ARCHER:1;GARGOYLE:3;SCORPION_RIDER:6
2556,0,0,true,,,curriculum_pass,utility,3,75,110430455042,110430509999,19,0,BLUE,false,0,10,3,3,GOBLIN:1;SCORPION_RIDER:9,ARCHER:1;GARGOYLE:3;SCORPION_RIDER:6
2557,0,0,true,,,utility,curriculum_pass,3,75,110430462961,110430518620,18,0,GREEN,false,8,0,2,3,GOLEM:4;MAGE:5,GOBLIN:1;GOLEM:7
2558,0,0,true,,,curriculum_pass,utility,3,75,110430462961,110430518620,60,0,,false,8,6,2,3,GOLEM:4;MAGE:5,GOBLIN:1;GOLEM:7
2559,0,0,true,,,utility,curriculum_pass,3,75,110430470880,110430493773,34,0,GREEN,false,11,0,3,3,GARGOYLE:4;SCORPION_RIDER:5;SPIDER:2,ASSASSIN:5;GOBLIN:12;SPIDER:1
2560,0,0,true,,,curriculum_pass,utility,3,75,110430470880,110430493773,58,0,,false,9,15,3,3,GARGOYLE:4;SCORPION_RIDER:5;SPIDER:2,ASSASSIN:5;GOBLIN:12;SPIDER:1
2561,0,0,true,,,utility,curriculum_pass,3,75,110430478799,110430502754,48,0,,false,12,18,4,3,ARCHER:6;ASSASSIN:1;GARGOYLE:4;SPIDER:1,GARGOYLE:5;GOBLIN:13
2562,0,0,true,,,curriculum_pass,utility,3,75,110430478799,110430502754,56,0,,false,11,18,4,3,ARCHER:6;ASSASSIN:1;GARGOYLE:4;SPIDER:1,GARGOYLE:5;GOBLIN:13
2563,0,0,true,,,utility,curriculum_pass,3,75,110430486718,110430477843,53,0,,false,12,10,4,2,ARCHER:1;GARGOYLE:9;GOBLIN:2,GARGOYLE:6;SCORPION_RIDER:4
2564,0,0,true,,,curriculum_pass,utility,3,75,110430486718,110430477843,19,0,BLUE,false,0,9,4,2,ARCHER:1;GARGOYLE:9;GOBLIN:2,GARGOYLE:6;SCORPION_RIDER:4
2565,0,0,true,,,utility,curriculum_pass,3,75,31058318042,31058332791,14,0,GREEN,false,21,0,3,3,ARCHER:4;SPIDER:17,GOBLIN:21;GOLEM:1
2566,0,0,true,,,curriculum_pass,utility,3,75,31058318042,31058332791,48,0,,false,21,22,3,3,ARCHER:4;SPIDER:17,GOBLIN:21;GOLEM:1
2567,0,0,true,,,utility,curriculum_pass,3,75,31058325961,31058341732,57,0,,false,10,12,3,3,ASSASSIN:7;GOBLIN:7;SPIDER:1,GARGOYLE:5;GOBLIN:13
2568,0,0,true,,,curriculum_pass,utility,3,75,31058325961,31058341732,25,0,BLUE,false,0,18,3,3,ASSASSIN:7;GOBLIN:7;SPIDER:1,GARGOYLE:5;GOBLIN:13
2569,0,0,true,,,utility,utility,3,75,31192941042,31192932191,9,0,BLUE,false,0,8,3,2,ASSASSIN:1;GOLEM:1;MAGE:8,MAGE:5;SCORPION_RIDER:5
2570,0,0,true,,,utility,utility,3,75,31192941042,31192932191,9,0,BLUE,false,0,8,3,2,ASSASSIN:1;GOLEM:1;MAGE:8,MAGE:5;SCORPION_RIDER:5
2571,0,0,true,,,utility,utility,3,75,31192948961,31192940108,6,0,GREEN,false,18,0,3,2,ARCHER:3;GOBLIN:6;SPIDER:13,ARCHER:4;MAGE:7
2572,0,0,true,,,utility,utility,3,75,31192948961,31192940108,6,0,GREEN,false,18,0,3,2,ARCHER:3;GOBLIN:6;SPIDER:13,ARCHER:4;MAGE:7
2573,0,0,true,,,utility,utility,3,75,31327564042,31327547303,9,0,BLUE,false,0,6,3,3,GOBLIN:1;MAGE:4;SPIDER:14,ASSASSIN:7;GOLEM:2;SPIDER:2
2574,0,0,true,,,utility,utility,3,75,31327564042,31327547303,10,0,GREEN,false,6,0,3,3,GOBLIN:1;MAGE:4;SPIDER:14,ASSASSIN:7;GOLEM:2;SPIDER:2
2575,0,0,true,,,utility,utility,3,75,31327571961,31327523156,10,0,GREEN,false,10,0,3,3,GOBLIN:8;MAGE:7,MAGE:5;SPIDER:13
2576,0,0,true,,,utility,utility,3,75,31327571961,31327523156,10,0,GREEN,false,14,0,3,3,GOBLIN:8;MAGE:7,MAGE:5;SPIDER:13
2577,0,0,true,,,utility,utility,3,75,31462187042,31462145679,5,0,BLUE,false,0,15,3,3,GOBLIN:1;MAGE:8;SCORPION_RIDER:2,GOBLIN:1;SCORPION_RIDER:4;SPIDER:13
2578,0,0,true,,,utility,utility,3,75,31462187042,31462145679,5,0,BLUE,false,0,15,3,3,GOBLIN:1;MAGE:8;SCORPION_RIDER:2,GOBLIN:1;SCORPION_RIDER:4;SPIDER:13
2579,0,0,true,,,utility,utility,3,75,31462194961,31462138300,11,0,BLUE,false,0,15,3,3,MAGE:8;SCORPION_RIDER:2;SPIDER:1,GARGOYLE:1;GOBLIN:12;SPIDER:10
2580,0,0,true,,,utility,utility,3,75,31462194961,31462138300,11,0,BLUE,false,0,15,3,3,MAGE:8;SCORPION_RIDER:2;SPIDER:1,GARGOYLE:1;GOBLIN:12;SPIDER:10
