game_id,legion_id,team,unit_type,start_x,start_y,start_units,end_units,damage_dealt,damage_received,team_won
1,GREEN_1,GREEN,MAGE,3,-3,3,3,60.00,0.00,true
1,GREEN_2,GREEN,GOBLIN,4,-3,6,0,50.00,70.00,true
1,GREEN_3,GREEN,MAGE,-1,-3,6,6,176.00,0.00,true
1,GREEN_4,GREEN,GOLEM,4,-4,4,4,32.00,32.00,true
1,GREEN_5,GREEN,SPIDER,0,-3,1,0,2.00,4.00,true
1,BLUE_6,BLUE,SCORPION_RIDER,-1,3,5,0,4.00,136.00,false
1,BLUE_7,BLUE,SPIDER,0,3,1,0,2.00,4.00,false
1,BLUE_8,BLUE,ASSASSIN,-4,3,8,0,32.00,64.00,false
1,BLUE_9,BLUE,GOBLIN,-4,4,6,0,60.00,98.00,false
1,BLUE_10,BLUE,SCORPION_RIDER,1,3,1,0,8.00,18.00,false
2,GREEN_1,GREEN,SCORPION_RIDER,3,-4,2,0,52.00,60.00,false
2,GREEN_2,GREEN,ASSASSIN,4,-3,4,0,0.00,32.00,false
2,GREEN_3,GREEN,GOLEM,0,-4,3,0,28.00,144.00,false
2,GREEN_4,GREEN,SCORPION_RIDER,1,-3,6,0,132.00,124.00,false
2,GREEN_5,GREEN,GOBLIN,-1,-3,1,0,0.00,8.00,false
2,BLUE_6,BLUE,SPIDER,-3,4,12,0,58.00,48.00,true
2,BLUE_7,BLUE,ASSASSIN,0,3,4,0,24.00,32.00,true
2,BLUE_8,BLUE,SCORPION_RIDER,-4,4,3,0,130.00,120.00,true
2,BLUE_9,BLUE,MAGE,-2,4,4,4,154.00,0.00,true
2,BLUE_10,BLUE,SPIDER,-2,3,3,0,2.00,12.00,true
3,GREEN_1,GREEN,SPIDER,2,-3,12,0,16.00,48.00,false
3,GREEN_2,GREEN,SPIDER,4,-4,15,0,76.00,63.00,false
3,GREEN_3,GREEN,SCORPION_RIDER,-1,-3,5,0,142.00,98.00,false
3,GREEN_4,GREEN,SPIDER,0,-3,1,0,0.00,4.00,false
3,BLUE_5,BLUE,GOBLIN,-3,3,3,0,8.00,24.00,true
3,BLUE_6,BLUE,ARCHER,-1,4,4,4,98.00,0.00,true
3,BLUE_7,BLUE,GARGOYLE,-2,3,4,3,29.00,28.00,true
3,BLUE_8,BLUE,GOLEM,-3,4,4,0,54.00,124.00,true
3,BLUE_9,BLUE,SCORPION_RIDER,-1,3,1,0,8.00,18.00,true
3,BLUE_10,BLUE,GARGOYLE,0,4,2,0,6.00,32.00,true
3,BLUE_11,BLUE,ARCHER,-4,4,1,0,10.00,8.00,true
4,GREEN_1,GREEN,GOBLIN,0,-3,2,0,8.00,16.00,true
4,GREEN_2,GREEN,GARGOYLE,0,-4,3,2,34.00,36.00,true
4,GREEN_3,GREEN,GOLEM,4,-3,1,1,10.00,32.00,true
4,GREEN_4,GREEN,GOBLIN,2,-3,10,8,188.00,101.00,true
4,GREEN_5,GREEN,MAGE,-1,-3,6,0,92.00,48.00,true
4,GREEN_6,GREEN,GOLEM,1,-4,1,1,5.00,10.00,true
4,GREEN_7,GREEN,SPIDER,4,-4,1,0,0.00,4.00,true
4,GREEN_8,GREEN,SPIDER,1,-3,1,0,2.00,4.00,true
4,BLUE_9,BLUE,GOBLIN,1,3,10,0,40.00,136.00,false
4,BLUE_10,BLUE,SPIDER,-1,3,6,0,18.00,24.00,false
4,BLUE_11,BLUE,GARGOYLE,-2,3,3,0,53.00,48.00,false
4,BLUE_12,BLUE,SPIDER,0,4,1,0,2.00,4.00,false
4,BLUE_13,BLUE,SCORPION_RIDER,-3,4,1,0,8.00,18.00,false
4,BLUE_14,BLUE,SPIDER,-1,4,4,0,4.00,16.00,false
4,BLUE_15,BLUE,GOBLIN,-4,4,6,0,126.00,77.00,false
4,BLUE_16,BLUE,ASSASSIN,-3,3,2,0,0.00,16.00,false
5,GREEN_1,GREEN,ASSASSIN,0,-4,2,0,0.00,16.00,false
5,GREEN_2,GREEN,SPIDER,3,-4,6,0,0.00,24.00,false
5,GREEN_3,GREEN,SCORPION_RIDER,4,-4,4,0,8.00,80.00,false
5,GREEN_4,GREEN,ASSASSIN,2,-4,8,0,0.00,64.00,false
5,GREEN_5,GREEN,GOBLIN,-1,-3,1,0,4.00,8.00,false
5,BLUE_6,BLUE,ASSASSIN,-2,4,3,3,8.00,4.00,true
5,BLUE_7,BLUE,ARCHER,-4,3,10,10,88.00,0.00,true
5,BLUE_8,BLUE,ARCHER,-4,4,9,9,96.00,0.00,true
5,BLUE_9,BLUE,ASSASSIN,0,3,1,0,0.00,8.00,true
6,GREEN_1,GREEN,GOBLIN,4,-4,10,0,66.00,110.00,false
6,GREEN_2,GREEN,GOLEM,3,-3,2,0,74.00,163.00,false
6,GREEN_3,GREEN,SCORPION_RIDER,3,-4,6,0,110.00,164.00,false
6,GREEN_4,GREEN,GOLEM,-1,-3,1,0,21.00,40.00,false
6,GREEN_5,GREEN,MAGE,0,-4,2,0,16.00,16.00,false
6,GREEN_6,GREEN,SPIDER,2,-4,1,0,2.00,4.00,false
6,BLUE_7,BLUE,MAGE,0,3,8,3,312.00,92.00,true
6,BLUE_8,BLUE,GOLEM,-3,4,4,3,166.00,165.00,true
6,BLUE_9,BLUE,ASSASSIN,-1,3,2,0,14.00,16.00,true
6,BLUE_10,BLUE,MAGE,-3,3,2,0,5.00,16.00,true
7,GREEN_1,GREEN,GOBLIN,3,-3,12,10,119.00,60.00,true
7,GREEN_2,GREEN,GOLEM,4,-4,3,3,11.00,8.00,true
7,GREEN_3,GREEN,SPIDER,-1,-3,14,0,96.00,56.00,true
7,GREEN_4,GREEN,ASSASSIN,2,-3,2,0,0.00,16.00,true
7,GREEN_5,GREEN,GOBLIN,4,-3,1,0,0.00,8.00,true
7,BLUE_6,BLUE,SPIDER,-1,4,15,0,66.00,60.00,false
7,BLUE_7,BLUE,ASSASSIN,-3,3,6,0,0.00,48.00,false
7,BLUE_8,BLUE,GOBLIN,-4,4,9,0,76.00,94.00,false
7,BLUE_9,BLUE,GOBLIN,-4,3,2,0,4.00,16.00,false
7,BLUE_10,BLUE,ARCHER,0,3,1,0,2.00,8.00,false
8,GREEN_1,GREEN,SCORPION_RIDER,1,-4,1,0,8.00,18.00,true
8,GREEN_2,GREEN,ARCHER,2,-3,12,12,207.00,26.00,true
8,GREEN_3,GREEN,GOBLIN,3,-3,4,1,0.00,46.00,true
8,GREEN_4,GREEN,ASSASSIN,-1,-3,3,0,4.00,24.00,true
8,GREEN_5,GREEN,SCORPION_RIDER,4,-4,2,0,8.00,36.00,true
8,GREEN_6,GREEN,SPIDER,0,-4,2,0,4.00,8.00,true
8,BLUE_7,BLUE,ARCHER,-4,4,3,0,39.00,24.00,false
8,BLUE_8,BLUE,SPIDER,-1,4,8,0,36.00,32.00,false
8,BLUE_9,BLUE,GARGOYLE,-4,3,5,0,11.00,91.00,false
8,BLUE_10,BLUE,GARGOYLE,-2,3,3,0,0.00,48.00,false
8,BLUE_11,BLUE,MAGE,0,4,3,0,64.00,24.00,false
8,BLUE_12,BLUE,SPIDER,-1,3,3,0,8.00,12.00,false
9,GREEN_1,GREEN,SCORPION_RIDER,4,-4,2,1,56.00,32.00,true
9,GREEN_2,GREEN,SCORPION_RIDER,-1,-3,2,1,72.00,34.00,true
9,GREEN_3,GREEN,ARCHER,1,-3,7,7,12.00,4.00,true
9,GREEN_4,GREEN,SCORPION_RIDER,0,-4,1,1,8.00,19.00,true
9,GREEN_5,GREEN,GARGOYLE,1,-4,3,3,0.00,20.00,true
9,GREEN_6,GREEN,SCORPION_RIDER,3,-3,3,0,36.00,58.00,true
9,GREEN_7,GREEN,SPIDER,3,-4,1,0,0.00,4.00,true
9,BLUE_8,BLUE,GARGOYLE,0,3,1,0,3.00,16.00,false
9,BLUE_9,BLUE,MAGE,-4,3,4,0,12.00,32.00,false
9,BLUE_10,BLUE,MAGE,0,4,8,0,120.00,64.00,false
9,BLUE_11,BLUE,GARGOYLE,-4,4,3,0,33.00,48.00,false
9,BLUE_12,BLUE,SPIDER,-1,3,1,0,0.00,4.00,false
9,BLUE_13,BLUE,GARGOYLE,-2,3,1,0,3.00,16.00,false
9,BLUE_14,BLUE,SPIDER,-3,3,1,0,0.00,4.00,false
10,GREEN_1,GREEN,GOLEM,2,-4,2,0,53.00,93.00,true
10,GREEN_2,GREEN,GOLEM,1,-3,1,1,4.00,14.00,true
10,GREEN_3,GREEN,MAGE,1,-4,4,4,62.00,0.00,true
10,GREEN_4,GREEN,SCORPION_RIDER,3,-3,5,4,59.00,118.00,true
10,GREEN_5,GREEN,GOBLIN,2,-3,5,0,28.00,45.00,true
10,GREEN_6,GREEN,GARGOYLE,0,-3,1,0,3.00,16.00,true
10,GREEN_7,GREEN,SPIDER,4,-4,1,0,3.00,4.00,true
10,BLUE_8,BLUE,SCORPION_RIDER,-2,4,6,0,128.00,124.00,false
10,BLUE_9,BLUE,MAGE,1,3,4,0,107.00,32.00,false
10,BLUE_10,BLUE,MAGE,-4,4,3,0,13.00,24.00,false
10,BLUE_11,BLUE,ASSASSIN,-2,3,4,0,42.00,32.00,false
11,GREEN_1,GREEN,ARCHER,3,-4,10,10,140.00,8.00,true
11,GREEN_2,GREEN,GOLEM,1,-3,1,0,1.00,26.00,true
11,GREEN_3,GREEN,GOBLIN,2,-4,12,5,91.00,127.00,true
11,GREEN_4,GREEN,MAGE,3,-3,4,4,36.00,0.00,true
11,BLUE_5,BLUE,GOBLIN,-2,4,5,0,17.00,40.00,false
11,BLUE_6,BLUE,GARGOYLE,-1,3,6,0,52.00,96.00,false
11,BLUE_7,BLUE,GOBLIN,-1,4,5,0,0.00,40.00,false
11,BLUE_8,BLUE,MAGE,-4,4,3,0,90.00,24.00,false
11,BLUE_9,BLUE,GARGOYLE,-4,3,4,0,0.00,64.00,false
11,BLUE_10,BLUE,SPIDER,0,3,1,0,2.00,4.00,false
12,GREEN_1,GREEN,ARCHER,0,-3,7,0,62.00,60.00,false
12,GREEN_2,GREEN,GOLEM,4,-4,2,2,0.00,0.00,false
12,GREEN_3,GREEN,GARGOYLE,4,-3,4,4,0.00,0.00,false
12,GREEN_4,GREEN,MAGE,3,-3,5,0,103.00,40.00,false
12,GREEN_5,GREEN,ARCHER,3,-4,1,1,455.00,0.00,false
12,BLUE_6,BLUE,SCORPION_RIDER,-1,3,4,4,16.00,462.00,false
12,BLUE_7,BLUE,MAGE,-4,3,5,0,20.00,44.00,false
12,BLUE_8,BLUE,SCORPION_RIDER,-2,3,3,0,40.00,58.00,false
12,BLUE_9,BLUE,SCORPION_RIDER,-3,4,1,0,24.00,28.00,false
12,BLUE_10,BLUE,GARGOYLE,-2,4,3,2,0.00,28.00,false
12,BLUE_11,BLUE,ARCHER,0,4,1,1,0.00,0.00,false
13,GREEN_1,GREEN,GOBLIN,3,-4,4,4,0.00,0.00,true
13,GREEN_2,GREEN,ARCHER,4,-4,9,8,241.00,16.00,true
13,GREEN_3,GREEN,ASSASSIN,-1,-3,1,0,0.00,8.00,true
13,GREEN_4,GREEN,GOBLIN,4,-3,5,5,0.00,0.00,true
13,GREEN_5,GREEN,GARGOYLE,1,-4,6,0,15.00,96.00,true
13,GREEN_6,GREEN,SPIDER,0,-3,1,0,2.00,4.00,true
13,BLUE_7,BLUE,GARGOYLE,-1,3,5,0,10.00,80.00,false
13,BLUE_8,BLUE,SCORPION_RIDER,-1,4,6,0,42.00,120.00,false
13,BLUE_9,BLUE,MAGE,-3,4,4,0,64.00,32.00,false
13,BLUE_10,BLUE,SCORPION_RIDER,-4,4,1,0,8.00,18.00,false
13,BLUE_11,BLUE,SPIDER,0,3,2,0,0.00,8.00,false
14,GREEN_1,GREEN,SCORPION_RIDER,-1,-3,1,0,8.00,18.00,false
14,GREEN_2,GREEN,GOLEM,4,-4,3,0,23.00,90.00,false
14,GREEN_3,GREEN,GARGOYLE,1,-4,6,0,6.00,96.00,false
14,GREEN_4,GREEN,SPIDER,1,-3,11,0,14.00,44.00,false
14,GREEN_5,GREEN,SPIDER,2,-4,1,0,2.00,4.00,false
14,GREEN_6,GREEN,SCORPION_RIDER,3,-4,1,0,24.00,18.00,false
14,BLUE_7,BLUE,SPIDER,-2,3,12,12,54.00,8.00,true
14,BLUE_8,BLUE,SCORPION_RIDER,1,3,2,2,18.00,16.00,true
14,BLUE_9,BLUE,ARCHER,-1,3,7,6,156.00,14.00,true
14,BLUE_10,BLUE,ASSASSIN,-3,3,1,0,0.00,8.00,true
14,BLUE_11,BLUE,SCORPION_RIDER,0,4,3,3,40.00,15.00,true
14,BLUE_12,BLUE,GOBLIN,0,3,1,0,0.00,8.00,true
14,BLUE_13,BLUE,GOBLIN,-4,4,1,0,2.00,8.00,true
15,GREEN_1,GREEN,SCORPION_RIDER,-1,-3,1,0,8.00,18.00,true
15,GREEN_2,GREEN,ARCHER,4,-3,7,0,43.00,56.00,true
15,GREEN_3,GREEN,ASSASSIN,3,-3,6,0,48.00,48.00,true
15,GREEN_4,GREEN,SCORPION_RIDER,0,-3,5,4,129.00,94.00,true
15,BLUE_5,BLUE,ASSASSIN,0,3,6,0,16.00,48.00,false
15,BLUE_6,BLUE,GOBLIN,-3,3,5,0,16.00,40.00,false
15,BLUE_7,BLUE,SCORPION_RIDER,-1,3,4,0,102.00,100.00,false
15,BLUE_8,BLUE,ASSASSIN,-3,4,4,0,48.00,32.00,false
15,BLUE_9,BLUE,SPIDER,-2,4,2,0,34.00,8.00,false
16,GREEN_1,GREEN,GOLEM,-1,-3,2,2,10.00,36.00,true
16,GREEN_2,GREEN,MAGE,0,-3,3,3,35.00,0.00,true
16,GREEN_3,GREEN,ARCHER,3,-3,9,9,172.00,0.00,true
16,GREEN_4,GREEN,GOLEM,1,-4,2,2,15.00,12.00,true
16,GREEN_5,GREEN,GOBLIN,3,-4,3,0,8.00,24.00,true
16,GREEN_6,GREEN,ASSASSIN,2,-4,1,0,6.00,8.00,true
16,GREEN_7,GREEN,SPIDER,2,-3,1,0,2.00,4.00,true
16,BLUE_8,BLUE,GOLEM,-4,3,4,0,8.00,132.00,false
16,BLUE_9,BLUE,SCORPION_RIDER,-2,3,2,0,4.00,36.00,false
16,BLUE_10,BLUE,ASSASSIN,0,3,4,0,30.00,32.00,false
16,BLUE_11,BLUE,ASSASSIN,-3,4,5,0,42.00,40.00,false
16,BLUE_12,BLUE,SPIDER,1,3,2,0,0.00,8.00,false
17,GREEN_1,GREEN,MAGE,3,-3,6,5,80.00,31.00,true
17,GREEN_2,GREEN,GOBLIN,3,-4,9,9,168.00,96.00,true
17,GREEN_3,GREEN,SCORPION_RIDER,0,-3,1,0,4.00,18.00,true
17,GREEN_4,GREEN,ASSASSIN,4,-3,4,0,36.00,32.00,true
17,GREEN_5,GREEN,GOBLIN,1,-4,3,0,26.00,26.00,true
17,GREEN_6,GREEN,SPIDER,4,-4,1,0,0.00,4.00,true
17,GREEN_7,GREEN,SPIDER,2,-4,2,0,0.00,8.00,true
17,BLUE_8,BLUE,SPIDER,-4,3,12,0,20.00,48.00,false
17,BLUE_9,BLUE,MAGE,-2,4,2,0,28.00,16.00,false
17,BLUE_10,BLUE,GOLEM,-2,3,3,0,98.00,166.00,false
17,BLUE_11,BLUE,GARGOYLE,-3,4,1,0,0.00,16.00,false
17,BLUE_12,BLUE,ARCHER,-3,3,2,0,25.00,20.00,false
17,BLUE_13,BLUE,ARCHER,1,3,5,0,41.00,40.00,false
17,BLUE_14,BLUE,GOBLIN,0,3,1,0,3.00,8.00,false
18,GREEN_1,GREEN,ASSASSIN,3,-3,7,0,68.00,56.00,false
18,GREEN_2,GREEN,GOLEM,0,-4,3,3,0.00,0.00,false
18,GREEN_3,GREEN,ASSASSIN,4,-4,1,0,0.00,8.00,false
18,GREEN_4,GREEN,GARGOYLE,2,-4,2,2,0.00,0.00,false
18,GREEN_5,GREEN,MAGE,0,-3,1,1,400.00,0.00,false
18,GREEN_6,GREEN,SCORPION_RIDER,1,-3,2,2,0.00,0.00,false
18,BLUE_7,BLUE,GOBLIN,0,3,2,0,4.00,16.00,false
18,BLUE_8,BLUE,SCORPION_RIDER,1,3,6,6,8.00,0.00,false
18,BLUE_9,BLUE,ASSASSIN,-2,4,1,0,0.00,8.00,false
18,BLUE_10,BLUE,SCORPION_RIDER,-4,4,6,6,32.00,408.00,false
18,BLUE_11,BLUE,SCORPION_RIDER,-1,4,2,0,20.00,36.00,false
19,GREEN_1,GREEN,ARCHER,-1,-3,7,6,152.00,18.00,true
19,GREEN_2,GREEN,GOLEM,0,-3,1,0,5.00,26.00,true
19,GREEN_3,GREEN,SPIDER,4,-4,11,0,39.00,44.00,true
19,GREEN_4,GREEN,GARGOYLE,0,-4,1,0,2.00,16.00,true
19,GREEN_5,GREEN,ARCHER,4,-3,2,0,13.00,16.00,true
19,GREEN_6,GREEN,ASSASSIN,3,-4,3,0,4.00,24.00,true
19,GREEN_7,GREEN,SCORPION_RIDER,1,-4,1,0,8.00,18.00,true
19,BLUE_8,BLUE,GARGOYLE,-4,4,3,0,15.00,48.00,false
19,BLUE_9,BLUE,ASSASSIN,-3,4,7,0,45.00,56.00,false
19,BLUE_10,BLUE,ARCHER,-3,3,4,0,96.00,39.00,false
19,BLUE_11,BLUE,GARGOYLE,0,4,1,0,0.00,16.00,false
19,BLUE_12,BLUE,GARGOYLE,-1,4,2,0,6.00,32.00,false
19,BLUE_13,BLUE,GARGOYLE,0,3,2,0,0.00,32.00,false
20,GREEN_1,GREEN,SPIDER,4,-3,8,8,84.00,0.00,true
20,GREEN_2,GREEN,SCORPION_RIDER,0,-3,5,4,75.00,66.00,true
20,GREEN_3,GREEN,GOBLIN,3,-4,9,9,62.00,23.00,true
20,GREEN_4,GREEN,SPIDER,2,-3,9,8,52.00,13.00,true
20,GREEN_5,GREEN,ARCHER,2,-4,1,1,23.00,5.00,true
20,BLUE_6,BLUE,GARGOYLE,-3,3,5,0,12.00,80.00,false
20,BLUE_7,BLUE,GOLEM,-4,3,1,0,5.00,26.00,false
20,BLUE_8,BLUE,SCORPION_RIDER,-1,3,4,0,66.00,80.00,false
20,BLUE_9,BLUE,GARGOYLE,-4,4,5,0,19.00,80.00,false
20,BLUE_10,BLUE,GOLEM,-2,4,1,0,5.00,26.00,false
20,BLUE_11,BLUE,SPIDER,0,3,1,0,0.00,4.00,false
21,GREEN_1,GREEN,GOBLIN,2,-4,7,0,0.00,64.00,false
21,GREEN_2,GREEN,GOLEM,4,-4,1,0,5.00,26.00,false
21,GREEN_3,GREEN,ARCHER,0,-3,3,0,15.00,24.00,false
21,GREEN_4,GREEN,GOLEM,0,-4,3,0,10.00,84.00,false
21,GREEN_5,GREEN,SPIDER,3,-4,1,0,0.00,4.00,false
21,GREEN_6,GREEN,SCORPION_RIDER,2,-3,5,0,110.00,100.00,false
21,GREEN_7,GREEN,ARCHER,4,-3,1,0,40.00,8.00,false
21,BLUE_8,BLUE,MAGE,-4,4,8,8,148.00,20.00,true
21,BLUE_9,BLUE,SCORPION_RIDER,-1,3,6,5,152.00,108.00,true
21,BLUE_10,BLUE,GOLEM,-1,4,1,0,5.00,26.00,true
21,BLUE_11,BLUE,GOLEM,0,4,1,0,5.00,26.00,true
22,GREEN_1,GREEN,ARCHER,3,-3,10,10,154.00,13.00,true
22,GREEN_2,GREEN,SPIDER,4,-4,11,11,42.00,0.00,true
22,GREEN_3,GREEN,GARGOYLE,0,-4,1,1,0.00,2.00,true
22,GREEN_4,GREEN,SCORPION_RIDER,4,-3,2,0,16.00,40.00,true
22,GREEN_5,GREEN,ASSASSIN,2,-3,2,0,4.00,16.00,true
22,GREEN_6,GREEN,GOBLIN,0,-3,1,0,4.00,8.00,true
22,BLUE_7,BLUE,SPIDER,-2,3,14,0,8.00,56.00,false
22,BLUE_8,BLUE,GARGOYLE,0,3,6,0,18.00,96.00,false
22,BLUE_9,BLUE,SPIDER,-4,4,7,0,22.00,28.00,false
22,BLUE_10,BLUE,GARGOYLE,-4,3,2,0,6.00,32.00,false
22,BLUE_11,BLUE,ARCHER,-3,3,1,0,25.00,8.00,false
23,GREEN_1,GREEN,ARCHER,3,-3,3,0,48.00,24.00,false
23,GREEN_2,GREEN,SCORPION_RIDER,-1,-3,4,0,31.00,72.00,false
23,GREEN_3,GREEN,GOLEM,1,-4,2,0,28.00,60.00,false
23,GREEN_4,GREEN,GARGOYLE,4,-4,5,0,55.00,80.00,false
23,GREEN_5,GREEN,ASSASSIN,3,-4,2,0,0.00,16.00,false
23,GREEN_6,GREEN,MAGE,0,-3,1,0,14.00,8.00,false
23,BLUE_7,BLUE,SPIDER,-4,3,3,0,6.00,12.00,true
23,BLUE_8,BLUE,SPIDER,-3,3,14,0,84.00,72.00,true
23,BLUE_9,BLUE,GOBLIN,0,4,5,5,52.00,44.00,true
23,BLUE_10,BLUE,MAGE,-3,4,2,0,22.00,16.00,true
23,BLUE_11,BLUE,SPIDER,-4,4,14,9,92.00,24.00,true
23,BLUE_12,BLUE,GOBLIN,0,3,1,0,4.00,8.00,true
24,GREEN_1,GREEN,GOLEM,3,-4,3,1,41.00,114.00,true
24,GREEN_2,GREEN,SCORPION_RIDER,2,-4,4,3,136.00,62.00,true
24,GREEN_3,GREEN,GARGOYLE,0,-3,3,0,32.00,48.00,true
24,GREEN_4,GREEN,ASSASSIN,1,-3,4,0,24.00,32.00,true
24,GREEN_5,GREEN,GARGOYLE,-1,-3,2,0,15.00,32.00,true
24,BLUE_6,BLUE,MAGE,-4,4,5,0,96.00,40.00,false
24,BLUE_7,BLUE,GOBLIN,0,3,7,0,28.00,56.00,false
24,BLUE_8,BLUE,SPIDER,-3,4,4,0,6.00,16.00,false
24,BLUE_9,BLUE,ASSASSIN,0,4,3,0,20.00,24.00,false
24,BLUE_10,BLUE,SPIDER,1,3,4,0,14.00,16.00,false
24,BLUE_11,BLUE,SCORPION_RIDER,-4,3,2,0,124.00,88.00,false
24,BLUE_12,BLUE,SPIDER,-2,4,2,0,0.00,8.00,false
25,GREEN_1,GREEN,SPIDER,2,-4,15,8,149.00,44.00,true
25,GREEN_2,GREEN,SCORPION_RIDER,2,-3,4,4,52.00,18.00,true
25,GREEN_3,GREEN,ASSASSIN,1,-3,5,0,60.00,40.00,true
25,GREEN_4,GREEN,GOLEM,0,-4,1,1,5.00,14.00,true
25,GREEN_5,GREEN,SPIDER,3,-4,1,0,2.00,4.00,true
25,BLUE_6,BLUE,GOLEM,-3,4,2,0,36.00,66.00,false
25,BLUE_7,BLUE,GOBLIN,-1,3,1,0,2.00,8.00,false
25,BLUE_8,BLUE,SPIDER,1,3,8,0,20.00,36.00,false
25,BLUE_9,BLUE,GOLEM,-4,3,2,0,11.00,76.00,false
25,BLUE_10,BLUE,ASSASSIN,-1,4,3,0,8.00,24.00,false
25,BLUE_11,BLUE,GOLEM,-2,4,1,0,5.00,26.00,false
25,BLUE_12,BLUE,ASSASSIN,-2,3,2,0,14.00,16.00,false
25,BLUE_13,BLUE,SPIDER,-3,3,4,0,24.00,16.00,false
26,GREEN_1,GREEN,SPIDER,1,-3,3,0,14.00,12.00,false
26,GREEN_2,GREEN,GOLEM,2,-3,4,0,55.00,114.00,false
26,GREEN_3,GREEN,GOLEM,3,-3,1,0,5.00,26.00,false
26,GREEN_4,GREEN,GARGOYLE,-1,-3,6,0,20.00,96.00,false
26,GREEN_5,GREEN,ASSASSIN,0,-4,2,0,6.00,16.00,false
26,GREEN_6,GREEN,SCORPION_RIDER,0,-3,1,0,8.00,18.00,false
26,BLUE_7,BLUE,SCORPION_RIDER,-1,3,5,5,126.00,60.00,true
26,BLUE_8,BLUE,ARCHER,-3,4,5,5,96.00,0.00,true
26,BLUE_9,BLUE,GOLEM,1,3,1,1,3.00,6.00,true
26,BLUE_10,BLUE,ASSASSIN,-4,3,3,0,20.00,24.00,true
26,BLUE_11,BLUE,SPIDER,-1,4,6,6,0.00,0.00,true
26,BLUE_12,BLUE,GOBLIN,0,3,2,0,15.00,18.00,true
26,BLUE_13,BLUE,ARCHER,-2,3,1,1,22.00,0.00,true
27,GREEN_1,GREEN,MAGE,0,-3,6,6,121.00,0.00,true
27,GREEN_2,GREEN,GOLEM,2,-3,1,1,28.00,36.00,true
27,GREEN_3,GREEN,GARGOYLE,1,-3,3,3,13.00,2.00,true
27,GREEN_4,GREEN,ASSASSIN,2,-4,2,0,12.00,16.00,true
27,GREEN_5,GREEN,SPIDER,3,-4,8,0,62.00,32.00,true
27,GREEN_6,GREEN,ASSASSIN,0,-4,2,0,12.00,16.00,true
27,BLUE_7,BLUE,GOLEM,-3,3,1,0,7.00,30.00,false
27,BLUE_8,BLUE,SPIDER,-4,4,8,0,28.00,32.00,false
27,BLUE_9,BLUE,SPIDER,-2,4,5,0,22.00,20.00,false
27,BLUE_10,BLUE,SPIDER,1,3,2,0,4.00,8.00,false
27,BLUE_11,BLUE,GOLEM,-3,4,2,0,23.00,64.00,false
27,BLUE_12,BLUE,GOLEM,-2,3,2,0,8.00,52.00,false
27,BLUE_13,BLUE,ASSASSIN,-4,3,3,0,0.00,24.00,false
27,BLUE_14,BLUE,SPIDER,-1,3,2,0,2.00,8.00,false
27,BLUE_15,BLUE,GOBLIN,0,4,1,0,8.00,10.00,false
28,GREEN_1,GREEN,MAGE,0,-3,5,5,63.00,0.00,true
28,GREEN_2,GREEN,SCORPION_RIDER,3,-4,4,2,91.00,66.00,true
28,GREEN_3,GREEN,GARGOYLE,3,-3,1,0,3.00,16.00,true
28,GREEN_4,GREEN,ARCHER,4,-4,4,4,77.00,0.00,true
28,GREEN_5,GREEN,ASSASSIN,0,-4,3,0,8.00,24.00,true
28,GREEN_6,GREEN,ARCHER,1,-4,2,2,48.00,0.00,true
28,BLUE_7,BLUE,SCORPION_RIDER,-2,3,6,0,24.00,120.00,false
28,BLUE_8,BLUE,GOLEM,0,3,4,0,50.00,130.00,false
28,BLUE_9,BLUE,ASSASSIN,1,3,4,0,32.00,32.00,false
28,BLUE_10,BLUE,ASSASSIN,-3,4,1,0,0.00,8.00,false
29,GREEN_1,GREEN,ASSASSIN,4,-3,4,0,36.00,32.00,true
29,GREEN_2,GREEN,ARCHER,3,-4,11,11,222.00,10.00,true
29,GREEN_3,GREEN,SPIDER,1,-4,3,0,8.00,12.00,true
29,GREEN_4,GREEN,GOLEM,0,-3,3,3,54.00,18.00,true
29,GREEN_5,GREEN,SPIDER,4,-4,1,0,2.00,4.00,true
29,BLUE_6,BLUE,SCORPION_RIDER,-1,3,1,0,8.00,18.00,false
29,BLUE_7,BLUE,GOLEM,0,4,3,0,24.00,88.00,false
29,BLUE_8,BLUE,GARGOYLE,-2,4,2,0,13.00,32.00,false
29,BLUE_9,BLUE,GOLEM,-3,4,1,0,3.00,26.00,false
29,BLUE_10,BLUE,GOLEM,1,3,4,0,16.00,126.00,false
29,BLUE_11,BLUE,ARCHER,-3,3,3,0,10.00,24.00,false
29,BLUE_12,BLUE,MAGE,-4,4,1,0,2.00,8.00,false
30,GREEN_1,GREEN,GARGOYLE,3,-4,1,0,0.00,16.00,false
30,GREEN_2,GREEN,ARCHER,3,-3,3,3,426.00,0.00,false
30,GREEN_3,GREEN,GOBLIN,-1,-3,1,0,4.00,8.00,false
30,GREEN_4,GREEN,GOLEM,2,-4,4,0,0.00,219.00,false
30,GREEN_5,GREEN,GOBLIN,2,-3,6,0,29.00,64.00,false
30,GREEN_6,GREEN,GOLEM,1,-4,1,0,30.00,50.00,false
30,GREEN_7,GREEN,SPIDER,0,-3,2,0,2.00,8.00,false
30,GREEN_8,GREEN,GOBLIN,0,-4,5,0,18.00,40.00,false
30,GREEN_9,GREEN,MAGE,4,-3,1,0,4.00,8.00,false
30,GREEN_10,GREEN,GOBLIN,1,-3,1,0,8.00,8.00,false
30,BLUE_11,BLUE,MAGE,-4,3,4,0,39.00,32.00,false
30,BLUE_12,BLUE,MAGE,-4,4,2,0,27.00,16.00,false
30,BLUE_13,BLUE,MAGE,0,4,6,6,281.00,4.00,false
30,BLUE_14,BLUE,GARGOYLE,1,3,5,5,30.00,426.00,false
30,BLUE_15,BLUE,GOBLIN,-1,3,2,0,44.00,43.00,false
31,GREEN_1,GREEN,GARGOYLE,0,-4,6,0,60.00,96.00,false
31,GREEN_2,GREEN,GARGOYLE,-1,-3,2,0,6.00,32.00,false
31,GREEN_3,GREEN,GOBLIN,3,-4,11,0,36.00,96.00,false
31,GREEN_4,GREEN,GARGOYLE,4,-4,3,0,26.00,48.00,false
31,GREEN_5,GREEN,ASSASSIN,2,-4,1,0,0.00,8.00,false
31,GREEN_6,GREEN,GARGOYLE,1,-4,1,0,3.00,16.00,false
31,BLUE_7,BLUE,ARCHER,1,3,1,1,23.00,0.00,true
31,BLUE_8,BLUE,MAGE,-2,3,2,0,8.00,16.00,true
31,BLUE_9,BLUE,SCORPION_RIDER,-3,3,6,6,226.00,84.00,true
31,BLUE_10,BLUE,GOLEM,0,4,2,2,14.00,15.00,true
31,BLUE_11,BLUE,MAGE,-4,3,2,2,16.00,0.00,true
31,BLUE_12,BLUE,ARCHER,-1,4,2,2,1.00,0.00,true
31,BLUE_13,BLUE,SPIDER,-4,4,1,0,2.00,4.00,true
31,BLUE_14,BLUE,SPIDER,-1,3,3,0,6.00,12.00,true
32,GREEN_1,GREEN,GARGOYLE,3,-3,6,0,31.00,96.00,false
32,GREEN_2,GREEN,GARGOYLE,3,-4,4,0,12.00,64.00,false
32,GREEN_3,GREEN,GARGOYLE,1,-3,1,0,3.00,16.00,false
32,GREEN_4,GREEN,SCORPION_RIDER,4,-3,2,0,24.00,36.00,false
32,GREEN_5,GREEN,SPIDER,0,-4,8,0,70.00,32.00,false
32,GREEN_6,GREEN,ARCHER,2,-4,1,0,13.00,8.00,false
32,GREEN_7,GREEN,GOBLIN,0,-3,1,0,0.00,8.00,false
32,BLUE_8,BLUE,MAGE,-1,3,3,0,16.00,24.00,true
32,BLUE_9,BLUE,SPIDER,-1,4,14,13,184.00,26.00,true
32,BLUE_10,BLUE,GARGOYLE,-3,4,5,5,15.00,28.00,true
32,BLUE_11,BLUE,SCORPION_RIDER,-2,3,2,0,37.00,59.00,true
32,BLUE_12,BLUE,ASSASSIN,0,4,1,0,8.00,8.00,true
32,BLUE_13,BLUE,GOBLIN,1,3,1,0,0.00,8.00,true
33,GREEN_1,GREEN,GOBLIN,1,-4,7,0,16.00,91.00,false
33,GREEN_2,GREEN,GOBLIN,2,-4,7,0,28.00,56.00,false
33,GREEN_3,GREEN,SPIDER,2,-3,7,0,20.00,28.00,false
33,GREEN_4,GREEN,MAGE,1,-3,5,0,44.00,40.00,false
33,GREEN_5,GREEN,GOBLIN,0,-3,1,0,0.00,8.00,false
33,GREEN_6,GREEN,ARCHER,3,-3,2,0,33.00,26.00,false
33,GREEN_7,GREEN,GARGOYLE,4,-3,2,0,8.00,32.00,false
33,BLUE_8,BLUE,ASSASSIN,-2,4,3,0,0.00,24.00,true
33,BLUE_9,BLUE,SPIDER,0,3,5,0,10.00,20.00,true
33,BLUE_10,BLUE,GOBLIN,1,3,12,10,79.00,52.00,true
33,BLUE_11,BLUE,ARCHER,-2,3,4,0,90.00,32.00,true
33,BLUE_12,BLUE,SPIDER,-3,4,1,1,0.00,0.00,true
33,BLUE_13,BLUE,ARCHER,0,4,5,5,102.00,17.00,true
33,BLUE_14,BLUE,SPIDER,-4,3,1,0,0.00,4.00,true
34,GREEN_1,GREEN,ASSASSIN,1,-4,8,0,66.00,64.00,true
34,GREEN_2,GREEN,SCORPION_RIDER,0,-4,2,0,19.00,40.00,true
34,GREEN_3,GREEN,GOLEM,0,-3,1,0,14.00,42.00,true
34,GREEN_4,GREEN,GOLEM,4,-3,3,2,88.00,158.00,true
34,GREEN_5,GREEN,MAGE,2,-3,1,0,36.00,8.00,true
34,GREEN_6,GREEN,SPIDER,-1,-3,2,0,11.00,8.00,true
34,BLUE_7,BLUE,SPIDER,-4,4,6,0,14.00,24.00,false
34,BLUE_8,BLUE,ASSASSIN,-2,4,8,0,112.00,64.00,false
34,BLUE_9,BLUE,SCORPION_RIDER,-2,3,3,0,170.00,108.00,false
34,BLUE_10,BLUE,SCORPION_RIDER,-3,4,1,0,8.00,18.00,false
34,BLUE_11,BLUE,ASSASSIN,-1,3,2,0,14.00,16.00,false
34,BLUE_12,BLUE,SPIDER,-4,3,1,0,2.00,4.00,false
35,GREEN_1,GREEN,GOBLIN,2,-3,6,0,24.00,108.00,false
35,GREEN_2,GREEN,GOBLIN,2,-4,4,0,12.00,36.00,false
35,GREEN_3,GREEN,MAGE,4,-4,6,0,127.00,48.00,false
35,GREEN_4,GREEN,ARCHER,1,-4,2,0,26.00,16.00,false
35,GREEN_5,GREEN,GOBLIN,0,-4,8,0,12.00,84.00,false
35,GREEN_6,GREEN,SPIDER,-1,-3,4,0,30.00,18.00,false
35,GREEN_7,GREEN,ARCHER,4,-3,1,0,27.00,8.00,false
35,BLUE_8,BLUE,GOLEM,-1,4,1,0,16.00,44.00,true
35,BLUE_9,BLUE,MAGE,-4,3,5,1,142.00,36.00,true
35,BLUE_10,BLUE,GOBLIN,-2,3,4,0,16.00,41.00,true
35,BLUE_11,BLUE,SCORPION_RIDER,-3,3,1,0,0.00,18.00,true
35,BLUE_12,BLUE,SPIDER,1,3,6,0,18.00,24.00,true
35,BLUE_13,BLUE,GOBLIN,0,3,6,0,0.00,62.00,true
35,BLUE_14,BLUE,MAGE,-3,4,3,0,124.00,29.00,true
35,BLUE_15,BLUE,SPIDER,-4,4,1,0,2.00,4.00,true
36,GREEN_1,GREEN,SCORPION_RIDER,4,-4,5,0,0.00,104.00,false
36,GREEN_2,GREEN,GOBLIN,3,-4,11,0,86.00,104.00,false
36,GREEN_3,GREEN,GOLEM,2,-4,1,0,5.00,26.00,false
36,GREEN_4,GREEN,ARCHER,0,-4,7,0,100.00,56.00,false
36,GREEN_5,GREEN,GOBLIN,-1,-3,1,0,4.00,8.00,false
36,GREEN_6,GREEN,GOBLIN,2,-3,1,0,4.00,8.00,false
36,BLUE_7,BLUE,ARCHER,1,3,12,5,281.00,121.00,true
36,BLUE_8,BLUE,GARGOYLE,-3,3,5,4,0.00,42.00,true
36,BLUE_9,BLUE,ASSASSIN,-1,3,2,0,8.00,16.00,true
36,BLUE_10,BLUE,SPIDER,0,4,5,0,17.00,20.00,true
37,GREEN_1,GREEN,SPIDER,4,-3,14,0,62.00,56.00,false
37,GREEN_2,GREEN,GOBLIN,2,-4,4,0,12.00,32.00,false
37,GREEN_3,GREEN,GOLEM,1,-3,2,0,20.00,56.00,false
37,GREEN_4,GREEN,GOLEM,0,-3,3,0,35.00,88.00,false
37,GREEN_5,GREEN,SCORPION_RIDER,3,-4,2,0,32.00,36.00,false
37,GREEN_6,GREEN,ARCHER,-1,-3,1,0,10.00,8.00,false
37,BLUE_7,BLUE,GARGOYLE,-1,4,5,5,0.00,0.00,true
37,BLUE_8,BLUE,SCORPION_RIDER,0,3,5,5,48.00,20.00,true
37,BLUE_9,BLUE,GOBLIN,-4,3,11,0,228.00,143.00,true
37,BLUE_10,BLUE,ASSASSIN,-3,3,1,0,0.00,8.00,true
37,BLUE_11,BLUE,GARGOYLE,1,3,1,1,0.00,0.00,true
37,BLUE_12,BLUE,SPIDER,-2,4,1,1,0.00,0.00,true
38,GREEN_1,GREEN,ARCHER,3,-4,9,9,217.00,10.00,true
38,GREEN_2,GREEN,GOBLIN,1,-4,6,5,50.00,26.00,true
38,GREEN_3,GREEN,GARGOYLE,4,-4,6,4,41.00,56.00,true
38,GREEN_4,GREEN,GOLEM,2,-3,2,0,23.00,54.00,true
38,BLUE_5,BLUE,GOBLIN,-1,3,12,0,8.00,130.00,false
38,BLUE_6,BLUE,SCORPION_RIDER,0,4,5,0,96.00,99.00,false
38,BLUE_7,BLUE,GOLEM,-2,3,1,0,10.00,26.00,false
38,BLUE_8,BLUE,ASSASSIN,-3,3,2,0,8.00,16.00,false
38,BLUE_9,BLUE,GOLEM,0,3,2,0,24.00,56.00,false
38,BLUE_10,BLUE,SPIDER,1,3,1,0,0.00,4.00,false
39,GREEN_1,GREEN,SCORPION_RIDER,-1,-3,2,0,32.00,36.00,false
39,GREEN_2,GREEN,GOBLIN,4,-4,7,0,26.00,60.00,false
39,GREEN_3,GREEN,GOLEM,1,-3,3,3,50.00,493.00,false
39,GREEN_4,GREEN,MAGE,2,-3,2,0,38.00,16.00,false
39,GREEN_5,GREEN,GOLEM,2,-4,3,1,35.00,304.00,false
39,GREEN_6,GREEN,SCORPION_RIDER,3,-4,1,0,8.00,18.00,false
39,GREEN_7,GREEN,SPIDER,0,-4,1,0,2.00,4.00,false
39,GREEN_8,GREEN,SPIDER,1,-4,1,0,2.00,4.00,false
39,BLUE_9,BLUE,ARCHER,-3,3,6,2,733.00,32.00,false
39,BLUE_10,BLUE,ASSASSIN,-1,3,8,0,104.00,64.00,false
39,BLUE_11,BLUE,GARGOYLE,-4,3,4,3,54.00,50.00,false
39,BLUE_12,BLUE,GOBLIN,-3,4,3,0,44.00,47.00,false
40,GREEN_1,GREEN,GARGOYLE,4,-3,2,0,13.00,32.00,false
40,GREEN_2,GREEN,SCORPION_RIDER,3,-4,4,0,117.00,84.00,false
40,GREEN_3,GREEN,GOLEM,0,-3,4,0,90.00,212.00,false
40,GREEN_4,GREEN,SPIDER,1,-4,5,0,22.00,20.00,false
40,GREEN_5,GREEN,GOBLIN,2,-3,3,0,12.00,28.00,false
40,GREEN_6,GREEN,SPIDER,4,-4,5,0,14.00,20.00,false
40,BLUE_7,BLUE,ARCHER,-4,4,2,2,125.00,0.00,true
40,BLUE_8,BLUE,ASSASSIN,1,3,5,0,32.00,40.00,true
40,BLUE_9,BLUE,GOLEM,-3,4,3,2,59.00,54.00,true
40,BLUE_10,BLUE,GARGOYLE,-1,3,3,0,24.00,48.00,true
40,BLUE_11,BLUE,ARCHER,-2,4,1,1,77.00,0.00,true
40,BLUE_12,BLUE,GOBLIN,-1,4,6,0,77.00,114.00,true
40,BLUE_13,BLUE,GOBLIN,0,4,1,0,0.00,8.00,true
40,BLUE_14,BLUE,SPIDER,0,3,1,0,2.00,4.00,true
41,GREEN_1,GREEN,SPIDER,0,-3,9,8,43.00,9.00,true
41,GREEN_2,GREEN,MAGE,2,-4,3,3,12.00,0.00,true
41,GREEN_3,GREEN,ARCHER,2,-3,12,12,112.00,0.00,true
41,GREEN_4,GREEN,GOBLIN,3,-3,2,2,4.00,0.00,true
41,GREEN_5,GREEN,GOLEM,-1,-3,1,0,5.00,26.00,true
41,BLUE_6,BLUE,GARGOYLE,-2,4,4,0,3.00,64.00,false
41,BLUE_7,BLUE,ASSASSIN,1,3,8,0,0.00,64.00,false
41,BLUE_8,BLUE,ASSASSIN,-4,3,5,0,26.00,40.00,false
41,BLUE_9,BLUE,ARCHER,-4,4,1,0,6.00,8.00,false
42,GREEN_1,GREEN,GOBLIN,3,-4,8,0,24.00,84.00,false
42,GREEN_2,GREEN,SPIDER,1,-3,3,0,18.00,12.00,false
42,GREEN_3,GREEN,ASSASSIN,4,-3,2,0,0.00,16.00,false
42,GREEN_4,GREEN,ASSASSIN,2,-3,1,0,0.00,8.00,false
42,GREEN_5,GREEN,GARGOYLE,2,-4,5,0,0.00,80.00,false
42,GREEN_6,GREEN,SPIDER,1,-4,7,0,0.00,28.00,false
42,GREEN_7,GREEN,SPIDER,4,-4,1,0,6.00,4.00,false
42,GREEN_8,GREEN,GOLEM,-1,-3,1,0,5.00,26.00,false
42,BLUE_9,BLUE,MAGE,-1,3,1,1,8.00,5.00,true
42,BLUE_10,BLUE,ASSASSIN,-3,4,4,0,16.00,32.00,true
42,BLUE_11,BLUE,ARCHER,-2,4,12,12,134.00,0.00,true
42,BLUE_12,BLUE,SPIDER,-1,4,10,8,100.00,16.00,true
43,GREEN_1,GREEN,ARCHER,2,-3,10,8,204.00,47.00,true
43,GREEN_2,GREEN,SCORPION_RIDER,1,-4,4,4,0.00,0.00,true
43,GREEN_3,GREEN,GOBLIN,-1,-3,1,0,4.00,8.00,true
43,GREEN_4,GREEN,ASSASSIN,4,-3,1,0,0.00,8.00,true
43,GREEN_5,GREEN,GOBLIN,3,-4,2,2,0.00,0.00,true
43,GREEN_6,GREEN,SCORPION_RIDER,4,-4,3,3,0.00,0.00,true
43,GREEN_7,GREEN,SPIDER,0,-4,1,0,0.00,4.00,true
43,BLUE_8,BLUE,MAGE,0,3,4,0,24.00,32.00,false
43,BLUE_9,BLUE,GARGOYLE,-1,4,6,0,0.00,96.00,false
43,BLUE_10,BLUE,ARCHER,-4,3,4,0,23.00,32.00,false
43,BLUE_11,BLUE,MAGE,-3,4,4,0,20.00,32.00,false
43,BLUE_12,BLUE,GARGOYLE,-1,3,1,0,0.00,16.00,false
44,GREEN_1,GREEN,GOBLIN,3,-4,7,1,20.00,48.00,true
44,GREEN_2,GREEN,MAGE,-1,-3,5,5,0.00,0.00,true
44,GREEN_3,GREEN,SPIDER,2,-3,10,0,14.00,40.00,true
44,GREEN_4,GREEN,MAGE,4,-4,1,1,14.00,0.00,true
44,GREEN_5,GREEN,GOBLIN,1,-4,5,2,62.00,64.00,true
44,GREEN_6,GREEN,ARCHER,4,-3,2,2,54.00,0.00,true
44,GREEN_7,GREEN,GARGOYLE,0,-3,1,0,2.00,16.00,true
44,BLUE_8,BLUE,ASSASSIN,0,4,8,0,48.00,64.00,false
44,BLUE_9,BLUE,MAGE,-3,3,8,0,120.00,78.00,false
44,BLUE_10,BLUE,SCORPION_RIDER,-2,3,1,0,0.00,20.00,false
44,BLUE_11,BLUE,SPIDER,-1,4,1,0,0.00,4.00,false
45,GREEN_1,GREEN,GOLEM,2,-4,1,1,2.00,8.00,true
45,GREEN_2,GREEN,GOLEM,4,-3,1,1,4.00,24.00,true
45,GREEN_3,GREEN,SPIDER,1,-3,2,0,10.00,10.00,true
45,GREEN_4,GREEN,MAGE,0,-4,5,5,11.00,0.00,true
45,GREEN_5,GREEN,SPIDER,3,-3,3,0,0.00,12.00,true
45,GREEN_6,GREEN,SPIDER,2,-3,2,0,8.00,8.00,true
45,GREEN_7,GREEN,SCORPION_RIDER,1,-4,2,2,88.00,86.00,true
45,GREEN_8,GREEN,ARCHER,3,-4,5,5,212.00,0.00,true
45,GREEN_9,GREEN,GARGOYLE,4,-4,1,0,3.00,16.00,true
45,BLUE_10,BLUE,GARGOYLE,0,4,3,0,24.00,71.00,false
45,BLUE_11,BLUE,GARGOYLE,-4,4,2,0,23.00,32.00,false
45,BLUE_12,BLUE,MAGE,1,3,4,0,43.00,32.00,false
45,BLUE_13,BLUE,SCORPION_RIDER,-2,4,4,0,12.00,159.00,false
45,BLUE_14,BLUE,SPIDER,-1,4,8,0,60.00,32.00,false
45,BLUE_15,BLUE,SPIDER,-3,3,1,0,2.00,4.00,false
45,BLUE_16,BLUE,GOBLIN,-3,4,1,0,0.00,8.00,false
46,GREEN_1,GREEN,GOBLIN,2,-3,2,0,8.00,16.00,false
46,GREEN_2,GREEN,SPIDER,1,-4,10,0,42.00,40.00,false
46,GREEN_3,GREEN,MAGE,-1,-3,3,3,860.00,10.00,false
46,GREEN_4,GREEN,GOLEM,1,-3,4,4,56.00,662.00,false
46,GREEN_5,GREEN,SCORPION_RIDER,4,-4,3,0,70.00,63.00,false
46,GREEN_6,GREEN,SPIDER,0,-4,1,0,0.00,4.00,false
46,BLUE_7,BLUE,MAGE,-1,3,4,4,0.00,0.00,false
46,BLUE_8,BLUE,SPIDER,1,3,9,0,59.00,54.00,false
46,BLUE_9,BLUE,GOBLIN,-2,3,4,0,24.00,32.00,false
46,BLUE_10,BLUE,ARCHER,-3,3,2,0,14.00,20.00,false
46,BLUE_11,BLUE,SPIDER,-2,4,6,0,30.00,24.00,false
46,BLUE_12,BLUE,ARCHER,-1,4,2,2,634.00,0.00,false
46,BLUE_13,BLUE,GOLEM,-3,4,2,2,34.00,906.00,false
47,GREEN_1,GREEN,ASSASSIN,-1,-3,8,0,16.00,64.00,false
47,GREEN_2,GREEN,ASSASSIN,4,-4,1,0,0.00,8.00,false
47,GREEN_3,GREEN,ARCHER,3,-4,4,0,76.00,40.00,false
47,GREEN_4,GREEN,GOLEM,0,-4,3,0,24.00,96.00,false
47,GREEN_5,GREEN,ASSASSIN,1,-4,1,0,8.00,8.00,false
47,GREEN_6,GREEN,SPIDER,3,-3,1,0,2.00,4.00,false
47,BLUE_7,BLUE,GOBLIN,-2,3,8,5,40.00,39.00,true
47,BLUE_8,BLUE,GARGOYLE,-3,4,1,1,0.00,0.00,true
47,BLUE_9,BLUE,ARCHER,-1,3,8,7,142.00,23.00,true
47,BLUE_10,BLUE,ASSASSIN,-2,4,6,0,12.00,48.00,true
47,BLUE_11,BLUE,ARCHER,-1,4,2,0,26.00,16.00,true
48,GREEN_1,GREEN,GOBLIN,4,-4,3,0,12.00,29.00,false
48,GREEN_2,GREEN,SCORPION_RIDER,0,-3,1,0,24.00,26.00,false
48,GREEN_3,GREEN,GOLEM,3,-3,4,4,644.00,418.00,false
48,GREEN_4,GREEN,ASSASSIN,4,-3,7,0,154.00,56.00,false
48,GREEN_5,GREEN,GARGOYLE,-1,-3,2,2,6.00,16.00,false
48,GREEN_6,GREEN,GOBLIN,0,-4,1,0,4.00,8.00,false
48,BLUE_7,BLUE,GOLEM,-2,3,2,0,18.00,78.00,false
48,BLUE_8,BLUE,SPIDER,0,4,5,0,45.00,20.00,false
48,BLUE_9,BLUE,ASSASSIN,-4,3,3,0,38.00,24.00,false
48,BLUE_10,BLUE,GOLEM,-3,3,1,0,7.00,50.00,false
48,BLUE_11,BLUE,ASSASSIN,-2,4,1,0,6.00,8.00,false
48,BLUE_12,BLUE,GOLEM,0,3,3,3,428.00,614.00,false
48,BLUE_13,BLUE,SCORPION_RIDER,-4,4,1,0,2.00,18.00,false
48,BLUE_14,BLUE,GARGOYLE,-3,4,1,0,1.00,16.00,false
48,BLUE_15,BLUE,GOBLIN,1,3,2,0,8.00,16.00,false
49,GREEN_1,GREEN,ASSASSIN,2,-3,3,0,16.00,24.00,true
49,GREEN_2,GREEN,SPIDER,1,-3,3,0,6.00,12.00,true
49,GREEN_3,GREEN,SCORPION_RIDER,4,-4,3,0,52.00,64.00,true
49,GREEN_4,GREEN,GOLEM,0,-4,4,4,114.00,107.00,true
49,GREEN_5,GREEN,GOBLIN,-1,-3,7,7,98.00,114.00,true
49,GREEN_6,GREEN,SPIDER,3,-4,1,0,0.00,4.00,true
49,GREEN_7,GREEN,GOBLIN,2,-4,1,0,4.00,8.00,true
49,GREEN_8,GREEN,GOBLIN,1,-4,1,0,4.00,8.00,true
49,BLUE_9,BLUE,GOBLIN,-4,4,7,0,46.00,76.00,false
49,BLUE_10,BLUE,GARGOYLE,-1,3,6,0,146.00,96.00,false
49,BLUE_11,BLUE,SPIDER,-3,3,2,0,2.00,8.00,false
49,BLUE_12,BLUE,GOLEM,-3,4,2,0,25.00,64.00,false
49,BLUE_13,BLUE,MAGE,-2,4,2,0,86.00,16.00,false
49,BLUE_14,BLUE,SPIDER,0,4,6,0,32.00,26.00,false
49,BLUE_15,BLUE,GOBLIN,-1,4,1,0,4.00,8.00,false
50,GREEN_1,GREEN,GARGOYLE,0,-3,5,4,52.00,132.00,true
50,GREEN_2,GREEN,MAGE,2,-4,7,5,136.00,28.00,true
50,GREEN_3,GREEN,GOLEM,0,-4,2,2,90.00,33.00,true
50,GREEN_4,GREEN,SCORPION_RIDER,1,-4,1,0,8.00,18.00,true
50,GREEN_5,GREEN,MAGE,4,-4,1,0,32.00,8.00,true
50,GREEN_6,GREEN,SPIDER,-1,-3,2,0,10.00,8.00,true
50,BLUE_7,BLUE,SCORPION_RIDER,-1,4,3,0,60.00,54.00,false
50,BLUE_8,BLUE,MAGE,-1,3,6,0,116.00,48.00,false
50,BLUE_9,BLUE,GOLEM,-4,3,1,0,33.00,90.00,false
50,BLUE_10,BLUE,SCORPION_RIDER,1,3,5,0,18.00,128.00,false
50,BLUE_11,BLUE,ASSASSIN,-2,4,1,0,0.00,8.00,false
51,GREEN_1,GREEN,GOLEM,3,-3,4,0,56.00,122.00,false
51,GREEN_2,GREEN,SPIDER,3,-4,4,0,4.00,16.00,false
51,GREEN_3,GREEN,GARGOYLE,4,-4,4,0,51.00,64.00,false
51,GREEN_4,GREEN,GOBLIN,4,-3,9,0,0.00,122.00,false
51,GREEN_5,GREEN,GOBLIN,2,-3,6,0,16.00,53.00,false
51,BLUE_6,BLUE,GOLEM,-2,4,1,1,5.00,10.00,true
51,BLUE_7,BLUE,ARCHER,-4,4,3,3,82.00,0.00,true
51,BLUE_8,BLUE,GOBLIN,-2,3,2,0,2.00,16.00,true
51,BLUE_9,BLUE,GARGOYLE,1,3,2,1,3.00,28.00,true
51,BLUE_10,BLUE,MAGE,-3,4,6,5,135.00,35.00,true
51,BLUE_11,BLUE,GOBLIN,-3,3,7,6,66.00,38.00,true
51,BLUE_12,BLUE,ARCHER,0,4,3,3,84.00,0.00,true
52,GREEN_1,GREEN,GOLEM,1,-3,1,0,3.00,26.00,false
52,GREEN_2,GREEN,ARCHER,3,-3,6,0,25.00,48.00,false
52,GREEN_3,GREEN,GOBLIN,2,-4,10,0,38.00,90.00,false
52,GREEN_4,GREEN,ARCHER,1,-4,5,0,54.00,40.00,false
52,GREEN_5,GREEN,SPIDER,3,-4,8,0,36.00,32.00,false
52,GREEN_6,GREEN,SPIDER,0,-4,2,0,2.00,8.00,false
52,BLUE_7,BLUE,GOLEM,-4,3,2,2,18.00,41.00,true
52,BLUE_8,BLUE,ARCHER,-3,4,12,12,186.00,45.00,true
52,BLUE_9,BLUE,SCORPION_RIDER,-1,4,4,4,32.00,36.00,true
52,BLUE_10,BLUE,GOBLIN,-3,3,4,0,8.00,36.00,true
53,GREEN_1,GREEN,MAGE,3,-4,5,5,90.00,8.00,true
53,GREEN_2,GREEN,MAGE,4,-4,1,0,28.00,12.00,true
53,GREEN_3,GREEN,MAGE,1,-3,6,6,152.00,0.00,true
53,GREEN_4,GREEN,GOBLIN,2,-3,10,6,42.00,95.00,true
53,GREEN_5,GREEN,SPIDER,0,-3,3,0,26.00,12.00,true
53,BLUE_6,BLUE,SPIDER,1,3,6,0,26.00,24.00,false
53,BLUE_7,BLUE,GOBLIN,-3,3,12,0,8.00,160.00,false
53,BLUE_8,BLUE,GOLEM,-4,4,3,0,13.00,90.00,false
53,BLUE_9,BLUE,MAGE,-1,3,1,0,4.00,8.00,false
53,BLUE_10,BLUE,MAGE,0,4,2,0,72.00,16.00,false
53,BLUE_11,BLUE,GOBLIN,-4,3,4,0,4.00,32.00,false
53,BLUE_12,BLUE,ASSASSIN,-2,3,1,0,0.00,8.00,false
54,GREEN_1,GREEN,GOBLIN,1,-4,9,0,0.00,117.00,false
54,GREEN_2,GREEN,GOLEM,0,-4,3,0,67.00,114.00,false
54,GREEN_3,GREEN,GARGOYLE,2,-4,6,0,0.00,96.00,false
54,GREEN_4,GREEN,SPIDER,2,-3,3,0,0.00,12.00,false
54,GREEN_5,GREEN,GARGOYLE,3,-3,2,0,1.00,32.00,false
54,GREEN_6,GREEN,GOBLIN,0,-3,1,0,0.00,8.00,false
54,BLUE_7,BLUE,ARCHER,0,3,7,7,280.00,0.00,true
54,BLUE_8,BLUE,GOLEM,-4,4,4,4,83.00,40.00,true
54,BLUE_9,BLUE,GOBLIN,-1,4,8,8,0.00,0.00,true
54,BLUE_10,BLUE,GARGOYLE,-4,3,2,1,16.00,28.00,true
54,BLUE_11,BLUE,GOLEM,0,4,1,1,0.00,0.00,true
55,GREEN_1,GREEN,ASSASSIN,4,-3,6,0,108.00,48.00,false
55,GREEN_2,GREEN,GARGOYLE,2,-4,3,0,27.00,48.00,false
55,GREEN_3,GREEN,ASSASSIN,3,-4,8,0,30.00,64.00,false
55,GREEN_4,GREEN,ARCHER,1,-3,1,0,5.00,8.00,false
55,BLUE_5,BLUE,SCORPION_RIDER,1,3,3,3,48.00,27.00,true
55,BLUE_6,BLUE,GOBLIN,-2,4,5,0,26.00,40.00,true
55,BLUE_7,BLUE,GOLEM,0,3,2,2,8.00,28.00,true
55,BLUE_8,BLUE,GOLEM,-1,3,3,3,21.00,40.00,true
55,BLUE_9,BLUE,GARGOYLE,-3,4,1,0,3.00,16.00,true
55,BLUE_10,BLUE,GOLEM,-2,3,1,1,5.00,14.00,true
55,BLUE_11,BLUE,MAGE,-3,3,2,2,28.00,5.00,true
55,BLUE_12,BLUE,ARCHER,-4,4,1,1,29.00,0.00,true
56,GREEN_1,GREEN,GARGOYLE,1,-3,2,0,6.00,32.00,false
56,GREEN_2,GREEN,GOLEM,-1,-3,1,0,4.00,32.00,false
56,GREEN_3,GREEN,ASSASSIN,3,-3,6,0,8.00,48.00,false
56,GREEN_4,GREEN,ASSASSIN,2,-3,4,0,28.00,32.00,false
56,GREEN_5,GREEN,GOLEM,0,-4,3,0,37.00,126.00,false
56,BLUE_6,BLUE,GOLEM,-4,3,2,1,34.00,59.00,true
56,BLUE_7,BLUE,ARCHER,0,4,4,4,19.00,0.00,true
56,BLUE_8,BLUE,ARCHER,-4,4,1,1,48.00,0.00,true
56,BLUE_9,BLUE,SPIDER,-3,4,14,14,4.00,0.00,true
56,BLUE_10,BLUE,MAGE,-2,3,2,2,98.00,0.00,true
56,BLUE_11,BLUE,ASSASSIN,1,3,2,0,14.00,16.00,true
56,BLUE_12,BLUE,MAGE,0,3,1,1,49.00,0.00,true
56,BLUE_13,BLUE,GOBLIN,-2,4,1,0,4.00,8.00,true
57,GREEN_1,GREEN,SCORPION_RIDER,2,-3,3,2,97.00,47.00,true
57,GREEN_2,GREEN,GOBLIN,1,-4,12,11,56.00,49.00,true
57,GREEN_3,GREEN,GARGOYLE,-1,-3,6,6,0.00,32.00,true
57,GREEN_4,GREEN,MAGE,4,-3,2,0,31.00,16.00,true
57,GREEN_5,GREEN,ARCHER,2,-4,1,1,24.00,0.00,true
57,GREEN_6,GREEN,GOBLIN,0,-3,1,0,0.00,8.00,true
57,BLUE_7,BLUE,ARCHER,-3,3,7,0,89.00,56.00,false
57,BLUE_8,BLUE,SPIDER,-2,4,4,0,12.00,16.00,false
57,BLUE_9,BLUE,ASSASSIN,1,3,4,0,16.00,32.00,false
57,BLUE_10,BLUE,GOLEM,0,4,2,0,27.00,62.00,false
57,BLUE_11,BLUE,ASSASSIN,-1,3,3,0,0.00,24.00,false
57,BLUE_12,BLUE,SCORPION_RIDER,-2,3,1,0,8.00,18.00,false
58,GREEN_1,GREEN,GARGOYLE,2,-4,2,0,0.00,32.00,false
58,GREEN_2,GREEN,ASSASSIN,0,-3,2,0,0.00,16.00,false
58,GREEN_3,GREEN,GOBLIN,1,-4,11,0,54.00,88.00,false
58,GREEN_4,GREEN,SCORPION_RIDER,0,-4,3,0,0.00,54.00,false
58,GREEN_5,GREEN,GARGOYLE,2,-3,4,0,7.00,64.00,false
58,GREEN_6,GREEN,GOLEM,3,-3,1,0,8.00,26.00,false
58,BLUE_7,BLUE,SCORPION_RIDER,1,3,4,3,91.00,54.00,true
58,BLUE_8,BLUE,SPIDER,-1,4,4,3,18.00,7.00,true
58,BLUE_9,BLUE,ARCHER,-3,3,11,11,163.00,0.00,true
58,BLUE_10,BLUE,GARGOYLE,-4,4,3,3,0.00,0.00,true
58,BLUE_11,BLUE,ARCHER,-2,3,1,0,8.00,8.00,true
59,GREEN_1,GREEN,GOBLIN,1,-3,5,4,40.00,23.00,true
59,GREEN_2,GREEN,MAGE,4,-3,7,6,162.00,23.00,true
59,GREEN_3,GREEN,MAGE,0,-3,7,7,86.00,0.00,true
59,GREEN_4,GREEN,GOBLIN,3,-3,4,0,22.00,53.00,true
59,BLUE_5,BLUE,GARGOYLE,0,4,4,0,20.00,64.00,false
59,BLUE_6,BLUE,GOLEM,0,3,4,0,16.00,166.00,false
59,BLUE_7,BLUE,MAGE,-3,4,4,0,33.00,32.00,false
59,BLUE_8,BLUE,ARCHER,-2,3,4,0,23.00,32.00,false
59,BLUE_9,BLUE,ARCHER,-4,4,1,0,7.00,8.00,false
59,BLUE_10,BLUE,GOBLIN,-3,3,1,0,0.00,8.00,false
60,GREEN_1,GREEN,ARCHER,1,-4,3,0,101.00,24.00,false
60,GREEN_2,GREEN,GOLEM,0,-4,2,0,22.00,84.00,false
60,GREEN_3,GREEN,GOBLIN,3,-4,1,0,8.00,8.00,false
60,GREEN_4,GREEN,GOBLIN,3,-3,9,0,26.00,88.00,false
60,GREEN_5,GREEN,SCORPION_RIDER,4,-4,5,0,48.00,164.00,false
60,GREEN_6,GREEN,GOLEM,2,-4,2,0,0.00,68.00,false
60,BLUE_7,BLUE,MAGE,-2,4,3,0,60.00,24.00,true
60,BLUE_8,BLUE,ASSASSIN,-4,4,3,0,16.00,24.00,true
60,BLUE_9,BLUE,GOLEM,-3,4,4,4,95.00,136.00,true
60,BLUE_10,BLUE,MAGE,-1,4,6,5,265.00,21.00,true
61,GREEN_1,GREEN,SCORPION_RIDER,-1,-3,4,4,0.00,0.00,true
61,GREEN_2,GREEN,GARGOYLE,4,-4,1,1,0.00,0.00,true
61,GREEN_3,GREEN,GOLEM,2,-4,4,4,152.00,121.00,true
61,GREEN_4,GREEN,GOLEM,1,-3,2,2,10.00,33.00,true
61,GREEN_5,GREEN,GOBLIN,2,-3,5,0,52.00,95.00,true
61,GREEN_6,GREEN,SPIDER,3,-3,3,0,14.00,12.00,true
61,BLUE_7,BLUE,SPIDER,0,3,11,0,28.00,44.00,false
61,BLUE_8,BLUE,SPIDER,1,3,8,0,20.00,32.00,false
61,BLUE_9,BLUE,GARGOYLE,-4,4,6,0,195.00,96.00,false
61,BLUE_10,BLUE,ASSASSIN,-3,3,1,0,0.00,8.00,false
61,BLUE_11,BLUE,SCORPION_RIDER,-2,3,1,0,10.00,22.00,false
61,BLUE_12,BLUE,GOLEM,-2,4,1,0,8.00,26.00,false
62,GREEN_1,GREEN,GOBLIN,-1,-3,9,0,100.00,102.00,false
62,GREEN_2,GREEN,SPIDER,1,-3,14,0,50.00,56.00,false
62,GREEN_3,GREEN,GOBLIN,2,-3,4,0,0.00,42.00,false
62,GREEN_4,GREEN,SPIDER,0,-4,8,0,18.00,32.00,false
62,GREEN_5,GREEN,ASSASSIN,4,-3,2,0,0.00,16.00,false
62,GREEN_6,GREEN,SPIDER,0,-3,2,0,6.00,8.00,false
62,BLUE_7,BLUE,GOLEM,-2,3,1,0,13.00,26.00,true
62,BLUE_8,BLUE,MAGE,-2,4,5,5,65.00,0.00,true
62,BLUE_9,BLUE,ARCHER,0,3,2,2,66.00,10.00,true
62,BLUE_10,BLUE,ASSASSIN,-3,3,4,0,0.00,32.00,true
62,BLUE_11,BLUE,GOBLIN,-1,3,7,0,48.00,76.00,true
62,BLUE_12,BLUE,ARCHER,0,4,1,0,18.00,8.00,true
62,BLUE_13,BLUE,ARCHER,-4,4,1,1,22.00,6.00,true
62,BLUE_14,BLUE,MAGE,1,3,1,0,20.00,8.00,true
62,BLUE_15,BLUE,GOBLIN,-1,4,1,0,4.00,8.00,true
63,GREEN_1,GREEN,ASSASSIN,1,-3,1,0,0.00,8.00,false
63,GREEN_2,GREEN,ARCHER,-1,-3,3,0,23.00,24.00,false
63,GREEN_3,GREEN,ASSASSIN,4,-4,5,0,8.00,40.00,false
63,GREEN_4,GREEN,ASSASSIN,0,-4,2,0,0.00,16.00,false
63,GREEN_5,GREEN,ASSASSIN,4,-3,7,0,0.00,56.00,false
63,GREEN_6,GREEN,ARCHER,0,-3,1,0,15.00,8.00,false
63,BLUE_7,BLUE,MAGE,0,3,8,8,88.00,5.00,true
63,BLUE_8,BLUE,SPIDER,-1,4,13,7,22.00,28.00,true
63,BLUE_9,BLUE,MAGE,0,4,3,3,18.00,0.00,true
63,BLUE_10,BLUE,ARCHER,-3,3,1,1,20.00,5.00,true
63,BLUE_11,BLUE,GOBLIN,-1,3,1,0,4.00,8.00,true
64,GREEN_1,GREEN,SPIDER,2,-3,7,0,30.00,28.00,true
64,GREEN_2,GREEN,SPIDER,3,-3,10,0,42.00,40.00,true
64,GREEN_3,GREEN,MAGE,4,-4,8,8,168.00,5.00,true
64,GREEN_4,GREEN,ARCHER,2,-4,2,0,38.00,16.00,true
64,GREEN_5,GREEN,SCORPION_RIDER,-1,-3,1,0,18.00,20.00,true
64,BLUE_6,BLUE,GOBLIN,-3,4,3,0,4.00,24.00,false
64,BLUE_7,BLUE,SPIDER,1,3,2,0,0.00,8.00,false
64,BLUE_8,BLUE,GOBLIN,-1,4,6,0,0.00,56.00,false
64,BLUE_9,BLUE,SPIDER,-4,4,14,0,33.00,62.00,false
64,BLUE_10,BLUE,GOLEM,-4,3,2,0,23.00,56.00,false
64,BLUE_11,BLUE,GOLEM,0,3,2,0,24.00,78.00,false
64,BLUE_12,BLUE,SPIDER,-2,4,1,0,0.00,4.00,false
64,BLUE_13,BLUE,ARCHER,-1,3,1,0,25.00,8.00,false
65,GREEN_1,GREEN,ARCHER,2,-4,7,7,132.00,0.00,true
65,GREEN_2,GREEN,GARGOYLE,4,-3,1,1,8.00,4.00,true
65,GREEN_3,GREEN,MAGE,0,-3,7,3,66.00,42.00,true
65,GREEN_4,GREEN,SPIDER,2,-3,11,0,54.00,44.00,true
65,BLUE_5,BLUE,ARCHER,-1,3,1,0,8.00,8.00,false
65,BLUE_6,BLUE,GOLEM,-1,4,4,0,34.00,104.00,false
65,BLUE_7,BLUE,SCORPION_RIDER,0,4,5,0,36.00,98.00,false
65,BLUE_8,BLUE,ASSASSIN,-3,4,4,0,0.00,32.00,false
65,BLUE_9,BLUE,MAGE,-2,3,1,0,4.00,8.00,false
65,BLUE_10,BLUE,GOBLIN,-2,4,1,0,8.00,10.00,false
66,GREEN_1,GREEN,SPIDER,-1,-3,11,0,85.00,54.00,false
66,GREEN_2,GREEN,ASSASSIN,2,-4,7,0,64.00,56.00,false
66,GREEN_3,GREEN,GARGOYLE,0,-3,5,0,44.00,80.00,false
66,GREEN_4,GREEN,SPIDER,3,-3,1,0,6.00,4.00,false
66,GREEN_5,GREEN,GOBLIN,1,-4,1,0,4.00,8.00,false
66,BLUE_6,BLUE,ASSASSIN,-3,3,5,0,16.00,40.00,true
66,BLUE_7,BLUE,SPIDER,-4,4,11,9,104.00,35.00,true
66,BLUE_8,BLUE,GOBLIN,-4,3,11,0,48.00,100.00,true
66,BLUE_9,BLUE,SPIDER,-1,4,1,0,2.00,4.00,true
66,BLUE_10,BLUE,ASSASSIN,-1,3,1,0,8.00,8.00,true
66,BLUE_11,BLUE,MAGE,0,3,2,0,24.00,16.00,true
67,GREEN_1,GREEN,SCORPION_RIDER,-1,-3,4,0,20.00,78.00,false
67,GREEN_2,GREEN,GARGOYLE,2,-3,6,0,27.00,96.00,false
67,GREEN_3,GREEN,ASSASSIN,0,-3,6,0,0.00,48.00,false
67,GREEN_4,GREEN,MAGE,3,-3,1,0,4.00,8.00,false
67,BLUE_5,BLUE,GOLEM,-4,3,4,4,0.00,0.00,true
67,BLUE_6,BLUE,SPIDER,0,4,5,1,36.00,19.00,true
67,BLUE_7,BLUE,ARCHER,-4,4,7,7,108.00,0.00,true
67,BLUE_8,BLUE,MAGE,-1,3,3,0,21.00,24.00,true
67,BLUE_9,BLUE,ARCHER,-2,3,1,1,33.00,0.00,true
67,BLUE_10,BLUE,GOBLIN,1,3,1,0,0.00,8.00,true
67,BLUE_11,BLUE,ARCHER,-3,4,1,1,32.00,0.00,true
68,GREEN_1,GREEN,GOLEM,0,-3,4,4,36.00,37.00,true
68,GREEN_2,GREEN,GOBLIN,2,-3,3,0,15.00,24.00,true
68,GREEN_3,GREEN,ARCHER,4,-3,5,5,110.00,0.00,true
68,GREEN_4,GREEN,SPIDER,4,-4,15,11,80.00,16.00,true
68,GREEN_5,GREEN,SPIDER,0,-4,2,0,6.00,8.00,true
68,BLUE_6,BLUE,GOBLIN,-2,3,9,0,44.00,103.00,false
68,BLUE_7,BLUE,GARGOYLE,1,3,3,0,0.00,48.00,false
68,BLUE_8,BLUE,ASSASSIN,-3,4,6,0,16.00,48.00,false
68,BLUE_9,BLUE,ASSASSIN,0,3,2,0,8.00,16.00,false
68,BLUE_10,BLUE,GARGOYLE,-2,4,1,0,0.00,16.00,false
68,BLUE_11,BLUE,MAGE,-4,3,2,0,17.00,16.00,false
69,GREEN_1,GREEN,ARCHER,4,-3,10,0,155.00,133.00,true
69,GREEN_2,GREEN,SCORPION_RIDER,2,-3,5,4,67.00,49.00,true
69,GREEN_3,GREEN,ASSASSIN,0,-4,2,0,0.00,16.00,true
69,GREEN_4,GREEN,ARCHER,1,-4,4,4,11.00,5.00,true
69,BLUE_5,BLUE,MAGE,-2,3,1,0,11.00,8.00,false
69,BLUE_6,BLUE,ARCHER,-4,4,11,0,81.00,88.00,false
69,BLUE_7,BLUE,ARCHER,-2,4,2,0,10.00,16.00,false
69,BLUE_8,BLUE,ARCHER,-1,3,10,0,101.00,117.00,false
69,BLUE_9,BLUE,SPIDER,0,4,1,0,0.00,4.00,false
70,GREEN_1,GREEN,ARCHER,2,-4,7,5,99.00,36.00,true
70,GREEN_2,GREEN,GOLEM,3,-4,4,4,17.00,138.00,true
70,GREEN_3,GREEN,ARCHER,2,-3,3,3,24.00,12.00,true
70,GREEN_4,GREEN,GOLEM,0,-3,1,0,15.00,32.00,true
70,GREEN_5,GREEN,MAGE,-1,-3,2,2,22.00,0.00,true
70,GREEN_6,GREEN,GARGOYLE,4,-4,1,1,4.00,5.00,true
70,GREEN_7,GREEN,SPIDER,4,-3,1,0,4.00,7.00,true
70,BLUE_8,BLUE,MAGE,0,4,2,0,12.00,21.00,false
70,BLUE_9,BLUE,SPIDER,0,3,1,0,0.00,4.00,false
70,BLUE_10,BLUE,ASSASSIN,-3,3,4,0,0.00,32.00,false
70,BLUE_11,BLUE,SCORPION_RIDER,-4,3,2,0,46.00,40.00,false
70,BLUE_12,BLUE,MAGE,-1,3,7,0,169.00,56.00,false
70,BLUE_13,BLUE,GARGOYLE,-4,4,1,0,3.00,16.00,false
70,BLUE_14,BLUE,GARGOYLE,-3,4,1,0,0.00,16.00,false
71,GREEN_1,GREEN,SCORPION_RIDER,4,-3,3,0,0.00,60.00,false
71,GREEN_2,GREEN,SPIDER,2,-4,6,0,5.00,24.00,false
71,GREEN_3,GREEN,GOLEM,2,-3,2,0,36.00,52.00,false
71,GREEN_4,GREEN,SCORPION_RIDER,1,-4,6,0,108.00,130.00,false
71,GREEN_5,GREEN,SPIDER,0,-4,5,0,10.00,20.00,false
71,BLUE_6,BLUE,GARGOYLE,0,3,1,0,3.00,16.00,true
71,BLUE_7,BLUE,MAGE,-4,3,2,0,12.00,16.00,true
71,BLUE_8,BLUE,GARGOYLE,1,3,1,0,3.00,16.00,true
71,BLUE_9,BLUE,GOLEM,0,4,1,0,8.00,26.00,true
71,BLUE_10,BLUE,MAGE,-3,4,8,6,235.00,33.00,true
71,BLUE_11,BLUE,SCORPION_RIDER,-1,3,2,0,16.00,36.00,true
71,BLUE_12,BLUE,MAGE,-3,3,2,0,9.00,16.00,true
72,GREEN_1,GREEN,GARGOYLE,-1,-3,2,0,6.00,32.00,false
72,GREEN_2,GREEN,SCORPION_RIDER,2,-4,3,0,12.00,54.00,false
72,GREEN_3,GREEN,SCORPION_RIDER,0,-4,2,0,32.00,36.00,false
72,GREEN_4,GREEN,ASSASSIN,0,-3,6,0,18.00,48.00,false
72,GREEN_5,GREEN,ARCHER,1,-3,1,0,9.00,8.00,false
72,GREEN_6,GREEN,SCORPION_RIDER,4,-4,3,0,40.00,58.00,false
72,BLUE_7,BLUE,MAGE,-1,3,8,8,96.00,0.00,true
72,BLUE_8,BLUE,GOBLIN,-3,4,9,0,60.00,79.00,true
72,BLUE_9,BLUE,ASSASSIN,-4,3,1,0,4.00,8.00,true
72,BLUE_10,BLUE,SPIDER,0,3,9,6,72.00,12.00,true
72,BLUE_11,BLUE,SCORPION_RIDER,-2,4,1,0,4.00,18.00,true
73,GREEN_1,GREEN,GARGOYLE,-1,-3,1,0,9.00,16.00,false
73,GREEN_2,GREEN,ARCHER,0,-3,8,0,235.00,79.00,false
73,GREEN_3,GREEN,SPIDER,0,-4,12,0,50.00,60.00,false
73,GREEN_4,GREEN,SPIDER,2,-4,11,0,0.00,44.00,false
73,GREEN_5,GREEN,ASSASSIN,4,-4,1,0,6.00,8.00,false
73,BLUE_6,BLUE,GOBLIN,-1,4,12,0,0.00,140.00,true
73,BLUE_7,BLUE,GOLEM,-1,3,1,0,10.00,34.00,true
73,BLUE_8,BLUE,ARCHER,0,4,12,10,193.00,86.00,true
73,BLUE_9,BLUE,SCORPION_RIDER,1,3,1,1,4.00,16.00,true
73,BLUE_10,BLUE,GARGOYLE,-3,3,1,0,0.00,16.00,true
73,BLUE_11,BLUE,GOBLIN,0,3,1,0,0.00,8.00,true
74,GREEN_1,GREEN,ARCHER,0,-3,7,0,86.00,76.00,false
74,GREEN_2,GREEN,GOLEM,1,-3,1,0,5.00,26.00,false
74,GREEN_3,GREEN,SPIDER,2,-3,15,0,26.00,60.00,false
74,GREEN_4,GREEN,GARGOYLE,3,-3,4,0,0.00,64.00,false
74,GREEN_5,GREEN,GOBLIN,1,-4,2,0,8.00,22.00,false
74,BLUE_6,BLUE,ARCHER,-3,3,5,0,48.00,40.00,true
74,BLUE_7,BLUE,MAGE,-1,4,2,2,0.00,0.00,true
74,BLUE_8,BLUE,MAGE,-3,4,2,2,31.00,5.00,true
74,BLUE_9,BLUE,ARCHER,1,3,11,10,169.00,49.00,true
74,BLUE_10,BLUE,GARGOYLE,-4,4,2,1,0.00,27.00,true
74,BLUE_11,BLUE,SPIDER,-2,3,1,0,0.00,4.00,true
75,GREEN_1,GREEN,SCORPION_RIDER,-1,-3,6,0,139.00,154.00,false
75,GREEN_2,GREEN,GOLEM,0,-4,3,0,25.00,150.00,false
75,GREEN_3,GREEN,GOLEM,2,-3,4,0,68.00,128.00,false
75,GREEN_4,GREEN,ASSASSIN,3,-4,1,0,8.00,8.00,false
75,BLUE_5,BLUE,SPIDER,-3,3,10,0,42.00,40.00,true
75,BLUE_6,BLUE,GOLEM,0,4,1,0,8.00,28.00,true
75,BLUE_7,BLUE,SCORPION_RIDER,-1,4,6,6,183.00,106.00,true
75,BLUE_8,BLUE,GOBLIN,-2,3,5,0,27.00,50.00,true
75,BLUE_9,BLUE,ARCHER,-4,4,3,3,177.00,0.00,true
75,BLUE_10,BLUE,GARGOYLE,-4,3,1,0,3.00,16.00,true
76,GREEN_1,GREEN,GARGOYLE,2,-4,6,6,17.00,12.00,true
76,GREEN_2,GREEN,SPIDER,1,-3,13,9,121.00,38.00,true
76,GREEN_3,GREEN,GARGOYLE,4,-4,6,5,34.00,24.00,true
76,BLUE_4,BLUE,ASSASSIN,-4,3,6,0,0.00,54.00,false
76,BLUE_5,BLUE,ASSASSIN,1,3,5,0,36.00,40.00,false
76,BLUE_6,BLUE,SPIDER,0,4,8,0,24.00,38.00,false
76,BLUE_7,BLUE,MAGE,-1,4,2,0,10.00,16.00,false
76,BLUE_8,BLUE,GOBLIN,0,3,2,0,0.00,16.00,false
76,BLUE_9,BLUE,GOBLIN,-1,3,1,0,4.00,8.00,false
77,GREEN_1,GREEN,GOBLIN,2,-3,1,0,4.00,8.00,false
77,GREEN_2,GREEN,ARCHER,1,-3,7,0,94.00,61.00,false
77,GREEN_3,GREEN,GARGOYLE,3,-4,6,0,0.00,96.00,false
77,GREEN_4,GREEN,SCORPION_RIDER,-1,-3,3,0,19.00,72.00,false
77,GREEN_5,GREEN,SCORPION_RIDER,0,-4,1,0,0.00,18.00,false
77,GREEN_6,GREEN,SPIDER,4,-4,2,0,0.00,8.00,false
77,GREEN_7,GREEN,GARGOYLE,4,-3,1,0,0.00,16.00,false
77,BLUE_8,BLUE,ARCHER,-2,4,3,0,54.00,24.00,true
77,BLUE_9,BLUE,GOLEM,-2,3,2,0,15.00,52.00,true
77,BLUE_10,BLUE,MAGE,-3,4,2,2,49.00,0.00,true
77,BLUE_11,BLUE,ARCHER,0,3,12,12,153.00,25.00,true
77,BLUE_12,BLUE,ASSASSIN,-4,3,2,0,8.00,16.00,true
78,GREEN_1,GREEN,SCORPION_RIDER,3,-3,3,0,58.00,54.00,false
78,GREEN_2,GREEN,GARGOYLE,3,-4,3,0,17.00,48.00,false
78,GREEN_3,GREEN,SCORPION_RIDER,-1,-3,2,0,40.00,46.00,false
78,GREEN_4,GREEN,ASSASSIN,2,-4,7,0,48.00,56.00,false
78,GREEN_5,GREEN,ARCHER,1,-4,1,0,62.00,8.00,false
78,GREEN_6,GREEN,GOLEM,1,-3,1,0,17.00,34.00,false
78,BLUE_7,BLUE,GOLEM,-3,4,2,0,40.00,62.00,true
78,BLUE_8,BLUE,MAGE,-4,3,6,0,45.00,48.00,true
78,BLUE_9,BLUE,SCORPION_RIDER,-3,3,6,6,147.00,106.00,true
78,BLUE_10,BLUE,SCORPION_RIDER,-1,4,1,0,8.00,18.00,true
78,BLUE_11,BLUE,ASSASSIN,0,3,1,0,6.00,8.00,true
79,GREEN_1,GREEN,GOBLIN,2,-3,7,0,24.00,56.00,true
79,GREEN_2,GREEN,GOLEM,2,-4,4,4,134.00,149.00,true
79,GREEN_3,GREEN,ARCHER,1,-3,1,1,112.00,0.00,true
79,GREEN_4,GREEN,SPIDER,0,-4,4,4,0.00,0.00,true
79,GREEN_5,GREEN,SCORPION_RIDER,1,-4,3,0,36.00,54.00,true
79,GREEN_6,GREEN,GOBLIN,4,-4,1,1,0.00,0.00,true
79,GREEN_7,GREEN,MAGE,-1,-3,2,2,224.00,0.00,true
79,GREEN_8,GREEN,GOBLIN,0,-3,2,0,8.00,16.00,true
79,BLUE_9,BLUE,GARGOYLE,0,3,6,0,59.00,96.00,false
79,BLUE_10,BLUE,SCORPION_RIDER,-4,3,4,0,102.00,101.00,false
79,BLUE_11,BLUE,GOLEM,1,3,1,0,0.00,64.00,false
79,BLUE_12,BLUE,GOBLIN,-3,3,12,0,114.00,273.00,false
79,BLUE_13,BLUE,SPIDER,-2,3,1,0,0.00,4.00,false
80,GREEN_1,GREEN,GARGOYLE,0,-3,2,0,6.00,32.00,true
80,GREEN_2,GREEN,ASSASSIN,3,-3,5,0,30.00,40.00,true
80,GREEN_3,GREEN,GOLEM,2,-3,2,2,48.00,35.00,true
80,GREEN_4,GREEN,ARCHER,4,-3,6,6,180.00,4.00,true
80,GREEN_5,GREEN,GARGOYLE,4,-4,2,2,6.00,11.00,true
80,GREEN_6,GREEN,SPIDER,2,-4,3,0,23.00,12.00,true
80,GREEN_7,GREEN,GOBLIN,1,-4,1,0,4.00,8.00,true
80,BLUE_8,BLUE,SCORPION_RIDER,0,4,1,0,6.00,22.00,false
80,BLUE_9,BLUE,ASSASSIN,-4,4,6,0,32.00,48.00,false
80,BLUE_10,BLUE,SPIDER,-1,3,1,0,0.00,4.00,false
80,BLUE_11,BLUE,MAGE,-3,3,1,0,28.00,8.00,false
80,BLUE_12,BLUE,GARGOYLE,-1,4,3,0,33.00,51.00,false
80,BLUE_13,BLUE,GARGOYLE,-4,3,1,0,11.00,22.00,false
80,BLUE_14,BLUE,GOLEM,-2,3,3,0,29.00,126.00,false
80,BLUE_15,BLUE,GARGOYLE,-2,4,1,0,3.00,16.00,false
81,GREEN_1,GREEN,ARCHER,2,-4,10,0,171.00,103.00,false
81,GREEN_2,GREEN,SPIDER,4,-3,13,0,28.00,52.00,false
81,GREEN_3,GREEN,SCORPION_RIDER,1,-4,4,0,68.00,84.00,false
81,GREEN_4,GREEN,SPIDER,0,-4,1,0,2.00,4.00,false
81,BLUE_5,BLUE,SCORPION_RIDER,0,3,4,0,26.00,72.00,true
81,BLUE_6,BLUE,GOBLIN,-1,3,3,0,12.00,24.00,true
81,BLUE_7,BLUE,SCORPION_RIDER,-2,3,3,2,56.00,51.00,true
81,BLUE_8,BLUE,GOLEM,-1,4,1,0,17.00,26.00,true
81,BLUE_9,BLUE,ARCHER,-4,4,9,0,130.00,92.00,true
81,BLUE_10,BLUE,SPIDER,0,4,1,0,2.00,4.00,true
82,GREEN_1,GREEN,ASSASSIN,2,-4,3,0,26.00,24.00,false
82,GREEN_2,GREEN,GOBLIN,4,-4,3,0,8.00,24.00,false
82,GREEN_3,GREEN,ASSASSIN,1,-4,6,0,70.00,48.00,false
82,GREEN_4,GREEN,ASSASSIN,4,-3,7,0,98.00,56.00,false
82,GREEN_5,GREEN,GOBLIN,3,-3,1,0,4.00,8.00,false
82,BLUE_6,BLUE,GOLEM,-3,4,4,4,128.00,194.00,true
82,BLUE_7,BLUE,ASSASSIN,-4,3,6,5,24.00,8.00,true
82,BLUE_8,BLUE,ASSASSIN,-4,4,4,4,0.00,0.00,true
82,BLUE_9,BLUE,ASSASSIN,1,3,2,2,8.00,4.00,true
83,GREEN_1,GREEN,SCORPION_RIDER,3,-4,6,0,40.00,142.00,false
83,GREEN_2,GREEN,SCORPION_RIDER,1,-4,5,0,0.00,104.00,false
83,GREEN_3,GREEN,ASSASSIN,1,-3,4,0,0.00,32.00,false
83,GREEN_4,GREEN,GOBLIN,2,-3,3,0,24.00,24.00,false
83,BLUE_5,BLUE,MAGE,-2,3,1,1,23.00,0.00,true
83,BLUE_6,BLUE,ARCHER,1,3,2,2,17.00,0.00,true
83,BLUE_7,BLUE,GOBLIN,-3,4,6,0,32.00,52.00,true
83,BLUE_8,BLUE,ARCHER,-1,4,6,6,154.00,0.00,true
83,BLUE_9,BLUE,MAGE,-1,3,7,7,74.00,0.00,true
83,BLUE_10,BLUE,SPIDER,-3,3,3,0,2.00,12.00,true
84,GREEN_1,GREEN,ARCHER,3,-3,4,4,135.00,4.00,true
84,GREEN_2,GREEN,MAGE,0,-3,5,2,95.00,26.00,true
84,GREEN_3,GREEN,ASSASSIN,2,-3,6,0,0.00,48.00,true
84,GREEN_4,GREEN,GARGOYLE,1,-4,4,0,22.00,70.00,true
84,BLUE_5,BLUE,SPIDER,-4,4,9,0,104.00,36.00,false
84,BLUE_6,BLUE,GOLEM,-2,3,4,0,0.00,148.00,false
84,BLUE_7,BLUE,ASSASSIN,-1,3,3,0,36.00,24.00,false
84,BLUE_8,BLUE,ASSASSIN,-3,3,4,0,0.00,32.00,false
84,BLUE_9,BLUE,SPIDER,0,3,1,0,2.00,4.00,false
84,BLUE_10,BLUE,SPIDER,-4,3,1,0,4.00,4.00,false
84,BLUE_11,BLUE,SPIDER,1,3,1,0,2.00,4.00,false
85,GREEN_1,GREEN,GOBLIN,2,-4,6,0,48.00,64.00,true
85,GREEN_2,GREEN,GOLEM,1,-3,1,0,10.00,32.00,true
85,GREEN_3,GREEN,GARGOYLE,3,-3,4,4,18.00,29.00,true
85,GREEN_4,GREEN,GOLEM,-1,-3,4,4,74.00,81.00,true
85,GREEN_5,GREEN,GOLEM,1,-4,1,0,5.00,26.00,true
85,GREEN_6,GREEN,GARGOYLE,2,-3,1,0,3.00,16.00,true
85,GREEN_7,GREEN,ARCHER,4,-4,1,1,50.00,0.00,true
85,GREEN_8,GREEN,MAGE,0,-3,1,1,14.00,0.00,true
85,BLUE_9,BLUE,ARCHER,-4,4,1,0,25.00,8.00,false
85,BLUE_10,BLUE,GOBLIN,-1,3,7,0,48.00,62.00,false
85,BLUE_11,BLUE,GARGOYLE,-2,3,5,0,61.00,80.00,false
85,BLUE_12,BLUE,ASSASSIN,0,3,1,0,6.00,8.00,false
85,BLUE_13,BLUE,ASSASSIN,0,4,8,0,108.00,64.00,false
86,GREEN_1,GREEN,GOLEM,-1,-3,1,0,57.00,404.00,true
86,GREEN_2,GREEN,SPIDER,4,-3,3,0,12.00,12.00,true
86,GREEN_3,GREEN,GOBLIN,1,-4,4,4,0.00,0.00,true
86,GREEN_4,GREEN,MAGE,0,-4,8,8,32.00,0.00,true
86,GREEN_5,GREEN,GOBLIN,2,-3,10,4,145.00,78.00,true
86,GREEN_6,GREEN,GOBLIN,1,-3,1,0,0.00,8.00,true
86,GREEN_7,GREEN,GOBLIN,4,-4,1,0,0.00,8.00,true
86,BLUE_8,BLUE,GARGOYLE,0,3,4,0,403.00,64.00,false
86,BLUE_9,BLUE,SPIDER,-2,4,12,0,41.00,48.00,false
86,BLUE_10,BLUE,SCORPION_RIDER,0,4,4,0,48.00,78.00,false
86,BLUE_11,BLUE,ASSASSIN,-1,3,1,0,6.00,8.00,false
86,BLUE_12,BLUE,GARGOYLE,-2,3,3,0,12.00,48.00,false
87,GREEN_1,GREEN,ARCHER,3,-4,3,0,176.00,28.00,true
87,GREEN_2,GREEN,GOLEM,-1,-3,1,1,0.00,0.00,true
87,GREEN_3,GREEN,ARCHER,2,-3,2,2,46.00,0.00,true
87,GREEN_4,GREEN,MAGE,1,-3,6,6,88.00,0.00,true
87,GREEN_5,GREEN,GARGOYLE,0,-4,3,3,0.00,0.00,true
87,GREEN_6,GREEN,GOLEM,4,-3,1,0,10.00,26.00,true
87,GREEN_7,GREEN,MAGE,3,-3,2,0,44.00,16.00,true
87,GREEN_8,GREEN,GOBLIN,4,-4,1,0,4.00,8.00,true
87,BLUE_9,BLUE,GOLEM,-3,3,2,0,8.00,54.00,false
87,BLUE_10,BLUE,GOBLIN,-1,3,7,0,16.00,88.00,false
87,BLUE_11,BLUE,SCORPION_RIDER,1,3,2,0,34.00,48.00,false
87,BLUE_12,BLUE,GOBLIN,-4,3,4,0,0.00,32.00,false
87,BLUE_13,BLUE,GARGOYLE,-2,4,4,0,0.00,64.00,false
87,BLUE_14,BLUE,GOLEM,-4,4,1,0,0.00,32.00,false
87,BLUE_15,BLUE,SCORPION_RIDER,-1,4,1,0,8.00,26.00,false
87,BLUE_16,BLUE,GOBLIN,-3,4,3,0,12.00,24.00,false
88,GREEN_1,GREEN,GOLEM,3,-4,1,1,12.00,12.00,true
88,GREEN_2,GREEN,MAGE,0,-4,4,4,55.00,9.00,true
88,GREEN_3,GREEN,ARCHER,2,-3,4,4,54.00,9.00,true
88,GREEN_4,GREEN,ASSASSIN,2,-4,1,0,0.00,8.00,true
88,GREEN_5,GREEN,GOBLIN,4,-3,11,10,48.00,88.00,true
88,GREEN_6,GREEN,GARGOYLE,1,-3,1,0,3.00,16.00,true
88,GREEN_7,GREEN,GOBLIN,0,-3,2,2,8.00,22.00,true
88,GREEN_8,GREEN,ASSASSIN,3,-3,1,0,0.00,8.00,true
88,GREEN_9,GREEN,GOBLIN,4,-4,2,0,8.00,16.00,true
88,BLUE_10,BLUE,SPIDER,-3,3,5,0,12.00,20.00,false
88,BLUE_11,BLUE,GOLEM,1,3,2,0,31.00,56.00,false
88,BLUE_12,BLUE,ARCHER,-1,4,1,0,5.00,8.00,false
88,BLUE_13,BLUE,ASSASSIN,-2,3,8,0,16.00,64.00,false
88,BLUE_14,BLUE,MAGE,-2,4,1,0,20.00,8.00,false
88,BLUE_15,BLUE,ARCHER,-1,3,4,0,104.00,32.00,false
89,GREEN_1,GREEN,ASSASSIN,3,-3,8,0,0.00,64.00,false
89,GREEN_2,GREEN,ASSASSIN,-1,-3,8,0,16.00,64.00,false
89,GREEN_3,GREEN,ASSASSIN,0,-4,1,0,0.00,8.00,false
89,GREEN_4,GREEN,SPIDER,3,-4,2,0,4.00,8.00,false
89,BLUE_5,BLUE,SCORPION_RIDER,0,3,6,6,19.00,20.00,true
89,BLUE_6,BLUE,ARCHER,-1,4,7,7,95.00,0.00,true
89,BLUE_7,BLUE,ASSASSIN,1,3,2,2,0.00,0.00,true
89,BLUE_8,BLUE,MAGE,-3,4,4,4,30.00,0.00,true
90,GREEN_1,GREEN,GOLEM,3,-3,4,4,124.00,109.00,true
90,GREEN_2,GREEN,SCORPION_RIDER,4,-4,1,0,16.00,26.00,true
90,GREEN_3,GREEN,ASSASSIN,2,-4,5,0,0.00,40.00,true
90,GREEN_4,GREEN,MAGE,2,-3,4,4,161.00,0.00,true
90,GREEN_5,GREEN,GOBLIN,-1,-3,2,0,4.00,16.00,true
90,GREEN_6,GREEN,ARCHER,0,-3,1,1,63.00,2.00,true
90,GREEN_7,GREEN,SPIDER,1,-3,1,0,2.00,4.00,true
90,BLUE_8,BLUE,SCORPION_RIDER,-4,3,2,0,32.00,46.00,false
90,BLUE_9,BLUE,GOBLIN,-1,4,7,0,28.00,64.00,false
90,BLUE_10,BLUE,SPIDER,-4,4,7,0,26.00,28.00,false
90,BLUE_11,BLUE,GOLEM,-2,3,1,0,3.00,28.00,false
90,BLUE_12,BLUE,GOLEM,-3,4,4,0,62.00,182.00,false
90,BLUE_13,BLUE,SPIDER,-3,3,5,0,46.00,22.00,false
91,GREEN_1,GREEN,GARGOYLE,-1,-3,5,0,14.00,80.00,false
91,GREEN_2,GREEN,GOLEM,1,-4,4,0,5.00,120.00,false
91,GREEN_3,GREEN,ASSASSIN,4,-3,7,0,16.00,56.00,false
91,BLUE_4,BLUE,ASSASSIN,-2,3,5,4,24.00,14.00,true
91,BLUE_5,BLUE,SCORPION_RIDER,-4,4,6,6,45.00,21.00,true
91,BLUE_6,BLUE,ARCHER,-1,4,8,8,187.00,0.00,true
92,GREEN_1,GREEN,MAGE,1,-4,5,0,105.00,40.00,false
92,GREEN_2,GREEN,SCORPION_RIDER,1,-3,5,0,36.00,116.00,false
92,GREEN_3,GREEN,GOBLIN,4,-4,2,0,0.00,16.00,false
92,GREEN_4,GREEN,GARGOYLE,2,-3,6,0,69.00,141.00,false
92,BLUE_5,BLUE,SCORPION_RIDER,-3,3,3,0,91.00,140.00,true
92,BLUE_6,BLUE,MAGE,0,4,8,8,163.00,0.00,true
92,BLUE_7,BLUE,SPIDER,-2,4,8,0,18.00,32.00,true
92,BLUE_8,BLUE,SPIDER,-1,4,1,0,0.00,4.00,true
92,BLUE_9,BLUE,ARCHER,-3,4,1,0,33.00,8.00,true
92,BLUE_10,BLUE,GOBLIN,-1,3,1,0,4.00,8.00,true
92,BLUE_11,BLUE,SCORPION_RIDER,1,3,1,0,4.00,18.00,true
93,GREEN_1,GREEN,MAGE,3,-3,7,0,56.00,56.00,false
93,GREEN_2,GREEN,SPIDER,4,-4,4,0,4.00,16.00,false
93,GREEN_3,GREEN,SPIDER,2,-4,5,0,8.00,20.00,false
93,GREEN_4,GREEN,SPIDER,-1,-3,9,0,18.00,36.00,false
93,GREEN_5,GREEN,GOLEM,3,-4,2,0,0.00,60.00,false
93,BLUE_6,BLUE,MAGE,-3,3,5,3,36.00,20.00,true
93,BLUE_7,BLUE,ARCHER,-2,4,9,7,141.00,24.00,true
93,BLUE_8,BLUE,MAGE,-1,3,1,0,4.00,8.00,true
93,BLUE_9,BLUE,GARGOYLE,0,3,3,3,7.00,34.00,true
93,BLUE_10,BLUE,GARGOYLE,-3,4,1,1,0.00,0.00,true
93,BLUE_11,BLUE,GOBLIN,-1,4,3,3,0.00,0.00,true
94,GREEN_1,GREEN,GARGOYLE,2,-3,4,0,0.00,64.00,false
94,GREEN_2,GREEN,ASSASSIN,3,-3,3,0,0.00,24.00,false
94,GREEN_3,GREEN,GARGOYLE,-1,-3,1,0,0.00,16.00,false
94,GREEN_4,GREEN,GARGOYLE,2,-4,5,0,0.00,80.00,false
94,GREEN_5,GREEN,GOLEM,0,-3,1,0,4.00,26.00,false
94,GREEN_6,GREEN,SCORPION_RIDER,1,-3,2,0,8.00,36.00,false
94,GREEN_7,GREEN,SCORPION_RIDER,4,-4,1,0,16.00,18.00,false
94,BLUE_8,BLUE,GARGOYLE,-3,3,6,6,0.00,0.00,true
94,BLUE_9,BLUE,ASSASSIN,-1,3,2,0,8.00,16.00,true
94,BLUE_10,BLUE,SPIDER,1,3,12,9,246.00,12.00,true
94,BLUE_11,BLUE,SPIDER,0,4,7,7,10.00,0.00,true
94,BLUE_12,BLUE,GOBLIN,-1,4,3,3,0.00,0.00,true
94,BLUE_13,BLUE,SPIDER,-3,4,1,1,0.00,0.00,true
95,GREEN_1,GREEN,MAGE,-1,-3,2,2,12.00,0.00,true
95,GREEN_2,GREEN,GOLEM,2,-3,2,1,18.00,61.00,true
95,GREEN_3,GREEN,SCORPION_RIDER,3,-3,5,4,168.00,117.00,true
95,GREEN_4,GREEN,SPIDER,3,-4,9,0,36.00,36.00,true
95,GREEN_5,GREEN,MAGE,0,-4,3,3,0.00,0.00,true
95,GREEN_6,GREEN,SPIDER,2,-4,1,0,0.00,4.00,true
95,BLUE_7,BLUE,ASSASSIN,-2,4,7,0,74.00,56.00,false
95,BLUE_8,BLUE,GARGOYLE,-1,3,2,0,6.00,32.00,false
95,BLUE_9,BLUE,GOLEM,0,4,4,0,114.00,118.00,false
95,BLUE_10,BLUE,SPIDER,-2,3,6,0,24.00,24.00,false
95,BLUE_11,BLUE,SPIDER,-3,3,1,0,0.00,4.00,false
96,GREEN_1,GREEN,GARGOYLE,0,-4,2,0,6.00,32.00,false
96,GREEN_2,GREEN,SPIDER,3,-4,6,0,19.00,24.00,false
96,GREEN_3,GREEN,SCORPION_RIDER,-1,-3,3,0,21.00,76.00,false
96,GREEN_4,GREEN,SPIDER,1,-3,13,0,48.00,52.00,false
96,GREEN_5,GREEN,GOLEM,4,-3,3,0,54.00,122.00,false
96,BLUE_6,BLUE,ASSASSIN,-3,3,3,0,36.00,24.00,true
96,BLUE_7,BLUE,MAGE,-4,4,3,0,68.00,24.00,true
96,BLUE_8,BLUE,ASSASSIN,0,3,1,0,0.00,8.00,true
96,BLUE_9,BLUE,GOLEM,-1,3,2,0,18.00,60.00,true
96,BLUE_10,BLUE,SPIDER,-1,4,14,8,163.00,24.00,true
96,BLUE_11,BLUE,GOBLIN,1,3,1,1,0.00,0.00,true
96,BLUE_12,BLUE,ARCHER,-4,3,1,0,2.00,8.00,true
96,BLUE_13,BLUE,ARCHER,0,4,1,1,19.00,0.00,true
97,GREEN_1,GREEN,MAGE,2,-4,1,0,28.00,8.00,false
97,GREEN_2,GREEN,GOLEM,3,-3,1,0,5.00,26.00,false
97,GREEN_3,GREEN,GARGOYLE,1,-3,2,0,6.00,32.00,false
97,GREEN_4,GREEN,GARGOYLE,0,-3,2,0,3.00,32.00,false
97,GREEN_5,GREEN,ASSASSIN,3,-4,5,0,18.00,40.00,false
97,GREEN_6,GREEN,GOBLIN,4,-3,8,0,24.00,64.00,false
97,GREEN_7,GREEN,GOLEM,1,-4,2,0,5.00,64.00,false
97,BLUE_8,BLUE,ASSASSIN,0,3,8,2,142.00,52.00,true
97,BLUE_9,BLUE,SPIDER,-1,4,10,7,48.00,12.00,true
97,BLUE_10,BLUE,ARCHER,-2,4,2,2,59.00,4.00,true
97,BLUE_11,BLUE,GARGOYLE,-4,3,3,3,9.00,3.00,true
97,BLUE_12,BLUE,SCORPION_RIDER,-3,3,1,0,8.00,18.00,true
98,GREEN_1,GREEN,ASSASSIN,-1,-3,4,0,12.00,35.00,true
98,GREEN_2,GREEN,ARCHER,3,-4,8,8,171.00,17.00,true
98,GREEN_3,GREEN,ASSASSIN,4,-4,4,2,20.00,22.00,true
98,GREEN_4,GREEN,ASSASSIN,0,-4,1,0,0.00,8.00,true
98,GREEN_5,GREEN,ARCHER,2,-4,1,1,16.00,5.00,true
98,GREEN_6,GREEN,SPIDER,3,-3,2,0,4.00,8.00,true
98,GREEN_7,GREEN,MAGE,1,-3,1,0,5.00,8.00,true
98,GREEN_8,GREEN,GOBLIN,2,-3,1,0,0.00,8.00,true
98,BLUE_9,BLUE,SPIDER,0,3,10,0,14.00,40.00,false
98,BLUE_10,BLUE,SPIDER,-4,4,5,0,26.00,20.00,false
98,BLUE_11,BLUE,GARGOYLE,-1,4,2,0,14.00,32.00,false
98,BLUE_12,BLUE,GARGOYLE,-2,4,6,0,17.00,96.00,false
98,BLUE_13,BLUE,ARCHER,0,4,3,0,15.00,24.00,false
98,BLUE_14,BLUE,ARCHER,-2,3,1,0,21.00,8.00,false
98,BLUE_15,BLUE,GOBLIN,-1,3,1,0,4.00,8.00,false
99,GREEN_1,GREEN,GOBLIN,4,-3,4,0,16.00,32.00,false
99,GREEN_2,GREEN,GOLEM,4,-4,4,0,0.00,118.00,false
99,GREEN_3,GREEN,GOBLIN,3,-4,2,0,5.00,16.00,false
99,GREEN_4,GREEN,GOBLIN,0,-4,8,0,52.00,76.00,false
99,GREEN_5,GREEN,GARGOYLE,1,-3,3,0,12.00,48.00,false
99,GREEN_6,GREEN,GOLEM,0,-3,2,0,15.00,56.00,false
99,BLUE_7,BLUE,GOBLIN,-3,4,11,8,114.00,64.00,true
99,BLUE_8,BLUE,ARCHER,-2,4,11,11,126.00,0.00,true
99,BLUE_9,BLUE,ARCHER,-2,3,1,1,20.00,0.00,true
99,BLUE_10,BLUE,SCORPION_RIDER,1,3,3,2,80.00,36.00,true
99,BLUE_11,BLUE,MAGE,-3,3,1,1,6.00,0.00,true
100,GREEN_1,GREEN,ARCHER,0,-4,7,7,180.00,0.00,true
100,GREEN_2,GREEN,ARCHER,0,-3,3,0,2.00,24.00,true
100,GREEN_3,GREEN,ASSASSIN,-1,-3,7,6,50.00,26.00,true
100,GREEN_4,GREEN,SCORPION_RIDER,2,-3,3,1,60.00,48.00,true
100,BLUE_5,BLUE,GARGOYLE,-1,3,6,0,18.00,96.00,false
100,BLUE_6,BLUE,SCORPION_RIDER,-2,4,5,0,24.00,106.00,false
100,BLUE_7,BLUE,GARGOYLE,0,4,4,0,48.00,64.00,false
100,BLUE_8,BLUE,SCORPION_RIDER,0,3,1,0,8.00,18.00,false
100,BLUE_9,BLUE,MAGE,1,3,1,0,0.00,8.00,false
101,GREEN_1,GREEN,SCORPION_RIDER,-1,-3,1,0,18.00,18.00,false
101,GREEN_2,GREEN,ASSASSIN,3,-3,8,0,0.00,64.00,false
101,GREEN_3,GREEN,ARCHER,4,-4,4,0,75.00,32.00,false
101,GREEN_4,GREEN,GOLEM,2,-3,2,0,3.00,52.00,false
101,GREEN_5,GREEN,SCORPION_RIDER,4,-3,2,0,8.00,36.00,false
101,GREEN_6,GREEN,SPIDER,1,-4,1,0,0.00,4.00,false
101,BLUE_7,BLUE,GOBLIN,-4,4,3,3,0.00,0.00,true
101,BLUE_8,BLUE,ASSASSIN,-1,4,5,0,0.00,40.00,true
101,BLUE_9,BLUE,GOLEM,-4,3,1,0,25.00,32.00,true
101,BLUE_10,BLUE,GARGOYLE,-1,3,2,2,0.00,12.00,true
101,BLUE_11,BLUE,ARCHER,-2,3,11,11,181.00,20.00,true
102,GREEN_1,GREEN,ARCHER,4,-4,5,3,402.00,26.00,true
102,GREEN_2,GREEN,SCORPION_RIDER,-1,-3,3,0,34.00,54.00,true
102,GREEN_3,GREEN,SPIDER,3,-3,6,0,38.00,24.00,true
102,GREEN_4,GREEN,GOBLIN,3,-4,5,0,16.00,40.00,true
102,GREEN_5,GREEN,ARCHER,2,-4,1,0,5.00,8.00,true
102,GREEN_6,GREEN,GARGOYLE,1,-3,4,0,32.00,64.00,true
102,GREEN_7,GREEN,SCORPION_RIDER,0,-3,1,0,8.00,18.00,true
102,BLUE_8,BLUE,ASSASSIN,-1,4,1,0,0.00,8.00,false
102,BLUE_9,BLUE,ARCHER,-4,3,4,0,34.00,37.00,false
102,BLUE_10,BLUE,SCORPION_RIDER,0,4,6,0,48.00,382.00,false
102,BLUE_11,BLUE,SCORPION_RIDER,-2,3,6,0,152.00,108.00,false
103,GREEN_1,GREEN,ASSASSIN,2,-3,4,0,26.00,32.00,false
103,GREEN_2,GREEN,GOLEM,3,-4,3,2,50.00,620.00,false
103,GREEN_3,GREEN,ARCHER,4,-3,5,0,147.00,40.00,false
103,GREEN_4,GREEN,GARGOYLE,1,-4,2,0,0.00,38.00,false
103,GREEN_5,GREEN,MAGE,0,-3,2,0,4.00,16.00,false
103,GREEN_6,GREEN,GOLEM,4,-4,1,0,0.00,30.00,false
103,GREEN_7,GREEN,SPIDER,3,-3,1,0,0.00,4.00,false
103,BLUE_8,BLUE,SPIDER,-2,4,15,0,44.00,60.00,false
103,BLUE_9,BLUE,GARGOYLE,-1,4,4,0,14.00,64.00,false
103,BLUE_10,BLUE,GOBLIN,-2,3,3,0,0.00,26.00,false
103,BLUE_11,BLUE,ARCHER,-4,4,5,2,709.00,33.00,false
103,BLUE_12,BLUE,GOLEM,-3,3,1,0,5.00,26.00,false
103,BLUE_13,BLUE,GOBLIN,-1,3,2,0,8.00,18.00,false
104,GREEN_1,GREEN,GOBLIN,4,-4,11,0,76.00,100.00,true
104,GREEN_2,GREEN,ARCHER,-1,-3,9,9,236.00,8.00,true
104,GREEN_3,GREEN,GARGOYLE,1,-3,1,0,3.00,16.00,true
104,GREEN_4,GREEN,SPIDER,2,-4,1,0,6.00,4.00,true
104,GREEN_5,GREEN,GARGOYLE,1,-4,4,4,0.00,4.00,true
104,GREEN_6,GREEN,MAGE,3,-4,1,0,9.00,8.00,true
104,BLUE_7,BLUE,GARGOYLE,-4,3,5,0,0.00,80.00,false
104,BLUE_8,BLUE,SCORPION_RIDER,-3,4,1,0,4.00,18.00,false
104,BLUE_9,BLUE,GOBLIN,-1,3,9,0,96.00,128.00,false
104,BLUE_10,BLUE,GOLEM,0,4,2,0,12.00,64.00,false
104,BLUE_11,BLUE,ASSASSIN,1,3,3,0,16.00,24.00,false
104,BLUE_12,BLUE,MAGE,-2,3,2,0,12.00,16.00,false
105,GREEN_1,GREEN,GARGOYLE,0,-3,6,0,114.00,96.00,false
105,GREEN_2,GREEN,GOLEM,-1,-3,1,0,8.00,26.00,false
105,GREEN_3,GREEN,GOBLIN,3,-3,12,0,146.00,161.00,false
105,GREEN_4,GREEN,ASSASSIN,4,-3,5,0,42.00,40.00,false
105,BLUE_5,BLUE,MAGE,-3,4,3,0,75.00,24.00,true
105,BLUE_6,BLUE,SCORPION_RIDER,-4,4,1,0,8.00,18.00,true
105,BLUE_7,BLUE,GOBLIN,1,3,11,6,176.00,166.00,true
105,BLUE_8,BLUE,ASSASSIN,-3,3,5,0,40.00,40.00,true
105,BLUE_9,BLUE,SCORPION_RIDER,0,3,1,0,8.00,18.00,true
105,BLUE_10,BLUE,GARGOYLE,0,4,2,0,12.00,32.00,true
105,BLUE_11,BLUE,GOBLIN,-1,4,1,0,4.00,8.00,true
105,BLUE_12,BLUE,SPIDER,-1,3,1,0,0.00,4.00,true
106,GREEN_1,GREEN,GARGOYLE,4,-3,5,4,57.00,76.00,true
106,GREEN_2,GREEN,MAGE,3,-3,2,0,17.00,16.00,true
106,GREEN_3,GREEN,MAGE,1,-3,8,8,268.00,0.00,true
106,GREEN_4,GREEN,SPIDER,0,-3,6,0,10.00,24.00,true
106,BLUE_5,BLUE,SCORPION_RIDER,1,3,6,0,104.00,108.00,false
106,BLUE_6,BLUE,SCORPION_RIDER,-1,3,1,0,8.00,34.00,false
106,BLUE_7,BLUE,GARGOYLE,-4,3,5,0,0.00,80.00,false
106,BLUE_8,BLUE,SCORPION_RIDER,-1,4,4,0,4.00,130.00,false
107,GREEN_1,GREEN,GOLEM,1,-4,2,0,8.00,56.00,false
107,GREEN_2,GREEN,GOBLIN,4,-3,10,0,76.00,114.00,false
107,GREEN_3,GREEN,ARCHER,4,-4,2,0,22.00,16.00,false
107,GREEN_4,GREEN,GOBLIN,0,-4,9,0,60.00,95.00,false
107,GREEN_5,GREEN,GOLEM,3,-3,1,0,0.00,30.00,false
107,GREEN_6,GREEN,ASSASSIN,0,-3,4,0,0.00,32.00,false
107,BLUE_7,BLUE,SPIDER,-4,4,13,7,140.00,30.00,true
107,BLUE_8,BLUE,GOBLIN,-3,3,11,8,80.00,60.00,true
107,BLUE_9,BLUE,ARCHER,-3,4,3,3,60.00,0.00,true
107,BLUE_10,BLUE,GOBLIN,0,4,7,0,38.00,60.00,true
107,BLUE_11,BLUE,SPIDER,-2,4,4,0,10.00,16.00,true
107,BLUE_12,BLUE,ARCHER,1,3,1,1,15.00,0.00,true
108,GREEN_1,GREEN,GOBLIN,4,-4,11,5,72.00,58.00,true
108,GREEN_2,GREEN,GOBLIN,3,-4,4,0,10.00,32.00,true
108,GREEN_3,GREEN,SPIDER,0,-3,8,8,54.00,0.00,true
108,GREEN_4,GREEN,ASSASSIN,2,-4,6,4,26.00,16.00,true
108,GREEN_5,GREEN,SPIDER,-1,-3,2,0,12.00,8.00,true
108,GREEN_6,GREEN,SPIDER,3,-3,1,0,2.00,4.00,true
108,GREEN_7,GREEN,ARCHER,2,-3,1,0,8.00,8.00,true
108,BLUE_8,BLUE,ASSASSIN,-2,3,7,0,24.00,56.00,false
108,BLUE_9,BLUE,GOLEM,0,4,1,0,14.00,30.00,false
108,BLUE_10,BLUE,MAGE,1,3,1,0,8.00,8.00,false
108,BLUE_11,BLUE,ASSASSIN,-3,3,6,0,56.00,48.00,false
108,BLUE_12,BLUE,SCORPION_RIDER,-1,4,2,0,24.00,42.00,false
109,GREEN_1,GREEN,SCORPION_RIDER,1,-4,5,3,42.00,90.00,true
109,GREEN_2,GREEN,SCORPION_RIDER,2,-4,4,4,94.00,54.00,true
109,GREEN_3,GREEN,ARCHER,4,-4,10,10,114.00,9.00,true
109,GREEN_4,GREEN,SPIDER,0,-3,1,0,0.00,4.00,true
109,BLUE_5,BLUE,SPIDER,1,3,6,0,6.00,24.00,false
109,BLUE_6,BLUE,ARCHER,0,4,6,0,50.00,48.00,false
109,BLUE_7,BLUE,MAGE,-2,4,1,0,16.00,8.00,false
109,BLUE_8,BLUE,SCORPION_RIDER,-3,3,6,0,36.00,120.00,false
109,BLUE_9,BLUE,SCORPION_RIDER,0,3,2,0,24.00,42.00,false
109,BLUE_10,BLUE,ARCHER,-4,3,1,0,25.00,8.00,false
110,GREEN_1,GREEN,MAGE,4,-3,7,0,40.00,56.00,false
110,GREEN_2,GREEN,GARGOYLE,0,-3,6,0,36.00,96.00,false
110,GREEN_3,GREEN,GARGOYLE,1,-4,3,0,0.00,48.00,false
110,GREEN_4,GREEN,GARGOYLE,3,-4,1,0,0.00,16.00,false
110,GREEN_5,GREEN,SPIDER,0,-4,2,0,4.00,8.00,false
110,BLUE_6,BLUE,ARCHER,-4,4,4,4,67.00,0.00,true
110,BLUE_7,BLUE,SPIDER,-1,3,2,0,0.00,8.00,true
110,BLUE_8,BLUE,SPIDER,-3,3,5,0,18.00,32.00,true
110,BLUE_9,BLUE,ARCHER,0,4,11,11,134.00,24.00,true
110,BLUE_10,BLUE,GARGOYLE,1,3,3,3,0.00,0.00,true
110,BLUE_11,BLUE,ARCHER,0,3,1,0,5.00,8.00,true
110,BLUE_12,BLUE,GOBLIN,-1,4,1,0,0.00,8.00,true
111,GREEN_1,GREEN,GARGOYLE,4,-4,4,4,0.00,0.00,true
111,GREEN_2,GREEN,ARCHER,-1,-3,12,7,228.00,76.00,true
111,GREEN_3,GREEN,GOBLIN,3,-3,10,4,55.00,50.00,true
111,GREEN_4,GREEN,ASSASSIN,1,-3,1,0,8.00,8.00,true
111,BLUE_5,BLUE,SCORPION_RIDER,1,3,5,0,32.00,106.00,false
111,BLUE_6,BLUE,GOBLIN,-1,3,3,0,11.00,24.00,false
111,BLUE_7,BLUE,GOBLIN,-3,3,6,0,8.00,48.00,false
111,BLUE_8,BLUE,SCORPION_RIDER,0,4,1,0,8.00,18.00,false
111,BLUE_9,BLUE,ARCHER,0,3,8,0,65.00,79.00,false
111,BLUE_10,BLUE,ARCHER,-4,4,1,0,5.00,8.00,false
111,BLUE_11,BLUE,ARCHER,-1,4,1,0,5.00,8.00,false
112,GREEN_1,GREEN,ARCHER,1,-4,6,0,81.00,48.00,false
112,GREEN_2,GREEN,ASSASSIN,1,-3,8,0,50.00,64.00,false
112,GREEN_3,GREEN,GOLEM,4,-3,1,0,6.00,36.00,false
112,GREEN_4,GREEN,GARGOYLE,2,-4,2,0,9.00,32.00,false
112,GREEN_5,GREEN,ASSASSIN,2,-3,2,0,6.00,16.00,false
112,BLUE_6,BLUE,SCORPION_RIDER,-2,4,4,4,65.00,13.00,true
112,BLUE_7,BLUE,SCORPION_RIDER,-4,4,5,4,96.00,59.00,true
112,BLUE_8,BLUE,GARGOYLE,0,3,4,2,10.00,40.00,true
112,BLUE_9,BLUE,GOLEM,-1,3,1,0,3.00,32.00,true
112,BLUE_10,BLUE,GOLEM,-1,4,1,1,0.00,8.00,true
112,BLUE_11,BLUE,ARCHER,1,3,1,1,22.00,0.00,true
113,GREEN_1,GREEN,GOBLIN,3,-4,4,0,8.00,32.00,false
113,GREEN_2,GREEN,ASSASSIN,0,-4,8,0,0.00,64.00,false
113,GREEN_3,GREEN,SPIDER,4,-4,13,0,18.00,52.00,false
113,GREEN_4,GREEN,SPIDER,4,-3,2,0,6.00,8.00,false
113,GREEN_5,GREEN,ARCHER,2,-3,2,0,8.00,16.00,false
113,BLUE_6,BLUE,GARGOYLE,-2,3,1,1,0.00,0.00,true
113,BLUE_7,BLUE,ARCHER,-4,4,7,7,38.00,0.00,true
113,BLUE_8,BLUE,ARCHER,-3,3,7,5,94.00,26.00,true
113,BLUE_9,BLUE,GOLEM,0,4,1,1,0.00,0.00,true
113,BLUE_10,BLUE,SCORPION_RIDER,-1,3,4,4,40.00,14.00,true
113,BLUE_11,BLUE,GOBLIN,-3,4,2,2,0.00,0.00,true
114,GREEN_1,GREEN,GARGOYLE,4,-4,4,0,6.00,64.00,false
114,GREEN_2,GREEN,SPIDER,3,-3,12,0,90.00,58.00,false
114,GREEN_3,GREEN,GARGOYLE,2,-3,5,0,32.00,80.00,false
114,GREEN_4,GREEN,GARGOYLE,1,-3,1,0,0.00,16.00,false
114,GREEN_5,GREEN,ASSASSIN,2,-4,2,0,8.00,16.00,false
114,GREEN_6,GREEN,GOBLIN,-1,-3,1,0,4.00,8.00,false
114,BLUE_7,BLUE,SCORPION_RIDER,-4,4,2,0,34.00,63.00,true
114,BLUE_8,BLUE,GARGOYLE,-2,4,2,2,6.00,15.00,true
114,BLUE_9,BLUE,MAGE,0,4,4,4,148.00,0.00,true
114,BLUE_10,BLUE,ARCHER,-1,4,3,0,44.00,34.00,true
114,BLUE_11,BLUE,ASSASSIN,-4,3,3,0,8.00,24.00,true
114,BLUE_12,BLUE,GARGOYLE,0,3,4,4,0.00,0.00,true
114,BLUE_13,BLUE,SPIDER,-3,3,1,0,2.00,4.00,true
115,GREEN_1,GREEN,GOLEM,3,-3,2,0,4.00,52.00,false
115,GREEN_2,GREEN,GOBLIN,4,-3,3,0,12.00,36.00,false
115,GREEN_3,GREEN,SPIDER,3,-4,12,0,48.00,48.00,false
115,GREEN_4,GREEN,ARCHER,4,-4,5,0,133.00,40.00,false
115,GREEN_5,GREEN,SPIDER,0,-4,8,0,20.00,32.00,false
115,GREEN_6,GREEN,SCORPION_RIDER,1,-4,1,0,16.00,18.00,false
115,GREEN_7,GREEN,GOBLIN,0,-3,1,0,4.00,8.00,false
115,BLUE_8,BLUE,SCORPION_RIDER,-1,4,3,0,26.00,86.00,true
115,BLUE_9,BLUE,SCORPION_RIDER,-2,3,1,0,0.00,18.00,true
115,BLUE_10,BLUE,GOBLIN,-1,3,2,0,8.00,16.00,true
115,BLUE_11,BLUE,ARCHER,1,3,6,5,154.00,39.00,true
115,BLUE_12,BLUE,GOBLIN,0,4,3,0,12.00,33.00,true
115,BLUE_13,BLUE,ASSASSIN,-3,3,3,0,8.00,24.00,true
115,BLUE_14,BLUE,MAGE,-4,3,3,2,16.00,13.00,true
115,BLUE_15,BLUE,ARCHER,-2,4,1,0,10.00,8.00,true
116,GREEN_1,GREEN,GOLEM,4,-4,4,0,121.00,212.00,false
116,GREEN_2,GREEN,GOBLIN,4,-3,7,0,16.00,56.00,false
116,GREEN_3,GREEN,ASSASSIN,2,-3,5,0,18.00,40.00,false
116,GREEN_4,GREEN,ARCHER,-1,-3,4,0,42.00,32.00,false
116,GREEN_5,GREEN,MAGE,3,-3,1,0,5.00,8.00,false
116,BLUE_6,BLUE,ASSASSIN,-4,4,4,3,4.00,18.00,true
116,BLUE_7,BLUE,GOBLIN,0,3,10,9,186.00,124.00,true
116,BLUE_8,BLUE,ASSASSIN,1,3,8,5,122.00,42.00,true
116,BLUE_9,BLUE,SCORPION_RIDER,-3,4,1,0,8.00,18.00,true
116,BLUE_10,BLUE,SPIDER,0,4,1,1,28.00,0.00,true
117,GREEN_1,GREEN,GARGOYLE,4,-4,5,5,8.00,4.00,true
117,GREEN_2,GREEN,SCORPION_RIDER,3,-4,4,4,118.00,54.00,true
117,GREEN_3,GREEN,SPIDER,1,-4,10,0,50.00,50.00,true
117,GREEN_4,GREEN,ARCHER,-1,-3,1,0,6.00,8.00,true
117,GREEN_5,GREEN,SCORPION_RIDER,2,-4,1,0,6.00,18.00,true
117,GREEN_6,GREEN,ARCHER,4,-3,2,2,17.00,0.00,true
117,GREEN_7,GREEN,ARCHER,1,-3,1,1,31.00,0.00,true
117,BLUE_8,BLUE,ASSASSIN,-1,4,4,0,4.00,32.00,false
117,BLUE_9,BLUE,SPIDER,-4,4,12,0,58.00,48.00,false
117,BLUE_10,BLUE,SPIDER,-2,4,2,0,0.00,8.00,false
117,BLUE_11,BLUE,GOLEM,-2,3,2,0,39.00,68.00,false
117,BLUE_12,BLUE,GARGOYLE,1,3,5,0,33.00,80.00,false
118,GREEN_1,GREEN,GARGOYLE,1,-4,1,0,0.00,16.00,true
118,GREEN_2,GREEN,GOBLIN,3,-4,5,0,0.00,40.00,true
118,GREEN_3,GREEN,SCORPION_RIDER,4,-3,1,0,30.00,18.00,true
118,GREEN_4,GREEN,ARCHER,2,-3,6,0,66.00,76.00,true
118,GREEN_5,GREEN,ARCHER,2,-4,12,4,180.00,109.00,true
118,GREEN_6,GREEN,GOBLIN,3,-3,1,0,2.00,8.00,true
118,BLUE_7,BLUE,ARCHER,-4,4,11,0,211.00,130.00,false
118,BLUE_8,BLUE,GOBLIN,-3,4,2,0,11.00,16.00,false
118,BLUE_9,BLUE,GOBLIN,-1,3,2,0,12.00,16.00,false
118,BLUE_10,BLUE,SPIDER,0,4,14,0,18.00,56.00,false
118,BLUE_11,BLUE,GOLEM,-4,3,1,0,15.00,44.00,false
118,BLUE_12,BLUE,GOBLIN,-2,3,2,0,0.00,16.00,false
119,GREEN_1,GREEN,ARCHER,2,-3,1,0,15.00,8.00,false
119,GREEN_2,GREEN,MAGE,0,-3,5,0,63.00,40.00,false
119,GREEN_3,GREEN,SPIDER,4,-4,15,0,112.00,60.00,false
119,GREEN_4,GREEN,SPIDER,3,-4,2,0,0.00,8.00,false
119,GREEN_5,GREEN,MAGE,-1,-3,2,0,27.00,16.00,false
119,GREEN_6,GREEN,ASSASSIN,3,-3,2,0,8.00,16.00,false
119,GREEN_7,GREEN,ARCHER,2,-4,1,0,5.00,8.00,false
119,BLUE_8,BLUE,GOBLIN,-3,3,12,11,82.00,71.00,true
119,BLUE_9,BLUE,GOBLIN,-4,4,11,7,12.00,49.00,true
119,BLUE_10,BLUE,GARGOYLE,1,3,4,0,4.00,64.00,true
119,BLUE_11,BLUE,MAGE,-2,3,1,1,12.00,0.00,true
119,BLUE_12,BLUE,ARCHER,0,4,1,0,22.00,11.00,true
119,BLUE_13,BLUE,GOBLIN,0,3,3,1,16.00,30.00,true
119,BLUE_14,BLUE,MAGE,-3,4,1,1,8.00,5.00,true
120,GREEN_1,GREEN,ASSASSIN,3,-4,7,0,40.00,56.00,true
120,GREEN_2,GREEN,GOBLIN,4,-3,9,0,64.00,91.00,true
120,GREEN_3,GREEN,GARGOYLE,1,-3,1,0,3.00,16.00,true
120,GREEN_4,GREEN,ARCHER,-1,-3,8,8,185.00,0.00,true
120,BLUE_5,BLUE,MAGE,0,4,4,0,19.00,32.00,false
120,BLUE_6,BLUE,GARGOYLE,-4,4,4,0,11.00,64.00,false
120,BLUE_7,BLUE,ASSASSIN,-2,3,3,0,0.00,24.00,false
120,BLUE_8,BLUE,SCORPION_RIDER,-2,4,5,0,133.00,164.00,false
120,BLUE_9,BLUE,ASSASSIN,-3,3,1,0,0.00,8.00,false
121,GREEN_1,GREEN,SPIDER,2,-3,15,0,68.00,60.00,false
121,GREEN_2,GREEN,SCORPION_RIDER,3,-3,4,0,16.00,78.00,false
121,GREEN_3,GREEN,ARCHER,2,-4,7,0,49.00,66.00,false
121,GREEN_4,GREEN,GOBLIN,1,-4,4,0,8.00,34.00,false
121,BLUE_5,BLUE,ARCHER,-2,4,1,1,21.00,0.00,true
121,BLUE_6,BLUE,GOLEM,1,3,2,0,12.00,52.00,true
121,BLUE_7,BLUE,ARCHER,-4,3,12,11,169.00,33.00,true
121,BLUE_8,BLUE,SPIDER,0,4,10,0,26.00,40.00,true
121,BLUE_9,BLUE,ARCHER,-3,4,2,0,10.00,16.00,true
122,GREEN_1,GREEN,GOBLIN,2,-3,8,0,16.00,84.00,false
122,GREEN_2,GREEN,SCORPION_RIDER,0,-3,6,0,122.00,158.00,false
122,GREEN_3,GREEN,GARGOYLE,4,-3,1,0,0.00,16.00,false
122,GREEN_4,GREEN,GOLEM,-1,-3,1,0,2.00,53.00,false
122,GREEN_5,GREEN,GOBLIN,4,-4,1,0,0.00,8.00,false
122,GREEN_6,GREEN,ASSASSIN,1,-4,4,0,6.00,32.00,false
122,GREEN_7,GREEN,ARCHER,2,-4,1,0,6.00,8.00,false
122,BLUE_8,BLUE,ASSASSIN,-2,4,8,0,48.00,64.00,true
122,BLUE_9,BLUE,MAGE,-3,3,3,3,252.00,5.00,true
122,BLUE_10,BLUE,GARGOYLE,1,3,5,3,46.00,51.00,true
122,BLUE_11,BLUE,GOLEM,-2,3,1,0,10.00,32.00,true
122,BLUE_12,BLUE,GOBLIN,0,3,1,1,3.00,0.00,true
123,GREEN_1,GREEN,SCORPION_RIDER,0,-4,6,6,144.00,106.00,true
123,GREEN_2,GREEN,GARGOYLE,1,-4,4,0,21.00,64.00,true
123,GREEN_3,GREEN,MAGE,2,-3,1,0,4.00,8.00,true
123,GREEN_4,GREEN,GOBLIN,-1,-3,9,0,42.00,72.00,true
123,GREEN_5,GREEN,GOLEM,1,-3,1,0,5.00,26.00,true
123,GREEN_6,GREEN,ARCHER,3,-4,1,1,53.00,5.00,true
123,BLUE_7,BLUE,GOBLIN,-3,4,1,0,0.00,8.00,false
123,BLUE_8,BLUE,ASSASSIN,0,3,7,0,50.00,56.00,false
123,BLUE_9,BLUE,SPIDER,-1,3,4,0,10.00,16.00,false
123,BLUE_10,BLUE,ARCHER,-1,4,1,0,5.00,8.00,false
123,BLUE_11,BLUE,SCORPION_RIDER,-3,3,6,0,216.00,173.00,false
123,BLUE_12,BLUE,MAGE,-4,4,1,0,0.00,8.00,false
124,GREEN_1,GREEN,SCORPION_RIDER,1,-3,4,4,41.00,68.00,true
124,GREEN_2,GREEN,GARGOYLE,4,-4,4,4,47.00,28.00,true
124,GREEN_3,GREEN,SPIDER,0,-3,13,7,127.00,27.00,true
124,GREEN_4,GREEN,GARGOYLE,0,-4,3,3,9.00,12.00,true
124,GREEN_5,GREEN,SPIDER,3,-3,1,0,2.00,4.00,true
124,BLUE_6,BLUE,MAGE,-2,3,3,0,51.00,24.00,false
124,BLUE_7,BLUE,GOBLIN,-3,4,5,0,20.00,40.00,false
124,BLUE_8,BLUE,ASSASSIN,-3,3,8,0,0.00,64.00,false
124,BLUE_9,BLUE,GOBLIN,0,4,6,0,36.00,70.00,false
124,BLUE_10,BLUE,MAGE,-1,4,1,0,16.00,8.00,false
124,BLUE_11,BLUE,SCORPION_RIDER,-1,3,1,0,16.00,20.00,false
125,GREEN_1,GREEN,ARCHER,3,-3,8,8,146.00,18.00,true
125,GREEN_2,GREEN,ARCHER,0,-3,5,0,42.00,43.00,true
125,GREEN_3,GREEN,ARCHER,4,-4,7,7,31.00,30.00,true
125,GREEN_4,GREEN,MAGE,3,-4,1,1,8.00,0.00,true
125,GREEN_5,GREEN,ARCHER,4,-3,1,0,9.00,8.00,true
125,GREEN_6,GREEN,GARGOYLE,1,-4,1,0,3.00,16.00,true
125,GREEN_7,GREEN,GOBLIN,-1,-3,2,2,4.00,2.00,true
125,BLUE_8,BLUE,MAGE,-1,3,1,0,4.00,8.00,false
125,BLUE_9,BLUE,SPIDER,-3,3,1,0,2.00,4.00,false
125,BLUE_10,BLUE,MAGE,-4,4,2,0,8.00,16.00,false
125,BLUE_11,BLUE,SCORPION_RIDER,-1,4,6,0,47.00,108.00,false
125,BLUE_12,BLUE,ARCHER,1,3,6,0,56.00,63.00,false
125,BLUE_13,BLUE,SCORPION_RIDER,-2,3,2,0,0.00,36.00,false
125,BLUE_14,BLUE,SPIDER,0,3,1,0,0.00,4.00,false
125,BLUE_15,BLUE,SPIDER,-2,4,1,0,0.00,4.00,false
126,GREEN_1,GREEN,ASSASSIN,1,-3,2,0,0.00,16.00,false
126,GREEN_2,GREEN,GARGOYLE,3,-4,6,0,3.00,96.00,false
126,GREEN_3,GREEN,ASSASSIN,-1,-3,6,0,0.00,48.00,false
126,GREEN_4,GREEN,GOBLIN,4,-3,8,0,48.00,64.00,false
126,GREEN_5,GREEN,SPIDER,3,-3,1,0,2.00,4.00,false
126,BLUE_6,BLUE,ARCHER,0,3,8,5,87.00,48.00,true
126,BLUE_7,BLUE,SPIDER,-2,3,14,14,121.00,3.00,true
126,BLUE_8,BLUE,SPIDER,-1,3,8,8,0.00,0.00,true
126,BLUE_9,BLUE,SPIDER,-4,4,2,2,0.00,0.00,true
126,BLUE_10,BLUE,SPIDER,-3,4,2,2,4.00,0.00,true
126,BLUE_11,BLUE,SPIDER,-3,3,2,2,16.00,2.00,true
127,GREEN_1,GREEN,SCORPION_RIDER,1,-3,3,0,130.00,156.00,true
127,GREEN_2,GREEN,GOLEM,0,-3,1,0,5.00,28.00,true
127,GREEN_3,GREEN,GOBLIN,4,-3,1,0,2.00,8.00,true
127,GREEN_4,GREEN,GOBLIN,1,-4,3,2,8.00,8.00,true
127,GREEN_5,GREEN,ASSASSIN,2,-3,3,0,8.00,24.00,true
127,GREEN_6,GREEN,ARCHER,0,-4,2,2,215.00,0.00,true
127,GREEN_7,GREEN,ASSASSIN,-1,-3,2,0,0.00,16.00,true
127,GREEN_8,GREEN,GOBLIN,3,-3,8,0,56.00,64.00,true
127,GREEN_9,GREEN,ASSASSIN,3,-4,1,0,0.00,8.00,true
127,GREEN_10,GREEN,GOBLIN,2,-4,1,1,0.00,0.00,true
127,BLUE_11,BLUE,SPIDER,-4,3,10,0,48.00,40.00,false
127,BLUE_12,BLUE,GOLEM,0,3,4,0,116.00,256.00,false
127,BLUE_13,BLUE,ASSASSIN,-1,3,2,0,22.00,16.00,false
127,BLUE_14,BLUE,ASSASSIN,1,3,1,0,8.00,8.00,false
127,BLUE_15,BLUE,SCORPION_RIDER,-1,4,4,0,118.00,104.00,false
128,GREEN_1,GREEN,ASSASSIN,0,-4,5,0,0.00,40.00,false
128,GREEN_2,GREEN,ASSASSIN,4,-3,4,0,8.00,32.00,false
128,GREEN_3,GREEN,SCORPION_RIDER,3,-3,3,0,38.00,57.00,false
128,GREEN_4,GREEN,MAGE,-1,-3,1,0,8.00,8.00,false
128,GREEN_5,GREEN,ARCHER,4,-4,5,0,209.00,40.00,false
128,GREEN_6,GREEN,ARCHER,3,-4,1,0,5.00,8.00,false
128,BLUE_7,BLUE,MAGE,-4,3,6,0,119.00,53.00,true
128,BLUE_8,BLUE,SPIDER,-1,4,7,0,24.00,28.00,true
128,BLUE_9,BLUE,SCORPION_RIDER,1,3,4,1,8.00,119.00,true
128,BLUE_10,BLUE,SPIDER,-3,3,1,0,0.00,4.00,true
128,BLUE_11,BLUE,MAGE,0,4,2,0,23.00,16.00,true
128,BLUE_12,BLUE,GOLEM,-2,4,1,0,7.00,40.00,true
128,BLUE_13,BLUE,GOBLIN,0,3,1,0,4.00,8.00,true
129,GREEN_1,GREEN,GOLEM,1,-4,2,0,9.00,52.00,false
129,GREEN_2,GREEN,GARGOYLE,2,-4,5,0,33.00,80.00,false
129,GREEN_3,GREEN,GARGOYLE,0,-4,6,0,36.00,96.00,false
129,GREEN_4,GREEN,GARGOYLE,1,-3,4,0,0.00,64.00,false
129,BLUE_5,BLUE,ARCHER,-3,3,3,3,113.00,0.00,true
129,BLUE_6,BLUE,GOBLIN,-1,4,11,11,97.00,47.00,true
129,BLUE_7,BLUE,GOBLIN,-2,4,7,7,0.00,0.00,true
129,BLUE_8,BLUE,ARCHER,-4,3,2,2,61.00,0.00,true
129,BLUE_9,BLUE,GARGOYLE,-4,4,5,5,15.00,9.00,true
129,BLUE_10,BLUE,SCORPION_RIDER,-3,4,1,0,4.00,18.00,true
129,BLUE_11,BLUE,SPIDER,-1,3,1,0,2.00,4.00,true
130,GREEN_1,GREEN,GARGOYLE,2,-3,2,0,0.00,32.00,false
130,GREEN_2,GREEN,GOBLIN,0,-3,12,0,48.00,96.00,false
130,GREEN_3,GREEN,GOLEM,-1,-3,4,0,26.00,112.00,false
130,GREEN_4,GREEN,ASSASSIN,4,-3,5,0,0.00,40.00,false
130,BLUE_5,BLUE,ARCHER,-3,4,5,5,123.00,0.00,true
130,BLUE_6,BLUE,MAGE,0,4,7,7,0.00,0.00,true
130,BLUE_7,BLUE,GOBLIN,-2,3,1,1,0.00,0.00,true
130,BLUE_8,BLUE,ARCHER,1,3,7,2,150.00,48.00,true
130,BLUE_9,BLUE,SCORPION_RIDER,-2,4,1,0,6.00,18.00,true
130,BLUE_10,BLUE,GOBLIN,-4,4,1,0,1.00,8.00,true
131,GREEN_1,GREEN,GARGOYLE,2,-4,1,1,0.00,0.00,true
131,GREEN_2,GREEN,GOBLIN,-1,-3,12,12,127.00,39.00,true
131,GREEN_3,GREEN,SCORPION_RIDER,2,-3,3,2,76.00,35.00,true
131,GREEN_4,GREEN,ASSASSIN,4,-4,7,5,66.00,35.00,true
131,GREEN_5,GREEN,ARCHER,3,-3,1,1,31.00,0.00,true
131,GREEN_6,GREEN,GOBLIN,4,-3,1,0,4.00,8.00,true
131,BLUE_7,BLUE,GOLEM,-2,3,1,0,5.00,26.00,false
131,BLUE_8,BLUE,SPIDER,-4,3,11,0,14.00,44.00,false
131,BLUE_9,BLUE,GOLEM,-4,4,4,0,43.00,138.00,false
131,BLUE_10,BLUE,GARGOYLE,-3,4,6,0,55.00,96.00,false
132,GREEN_1,GREEN,GARGOYLE,2,-4,1,1,3.00,4.00,true
132,GREEN_2,GREEN,SCORPION_RIDER,0,-3,3,2,28.00,59.00,true
132,GREEN_3,GREEN,ARCHER,1,-3,8,7,134.00,48.00,true
132,GREEN_4,GREEN,ASSASSIN,4,-4,4,0,0.00,32.00,true
132,GREEN_5,GREEN,ASSASSIN,4,-3,2,0,0.00,16.00,true
132,GREEN_6,GREEN,SCORPION_RIDER,0,-4,1,0,0.00,18.00,true
132,GREEN_7,GREEN,GOBLIN,1,-4,1,0,3.00,8.00,true
132,BLUE_8,BLUE,SPIDER,-1,3,15,0,66.00,60.00,false
132,BLUE_9,BLUE,ARCHER,-3,4,7,0,105.00,56.00,false
132,BLUE_10,BLUE,ASSASSIN,0,4,6,0,12.00,48.00,false
132,BLUE_11,BLUE,SPIDER,1,3,1,0,2.00,4.00,false
133,GREEN_1,GREEN,GOBLIN,4,-4,6,0,28.00,56.00,true
133,GREEN_2,GREEN,SPIDER,2,-4,7,7,36.00,0.00,true
133,GREEN_3,GREEN,ARCHER,1,-3,3,0,6.00,24.00,true
133,GREEN_4,GREEN,GOLEM,2,-3,1,0,5.00,26.00,true
133,GREEN_5,GREEN,SCORPION_RIDER,3,-4,3,1,86.00,47.00,true
133,GREEN_6,GREEN,SCORPION_RIDER,4,-3,4,3,91.00,81.00,true
133,GREEN_7,GREEN,ARCHER,1,-4,1,1,21.00,0.00,true
133,BLUE_8,BLUE,GOLEM,-4,4,1,0,5.00,26.00,false
133,BLUE_9,BLUE,ARCHER,0,3,4,0,49.00,32.00,false
133,BLUE_10,BLUE,GOBLIN,-2,3,10,0,111.00,103.00,false
133,BLUE_11,BLUE,GARGOYLE,-3,3,5,0,27.00,80.00,false
133,BLUE_12,BLUE,ASSASSIN,0,4,4,0,42.00,32.00,false
134,GREEN_1,GREEN,GARGOYLE,3,-3,6,0,43.00,102.00,false
134,GREEN_2,GREEN,MAGE,0,-3,2,0,60.00,16.00,false
134,GREEN_3,GREEN,ASSASSIN,4,-4,6,0,38.00,48.00,false
134,GREEN_4,GREEN,GOBLIN,2,-3,1,0,4.00,8.00,false
134,GREEN_5,GREEN,ARCHER,4,-3,1,0,19.00,8.00,false
134,GREEN_6,GREEN,ARCHER,0,-4,3,0,22.00,24.00,false
134,GREEN_7,GREEN,GOBLIN,1,-4,1,0,4.00,8.00,false
134,BLUE_8,BLUE,SCORPION_RIDER,-1,3,3,0,80.00,133.00,true
134,BLUE_9,BLUE,MAGE,-4,4,5,3,68.00,21.00,true
134,BLUE_10,BLUE,MAGE,1,3,5,5,47.00,0.00,true
134,BLUE_11,BLUE,GARGOYLE,-4,3,4,4,11.00,28.00,true
134,BLUE_12,BLUE,GOBLIN,-2,3,1,0,8.00,8.00,true
135,GREEN_1,GREEN,ASSASSIN,3,-3,2,0,0.00,16.00,false
135,GREEN_2,GREEN,GARGOYLE,3,-4,2,0,72.00,32.00,false
135,GREEN_3,GREEN,SCORPION_RIDER,2,-3,6,6,74.00,416.00,false
135,GREEN_4,GREEN,MAGE,4,-3,6,0,104.00,48.00,false
135,GREEN_5,GREEN,GARGOYLE,0,-4,1,1,0.00,0.00,false
135,BLUE_6,BLUE,GOLEM,0,4,2,0,85.00,114.00,false
135,BLUE_7,BLUE,GARGOYLE,-1,3,3,2,0.00,40.00,false
135,BLUE_8,BLUE,ASSASSIN,0,3,3,0,0.00,24.00,false
135,BLUE_9,BLUE,GARGOYLE,-3,4,5,1,21.00,72.00,false
135,BLUE_10,BLUE,ARCHER,-4,4,2,2,397.00,0.00,false
135,BLUE_11,BLUE,GARGOYLE,-4,3,1,1,0.00,0.00,false
135,BLUE_12,BLUE,SPIDER,-1,4,3,3,9.00,0.00,false
136,GREEN_1,GREEN,SPIDER,3,-4,15,0,89.00,72.00,false
136,GREEN_2,GREEN,SPIDER,3,-3,3,0,6.00,12.00,false
136,GREEN_3,GREEN,GOBLIN,2,-3,7,0,34.00,70.00,false
136,GREEN_4,GREEN,ASSASSIN,1,-3,5,0,0.00,40.00,false
136,GREEN_5,GREEN,GOLEM,1,-4,1,0,5.00,26.00,false
136,GREEN_6,GREEN,ARCHER,4,-4,1,0,24.00,8.00,false
136,BLUE_7,BLUE,SPIDER,-1,3,15,0,109.00,70.00,true
136,BLUE_8,BLUE,SPIDER,-2,4,15,9,82.00,34.00,true
136,BLUE_9,BLUE,GOLEM,-2,3,1,0,9.00,26.00,true
136,BLUE_10,BLUE,ASSASSIN,-4,4,3,0,22.00,24.00,true
136,BLUE_11,BLUE,SPIDER,0,4,1,0,6.00,4.00,true
137,GREEN_1,GREEN,GOLEM,2,-4,3,3,56.00,49.00,true
137,GREEN_2,GREEN,MAGE,1,-4,4,0,16.00,32.00,true
137,GREEN_3,GREEN,GOLEM,4,-3,4,4,14.00,154.00,true
137,GREEN_4,GREEN,ARCHER,3,-4,5,0,66.00,44.00,true
137,BLUE_5,BLUE,ASSASSIN,-1,3,7,0,54.00,56.00,false
137,BLUE_6,BLUE,MAGE,-4,3,7,0,76.00,56.00,false
137,BLUE_7,BLUE,SPIDER,-3,3,4,0,4.00,16.00,false
137,BLUE_8,BLUE,ARCHER,-1,4,3,0,145.00,24.00,false
138,GREEN_1,GREEN,ASSASSIN,1,-3,8,0,24.00,64.00,false
138,GREEN_2,GREEN,GOBLIN,3,-3,1,0,4.00,8.00,false
138,GREEN_3,GREEN,GOBLIN,-1,-3,2,0,12.00,16.00,false
138,GREEN_4,GREEN,GOLEM,0,-4,2,0,12.00,80.00,false
138,GREEN_5,GREEN,ARCHER,3,-4,2,0,88.00,16.00,false
138,GREEN_6,GREEN,GOLEM,2,-4,3,0,115.00,142.00,false
138,BLUE_7,BLUE,SPIDER,1,3,12,0,66.00,48.00,true
138,BLUE_8,BLUE,GOBLIN,-4,4,8,0,96.00,169.00,true
138,BLUE_9,BLUE,MAGE,-2,3,8,8,142.00,10.00,true
138,BLUE_10,BLUE,GOBLIN,-2,4,2,0,20.00,24.00,true
138,BLUE_11,BLUE,SPIDER,0,3,1,0,2.00,4.00,true
139,GREEN_1,GREEN,GOLEM,2,-3,2,0,8.00,52.00,false
139,GREEN_2,GREEN,SCORPION_RIDER,1,-4,5,0,8.00,124.00,false
139,GREEN_3,GREEN,GARGOYLE,-1,-3,1,0,0.00,16.00,false
139,GREEN_4,GREEN,SCORPION_RIDER,4,-3,6,0,48.00,200.00,false
139,GREEN_5,GREEN,SPIDER,3,-3,1,0,0.00,4.00,false
139,GREEN_6,GREEN,MAGE,0,-4,1,0,4.00,8.00,false
139,BLUE_7,BLUE,ASSASSIN,-3,4,7,0,76.00,56.00,true
139,BLUE_8,BLUE,GARGOYLE,0,4,3,3,0.00,0.00,true
139,BLUE_9,BLUE,MAGE,0,3,1,1,54.00,4.00,true
139,BLUE_10,BLUE,MAGE,-2,4,6,6,272.00,0.00,true
139,BLUE_11,BLUE,SPIDER,-1,4,2,0,2.00,8.00,true
140,GREEN_1,GREEN,GARGOYLE,2,-4,2,2,0.00,0.00,false
140,GREEN_2,GREEN,MAGE,1,-4,5,5,0.00,0.00,false
140,GREEN_3,GREEN,GOLEM,3,-3,2,2,0.00,0.00,false
140,GREEN_4,GREEN,GOBLIN,0,-3,10,7,183.00,448.00,false
140,GREEN_5,GREEN,ASSASSIN,3,-4,3,0,20.00,24.00,false
140,GREEN_6,GREEN,SPIDER,2,-3,1,1,0.00,0.00,false
140,BLUE_7,BLUE,SCORPION_RIDER,-4,3,1,1,0.00,0.00,false
140,BLUE_8,BLUE,GOBLIN,-2,4,6,0,31.00,56.00,false
140,BLUE_9,BLUE,SCORPION_RIDER,-1,4,6,6,11.00,8.00,false
140,BLUE_10,BLUE,GARGOYLE,-2,3,2,0,9.00,32.00,false
140,BLUE_11,BLUE,GOLEM,-1,3,3,0,53.00,107.00,false
140,BLUE_12,BLUE,MAGE,0,3,1,1,368.00,0.00,false
141,GREEN_1,GREEN,ASSASSIN,2,-3,6,0,0.00,48.00,false
141,GREEN_2,GREEN,GARGOYLE,0,-4,6,0,61.00,96.00,false
141,GREEN_3,GREEN,SPIDER,3,-4,1,0,2.00,4.00,false
141,GREEN_4,GREEN,SPIDER,1,-4,6,0,6.00,24.00,false
141,GREEN_5,GREEN,MAGE,2,-4,2,0,28.00,16.00,false
141,GREEN_6,GREEN,ARCHER,4,-3,1,0,5.00,8.00,false
141,BLUE_7,BLUE,ASSASSIN,-2,4,4,2,20.00,23.00,true
141,BLUE_8,BLUE,MAGE,0,3,7,7,132.00,16.00,true
141,BLUE_9,BLUE,SCORPION_RIDER,1,3,2,1,44.00,51.00,true
141,BLUE_10,BLUE,GARGOYLE,-4,3,4,4,0.00,4.00,true
141,BLUE_11,BLUE,GOBLIN,-3,4,1,0,0.00,8.00,true
142,GREEN_1,GREEN,GARGOYLE,-1,-3,2,0,6.00,32.00,true
142,GREEN_2,GREEN,SPIDER,2,-3,7,0,32.00,28.00,true
142,GREEN_3,GREEN,GOBLIN,1,-4,11,0,54.00,94.00,true
142,GREEN_4,GREEN,ARCHER,0,-4,5,5,84.00,0.00,true
142,GREEN_5,GREEN,SCORPION_RIDER,3,-3,2,2,12.00,16.00,true
142,GREEN_6,GREEN,GOBLIN,3,-4,5,5,0.00,0.00,true
142,BLUE_7,BLUE,SPIDER,-1,4,11,0,34.00,44.00,false
142,BLUE_8,BLUE,ASSASSIN,-2,3,8,0,56.00,64.00,false
142,BLUE_9,BLUE,SCORPION_RIDER,-3,3,4,0,76.00,72.00,false
142,BLUE_10,BLUE,GOBLIN,1,3,1,0,4.00,8.00,false
143,GREEN_1,GREEN,GOBLIN,0,-4,4,0,18.00,32.00,false
143,GREEN_2,GREEN,SPIDER,2,-4,11,0,26.00,44.00,false
143,GREEN_3,GREEN,SPIDER,4,-3,10,0,52.00,40.00,false
143,GREEN_4,GREEN,SPIDER,0,-3,15,0,52.00,73.00,false
143,GREEN_5,GREEN,SPIDER,4,-4,1,0,0.00,4.00,false
143,BLUE_6,BLUE,SPIDER,-1,3,10,0,32.00,40.00,true
143,BLUE_7,BLUE,MAGE,-4,4,8,7,95.00,30.00,true
143,BLUE_8,BLUE,SCORPION_RIDER,-3,3,3,1,65.00,70.00,true
143,BLUE_9,BLUE,MAGE,0,3,1,0,1.00,8.00,true
143,BLUE_10,BLUE,GARGOYLE,-4,3,1,1,0.00,0.00,true
144,GREEN_1,GREEN,GOLEM,4,-4,4,0,0.00,118.00,false
144,GREEN_2,GREEN,GARGOYLE,1,-4,3,0,3.00,59.00,false
144,GREEN_3,GREEN,MAGE,0,-4,5,0,71.00,48.00,false
144,GREEN_4,GREEN,ARCHER,2,-4,2,0,26.00,16.00,false
144,GREEN_5,GREEN,ARCHER,3,-4,2,0,16.00,16.00,false
144,GREEN_6,GREEN,ARCHER,1,-3,1,0,5.00,8.00,false
144,GREEN_7,GREEN,GOBLIN,4,-3,1,0,0.00,8.00,false
144,BLUE_8,BLUE,ASSASSIN,-4,4,1,0,0.00,8.00,true
144,BLUE_9,BLUE,SPIDER,1,3,10,0,16.00,40.00,true
144,BLUE_10,BLUE,SCORPION_RIDER,-2,3,1,0,8.00,18.00,true
144,BLUE_11,BLUE,ARCHER,0,4,11,9,233.00,27.00,true
144,BLUE_12,BLUE,MAGE,-4,3,3,0,16.00,24.00,true
144,BLUE_13,BLUE,SPIDER,-3,4,1,0,0.00,4.00,true
145,GREEN_1,GREEN,SPIDER,4,-4,11,0,0.00,44.00,false
145,GREEN_2,GREEN,GARGOYLE,2,-3,2,0,0.00,32.00,false
145,GREEN_3,GREEN,GOLEM,3,-4,3,0,46.00,124.00,false
145,GREEN_4,GREEN,SPIDER,1,-4,9,0,12.00,36.00,false
145,GREEN_5,GREEN,ARCHER,-1,-3,4,0,18.00,32.00,false
145,BLUE_6,BLUE,ARCHER,-4,3,12,11,210.00,30.00,true
145,BLUE_7,BLUE,GOLEM,1,3,4,4,58.00,46.00,true
145,BLUE_8,BLUE,GOLEM,-2,3,1,1,0.00,0.00,true
145,BLUE_9,BLUE,SPIDER,-3,3,1,1,0.00,0.00,true
145,BLUE_10,BLUE,GOLEM,0,4,1,1,0.00,0.00,true
146,GREEN_1,GREEN,GARGOYLE,2,-3,6,0,50.00,96.00,false
146,GREEN_2,GREEN,GARGOYLE,0,-3,2,0,12.00,32.00,false
146,GREEN_3,GREEN,GOBLIN,0,-4,12,0,162.00,129.00,false
146,GREEN_4,GREEN,GOBLIN,2,-4,2,0,8.00,16.00,false
146,GREEN_5,GREEN,GOBLIN,-1,-3,4,0,0.00,43.00,false
146,GREEN_6,GREEN,SPIDER,4,-4,5,0,16.00,20.00,false
146,BLUE_7,BLUE,GOBLIN,0,3,3,0,24.00,26.00,true
146,BLUE_8,BLUE,ASSASSIN,1,3,2,0,8.00,16.00,true
146,BLUE_9,BLUE,SCORPION_RIDER,-2,3,4,0,150.00,108.00,true
146,BLUE_10,BLUE,GARGOYLE,-3,4,4,3,21.00,28.00,true
146,BLUE_11,BLUE,GOLEM,-2,4,2,0,15.00,54.00,true
146,BLUE_12,BLUE,GARGOYLE,-1,3,1,0,3.00,16.00,true
146,BLUE_13,BLUE,ARCHER,-4,3,3,3,115.00,0.00,true
147,GREEN_1,GREEN,GOBLIN,2,-4,2,0,4.00,16.00,true
147,GREEN_2,GREEN,MAGE,3,-3,2,0,13.00,16.00,true
147,GREEN_3,GREEN,ARCHER,1,-3,11,0,156.00,88.00,true
147,GREEN_4,GREEN,MAGE,1,-4,3,3,125.00,0.00,true
147,GREEN_5,GREEN,GARGOYLE,2,-3,3,0,15.00,48.00,true
147,GREEN_6,GREEN,GARGOYLE,3,-4,1,0,3.00,16.00,true
147,BLUE_7,BLUE,ASSASSIN,-4,4,7,0,0.00,56.00,false
147,BLUE_8,BLUE,GARGOYLE,-2,4,1,0,0.00,16.00,false
147,BLUE_9,BLUE,GARGOYLE,-4,3,1,0,0.00,16.00,false
147,BLUE_10,BLUE,SCORPION_RIDER,0,3,6,0,152.00,188.00,false
147,BLUE_11,BLUE,SCORPION_RIDER,-1,3,1,0,32.00,24.00,false
147,BLUE_12,BLUE,GOBLIN,0,4,1,0,0.00,8.00,false
147,BLUE_13,BLUE,GOBLIN,-3,3,1,0,0.00,8.00,false
148,GREEN_1,GREEN,MAGE,1,-4,5,0,12.00,40.00,false
148,GREEN_2,GREEN,GOLEM,0,-4,4,0,133.00,178.00,false
148,GREEN_3,GREEN,ASSASSIN,3,-3,1,0,0.00,8.00,false
148,GREEN_4,GREEN,ARCHER,2,-4,6,0,186.00,48.00,false
148,GREEN_5,GREEN,MAGE,4,-4,1,0,6.00,8.00,false
148,GREEN_6,GREEN,GOBLIN,3,-4,2,0,4.00,16.00,false
148,BLUE_7,BLUE,SCORPION_RIDER,-2,3,6,5,76.00,151.00,true
148,BLUE_8,BLUE,SCORPION_RIDER,-2,4,3,2,150.00,98.00,true
148,BLUE_9,BLUE,GOLEM,0,3,3,2,56.00,64.00,true
148,BLUE_10,BLUE,ASSASSIN,-1,3,2,0,16.00,16.00,true
148,BLUE_11,BLUE,SPIDER,0,4,3,0,0.00,12.00,true
149,GREEN_1,GREEN,ARCHER,3,-4,1,0,16.00,8.00,false
149,GREEN_2,GREEN,MAGE,2,-3,1,0,9.00,8.00,false
149,GREEN_3,GREEN,GARGOYLE,-1,-3,6,0,26.00,96.00,false
149,GREEN_4,GREEN,ASSASSIN,0,-3,6,0,0.00,48.00,false
149,GREEN_5,GREEN,GARGOYLE,3,-3,3,0,3.00,48.00,false
149,GREEN_6,GREEN,SPIDER,4,-4,2,0,7.00,8.00,false
149,BLUE_7,BLUE,ASSASSIN,1,3,4,0,12.00,32.00,true
149,BLUE_8,BLUE,SPIDER,-2,3,11,11,42.00,1.00,true
149,BLUE_9,BLUE,SPIDER,-4,3,6,0,62.00,26.00,true
149,BLUE_10,BLUE,GARGOYLE,-2,4,3,3,0.00,0.00,true
149,BLUE_11,BLUE,SPIDER,-4,4,8,8,100.00,2.00,true
150,GREEN_1,GREEN,SPIDER,2,-3,6,0,18.00,24.00,true
150,GREEN_2,GREEN,SCORPION_RIDER,1,-3,5,3,184.00,83.00,true
150,GREEN_3,GREEN,GARGOYLE,3,-3,5,3,89.00,56.00,true
150,GREEN_4,GREEN,GOLEM,4,-3,3,3,51.00,26.00,true
150,BLUE_5,BLUE,GARGOYLE,-3,3,1,0,3.00,16.00,false
150,BLUE_6,BLUE,GOLEM,-4,3,1,0,6.00,26.00,false
150,BLUE_7,BLUE,GARGOYLE,-3,4,4,0,20.00,64.00,false
150,BLUE_8,BLUE,GOBLIN,0,3,8,0,36.00,64.00,false
150,BLUE_9,BLUE,ASSASSIN,-4,4,5,0,24.00,40.00,false
150,BLUE_10,BLUE,GOBLIN,-1,3,7,0,100.00,132.00,false
151,GREEN_1,GREEN,GARGOYLE,0,-4,6,6,619.00,400.00,true
151,GREEN_2,GREEN,MAGE,2,-4,4,4,0.00,0.00,true
151,GREEN_3,GREEN,GOBLIN,3,-4,3,3,0.00,0.00,true
151,GREEN_4,GREEN,MAGE,0,-3,6,0,34.00,48.00,true
151,GREEN_5,GREEN,GOBLIN,2,-3,1,1,0.00,0.00,true
151,BLUE_6,BLUE,GARGOYLE,-1,4,5,0,39.00,80.00,false
151,BLUE_7,BLUE,SCORPION_RIDER,1,3,3,0,76.00,54.00,false
151,BLUE_8,BLUE,GOLEM,-1,3,4,0,245.00,382.00,false
151,BLUE_9,BLUE,GOBLIN,-4,4,8,0,88.00,137.00,false
152,GREEN_1,GREEN,ASSASSIN,4,-3,7,0,32.00,56.00,false
152,GREEN_2,GREEN,GARGOYLE,3,-4,2,0,0.00,32.00,false
152,GREEN_3,GREEN,GOLEM,-1,-3,1,0,0.00,26.00,false
152,GREEN_4,GREEN,ARCHER,4,-4,4,0,34.00,32.00,false
152,GREEN_5,GREEN,ARCHER,1,-4,4,0,35.00,32.00,false
152,GREEN_6,GREEN,SPIDER,0,-3,2,0,0.00,8.00,false
152,GREEN_7,GREEN,ARCHER,0,-4,1,0,5.00,8.00,false
152,BLUE_8,BLUE,ARCHER,-3,4,11,11,68.00,20.00,true
152,BLUE_9,BLUE,ARCHER,-2,3,2,0,28.00,16.00,true
152,BLUE_10,BLUE,SCORPION_RIDER,-1,4,5,5,35.00,52.00,true
152,BLUE_11,BLUE,ARCHER,-2,4,4,3,63.00,18.00,true
153,GREEN_1,GREEN,ASSASSIN,2,-4,4,0,0.00,32.00,false
153,GREEN_2,GREEN,SPIDER,4,-3,9,0,12.00,36.00,false
153,GREEN_3,GREEN,SCORPION_RIDER,3,-4,1,0,3.00,18.00,false
153,GREEN_4,GREEN,GOBLIN,0,-4,9,0,16.00,91.00,false
153,GREEN_5,GREEN,GOLEM,2,-3,1,0,10.00,26.00,false
153,GREEN_6,GREEN,GOBLIN,0,-3,2,0,8.00,16.00,false
153,GREEN_7,GREEN,SCORPION_RIDER,-1,-3,2,0,16.00,44.00,false
153,GREEN_8,GREEN,SPIDER,1,-4,1,0,0.00,4.00,false
153,BLUE_9,BLUE,ARCHER,-1,3,12,11,145.00,25.00,true
153,BLUE_10,BLUE,GARGOYLE,0,4,2,2,4.00,0.00,true
153,BLUE_11,BLUE,ARCHER,-1,4,3,3,68.00,0.00,true
153,BLUE_12,BLUE,ASSASSIN,-2,3,5,0,50.00,40.00,true
154,GREEN_1,GREEN,SCORPION_RIDER,2,-3,1,0,16.00,18.00,true
154,GREEN_2,GREEN,ARCHER,3,-4,11,11,199.00,0.00,true
154,GREEN_3,GREEN,GOLEM,2,-4,2,0,18.00,52.00,true
154,GREEN_4,GREEN,GOLEM,1,-3,4,4,54.00,41.00,true
154,BLUE_5,BLUE,GOBLIN,-1,3,11,0,64.00,103.00,false
154,BLUE_6,BLUE,ASSASSIN,-1,4,4,0,0.00,32.00,false
154,BLUE_7,BLUE,GOBLIN,-3,3,1,0,0.00,8.00,false
154,BLUE_8,BLUE,GARGOYLE,-4,4,5,0,9.00,80.00,false
154,BLUE_9,BLUE,GOBLIN,0,3,1,0,4.00,8.00,false
154,BLUE_10,BLUE,GOBLIN,-4,3,7,0,34.00,56.00,false
155,GREEN_1,GREEN,SPIDER,0,-3,2,0,4.00,8.00,true
155,GREEN_2,GREEN,GOBLIN,-1,-3,4,0,16.00,32.00,true
155,GREEN_3,GREEN,MAGE,0,-4,7,5,150.00,60.00,true
155,GREEN_4,GREEN,GOBLIN,2,-4,10,0,38.00,96.00,true
155,GREEN_5,GREEN,MAGE,4,-4,4,3,76.00,27.00,true
155,BLUE_6,BLUE,SPIDER,1,3,2,0,0.00,8.00,false
155,BLUE_7,BLUE,GOLEM,0,3,2,0,25.00,52.00,false
155,BLUE_8,BLUE,GOBLIN,-2,3,10,0,60.00,108.00,false
155,BLUE_9,BLUE,GARGOYLE,-4,3,2,0,0.00,32.00,false
155,BLUE_10,BLUE,MAGE,-4,4,6,0,128.00,64.00,false
155,BLUE_11,BLUE,ARCHER,0,4,2,0,10.00,16.00,false
155,BLUE_12,BLUE,SPIDER,-3,4,1,0,0.00,4.00,false
156,GREEN_1,GREEN,GOBLIN,3,-4,8,0,31.00,81.00,false
156,GREEN_2,GREEN,SPIDER,0,-4,3,0,4.00,12.00,false
156,GREEN_3,GREEN,ASSASSIN,2,-4,5,0,0.00,40.00,false
156,GREEN_4,GREEN,GARGOYLE,4,-4,2,0,0.00,32.00,false
156,GREEN_5,GREEN,SCORPION_RIDER,3,-3,2,0,16.00,56.00,false
156,GREEN_6,GREEN,ASSASSIN,1,-3,1,0,0.00,8.00,false
156,GREEN_7,GREEN,ARCHER,4,-3,3,0,19.00,24.00,false
156,GREEN_8,GREEN,GOBLIN,0,-3,1,0,0.00,8.00,false
156,BLUE_9,BLUE,GARGOYLE,-1,4,2,0,9.00,32.00,true
156,BLUE_10,BLUE,ARCHER,-4,3,11,11,99.00,0.00,true
156,BLUE_11,BLUE,MAGE,-1,3,4,3,101.00,17.00,true
156,BLUE_12,BLUE,GOBLIN,1,3,2,0,4.00,16.00,true
156,BLUE_13,BLUE,ARCHER,-3,3,4,4,48.00,5.00,true
157,GREEN_1,GREEN,MAGE,2,-3,7,0,61.00,56.00,false
157,GREEN_2,GREEN,GOLEM,3,-4,4,0,39.00,108.00,false
157,GREEN_3,GREEN,ARCHER,2,-4,7,0,92.00,56.00,false
157,BLUE_4,BLUE,ARCHER,-3,3,11,8,161.00,79.00,true
157,BLUE_5,BLUE,GOBLIN,-1,4,10,0,14.00,97.00,true
157,BLUE_6,BLUE,MAGE,1,3,5,4,40.00,8.00,true
157,BLUE_7,BLUE,ARCHER,0,3,1,0,5.00,8.00,true
158,GREEN_1,GREEN,GOLEM,4,-3,2,2,0.00,0.00,true
158,GREEN_2,GREEN,GOBLIN,3,-3,1,0,0.00,8.00,true
158,GREEN_3,GREEN,ARCHER,4,-4,11,10,150.00,39.00,true
158,GREEN_4,GREEN,MAGE,0,-4,6,4,144.00,26.00,true
158,GREEN_5,GREEN,GOBLIN,2,-4,1,1,0.00,0.00,true
158,BLUE_6,BLUE,SCORPION_RIDER,-2,3,3,0,0.00,126.00,false
158,BLUE_7,BLUE,MAGE,0,4,5,0,20.00,40.00,false
158,BLUE_8,BLUE,GOBLIN,-2,4,8,0,0.00,64.00,false
158,BLUE_9,BLUE,ARCHER,-3,4,6,0,36.00,48.00,false
158,BLUE_10,BLUE,MAGE,-1,3,1,0,7.00,8.00,false
158,BLUE_11,BLUE,ARCHER,-1,4,1,0,10.00,8.00,false
159,GREEN_1,GREEN,GOLEM,3,-3,4,4,544.00,508.00,false
159,GREEN_2,GREEN,GOLEM,3,-4,3,0,3.00,152.00,false
159,GREEN_3,GREEN,GARGOYLE,2,-4,2,0,6.00,32.00,false
159,GREEN_4,GREEN,ARCHER,2,-3,6,0,65.00,48.00,false
159,GREEN_5,GREEN,GARGOYLE,0,-4,1,0,3.00,16.00,false
159,GREEN_6,GREEN,GOBLIN,-1,-3,1,0,0.00,8.00,false
159,BLUE_7,BLUE,SCORPION_RIDER,-2,3,3,0,36.00,54.00,false
159,BLUE_8,BLUE,SPIDER,-3,4,5,0,18.00,23.00,false
159,BLUE_9,BLUE,GARGOYLE,-1,3,4,4,8.00,27.00,false
159,BLUE_10,BLUE,ARCHER,-1,4,3,3,149.00,0.00,false
159,BLUE_11,BLUE,GOLEM,-3,3,4,4,553.00,517.00,false
159,BLUE_12,BLUE,SPIDER,0,4,1,1,0.00,0.00,false
160,GREEN_1,GREEN,SCORPION_RIDER,0,-3,1,0,4.00,18.00,true
160,GREEN_2,GREEN,ARCHER,1,-4,12,12,199.00,0.00,true
160,GREEN_3,GREEN,ASSASSIN,-1,-3,3,0,22.00,32.00,true
160,GREEN_4,GREEN,SPIDER,4,-3,5,0,20.00,20.00,true
160,GREEN_5,GREEN,MAGE,2,-4,2,2,17.00,0.00,true
160,GREEN_6,GREEN,GARGOYLE,0,-4,1,1,0.00,0.00,true
160,BLUE_7,BLUE,GOLEM,0,4,1,0,10.00,26.00,false
160,BLUE_8,BLUE,SCORPION_RIDER,1,3,6,0,16.00,108.00,false
160,BLUE_9,BLUE,GARGOYLE,-1,4,6,0,16.00,96.00,false
160,BLUE_10,BLUE,SPIDER,-4,3,7,0,28.00,28.00,false
160,BLUE_11,BLUE,SPIDER,-2,3,1,0,0.00,4.00,false
161,GREEN_1,GREEN,SPIDER,3,-4,9,1,72.00,32.00,true
161,GREEN_2,GREEN,ARCHER,-1,-3,2,2,32.00,0.00,true
161,GREEN_3,GREEN,ASSASSIN,0,-3,8,4,110.00,52.00,true
161,GREEN_4,GREEN,GOBLIN,3,-3,1,0,4.00,8.00,true
161,GREEN_5,GREEN,SPIDER,4,-3,3,3,10.00,3.00,true
161,GREEN_6,GREEN,GOLEM,4,-4,2,2,18.00,6.00,true
161,BLUE_7,BLUE,GARGOYLE,-3,4,3,0,12.00,48.00,false
161,BLUE_8,BLUE,GOBLIN,-4,3,6,0,20.00,48.00,false
161,BLUE_9,BLUE,SCORPION_RIDER,1,3,3,0,24.00,54.00,false
161,BLUE_10,BLUE,ASSASSIN,0,3,5,0,8.00,40.00,false
161,BLUE_11,BLUE,ARCHER,-1,4,1,0,13.00,8.00,false
161,BLUE_12,BLUE,SCORPION_RIDER,-2,4,1,0,8.00,18.00,false
161,BLUE_13,BLUE,SCORPION_RIDER,-2,3,1,0,10.00,18.00,false
161,BLUE_14,BLUE,SPIDER,-3,3,1,0,2.00,4.00,false
161,BLUE_15,BLUE,GOBLIN,0,4,1,0,4.00,8.00,false
162,GREEN_1,GREEN,GARGOYLE,0,-3,5,0,15.00,80.00,false
162,GREEN_2,GREEN,SCORPION_RIDER,4,-3,5,0,0.00,98.00,false
162,GREEN_3,GREEN,SCORPION_RIDER,2,-4,1,0,2.00,18.00,false
162,GREEN_4,GREEN,GOBLIN,3,-4,7,0,11.00,56.00,false
162,GREEN_5,GREEN,ASSASSIN,1,-4,2,0,0.00,16.00,false
162,GREEN_6,GREEN,SPIDER,1,-3,2,0,0.00,8.00,false
162,BLUE_7,BLUE,MAGE,0,4,7,7,30.00,0.00,true
162,BLUE_8,BLUE,ARCHER,0,3,10,10,189.00,0.00,true
162,BLUE_9,BLUE,ASSASSIN,-1,3,3,0,40.00,24.00,true
162,BLUE_10,BLUE,ARCHER,-2,4,1,1,17.00,4.00,true
163,GREEN_1,GREEN,GOLEM,1,-3,3,3,57.00,65.00,true
163,GREEN_2,GREEN,SCORPION_RIDER,3,-4,4,4,132.00,86.00,true
163,GREEN_3,GREEN,SPIDER,4,-3,13,0,90.00,64.00,true
163,GREEN_4,GREEN,ARCHER,0,-4,4,4,144.00,0.00,true
163,GREEN_5,GREEN,GOBLIN,-1,-3,1,0,2.00,8.00,true
163,BLUE_6,BLUE,GOLEM,-4,4,4,0,43.00,169.00,false
163,BLUE_7,BLUE,SCORPION_RIDER,-3,4,2,0,28.00,40.00,false
163,BLUE_8,BLUE,GOLEM,-1,3,4,0,131.00,160.00,false
163,BLUE_9,BLUE,GARGOYLE,1,3,3,0,12.00,48.00,false
163,BLUE_10,BLUE,MAGE,-2,4,1,0,9.00,8.00,false
164,GREEN_1,GREEN,GOBLIN,-1,-3,4,0,46.00,62.00,false
164,GREEN_2,GREEN,GARGOYLE,1,-4,3,3,12.00,3.00,false
164,GREEN_3,GREEN,ARCHER,1,-3,2,2,132.00,0.00,false
164,GREEN_4,GREEN,SPIDER,3,-4,6,0,13.00,24.00,false
164,GREEN_5,GREEN,SCORPION_RIDER,4,-3,1,1,0.00,0.00,false
164,GREEN_6,GREEN,ASSASSIN,4,-4,3,0,30.00,24.00,false
164,GREEN_7,GREEN,GOBLIN,0,-3,3,0,8.00,24.00,false
164,GREEN_8,GREEN,SCORPION_RIDER,0,-4,2,2,11.00,24.00,false
164,GREEN_9,GREEN,SCORPION_RIDER,2,-3,1,0,4.00,18.00,false
164,BLUE_10,BLUE,GARGOYLE,1,3,6,6,6.00,4.00,false
164,BLUE_11,BLUE,GOLEM,0,3,3,0,102.00,152.00,false
164,BLUE_12,BLUE,ASSASSIN,-3,4,5,0,66.00,40.00,false
164,BLUE_13,BLUE,GOLEM,-4,4,1,0,5.00,52.00,false
164,BLUE_14,BLUE,ASSASSIN,-4,3,1,0,0.00,8.00,false
165,GREEN_1,GREEN,ASSASSIN,3,-3,6,6,40.00,23.00,true
165,GREEN_2,GREEN,MAGE,4,-3,4,4,64.00,3.00,true
165,GREEN_3,GREEN,SPIDER,-1,-3,4,0,34.00,16.00,true
165,GREEN_4,GREEN,SCORPION_RIDER,0,-3,3,2,100.00,43.00,true
165,GREEN_5,GREEN,GARGOYLE,2,-4,2,2,8.00,2.00,true
165,GREEN_6,GREEN,GOBLIN,1,-3,1,0,0.00,8.00,true
165,BLUE_7,BLUE,GOLEM,-1,4,1,0,23.00,38.00,false
165,BLUE_8,BLUE,ASSASSIN,-3,3,1,0,0.00,8.00,false
165,BLUE_9,BLUE,MAGE,0,4,5,0,23.00,40.00,false
165,BLUE_10,BLUE,GOLEM,-2,4,2,0,30.00,62.00,false
165,BLUE_11,BLUE,SCORPION_RIDER,-4,4,1,0,16.00,18.00,false
165,BLUE_12,BLUE,GARGOYLE,0,3,3,0,3.00,48.00,false
165,BLUE_13,BLUE,ASSASSIN,-3,4,2,0,0.00,16.00,false
165,BLUE_14,BLUE,ASSASSIN,-2,3,1,0,0.00,8.00,false
165,BLUE_15,BLUE,GOBLIN,-4,3,1,0,0.00,8.00,false
166,GREEN_1,GREEN,GOBLIN,3,-3,2,0,12.00,16.00,false
166,GREEN_2,GREEN,GOLEM,4,-4,2,0,0.00,60.00,false
166,GREEN_3,GREEN,ARCHER,1,-4,4,0,121.00,32.00,false
166,GREEN_4,GREEN,SPIDER,-1,-3,9,0,22.00,42.00,false
166,GREEN_5,GREEN,MAGE,3,-4,4,0,34.00,32.00,false
166,GREEN_6,GREEN,SCORPION_RIDER,4,-3,3,0,40.00,54.00,false
166,BLUE_7,BLUE,GARGOYLE,-3,4,1,0,3.00,16.00,true
166,BLUE_8,BLUE,ARCHER,-4,3,8,6,135.00,33.00,true
166,BLUE_9,BLUE,GOBLIN,0,4,11,0,74.00,108.00,true
166,BLUE_10,BLUE,SPIDER,-3,3,15,0,24.00,72.00,true
167,GREEN_1,GREEN,MAGE,4,-4,8,8,241.00,4.00,true
167,GREEN_2,GREEN,GOBLIN,1,-4,5,0,12.00,48.00,true
167,GREEN_3,GREEN,GOBLIN,0,-3,8,0,26.00,100.00,true
167,GREEN_4,GREEN,MAGE,3,-4,3,0,41.00,28.00,true
167,GREEN_5,GREEN,GARGOYLE,0,-4,1,1,0.00,0.00,true
167,BLUE_6,BLUE,MAGE,1,3,5,0,148.00,40.00,false
167,BLUE_7,BLUE,GOLEM,-4,4,4,0,20.00,147.00,false
167,BLUE_8,BLUE,SCORPION_RIDER,-2,3,5,0,0.00,117.00,false
167,BLUE_9,BLUE,ASSASSIN,0,4,1,0,8.00,8.00,false
167,BLUE_10,BLUE,GOBLIN,-4,3,1,0,4.00,8.00,false
168,GREEN_1,GREEN,ARCHER,1,-4,11,11,160.00,0.00,true
168,GREEN_2,GREEN,SCORPION_RIDER,3,-4,2,0,24.00,36.00,true
168,GREEN_3,GREEN,SPIDER,-1,-3,10,10,20.00,0.00,true
168,GREEN_4,GREEN,MAGE,0,-4,3,3,44.00,5.00,true
168,GREEN_5,GREEN,GOBLIN,1,-3,1,0,4.00,8.00,true
168,BLUE_6,BLUE,GOBLIN,-4,4,5,0,0.00,48.00,false
168,BLUE_7,BLUE,ASSASSIN,-3,4,4,0,0.00,32.00,false
168,BLUE_8,BLUE,GOBLIN,-1,3,7,0,42.00,60.00,false
168,BLUE_9,BLUE,GARGOYLE,0,3,5,0,0.00,80.00,false
168,BLUE_10,BLUE,ASSASSIN,-3,3,3,0,0.00,24.00,false
168,BLUE_11,BLUE,ARCHER,-1,4,1,0,7.00,8.00,false
169,GREEN_1,GREEN,GOLEM,2,-4,4,4,76.00,42.00,true
169,GREEN_2,GREEN,SCORPION_RIDER,2,-3,4,0,106.00,76.00,true
169,GREEN_3,GREEN,GOLEM,1,-4,3,2,81.00,82.00,true
169,GREEN_4,GREEN,ARCHER,-1,-3,4,0,56.00,32.00,true
169,GREEN_5,GREEN,SPIDER,3,-4,1,0,2.00,4.00,true
169,BLUE_6,BLUE,SPIDER,1,3,8,0,36.00,32.00,false
169,BLUE_7,BLUE,GOBLIN,0,4,4,0,12.00,32.00,false
169,BLUE_8,BLUE,ASSASSIN,0,3,3,0,26.00,24.00,false
169,BLUE_9,BLUE,GOBLIN,-3,4,9,0,57.00,72.00,false
169,BLUE_10,BLUE,GOBLIN,-1,3,8,0,70.00,113.00,false
169,BLUE_11,BLUE,GOLEM,-1,4,1,0,15.00,40.00,false
169,BLUE_12,BLUE,MAGE,-2,3,1,0,20.00,8.00,false
170,GREEN_1,GREEN,ASSASSIN,-1,-3,6,0,32.00,48.00,false
170,GREEN_2,GREEN,GOLEM,4,-4,3,0,73.00,96.00,false
170,GREEN_3,GREEN,ASSASSIN,1,-4,7,0,92.00,56.00,false
170,GREEN_4,GREEN,SPIDER,3,-4,1,0,2.00,4.00,false
170,BLUE_5,BLUE,GOBLIN,0,3,2,1,8.00,8.00,true
170,BLUE_6,BLUE,GARGOYLE,-3,4,2,0,6.00,32.00,true
170,BLUE_7,BLUE,GARGOYLE,-2,4,2,1,6.00,28.00,true
170,BLUE_8,BLUE,SPIDER,-1,3,8,0,40.00,32.00,true
170,BLUE_9,BLUE,GARGOYLE,-1,4,5,5,10.00,24.00,true
170,BLUE_10,BLUE,SCORPION_RIDER,-2,3,4,3,134.00,75.00,true
171,GREEN_1,GREEN,GOLEM,4,-3,1,1,0.00,0.00,false
171,GREEN_2,GREEN,SCORPION_RIDER,0,-3,5,0,52.00,254.00,false
171,GREEN_3,GREEN,GARGOYLE,2,-4,4,4,24.00,13.00,false
171,GREEN_4,GREEN,SCORPION_RIDER,0,-4,1,1,7.00,20.00,false
171,GREEN_5,GREEN,SCORPION_RIDER,2,-3,2,1,216.00,194.00,false
171,GREEN_6,GREEN,ASSASSIN,1,-4,2,0,2.00,16.00,false
171,GREEN_7,GREEN,ARCHER,-1,-3,1,1,29.00,0.00,false
171,GREEN_8,GREEN,GOBLIN,1,-3,1,0,4.00,8.00,false
171,BLUE_9,BLUE,MAGE,-2,3,3,0,247.00,24.00,false
171,BLUE_10,BLUE,SCORPION_RIDER,-4,4,1,1,181.00,176.00,false
171,BLUE_11,BLUE,MAGE,1,3,5,0,21.00,40.00,false
171,BLUE_12,BLUE,SCORPION_RIDER,0,3,1,0,8.00,18.00,false
171,BLUE_13,BLUE,SCORPION_RIDER,0,4,2,0,24.00,36.00,false
171,BLUE_14,BLUE,ASSASSIN,-4,3,5,0,24.00,40.00,false
172,GREEN_1,GREEN,ARCHER,4,-4,9,9,125.00,8.00,true
172,GREEN_2,GREEN,GOBLIN,1,-3,6,1,55.00,60.00,true
172,GREEN_3,GREEN,SPIDER,2,-3,5,0,22.00,26.00,true
172,GREEN_4,GREEN,ASSASSIN,3,-4,2,0,8.00,16.00,true
172,GREEN_5,GREEN,ARCHER,-1,-3,6,6,96.00,0.00,true
172,GREEN_6,GREEN,SPIDER,1,-4,1,0,0.00,4.00,true
172,BLUE_7,BLUE,SCORPION_RIDER,-2,3,1,0,16.00,26.00,false
172,BLUE_8,BLUE,GOBLIN,1,3,8,0,44.00,88.00,false
172,BLUE_9,BLUE,MAGE,-2,4,3,0,30.00,24.00,false
172,BLUE_10,BLUE,ARCHER,0,3,4,0,18.00,32.00,false
172,BLUE_11,BLUE,ASSASSIN,-1,3,2,0,0.00,16.00,false
172,BLUE_12,BLUE,GOBLIN,-4,3,10,0,0.00,110.00,false
172,BLUE_13,BLUE,SPIDER,-4,4,2,0,6.00,10.00,false
173,GREEN_1,GREEN,GOBLIN,0,-3,9,0,60.00,114.00,false
173,GREEN_2,GREEN,GOBLIN,4,-3,5,0,51.00,62.00,false
173,GREEN_3,GREEN,GOBLIN,-1,-3,1,0,0.00,8.00,false
173,GREEN_4,GREEN,SPIDER,0,-4,6,0,18.00,24.00,false
173,GREEN_5,GREEN,MAGE,2,-3,2,2,656.00,0.00,false
173,GREEN_6,GREEN,GOBLIN,2,-4,4,4,0.00,0.00,false
173,GREEN_7,GREEN,GARGOYLE,3,-3,1,0,3.00,16.00,false
173,GREEN_8,GREEN,GARGOYLE,3,-4,1,1,0.00,0.00,false
173,GREEN_9,GREEN,MAGE,1,-4,2,2,738.00,0.00,false
173,GREEN_10,GREEN,MAGE,1,-3,1,1,212.00,0.00,false
173,BLUE_11,BLUE,GOLEM,1,3,2,2,24.00,1434.00,false
173,BLUE_12,BLUE,GOLEM,0,4,2,0,31.00,150.00,false
173,BLUE_13,BLUE,MAGE,0,3,6,6,101.00,0.00,false
173,BLUE_14,BLUE,GOBLIN,-2,4,9,0,52.00,114.00,false
173,BLUE_15,BLUE,GOBLIN,-1,3,4,0,12.00,32.00,false
173,BLUE_16,BLUE,GOBLIN,-1,4,1,0,4.00,8.00,false
174,GREEN_1,GREEN,GARGOYLE,3,-4,1,0,11.00,16.00,false
174,GREEN_2,GREEN,ASSASSIN,1,-3,5,0,32.00,40.00,false
174,GREEN_3,GREEN,MAGE,3,-3,6,0,52.00,48.00,false
174,GREEN_4,GREEN,ASSASSIN,2,-4,2,0,8.00,16.00,false
174,GREEN_5,GREEN,GOLEM,-1,-3,1,0,5.00,26.00,false
174,GREEN_6,GREEN,SCORPION_RIDER,4,-3,2,0,96.00,47.00,false
174,BLUE_7,BLUE,GARGOYLE,0,4,3,0,20.00,48.00,true
174,BLUE_8,BLUE,GOBLIN,-4,4,8,0,77.00,89.00,true
174,BLUE_9,BLUE,GARGOYLE,-2,4,6,6,16.00,8.00,true
174,BLUE_10,BLUE,ARCHER,1,3,3,0,20.00,24.00,true
174,BLUE_11,BLUE,GOBLIN,-3,4,7,6,60.00,35.00,true
175,GREEN_1,GREEN,GARGOYLE,1,-3,3,0,18.00,48.00,true
175,GREEN_2,GREEN,SCORPION_RIDER,0,-4,5,0,164.00,154.00,true
175,GREEN_3,GREEN,GARGOYLE,1,-4,2,2,6.00,12.00,true
175,GREEN_4,GREEN,GARGOYLE,4,-3,6,6,92.00,15.00,true
175,GREEN_5,GREEN,MAGE,3,-4,1,1,4.00,0.00,true
175,BLUE_6,BLUE,GARGOYLE,-2,4,5,0,38.00,80.00,false
175,BLUE_7,BLUE,GARGOYLE,-4,3,3,0,15.00,48.00,false
175,BLUE_8,BLUE,ARCHER,-2,3,1,0,73.00,8.00,false
175,BLUE_9,BLUE,GARGOYLE,-1,4,4,0,7.00,64.00,false
175,BLUE_10,BLUE,SCORPION_RIDER,-3,3,4,0,96.00,80.00,false
175,BLUE_11,BLUE,SPIDER,-1,3,1,0,0.00,4.00,false
176,GREEN_1,GREEN,SCORPION_RIDER,3,-4,2,0,32.00,36.00,true
176,GREEN_2,GREEN,ASSASSIN,2,-4,1,0,0.00,8.00,true
176,GREEN_3,GREEN,ASSASSIN,0,-3,1,0,0.00,8.00,true
176,GREEN_4,GREEN,GOLEM,4,-4,3,3,84.00,70.00,true
176,GREEN_5,GREEN,MAGE,0,-4,6,6,182.00,14.00,true
176,GREEN_6,GREEN,GOBLIN,4,-3,2,0,8.00,16.00,true
176,GREEN_7,GREEN,SCORPION_RIDER,-1,-3,2,0,54.00,93.00,true
176,BLUE_8,BLUE,GOBLIN,-3,3,10,0,122.00,124.00,false
176,BLUE_9,BLUE,GOLEM,-4,3,4,0,55.00,164.00,false
176,BLUE_10,BLUE,SPIDER,0,4,7,0,32.00,28.00,false
176,BLUE_11,BLUE,SPIDER,0,3,10,0,32.00,40.00,false
176,BLUE_12,BLUE,SPIDER,-2,4,1,0,4.00,4.00,false
177,GREEN_1,GREEN,GOLEM,4,-3,4,4,101.00,102.00,true
177,GREEN_2,GREEN,ARCHER,3,-4,12,12,179.00,0.00,true
177,GREEN_3,GREEN,GOLEM,1,-3,1,1,12.00,17.00,true
177,GREEN_4,GREEN,GARGOYLE,3,-3,2,2,0.00,0.00,true
177,BLUE_5,BLUE,SCORPION_RIDER,0,4,3,0,96.00,90.00,false
177,BLUE_6,BLUE,SPIDER,-4,3,8,0,0.00,32.00,false
177,BLUE_7,BLUE,SCORPION_RIDER,-3,4,6,0,0.00,122.00,false
177,BLUE_8,BLUE,ASSASSIN,-2,3,2,0,20.00,16.00,false
177,BLUE_9,BLUE,GOLEM,-4,4,1,0,3.00,28.00,false
177,BLUE_10,BLUE,SPIDER,-2,4,1,0,0.00,4.00,false
178,GREEN_1,GREEN,MAGE,1,-4,5,0,202.00,40.00,false
178,GREEN_2,GREEN,SCORPION_RIDER,4,-3,3,0,0.00,66.00,false
178,GREEN_3,GREEN,GARGOYLE,4,-4,3,0,0.00,48.00,false
178,GREEN_4,GREEN,SPIDER,3,-3,11,0,14.00,50.00,false
178,GREEN_5,GREEN,GARGOYLE,-1,-3,1,0,3.00,16.00,false
178,GREEN_6,GREEN,SPIDER,0,-3,1,0,0.00,4.00,false
178,BLUE_7,BLUE,GOLEM,-3,3,1,1,41.00,24.00,true
178,BLUE_8,BLUE,SPIDER,-1,3,3,0,6.00,12.00,true
178,BLUE_9,BLUE,MAGE,0,4,5,5,65.00,2.00,true
178,BLUE_10,BLUE,GOBLIN,-3,4,6,1,0.00,66.00,true
178,BLUE_11,BLUE,MAGE,-1,4,4,4,96.00,0.00,true
178,BLUE_12,BLUE,GOLEM,-4,3,2,2,16.00,115.00,true
178,BLUE_13,BLUE,GOBLIN,-2,4,1,1,0.00,0.00,true
179,GREEN_1,GREEN,SPIDER,3,-3,5,0,10.00,20.00,false
179,GREEN_2,GREEN,MAGE,-1,-3,8,0,52.00,77.00,false
179,GREEN_3,GREEN,ARCHER,2,-3,5,0,76.00,46.00,false
179,GREEN_4,GREEN,MAGE,1,-4,1,0,4.00,8.00,false
179,GREEN_5,GREEN,MAGE,4,-3,3,0,14.00,24.00,false
179,BLUE_6,BLUE,SPIDER,0,3,6,0,0.00,24.00,true
179,BLUE_7,BLUE,ARCHER,0,4,12,10,99.00,58.00,true
179,BLUE_8,BLUE,ARCHER,-1,3,6,0,70.00,54.00,true
179,BLUE_9,BLUE,ASSASSIN,-3,4,1,0,0.00,8.00,true
179,BLUE_10,BLUE,SPIDER,-2,3,3,0,6.00,12.00,true
180,GREEN_1,GREEN,SCORPION_RIDER,4,-4,6,6,111.00,789.00,false
180,GREEN_2,GREEN,MAGE,3,-4,6,0,56.00,48.00,false
180,GREEN_3,GREEN,GARGOYLE,2,-3,3,0,17.00,66.00,false
180,GREEN_4,GREEN,GOBLIN,3,-3,3,0,0.00,24.00,false
180,GREEN_5,GREEN,SPIDER,0,-4,1,0,2.00,4.00,false
180,BLUE_6,BLUE,GOLEM,1,3,1,0,5.00,26.00,false
180,BLUE_7,BLUE,SPIDER,-1,3,14,0,64.00,62.00,false
180,BLUE_8,BLUE,SPIDER,-2,3,12,0,88.00,50.00,false
180,BLUE_9,BLUE,GARGOYLE,-3,4,3,0,20.00,48.00,false
180,BLUE_10,BLUE,MAGE,-4,4,2,2,754.00,0.00,false
181,GREEN_1,GREEN,SPIDER,1,-3,9,0,90.00,36.00,false
181,GREEN_2,GREEN,ASSASSIN,-1,-3,7,0,92.00,56.00,false
181,GREEN_3,GREEN,ASSASSIN,2,-3,7,0,18.00,56.00,false
181,BLUE_4,BLUE,SCORPION_RIDER,0,4,1,0,8.00,18.00,true
181,BLUE_5,BLUE,SPIDER,-1,3,7,7,24.00,0.00,true
181,BLUE_6,BLUE,MAGE,1,3,2,2,45.00,0.00,true
181,BLUE_7,BLUE,GOBLIN,-2,4,8,0,28.00,64.00,true
181,BLUE_8,BLUE,GARGOYLE,-2,3,5,3,27.00,50.00,true
181,BLUE_9,BLUE,GOLEM,-4,4,2,0,4.00,64.00,true
181,BLUE_10,BLUE,SPIDER,-3,4,1,0,12.00,4.00,true
182,GREEN_1,GREEN,ARCHER,0,-4,9,9,162.00,0.00,true
182,GREEN_2,GREEN,SPIDER,2,-3,13,10,138.00,12.00,true
182,GREEN_3,GREEN,GARGOYLE,1,-3,1,0,1.00,16.00,true
182,GREEN_4,GREEN,GARGOYLE,-1,-3,2,1,7.00,24.00,true
182,GREEN_5,GREEN,MAGE,1,-4,2,2,12.00,0.00,true
182,GREEN_6,GREEN,GOBLIN,4,-3,1,1,0.00,0.00,true
182,GREEN_7,GREEN,GOBLIN,0,-3,1,0,4.00,8.00,true
182,BLUE_8,BLUE,GOLEM,-4,3,2,0,4.00,58.00,false
182,BLUE_9,BLUE,SCORPION_RIDER,-2,3,3,0,12.00,58.00,false
182,BLUE_10,BLUE,GOLEM,1,3,4,0,24.00,104.00,false
182,BLUE_11,BLUE,GOLEM,-4,4,1,0,4.00,26.00,false
182,BLUE_12,BLUE,GOLEM,-2,4,3,0,16.00,78.00,false
183,GREEN_1,GREEN,SPIDER,0,-4,14,6,88.00,32.00,true
183,GREEN_2,GREEN,ARCHER,2,-3,7,7,91.00,0.00,true
183,GREEN_3,GREEN,ASSASSIN,3,-3,1,0,0.00,8.00,true
183,GREEN_4,GREEN,MAGE,-1,-3,5,5,56.00,15.00,true
183,GREEN_5,GREEN,ARCHER,0,-3,1,0,11.00,8.00,true
183,BLUE_6,BLUE,SPIDER,-1,3,3,0,10.00,12.00,false
183,BLUE_7,BLUE,ARCHER,-2,4,3,0,25.00,24.00,false
183,BLUE_8,BLUE,GOLEM,-1,4,2,0,8.00,54.00,false
183,BLUE_9,BLUE,ASSASSIN,1,3,5,0,0.00,40.00,false
183,BLUE_10,BLUE,GOBLIN,-4,3,4,0,16.00,32.00,false
183,BLUE_11,BLUE,SCORPION_RIDER,-3,3,3,0,0.00,58.00,false
183,BLUE_12,BLUE,GOLEM,0,3,1,0,4.00,26.00,false
184,GREEN_1,GREEN,ASSASSIN,3,-3,8,0,60.00,64.00,true
184,GREEN_2,GREEN,MAGE,4,-3,8,6,197.00,16.00,true
184,GREEN_3,GREEN,GARGOYLE,4,-4,1,0,3.00,16.00,true
184,GREEN_4,GREEN,SPIDER,2,-4,1,0,0.00,4.00,true
184,GREEN_5,GREEN,GOBLIN,0,-4,1,0,4.00,8.00,true
184,BLUE_6,BLUE,GOBLIN,-4,4,7,0,20.00,68.00,false
184,BLUE_7,BLUE,ASSASSIN,0,4,6,0,0.00,48.00,false
184,BLUE_8,BLUE,MAGE,-3,3,4,0,67.00,32.00,false
184,BLUE_9,BLUE,GOLEM,-1,4,2,0,9.00,84.00,false
184,BLUE_10,BLUE,GOBLIN,-3,4,3,0,8.00,24.00,false
184,BLUE_11,BLUE,GOBLIN,-2,4,1,0,4.00,8.00,false
185,GREEN_1,GREEN,ARCHER,3,-3,3,3,58.00,0.00,true
185,GREEN_2,GREEN,MAGE,2,-3,5,5,100.00,0.00,true
185,GREEN_3,GREEN,MAGE,1,-3,8,8,125.00,0.00,true
185,GREEN_4,GREEN,ASSASSIN,0,-4,1,0,0.00,8.00,true
185,GREEN_5,GREEN,MAGE,0,-3,1,0,13.00,8.00,true
185,GREEN_6,GREEN,GOBLIN,4,-3,1,0,0.00,8.00,true
185,BLUE_7,BLUE,SPIDER,-4,3,12,0,11.00,48.00,false
185,BLUE_8,BLUE,GOLEM,0,4,3,0,0.00,92.00,false
185,BLUE_9,BLUE,GOLEM,-2,4,1,0,0.00,32.00,false
185,BLUE_10,BLUE,GOLEM,-4,4,2,0,0.00,62.00,false
185,BLUE_11,BLUE,ARCHER,-3,4,1,0,5.00,8.00,false
185,BLUE_12,BLUE,SCORPION_RIDER,1,3,3,0,8.00,54.00,false
186,GREEN_1,GREEN,GOBLIN,3,-3,10,0,56.00,86.00,true
186,GREEN_2,GREEN,SPIDER,4,-3,2,0,6.00,8.00,true
186,GREEN_3,GREEN,GOLEM,-1,-3,1,0,0.00,36.00,true
186,GREEN_4,GREEN,SPIDER,0,-4,5,0,10.00,20.00,true
186,GREEN_5,GREEN,ARCHER,4,-4,9,9,238.00,16.00,true
186,GREEN_6,GREEN,ARCHER,2,-3,1,0,11.00,8.00,true
186,GREEN_7,GREEN,GOLEM,1,-4,1,0,11.00,26.00,true
186,GREEN_8,GREEN,SPIDER,2,-4,1,0,2.00,4.00,true
186,BLUE_9,BLUE,SCORPION_RIDER,0,4,5,0,72.00,120.00,false
186,BLUE_10,BLUE,GOLEM,1,3,2,0,4.00,54.00,false
186,BLUE_11,BLUE,GOBLIN,0,3,9,0,56.00,88.00,false
186,BLUE_12,BLUE,GOLEM,-2,3,2,0,16.00,52.00,false
186,BLUE_13,BLUE,MAGE,-4,4,2,0,56.00,16.00,false
186,BLUE_14,BLUE,SPIDER,-1,3,1,0,0.00,4.00,false
187,GREEN_1,GREEN,GOLEM,3,-3,4,4,220.00,144.00,true
187,GREEN_2,GREEN,ASSASSIN,1,-4,2,0,16.00,16.00,true
187,GREEN_3,GREEN,SPIDER,-1,-3,8,0,24.00,32.00,true
187,GREEN_4,GREEN,SPIDER,2,-3,3,3,18.00,0.00,true
187,GREEN_5,GREEN,SPIDER,3,-4,8,6,22.00,8.00,true
187,GREEN_6,GREEN,ASSASSIN,1,-3,2,0,16.00,16.00,true
187,BLUE_7,BLUE,GARGOYLE,-1,4,1,0,1.00,16.00,false
187,BLUE_8,BLUE,GOBLIN,-4,4,11,0,158.00,178.00,false
187,BLUE_9,BLUE,GARGOYLE,1,3,1,0,1.00,16.00,false
187,BLUE_10,BLUE,MAGE,0,3,2,0,8.00,16.00,false
187,BLUE_11,BLUE,ASSASSIN,-2,4,8,0,32.00,64.00,false
187,BLUE_12,BLUE,SCORPION_RIDER,-3,3,1,0,16.00,26.00,false
188,GREEN_1,GREEN,SPIDER,4,-3,4,0,10.00,16.00,true
188,GREEN_2,GREEN,GARGOYLE,3,-4,3,0,9.00,48.00,true
188,GREEN_3,GREEN,MAGE,3,-3,7,7,183.00,8.00,true
188,GREEN_4,GREEN,SPIDER,2,-3,11,0,24.00,44.00,true
188,GREEN_5,GREEN,SPIDER,1,-4,3,0,10.00,12.00,true
188,BLUE_6,BLUE,SCORPION_RIDER,-4,4,6,0,90.00,144.00,false
188,BLUE_7,BLUE,ASSASSIN,1,3,8,0,0.00,64.00,false
188,BLUE_8,BLUE,MAGE,-3,4,2,0,36.00,16.00,false
188,BLUE_9,BLUE,SPIDER,-2,3,1,0,2.00,4.00,false
188,BLUE_10,BLUE,GOBLIN,0,3,1,0,0.00,8.00,false
189,GREEN_1,GREEN,GARGOYLE,-1,-3,6,0,48.00,96.00,false
189,GREEN_2,GREEN,SPIDER,3,-3,13,0,36.00,52.00,false
189,GREEN_3,GREEN,GARGOYLE,2,-4,4,0,0.00,64.00,false
189,GREEN_4,GREEN,ARCHER,1,-3,2,0,8.00,16.00,false
189,GREEN_5,GREEN,GOBLIN,2,-3,1,0,4.00,8.00,false
189,GREEN_6,GREEN,SPIDER,0,-4,1,0,0.00,4.00,false
189,BLUE_7,BLUE,GOLEM,-4,3,4,4,67.00,42.00,true
189,BLUE_8,BLUE,ARCHER,-2,4,6,6,146.00,0.00,true
189,BLUE_9,BLUE,SPIDER,-3,4,5,0,14.00,20.00,true
189,BLUE_10,BLUE,ASSASSIN,-2,3,1,0,4.00,8.00,true
189,BLUE_11,BLUE,GOLEM,0,3,1,1,5.00,18.00,true
189,BLUE_12,BLUE,ARCHER,1,3,4,4,0.00,0.00,true
189,BLUE_13,BLUE,GOBLIN,0,4,1,0,4.00,8.00,true
190,GREEN_1,GREEN,ASSASSIN,3,-3,6,2,0.00,42.00,true
190,GREEN_2,GREEN,SCORPION_RIDER,2,-4,4,3,100.00,64.00,true
190,GREEN_3,GREEN,SCORPION_RIDER,1,-3,5,0,84.00,112.00,true
190,GREEN_4,GREEN,GOBLIN,4,-3,3,0,12.00,24.00,true
190,BLUE_5,BLUE,SCORPION_RIDER,0,4,1,0,5.00,18.00,false
190,BLUE_6,BLUE,ASSASSIN,-3,4,7,0,76.00,56.00,false
190,BLUE_7,BLUE,ARCHER,-1,4,10,0,153.00,80.00,false
190,BLUE_8,BLUE,GARGOYLE,-3,3,1,0,3.00,16.00,false
190,BLUE_9,BLUE,GOLEM,-2,4,1,0,5.00,26.00,false
191,GREEN_1,GREEN,GOLEM,2,-3,2,0,5.00,52.00,false
191,GREEN_2,GREEN,GARGOYLE,4,-4,4,0,0.00,64.00,false
191,GREEN_3,GREEN,ARCHER,2,-4,3,0,13.00,24.00,false
191,GREEN_4,GREEN,MAGE,3,-3,4,0,15.00,32.00,false
191,GREEN_5,GREEN,ARCHER,1,-4,1,0,5.00,8.00,false
191,GREEN_6,GREEN,SPIDER,0,-3,3,0,19.00,12.00,false
191,GREEN_7,GREEN,ARCHER,1,-3,3,0,47.00,29.00,false
191,GREEN_8,GREEN,SPIDER,4,-3,1,0,0.00,4.00,false
191,BLUE_9,BLUE,GARGOYLE,-3,4,1,1,0.00,0.00,true
191,BLUE_10,BLUE,MAGE,0,4,4,4,0.00,0.00,true
191,BLUE_11,BLUE,ARCHER,0,3,10,7,208.00,48.00,true
191,BLUE_12,BLUE,ASSASSIN,-1,4,2,0,0.00,16.00,true
191,BLUE_13,BLUE,ASSASSIN,-3,3,1,0,0.00,8.00,true
191,BLUE_14,BLUE,ASSASSIN,-1,3,1,0,0.00,8.00,true
191,BLUE_15,BLUE,GARGOYLE,-4,3,1,0,3.00,16.00,true
191,BLUE_16,BLUE,ARCHER,-4,4,1,0,14.00,8.00,true
192,GREEN_1,GREEN,GOLEM,2,-3,3,0,4.00,78.00,false
192,GREEN_2,GREEN,GARGOYLE,0,-4,4,0,6.00,64.00,false
192,GREEN_3,GREEN,GARGOYLE,-1,-3,6,0,28.00,96.00,false
192,GREEN_4,GREEN,ARCHER,0,-3,4,0,42.00,32.00,false
192,GREEN_5,GREEN,SPIDER,1,-3,1,0,2.00,4.00,false
192,BLUE_6,BLUE,ARCHER,0,4,4,4,65.00,0.00,true
192,BLUE_7,BLUE,GOBLIN,-1,4,7,7,48.00,26.00,true
192,BLUE_8,BLUE,ARCHER,-4,4,4,4,98.00,0.00,true
192,BLUE_9,BLUE,SPIDER,-3,3,12,1,23.00,52.00,true
192,BLUE_10,BLUE,ARCHER,-4,3,5,5,40.00,0.00,true
192,BLUE_11,BLUE,SPIDER,-3,4,1,0,0.00,4.00,true
193,GREEN_1,GREEN,GARGOYLE,1,-4,3,0,37.00,48.00,false
193,GREEN_2,GREEN,GOBLIN,-1,-3,9,0,42.00,72.00,false
193,GREEN_3,GREEN,SPIDER,3,-4,8,0,12.00,32.00,false
193,GREEN_4,GREEN,ASSASSIN,2,-3,5,0,32.00,40.00,false
193,GREEN_5,GREEN,GOBLIN,4,-3,1,0,4.00,8.00,false
193,GREEN_6,GREEN,GOBLIN,2,-4,5,0,24.00,40.00,false
193,BLUE_7,BLUE,SCORPION_RIDER,-2,3,4,0,115.00,78.00,true
193,BLUE_8,BLUE,MAGE,1,3,6,6,93.00,0.00,true
193,BLUE_9,BLUE,GOLEM,-1,3,2,1,20.00,71.00,true
193,BLUE_10,BLUE,MAGE,0,4,2,2,0.00,0.00,true
193,BLUE_11,BLUE,GOLEM,0,3,1,1,0.00,0.00,true
193,BLUE_12,BLUE,MAGE,-3,4,1,1,12.00,2.00,true
194,GREEN_1,GREEN,GOBLIN,2,-3,10,0,150.00,122.00,false
194,GREEN_2,GREEN,SPIDER,4,-4,1,0,0.00,4.00,false
194,GREEN_3,GREEN,GARGOYLE,0,-3,3,0,34.00,48.00,false
194,GREEN_4,GREEN,SPIDER,2,-4,7,0,28.00,28.00,false
194,GREEN_5,GREEN,SPIDER,1,-4,14,0,76.00,56.00,false
194,GREEN_6,GREEN,MAGE,0,-4,1,0,30.00,8.00,false
194,BLUE_7,BLUE,GARGOYLE,0,3,5,0,46.00,80.00,true
194,BLUE_8,BLUE,SPIDER,-1,3,3,0,8.00,12.00,true
194,BLUE_9,BLUE,GOBLIN,-4,3,5,0,20.00,52.00,true
194,BLUE_10,BLUE,ASSASSIN,0,4,3,0,0.00,24.00,true
194,BLUE_11,BLUE,SCORPION_RIDER,-2,3,3,2,142.00,108.00,true
194,BLUE_12,BLUE,ARCHER,-3,4,2,0,34.00,16.00,true
194,BLUE_13,BLUE,SCORPION_RIDER,-1,4,1,0,16.00,22.00,true
194,BLUE_14,BLUE,SPIDER,-2,4,1,0,0.00,4.00,true
195,GREEN_1,GREEN,SCORPION_RIDER,2,-4,6,0,60.00,304.00,false
195,GREEN_2,GREEN,GOLEM,2,-3,4,0,83.00,228.00,false
195,GREEN_3,GREEN,GOBLIN,3,-3,7,0,48.00,56.00,false
195,GREEN_4,GREEN,ARCHER,1,-3,1,0,8.00,8.00,false
195,GREEN_5,GREEN,SCORPION_RIDER,0,-3,1,0,4.00,18.00,false
195,GREEN_6,GREEN,GOBLIN,0,-4,1,0,0.00,8.00,false
195,BLUE_7,BLUE,SPIDER,-2,3,6,0,18.00,24.00,true
195,BLUE_8,BLUE,SCORPION_RIDER,-1,4,1,0,12.00,18.00,true
195,BLUE_9,BLUE,ARCHER,-3,4,6,5,460.00,20.00,true
195,BLUE_10,BLUE,GOLEM,0,3,3,3,76.00,71.00,true
195,BLUE_11,BLUE,SCORPION_RIDER,-1,3,3,0,40.00,54.00,true
195,BLUE_12,BLUE,ASSASSIN,1,3,2,0,16.00,16.00,true
196,GREEN_1,GREEN,SCORPION_RIDER,2,-3,4,0,0.00,444.00,false
196,GREEN_2,GREEN,ASSASSIN,-1,-3,5,0,0.00,44.00,false
196,GREEN_3,GREEN,MAGE,1,-3,8,0,210.00,64.00,false
196,BLUE_4,BLUE,GOBLIN,-1,4,4,0,0.00,32.00,true
196,BLUE_5,BLUE,SPIDER,0,3,7,0,0.00,28.00,true
196,BLUE_6,BLUE,GARGOYLE,-2,3,1,1,55.00,118.00,true
196,BLUE_7,BLUE,MAGE,-4,3,4,4,36.00,0.00,true
196,BLUE_8,BLUE,MAGE,1,3,5,5,449.00,4.00,true
196,BLUE_9,BLUE,SPIDER,-2,4,5,0,0.00,20.00,true
196,BLUE_10,BLUE,MAGE,-4,4,1,0,12.00,8.00,true
197,GREEN_1,GREEN,SCORPION_RIDER,2,-3,5,0,86.00,94.00,true
197,GREEN_2,GREEN,GARGOYLE,2,-4,6,6,0.00,0.00,true
197,GREEN_3,GREEN,ARCHER,4,-4,7,2,353.00,52.00,true
197,GREEN_4,GREEN,ARCHER,-1,-3,1,1,0.00,0.00,true
197,GREEN_5,GREEN,SPIDER,0,-4,1,1,0.00,0.00,true
197,BLUE_6,BLUE,GOBLIN,0,3,7,0,20.00,56.00,false
197,BLUE_7,BLUE,GARGOYLE,1,3,1,0,2.00,16.00,false
197,BLUE_8,BLUE,GOLEM,-4,3,4,0,12.00,280.00,false
197,BLUE_9,BLUE,GOBLIN,-3,4,2,0,8.00,16.00,false
197,BLUE_10,BLUE,MAGE,-1,4,7,0,104.00,71.00,false
198,GREEN_1,GREEN,SCORPION_RIDER,-1,-3,3,0,50.00,90.00,true
198,GREEN_2,GREEN,MAGE,1,-3,7,6,148.00,20.00,true
198,GREEN_3,GREEN,MAGE,4,-3,5,5,72.00,0.00,true
198,GREEN_4,GREEN,ASSASSIN,0,-4,2,0,24.00,16.00,true
198,GREEN_5,GREEN,GOBLIN,2,-3,1,0,4.00,8.00,true
198,BLUE_6,BLUE,GOBLIN,-3,3,5,0,8.00,46.00,false
198,BLUE_7,BLUE,MAGE,-2,4,4,0,64.00,40.00,false
198,BLUE_8,BLUE,SPIDER,-4,4,6,0,44.00,24.00,false
198,BLUE_9,BLUE,GOBLIN,1,3,3,0,12.00,24.00,false
198,BLUE_10,BLUE,GOLEM,-1,3,4,0,4.00,140.00,false
198,BLUE_11,BLUE,ARCHER,-2,3,3,0,2.00,24.00,false
199,GREEN_1,GREEN,ARCHER,3,-3,8,8,108.00,18.00,true
199,GREEN_2,GREEN,GOLEM,0,-4,2,0,13.00,52.00,true
199,GREEN_3,GREEN,ASSASSIN,1,-4,8,8,0.00,6.00,true
199,GREEN_4,GREEN,MAGE,1,-3,1,1,27.00,0.00,true
199,BLUE_5,BLUE,SPIDER,-2,4,11,0,24.00,44.00,false
199,BLUE_6,BLUE,ASSASSIN,1,3,8,0,0.00,64.00,false
199,BLUE_7,BLUE,ASSASSIN,-4,3,5,0,52.00,40.00,false
200,GREEN_1,GREEN,GARGOYLE,1,-3,1,0,0.00,16.00,false
200,GREEN_2,GREEN,GARGOYLE,0,-4,6,0,16.00,96.00,false
200,GREEN_3,GREEN,SCORPION_RIDER,4,-4,2,0,16.00,36.00,false
200,GREEN_4,GREEN,GOBLIN,2,-4,6,0,56.00,50.00,false
200,GREEN_5,GREEN,ASSASSIN,3,-4,2,0,0.00,16.00,false
200,GREEN_6,GREEN,MAGE,4,-3,2,0,12.00,16.00,false
200,GREEN_7,GREEN,SPIDER,3,-3,4,0,6.00,16.00,false
200,BLUE_8,BLUE,SPIDER,-2,4,7,0,28.00,28.00,true
200,BLUE_9,BLUE,GARGOYLE,-3,3,1,0,0.00,16.00,true
200,BLUE_10,BLUE,ARCHER,0,3,3,1,48.00,26.00,true
200,BLUE_11,BLUE,ARCHER,-4,3,11,11,156.00,0.00,true
200,BLUE_12,BLUE,SPIDER,-1,4,5,0,6.00,20.00,true
200,BLUE_13,BLUE,MAGE,-2,3,1,0,4.00,8.00,true
200,BLUE_14,BLUE,GOBLIN,0,4,1,0,4.00,8.00,true
