game_id,pair_index,mirror_index,a_is_green,brain_a,brain_b,green_brain,blue_brain,map_size,budget,map_seed,combat_seed,team_turns,elapsed_ms,winner,timed_out,survivors_green,survivors_blue,green_legions,blue_legions,green_draft,blue_draft
1,0,0,true,,,utility,curriculum_pass,3,75,332598042,332649911,48,0,,false,18,18,2,2,GOLEM:3;SPIDER:15,GOLEM:3;SPIDER:15
2,0,0,true,,,curriculum_pass,utility,3,75,332598042,332649911,48,0,,false,18,18,2,2,GOLEM:3;SPIDER:15,GOLEM:3;SPIDER:15
3,0,0,true,,,utility,curriculum_pass,3,75,332605961,332657828,48,0,,false,17,17,3,3,GOBLIN:12;GOLEM:1;MAGE:4,GOBLIN:12;GOLEM:1;MAGE:4
4,0,0,true,,,curriculum_pass,utility,3,75,332605961,332657828,87,0,BLUE,false,0,14,3,3,GOBLIN:12;GOLEM:1;MAGE:4,GOBLIN:12;GOLEM:1;MAGE:4
5,0,0,true,,,utility,curriculum_pass,3,75,332613880,332633685,55,0,,false,12,13,4,4,ARCHER:1;ASSASSIN:5;GOBLIN:11,ARCHER:1;ASSASSIN:5;GOBLIN:11
6,0,0,true,,,curriculum_pass,utility,3,75,332613880,332633685,58,0,,false,10,14,4,4,ARCHER:1;ASSASSIN:5;GOBLIN:11,ARCHER:1;ASSASSIN:5;GOBLIN:11
7,0,0,true,,,utility,curriculum_pass,3,75,61871147042,61871101583,18,0,GREEN,false,6,0,3,3,GOBLIN:1;SCORPION_RIDER:9,GOBLIN:1;SCORPION_RIDER:9
8,0,0,true,,,curriculum_pass,utility,3,75,61871147042,61871101583,58,0,,false,9,10,3,3,GOBLIN:1;SCORPION_RIDER:9,GOBLIN:1;SCORPION_RIDER:9
9,0,0,true,,,utility,curriculum_pass,3,75,61871154961,61871110588,48,0,,false,12,12,3,3,GOLEM:1;MAGE:8;SPIDER:3,GOLEM:1;MAGE:8;SPIDER:3
10,0,0,true,,,curriculum_pass,utility,3,75,61871154961,61871110588,17,0,BLUE,false,0,6,3,3,GOLEM:1;MAGE:8;SPIDER:3,GOLEM:1;MAGE:8;SPIDER:3
11,0,0,true,,,utility,curriculum_pass,3,75,61871162880,61871216813,48,0,,false,20,20,3,3,SCORPION_RIDER:3;SPIDER:17,SCORPION_RIDER:3;SPIDER:17
12,0,0,true,,,curriculum_pass,utility,3,75,61871162880,61871216813,21,0,BLUE,false,0,11,3,3,SCORPION_RIDER:3;SPIDER:17,SCORPION_RIDER:3;SPIDER:17
13,0,0,true,,,utility,curriculum_pass,3,75,61871170799,61871225410,48,0,,false,11,11,3,3,GARGOYLE:5;MAGE:5;SPIDER:1,GARGOYLE:5;MAGE:5;SPIDER:1
14,0,0,true,,,curriculum_pass,utility,3,75,61871170799,61871225410,48,0,,false,11,11,3,3,GARGOYLE:5;MAGE:5;SPIDER:1,GARGOYLE:5;MAGE:5;SPIDER:1
15,0,0,true,,,utility,curriculum_pass,3,75,340517042,340475423,61,0,,false,11,4,3,3,GOBLIN:1;SCORPION_RIDER:6;SPIDER:8,GOBLIN:1;SCORPION_RIDER:6;SPIDER:8
16,0,0,true,,,curriculum_pass,utility,3,75,340517042,340475423,48,0,,false,15,15,3,3,GOBLIN:1;SCORPION_RIDER:6;SPIDER:8,GOBLIN:1;SCORPION_RIDER:6;SPIDER:8
17,0,0,true,,,utility,curriculum_pass,3,75,340524961,340467980,48,0,,false,11,11,3,3,GARGOYLE:10;SPIDER:1,GARGOYLE:10;SPIDER:1
18,0,0,true,,,curriculum_pass,utility,3,75,340524961,340467980,48,0,,false,11,11,3,3,GARGOYLE:10;SPIDER:1,GARGOYLE:10;SPIDER:1
19,0,0,true,,,utility,curriculum_pass,3,75,340532880,340574269,28,0,GREEN,false,7,0,3,3,GARGOYLE:5;GOBLIN:4;MAGE:4,GARGOYLE:5;GOBLIN:4;MAGE:4
20,0,0,true,,,curriculum_pass,utility,3,75,340532880,340574269,48,0,,false,13,13,3,3,GARGOYLE:5;GOBLIN:4;MAGE:4,GARGOYLE:5;GOBLIN:4;MAGE:4
21,0,0,true,,,utility,curriculum_pass,3,75,348436042,348416231,16,0,GREEN,false,7,0,2,2,MAGE:5;SCORPION_RIDER:5,MAGE:5;SCORPION_RIDER:5
22,0,0,true,,,curriculum_pass,utility,3,75,348436042,348416231,31,0,BLUE,false,0,8,2,2,MAGE:5;SCORPION_RIDER:5,MAGE:5;SCORPION_RIDER:5
23,0,0,true,,,utility,curriculum_pass,3,75,348443961,348392340,12,0,GREEN,false,5,0,3,3,ARCHER:12;GOBLIN:1,ARCHER:12;GOBLIN:1
24,0,0,true,,,curriculum_pass,utility,3,75,348443961,348392340,58,0,,false,12,13,3,3,ARCHER:12;GOBLIN:1,ARCHER:12;GOBLIN:1
25,0,0,true,,,utility,curriculum_pass,3,75,348451880,348400261,48,0,,false,11,11,3,3,GARGOYLE:6;MAGE:4;SPIDER:1,GARGOYLE:6;MAGE:4;SPIDER:1
26,0,0,true,,,curriculum_pass,utility,3,75,348451880,348400261,48,0,,false,11,11,3,3,GARGOYLE:6;MAGE:4;SPIDER:1,GARGOYLE:6;MAGE:4;SPIDER:1
27,0,0,true,,,utility,curriculum_pass,3,75,61886985042,61887000063,16,0,GREEN,false,16,0,4,4,ARCHER:1;GOBLIN:10;SPIDER:13,ARCHER:1;GOBLIN:10;SPIDER:13
28,0,0,true,,,curriculum_pass,utility,3,75,61886985042,61887000063,98,0,,false,1,24,4,4,ARCHER:1;GOBLIN:10;SPIDER:13,ARCHER:1;GOBLIN:10;SPIDER:13
29,0,0,true,,,utility,curriculum_pass,3,75,61886992961,61886975212,67,0,,false,6,4,3,3,GOBLIN:1;GOLEM:7,GOBLIN:1;GOLEM:7
30,0,0,true,,,curriculum_pass,utility,3,75,61886992961,61886975212,48,0,,false,8,8,3,3,GOBLIN:1;GOLEM:7,GOBLIN:1;GOLEM:7
31,0,0,true,,,utility,curriculum_pass,3,75,61887000880,61886984093,48,0,,false,11,11,3,3,GARGOYLE:5;GOBLIN:1;MAGE:5,GARGOYLE:5;GOBLIN:1;MAGE:5
32,0,0,true,,,curriculum_pass,utility,3,75,61887000880,61886984093,82,0,,false,5,8,3,3,GARGOYLE:5;GOBLIN:1;MAGE:5,GARGOYLE:5;GOBLIN:1;MAGE:5
33,0,0,true,,,utility,curriculum_pass,3,75,61887008799,61886959282,24,0,GREEN,false,5,0,3,3,GOBLIN:22;SCORPION_RIDER:1,GOBLIN:22;SCORPION_RIDER:1
34,0,0,true,,,curriculum_pass,utility,3,75,61887008799,61886959282,17,0,BLUE,false,0,3,3,3,GOBLIN:22;SCORPION_RIDER:1,GOBLIN:22;SCORPION_RIDER:1
35,0,0,true,,,utility,curriculum_pass,3,75,356355042,356341071,30,0,GREEN,false,16,0,3,3,MAGE:4;SPIDER:15,MAGE:4;SPIDER:15
36,0,0,true,,,curriculum_pass,utility,3,75,356355042,356341071,48,0,,false,19,19,3,3,MAGE:4;SPIDER:15,MAGE:4;SPIDER:15
37,0,0,true,,,utility,curriculum_pass,3,75,356362961,356349052,71,0,,false,11,6,3,3,GOBLIN:7;GOLEM:4;MAGE:2,GOBLIN:7;GOLEM:4;MAGE:2
38,0,0,true,,,curriculum_pass,utility,3,75,356362961,356349052,48,0,,false,13,13,3,3,GOBLIN:7;GOLEM:4;MAGE:2,GOBLIN:7;GOLEM:4;MAGE:2
39,0,0,true,,,utility,curriculum_pass,3,75,356370880,356325229,44,0,GREEN,false,6,0,2,2,GARGOYLE:6;SCORPION_RIDER:4,GARGOYLE:6;SCORPION_RIDER:4
40,0,0,true,,,curriculum_pass,utility,3,75,356370880,356325229,58,0,,false,10,9,2,2,GARGOYLE:6;SCORPION_RIDER:4,GARGOYLE:6;SCORPION_RIDER:4
41,0,0,true,,,utility,curriculum_pass,3,75,364274042,364298199,48,0,,false,11,11,3,3,GARGOYLE:3;SCORPION_RIDER:6;SPIDER:2,GARGOYLE:3;SCORPION_RIDER:6;SPIDER:2
42,0,0,true,,,curriculum_pass,utility,3,75,364274042,364298199,64,0,,false,6,6,3,3,GARGOYLE:3;SCORPION_RIDER:6;SPIDER:2,GARGOYLE:3;SCORPION_RIDER:6;SPIDER:2
43,0,0,true,,,utility,curriculum_pass,3,75,364281961,364273348,48,0,,false,9,9,2,2,GARGOYLE:5;GOLEM:4,GARGOYLE:5;GOLEM:4
44,0,0,true,,,curriculum_pass,utility,3,75,364281961,364273348,49,0,BLUE,false,0,5,2,2,GARGOYLE:5;GOLEM:4,GARGOYLE:5;GOLEM:4
45,0,0,true,,,utility,curriculum_pass,3,75,364289880,364265973,61,0,,false,7,3,2,2,ARCHER:7;SCORPION_RIDER:4,ARCHER:7;SCORPION_RIDER:4
46,0,0,true,,,curriculum_pass,utility,3,75,364289880,364265973,9,0,BLUE,false,0,11,2,2,ARCHER:7;SCORPION_RIDER:4,ARCHER:7;SCORPION_RIDER:4
47,0,0,true,,,utility,curriculum_pass,3,75,372193042,372238783,6,0,GREEN,false,9,0,3,3,ASSASSIN:7;GOBLIN:1;MAGE:3,ASSASSIN:7;GOBLIN:1;MAGE:3
48,0,0,true,,,curriculum_pass,utility,3,75,372193042,372238783,9,0,BLUE,false,0,7,3,3,ASSASSIN:7;GOBLIN:1;MAGE:3,ASSASSIN:7;GOBLIN:1;MAGE:3
49,0,0,true,,,utility,curriculum_pass,3,75,372200961,372213932,48,0,,false,17,17,2,2,GARGOYLE:6;GOBLIN:11,GARGOYLE:6;GOBLIN:11
50,0,0,true,,,curriculum_pass,utility,3,75,372200961,372213932,48,0,,false,17,17,2,2,GARGOYLE:6;GOBLIN:11,GARGOYLE:6;GOBLIN:11
51,0,0,true,,,utility,curriculum_pass,3,75,372208880,372222557,48,0,,false,10,10,2,2,MAGE:7;SCORPION_RIDER:3,MAGE:7;SCORPION_RIDER:3
52,0,0,true,,,curriculum_pass,utility,3,75,372208880,372222557,13,0,BLUE,false,0,9,2,2,MAGE:7;SCORPION_RIDER:3,MAGE:7;SCORPION_RIDER:3
53,0,0,true,,,utility,curriculum_pass,3,75,61910742042,61910690487,8,0,GREEN,false,12,0,3,3,ARCHER:8;SCORPION_RIDER:3;SPIDER:1,ARCHER:8;SCORPION_RIDER:3;SPIDER:1
54,0,0,true,,,curriculum_pass,utility,3,75,61910742042,61910690487,11,0,BLUE,false,0,12,3,3,ARCHER:8;SCORPION_RIDER:3;SPIDER:1,ARCHER:8;SCORPION_RIDER:3;SPIDER:1
55,0,0,true,,,utility,curriculum_pass,3,75,61910749961,61910797732,14,0,GREEN,false,9,0,2,2,GOLEM:4;MAGE:5,GOLEM:4;MAGE:5
56,0,0,true,,,curriculum_pass,utility,3,75,61910749961,61910797732,48,0,,false,9,9,2,2,GOLEM:4;MAGE:5,GOLEM:4;MAGE:5
57,0,0,true,,,utility,curriculum_pass,3,75,61910757880,61910806357,59,0,,false,10,1,3,3,ARCHER:9;GOBLIN:7,ARCHER:9;GOBLIN:7
58,0,0,true,,,curriculum_pass,utility,3,75,61910757880,61910806357,48,0,,false,16,16,3,3,ARCHER:9;GOBLIN:7,ARCHER:9;GOBLIN:7
59,0,0,true,,,utility,curriculum_pass,3,75,61910765799,61910781514,201,0,,true,9,7,3,3,ARCHER:1;GOLEM:4;MAGE:4,ARCHER:1;GOLEM:4;MAGE:4
60,0,0,true,,,curriculum_pass,utility,3,75,61910765799,61910781514,23,0,BLUE,false,0,6,3,3,ARCHER:1;GOLEM:4;MAGE:4,ARCHER:1;GOLEM:4;MAGE:4
61,0,0,true,,,utility,curriculum_pass,3,75,380112042,380162567,26,0,GREEN,false,6,0,2,2,MAGE:7;SCORPION_RIDER:3,MAGE:7;SCORPION_RIDER:3
62,0,0,true,,,curriculum_pass,utility,3,75,380112042,380162567,13,0,BLUE,false,0,8,2,2,MAGE:7;SCORPION_RIDER:3,MAGE:7;SCORPION_RIDER:3
63,0,0,true,,,utility,curriculum_pass,3,75,380119961,380171572,14,0,GREEN,false,4,0,3,3,MAGE:10;SPIDER:1,MAGE:10;SPIDER:1
64,0,0,true,,,curriculum_pass,utility,3,75,380119961,380171572,15,0,BLUE,false,0,5,3,3,MAGE:10;SPIDER:1,MAGE:10;SPIDER:1
65,0,0,true,,,utility,curriculum_pass,3,75,380127880,380146725,22,0,GREEN,false,7,0,4,4,GOBLIN:2;GOLEM:1;MAGE:8;SPIDER:1,GOBLIN:2;GOLEM:1;MAGE:8;SPIDER:1
66,0,0,true,,,curriculum_pass,utility,3,75,380127880,380146725,74,0,,false,9,12,4,4,GOBLIN:2;GOLEM:1;MAGE:8;SPIDER:1,GOBLIN:2;GOLEM:1;MAGE:8;SPIDER:1
67,0,0,true,,,utility,curriculum_pass,3,75,61918661042,61918615327,8,0,GREEN,false,9,0,2,2,MAGE:5;SCORPION_RIDER:5,MAGE:5;SCORPION_RIDER:5
68,0,0,true,,,curriculum_pass,utility,3,75,61918661042,61918615327,9,0,BLUE,false,0,9,2,2,MAGE:5;SCORPION_RIDER:5,MAGE:5;SCORPION_RIDER:5
69,0,0,true,,,utility,curriculum_pass,3,75,61918668961,61918623244,89,0,,false,19,14,3,3,GARGOYLE:4;SPIDER:15,GARGOYLE:4;SPIDER:15
70,0,0,true,,,curriculum_pass,utility,3,75,61918668961,61918623244,48,0,,false,19,19,3,3,GARGOYLE:4;SPIDER:15,GARGOYLE:4;SPIDER:15
71,0,0,true,,,utility,curriculum_pass,3,75,61918676880,61918730557,59,0,,false,6,4,4,4,GARGOYLE:3;GOBLIN:2;SCORPION_RIDER:6,GARGOYLE:3;GOBLIN:2;SCORPION_RIDER:6
72,0,0,true,,,curriculum_pass,utility,3,75,61918676880,61918730557,68,0,,false,1,5,4,4,GARGOYLE:3;GOBLIN:2;SCORPION_RIDER:6,GARGOYLE:3;GOBLIN:2;SCORPION_RIDER:6
73,0,0,true,,,utility,curriculum_pass,3,75,61918684799,61918738642,65,0,,false,11,5,3,3,GOBLIN:1;SCORPION_RIDER:5;SPIDER:10,GOBLIN:1;SCORPION_RIDER:5;SPIDER:10
74,0,0,true,,,curriculum_pass,utility,3,75,61918684799,61918738642,48,0,,false,16,16,3,3,GOBLIN:1;SCORPION_RIDER:5;SPIDER:10,GOBLIN:1;SCORPION_RIDER:5;SPIDER:10
75,0,0,true,,,utility,curriculum_pass,3,75,388031042,387988719,6,0,GREEN,false,6,0,2,2,ASSASSIN:6;SCORPION_RIDER:4,ASSASSIN:6;SCORPION_RIDER:4
76,0,0,true,,,curriculum_pass,utility,3,75,388031042,387988719,11,0,BLUE,false,0,4,2,2,ASSASSIN:6;SCORPION_RIDER:4,ASSASSIN:6;SCORPION_RIDER:4
77,0,0,true,,,utility,curriculum_pass,3,75,388038961,388095900,14,0,GREEN,false,7,0,3,3,ARCHER:12;SPIDER:1,ARCHER:12;SPIDER:1
78,0,0,true,,,curriculum_pass,utility,3,75,388038961,388095900,60,0,,false,12,13,3,3,ARCHER:12;SPIDER:1,ARCHER:12;SPIDER:1
79,0,0,true,,,utility,curriculum_pass,3,75,388046880,388103821,53,0,,false,12,11,4,4,ASSASSIN:2;GOBLIN:1;GOLEM:4;SPIDER:6,ASSASSIN:2;GOBLIN:1;GOLEM:4;SPIDER:6
80,0,0,true,,,curriculum_pass,utility,3,75,388046880,388103821,54,0,,false,11,12,4,4,ASSASSIN:2;GOBLIN:1;GOLEM:4;SPIDER:6,ASSASSIN:2;GOBLIN:1;GOLEM:4;SPIDER:6
81,0,0,true,,,utility,curriculum_pass,3,75,61926580042,61926556135,48,0,,false,10,10,4,4,ARCHER:2;GOBLIN:1;GOLEM:2;SCORPION_RIDER:5,ARCHER:2;GOBLIN:1;GOLEM:2;SCORPION_RIDER:5
82,0,0,true,,,curriculum_pass,utility,3,75,61926580042,61926556135,60,0,,false,5,9,4,4,ARCHER:2;GOBLIN:1;GOLEM:2;SCORPION_RIDER:5,ARCHER:2;GOBLIN:1;GOLEM:2;SCORPION_RIDER:5
83,0,0,true,,,utility,curriculum_pass,3,75,61926587961,61926563988,48,0,,false,18,18,3,3,ARCHER:7;GOBLIN:10;SPIDER:1,ARCHER:7;GOBLIN:10;SPIDER:1
84,0,0,true,,,curriculum_pass,utility,3,75,61926587961,61926563988,48,0,,false,18,18,3,3,ARCHER:7;GOBLIN:10;SPIDER:1,ARCHER:7;GOBLIN:10;SPIDER:1
85,0,0,true,,,utility,curriculum_pass,3,75,61926595880,61926540165,48,0,,false,10,10,3,3,GOBLIN:3;GOLEM:4;SCORPION_RIDER:3,GOBLIN:3;GOLEM:4;SCORPION_RIDER:3
86,0,0,true,,,curriculum_pass,utility,3,75,61926595880,61926540165,48,0,,false,10,10,3,3,GOBLIN:3;GOLEM:4;SCORPION_RIDER:3,GOBLIN:3;GOLEM:4;SCORPION_RIDER:3
87,0,0,true,,,utility,curriculum_pass,3,75,61926603799,61926548154,16,0,GREEN,false,4,0,3,3,ASSASSIN:7;GOLEM:2;SPIDER:2,ASSASSIN:7;GOLEM:2;SPIDER:2
88,0,0,true,,,curriculum_pass,utility,3,75,61926603799,61926548154,58,0,,false,6,5,3,3,ASSASSIN:7;GOLEM:2;SPIDER:2,ASSASSIN:7;GOLEM:2;SPIDER:2
89,0,0,true,,,utility,curriculum_pass,3,75,395950042,395929975,48,0,,false,10,10,3,3,SCORPION_RIDER:9;SPIDER:1,SCORPION_RIDER:9;SPIDER:1
90,0,0,true,,,curriculum_pass,utility,3,75,395950042,395929975,17,0,BLUE,false,0,5,3,3,SCORPION_RIDER:9;SPIDER:1,SCORPION_RIDER:9;SPIDER:1
91,0,0,true,,,utility,curriculum_pass,3,75,395957961,395905124,70,0,GREEN,false,12,0,4,4,ASSASSIN:5;GARGOYLE:1;GOBLIN:11,ASSASSIN:5;GARGOYLE:1;GOBLIN:11
92,0,0,true,,,curriculum_pass,utility,3,75,395957961,395905124,64,0,,false,10,12,4,4,ASSASSIN:5;GARGOYLE:1;GOBLIN:11,ASSASSIN:5;GARGOYLE:1;GOBLIN:11
93,0,0,true,,,utility,curriculum_pass,3,75,395965880,395914005,48,0,,false,11,11,3,3,ARCHER:7;GOBLIN:1;GOLEM:3,ARCHER:7;GOBLIN:1;GOLEM:3
94,0,0,true,,,curriculum_pass,utility,3,75,395965880,395914005,23,0,BLUE,false,0,9,3,3,ARCHER:7;GOBLIN:1;GOLEM:3,ARCHER:7;GOBLIN:1;GOLEM:3
95,0,0,true,,,utility,curriculum_pass,3,75,61934499042,61934512719,18,0,GREEN,false,8,0,3,3,ARCHER:1;GARGOYLE:5;GOBLIN:11,ARCHER:1;GARGOYLE:5;GOBLIN:11
96,0,0,true,,,curriculum_pass,utility,3,75,61934499042,61934512719,56,0,,false,16,17,3,3,ARCHER:1;GARGOYLE:5;GOBLIN:11,ARCHER:1;GARGOYLE:5;GOBLIN:11
97,0,0,true,,,utility,curriculum_pass,3,75,61934506961,61934488956,48,0,,false,25,25,3,3,GOBLIN:23;SPIDER:2,GOBLIN:23;SPIDER:2
98,0,0,true,,,curriculum_pass,utility,3,75,61934506961,61934488956,48,0,,false,25,25,3,3,GOBLIN:23;SPIDER:2,GOBLIN:23;SPIDER:2
99,0,0,true,,,utility,curriculum_pass,3,75,61934514880,61934496877,48,0,,false,12,12,3,3,ARCHER:6;GARGOYLE:5;SPIDER:1,ARCHER:6;GARGOYLE:5;SPIDER:1
100,0,0,true,,,curriculum_pass,utility,3,75,61934514880,61934496877,29,0,BLUE,false,0,7,3,3,ARCHER:6;GARGOYLE:5;SPIDER:1,ARCHER:6;GARGOYLE:5;SPIDER:1
101,0,0,true,,,utility,curriculum_pass,3,75,61934522799,61934472962,22,0,GREEN,false,4,0,3,3,ASSASSIN:8;GARGOYLE:2;SPIDER:1,ASSASSIN:8;GARGOYLE:2;SPIDER:1
102,0,0,true,,,curriculum_pass,utility,3,75,61934522799,61934472962,9,0,BLUE,false,0,6,3,3,ASSASSIN:8;GARGOYLE:2;SPIDER:1,ASSASSIN:8;GARGOYLE:2;SPIDER:1
103,0,0,true,,,utility,curriculum_pass,3,75,403869042,403854303,65,0,,false,7,4,3,3,GOLEM:7;SPIDER:1,GOLEM:7;SPIDER:1
104,0,0,true,,,curriculum_pass,utility,3,75,403869042,403854303,23,0,BLUE,false,0,6,3,3,GOLEM:7;SPIDER:1,GOLEM:7;SPIDER:1
105,0,0,true,,,utility,curriculum_pass,3,75,403876961,403862220,53,0,,false,3,6,3,3,ASSASSIN:8;GOBLIN:1;SCORPION_RIDER:2,ASSASSIN:8;GOBLIN:1;SCORPION_RIDER:2
106,0,0,true,,,curriculum_pass,utility,3,75,403876961,403862220,58,0,,false,4,1,3,3,ASSASSIN:8;GOBLIN:1;SCORPION_RIDER:2,ASSASSIN:8;GOBLIN:1;SCORPION_RIDER:2
107,0,0,true,,,utility,curriculum_pass,3,75,403884880,403838461,14,0,GREEN,false,13,0,3,3,GOBLIN:6;MAGE:8,GOBLIN:6;MAGE:8
108,0,0,true,,,curriculum_pass,utility,3,75,403884880,403838461,48,0,,false,14,14,3,3,GOBLIN:6;MAGE:8,GOBLIN:6;MAGE:8
109,0,0,true,,,utility,curriculum_pass,3,75,411788042,411811239,54,0,GREEN,false,13,0,3,3,GOBLIN:10;SPIDER:15,GOBLIN:10;SPIDER:15
110,0,0,true,,,curriculum_pass,utility,3,75,411788042,411811239,21,0,BLUE,false,0,16,3,3,GOBLIN:10;SPIDER:15,GOBLIN:10;SPIDER:15
111,0,0,true,,,utility,curriculum_pass,3,75,411795961,411787092,18,0,GREEN,false,6,0,3,3,ARCHER:11;GARGOYLE:1,ARCHER:11;GARGOYLE:1
112,0,0,true,,,curriculum_pass,utility,3,75,411795961,411787092,48,0,,false,12,12,3,3,ARCHER:11;GARGOYLE:1,ARCHER:11;GARGOYLE:1
113,0,0,true,,,utility,curriculum_pass,3,75,411803880,411795013,57,0,,false,6,4,2,2,ASSASSIN:5;GOLEM:4,ASSASSIN:5;GOLEM:4
114,0,0,true,,,curriculum_pass,utility,3,75,411803880,411795013,58,0,,false,4,6,2,2,ASSASSIN:5;GOLEM:4,ASSASSIN:5;GOLEM:4
115,0,0,true,,,utility,curriculum_pass,3,75,61950337042,61950394047,65,0,,false,9,5,2,2,GARGOYLE:5;SCORPION_RIDER:5,GARGOYLE:5;SCORPION_RIDER:5
116,0,0,true,,,curriculum_pass,utility,3,75,61950337042,61950394047,62,0,,false,5,9,2,2,GARGOYLE:5;SCORPION_RIDER:5,GARGOYLE:5;SCORPION_RIDER:5
117,0,0,true,,,utility,curriculum_pass,3,75,61950344961,61950386604,12,0,GREEN,false,6,0,3,3,ASSASSIN:8;GARGOYLE:2;SPIDER:1,ASSASSIN:8;GARGOYLE:2;SPIDER:1
118,0,0,true,,,curriculum_pass,utility,3,75,61950344961,61950386604,56,0,,false,5,4,3,3,ASSASSIN:8;GARGOYLE:2;SPIDER:1,ASSASSIN:8;GARGOYLE:2;SPIDER:1
119,0,0,true,,,utility,curriculum_pass,3,75,61950352880,61950362461,14,0,GREEN,false,8,0,3,3,ARCHER:5;SCORPION_RIDER:5;SPIDER:1,ARCHER:5;SCORPION_RIDER:5;SPIDER:1
120,0,0,true,,,curriculum_pass,utility,3,75,61950352880,61950362461,48,0,,false,11,11,3,3,ARCHER:5;SCORPION_RIDER:5;SPIDER:1,ARCHER:5;SCORPION_RIDER:5;SPIDER:1
121,0,0,true,,,utility,curriculum_pass,3,75,61950360799,61950370418,48,0,,false,12,12,3,3,ARCHER:7;GARGOYLE:4;SPIDER:1,ARCHER:7;GARGOYLE:4;SPIDER:1
122,0,0,true,,,curriculum_pass,utility,3,75,61950360799,61950370418,99,0,BLUE,false,0,7,3,3,ARCHER:7;GARGOYLE:4;SPIDER:1,ARCHER:7;GARGOYLE:4;SPIDER:1
123,0,0,true,,,utility,curriculum_pass,3,75,419707042,419751439,48,0,,false,18,18,3,3,ARCHER:7;GOBLIN:11,ARCHER:7;GOBLIN:11
124,0,0,true,,,curriculum_pass,utility,3,75,419707042,419751439,60,0,,false,7,18,3,3,ARCHER:7;GOBLIN:11,ARCHER:7;GOBLIN:11
125,0,0,true,,,utility,curriculum_pass,3,75,419714961,419727676,61,0,,false,10,7,2,2,ARCHER:4;MAGE:7,ARCHER:4;MAGE:7
126,0,0,true,,,curriculum_pass,utility,3,75,419714961,419727676,58,0,,false,7,10,2,2,ARCHER:4;MAGE:7,ARCHER:4;MAGE:7
127,0,0,true,,,utility,curriculum_pass,3,75,419722880,419735597,55,0,,false,13,17,3,3,GOBLIN:21;GOLEM:1,GOBLIN:21;GOLEM:1
128,0,0,true,,,curriculum_pass,utility,3,75,419722880,419735597,48,0,,false,22,22,3,3,GOBLIN:21;GOLEM:1,GOBLIN:21;GOLEM:1
129,0,0,true,,,utility,curriculum_pass,3,75,427626042,427675799,32,0,GREEN,false,6,0,2,2,ARCHER:7;SCORPION_RIDER:4,ARCHER:7;SCORPION_RIDER:4
130,0,0,true,,,curriculum_pass,utility,3,75,427626042,427675799,58,0,,false,4,6,2,2,ARCHER:7;SCORPION_RIDER:4,ARCHER:7;SCORPION_RIDER:4
131,0,0,true,,,utility,curriculum_pass,3,75,427633961,427684740,24,0,GREEN,false,5,0,3,3,GOBLIN:11;GOLEM:4,GOBLIN:11;GOLEM:4
132,0,0,true,,,curriculum_pass,utility,3,75,427633961,427684740,48,0,,false,15,15,3,3,GOBLIN:11;GOLEM:4,GOBLIN:11;GOLEM:4
133,0,0,true,,,utility,curriculum_pass,3,75,427641880,427659957,48,0,,false,11,11,3,3,ARCHER:5;SCORPION_RIDER:5;SPIDER:1,ARCHER:5;SCORPION_RIDER:5;SPIDER:1
134,0,0,true,,,curriculum_pass,utility,3,75,427641880,427659957,11,0,BLUE,false,0,10,3,3,ARCHER:5;SCORPION_RIDER:5;SPIDER:1,ARCHER:5;SCORPION_RIDER:5;SPIDER:1
135,0,0,true,,,utility,curriculum_pass,3,75,61966175042,61966128623,48,0,,false,12,12,3,3,ARCHER:8;SCORPION_RIDER:3;SPIDER:1,ARCHER:8;SCORPION_RIDER:3;SPIDER:1
136,0,0,true,,,curriculum_pass,utility,3,75,61966175042,61966128623,68,0,,false,3,11,3,3,ARCHER:8;SCORPION_RIDER:3;SPIDER:1,ARCHER:8;SCORPION_RIDER:3;SPIDER:1
137,0,0,true,,,utility,curriculum_pass,3,75,61966182961,61966136476,14,0,GREEN,false,5,0,2,2,ARCHER:3;MAGE:8,ARCHER:3;MAGE:8
138,0,0,true,,,curriculum_pass,utility,3,75,61966182961,61966136476,17,0,GREEN,false,1,0,2,2,ARCHER:3;MAGE:8,ARCHER:3;MAGE:8
139,0,0,true,,,utility,curriculum_pass,3,75,61966190880,61966243725,69,0,,false,6,1,3,3,MAGE:3;SCORPION_RIDER:6;SPIDER:2,MAGE:3;SCORPION_RIDER:6;SPIDER:2
140,0,0,true,,,curriculum_pass,utility,3,75,61966190880,61966243725,48,0,,false,11,11,3,3,MAGE:3;SCORPION_RIDER:6;SPIDER:2,MAGE:3;SCORPION_RIDER:6;SPIDER:2
141,0,0,true,,,utility,curriculum_pass,3,75,61966198799,61966251682,63,0,,false,15,12,3,3,GOBLIN:14;SCORPION_RIDER:4,GOBLIN:14;SCORPION_RIDER:4
142,0,0,true,,,curriculum_pass,utility,3,75,61966198799,61966251682,48,0,,false,18,18,3,3,GOBLIN:14;SCORPION_RIDER:4,GOBLIN:14;SCORPION_RIDER:4
143,0,0,true,,,utility,curriculum_pass,3,75,435545042,435502463,48,0,,false,25,25,3,3,SPIDER:25,SPIDER:25
144,0,0,true,,,curriculum_pass,utility,3,75,435545042,435502463,58,0,,false,24,25,3,3,SPIDER:25,SPIDER:25
145,0,0,true,,,utility,curriculum_pass,3,75,435552961,435608684,14,0,GREEN,false,7,0,3,3,ARCHER:7;ASSASSIN:4;SPIDER:1,ARCHER:7;ASSASSIN:4;SPIDER:1
146,0,0,true,,,curriculum_pass,utility,3,75,435552961,435608684,13,0,BLUE,false,0,10,3,3,ARCHER:7;ASSASSIN:4;SPIDER:1,ARCHER:7;ASSASSIN:4;SPIDER:1
147,0,0,true,,,utility,curriculum_pass,3,75,435560880,435617565,63,0,,false,9,4,3,3,ASSASSIN:3;GOBLIN:1;MAGE:7,ASSASSIN:3;GOBLIN:1;MAGE:7
148,0,0,true,,,curriculum_pass,utility,3,75,435560880,435617565,11,0,BLUE,false,0,8,3,3,ASSASSIN:3;GOBLIN:1;MAGE:7,ASSASSIN:3;GOBLIN:1;MAGE:7
149,0,0,true,,,utility,curriculum_pass,3,75,61974094042,61974085239,61,0,,false,5,2,3,3,ASSASSIN:4;GOBLIN:2;SCORPION_RIDER:5,ASSASSIN:4;GOBLIN:2;SCORPION_RIDER:5
150,0,0,true,,,curriculum_pass,utility,3,75,61974094042,61974085239,13,0,BLUE,false,0,6,3,3,ASSASSIN:4;GOBLIN:2;SCORPION_RIDER:5,ASSASSIN:4;GOBLIN:2;SCORPION_RIDER:5
151,0,0,true,,,utility,curriculum_pass,3,75,61974101961,61974077796,10,0,GREEN,false,6,0,3,3,ARCHER:12;GOBLIN:1,ARCHER:12;GOBLIN:1
152,0,0,true,,,curriculum_pass,utility,3,75,61974101961,61974077796,48,0,,false,13,13,3,3,ARCHER:12;GOBLIN:1,ARCHER:12;GOBLIN:1
153,0,0,true,,,utility,curriculum_pass,3,75,61974109880,61974052885,48,0,,false,12,12,3,3,ARCHER:8;SCORPION_RIDER:3;SPIDER:1,ARCHER:8;SCORPION_RIDER:3;SPIDER:1
154,0,0,true,,,curriculum_pass,utility,3,75,61974109880,61974052885,13,0,BLUE,false,0,11,3,3,ARCHER:8;SCORPION_RIDER:3;SPIDER:1,ARCHER:8;SCORPION_RIDER:3;SPIDER:1
155,0,0,true,,,utility,curriculum_pass,3,75,61974117799,61974061834,10,0,GREEN,false,15,0,3,3,ARCHER:1;ASSASSIN:4;SPIDER:13,ARCHER:1;ASSASSIN:4;SPIDER:13
156,0,0,true,,,curriculum_pass,utility,3,75,61974117799,61974061834,54,0,,false,13,16,3,3,ARCHER:1;ASSASSIN:4;SPIDER:13,ARCHER:1;ASSASSIN:4;SPIDER:13
157,0,0,true,,,utility,curriculum_pass,3,75,443464042,443443143,10,0,GREEN,false,10,0,3,3,GOBLIN:2;MAGE:3;SCORPION_RIDER:6,GOBLIN:2;MAGE:3;SCORPION_RIDER:6
158,0,0,true,,,curriculum_pass,utility,3,75,443464042,443443143,13,0,BLUE,false,0,8,3,3,GOBLIN:2;MAGE:3;SCORPION_RIDER:6,GOBLIN:2;MAGE:3;SCORPION_RIDER:6
159,0,0,true,,,utility,curriculum_pass,3,75,443471961,443418356,18,0,GREEN,false,12,0,3,3,GARGOYLE:3;GOBLIN:2;SPIDER:16,GARGOYLE:3;GOBLIN:2;SPIDER:16
160,0,0,true,,,curriculum_pass,utility,3,75,443471961,443418356,48,0,,false,21,21,3,3,GARGOYLE:3;GOBLIN:2;SPIDER:16,GARGOYLE:3;GOBLIN:2;SPIDER:16
161,0,0,true,,,utility,curriculum_pass,3,75,443479880,443427301,16,0,GREEN,false,16,0,3,3,ARCHER:1;GOBLIN:9;SPIDER:14,ARCHER:1;GOBLIN:9;SPIDER:14
162,0,0,true,,,curriculum_pass,utility,3,75,443479880,443427301,13,0,BLUE,false,0,18,3,3,ARCHER:1;GOBLIN:9;SPIDER:14,ARCHER:1;GOBLIN:9;SPIDER:14
163,0,0,true,,,utility,curriculum_pass,3,75,61982013042,61982025951,48,0,,false,8,8,3,3,GOBLIN:1;GOLEM:7,GOBLIN:1;GOLEM:7
164,0,0,true,,,curriculum_pass,utility,3,75,61982013042,61982025951,48,0,,false,8,8,3,3,GOBLIN:1;GOLEM:7,GOBLIN:1;GOLEM:7
165,0,0,true,,,utility,curriculum_pass,3,75,61982020961,61982002124,88,0,GREEN,false,10,0,3,3,GARGOYLE:6;MAGE:4;SPIDER:1,GARGOYLE:6;MAGE:4;SPIDER:1
166,0,0,true,,,curriculum_pass,utility,3,75,61982020961,61982002124,140,0,,false,1,8,3,3,GARGOYLE:6;MAGE:4;SPIDER:1,GARGOYLE:6;MAGE:4;SPIDER:1
167,0,0,true,,,utility,curriculum_pass,3,75,61982028880,61982010109,48,0,,false,8,8,3,3,GOBLIN:1;GOLEM:7,GOBLIN:1;GOLEM:7
168,0,0,true,,,curriculum_pass,utility,3,75,61982028880,61982010109,48,0,,false,8,8,3,3,GOBLIN:1;GOLEM:7,GOBLIN:1;GOLEM:7
169,0,0,true,,,utility,curriculum_pass,3,75,61982036799,61981986194,48,0,,false,21,21,3,3,GARGOYLE:3;GOBLIN:2;SPIDER:16,GARGOYLE:3;GOBLIN:2;SPIDER:16
170,0,0,true,,,curriculum_pass,utility,3,75,61982036799,61981986194,48,0,,false,21,21,3,3,GARGOYLE:3;GOBLIN:2;SPIDER:16,GARGOYLE:3;GOBLIN:2;SPIDER:16
171,0,0,true,,,utility,curriculum_pass,3,75,451383042,451367343,201,0,,true,8,5,3,3,ARCHER:2;GOLEM:4;MAGE:3,ARCHER:2;GOLEM:4;MAGE:3
172,0,0,true,,,curriculum_pass,utility,3,75,451383042,451367343,29,0,BLUE,false,0,4,3,3,ARCHER:2;GOLEM:4;MAGE:3,ARCHER:2;GOLEM:4;MAGE:3
173,0,0,true,,,utility,curriculum_pass,3,75,451390961,451375964,61,0,,false,6,7,3,3,GOBLIN:1;SCORPION_RIDER:9,GOBLIN:1;SCORPION_RIDER:9
174,0,0,true,,,curriculum_pass,utility,3,75,451390961,451375964,64,0,,false,8,6,3,3,GOBLIN:1;SCORPION_RIDER:9,GOBLIN:1;SCORPION_RIDER:9
175,0,0,true,,,utility,curriculum_pass,3,75,451398880,451351117,6,0,GREEN,false,8,0,3,3,ASSASSIN:7;MAGE:3;SPIDER:1,ASSASSIN:7;MAGE:3;SPIDER:1
176,0,0,true,,,curriculum_pass,utility,3,75,451398880,451351117,13,0,BLUE,false,0,5,3,3,ASSASSIN:7;MAGE:3;SPIDER:1,ASSASSIN:7;MAGE:3;SPIDER:1
177,0,0,true,,,utility,curriculum_pass,3,75,61989932042,61989950119,59,0,,false,12,10,2,2,GOBLIN:11;GOLEM:4,GOBLIN:11;GOLEM:4
178,0,0,true,,,curriculum_pass,utility,3,75,61989932042,61989950119,48,0,,false,15,15,2,2,GOBLIN:11;GOLEM:4,GOBLIN:11;GOLEM:4
179,0,0,true,,,utility,curriculum_pass,3,75,61989939961,61989958740,48,0,,false,11,11,3,3,GOBLIN:1;MAGE:10,GOBLIN:1;MAGE:10
180,0,0,true,,,curriculum_pass,utility,3,75,61989939961,61989958740,17,0,BLUE,false,0,6,3,3,GOBLIN:1;MAGE:10,GOBLIN:1;MAGE:10
181,0,0,true,,,utility,curriculum_pass,3,75,61989947880,61989934917,14,0,GREEN,false,12,0,3,3,GOBLIN:2;SPIDER:23,GOBLIN:2;SPIDER:23
182,0,0,true,,,curriculum_pass,utility,3,75,61989947880,61989934917,15,0,BLUE,false,0,6,3,3,GOBLIN:2;SPIDER:23,GOBLIN:2;SPIDER:23
183,0,0,true,,,utility,curriculum_pass,3,75,61989955799,61989942906,69,0,,false,11,9,4,4,GARGOYLE:9;SCORPION_RIDER:1;SPIDER:1,GARGOYLE:9;SCORPION_RIDER:1;SPIDER:1
184,0,0,true,,,curriculum_pass,utility,3,75,61989955799,61989942906,64,0,,false,9,11,4,4,GARGOYLE:9;SCORPION_RIDER:1;SPIDER:1,GARGOYLE:9;SCORPION_RIDER:1;SPIDER:1
185,0,0,true,,,utility,curriculum_pass,3,75,332598042,332649911,48,0,,false,18,18,2,2,GOLEM:3;SPIDER:15,GOLEM:3;SPIDER:15
186,0,0,true,,,curriculum_pass,utility,3,75,332598042,332649911,48,0,,false,18,18,2,2,GOLEM:3;SPIDER:15,GOLEM:3;SPIDER:15
187,0,0,true,,,utility,curriculum_pass,3,75,332605961,332657828,48,0,,false,17,17,3,3,GOBLIN:12;GOLEM:1;MAGE:4,GOBLIN:12;GOLEM:1;MAGE:4
188,0,0,true,,,curriculum_pass,utility,3,75,332605961,332657828,74,0,,false,12,14,3,3,GOBLIN:12;GOLEM:1;MAGE:4,GOBLIN:12;GOLEM:1;MAGE:4
189,0,0,true,,,utility,utility,3,75,467221042,467264671,17,0,,false,20,1,3,3,ARCHER:2;GOBLIN:21,ASSASSIN:10;GOBLIN:1
190,0,0,true,,,utility,utility,3,75,467221042,467264671,17,0,,false,20,1,3,3,ARCHER:2;GOBLIN:21,ASSASSIN:10;GOBLIN:1
191,0,0,true,,,utility,utility,3,75,467228961,467240844,19,0,,false,18,8,3,3,GOBLIN:12;GOLEM:3;SPIDER:3,GOBLIN:7;MAGE:7;SPIDER:1
192,0,0,true,,,utility,utility,3,75,467228961,467240844,19,0,,false,18,8,3,3,GOBLIN:12;GOLEM:3;SPIDER:3,GOBLIN:7;MAGE:7;SPIDER:1
193,0,0,true,,,utility,utility,3,75,601844042,601864167,24,0,GREEN,false,4,0,3,3,GARGOYLE:10;SPIDER:1,MAGE:4;SCORPION_RIDER:5;SPIDER:2
194,0,0,true,,,utility,utility,3,75,601844042,601864167,24,0,GREEN,false,4,0,3,3,GARGOYLE:10;SPIDER:1,MAGE:4;SCORPION_RIDER:5;SPIDER:2
195,0,0,true,,,utility,utility,3,75,601851961,601839252,31,0,BLUE,false,0,7,2,3,ASSASSIN:4;SPIDER:15,ARCHER:1;ASSASSIN:3;SCORPION_RIDER:6
196,0,0,true,,,utility,utility,3,75,601851961,601839252,31,0,BLUE,false,0,7,2,3,ASSASSIN:4;SPIDER:15,ARCHER:1;ASSASSIN:3;SCORPION_RIDER:6
197,0,0,true,,,utility,utility,3,75,736467042,736446159,23,0,,false,15,12,3,3,ARCHER:6;GOBLIN:13,ARCHER:5;MAGE:1;SPIDER:12
198,0,0,true,,,utility,utility,3,75,736467042,736446159,23,0,,false,15,12,3,3,ARCHER:6;GOBLIN:13,ARCHER:5;MAGE:1;SPIDER:12
199,0,0,true,,,utility,utility,3,75,736474961,736455164,22,0,,false,10,9,3,3,GOBLIN:8;SPIDER:17,ARCHER:4;GARGOYLE:6;GOBLIN:3
200,0,0,true,,,utility,utility,3,75,736474961,736455164,22,0,,false,10,9,3,3,GOBLIN:8;SPIDER:17,ARCHER:4;GARGOYLE:6;GOBLIN:3
201,0,0,true,,,utility,curriculum_pass,3,75,43095198042,43095185399,48,0,,false,10,10,3,3,ARCHER:1;MAGE:3;SCORPION_RIDER:6,ARCHER:1;MAGE:3;SCORPION_RIDER:6
202,0,0,true,,,curriculum_pass,utility,3,75,43095198042,43095185399,39,0,BLUE,false,0,9,3,3,ARCHER:1;MAGE:3;SCORPION_RIDER:6,ARCHER:1;MAGE:3;SCORPION_RIDER:6
203,0,0,true,,,utility,curriculum_pass,3,75,43103117042,43103125599,14,0,GREEN,false,4,0,2,2,ARCHER:3;ASSASSIN:8,ARCHER:3;ASSASSIN:8
204,0,0,true,,,curriculum_pass,utility,3,75,43103117042,43103125599,7,0,BLUE,false,0,7,2,2,ARCHER:3;ASSASSIN:8,ARCHER:3;ASSASSIN:8
205,0,0,true,,,utility,curriculum_pass,3,75,43111036042,43111082535,48,0,,false,18,18,3,3,ARCHER:7;GOBLIN:10;SPIDER:1,ARCHER:7;GOBLIN:10;SPIDER:1
206,0,0,true,,,curriculum_pass,utility,3,75,43111036042,43111082535,48,0,,false,18,18,3,3,ARCHER:7;GOBLIN:10;SPIDER:1,ARCHER:7;GOBLIN:10;SPIDER:1
207,0,0,true,,,utility,curriculum_pass,3,75,43118955042,43119006863,48,0,,false,11,11,2,2,ARCHER:3;MAGE:8,ARCHER:3;MAGE:8
208,0,0,true,,,curriculum_pass,utility,3,75,43118955042,43119006863,70,0,,false,3,2,2,2,ARCHER:3;MAGE:8,ARCHER:3;MAGE:8
209,0,0,true,,,utility,curriculum_pass,3,75,43126874042,43126817047,10,0,GREEN,false,11,0,2,2,ARCHER:7;SCORPION_RIDER:4,ARCHER:7;SCORPION_RIDER:4
210,0,0,true,,,curriculum_pass,utility,3,75,43126874042,43126817047,48,0,,false,11,11,2,2,ARCHER:7;SCORPION_RIDER:4,ARCHER:7;SCORPION_RIDER:4
211,0,0,true,,,utility,curriculum_pass,3,75,43134793042,43134774271,83,0,,false,2,5,3,3,ASSASSIN:5;GARGOYLE:5;GOBLIN:1,ASSASSIN:5;GARGOYLE:5;GOBLIN:1
212,0,0,true,,,curriculum_pass,utility,3,75,43134793042,43134774271,52,0,,false,10,11,3,3,ASSASSIN:5;GARGOYLE:5;GOBLIN:1,ASSASSIN:5;GARGOYLE:5;GOBLIN:1
213,0,0,true,,,utility,curriculum_pass,3,75,82690198042,82690217143,24,0,GREEN,false,13,0,2,2,GOBLIN:11;MAGE:6,GOBLIN:11;MAGE:6
214,0,0,true,,,curriculum_pass,utility,3,75,82690198042,82690217143,23,0,BLUE,false,0,13,2,2,GOBLIN:11;MAGE:6,GOBLIN:11;MAGE:6
215,0,0,true,,,utility,curriculum_pass,3,75,82690205961,82690226084,14,0,GREEN,false,10,0,2,2,MAGE:7;SCORPION_RIDER:3,MAGE:7;SCORPION_RIDER:3
216,0,0,true,,,curriculum_pass,utility,3,75,82690205961,82690226084,64,0,,false,1,8,2,2,MAGE:7;SCORPION_RIDER:3,MAGE:7;SCORPION_RIDER:3
217,0,0,true,,,utility,curriculum_pass,3,75,82690213880,82690201941,12,0,GREEN,false,3,0,3,3,GOBLIN:1;SCORPION_RIDER:9,GOBLIN:1;SCORPION_RIDER:9
218,0,0,true,,,curriculum_pass,utility,3,75,82690213880,82690201941,58,0,,false,5,9,3,3,GOBLIN:1;SCORPION_RIDER:9,GOBLIN:1;SCORPION_RIDER:9
219,0,0,true,,,utility,curriculum_pass,3,75,144228747042,144228800911,46,0,GREEN,false,17,0,3,3,GARGOYLE:6;GOBLIN:11,GARGOYLE:6;GOBLIN:11
220,0,0,true,,,curriculum_pass,utility,3,75,144228747042,144228800911,64,0,,false,5,8,3,3,GARGOYLE:6;GOBLIN:11,GARGOYLE:6;GOBLIN:11
221,0,0,true,,,utility,curriculum_pass,3,75,144228754961,144228808892,28,0,GREEN,false,3,0,3,3,GOBLIN:1;GOLEM:4;SCORPION_RIDER:4,GOBLIN:1;GOLEM:4;SCORPION_RIDER:4
222,0,0,true,,,curriculum_pass,utility,3,75,144228754961,144228808892,48,0,,false,9,9,3,3,GOBLIN:1;GOLEM:4;SCORPION_RIDER:4,GOBLIN:1;GOLEM:4;SCORPION_RIDER:4
223,0,0,true,,,utility,curriculum_pass,3,75,144228762880,144228785069,48,0,,false,11,11,3,3,MAGE:10;SPIDER:1,MAGE:10;SPIDER:1
224,0,0,true,,,curriculum_pass,utility,3,75,144228762880,144228785069,48,0,,false,11,11,3,3,MAGE:10;SPIDER:1,MAGE:10;SPIDER:1
225,0,0,true,,,utility,curriculum_pass,3,75,144228770799,144228793666,48,0,GREEN,false,16,0,3,3,GARGOYLE:6;GOBLIN:11,GARGOYLE:6;GOBLIN:11
226,0,0,true,,,curriculum_pass,utility,3,75,144228770799,144228793666,48,0,,false,17,17,3,3,GARGOYLE:6;GOBLIN:11,GARGOYLE:6;GOBLIN:11
227,0,0,true,,,utility,curriculum_pass,3,75,82698117042,82698158367,18,0,GREEN,false,11,0,4,4,GOBLIN:1;MAGE:1;SCORPION_RIDER:2;SPIDER:16,GOBLIN:1;MAGE:1;SCORPION_RIDER:2;SPIDER:16
228,0,0,true,,,curriculum_pass,utility,3,75,82698117042,82698158367,63,0,BLUE,false,0,17,4,4,GOBLIN:1;MAGE:1;SCORPION_RIDER:2;SPIDER:16,GOBLIN:1;MAGE:1;SCORPION_RIDER:2;SPIDER:16
229,0,0,true,,,utility,curriculum_pass,3,75,82698124961,82698166284,12,0,GREEN,false,9,0,2,2,MAGE:5;SCORPION_RIDER:5,MAGE:5;SCORPION_RIDER:5
230,0,0,true,,,curriculum_pass,utility,3,75,82698124961,82698166284,33,0,BLUE,false,0,8,2,2,MAGE:5;SCORPION_RIDER:5,MAGE:5;SCORPION_RIDER:5
231,0,0,true,,,utility,curriculum_pass,3,75,82698132880,82698142525,12,0,GREEN,false,8,0,3,3,GARGOYLE:3;GOBLIN:2;SCORPION_RIDER:6,GARGOYLE:3;GOBLIN:2;SCORPION_RIDER:6
232,0,0,true,,,curriculum_pass,utility,3,75,82698132880,82698142525,62,0,,false,4,6,3,3,GARGOYLE:3;GOBLIN:2;SCORPION_RIDER:6,GARGOYLE:3;GOBLIN:2;SCORPION_RIDER:6
233,0,0,true,,,utility,curriculum_pass,3,75,144236666042,144236610071,48,0,,false,14,14,3,3,GARGOYLE:1;GOBLIN:9;GOLEM:4,GARGOYLE:1;GOBLIN:9;GOLEM:4
234,0,0,true,,,curriculum_pass,utility,3,75,144236666042,144236610071,48,0,,false,14,14,3,3,GARGOYLE:1;GOBLIN:9;GOLEM:4,GARGOYLE:1;GOBLIN:9;GOLEM:4
235,0,0,true,,,utility,curriculum_pass,3,75,144236673961,144236619012,48,0,,false,19,19,3,3,MAGE:4;SPIDER:15,MAGE:4;SPIDER:15
236,0,0,true,,,curriculum_pass,utility,3,75,144236673961,144236619012,29,0,BLUE,false,0,19,3,3,MAGE:4;SPIDER:15,MAGE:4;SPIDER:15
237,0,0,true,,,utility,curriculum_pass,3,75,144236681880,144236725301,12,0,GREEN,false,7,0,3,3,ARCHER:8;ASSASSIN:3;GOBLIN:2,ARCHER:8;ASSASSIN:3;GOBLIN:2
238,0,0,true,,,curriculum_pass,utility,3,75,144236681880,144236725301,52,0,,false,10,13,3,3,ARCHER:8;ASSASSIN:3;GOBLIN:2,ARCHER:8;ASSASSIN:3;GOBLIN:2
239,0,0,true,,,utility,curriculum_pass,3,75,144236689799,144236734250,54,0,GREEN,false,10,0,3,3,GARGOYLE:5;SCORPION_RIDER:5,GARGOYLE:5;SCORPION_RIDER:5
240,0,0,true,,,curriculum_pass,utility,3,75,144236689799,144236734250,25,0,BLUE,false,0,10,3,3,GARGOYLE:5;SCORPION_RIDER:5,GARGOYLE:5;SCORPION_RIDER:5
241,0,0,true,,,utility,curriculum_pass,3,75,82706036042,82705984487,20,0,GREEN,false,10,0,3,3,ASSASSIN:7;GARGOYLE:3;SPIDER:1,ASSASSIN:7;GARGOYLE:3;SPIDER:1
242,0,0,true,,,curriculum_pass,utility,3,75,82706036042,82705984487,21,0,BLUE,false,0,4,3,3,ASSASSIN:7;GARGOYLE:3;SPIDER:1,ASSASSIN:7;GARGOYLE:3;SPIDER:1
243,0,0,true,,,utility,curriculum_pass,3,75,82706043961,82706090644,48,0,,false,18,18,3,3,ARCHER:7;GOBLIN:10;SPIDER:1,ARCHER:7;GOBLIN:10;SPIDER:1
244,0,0,true,,,curriculum_pass,utility,3,75,82706043961,82706090644,19,0,BLUE,false,0,15,3,3,ARCHER:7;GOBLIN:10;SPIDER:1,ARCHER:7;GOBLIN:10;SPIDER:1
245,0,0,true,,,utility,curriculum_pass,3,75,82706051880,82706099589,48,0,,false,11,11,3,3,GARGOYLE:6;GOBLIN:1;MAGE:4,GARGOYLE:6;GOBLIN:1;MAGE:4
246,0,0,true,,,curriculum_pass,utility,3,75,82706051880,82706099589,58,0,,false,7,10,3,3,GARGOYLE:6;GOBLIN:1;MAGE:4,GARGOYLE:6;GOBLIN:1;MAGE:4
247,0,0,true,,,utility,curriculum_pass,3,75,144244585042,144244567295,48,0,,false,18,18,2,2,SCORPION_RIDER:4;SPIDER:14,SCORPION_RIDER:4;SPIDER:14
248,0,0,true,,,curriculum_pass,utility,3,75,144244585042,144244567295,48,0,,false,18,18,2,2,SCORPION_RIDER:4;SPIDER:14,SCORPION_RIDER:4;SPIDER:14
249,0,0,true,,,utility,curriculum_pass,3,75,144244592961,144244543468,190,0,GREEN,false,6,0,4,4,ARCHER:1;GOLEM:4;SCORPION_RIDER:3;SPIDER:1,ARCHER:1;GOLEM:4;SCORPION_RIDER:3;SPIDER:1
250,0,0,true,,,curriculum_pass,utility,3,75,144244592961,144244543468,54,0,,false,9,9,4,4,ARCHER:1;GOLEM:4;SCORPION_RIDER:3;SPIDER:1,ARCHER:1;GOLEM:4;SCORPION_RIDER:3;SPIDER:1
251,0,0,true,,,utility,curriculum_pass,3,75,144244600880,144244551325,48,0,,false,12,12,3,3,ARCHER:7;GOBLIN:1;MAGE:4,ARCHER:7;GOBLIN:1;MAGE:4
252,0,0,true,,,curriculum_pass,utility,3,75,144244600880,144244551325,48,0,,false,12,12,3,3,ARCHER:7;GOBLIN:1;MAGE:4,ARCHER:7;GOBLIN:1;MAGE:4
253,0,0,true,,,utility,curriculum_pass,3,75,144244608799,144244658610,8,0,GREEN,false,10,0,2,2,ARCHER:4;ASSASSIN:7,ARCHER:4;ASSASSIN:7
254,0,0,true,,,curriculum_pass,utility,3,75,144244608799,144244658610,9,0,BLUE,false,0,8,2,2,ARCHER:4;ASSASSIN:7,ARCHER:4;ASSASSIN:7
255,0,0,true,,,utility,curriculum_pass,3,75,82713955042,82713908303,14,0,GREEN,false,6,0,3,3,ASSASSIN:8;GOLEM:1;SPIDER:3,ASSASSIN:8;GOLEM:1;SPIDER:3
256,0,0,true,,,curriculum_pass,utility,3,75,82713955042,82713908303,13,0,BLUE,false,0,7,3,3,ASSASSIN:8;GOLEM:1;SPIDER:3,ASSASSIN:8;GOLEM:1;SPIDER:3
257,0,0,true,,,utility,curriculum_pass,3,75,82713962961,82713917308,12,0,GREEN,false,2,0,3,3,ASSASSIN:8;SCORPION_RIDER:2;SPIDER:1,ASSASSIN:8;SCORPION_RIDER:2;SPIDER:1
258,0,0,true,,,curriculum_pass,utility,3,75,82713962961,82713917308,15,0,BLUE,false,0,1,3,3,ASSASSIN:8;SCORPION_RIDER:2;SPIDER:1,ASSASSIN:8;SCORPION_RIDER:2;SPIDER:1
259,0,0,true,,,utility,curriculum_pass,3,75,82713970880,82714023533,48,0,,false,11,11,3,3,GARGOYLE:10;SPIDER:1,GARGOYLE:10;SPIDER:1
260,0,0,true,,,curriculum_pass,utility,3,75,82713970880,82714023533,48,0,,false,11,11,3,3,GARGOYLE:10;SPIDER:1,GARGOYLE:10;SPIDER:1
261,0,0,true,,,utility,curriculum_pass,3,75,144252504042,144252492103,42,0,GREEN,false,9,0,3,3,ARCHER:1;GARGOYLE:4;GOLEM:4,ARCHER:1;GARGOYLE:4;GOLEM:4
262,0,0,true,,,curriculum_pass,utility,3,75,144252504042,144252492103,48,0,,false,9,9,3,3,ARCHER:1;GARGOYLE:4;GOLEM:4,ARCHER:1;GARGOYLE:4;GOLEM:4
263,0,0,true,,,utility,curriculum_pass,3,75,144252511961,144252500084,48,0,,false,15,15,2,2,MAGE:7;SPIDER:8,MAGE:7;SPIDER:8
264,0,0,true,,,curriculum_pass,utility,3,75,144252511961,144252500084,48,0,,false,15,15,2,2,MAGE:7;SPIDER:8,MAGE:7;SPIDER:8
265,0,0,true,,,utility,curriculum_pass,3,75,144252519880,144252476261,48,0,,false,11,11,3,3,ARCHER:7;GOBLIN:1;GOLEM:3,ARCHER:7;GOBLIN:1;GOLEM:3
266,0,0,true,,,curriculum_pass,utility,3,75,144252519880,144252476261,48,0,,false,11,11,3,3,ARCHER:7;GOBLIN:1;GOLEM:3,ARCHER:7;GOBLIN:1;GOLEM:3
267,0,0,true,,,utility,curriculum_pass,3,75,144252527799,144252484122,48,0,,false,18,18,2,2,ARCHER:7;GOBLIN:11,ARCHER:7;GOBLIN:11
268,0,0,true,,,curriculum_pass,utility,3,75,144252527799,144252484122,19,0,BLUE,false,0,12,2,2,ARCHER:7;GOBLIN:11,ARCHER:7;GOBLIN:11
269,0,0,true,,,utility,curriculum_pass,3,75,82721874042,82721865431,12,0,GREEN,false,6,0,2,2,GARGOYLE:5;SCORPION_RIDER:5,GARGOYLE:5;SCORPION_RIDER:5
270,0,0,true,,,curriculum_pass,utility,3,75,82721874042,82721865431,88,0,,false,4,3,2,2,GARGOYLE:5;SCORPION_RIDER:5,GARGOYLE:5;SCORPION_RIDER:5
271,0,0,true,,,utility,curriculum_pass,3,75,82721881961,82721857988,48,0,,false,11,11,3,3,MAGE:10;SPIDER:1,MAGE:10;SPIDER:1
272,0,0,true,,,curriculum_pass,utility,3,75,82721881961,82721857988,68,0,,false,3,1,3,3,MAGE:10;SPIDER:1,MAGE:10;SPIDER:1
273,0,0,true,,,utility,curriculum_pass,3,75,82721889880,82721833205,12,0,GREEN,false,4,0,3,3,ASSASSIN:8;GOBLIN:3;GOLEM:1,ASSASSIN:8;GOBLIN:3;GOLEM:1
274,0,0,true,,,curriculum_pass,utility,3,75,82721889880,82721833205,17,0,BLUE,false,0,3,3,3,ASSASSIN:8;GOBLIN:3;GOLEM:1,ASSASSIN:8;GOBLIN:3;GOLEM:1
275,0,0,true,,,utility,curriculum_pass,3,75,144260423042,144260432687,65,0,,false,9,4,3,3,GOBLIN:9;SCORPION_RIDER:6,GOBLIN:9;SCORPION_RIDER:6
276,0,0,true,,,curriculum_pass,utility,3,75,144260423042,144260432687,15,0,BLUE,false,0,5,3,3,GOBLIN:9;SCORPION_RIDER:6,GOBLIN:9;SCORPION_RIDER:6
277,0,0,true,,,utility,curriculum_pass,3,75,144260430961,144260440796,14,0,GREEN,false,10,0,2,2,SCORPION_RIDER:6;SPIDER:9,SCORPION_RIDER:6;SPIDER:9
278,0,0,true,,,curriculum_pass,utility,3,75,144260430961,144260440796,48,0,,false,15,15,2,2,SCORPION_RIDER:6;SPIDER:9,SCORPION_RIDER:6;SPIDER:9
279,0,0,true,,,utility,curriculum_pass,3,75,144260438880,144260416973,60,0,GREEN,false,8,0,3,3,ASSASSIN:3;SCORPION_RIDER:6;SPIDER:2,ASSASSIN:3;SCORPION_RIDER:6;SPIDER:2
280,0,0,true,,,curriculum_pass,utility,3,75,144260438880,144260416973,11,0,BLUE,false,0,8,3,3,ASSASSIN:3;SCORPION_RIDER:6;SPIDER:2,ASSASSIN:3;SCORPION_RIDER:6;SPIDER:2
281,0,0,true,,,utility,curriculum_pass,3,75,144260446799,144260424930,63,0,,false,8,6,3,3,SCORPION_RIDER:9;SPIDER:1,SCORPION_RIDER:9;SPIDER:1
282,0,0,true,,,curriculum_pass,utility,3,75,144260446799,144260424930,48,0,,false,10,10,3,3,SCORPION_RIDER:9;SPIDER:1,SCORPION_RIDER:9;SPIDER:1
283,0,0,true,,,utility,curriculum_pass,3,75,82729793042,82729806015,48,0,,false,11,11,3,3,GARGOYLE:10;SPIDER:1,GARGOYLE:10;SPIDER:1
284,0,0,true,,,curriculum_pass,utility,3,75,82729793042,82729806015,57,0,BLUE,false,0,10,3,3,GARGOYLE:10;SPIDER:1,GARGOYLE:10;SPIDER:1
285,0,0,true,,,utility,curriculum_pass,3,75,82729800961,82729782188,20,0,GREEN,false,8,0,3,3,ASSASSIN:8;GOBLIN:5;SPIDER:1,ASSASSIN:8;GOBLIN:5;SPIDER:1
286,0,0,true,,,curriculum_pass,utility,3,75,82729800961,82729782188,15,0,BLUE,false,0,5,3,3,ASSASSIN:8;GOBLIN:5;SPIDER:1,ASSASSIN:8;GOBLIN:5;SPIDER:1
287,0,0,true,,,utility,curriculum_pass,3,75,82729808880,82729790813,12,0,GREEN,false,9,0,3,3,ARCHER:1;MAGE:3;SCORPION_RIDER:6,ARCHER:1;MAGE:3;SCORPION_RIDER:6
288,0,0,true,,,curriculum_pass,utility,3,75,82729808880,82729790813,19,0,BLUE,false,0,8,3,3,ARCHER:1;MAGE:3;SCORPION_RIDER:6,ARCHER:1;MAGE:3;SCORPION_RIDER:6
289,0,0,true,,,utility,curriculum_pass,3,75,144268342042,144268389815,14,0,GREEN,false,9,0,3,3,ARCHER:11;SCORPION_RIDER:1,ARCHER:11;SCORPION_RIDER:1
290,0,0,true,,,curriculum_pass,utility,3,75,144268342042,144268389815,11,0,BLUE,false,0,10,3,3,ARCHER:11;SCORPION_RIDER:1,ARCHER:11;SCORPION_RIDER:1
291,0,0,true,,,utility,curriculum_pass,3,75,144268349961,144268364964,48,0,,false,8,8,3,3,GOLEM:7;SPIDER:1,GOLEM:7;SPIDER:1
292,0,0,true,,,curriculum_pass,utility,3,75,144268349961,144268364964,48,0,,false,8,8,3,3,GOLEM:7;SPIDER:1,GOLEM:7;SPIDER:1
293,0,0,true,,,utility,curriculum_pass,3,75,144268357880,144268373589,12,0,GREEN,false,12,0,3,3,ARCHER:7;SPIDER:11,ARCHER:7;SPIDER:11
294,0,0,true,,,curriculum_pass,utility,3,75,144268357880,144268373589,17,0,BLUE,false,0,6,3,3,ARCHER:7;SPIDER:11,ARCHER:7;SPIDER:11
295,0,0,true,,,utility,curriculum_pass,3,75,144268365799,144268349770,12,0,GREEN,false,17,0,3,3,GOBLIN:2;GOLEM:3;SPIDER:13,GOBLIN:2;GOLEM:3;SPIDER:13
296,0,0,true,,,curriculum_pass,utility,3,75,144268365799,144268349770,48,0,,false,18,18,3,3,GOBLIN:2;GOLEM:3;SPIDER:13,GOBLIN:2;GOLEM:3;SPIDER:13
297,0,0,true,,,utility,curriculum_pass,3,75,82737712042,82737730823,48,0,,false,15,15,2,2,GOBLIN:11;GOLEM:4,GOBLIN:11;GOLEM:4
298,0,0,true,,,curriculum_pass,utility,3,75,82737712042,82737730823,17,0,BLUE,false,0,9,2,2,GOBLIN:11;GOLEM:4,GOBLIN:11;GOLEM:4
299,0,0,true,,,utility,curriculum_pass,3,75,82737719961,82737738804,53,0,,false,6,4,2,2,ASSASSIN:5;GOLEM:4,ASSASSIN:5;GOLEM:4
300,0,0,true,,,curriculum_pass,utility,3,75,82737719961,82737738804,58,0,,false,4,6,2,2,ASSASSIN:5;GOLEM:4,ASSASSIN:5;GOLEM:4
301,0,0,true,,,utility,curriculum_pass,3,75,82737727880,82737714981,59,0,,false,20,17,4,4,ASSASSIN:3;GOBLIN:17;SPIDER:1,ASSASSIN:3;GOBLIN:17;SPIDER:1
302,0,0,true,,,curriculum_pass,utility,3,75,82737727880,82737714981,68,0,,false,8,12,4,4,ASSASSIN:3;GOBLIN:17;SPIDER:1,ASSASSIN:3;GOBLIN:17;SPIDER:1
303,0,0,true,,,utility,curriculum_pass,3,75,82745631042,82745688047,61,0,,false,8,3,2,2,MAGE:7;SCORPION_RIDER:3,MAGE:7;SCORPION_RIDER:3
304,0,0,true,,,curriculum_pass,utility,3,75,82745631042,82745688047,48,0,,false,10,10,2,2,MAGE:7;SCORPION_RIDER:3,MAGE:7;SCORPION_RIDER:3
305,0,0,true,,,utility,curriculum_pass,3,75,82745638961,82745663132,85,0,,false,4,3,2,2,GARGOYLE:4;SPIDER:15,GARGOYLE:4;SPIDER:15
306,0,0,true,,,curriculum_pass,utility,3,75,82745638961,82745663132,80,0,,false,4,8,2,2,GARGOYLE:4;SPIDER:15,GARGOYLE:4;SPIDER:15
307,0,0,true,,,utility,curriculum_pass,3,75,82745646880,82745655693,48,0,,false,10,10,2,2,GARGOYLE:5;SCORPION_RIDER:5,GARGOYLE:5;SCORPION_RIDER:5
308,0,0,true,,,curriculum_pass,utility,3,75,82745646880,82745655693,48,0,,false,10,10,2,2,GARGOYLE:5;SCORPION_RIDER:5,GARGOYLE:5;SCORPION_RIDER:5
309,0,0,true,,,utility,curriculum_pass,3,75,82753550042,82753497207,59,0,,false,10,3,3,3,ASSASSIN:3;MAGE:7;SPIDER:1,ASSASSIN:3;MAGE:7;SPIDER:1
310,0,0,true,,,curriculum_pass,utility,3,75,82753550042,82753497207,21,0,BLUE,false,0,10,3,3,ASSASSIN:3;MAGE:7;SPIDER:1,ASSASSIN:3;MAGE:7;SPIDER:1
311,0,0,true,,,utility,curriculum_pass,3,75,82753557961,82753604452,48,0,,false,9,9,2,2,GOLEM:4;MAGE:5,GOLEM:4;MAGE:5
312,0,0,true,,,curriculum_pass,utility,3,75,82753557961,82753604452,48,0,,false,9,9,2,2,GOLEM:4;MAGE:5,GOLEM:4;MAGE:5
313,0,0,true,,,utility,curriculum_pass,3,75,82753565880,82753612309,10,0,GREEN,false,6,0,4,4,ASSASSIN:7;MAGE:3;SPIDER:1,ASSASSIN:7;MAGE:3;SPIDER:1
314,0,0,true,,,curriculum_pass,utility,3,75,82753565880,82753612309,15,0,BLUE,false,0,8,4,4,ASSASSIN:7;MAGE:3;SPIDER:1,ASSASSIN:7;MAGE:3;SPIDER:1
315,0,0,true,,,utility,curriculum_pass,3,75,144292099042,144292080975,12,0,GREEN,false,9,0,3,3,ARCHER:4;GOBLIN:1;SCORPION_RIDER:6,ARCHER:4;GOBLIN:1;SCORPION_RIDER:6
316,0,0,true,,,curriculum_pass,utility,3,75,144292099042,144292080975,15,0,BLUE,false,0,8,3,3,ARCHER:4;GOBLIN:1;SCORPION_RIDER:6,ARCHER:4;GOBLIN:1;SCORPION_RIDER:6
317,0,0,true,,,utility,curriculum_pass,3,75,144292106961,144292056188,8,0,GREEN,false,9,0,2,2,ARCHER:4;ASSASSIN:7,ARCHER:4;ASSASSIN:7
318,0,0,true,,,curriculum_pass,utility,3,75,144292106961,144292056188,9,0,BLUE,false,0,6,2,2,ARCHER:4;ASSASSIN:7,ARCHER:4;ASSASSIN:7
319,0,0,true,,,utility,curriculum_pass,3,75,144292114880,144292065133,61,0,,false,10,5,2,2,GARGOYLE:5;SCORPION_RIDER:5,GARGOYLE:5;SCORPION_RIDER:5
320,0,0,true,,,curriculum_pass,utility,3,75,144292114880,144292065133,48,0,,false,10,10,2,2,GARGOYLE:5;SCORPION_RIDER:5,GARGOYLE:5;SCORPION_RIDER:5
321,0,0,true,,,utility,curriculum_pass,3,75,144292122799,144292171266,48,0,,false,25,25,2,2,GOBLIN:9;SPIDER:16,GOBLIN:9;SPIDER:16
322,0,0,true,,,curriculum_pass,utility,3,75,144292122799,144292171266,58,0,,false,8,20,2,2,GOBLIN:9;SPIDER:16,GOBLIN:9;SPIDER:16
323,0,0,true,,,utility,curriculum_pass,3,75,82761469042,82761421535,18,0,GREEN,false,11,0,3,3,GARGOYLE:5;MAGE:5;SPIDER:1,GARGOYLE:5;MAGE:5;SPIDER:1
324,0,0,true,,,curriculum_pass,utility,3,75,82761469042,82761421535,25,0,BLUE,false,0,10,3,3,GARGOYLE:5;MAGE:5;SPIDER:1,GARGOYLE:5;MAGE:5;SPIDER:1
325,0,0,true,,,utility,curriculum_pass,3,75,82761476961,82761430476,67,0,,false,16,5,2,2,GARGOYLE:5;SPIDER:13,GARGOYLE:5;SPIDER:13
326,0,0,true,,,curriculum_pass,utility,3,75,82761476961,82761430476,39,0,BLUE,false,0,8,2,2,GARGOYLE:5;SPIDER:13,GARGOYLE:5;SPIDER:13
327,0,0,true,,,utility,curriculum_pass,3,75,82761484880,82761536765,22,0,GREEN,false,5,0,4,4,ASSASSIN:7;GARGOYLE:1;GOBLIN:5;SPIDER:1,ASSASSIN:7;GARGOYLE:1;GOBLIN:5;SPIDER:1
328,0,0,true,,,curriculum_pass,utility,3,75,82761484880,82761536765,19,0,BLUE,false,0,7,4,4,ASSASSIN:7;GARGOYLE:1;GOBLIN:5;SPIDER:1,ASSASSIN:7;GARGOYLE:1;GOBLIN:5;SPIDER:1
329,0,0,true,,,utility,curriculum_pass,3,75,144300018042,144300005335,61,0,,false,11,8,3,3,ARCHER:8;ASSASSIN:3;GOBLIN:2,ARCHER:8;ASSASSIN:3;GOBLIN:2
330,0,0,true,,,curriculum_pass,utility,3,75,144300018042,144300005335,58,0,,false,8,11,3,3,ARCHER:8;ASSASSIN:3;GOBLIN:2,ARCHER:8;ASSASSIN:3;GOBLIN:2
331,0,0,true,,,utility,curriculum_pass,3,75,144300025961,144300013252,50,0,GREEN,false,8,0,3,3,SCORPION_RIDER:9;SPIDER:1,SCORPION_RIDER:9;SPIDER:1
332,0,0,true,,,curriculum_pass,utility,3,75,144300025961,144300013252,21,0,BLUE,false,0,7,3,3,SCORPION_RIDER:9;SPIDER:1,SCORPION_RIDER:9;SPIDER:1
333,0,0,true,,,utility,curriculum_pass,3,75,144300033880,144299989493,26,0,GREEN,false,11,0,4,4,GARGOYLE:2;MAGE:2;SCORPION_RIDER:5;SPIDER:2,GARGOYLE:2;MAGE:2;SCORPION_RIDER:5;SPIDER:2
334,0,0,true,,,curriculum_pass,utility,3,75,144300033880,144299989493,15,0,BLUE,false,0,10,4,4,GARGOYLE:2;MAGE:2;SCORPION_RIDER:5;SPIDER:2,GARGOYLE:2;MAGE:2;SCORPION_RIDER:5;SPIDER:2
335,0,0,true,,,utility,curriculum_pass,3,75,144300041799,144299997418,48,0,,false,18,18,3,3,ARCHER:7;GOBLIN:11,ARCHER:7;GOBLIN:11
336,0,0,true,,,curriculum_pass,utility,3,75,144300041799,144299997418,62,0,,false,12,12,3,3,ARCHER:7;GOBLIN:11,ARCHER:7;GOBLIN:11
337,0,0,true,,,utility,curriculum_pass,3,75,43887098042,43887044119,48,0,,false,17,17,3,3,GARGOYLE:6;GOBLIN:10;SPIDER:1,GARGOYLE:6;GOBLIN:10;SPIDER:1
338,0,0,true,,,curriculum_pass,utility,3,75,43887098042,43887044119,138,0,,false,6,17,3,3,GARGOYLE:6;GOBLIN:10;SPIDER:1,GARGOYLE:6;GOBLIN:10;SPIDER:1
339,0,0,true,,,utility,curriculum_pass,3,75,43895017042,43894968575,16,0,GREEN,false,5,0,3,3,SCORPION_RIDER:9;SPIDER:1,SCORPION_RIDER:9;SPIDER:1
340,0,0,true,,,curriculum_pass,utility,3,75,43895017042,43894968575,67,0,BLUE,false,0,7,3,3,SCORPION_RIDER:9;SPIDER:1,SCORPION_RIDER:9;SPIDER:1
341,0,0,true,,,utility,curriculum_pass,3,75,43902936042,43902926151,48,0,,false,14,14,2,2,GOBLIN:6;MAGE:8,GOBLIN:6;MAGE:8
342,0,0,true,,,curriculum_pass,utility,3,75,43902936042,43902926151,48,0,,false,14,14,2,2,GOBLIN:6;MAGE:8,GOBLIN:6;MAGE:8
343,0,0,true,,,utility,curriculum_pass,3,75,43910855042,43910866735,48,0,,false,9,9,2,2,GARGOYLE:5;GOLEM:4,GARGOYLE:5;GOLEM:4
344,0,0,true,,,curriculum_pass,utility,3,75,43910855042,43910866735,48,0,,false,9,9,2,2,GARGOYLE:5;GOLEM:4,GARGOYLE:5;GOLEM:4
345,0,0,true,,,utility,curriculum_pass,3,75,43918774042,43918791095,36,0,GREEN,false,3,0,3,3,GOLEM:4;SCORPION_RIDER:4;SPIDER:1,GOLEM:4;SCORPION_RIDER:4;SPIDER:1
346,0,0,true,,,curriculum_pass,utility,3,75,43918774042,43918791095,48,0,,false,9,9,3,3,GOLEM:4;SCORPION_RIDER:4;SPIDER:1,GOLEM:4;SCORPION_RIDER:4;SPIDER:1
347,0,0,true,,,utility,curriculum_pass,3,75,43926693042,43926747679,59,0,,false,7,4,3,3,ARCHER:3;SCORPION_RIDER:6;SPIDER:3,ARCHER:3;SCORPION_RIDER:6;SPIDER:3
348,0,0,true,,,curriculum_pass,utility,3,75,43926693042,43926747679,11,0,BLUE,false,0,9,3,3,ARCHER:3;SCORPION_RIDER:6;SPIDER:3,ARCHER:3;SCORPION_RIDER:6;SPIDER:3
349,0,0,true,,,utility,curriculum_pass,3,75,83482098042,83482077143,48,0,,false,12,12,3,3,ARCHER:7;GOBLIN:1;MAGE:4,ARCHER:7;GOBLIN:1;MAGE:4
350,0,0,true,,,curriculum_pass,utility,3,75,83482098042,83482077143,48,0,,false,12,12,3,3,ARCHER:7;GOBLIN:1;MAGE:4,ARCHER:7;GOBLIN:1;MAGE:4
351,0,0,true,,,utility,curriculum_pass,3,75,83482105961,83482052292,48,0,,false,11,11,3,3,GARGOYLE:2;MAGE:8;SPIDER:1,GARGOYLE:2;MAGE:8;SPIDER:1
352,0,0,true,,,curriculum_pass,utility,3,75,83482105961,83482052292,48,0,,false,11,11,3,3,GARGOYLE:2;MAGE:8;SPIDER:1,GARGOYLE:2;MAGE:8;SPIDER:1
353,0,0,true,,,utility,curriculum_pass,3,75,83482113880,83482061301,30,0,GREEN,false,5,0,3,3,GOBLIN:1;GOLEM:7,GOBLIN:1;GOLEM:7
354,0,0,true,,,curriculum_pass,utility,3,75,83482113880,83482061301,48,0,,false,8,8,3,3,GOBLIN:1;GOLEM:7,GOBLIN:1;GOLEM:7
355,0,0,true,,,utility,curriculum_pass,3,75,83490017042,83490001343,65,0,,false,22,21,3,3,GOBLIN:21;GOLEM:1,GOBLIN:21;GOLEM:1
356,0,0,true,,,curriculum_pass,utility,3,75,83490017042,83490001343,17,0,BLUE,false,0,5,3,3,GOBLIN:21;GOLEM:1,GOBLIN:21;GOLEM:1
357,0,0,true,,,utility,curriculum_pass,3,75,83490024961,83490009260,48,0,,false,9,9,3,3,GOBLIN:1;GOLEM:4;SCORPION_RIDER:4,GOBLIN:1;GOLEM:4;SCORPION_RIDER:4
358,0,0,true,,,curriculum_pass,utility,3,75,83490024961,83490009260,64,0,,false,4,4,3,3,GOBLIN:1;GOLEM:4;SCORPION_RIDER:4,GOBLIN:1;GOLEM:4;SCORPION_RIDER:4
359,0,0,true,,,utility,curriculum_pass,3,75,83490032880,83489985117,48,0,,false,9,9,2,2,GOLEM:4;MAGE:5,GOLEM:4;MAGE:5
360,0,0,true,,,curriculum_pass,utility,3,75,83490032880,83489985117,62,0,,false,6,5,2,2,GOLEM:4;MAGE:5,GOLEM:4;MAGE:5
361,0,0,true,,,utility,curriculum_pass,3,75,83497936042,83497957895,48,0,,false,11,11,3,3,GARGOYLE:5;GOBLIN:1;MAGE:5,GARGOYLE:5;GOBLIN:1;MAGE:5
362,0,0,true,,,curriculum_pass,utility,3,75,83497936042,83497957895,56,0,,false,11,11,3,3,GARGOYLE:5;GOBLIN:1;MAGE:5,GARGOYLE:5;GOBLIN:1;MAGE:5
363,0,0,true,,,utility,curriculum_pass,3,75,83497943961,83497934132,12,0,GREEN,false,4,0,3,3,ASSASSIN:8;GOBLIN:1;MAGE:2,ASSASSIN:8;GOBLIN:1;MAGE:2
364,0,0,true,,,curriculum_pass,utility,3,75,83497943961,83497934132,13,0,BLUE,false,0,8,3,3,ASSASSIN:8;GOBLIN:1;MAGE:2,ASSASSIN:8;GOBLIN:1;MAGE:2
365,0,0,true,,,utility,curriculum_pass,3,75,83497951880,83497942053,14,0,GREEN,false,9,0,3,3,GOBLIN:2;MAGE:3;SCORPION_RIDER:6,GOBLIN:2;MAGE:3;SCORPION_RIDER:6
366,0,0,true,,,curriculum_pass,utility,3,75,83497951880,83497942053,48,0,,false,11,11,3,3,GOBLIN:2;MAGE:3;SCORPION_RIDER:6,GOBLIN:2;MAGE:3;SCORPION_RIDER:6
367,0,0,true,,,utility,curriculum_pass,3,75,83505855042,83505898735,48,0,,false,10,10,4,4,ARCHER:4;GOLEM:4;MAGE:1;SPIDER:1,ARCHER:4;GOLEM:4;MAGE:1;SPIDER:1
368,0,0,true,,,curriculum_pass,utility,3,75,83505855042,83505898735,29,0,BLUE,false,0,7,4,4,ARCHER:4;GOLEM:4;MAGE:1;SPIDER:1,ARCHER:4;GOLEM:4;MAGE:1;SPIDER:1
369,0,0,true,,,utility,curriculum_pass,3,75,83505862961,83505874844,10,0,GREEN,false,8,0,3,3,ARCHER:9;ASSASSIN:3,ARCHER:9;ASSASSIN:3
370,0,0,true,,,curriculum_pass,utility,3,75,83505862961,83505874844,15,0,BLUE,false,0,2,3,3,ARCHER:9;ASSASSIN:3,ARCHER:9;ASSASSIN:3
371,0,0,true,,,utility,curriculum_pass,3,75,83505870880,83505882765,48,0,,false,17,17,3,3,GARGOYLE:6;GOBLIN:10;SPIDER:1,GARGOYLE:6;GOBLIN:10;SPIDER:1
372,0,0,true,,,curriculum_pass,utility,3,75,83505870880,83505882765,48,0,,false,17,17,3,3,GARGOYLE:6;GOBLIN:10;SPIDER:1,GARGOYLE:6;GOBLIN:10;SPIDER:1
373,0,0,true,,,utility,curriculum_pass,3,75,83513774042,83513823607,55,0,,false,18,17,3,3,GOLEM:3;SPIDER:15,GOLEM:3;SPIDER:15
374,0,0,true,,,curriculum_pass,utility,3,75,83513774042,83513823607,48,0,,false,18,18,3,3,GOLEM:3;SPIDER:15,GOLEM:3;SPIDER:15
375,0,0,true,,,utility,curriculum_pass,3,75,83513781961,83513831524,48,0,,false,9,9,2,2,GOLEM:4;MAGE:5,GOLEM:4;MAGE:5
376,0,0,true,,,curriculum_pass,utility,3,75,83513781961,83513831524,48,0,,false,9,9,2,2,GOLEM:4;MAGE:5,GOLEM:4;MAGE:5
377,0,0,true,,,utility,curriculum_pass,3,75,83513789880,83513807637,48,0,,false,10,10,4,4,ARCHER:4;GOBLIN:1;GOLEM:4;SCORPION_RIDER:1,ARCHER:4;GOBLIN:1;GOLEM:4;SCORPION_RIDER:1
378,0,0,true,,,curriculum_pass,utility,3,75,83513789880,83513807637,48,0,,false,10,10,4,4,ARCHER:4;GOBLIN:1;GOLEM:4;SCORPION_RIDER:1,ARCHER:4;GOBLIN:1;GOLEM:4;SCORPION_RIDER:1
379,0,0,true,,,utility,curriculum_pass,3,75,83521693042,83521649631,121,0,,false,4,4,3,3,GARGOYLE:6;GOBLIN:11,GARGOYLE:6;GOBLIN:11
380,0,0,true,,,curriculum_pass,utility,3,75,83521693042,83521649631,70,0,,false,15,9,3,3,GARGOYLE:6;GOBLIN:11,GARGOYLE:6;GOBLIN:11
381,0,0,true,,,utility,curriculum_pass,3,75,83521700961,83521755852,48,0,,false,19,19,3,3,ARCHER:6;GOBLIN:13,ARCHER:6;GOBLIN:13
382,0,0,true,,,curriculum_pass,utility,3,75,83521700961,83521755852,48,0,,false,19,19,3,3,ARCHER:6;GOBLIN:13,ARCHER:6;GOBLIN:13
383,0,0,true,,,utility,curriculum_pass,3,75,83521708880,83521764861,59,0,,false,10,6,3,3,GARGOYLE:6;SPIDER:11,GARGOYLE:6;SPIDER:11
384,0,0,true,,,curriculum_pass,utility,3,75,83521708880,83521764861,66,0,,false,6,9,3,3,GARGOYLE:6;SPIDER:11,GARGOYLE:6;SPIDER:11
385,0,0,true,,,utility,curriculum_pass,3,75,83529612042,83529590183,10,0,GREEN,false,5,0,2,2,ASSASSIN:7;GOBLIN:8,ASSASSIN:7;GOBLIN:8
386,0,0,true,,,curriculum_pass,utility,3,75,83529612042,83529590183,11,0,BLUE,false,0,7,2,2,ASSASSIN:7;GOBLIN:8,ASSASSIN:7;GOBLIN:8
387,0,0,true,,,utility,curriculum_pass,3,75,83529619961,83529566036,14,0,GREEN,false,9,0,3,3,GOBLIN:2;SCORPION_RIDER:6;SPIDER:7,GOBLIN:2;SCORPION_RIDER:6;SPIDER:7
388,0,0,true,,,curriculum_pass,utility,3,75,83529619961,83529566036,17,0,BLUE,false,0,6,3,3,GOBLIN:2;SCORPION_RIDER:6;SPIDER:7,GOBLIN:2;SCORPION_RIDER:6;SPIDER:7
389,0,0,true,,,utility,curriculum_pass,3,75,83529627880,83529573957,63,0,,false,13,10,3,3,GOBLIN:11;SCORPION_RIDER:5,GOBLIN:11;SCORPION_RIDER:5
390,0,0,true,,,curriculum_pass,utility,3,75,83529627880,83529573957,35,0,BLUE,false,0,7,3,3,GOBLIN:11;SCORPION_RIDER:5,GOBLIN:11;SCORPION_RIDER:5
391,0,0,true,,,utility,curriculum_pass,3,75,145068161042,145068172991,20,0,GREEN,false,4,0,3,3,GOBLIN:7;SCORPION_RIDER:6;SPIDER:2,GOBLIN:7;SCORPION_RIDER:6;SPIDER:2
392,0,0,true,,,curriculum_pass,utility,3,75,145068161042,145068172991,19,0,BLUE,false,0,5,3,3,GOBLIN:7;SCORPION_RIDER:6;SPIDER:2,GOBLIN:7;SCORPION_RIDER:6;SPIDER:2
393,0,0,true,,,utility,curriculum_pass,3,75,145068168961,145068149164,48,0,,false,15,15,2,2,GOBLIN:11;GOLEM:4,GOBLIN:11;GOLEM:4
394,0,0,true,,,curriculum_pass,utility,3,75,145068168961,145068149164,48,0,,false,15,15,2,2,GOBLIN:11;GOLEM:4,GOBLIN:11;GOLEM:4
395,0,0,true,,,utility,curriculum_pass,3,75,145068176880,145068157789,48,0,,false,17,17,4,4,ARCHER:1;GOBLIN:13;GOLEM:3,ARCHER:1;GOBLIN:13;GOLEM:3
396,0,0,true,,,curriculum_pass,utility,3,75,145068176880,145068157789,201,0,,true,6,16,4,4,ARCHER:1;GOBLIN:13;GOLEM:3,ARCHER:1;GOBLIN:13;GOLEM:3
397,0,0,true,,,utility,curriculum_pass,3,75,145068184799,145068132978,22,0,GREEN,false,4,0,3,3,GOBLIN:1;SCORPION_RIDER:9,GOBLIN:1;SCORPION_RIDER:9
398,0,0,true,,,curriculum_pass,utility,3,75,145068184799,145068132978,58,0,,false,6,10,3,3,GOBLIN:1;SCORPION_RIDER:9,GOBLIN:1;SCORPION_RIDER:9
399,0,0,true,,,utility,curriculum_pass,3,75,83537531042,83537513999,48,0,,false,19,19,3,3,ARCHER:6;GOBLIN:12;SPIDER:1,ARCHER:6;GOBLIN:12;SPIDER:1
400,0,0,true,,,curriculum_pass,utility,3,75,83537531042,83537513999,19,0,BLUE,false,0,18,3,3,ARCHER:6;GOBLIN:12;SPIDER:1,ARCHER:6;GOBLIN:12;SPIDER:1
401,0,0,true,,,utility,curriculum_pass,3,75,83537538961,83537523004,57,0,,false,14,11,2,2,ARCHER:7;SPIDER:11,ARCHER:7;SPIDER:11
402,0,0,true,,,curriculum_pass,utility,3,75,83537538961,83537523004,56,0,,false,7,18,2,2,ARCHER:7;SPIDER:11,ARCHER:7;SPIDER:11
403,0,0,true,,,utility,curriculum_pass,3,75,83537546880,83537498157,48,0,,false,11,11,3,3,GARGOYLE:5;SCORPION_RIDER:4;SPIDER:2,GARGOYLE:5;SCORPION_RIDER:4;SPIDER:2
404,0,0,true,,,curriculum_pass,utility,3,75,83537546880,83537498157,70,0,,false,4,8,3,3,GARGOYLE:5;SCORPION_RIDER:4;SPIDER:2,GARGOYLE:5;SCORPION_RIDER:4;SPIDER:2
405,0,0,true,,,utility,curriculum_pass,3,75,83545450042,83545471127,55,0,,false,11,8,3,3,ARCHER:3;ASSASSIN:3;GARGOYLE:5,ARCHER:3;ASSASSIN:3;GARGOYLE:5
406,0,0,true,,,curriculum_pass,utility,3,75,83545450042,83545471127,56,0,,false,8,10,3,3,ARCHER:3;ASSASSIN:3;GARGOYLE:5,ARCHER:3;ASSASSIN:3;GARGOYLE:5
407,0,0,true,,,utility,curriculum_pass,3,75,83545457961,83545447300,60,0,GREEN,false,8,0,3,3,ASSASSIN:3;SCORPION_RIDER:6;SPIDER:2,ASSASSIN:3;SCORPION_RIDER:6;SPIDER:2
408,0,0,true,,,curriculum_pass,utility,3,75,83545457961,83545447300,60,0,,false,6,10,3,3,ASSASSIN:3;SCORPION_RIDER:6;SPIDER:2,ASSASSIN:3;SCORPION_RIDER:6;SPIDER:2
409,0,0,true,,,utility,curriculum_pass,3,75,83545465880,83545455285,48,0,,false,9,9,4,4,GOLEM:1;MAGE:1;SCORPION_RIDER:7,GOLEM:1;MAGE:1;SCORPION_RIDER:7
410,0,0,true,,,curriculum_pass,utility,3,75,83545465880,83545455285,19,0,BLUE,false,0,6,4,4,GOLEM:1;MAGE:1;SCORPION_RIDER:7,GOLEM:1;MAGE:1;SCORPION_RIDER:7
411,0,0,true,,,utility,curriculum_pass,3,75,83553369042,83553412479,12,0,GREEN,false,3,0,3,3,ASSASSIN:10;SPIDER:1,ASSASSIN:10;SPIDER:1
412,0,0,true,,,curriculum_pass,utility,3,75,83553369042,83553412479,11,0,BLUE,false,0,5,3,3,ASSASSIN:10;SPIDER:1,ASSASSIN:10;SPIDER:1
413,0,0,true,,,utility,curriculum_pass,3,75,83553376961,83553387628,53,0,,false,19,19,4,4,ASSASSIN:3;GOBLIN:5;SPIDER:13,ASSASSIN:3;GOBLIN:5;SPIDER:13
414,0,0,true,,,curriculum_pass,utility,3,75,83553376961,83553387628,17,0,BLUE,false,0,14,4,4,ASSASSIN:3;GOBLIN:5;SPIDER:13,ASSASSIN:3;GOBLIN:5;SPIDER:13
415,0,0,true,,,utility,curriculum_pass,3,75,83553384880,83553396509,67,0,,false,8,2,2,2,MAGE:7;SPIDER:8,MAGE:7;SPIDER:8
416,0,0,true,,,curriculum_pass,utility,3,75,83553384880,83553396509,48,0,,false,15,15,2,2,MAGE:7;SPIDER:8,MAGE:7;SPIDER:8
417,0,0,true,,,utility,curriculum_pass,3,75,44678998042,44679018167,48,0,,false,11,11,3,3,ARCHER:7;GOBLIN:1;GOLEM:3,ARCHER:7;GOBLIN:1;GOLEM:3
418,0,0,true,,,curriculum_pass,utility,3,75,44678998042,44679018167,48,0,,false,11,11,3,3,ARCHER:7;GOBLIN:1;GOLEM:3,ARCHER:7;GOBLIN:1;GOLEM:3
419,0,0,true,,,utility,curriculum_pass,3,75,44686917042,44686959391,12,0,GREEN,false,7,0,2,2,ARCHER:4;MAGE:7,ARCHER:4;MAGE:7
420,0,0,true,,,curriculum_pass,utility,3,75,44686917042,44686959391,48,0,,false,11,11,2,2,ARCHER:4;MAGE:7,ARCHER:4;MAGE:7
421,0,0,true,,,utility,curriculum_pass,3,75,44694836042,44694883815,48,0,,false,19,19,2,2,GARGOYLE:4;SPIDER:15,GARGOYLE:4;SPIDER:15
422,0,0,true,,,curriculum_pass,utility,3,75,44694836042,44694883815,48,0,,false,19,19,2,2,GARGOYLE:4;SPIDER:15,GARGOYLE:4;SPIDER:15
423,0,0,true,,,utility,curriculum_pass,3,75,44702755042,44702709327,48,0,,false,9,9,2,2,GOLEM:4;MAGE:5,GOLEM:4;MAGE:5
424,0,0,true,,,curriculum_pass,utility,3,75,44702755042,44702709327,62,0,,false,4,6,2,2,GOLEM:4;MAGE:5,GOLEM:4;MAGE:5
425,0,0,true,,,utility,curriculum_pass,3,75,44710674042,44710650071,48,0,,false,24,24,3,3,ARCHER:1;GOBLIN:12;SPIDER:11,ARCHER:1;GOBLIN:12;SPIDER:11
426,0,0,true,,,curriculum_pass,utility,3,75,44710674042,44710650071,48,0,,false,24,24,3,3,ARCHER:1;GOBLIN:12;SPIDER:11,ARCHER:1;GOBLIN:12;SPIDER:11
427,0,0,true,,,utility,curriculum_pass,3,75,44718593042,44718574271,48,0,,false,15,15,2,2,GOBLIN:11;GOLEM:4,GOBLIN:11;GOLEM:4
428,0,0,true,,,curriculum_pass,utility,3,75,44718593042,44718574271,48,0,,false,15,15,2,2,GOBLIN:11;GOLEM:4,GOBLIN:11;GOLEM:4
429,0,0,true,,,utility,curriculum_pass,3,75,84273998042,84274050679,10,0,GREEN,false,6,0,3,3,ASSASSIN:8;MAGE:2;SPIDER:1,ASSASSIN:8;MAGE:2;SPIDER:1
430,0,0,true,,,curriculum_pass,utility,3,75,84273998042,84274050679,7,0,BLUE,false,0,9,3,3,ASSASSIN:8;MAGE:2;SPIDER:1,ASSASSIN:8;MAGE:2;SPIDER:1
431,0,0,true,,,utility,curriculum_pass,3,75,84274005961,84274026852,48,0,,false,10,10,3,3,ARCHER:1;GARGOYLE:4;SCORPION_RIDER:5,ARCHER:1;GARGOYLE:4;SCORPION_RIDER:5
432,0,0,true,,,curriculum_pass,utility,3,75,84274005961,84274026852,48,0,,false,10,10,3,3,ARCHER:1;GARGOYLE:4;SCORPION_RIDER:5,ARCHER:1;GARGOYLE:4;SCORPION_RIDER:5
433,0,0,true,,,utility,curriculum_pass,3,75,84274013880,84274034709,71,0,,false,11,1,3,3,ARCHER:7;GOBLIN:10;SPIDER:1,ARCHER:7;GOBLIN:10;SPIDER:1
434,0,0,true,,,curriculum_pass,utility,3,75,84274013880,84274034709,48,0,,false,18,18,3,3,ARCHER:7;GOBLIN:10;SPIDER:1,ARCHER:7;GOBLIN:10;SPIDER:1
435,0,0,true,,,utility,curriculum_pass,3,75,84281917042,84281860319,22,0,GREEN,false,12,0,3,3,GOBLIN:1;SCORPION_RIDER:6;SPIDER:8,GOBLIN:1;SCORPION_RIDER:6;SPIDER:8
436,0,0,true,,,curriculum_pass,utility,3,75,84281917042,84281860319,48,0,,false,15,15,3,3,GOBLIN:1;SCORPION_RIDER:6;SPIDER:8,GOBLIN:1;SCORPION_RIDER:6;SPIDER:8
437,0,0,true,,,utility,curriculum_pass,3,75,84281924961,84281967564,42,0,GREEN,false,15,0,3,3,ARCHER:6;SPIDER:13,ARCHER:6;SPIDER:13
438,0,0,true,,,curriculum_pass,utility,3,75,84281924961,84281967564,48,0,,false,19,19,3,3,ARCHER:6;SPIDER:13,ARCHER:6;SPIDER:13
439,0,0,true,,,utility,curriculum_pass,3,75,84281932880,84281975549,65,0,,false,17,13,3,3,GOBLIN:1;SPIDER:24,GOBLIN:1;SPIDER:24
440,0,0,true,,,curriculum_pass,utility,3,75,84281932880,84281975549,48,0,,false,25,25,3,3,GOBLIN:1;SPIDER:24,GOBLIN:1;SPIDER:24
441,0,0,true,,,utility,curriculum_pass,3,75,84289836042,84289784487,48,0,,false,25,25,2,2,GOBLIN:12;SPIDER:13,GOBLIN:12;SPIDER:13
442,0,0,true,,,curriculum_pass,utility,3,75,84289836042,84289784487,48,0,,false,25,25,2,2,GOBLIN:12;SPIDER:13,GOBLIN:12;SPIDER:13
443,0,0,true,,,utility,curriculum_pass,3,75,84289843961,84289793108,69,0,,false,4,1,4,4,ARCHER:8;GOBLIN:1;GOLEM:2;SPIDER:1,ARCHER:8;GOBLIN:1;GOLEM:2;SPIDER:1
444,0,0,true,,,curriculum_pass,utility,3,75,84289843961,84289793108,48,0,,false,12,12,4,4,ARCHER:8;GOBLIN:1;GOLEM:2;SPIDER:1,ARCHER:8;GOBLIN:1;GOLEM:2;SPIDER:1
445,0,0,true,,,utility,curriculum_pass,3,75,84289851880,84289900357,53,0,,false,7,6,3,3,ASSASSIN:10;SPIDER:1,ASSASSIN:10;SPIDER:1
446,0,0,true,,,curriculum_pass,utility,3,75,84289851880,84289900357,7,0,BLUE,false,0,4,3,3,ASSASSIN:10;SPIDER:1,ASSASSIN:10;SPIDER:1
447,0,0,true,,,utility,curriculum_pass,3,75,84297755042,84297742095,48,0,,false,11,11,2,2,ARCHER:4;MAGE:7,ARCHER:4;MAGE:7
448,0,0,true,,,curriculum_pass,utility,3,75,84297755042,84297742095,48,0,,false,11,11,2,2,ARCHER:4;MAGE:7,ARCHER:4;MAGE:7
449,0,0,true,,,utility,curriculum_pass,3,75,84297762961,84297717308,12,0,GREEN,false,4,0,3,3,ASSASSIN:8;SCORPION_RIDER:2;SPIDER:1,ASSASSIN:8;SCORPION_RIDER:2;SPIDER:1
450,0,0,true,,,curriculum_pass,utility,3,75,84297762961,84297717308,21,0,BLUE,false,0,3,3,3,ASSASSIN:8;SCORPION_RIDER:2;SPIDER:1,ASSASSIN:8;SCORPION_RIDER:2;SPIDER:1
451,0,0,true,,,utility,curriculum_pass,3,75,84297770880,84297726253,8,0,GREEN,false,7,0,2,2,ARCHER:3;ASSASSIN:8,ARCHER:3;ASSASSIN:8
452,0,0,true,,,curriculum_pass,utility,3,75,84297770880,84297726253,7,0,BLUE,false,0,8,2,2,ARCHER:3;ASSASSIN:8,ARCHER:3;ASSASSIN:8
453,0,0,true,,,utility,curriculum_pass,3,75,145836304042,145836324871,57,0,,false,5,8,2,2,GOLEM:4;MAGE:5,GOLEM:4;MAGE:5
454,0,0,true,,,curriculum_pass,utility,3,75,145836304042,145836324871,48,0,,false,9,9,2,2,GOLEM:4;MAGE:5,GOLEM:4;MAGE:5
455,0,0,true,,,utility,curriculum_pass,3,75,145836311961,145836301108,10,0,GREEN,false,10,0,2,2,ASSASSIN:7;SPIDER:8,ASSASSIN:7;SPIDER:8
456,0,0,true,,,curriculum_pass,utility,3,75,145836311961,145836301108,9,0,BLUE,false,0,11,2,2,ASSASSIN:7;SPIDER:8,ASSASSIN:7;SPIDER:8
457,0,0,true,,,utility,curriculum_pass,3,75,145836319880,145836309029,48,0,,false,11,11,3,3,GARGOYLE:2;MAGE:8;SPIDER:1,GARGOYLE:2;MAGE:8;SPIDER:1
458,0,0,true,,,curriculum_pass,utility,3,75,145836319880,145836309029,66,0,,false,3,5,3,3,GARGOYLE:2;MAGE:8;SPIDER:1,GARGOYLE:2;MAGE:8;SPIDER:1
459,0,0,true,,,utility,curriculum_pass,3,75,145836327799,145836285402,48,0,,false,10,10,3,3,GOBLIN:1;SCORPION_RIDER:9,GOBLIN:1;SCORPION_RIDER:9
460,0,0,true,,,curriculum_pass,utility,3,75,145836327799,145836285402,60,0,,false,9,8,3,3,GOBLIN:1;SCORPION_RIDER:9,GOBLIN:1;SCORPION_RIDER:9
461,0,0,true,,,utility,curriculum_pass,3,75,84305674042,84305682839,48,0,,false,15,15,3,3,GOLEM:4;SPIDER:11,GOLEM:4;SPIDER:11
462,0,0,true,,,curriculum_pass,utility,3,75,84305674042,84305682839,48,0,,false,15,15,3,3,GOLEM:4;SPIDER:11,GOLEM:4;SPIDER:11
463,0,0,true,,,utility,curriculum_pass,3,75,84305681961,84305657988,48,0,,false,18,18,3,3,GARGOYLE:5;GOBLIN:13,GARGOYLE:5;GOBLIN:13
464,0,0,true,,,curriculum_pass,utility,3,75,84305681961,84305657988,48,0,,false,18,18,3,3,GARGOYLE:5;GOBLIN:13,GARGOYLE:5;GOBLIN:13
465,0,0,true,,,utility,curriculum_pass,3,75,84305689880,84305666997,26,0,GREEN,false,6,0,3,3,GARGOYLE:5;GOBLIN:10;SCORPION_RIDER:1,GARGOYLE:5;GOBLIN:10;SCORPION_RIDER:1
466,0,0,true,,,curriculum_pass,utility,3,75,84305689880,84305666997,19,0,BLUE,false,0,8,3,3,GARGOYLE:5;GOBLIN:10;SCORPION_RIDER:1,GARGOYLE:5;GOBLIN:10;SCORPION_RIDER:1
467,0,0,true,,,utility,curriculum_pass,3,75,84313593042,84313606783,48,0,,false,10,10,3,3,GOBLIN:1;SCORPION_RIDER:9,GOBLIN:1;SCORPION_RIDER:9
468,0,0,true,,,curriculum_pass,utility,3,75,84313593042,84313606783,21,0,BLUE,false,0,6,3,3,GOBLIN:1;SCORPION_RIDER:9,GOBLIN:1;SCORPION_RIDER:9
469,0,0,true,,,utility,curriculum_pass,3,75,84313600961,84313615724,48,0,,false,17,17,2,2,GOBLIN:11;MAGE:6,GOBLIN:11;MAGE:6
470,0,0,true,,,curriculum_pass,utility,3,75,84313600961,84313615724,48,0,,false,17,17,2,2,GOBLIN:11;MAGE:6,GOBLIN:11;MAGE:6
471,0,0,true,,,utility,curriculum_pass,3,75,84313608880,84313590813,48,0,,false,18,18,3,3,GOBLIN:2;GOLEM:3;SPIDER:13,GOBLIN:2;GOLEM:3;SPIDER:13
472,0,0,true,,,curriculum_pass,utility,3,75,84313608880,84313590813,25,0,BLUE,false,0,5,3,3,GOBLIN:2;GOLEM:3;SPIDER:13,GOBLIN:2;GOLEM:3;SPIDER:13
473,0,0,true,,,utility,curriculum_pass,3,75,84321512042,84321563847,32,0,GREEN,false,7,0,3,3,GARGOYLE:5;SPIDER:13,GARGOYLE:5;SPIDER:13
474,0,0,true,,,curriculum_pass,utility,3,75,84321512042,84321563847,48,0,,false,18,18,3,3,GARGOYLE:5;SPIDER:13,GARGOYLE:5;SPIDER:13
475,0,0,true,,,utility,curriculum_pass,3,75,84321519961,84321540084,91,0,,false,3,4,3,3,ASSASSIN:5;GARGOYLE:5;GOBLIN:1,ASSASSIN:5;GARGOYLE:5;GOBLIN:1
476,0,0,true,,,curriculum_pass,utility,3,75,84321519961,84321540084,58,0,,false,10,9,3,3,ASSASSIN:5;GARGOYLE:5;GOBLIN:1,ASSASSIN:5;GARGOYLE:5;GOBLIN:1
477,0,0,true,,,utility,curriculum_pass,3,75,84321527880,84321548005,57,0,,false,23,21,4,4,GOBLIN:20;SCORPION_RIDER:1;SPIDER:2,GOBLIN:20;SCORPION_RIDER:1;SPIDER:2
478,0,0,true,,,curriculum_pass,utility,3,75,84321527880,84321548005,29,0,BLUE,false,0,10,4,4,GOBLIN:20;SCORPION_RIDER:1;SPIDER:2,GOBLIN:20;SCORPION_RIDER:1;SPIDER:2
479,0,0,true,,,utility,curriculum_pass,3,75,84329431042,84329488047,48,0,,false,10,10,3,3,ARCHER:6;GOLEM:3;SCORPION_RIDER:1,ARCHER:6;GOLEM:3;SCORPION_RIDER:1
480,0,0,true,,,curriculum_pass,utility,3,75,84329431042,84329488047,27,0,BLUE,false,0,9,3,3,ARCHER:6;GOLEM:3;SCORPION_RIDER:1,ARCHER:6;GOLEM:3;SCORPION_RIDER:1
481,0,0,true,,,utility,curriculum_pass,3,75,84329438961,84329480284,48,0,,false,12,12,3,3,ARCHER:7;GOBLIN:1;MAGE:4,ARCHER:7;GOBLIN:1;MAGE:4
482,0,0,true,,,curriculum_pass,utility,3,75,84329438961,84329480284,13,0,BLUE,false,0,7,3,3,ARCHER:7;GOBLIN:1;MAGE:4,ARCHER:7;GOBLIN:1;MAGE:4
483,0,0,true,,,utility,curriculum_pass,3,75,84329446880,84329489229,48,0,,false,14,14,2,2,GOBLIN:6;MAGE:8,GOBLIN:6;MAGE:8
484,0,0,true,,,curriculum_pass,utility,3,75,84329446880,84329489229,11,0,BLUE,false,0,13,2,2,GOBLIN:6;MAGE:8,GOBLIN:6;MAGE:8
485,0,0,true,,,utility,curriculum_pass,3,75,84337350042,84337298231,59,0,,false,8,10,3,3,ASSASSIN:7;GOBLIN:8,ASSASSIN:7;GOBLIN:8
486,0,0,true,,,curriculum_pass,utility,3,75,84337350042,84337298231,17,0,GREEN,false,1,0,3,3,ASSASSIN:7;GOBLIN:8,ASSASSIN:7;GOBLIN:8
487,0,0,true,,,utility,curriculum_pass,3,75,84337357961,84337306148,48,0,,false,9,9,2,2,GARGOYLE:5;GOLEM:4,GARGOYLE:5;GOLEM:4
488,0,0,true,,,curriculum_pass,utility,3,75,84337357961,84337306148,48,0,,false,9,9,2,2,GARGOYLE:5;GOLEM:4,GARGOYLE:5;GOLEM:4
489,0,0,true,,,utility,curriculum_pass,3,75,84337365880,84337413589,12,0,GREEN,false,10,0,3,3,ASSASSIN:3;MAGE:7;SPIDER:1,ASSASSIN:3;MAGE:7;SPIDER:1
490,0,0,true,,,curriculum_pass,utility,3,75,84337365880,84337413589,21,0,BLUE,false,0,8,3,3,ASSASSIN:3;MAGE:7;SPIDER:1,ASSASSIN:3;MAGE:7;SPIDER:1
491,0,0,true,,,utility,curriculum_pass,3,75,84345269042,84345255327,159,0,,false,10,7,3,3,ARCHER:1;GOLEM:2;MAGE:7,ARCHER:1;GOLEM:2;MAGE:7
492,0,0,true,,,curriculum_pass,utility,3,75,84345269042,84345255327,164,0,,false,7,10,3,3,ARCHER:1;GOLEM:2;MAGE:7,ARCHER:1;GOLEM:2;MAGE:7
493,0,0,true,,,utility,curriculum_pass,3,75,84345276961,84345230476,48,0,,false,21,21,3,3,ARCHER:4;SPIDER:17,ARCHER:4;SPIDER:17
494,0,0,true,,,curriculum_pass,utility,3,75,84345276961,84345230476,48,0,,false,21,21,3,3,ARCHER:4;SPIDER:17,ARCHER:4;SPIDER:17
495,0,0,true,,,utility,curriculum_pass,3,75,84345284880,84345239485,48,0,,false,18,18,3,3,GARGOYLE:5;GOBLIN:12;SPIDER:1,GARGOYLE:5;GOBLIN:12;SPIDER:1
496,0,0,true,,,curriculum_pass,utility,3,75,84345284880,84345239485,62,0,,false,11,11,3,3,GARGOYLE:5;GOBLIN:12;SPIDER:1,GARGOYLE:5;GOBLIN:12;SPIDER:1
497,0,0,true,,,utility,curriculum_pass,3,75,45470898042,45470845399,48,0,,false,12,12,3,3,ARCHER:9;MAGE:3,ARCHER:9;MAGE:3
498,0,0,true,,,curriculum_pass,utility,3,75,45470898042,45470845399,48,0,,false,12,12,3,3,ARCHER:9;MAGE:3,ARCHER:9;MAGE:3
499,0,0,true,,,utility,curriculum_pass,3,75,45478817042,45478802367,48,0,,false,11,11,3,3,GARGOYLE:3;SCORPION_RIDER:6;SPIDER:2,GARGOYLE:3;SCORPION_RIDER:6;SPIDER:2
500,0,0,true,,,curriculum_pass,utility,3,75,45478817042,45478802367,25,0,BLUE,false,0,6,3,3,GARGOYLE:3;SCORPION_RIDER:6;SPIDER:2,GARGOYLE:3;SCORPION_RIDER:6;SPIDER:2
501,0,0,true,,,utility,curriculum_pass,3,75,45486736042,45486726151,8,0,GREEN,false,6,0,3,3,ASSASSIN:8;GOBLIN:1;MAGE:2,ASSASSIN:8;GOBLIN:1;MAGE:2
502,0,0,true,,,curriculum_pass,utility,3,75,45486736042,45486726151,9,0,BLUE,false,0,8,3,3,ASSASSIN:8;GOBLIN:1;MAGE:2,ASSASSIN:8;GOBLIN:1;MAGE:2
503,0,0,true,,,utility,curriculum_pass,3,75,45494655042,45494666991,114,0,GREEN,false,7,0,3,3,ARCHER:7;GARGOYLE:4;SPIDER:1,ARCHER:7;GARGOYLE:4;SPIDER:1
504,0,0,true,,,curriculum_pass,utility,3,75,45494655042,45494666991,62,0,,false,7,11,3,3,ARCHER:7;GARGOYLE:4;SPIDER:1,ARCHER:7;GARGOYLE:4;SPIDER:1
505,0,0,true,,,utility,curriculum_pass,3,75,45502574042,45502624631,48,0,,false,17,17,2,2,GARGOYLE:6;GOBLIN:11,GARGOYLE:6;GOBLIN:11
506,0,0,true,,,curriculum_pass,utility,3,75,45502574042,45502624631,48,0,,false,17,17,2,2,GARGOYLE:6;GOBLIN:11,GARGOYLE:6;GOBLIN:11
507,0,0,true,,,utility,curriculum_pass,3,75,45510493042,45510548959,28,0,GREEN,false,3,0,2,2,ASSASSIN:5;GOLEM:4,ASSASSIN:5;GOLEM:4
508,0,0,true,,,curriculum_pass,utility,3,75,45510493042,45510548959,25,0,BLUE,false,0,3,2,2,ASSASSIN:5;GOLEM:4,ASSASSIN:5;GOLEM:4
509,0,0,true,,,utility,curriculum_pass,3,75,85065898042,85065877143,48,0,,false,15,15,3,3,GOBLIN:1;GOLEM:4;SPIDER:10,GOBLIN:1;GOLEM:4;SPIDER:10
510,0,0,true,,,curriculum_pass,utility,3,75,85065898042,85065877143,48,0,,false,15,15,3,3,GOBLIN:1;GOLEM:4;SPIDER:10,GOBLIN:1;GOLEM:4;SPIDER:10
511,0,0,true,,,utility,curriculum_pass,3,75,85065905961,85065886084,63,0,,false,9,4,3,3,GOLEM:4;SCORPION_RIDER:4;SPIDER:1,GOLEM:4;SCORPION_RIDER:4;SPIDER:1
512,0,0,true,,,curriculum_pass,utility,3,75,85065905961,85065886084,62,0,,false,4,9,3,3,GOLEM:4;SCORPION_RIDER:4;SPIDER:1,GOLEM:4;SCORPION_RIDER:4;SPIDER:1
513,0,0,true,,,utility,curriculum_pass,3,75,85065913880,85065861301,48,0,,false,19,19,3,3,GOLEM:2;MAGE:1;SPIDER:16,GOLEM:2;MAGE:1;SPIDER:16
514,0,0,true,,,curriculum_pass,utility,3,75,85065913880,85065861301,69,0,BLUE,false,0,19,3,3,GOLEM:2;MAGE:1;SPIDER:16,GOLEM:2;MAGE:1;SPIDER:16
515,0,0,true,,,utility,curriculum_pass,3,75,85073817042,85073834879,65,0,,false,9,2,3,3,ARCHER:7;GARGOYLE:1;GOBLIN:8,ARCHER:7;GARGOYLE:1;GOBLIN:8
516,0,0,true,,,curriculum_pass,utility,3,75,85073817042,85073834879,48,0,,false,16,16,3,3,ARCHER:7;GARGOYLE:1;GOBLIN:8,ARCHER:7;GARGOYLE:1;GOBLIN:8
517,0,0,true,,,utility,curriculum_pass,3,75,85073824961,85073810028,12,0,GREEN,false,6,0,3,3,ASSASSIN:8;GOBLIN:6,ASSASSIN:8;GOBLIN:6
518,0,0,true,,,curriculum_pass,utility,3,75,85073824961,85073810028,13,0,BLUE,false,0,4,3,3,ASSASSIN:8;GOBLIN:6,ASSASSIN:8;GOBLIN:6
519,0,0,true,,,utility,curriculum_pass,3,75,85073832880,85073818909,50,0,GREEN,false,9,0,3,3,ARCHER:5;GARGOYLE:6;GOBLIN:1,ARCHER:5;GARGOYLE:6;GOBLIN:1
520,0,0,true,,,curriculum_pass,utility,3,75,85073832880,85073818909,31,0,BLUE,false,0,12,3,3,ARCHER:5;GARGOYLE:6;GOBLIN:1,ARCHER:5;GARGOYLE:6;GOBLIN:1
521,0,0,true,,,utility,curriculum_pass,3,75,146612366042,146612417655,14,0,GREEN,false,11,0,2,2,SCORPION_RIDER:6;SPIDER:9,SCORPION_RIDER:6;SPIDER:9
522,0,0,true,,,curriculum_pass,utility,3,75,146612366042,146612417655,17,0,BLUE,false,0,13,2,2,SCORPION_RIDER:6;SPIDER:9,SCORPION_RIDER:6;SPIDER:9
523,0,0,true,,,utility,curriculum_pass,3,75,146612373961,146612393828,59,0,,false,4,5,2,2,GOBLIN:11;GOLEM:4,GOBLIN:11;GOLEM:4
524,0,0,true,,,curriculum_pass,utility,3,75,146612373961,146612393828,60,0,,false,4,4,2,2,GOBLIN:11;GOLEM:4,GOBLIN:11;GOLEM:4
525,0,0,true,,,utility,curriculum_pass,3,75,146612381880,146612401685,48,0,,false,25,25,3,3,GOBLIN:11;SPIDER:14,GOBLIN:11;SPIDER:14
526,0,0,true,,,curriculum_pass,utility,3,75,146612381880,146612401685,11,0,BLUE,false,0,24,3,3,GOBLIN:11;SPIDER:14,GOBLIN:11;SPIDER:14
527,0,0,true,,,utility,curriculum_pass,3,75,146612389799,146612377866,71,0,,false,3,3,3,3,GOLEM:4;SCORPION_RIDER:4;SPIDER:1,GOLEM:4;SCORPION_RIDER:4;SPIDER:1
528,0,0,true,,,curriculum_pass,utility,3,75,146612389799,146612377866,17,0,BLUE,false,0,8,3,3,GOLEM:4;SCORPION_RIDER:4;SPIDER:1,GOLEM:4;SCORPION_RIDER:4;SPIDER:1
529,0,0,true,,,utility,curriculum_pass,3,75,85081736042,85081759175,48,0,,false,12,12,4,4,ARCHER:6;GARGOYLE:5;SPIDER:1,ARCHER:6;GARGOYLE:5;SPIDER:1
530,0,0,true,,,curriculum_pass,utility,3,75,85081736042,85081759175,48,0,,false,12,12,4,4,ARCHER:6;GARGOYLE:5;SPIDER:1,ARCHER:6;GARGOYLE:5;SPIDER:1
531,0,0,true,,,utility,curriculum_pass,3,75,85081743961,85081767156,57,0,,false,11,10,3,3,ARCHER:8;GOLEM:2;MAGE:1,ARCHER:8;GOLEM:2;MAGE:1
532,0,0,true,,,curriculum_pass,utility,3,75,85081743961,85081767156,17,0,BLUE,false,0,5,3,3,ARCHER:8;GOLEM:2;MAGE:1,ARCHER:8;GOLEM:2;MAGE:1
533,0,0,true,,,utility,curriculum_pass,3,75,85081751880,85081743333,10,0,GREEN,false,6,0,2,2,ARCHER:4;ASSASSIN:7,ARCHER:4;ASSASSIN:7
534,0,0,true,,,curriculum_pass,utility,3,75,85081751880,85081743333,9,0,BLUE,false,0,7,2,2,ARCHER:4;ASSASSIN:7,ARCHER:4;ASSASSIN:7
535,0,0,true,,,utility,curriculum_pass,3,75,85089655042,85089699759,48,0,,false,19,19,3,3,ARCHER:1;SCORPION_RIDER:3;SPIDER:15,ARCHER:1;SCORPION_RIDER:3;SPIDER:15
536,0,0,true,,,curriculum_pass,utility,3,75,85089655042,85089699759,48,0,,false,19,19,3,3,ARCHER:1;SCORPION_RIDER:3;SPIDER:15,ARCHER:1;SCORPION_RIDER:3;SPIDER:15
537,0,0,true,,,utility,curriculum_pass,3,75,85089662961,85089708380,48,0,,false,11,11,3,3,GARGOYLE:6;GOBLIN:1;MAGE:4,GARGOYLE:6;GOBLIN:1;MAGE:4
538,0,0,true,,,curriculum_pass,utility,3,75,85089662961,85089708380,25,0,BLUE,false,0,11,3,3,GARGOYLE:6;GOBLIN:1;MAGE:4,GARGOYLE:6;GOBLIN:1;MAGE:4
539,0,0,true,,,utility,curriculum_pass,3,75,85089670880,85089683533,16,0,GREEN,false,4,0,3,3,MAGE:10;SPIDER:1,MAGE:10;SPIDER:1
540,0,0,true,,,curriculum_pass,utility,3,75,85089670880,85089683533,17,0,BLUE,false,0,5,3,3,MAGE:10;SPIDER:1,MAGE:10;SPIDER:1
541,0,0,true,,,utility,curriculum_pass,3,75,85097574042,85097525303,48,0,,false,25,25,2,2,GOBLIN:11;SPIDER:14,GOBLIN:11;SPIDER:14
542,0,0,true,,,curriculum_pass,utility,3,75,85097574042,85097525303,48,0,,false,25,25,2,2,GOBLIN:11;SPIDER:14,GOBLIN:11;SPIDER:14
543,0,0,true,,,utility,curriculum_pass,3,75,85097581961,85097632548,53,0,,false,21,19,3,3,ASSASSIN:3;SPIDER:18,ASSASSIN:3;SPIDER:18
544,0,0,true,,,curriculum_pass,utility,3,75,85097581961,85097632548,21,0,BLUE,false,0,5,3,3,ASSASSIN:3;SPIDER:18,ASSASSIN:3;SPIDER:18
545,0,0,true,,,utility,curriculum_pass,3,75,85097589880,85097640661,18,0,GREEN,false,10,0,2,2,GARGOYLE:5;SCORPION_RIDER:5,GARGOYLE:5;SCORPION_RIDER:5
546,0,0,true,,,curriculum_pass,utility,3,75,85097589880,85097640661,62,0,,false,5,9,2,2,GARGOYLE:5;SCORPION_RIDER:5,GARGOYLE:5;SCORPION_RIDER:5
547,0,0,true,,,utility,curriculum_pass,3,75,85105493042,85105449631,48,0,,false,11,11,4,4,ARCHER:1;GOBLIN:1;GOLEM:1;MAGE:8,ARCHER:1;GOBLIN:1;GOLEM:1;MAGE:8
548,0,0,true,,,curriculum_pass,utility,3,75,85105493042,85105449631,48,0,,false,11,11,4,4,ARCHER:1;GOBLIN:1;GOLEM:1;MAGE:8,ARCHER:1;GOBLIN:1;GOLEM:1;MAGE:8
549,0,0,true,,,utility,curriculum_pass,3,75,85105500961,85105458572,42,0,GREEN,false,14,0,3,3,ASSASSIN:3;GOBLIN:11;MAGE:3,ASSASSIN:3;GOBLIN:11;MAGE:3
550,0,0,true,,,curriculum_pass,utility,3,75,85105500961,85105458572,17,0,BLUE,false,0,12,3,3,ASSASSIN:3;GOBLIN:11;MAGE:3,ASSASSIN:3;GOBLIN:11;MAGE:3
551,0,0,true,,,utility,curriculum_pass,3,75,85105508880,85105564861,16,0,GREEN,false,3,0,3,3,ASSASSIN:4;GOBLIN:2;SCORPION_RIDER:5,ASSASSIN:4;GOBLIN:2;SCORPION_RIDER:5
552,0,0,true,,,curriculum_pass,utility,3,75,85105508880,85105564861,15,0,BLUE,false,0,5,3,3,ASSASSIN:4;GOBLIN:2;SCORPION_RIDER:5,ASSASSIN:4;GOBLIN:2;SCORPION_RIDER:5
553,0,0,true,,,utility,curriculum_pass,3,75,146644042042,146644033431,14,0,GREEN,false,5,0,3,3,ARCHER:8;ASSASSIN:1;GOLEM:2,ARCHER:8;ASSASSIN:1;GOLEM:2
554,0,0,true,,,curriculum_pass,utility,3,75,146644042042,146644033431,11,0,BLUE,false,0,10,3,3,ARCHER:8;ASSASSIN:1;GOLEM:2,ARCHER:8;ASSASSIN:1;GOLEM:2
555,0,0,true,,,utility,curriculum_pass,3,75,146644049961,146644041348,16,0,GREEN,false,9,0,3,3,GARGOYLE:2;MAGE:8;SPIDER:1,GARGOYLE:2;MAGE:8;SPIDER:1
556,0,0,true,,,curriculum_pass,utility,3,75,146644049961,146644041348,48,0,,false,11,11,3,3,GARGOYLE:2;MAGE:8;SPIDER:1,GARGOYLE:2;MAGE:8;SPIDER:1
557,0,0,true,,,utility,curriculum_pass,3,75,146644057880,146644033973,48,0,,false,13,13,3,3,GARGOYLE:9;GOBLIN:4,GARGOYLE:9;GOBLIN:4
558,0,0,true,,,curriculum_pass,utility,3,75,146644057880,146644033973,56,0,,false,13,13,3,3,GARGOYLE:9;GOBLIN:4,GARGOYLE:9;GOBLIN:4
559,0,0,true,,,utility,curriculum_pass,3,75,146644065799,146644009130,57,0,,false,9,7,3,3,ARCHER:7;ASSASSIN:4;SPIDER:1,ARCHER:7;ASSASSIN:4;SPIDER:1
560,0,0,true,,,curriculum_pass,utility,3,75,146644065799,146644009130,9,0,BLUE,false,0,6,3,3,ARCHER:7;ASSASSIN:4;SPIDER:1,ARCHER:7;ASSASSIN:4;SPIDER:1
561,0,0,true,,,utility,curriculum_pass,3,75,85113412042,85113390951,26,0,GREEN,false,7,0,3,3,GARGOYLE:4;SPIDER:15,GARGOYLE:4;SPIDER:15
562,0,0,true,,,curriculum_pass,utility,3,75,85113412042,85113390951,45,0,BLUE,false,0,4,3,3,GARGOYLE:4;SPIDER:15,GARGOYLE:4;SPIDER:15
563,0,0,true,,,utility,curriculum_pass,3,75,85113419961,85113398804,8,0,GREEN,false,10,0,2,2,ARCHER:4;ASSASSIN:7,ARCHER:4;ASSASSIN:7
564,0,0,true,,,curriculum_pass,utility,3,75,85113419961,85113398804,11,0,BLUE,false,0,9,2,2,ARCHER:4;ASSASSIN:7,ARCHER:4;ASSASSIN:7
565,0,0,true,,,utility,curriculum_pass,3,75,85113427880,85113374981,55,0,,false,5,6,2,2,ASSASSIN:5;SCORPION_RIDER:5,ASSASSIN:5;SCORPION_RIDER:5
566,0,0,true,,,curriculum_pass,utility,3,75,85113427880,85113374981,58,0,,false,2,3,2,2,ASSASSIN:5;SCORPION_RIDER:5,ASSASSIN:5;SCORPION_RIDER:5
567,0,0,true,,,utility,curriculum_pass,3,75,146651961042,146651973759,14,0,GREEN,false,9,0,3,3,ARCHER:5;GOLEM:4;SPIDER:1,ARCHER:5;GOLEM:4;SPIDER:1
568,0,0,true,,,curriculum_pass,utility,3,75,146651961042,146651973759,23,0,BLUE,false,0,6,3,3,ARCHER:5;GOLEM:4;SPIDER:1,ARCHER:5;GOLEM:4;SPIDER:1
569,0,0,true,,,utility,curriculum_pass,3,75,146651968961,146651982700,48,0,,false,11,11,3,3,GARGOYLE:3;MAGE:7;SPIDER:1,GARGOYLE:3;MAGE:7;SPIDER:1
570,0,0,true,,,curriculum_pass,utility,3,75,146651968961,146651982700,48,0,,false,11,11,3,3,GARGOYLE:3;MAGE:7;SPIDER:1,GARGOYLE:3;MAGE:7;SPIDER:1
571,0,0,true,,,utility,curriculum_pass,3,75,146651976880,146651957789,10,0,GREEN,false,12,0,3,3,ARCHER:3;SCORPION_RIDER:6;SPIDER:3,ARCHER:3;SCORPION_RIDER:6;SPIDER:3
572,0,0,true,,,curriculum_pass,utility,3,75,146651976880,146651957789,11,0,BLUE,false,0,12,3,3,ARCHER:3;SCORPION_RIDER:6;SPIDER:3,ARCHER:3;SCORPION_RIDER:6;SPIDER:3
573,0,0,true,,,utility,curriculum_pass,3,75,146651984799,146651966770,28,0,GREEN,false,9,0,3,3,GARGOYLE:6;GOLEM:3;SPIDER:1,GARGOYLE:6;GOLEM:3;SPIDER:1
574,0,0,true,,,curriculum_pass,utility,3,75,146651984799,146651966770,84,0,,false,3,9,3,3,GARGOYLE:6;GOLEM:3;SPIDER:1,GARGOYLE:6;GOLEM:3;SPIDER:1
575,0,0,true,,,utility,curriculum_pass,3,75,85121331042,85121348047,59,0,,false,8,6,3,3,ASSASSIN:4;GARGOYLE:6;GOBLIN:1,ASSASSIN:4;GARGOYLE:6;GOBLIN:1
576,0,0,true,,,curriculum_pass,utility,3,75,85121331042,85121348047,96,0,,false,3,4,3,3,ASSASSIN:4;GARGOYLE:6;GOBLIN:1,ASSASSIN:4;GARGOYLE:6;GOBLIN:1
577,0,0,true,,,utility,curriculum_pass,3,75,85121338961,85121323260,48,0,,false,18,18,3,3,GARGOYLE:5;GOBLIN:12;SPIDER:1,GARGOYLE:5;GOBLIN:12;SPIDER:1
578,0,0,true,,,curriculum_pass,utility,3,75,85121338961,85121323260,48,0,,false,18,18,3,3,GARGOYLE:5;GOBLIN:12;SPIDER:1,GARGOYLE:5;GOBLIN:12;SPIDER:1
579,0,0,true,,,utility,curriculum_pass,3,75,85121346880,85121332205,8,0,GREEN,false,9,0,3,3,ARCHER:7;ASSASSIN:4;GOBLIN:1,ARCHER:7;ASSASSIN:4;GOBLIN:1
580,0,0,true,,,curriculum_pass,utility,3,75,85121346880,85121332205,58,0,,false,4,10,3,3,ARCHER:7;ASSASSIN:4;GOBLIN:1,ARCHER:7;ASSASSIN:4;GOBLIN:1
581,0,0,true,,,utility,curriculum_pass,3,75,85129250042,85129271895,18,0,GREEN,false,4,0,3,3,ARCHER:1;ASSASSIN:7;GOLEM:2,ARCHER:1;ASSASSIN:7;GOLEM:2
582,0,0,true,,,curriculum_pass,utility,3,75,85129250042,85129271895,17,0,BLUE,false,0,5,3,3,ARCHER:1;ASSASSIN:7;GOLEM:2,ARCHER:1;ASSASSIN:7;GOLEM:2
583,0,0,true,,,utility,curriculum_pass,3,75,85129257961,85129280836,16,0,GREEN,false,5,0,3,3,ASSASSIN:6;GARGOYLE:4;GOBLIN:1,ASSASSIN:6;GARGOYLE:4;GOBLIN:1
584,0,0,true,,,curriculum_pass,utility,3,75,85129257961,85129280836,68,0,,false,8,5,3,3,ASSASSIN:6;GARGOYLE:4;GOBLIN:1,ASSASSIN:6;GARGOYLE:4;GOBLIN:1
585,0,0,true,,,utility,curriculum_pass,3,75,85129265880,85129256053,57,0,,false,9,8,2,2,ARCHER:3;MAGE:8,ARCHER:3;MAGE:8
586,0,0,true,,,curriculum_pass,utility,3,75,85129265880,85129256053,48,0,,false,11,11,2,2,ARCHER:3;MAGE:8,ARCHER:3;MAGE:8
587,0,0,true,,,utility,curriculum_pass,3,75,85137169042,85137212479,48,0,,false,17,17,3,3,GOBLIN:10;MAGE:6;SPIDER:1,GOBLIN:10;MAGE:6;SPIDER:1
588,0,0,true,,,curriculum_pass,utility,3,75,85137169042,85137212479,48,0,,false,17,17,3,3,GOBLIN:10;MAGE:6;SPIDER:1,GOBLIN:10;MAGE:6;SPIDER:1
589,0,0,true,,,utility,curriculum_pass,3,75,85137176961,85137221420,28,0,GREEN,false,8,0,4,4,ARCHER:8;MAGE:2;SCORPION_RIDER:1;SPIDER:1,ARCHER:8;MAGE:2;SCORPION_RIDER:1;SPIDER:1
590,0,0,true,,,curriculum_pass,utility,3,75,85137176961,85137221420,62,0,,false,7,11,4,4,ARCHER:8;MAGE:2;SCORPION_RIDER:1;SPIDER:1,ARCHER:8;MAGE:2;SCORPION_RIDER:1;SPIDER:1
591,0,0,true,,,utility,curriculum_pass,3,75,85137184880,85137196765,82,0,GREEN,false,12,0,4,4,ARCHER:7;GOBLIN:10;SPIDER:1,ARCHER:7;GOBLIN:10;SPIDER:1
592,0,0,true,,,curriculum_pass,utility,3,75,85137184880,85137196765,27,0,BLUE,false,0,11,4,4,ARCHER:7;GOBLIN:10;SPIDER:1,ARCHER:7;GOBLIN:10;SPIDER:1
593,0,0,true,,,utility,curriculum_pass,3,75,46262798042,46262818935,12,0,GREEN,false,8,0,3,3,ARCHER:8;SCORPION_RIDER:3;SPIDER:1,ARCHER:8;SCORPION_RIDER:3;SPIDER:1
594,0,0,true,,,curriculum_pass,utility,3,75,46262798042,46262818935,17,0,BLUE,false,0,6,3,3,ARCHER:8;SCORPION_RIDER:3;SPIDER:1,ARCHER:8;SCORPION_RIDER:3;SPIDER:1
595,0,0,true,,,utility,curriculum_pass,3,75,46270717042,46270759647,130,0,GREEN,false,9,0,3,3,ARCHER:2;GARGOYLE:3;GOLEM:4,ARCHER:2;GARGOYLE:3;GOLEM:4
596,0,0,true,,,curriculum_pass,utility,3,75,46270717042,46270759647,48,0,,false,9,9,3,3,ARCHER:2;GARGOYLE:3;GOLEM:4,ARCHER:2;GARGOYLE:3;GOLEM:4
597,0,0,true,,,utility,curriculum_pass,3,75,46278636042,46278585511,48,0,,false,12,12,4,4,ARCHER:2;GOBLIN:1;MAGE:8;SPIDER:1,ARCHER:2;GOBLIN:1;MAGE:8;SPIDER:1
598,0,0,true,,,curriculum_pass,utility,3,75,46278636042,46278585511,48,0,,false,12,12,4,4,ARCHER:2;GOBLIN:1;MAGE:8;SPIDER:1,ARCHER:2;GOBLIN:1;MAGE:8;SPIDER:1
599,0,0,true,,,utility,curriculum_pass,3,75,46286555042,46286510351,63,0,,false,7,4,3,3,GOBLIN:1;MAGE:10,GOBLIN:1;MAGE:10
600,0,0,true,,,curriculum_pass,utility,3,75,46286555042,46286510351,11,0,BLUE,false,0,9,3,3,GOBLIN:1;MAGE:10,GOBLIN:1;MAGE:10
601,0,0,true,,,utility,curriculum_pass,3,75,46294474042,46294451095,55,0,,false,7,7,3,3,ASSASSIN:5;SCORPION_RIDER:4;SPIDER:2,ASSASSIN:5;SCORPION_RIDER:4;SPIDER:2
602,0,0,true,,,curriculum_pass,utility,3,75,46294474042,46294451095,60,0,,false,7,7,3,3,ASSASSIN:5;SCORPION_RIDER:4;SPIDER:2,ASSASSIN:5;SCORPION_RIDER:4;SPIDER:2
603,0,0,true,,,utility,curriculum_pass,3,75,46302393042,46302407807,48,0,,false,11,11,3,3,GARGOYLE:3;MAGE:7;SPIDER:1,GARGOYLE:3;MAGE:7;SPIDER:1
604,0,0,true,,,curriculum_pass,utility,3,75,46302393042,46302407807,56,0,,false,10,11,3,3,GARGOYLE:3;MAGE:7;SPIDER:1,GARGOYLE:3;MAGE:7;SPIDER:1
605,0,0,true,,,utility,curriculum_pass,3,75,85857798042,85857851703,48,0,,false,18,18,2,2,GARGOYLE:5;SPIDER:13,GARGOYLE:5;SPIDER:13
606,0,0,true,,,curriculum_pass,utility,3,75,85857798042,85857851703,48,0,,false,18,18,2,2,GARGOYLE:5;SPIDER:13,GARGOYLE:5;SPIDER:13
607,0,0,true,,,utility,curriculum_pass,3,75,85857805961,85857859620,59,0,,false,15,5,3,3,GOBLIN:11;SCORPION_RIDER:5,GOBLIN:11;SCORPION_RIDER:5
608,0,0,true,,,curriculum_pass,utility,3,75,85857805961,85857859620,64,0,,false,8,11,3,3,GOBLIN:11;SCORPION_RIDER:5,GOBLIN:11;SCORPION_RIDER:5
609,0,0,true,,,utility,curriculum_pass,3,75,85857813880,85857835989,48,0,,false,15,15,2,2,GOBLIN:11;GOLEM:4,GOBLIN:11;GOLEM:4
610,0,0,true,,,curriculum_pass,utility,3,75,85857813880,85857835989,58,0,,false,13,13,2,2,GOBLIN:11;GOLEM:4,GOBLIN:11;GOLEM:4
611,0,0,true,,,utility,curriculum_pass,3,75,85865717042,85865661343,48,0,,false,10,10,3,3,GARGOYLE:1;MAGE:4;SCORPION_RIDER:5,GARGOYLE:1;MAGE:4;SCORPION_RIDER:5
612,0,0,true,,,curriculum_pass,utility,3,75,85865717042,85865661343,15,0,BLUE,false,0,7,3,3,GARGOYLE:1;MAGE:4;SCORPION_RIDER:5,GARGOYLE:1;MAGE:4;SCORPION_RIDER:5
613,0,0,true,,,utility,curriculum_pass,3,75,85865724961,85865669260,48,0,,false,23,23,3,3,GOBLIN:11;MAGE:1;SPIDER:11,GOBLIN:11;MAGE:1;SPIDER:11
614,0,0,true,,,curriculum_pass,utility,3,75,85865724961,85865669260,125,0,BLUE,false,0,23,3,3,GOBLIN:11;MAGE:1;SPIDER:11,GOBLIN:11;MAGE:1;SPIDER:11
615,0,0,true,,,utility,curriculum_pass,3,75,85865732880,85865776573,51,0,,false,10,7,2,2,ASSASSIN:8;SPIDER:6,ASSASSIN:8;SPIDER:6
616,0,0,true,,,curriculum_pass,utility,3,75,85865732880,85865776573,19,0,BLUE,false,0,9,2,2,ASSASSIN:8;SPIDER:6,ASSASSIN:8;SPIDER:6
617,0,0,true,,,utility,curriculum_pass,3,75,85873636042,85873618023,67,0,,false,8,5,4,4,GARGOYLE:5;GOBLIN:1;MAGE:4;SCORPION_RIDER:1,GARGOYLE:5;GOBLIN:1;MAGE:4;SCORPION_RIDER:1
618,0,0,true,,,curriculum_pass,utility,3,75,85873636042,85873618023,201,0,,true,4,9,4,4,GARGOYLE:5;GOBLIN:1;MAGE:4;SCORPION_RIDER:1,GARGOYLE:5;GOBLIN:1;MAGE:4;SCORPION_RIDER:1
619,0,0,true,,,utility,curriculum_pass,3,75,85873643961,85873594132,48,0,,false,10,10,2,2,MAGE:7;SCORPION_RIDER:3,MAGE:7;SCORPION_RIDER:3
620,0,0,true,,,curriculum_pass,utility,3,75,85873643961,85873594132,17,0,BLUE,false,0,9,2,2,MAGE:7;SCORPION_RIDER:3,MAGE:7;SCORPION_RIDER:3
621,0,0,true,,,utility,curriculum_pass,3,75,85873651880,85873602053,18,0,GREEN,false,8,0,3,3,ASSASSIN:7;SPIDER:8,ASSASSIN:7;SPIDER:8
622,0,0,true,,,curriculum_pass,utility,3,75,85873651880,85873602053,58,0,,false,5,12,3,3,ASSASSIN:7;SPIDER:8,ASSASSIN:7;SPIDER:8
623,0,0,true,,,utility,curriculum_pass,3,75,85881555042,85881542351,48,0,,false,12,12,3,3,ARCHER:7;GOBLIN:1;MAGE:4,ARCHER:7;GOBLIN:1;MAGE:4
624,0,0,true,,,curriculum_pass,utility,3,75,85881555042,85881542351,48,0,,false,12,12,3,3,ARCHER:7;GOBLIN:1;MAGE:4,ARCHER:7;GOBLIN:1;MAGE:4
625,0,0,true,,,utility,curriculum_pass,3,75,85881562961,85881551356,48,0,,false,10,10,3,3,SCORPION_RIDER:9;SPIDER:1,SCORPION_RIDER:9;SPIDER:1
626,0,0,true,,,curriculum_pass,utility,3,75,85881562961,85881551356,19,0,BLUE,false,0,7,3,3,SCORPION_RIDER:9;SPIDER:1,SCORPION_RIDER:9;SPIDER:1
627,0,0,true,,,utility,curriculum_pass,3,75,85881570880,85881526509,91,0,,false,18,3,4,4,ARCHER:1;GOLEM:1;MAGE:2;SPIDER:15,ARCHER:1;GOLEM:1;MAGE:2;SPIDER:15
628,0,0,true,,,curriculum_pass,utility,3,75,85881570880,85881526509,48,0,,false,19,19,4,4,ARCHER:1;GOLEM:1;MAGE:2;SPIDER:15,ARCHER:1;GOLEM:1;MAGE:2;SPIDER:15
629,0,0,true,,,utility,curriculum_pass,3,75,85889474042,85889483607,55,0,,false,25,24,3,3,SPIDER:25,SPIDER:25
630,0,0,true,,,curriculum_pass,utility,3,75,85889474042,85889483607,48,0,,false,25,25,3,3,SPIDER:25,SPIDER:25
631,0,0,true,,,utility,curriculum_pass,3,75,85889481961,85889491524,55,0,,false,7,5,3,3,ASSASSIN:7;GOLEM:2;SPIDER:2,ASSASSIN:7;GOLEM:2;SPIDER:2
632,0,0,true,,,curriculum_pass,utility,3,75,85889481961,85889491524,58,0,,false,7,10,3,3,ASSASSIN:7;GOLEM:2;SPIDER:2,ASSASSIN:7;GOLEM:2;SPIDER:2
633,0,0,true,,,utility,curriculum_pass,3,75,85889489880,85889467765,14,0,GREEN,false,7,0,3,3,ARCHER:6;ASSASSIN:1;SCORPION_RIDER:4,ARCHER:6;ASSASSIN:1;SCORPION_RIDER:4
634,0,0,true,,,curriculum_pass,utility,3,75,85889489880,85889467765,21,0,BLUE,false,0,7,3,3,ARCHER:6;ASSASSIN:1;SCORPION_RIDER:4,ARCHER:6;ASSASSIN:1;SCORPION_RIDER:4
635,0,0,true,,,utility,curriculum_pass,3,75,85897393042,85897440575,20,0,GREEN,false,6,0,3,3,GARGOYLE:2;GOBLIN:1;MAGE:8,GARGOYLE:2;GOBLIN:1;MAGE:8
636,0,0,true,,,curriculum_pass,utility,3,75,85897393042,85897440575,19,0,BLUE,false,0,6,3,3,GARGOYLE:2;GOBLIN:1;MAGE:8,GARGOYLE:2;GOBLIN:1;MAGE:8
637,0,0,true,,,utility,curriculum_pass,3,75,85897400961,85897415724,48,0,,false,17,17,3,3,GARGOYLE:6;GOBLIN:1;SPIDER:10,GARGOYLE:6;GOBLIN:1;SPIDER:10
638,0,0,true,,,curriculum_pass,utility,3,75,85897400961,85897415724,48,0,,false,17,17,3,3,GARGOYLE:6;GOBLIN:1;SPIDER:10,GARGOYLE:6;GOBLIN:1;SPIDER:10
639,0,0,true,,,utility,curriculum_pass,3,75,85897408880,85897424861,14,0,GREEN,false,4,0,2,2,ASSASSIN:5;GOLEM:4,ASSASSIN:5;GOLEM:4
640,0,0,true,,,curriculum_pass,utility,3,75,85897408880,85897424861,70,0,,false,2,2,2,2,ASSASSIN:5;GOLEM:4,ASSASSIN:5;GOLEM:4
641,0,0,true,,,utility,curriculum_pass,3,75,85905312042,85905364871,20,0,GREEN,false,7,0,4,4,ASSASSIN:2;GOBLIN:7;GOLEM:4,ASSASSIN:2;GOBLIN:7;GOLEM:4
642,0,0,true,,,curriculum_pass,utility,3,75,85905312042,85905364871,80,0,,false,3,8,4,4,ASSASSIN:2;GOBLIN:7;GOLEM:4,ASSASSIN:2;GOBLIN:7;GOLEM:4
643,0,0,true,,,utility,curriculum_pass,3,75,85905319961,85905372852,55,0,,false,8,7,3,3,GOLEM:7;SPIDER:1,GOLEM:7;SPIDER:1
644,0,0,true,,,curriculum_pass,utility,3,75,85905319961,85905372852,48,0,,false,8,8,3,3,GOLEM:7;SPIDER:1,GOLEM:7;SPIDER:1
645,0,0,true,,,utility,curriculum_pass,3,75,85905327880,85905349029,8,0,GREEN,false,16,0,2,2,ASSASSIN:5;SPIDER:13,ASSASSIN:5;SPIDER:13
646,0,0,true,,,curriculum_pass,utility,3,75,85905327880,85905349029,15,0,BLUE,false,0,13,2,2,ASSASSIN:5;SPIDER:13,ASSASSIN:5;SPIDER:13
647,0,0,true,,,utility,curriculum_pass,3,75,85913231042,85913174127,48,0,,false,10,10,3,3,GOBLIN:2;GOLEM:2;SCORPION_RIDER:6,GOBLIN:2;GOLEM:2;SCORPION_RIDER:6
648,0,0,true,,,curriculum_pass,utility,3,75,85913231042,85913174127,48,0,,false,10,10,3,3,GOBLIN:2;GOLEM:2;SCORPION_RIDER:6,GOBLIN:2;GOLEM:2;SCORPION_RIDER:6
649,0,0,true,,,utility,curriculum_pass,3,75,85913238961,85913183004,59,0,,false,10,6,3,3,ASSASSIN:7;GOBLIN:1;SPIDER:7,ASSASSIN:7;GOBLIN:1;SPIDER:7
650,0,0,true,,,curriculum_pass,utility,3,75,85913238961,85913183004,19,0,BLUE,false,0,6,3,3,ASSASSIN:7;GOBLIN:1;SPIDER:7,ASSASSIN:7;GOBLIN:1;SPIDER:7
651,0,0,true,,,utility,curriculum_pass,3,75,85913246880,85913289229,12,0,GREEN,false,7,0,3,3,ARCHER:1;ASSASSIN:3;SCORPION_RIDER:6,ARCHER:1;ASSASSIN:3;SCORPION_RIDER:6
652,0,0,true,,,curriculum_pass,utility,3,75,85913246880,85913289229,9,0,BLUE,false,0,6,3,3,ARCHER:1;ASSASSIN:3;SCORPION_RIDER:6,ARCHER:1;ASSASSIN:3;SCORPION_RIDER:6
653,0,0,true,,,utility,curriculum_pass,3,75,85921150042,85921131255,59,0,,false,8,6,3,3,ASSASSIN:4;GARGOYLE:6;SPIDER:1,ASSASSIN:4;GARGOYLE:6;SPIDER:1
654,0,0,true,,,curriculum_pass,utility,3,75,85921150042,85921131255,48,0,,false,11,11,3,3,ASSASSIN:4;GARGOYLE:6;SPIDER:1,ASSASSIN:4;GARGOYLE:6;SPIDER:1
655,0,0,true,,,utility,curriculum_pass,3,75,85921157961,85921107428,10,0,GREEN,false,9,0,4,4,ARCHER:6;ASSASSIN:4;MAGE:1;SPIDER:1,ARCHER:6;ASSASSIN:4;MAGE:1;SPIDER:1
656,0,0,true,,,curriculum_pass,utility,3,75,85921157961,85921107428,17,0,BLUE,false,0,9,4,4,ARCHER:6;ASSASSIN:4;MAGE:1;SPIDER:1,ARCHER:6;ASSASSIN:4;MAGE:1;SPIDER:1
657,0,0,true,,,utility,curriculum_pass,3,75,85921165880,85921115285,48,0,,false,11,11,3,3,GOBLIN:2;MAGE:3;SCORPION_RIDER:6,GOBLIN:2;MAGE:3;SCORPION_RIDER:6
658,0,0,true,,,curriculum_pass,utility,3,75,85921165880,85921115285,70,0,,false,1,5,3,3,GOBLIN:2;MAGE:3;SCORPION_RIDER:6,GOBLIN:2;MAGE:3;SCORPION_RIDER:6
659,0,0,true,,,utility,curriculum_pass,3,75,85929069042,85929056095,24,0,GREEN,false,15,0,3,3,ASSASSIN:1;MAGE:4;SPIDER:13,ASSASSIN:1;MAGE:4;SPIDER:13
660,0,0,true,,,curriculum_pass,utility,3,75,85929069042,85929056095,25,0,BLUE,false,0,17,3,3,ASSASSIN:1;MAGE:4;SPIDER:13,ASSASSIN:1;MAGE:4;SPIDER:13
661,0,0,true,,,utility,curriculum_pass,3,75,85929076961,85929064012,48,0,,false,18,18,3,3,ARCHER:5;GARGOYLE:1;GOBLIN:12,ARCHER:5;GARGOYLE:1;GOBLIN:12
662,0,0,true,,,curriculum_pass,utility,3,75,85929076961,85929064012,17,0,BLUE,false,0,18,3,3,ARCHER:5;GARGOYLE:1;GOBLIN:12,ARCHER:5;GARGOYLE:1;GOBLIN:12
663,0,0,true,,,utility,curriculum_pass,3,75,85929084880,85929040253,28,0,GREEN,false,3,0,3,3,ASSASSIN:8;GARGOYLE:2;SPIDER:1,ASSASSIN:8;GARGOYLE:2;SPIDER:1
664,0,0,true,,,curriculum_pass,utility,3,75,85929084880,85929040253,21,0,BLUE,false,0,4,3,3,ASSASSIN:8;GARGOYLE:2;SPIDER:1,ASSASSIN:8;GARGOYLE:2;SPIDER:1
665,0,0,true,,,utility,curriculum_pass,3,75,147467618042,147467638871,85,0,,false,6,5,3,3,ASSASSIN:4;GARGOYLE:6;SPIDER:1,ASSASSIN:4;GARGOYLE:6;SPIDER:1
666,0,0,true,,,curriculum_pass,utility,3,75,147467618042,147467638871,60,0,,false,6,9,3,3,ASSASSIN:4;GARGOYLE:6;SPIDER:1,ASSASSIN:4;GARGOYLE:6;SPIDER:1
667,0,0,true,,,utility,curriculum_pass,3,75,147467625961,147467647812,14,0,GREEN,false,5,0,2,2,ASSASSIN:5;GOLEM:4,ASSASSIN:5;GOLEM:4
668,0,0,true,,,curriculum_pass,utility,3,75,147467625961,147467647812,54,0,,false,4,7,2,2,ASSASSIN:5;GOLEM:4,ASSASSIN:5;GOLEM:4
669,0,0,true,,,utility,curriculum_pass,3,75,147467633880,147467623029,18,0,GREEN,false,12,0,3,3,ARCHER:7;GARGOYLE:4;SPIDER:1,ARCHER:7;GARGOYLE:4;SPIDER:1
670,0,0,true,,,curriculum_pass,utility,3,75,147467633880,147467623029,48,0,,false,12,12,3,3,ARCHER:7;GARGOYLE:4;SPIDER:1,ARCHER:7;GARGOYLE:4;SPIDER:1
671,0,0,true,,,utility,curriculum_pass,3,75,147467641799,147467631978,53,0,,false,6,6,2,2,ASSASSIN:8;SPIDER:6,ASSASSIN:8;SPIDER:6
672,0,0,true,,,curriculum_pass,utility,3,75,147467641799,147467631978,54,0,,false,6,9,2,2,ASSASSIN:8;SPIDER:6,ASSASSIN:8;SPIDER:6
673,0,0,true,,,utility,curriculum_pass,3,75,47054698042,47054678167,10,0,GREEN,false,8,0,3,3,ASSASSIN:7;GOBLIN:1;MAGE:3,ASSASSIN:7;GOBLIN:1;MAGE:3
674,0,0,true,,,curriculum_pass,utility,3,75,47054698042,47054678167,9,0,BLUE,false,0,7,3,3,ASSASSIN:7;GOBLIN:1;MAGE:3,ASSASSIN:7;GOBLIN:1;MAGE:3
675,0,0,true,,,utility,curriculum_pass,3,75,47062617042,47062603135,48,0,,false,10,10,3,3,GARGOYLE:6;GOBLIN:1;GOLEM:3,GARGOYLE:6;GOBLIN:1;GOLEM:3
676,0,0,true,,,curriculum_pass,utility,3,75,47062617042,47062603135,48,0,,false,10,10,3,3,GARGOYLE:6;GOBLIN:1;GOLEM:3,GARGOYLE:6;GOBLIN:1;GOLEM:3
677,0,0,true,,,utility,curriculum_pass,3,75,47070536042,47070560199,59,0,,false,8,11,2,2,ARCHER:8;SPIDER:9,ARCHER:8;SPIDER:9
678,0,0,true,,,curriculum_pass,utility,3,75,47070536042,47070560199,11,0,BLUE,false,0,13,2,2,ARCHER:8;SPIDER:9,ARCHER:8;SPIDER:9
679,0,0,true,,,utility,curriculum_pass,3,75,47078455042,47078500783,48,0,,false,17,17,4,4,GARGOYLE:6;GOBLIN:10;SPIDER:1,GARGOYLE:6;GOBLIN:10;SPIDER:1
680,0,0,true,,,curriculum_pass,utility,3,75,47078455042,47078500783,48,0,,false,17,17,4,4,GARGOYLE:6;GOBLIN:10;SPIDER:1,GARGOYLE:6;GOBLIN:10;SPIDER:1
681,0,0,true,,,utility,curriculum_pass,3,75,47086374042,47086424631,65,0,,false,5,4,3,3,GOBLIN:1;GOLEM:4;SCORPION_RIDER:4,GOBLIN:1;GOLEM:4;SCORPION_RIDER:4
682,0,0,true,,,curriculum_pass,utility,3,75,47086374042,47086424631,64,0,,false,6,6,3,3,GOBLIN:1;GOLEM:4;SCORPION_RIDER:4,GOBLIN:1;GOLEM:4;SCORPION_RIDER:4
683,0,0,true,,,utility,curriculum_pass,3,75,47094293042,47094250655,48,0,,false,13,13,4,4,GOLEM:4;MAGE:2;SPIDER:7,GOLEM:4;MAGE:2;SPIDER:7
684,0,0,true,,,curriculum_pass,utility,3,75,47094293042,47094250655,48,0,,false,13,13,4,4,GOLEM:4;MAGE:2;SPIDER:7,GOLEM:4;MAGE:2;SPIDER:7
685,0,0,true,,,utility,curriculum_pass,3,75,86649698042,86649710679,65,0,,false,9,4,3,3,GOBLIN:2;GOLEM:4;MAGE:4,GOBLIN:2;GOLEM:4;MAGE:4
686,0,0,true,,,curriculum_pass,utility,3,75,86649698042,86649710679,21,0,BLUE,false,0,8,3,3,GOBLIN:2;GOLEM:4;MAGE:4,GOBLIN:2;GOLEM:4;MAGE:4
687,0,0,true,,,utility,curriculum_pass,3,75,86649705961,86649686852,12,0,GREEN,false,8,0,3,3,ASSASSIN:2;MAGE:8;SPIDER:1,ASSASSIN:2;MAGE:8;SPIDER:1
688,0,0,true,,,curriculum_pass,utility,3,75,86649705961,86649686852,11,0,BLUE,false,0,9,3,3,ASSASSIN:2;MAGE:8;SPIDER:1,ASSASSIN:2;MAGE:8;SPIDER:1
689,0,0,true,,,utility,curriculum_pass,3,75,86649713880,86649694837,48,0,,false,25,25,2,2,SPIDER:25,SPIDER:25
690,0,0,true,,,curriculum_pass,utility,3,75,86649713880,86649694837,48,0,,false,25,25,2,2,SPIDER:25,SPIDER:25
691,0,0,true,,,utility,curriculum_pass,3,75,86657617042,86657634879,48,0,,false,11,11,2,2,ARCHER:7;SCORPION_RIDER:4,ARCHER:7;SCORPION_RIDER:4
692,0,0,true,,,curriculum_pass,utility,3,75,86657617042,86657634879,48,0,,false,11,11,2,2,ARCHER:7;SCORPION_RIDER:4,ARCHER:7;SCORPION_RIDER:4
693,0,0,true,,,utility,curriculum_pass,3,75,86657624961,86657643820,12,0,GREEN,false,17,0,3,3,ARCHER:7;GOBLIN:11,ARCHER:7;GOBLIN:11
694,0,0,true,,,curriculum_pass,utility,3,75,86657624961,86657643820,19,0,BLUE,false,0,12,3,3,ARCHER:7;GOBLIN:11,ARCHER:7;GOBLIN:11
695,0,0,true,,,utility,curriculum_pass,3,75,86657632880,86657619165,48,0,,false,24,24,3,3,ARCHER:1;GOBLIN:12;SPIDER:11,ARCHER:1;GOBLIN:12;SPIDER:11
696,0,0,true,,,curriculum_pass,utility,3,75,86657632880,86657619165,27,0,BLUE,false,0,23,3,3,ARCHER:1;GOBLIN:12;SPIDER:11,ARCHER:1;GOBLIN:12;SPIDER:11
697,0,0,true,,,utility,curriculum_pass,3,75,86665536042,86665591943,48,0,,false,24,24,3,3,ARCHER:1;GOBLIN:8;SPIDER:15,ARCHER:1;GOBLIN:8;SPIDER:15
698,0,0,true,,,curriculum_pass,utility,3,75,86665536042,86665591943,112,0,,false,1,24,3,3,ARCHER:1;GOBLIN:8;SPIDER:15,ARCHER:1;GOBLIN:8;SPIDER:15
699,0,0,true,,,utility,curriculum_pass,3,75,86665543961,86665568180,48,0,,false,18,18,3,3,GOBLIN:13;MAGE:5,GOBLIN:13;MAGE:5
700,0,0,true,,,curriculum_pass,utility,3,75,86665543961,86665568180,19,0,BLUE,false,0,8,3,3,GOBLIN:13;MAGE:5,GOBLIN:13;MAGE:5
701,0,0,true,,,utility,curriculum_pass,3,75,86665551880,86665576101,65,0,,false,8,5,3,3,ASSASSIN:3;MAGE:7;SPIDER:1,ASSASSIN:3;MAGE:7;SPIDER:1
702,0,0,true,,,curriculum_pass,utility,3,75,86665551880,86665576101,60,0,,false,3,10,3,3,ASSASSIN:3;MAGE:7;SPIDER:1,ASSASSIN:3;MAGE:7;SPIDER:1
703,0,0,true,,,utility,curriculum_pass,3,75,86673455042,86673402223,14,0,GREEN,false,2,0,2,2,ASSASSIN:8;SPIDER:6,ASSASSIN:8;SPIDER:6
704,0,0,true,,,curriculum_pass,utility,3,75,86673455042,86673402223,52,0,,false,7,9,2,2,ASSASSIN:8;SPIDER:6,ASSASSIN:8;SPIDER:6
705,0,0,true,,,utility,curriculum_pass,3,75,86673462961,86673508380,110,0,GREEN,false,13,0,3,3,GOLEM:2;SPIDER:18,GOLEM:2;SPIDER:18
706,0,0,true,,,curriculum_pass,utility,3,75,86673462961,86673508380,23,0,BLUE,false,0,7,3,3,GOLEM:2;SPIDER:18,GOLEM:2;SPIDER:18
707,0,0,true,,,utility,curriculum_pass,3,75,86673470880,86673517325,12,0,GREEN,false,8,0,3,3,ARCHER:5;SCORPION_RIDER:5;SPIDER:1,ARCHER:5;SCORPION_RIDER:5;SPIDER:1
708,0,0,true,,,curriculum_pass,utility,3,75,86673470880,86673517325,58,0,,false,4,8,3,3,ARCHER:5;SCORPION_RIDER:5;SPIDER:1,ARCHER:5;SCORPION_RIDER:5;SPIDER:1
709,0,0,true,,,utility,curriculum_pass,3,75,148212004042,148211984999,84,0,GREEN,false,7,0,3,3,ARCHER:5;GOBLIN:1;GOLEM:4,ARCHER:5;GOBLIN:1;GOLEM:4
710,0,0,true,,,curriculum_pass,utility,3,75,148212004042,148211984999,48,0,,false,10,10,3,3,ARCHER:5;GOBLIN:1;GOLEM:4,ARCHER:5;GOBLIN:1;GOLEM:4
711,0,0,true,,,utility,curriculum_pass,3,75,148212011961,148211961108,57,0,,false,8,5,4,4,ASSASSIN:4;GARGOYLE:5;GOBLIN:1;MAGE:1,ASSASSIN:4;GARGOYLE:5;GOBLIN:1;MAGE:1
712,0,0,true,,,curriculum_pass,utility,3,75,148212011961,148211961108,62,0,,false,5,8,4,4,ASSASSIN:4;GARGOYLE:5;GOBLIN:1;MAGE:1,ASSASSIN:4;GARGOYLE:5;GOBLIN:1;MAGE:1
713,0,0,true,,,utility,curriculum_pass,3,75,148212019880,148211969029,57,0,,false,5,10,2,2,GARGOYLE:5;SPIDER:13,GARGOYLE:5;SPIDER:13
714,0,0,true,,,curriculum_pass,utility,3,75,148212019880,148211969029,58,0,,false,10,5,2,2,GARGOYLE:5;SPIDER:13,GARGOYLE:5;SPIDER:13
715,0,0,true,,,utility,curriculum_pass,3,75,148212027799,148212076346,48,0,,false,13,13,4,4,GARGOYLE:9;SPIDER:4,GARGOYLE:9;SPIDER:4
716,0,0,true,,,curriculum_pass,utility,3,75,148212027799,148212076346,48,0,,false,13,13,4,4,GARGOYLE:9;SPIDER:4,GARGOYLE:9;SPIDER:4
717,0,0,true,,,utility,curriculum_pass,3,75,86681374042,86681326583,73,0,,false,2,4,3,3,GARGOYLE:4;SPIDER:15,GARGOYLE:4;SPIDER:15
718,0,0,true,,,curriculum_pass,utility,3,75,86681374042,86681326583,48,0,,false,19,19,3,3,GARGOYLE:4;SPIDER:15,GARGOYLE:4;SPIDER:15
719,0,0,true,,,utility,curriculum_pass,3,75,86681381961,86681334500,57,0,,false,11,10,4,4,GARGOYLE:10;GOBLIN:1,GARGOYLE:10;GOBLIN:1
720,0,0,true,,,curriculum_pass,utility,3,75,86681381961,86681334500,201,0,,true,2,3,4,4,GARGOYLE:10;GOBLIN:1,GARGOYLE:10;GOBLIN:1
721,0,0,true,,,utility,curriculum_pass,3,75,86681389880,86681441685,12,0,GREEN,false,12,0,3,3,ARCHER:1;GOLEM:3;SPIDER:13,ARCHER:1;GOLEM:3;SPIDER:13
722,0,0,true,,,curriculum_pass,utility,3,75,86681389880,86681441685,25,0,BLUE,false,0,9,3,3,ARCHER:1;GOLEM:3;SPIDER:13,ARCHER:1;GOLEM:3;SPIDER:13
723,0,0,true,,,utility,curriculum_pass,3,75,86689293042,86689283167,10,0,GREEN,false,2,0,2,2,ASSASSIN:6;SCORPION_RIDER:4,ASSASSIN:6;SCORPION_RIDER:4
724,0,0,true,,,curriculum_pass,utility,3,75,86689293042,86689283167,19,0,BLUE,false,0,3,2,2,ASSASSIN:6;SCORPION_RIDER:4,ASSASSIN:6;SCORPION_RIDER:4
725,0,0,true,,,utility,curriculum_pass,3,75,86689300961,86689259340,59,0,,false,7,6,2,2,GARGOYLE:6;SCORPION_RIDER:4,GARGOYLE:6;SCORPION_RIDER:4
726,0,0,true,,,curriculum_pass,utility,3,75,86689300961,86689259340,62,0,,false,9,7,2,2,GARGOYLE:6;SCORPION_RIDER:4,GARGOYLE:6;SCORPION_RIDER:4
727,0,0,true,,,utility,curriculum_pass,3,75,86689308880,86689267325,8,0,GREEN,false,8,0,3,3,ASSASSIN:8;MAGE:2;SPIDER:1,ASSASSIN:8;MAGE:2;SPIDER:1
728,0,0,true,,,curriculum_pass,utility,3,75,86689308880,86689267325,9,0,BLUE,false,0,7,3,3,ASSASSIN:8;MAGE:2;SPIDER:1,ASSASSIN:8;MAGE:2;SPIDER:1
729,0,0,true,,,utility,curriculum_pass,3,75,148227842042,148227850583,48,0,,false,18,18,3,3,GARGOYLE:5;GOBLIN:1;SPIDER:12,GARGOYLE:5;GOBLIN:1;SPIDER:12
730,0,0,true,,,curriculum_pass,utility,3,75,148227842042,148227850583,48,0,,false,18,18,3,3,GARGOYLE:5;GOBLIN:1;SPIDER:12,GARGOYLE:5;GOBLIN:1;SPIDER:12
731,0,0,true,,,utility,curriculum_pass,3,75,148227849961,148227858500,48,0,,false,9,9,2,2,GARGOYLE:5;GOLEM:4,GARGOYLE:5;GOLEM:4
732,0,0,true,,,curriculum_pass,utility,3,75,148227849961,148227858500,48,0,,false,9,9,2,2,GARGOYLE:5;GOLEM:4,GARGOYLE:5;GOLEM:4
733,0,0,true,,,utility,curriculum_pass,3,75,148227857880,148227834741,18,0,GREEN,false,5,0,2,2,GARGOYLE:5;SCORPION_RIDER:5,GARGOYLE:5;SCORPION_RIDER:5
734,0,0,true,,,curriculum_pass,utility,3,75,148227857880,148227834741,13,0,BLUE,false,0,7,2,2,GARGOYLE:5;SCORPION_RIDER:5,GARGOYLE:5;SCORPION_RIDER:5
735,0,0,true,,,utility,curriculum_pass,3,75,148227865799,148227842666,26,0,GREEN,false,6,0,2,2,GARGOYLE:6;SCORPION_RIDER:4,GARGOYLE:6;SCORPION_RIDER:4
736,0,0,true,,,curriculum_pass,utility,3,75,148227865799,148227842666,41,0,BLUE,false,0,7,2,2,GARGOYLE:6;SCORPION_RIDER:4,GARGOYLE:6;SCORPION_RIDER:4
737,0,0,true,,,utility,curriculum_pass,3,75,86697212042,86697223719,48,0,,false,11,11,4,4,ARCHER:8;GOLEM:2;MAGE:1,ARCHER:8;GOLEM:2;MAGE:1
738,0,0,true,,,curriculum_pass,utility,3,75,86697212042,86697223719,15,0,BLUE,false,0,8,4,4,ARCHER:8;GOLEM:2;MAGE:1,ARCHER:8;GOLEM:2;MAGE:1
739,0,0,true,,,utility,curriculum_pass,3,75,86697219961,86697200084,6,0,GREEN,false,11,0,2,2,ARCHER:7;SCORPION_RIDER:4,ARCHER:7;SCORPION_RIDER:4
740,0,0,true,,,curriculum_pass,utility,3,75,86697219961,86697200084,11,0,BLUE,false,0,11,2,2,ARCHER:7;SCORPION_RIDER:4,ARCHER:7;SCORPION_RIDER:4
741,0,0,true,,,utility,curriculum_pass,3,75,86697227880,86697208005,8,0,GREEN,false,5,0,2,2,ASSASSIN:7;SCORPION_RIDER:3,ASSASSIN:7;SCORPION_RIDER:3
742,0,0,true,,,curriculum_pass,utility,3,75,86697227880,86697208005,15,0,BLUE,false,0,4,2,2,ASSASSIN:7;SCORPION_RIDER:3,ASSASSIN:7;SCORPION_RIDER:3
743,0,0,true,,,utility,curriculum_pass,3,75,148235761042,148235807551,48,0,,false,11,11,3,3,GARGOYLE:5;GOBLIN:2;SCORPION_RIDER:4,GARGOYLE:5;GOBLIN:2;SCORPION_RIDER:4
744,0,0,true,,,curriculum_pass,utility,3,75,148235761042,148235807551,29,0,BLUE,false,0,8,3,3,GARGOYLE:5;GOBLIN:2;SCORPION_RIDER:4,GARGOYLE:5;GOBLIN:2;SCORPION_RIDER:4
745,0,0,true,,,utility,curriculum_pass,3,75,148235768961,148235782700,69,0,,false,4,2,3,3,ARCHER:9;GARGOYLE:3,ARCHER:9;GARGOYLE:3
746,0,0,true,,,curriculum_pass,utility,3,75,148235768961,148235782700,48,0,,false,12,12,3,3,ARCHER:9;GARGOYLE:3,ARCHER:9;GARGOYLE:3
747,0,0,true,,,utility,curriculum_pass,3,75,148235776880,148235791837,36,0,GREEN,false,7,0,2,2,GARGOYLE:6;SPIDER:11,GARGOYLE:6;SPIDER:11
748,0,0,true,,,curriculum_pass,utility,3,75,148235776880,148235791837,60,0,,false,6,8,2,2,GARGOYLE:6;SPIDER:11,GARGOYLE:6;SPIDER:11
749,0,0,true,,,utility,curriculum_pass,3,75,148235784799,148235767026,24,0,GREEN,false,8,0,4,4,GOBLIN:12;GOLEM:2;MAGE:2;SPIDER:1,GOBLIN:12;GOLEM:2;MAGE:2;SPIDER:1
750,0,0,true,,,curriculum_pass,utility,3,75,148235784799,148235767026,64,0,,false,14,16,4,4,GOBLIN:12;GOLEM:2;MAGE:2;SPIDER:1,GOBLIN:12;GOLEM:2;MAGE:2;SPIDER:1
751,0,0,true,,,utility,curriculum_pass,3,75,86705131042,86705148047,6,0,GREEN,false,5,0,2,2,ARCHER:3;ASSASSIN:8,ARCHER:3;ASSASSIN:8
752,0,0,true,,,curriculum_pass,utility,3,75,86705131042,86705148047,7,0,BLUE,false,0,9,2,2,ARCHER:3;ASSASSIN:8,ARCHER:3;ASSASSIN:8
753,0,0,true,,,utility,curriculum_pass,3,75,86705138961,86705157052,24,0,GREEN,false,15,0,2,2,MAGE:5;SPIDER:13,MAGE:5;SPIDER:13
754,0,0,true,,,curriculum_pass,utility,3,75,86705138961,86705157052,48,0,,false,18,18,2,2,MAGE:5;SPIDER:13,MAGE:5;SPIDER:13
755,0,0,true,,,utility,curriculum_pass,3,75,86705146880,86705132205,28,0,GREEN,false,7,0,3,3,ASSASSIN:8;GOBLIN:6,ASSASSIN:8;GOBLIN:6
756,0,0,true,,,curriculum_pass,utility,3,75,86705146880,86705132205,15,0,BLUE,false,0,6,3,3,ASSASSIN:8;GOBLIN:6,ASSASSIN:8;GOBLIN:6
757,0,0,true,,,utility,curriculum_pass,3,75,148243680042,148243731847,59,0,,false,1,2,2,2,ASSASSIN:7;SCORPION_RIDER:3,ASSASSIN:7;SCORPION_RIDER:3
758,0,0,true,,,curriculum_pass,utility,3,75,148243680042,148243731847,60,0,,false,5,3,2,2,ASSASSIN:7;SCORPION_RIDER:3,ASSASSIN:7;SCORPION_RIDER:3
759,0,0,true,,,utility,curriculum_pass,3,75,148243687961,148243739828,48,0,,false,18,18,2,2,SCORPION_RIDER:4;SPIDER:14,SCORPION_RIDER:4;SPIDER:14
760,0,0,true,,,curriculum_pass,utility,3,75,148243687961,148243739828,62,0,,false,4,18,2,2,SCORPION_RIDER:4;SPIDER:14,SCORPION_RIDER:4;SPIDER:14
761,0,0,true,,,utility,curriculum_pass,3,75,148243695880,148243716005,24,0,GREEN,false,6,0,3,3,ARCHER:1;GARGOYLE:5;SCORPION_RIDER:4,ARCHER:1;GARGOYLE:5;SCORPION_RIDER:4
762,0,0,true,,,curriculum_pass,utility,3,75,148243695880,148243716005,23,0,BLUE,false,0,6,3,3,ARCHER:1;GARGOYLE:5;SCORPION_RIDER:4,ARCHER:1;GARGOYLE:5;SCORPION_RIDER:4
763,0,0,true,,,utility,curriculum_pass,3,75,148243703799,148243724634,48,0,,false,14,14,3,3,GOBLIN:9;GOLEM:4;SCORPION_RIDER:1,GOBLIN:9;GOLEM:4;SCORPION_RIDER:1
764,0,0,true,,,curriculum_pass,utility,3,75,148243703799,148243724634,48,0,,false,14,14,3,3,GOBLIN:9;GOLEM:4;SCORPION_RIDER:1,GOBLIN:9;GOLEM:4;SCORPION_RIDER:1
765,0,0,true,,,utility,curriculum_pass,3,75,86713050042,86713105687,48,0,,false,10,10,4,4,ARCHER:5;GOLEM:4;SPIDER:1,ARCHER:5;GOLEM:4;SPIDER:1
766,0,0,true,,,curriculum_pass,utility,3,75,86713050042,86713105687,78,0,,false,4,10,4,4,ARCHER:5;GOLEM:4;SPIDER:1,ARCHER:5;GOLEM:4;SPIDER:1
767,0,0,true,,,utility,curriculum_pass,3,75,86713057961,86713080836,48,0,,false,9,9,3,3,GARGOYLE:5;GOLEM:4,GARGOYLE:5;GOLEM:4
768,0,0,true,,,curriculum_pass,utility,3,75,86713057961,86713080836,48,0,,false,9,9,3,3,GARGOYLE:5;GOLEM:4,GARGOYLE:5;GOLEM:4
769,0,0,true,,,utility,curriculum_pass,3,75,86713065880,86713089845,48,0,,false,11,11,3,3,GARGOYLE:10;SPIDER:1,GARGOYLE:10;SPIDER:1
770,0,0,true,,,curriculum_pass,utility,3,75,86713065880,86713089845,48,0,,false,11,11,3,3,GARGOYLE:10;SPIDER:1,GARGOYLE:10;SPIDER:1
771,0,0,true,,,utility,curriculum_pass,3,75,86720969042,86720915455,65,0,,false,12,8,3,3,ARCHER:7;GOBLIN:4;GOLEM:2,ARCHER:7;GOBLIN:4;GOLEM:2
772,0,0,true,,,curriculum_pass,utility,3,75,86720969042,86720915455,48,0,,false,13,13,3,3,ARCHER:7;GOBLIN:4;GOLEM:2,ARCHER:7;GOBLIN:4;GOLEM:2
773,0,0,true,,,utility,curriculum_pass,3,75,86720976961,86721021676,48,0,,false,9,9,2,2,GARGOYLE:5;GOLEM:4,GARGOYLE:5;GOLEM:4
774,0,0,true,,,curriculum_pass,utility,3,75,86720976961,86721021676,48,0,,false,9,9,2,2,GARGOYLE:5;GOLEM:4,GARGOYLE:5;GOLEM:4
775,0,0,true,,,utility,curriculum_pass,3,75,86720984880,86721030557,48,0,,false,12,12,3,3,ARCHER:5;GARGOYLE:6;GOBLIN:1,ARCHER:5;GARGOYLE:6;GOBLIN:1
776,0,0,true,,,curriculum_pass,utility,3,75,86720984880,86721030557,191,0,BLUE,false,0,7,3,3,ARCHER:5;GARGOYLE:6;GOBLIN:1,ARCHER:5;GARGOYLE:6;GOBLIN:1
777,0,0,true,,,utility,curriculum_pass,3,75,8014028042,8014037927,55,0,,false,5,3,3,3,ASSASSIN:10;SPIDER:1,ASSASSIN:10;SPIDER:1
778,0,0,true,,,curriculum_pass,utility,3,75,8014028042,8014037927,9,0,BLUE,false,0,6,3,3,ASSASSIN:10;SPIDER:1,ASSASSIN:10;SPIDER:1
779,0,0,true,,,utility,curriculum_pass,3,75,8014035961,8014046548,14,0,GREEN,false,6,0,2,2,ASSASSIN:4;SPIDER:15,ASSASSIN:4;SPIDER:15
780,0,0,true,,,curriculum_pass,utility,3,75,8014035961,8014046548,13,0,BLUE,false,0,16,2,2,ASSASSIN:4;SPIDER:15,ASSASSIN:4;SPIDER:15
781,0,0,true,,,utility,utility,3,75,8148651042,8148636303,14,0,GREEN,false,3,0,2,3,GOLEM:3;SPIDER:15,ARCHER:4;GOBLIN:2;SPIDER:15
782,0,0,true,,,utility,utility,3,75,8148651042,8148636303,14,0,GREEN,false,3,0,2,3,GOLEM:3;SPIDER:15,ARCHER:4;GOBLIN:2;SPIDER:15
783,0,0,true,,,utility,utility,3,75,8148658961,8148645308,23,0,,false,3,4,3,4,ASSASSIN:8;MAGE:2;SPIDER:1,GARGOYLE:3;GOBLIN:2;GOLEM:4;SCORPION_RIDER:1
784,0,0,true,,,utility,utility,3,75,8148658961,8148645308,23,0,,false,3,4,3,4,ASSASSIN:8;MAGE:2;SPIDER:1,GARGOYLE:3;GOBLIN:2;GOLEM:4;SCORPION_RIDER:1
785,0,0,true,,,utility,utility,3,75,8283274042,8283252119,15,0,BLUE,false,0,5,3,2,ARCHER:1;SPIDER:23,GOLEM:4;MAGE:5
786,0,0,true,,,utility,utility,3,75,8283274042,8283252119,14,0,GREEN,false,13,0,3,2,ARCHER:1;SPIDER:23,GOLEM:4;MAGE:5
787,0,0,true,,,utility,utility,3,75,8283281961,8283227268,14,0,,false,3,14,3,2,ASSASSIN:8;SCORPION_RIDER:2;SPIDER:1,GOBLIN:9;SCORPION_RIDER:6
788,0,0,true,,,utility,utility,3,75,8283281961,8283227268,14,0,,false,3,14,3,2,ASSASSIN:8;SCORPION_RIDER:2;SPIDER:1,GOBLIN:9;SCORPION_RIDER:6
789,0,0,true,,,utility,utility,3,75,8417897042,8417850623,22,0,,false,14,9,2,3,GOBLIN:11;SPIDER:14,ASSASSIN:1;GOBLIN:9;GOLEM:4
790,0,0,true,,,utility,utility,3,75,8417897042,8417850623,22,0,,false,14,4,2,3,GOBLIN:11;SPIDER:14,ASSASSIN:1;GOBLIN:9;GOLEM:4
791,0,0,true,,,utility,utility,3,75,8417904961,8417957868,11,0,GREEN,false,3,0,3,3,GARGOYLE:3;MAGE:7;SPIDER:1,GOBLIN:1;MAGE:10
792,0,0,true,,,utility,utility,3,75,8417904961,8417957868,17,0,BLUE,false,0,1,3,3,GARGOYLE:3;MAGE:7;SPIDER:1,GOBLIN:1;MAGE:10
793,0,0,true,,,utility,curriculum_pass,3,75,47846598042,47846652727,34,0,GREEN,false,10,0,2,2,GOBLIN:8;MAGE:7,GOBLIN:8;MAGE:7
794,0,0,true,,,curriculum_pass,utility,3,75,47846598042,47846652727,37,0,BLUE,false,0,10,2,2,GOBLIN:8;MAGE:7,GOBLIN:8;MAGE:7
795,0,0,true,,,utility,curriculum_pass,3,75,47854517042,47854462367,57,0,,false,6,7,3,3,ASSASSIN:8;GOBLIN:1;SCORPION_RIDER:2,ASSASSIN:8;GOBLIN:1;SCORPION_RIDER:2
796,0,0,true,,,curriculum_pass,utility,3,75,47854517042,47854462367,54,0,,false,7,6,3,3,ASSASSIN:8;GOBLIN:1;SCORPION_RIDER:2,ASSASSIN:8;GOBLIN:1;SCORPION_RIDER:2
797,0,0,true,,,utility,curriculum_pass,3,75,47862436042,47862386279,24,0,GREEN,false,15,0,3,3,ARCHER:5;GOBLIN:12;SCORPION_RIDER:1,ARCHER:5;GOBLIN:12;SCORPION_RIDER:1
798,0,0,true,,,curriculum_pass,utility,3,75,47862436042,47862386279,56,0,,false,16,18,3,3,ARCHER:5;GOBLIN:12;SCORPION_RIDER:1,ARCHER:5;GOBLIN:12;SCORPION_RIDER:1
799,0,0,true,,,utility,curriculum_pass,3,75,47870355042,47870343375,34,0,GREEN,false,7,0,3,3,GARGOYLE:6;GOBLIN:10;SPIDER:1,GARGOYLE:6;GOBLIN:10;SPIDER:1
800,0,0,true,,,curriculum_pass,utility,3,75,47870355042,47870343375,61,0,BLUE,false,0,15,3,3,GARGOYLE:6;GOBLIN:10;SPIDER:1,GARGOYLE:6;GOBLIN:10;SPIDER:1
801,0,0,true,,,utility,curriculum_pass,3,75,47878274042,47878284631,48,0,,false,15,15,3,3,GOBLIN:10;GOLEM:4;SPIDER:1,GOBLIN:10;GOLEM:4;SPIDER:1
802,0,0,true,,,curriculum_pass,utility,3,75,47878274042,47878284631,48,0,,false,15,15,3,3,GOBLIN:10;GOLEM:4;SPIDER:1,GOBLIN:10;GOLEM:4;SPIDER:1
803,0,0,true,,,utility,curriculum_pass,3,75,47886193042,47886208831,12,0,GREEN,false,3,0,3,3,GOBLIN:1;SCORPION_RIDER:9,GOBLIN:1;SCORPION_RIDER:9
804,0,0,true,,,curriculum_pass,utility,3,75,47886193042,47886208831,48,0,,false,10,10,3,3,GOBLIN:1;SCORPION_RIDER:9,GOBLIN:1;SCORPION_RIDER:9
805,0,0,true,,,utility,curriculum_pass,3,75,87441598042,87441553655,14,0,GREEN,false,6,0,3,3,GARGOYLE:3;GOBLIN:2;SCORPION_RIDER:6,GARGOYLE:3;GOBLIN:2;SCORPION_RIDER:6
806,0,0,true,,,curriculum_pass,utility,3,75,87441598042,87441553655,21,0,BLUE,false,0,7,3,3,GARGOYLE:3;GOBLIN:2;SCORPION_RIDER:6,GARGOYLE:3;GOBLIN:2;SCORPION_RIDER:6
807,0,0,true,,,utility,curriculum_pass,3,75,87441605961,87441660900,48,0,,false,10,10,2,2,MAGE:5;SCORPION_RIDER:5,MAGE:5;SCORPION_RIDER:5
808,0,0,true,,,curriculum_pass,utility,3,75,87441605961,87441660900,19,0,BLUE,false,0,7,2,2,MAGE:5;SCORPION_RIDER:5,MAGE:5;SCORPION_RIDER:5
809,0,0,true,,,utility,curriculum_pass,3,75,87441613880,87441668757,12,0,GREEN,false,8,0,3,3,GARGOYLE:2;MAGE:8;SPIDER:1,GARGOYLE:2;MAGE:8;SPIDER:1
810,0,0,true,,,curriculum_pass,utility,3,75,87441613880,87441668757,15,0,BLUE,false,0,10,3,3,GARGOYLE:2;MAGE:8;SPIDER:1,GARGOYLE:2;MAGE:8;SPIDER:1
811,0,0,true,,,utility,curriculum_pass,3,75,148980147042,148980137423,51,0,,false,11,8,2,2,ASSASSIN:8;GOBLIN:6,ASSASSIN:8;GOBLIN:6
812,0,0,true,,,curriculum_pass,utility,3,75,148980147042,148980137423,9,0,GREEN,false,2,0,2,2,ASSASSIN:8;GOBLIN:6,ASSASSIN:8;GOBLIN:6
813,0,0,true,,,utility,curriculum_pass,3,75,148980154961,148980112636,18,0,GREEN,false,12,0,2,2,GOBLIN:10;SPIDER:15,GOBLIN:10;SPIDER:15
814,0,0,true,,,curriculum_pass,utility,3,75,148980154961,148980112636,23,0,BLUE,false,0,17,2,2,GOBLIN:10;SPIDER:15,GOBLIN:10;SPIDER:15
815,0,0,true,,,utility,curriculum_pass,3,75,148980162880,148980121581,48,0,,false,21,21,3,3,GOBLIN:2;MAGE:3;SPIDER:16,GOBLIN:2;MAGE:3;SPIDER:16
816,0,0,true,,,curriculum_pass,utility,3,75,148980162880,148980121581,60,0,,false,18,21,3,3,GOBLIN:2;MAGE:3;SPIDER:16,GOBLIN:2;MAGE:3;SPIDER:16
817,0,0,true,,,utility,curriculum_pass,3,75,148980170799,148980227714,26,0,GREEN,false,10,0,3,3,ARCHER:8;SCORPION_RIDER:3;SPIDER:1,ARCHER:8;SCORPION_RIDER:3;SPIDER:1
818,0,0,true,,,curriculum_pass,utility,3,75,148980170799,148980227714,11,0,BLUE,false,0,12,3,3,ARCHER:8;SCORPION_RIDER:3;SPIDER:1,ARCHER:8;SCORPION_RIDER:3;SPIDER:1
819,0,0,true,,,utility,curriculum_pass,3,75,87449517042,87449494879,63,0,,false,4,1,2,2,ARCHER:4;ASSASSIN:7,ARCHER:4;ASSASSIN:7
820,0,0,true,,,curriculum_pass,utility,3,75,87449517042,87449494879,64,0,,false,1,4,2,2,ARCHER:4;ASSASSIN:7,ARCHER:4;ASSASSIN:7
821,0,0,true,,,utility,curriculum_pass,3,75,87449524961,87449470028,6,0,GREEN,false,6,0,2,2,ARCHER:3;ASSASSIN:8,ARCHER:3;ASSASSIN:8
822,0,0,true,,,curriculum_pass,utility,3,75,87449524961,87449470028,9,0,BLUE,false,0,10,2,2,ARCHER:3;ASSASSIN:8,ARCHER:3;ASSASSIN:8
823,0,0,true,,,utility,curriculum_pass,3,75,87449532880,87449479037,73,0,,false,6,3,3,3,GOBLIN:6;GOLEM:4;SCORPION_RIDER:2,GOBLIN:6;GOLEM:4;SCORPION_RIDER:2
824,0,0,true,,,curriculum_pass,utility,3,75,87449532880,87449479037,66,0,,false,10,11,3,3,GOBLIN:6;GOLEM:4;SCORPION_RIDER:2,GOBLIN:6;GOLEM:4;SCORPION_RIDER:2
825,0,0,true,,,utility,curriculum_pass,3,75,87457436042,87457419047,109,0,,false,14,4,3,3,GARGOYLE:1;GOBLIN:9;GOLEM:4,GARGOYLE:1;GOBLIN:9;GOLEM:4
826,0,0,true,,,curriculum_pass,utility,3,75,87457436042,87457419047,48,0,,false,14,14,3,3,GARGOYLE:1;GOBLIN:9;GOLEM:4,GARGOYLE:1;GOBLIN:9;GOLEM:4
827,0,0,true,,,utility,curriculum_pass,3,75,87457443961,87457427156,55,0,,false,8,5,3,3,ASSASSIN:5;GARGOYLE:5;SPIDER:1,ASSASSIN:5;GARGOYLE:5;SPIDER:1
828,0,0,true,,,curriculum_pass,utility,3,75,87457443961,87457427156,58,0,,false,5,8,3,3,ASSASSIN:5;GARGOYLE:5;SPIDER:1,ASSASSIN:5;GARGOYLE:5;SPIDER:1
829,0,0,true,,,utility,curriculum_pass,3,75,87457451880,87457403333,48,0,,false,17,17,3,3,GARGOYLE:6;GOBLIN:11,GARGOYLE:6;GOBLIN:11
830,0,0,true,,,curriculum_pass,utility,3,75,87457451880,87457403333,39,0,BLUE,false,0,8,3,3,GARGOYLE:6;GOBLIN:11,GARGOYLE:6;GOBLIN:11
831,0,0,true,,,utility,curriculum_pass,3,75,87465355042,87465376143,12,0,GREEN,false,12,0,2,2,ARCHER:8;SPIDER:9,ARCHER:8;SPIDER:9
832,0,0,true,,,curriculum_pass,utility,3,75,87465355042,87465376143,11,0,BLUE,false,0,9,2,2,ARCHER:8;SPIDER:9,ARCHER:8;SPIDER:9
833,0,0,true,,,utility,curriculum_pass,3,75,87465362961,87465351356,8,0,GREEN,false,4,0,3,3,ASSASSIN:10;GOBLIN:1,ASSASSIN:10;GOBLIN:1
834,0,0,true,,,curriculum_pass,utility,3,75,87465362961,87465351356,9,0,BLUE,false,0,1,3,3,ASSASSIN:10;GOBLIN:1,ASSASSIN:10;GOBLIN:1
835,0,0,true,,,utility,curriculum_pass,3,75,87465370880,87465360301,12,0,GREEN,false,12,0,3,3,GOBLIN:1;MAGE:8;SPIDER:5,GOBLIN:1;MAGE:8;SPIDER:5
836,0,0,true,,,curriculum_pass,utility,3,75,87465370880,87465360301,13,0,BLUE,false,0,10,3,3,GOBLIN:1;MAGE:8;SPIDER:5,GOBLIN:1;MAGE:8;SPIDER:5
837,0,0,true,,,utility,curriculum_pass,3,75,149003904042,149003958919,8,0,GREEN,false,8,0,3,3,ASSASSIN:8;GOBLIN:1;SPIDER:5,ASSASSIN:8;GOBLIN:1;SPIDER:5
838,0,0,true,,,curriculum_pass,utility,3,75,149003904042,149003958919,11,0,BLUE,false,0,9,3,3,ASSASSIN:8;GOBLIN:1;SPIDER:5,ASSASSIN:8;GOBLIN:1;SPIDER:5
839,0,0,true,,,utility,curriculum_pass,3,75,149003911961,149003935156,55,0,,false,7,4,3,3,ASSASSIN:8;SPIDER:6,ASSASSIN:8;SPIDER:6
840,0,0,true,,,curriculum_pass,utility,3,75,149003911961,149003935156,13,0,BLUE,false,0,8,3,3,ASSASSIN:8;SPIDER:6,ASSASSIN:8;SPIDER:6
841,0,0,true,,,utility,curriculum_pass,3,75,149003919880,149003943077,16,0,GREEN,false,10,0,3,3,ARCHER:1;MAGE:4;SCORPION_RIDER:5,ARCHER:1;MAGE:4;SCORPION_RIDER:5
842,0,0,true,,,curriculum_pass,utility,3,75,149003919880,149003943077,27,0,BLUE,false,0,6,3,3,ARCHER:1;MAGE:4;SCORPION_RIDER:5,ARCHER:1;MAGE:4;SCORPION_RIDER:5
843,0,0,true,,,utility,curriculum_pass,3,75,149003927799,149003918938,57,0,,false,19,18,3,3,GARGOYLE:4;SPIDER:15,GARGOYLE:4;SPIDER:15
844,0,0,true,,,curriculum_pass,utility,3,75,149003927799,149003918938,56,0,,false,18,19,3,3,GARGOYLE:4;SPIDER:15,GARGOYLE:4;SPIDER:15
845,0,0,true,,,utility,curriculum_pass,3,75,87473274042,87473316375,22,0,GREEN,false,5,0,3,3,ASSASSIN:4;GOBLIN:15,ASSASSIN:4;GOBLIN:15
846,0,0,true,,,curriculum_pass,utility,3,75,87473274042,87473316375,17,0,BLUE,false,0,4,3,3,ASSASSIN:4;GOBLIN:15,ASSASSIN:4;GOBLIN:15
847,0,0,true,,,utility,curriculum_pass,3,75,87473281961,87473292548,18,0,GREEN,false,4,0,3,3,GARGOYLE:2;MAGE:8;SPIDER:1,GARGOYLE:2;MAGE:8;SPIDER:1
848,0,0,true,,,curriculum_pass,utility,3,75,87473281961,87473292548,19,0,BLUE,false,0,8,3,3,GARGOYLE:2;MAGE:8;SPIDER:1,GARGOYLE:2;MAGE:8;SPIDER:1
849,0,0,true,,,utility,curriculum_pass,3,75,87473289880,87473300533,57,0,,false,11,10,3,3,MAGE:10;SPIDER:1,MAGE:10;SPIDER:1
850,0,0,true,,,curriculum_pass,utility,3,75,87473289880,87473300533,48,0,,false,11,11,3,3,MAGE:10;SPIDER:1,MAGE:10;SPIDER:1
851,0,0,true,,,utility,curriculum_pass,3,75,87481193042,87481240831,12,0,GREEN,false,6,0,3,3,GOBLIN:1;SCORPION_RIDER:9,GOBLIN:1;SCORPION_RIDER:9
852,0,0,true,,,curriculum_pass,utility,3,75,87481193042,87481240831,21,0,BLUE,false,0,3,3,3,GOBLIN:1;SCORPION_RIDER:9,GOBLIN:1;SCORPION_RIDER:9
853,0,0,true,,,utility,curriculum_pass,3,75,87481200961,87481249772,34,0,GREEN,false,6,0,2,2,GARGOYLE:6;SCORPION_RIDER:4,GARGOYLE:6;SCORPION_RIDER:4
854,0,0,true,,,curriculum_pass,utility,3,75,87481200961,87481249772,48,0,,false,10,10,2,2,GARGOYLE:6;SCORPION_RIDER:4,GARGOYLE:6;SCORPION_RIDER:4
855,0,0,true,,,utility,curriculum_pass,3,75,87481208880,87481224861,48,0,,false,11,11,4,4,ARCHER:2;GOLEM:1;MAGE:7;SPIDER:1,ARCHER:2;GOLEM:1;MAGE:7;SPIDER:1
856,0,0,true,,,curriculum_pass,utility,3,75,87481208880,87481224861,66,0,,false,7,5,4,4,ARCHER:2;GOLEM:1;MAGE:7;SPIDER:1,ARCHER:2;GOLEM:1;MAGE:7;SPIDER:1
857,0,0,true,,,utility,curriculum_pass,3,75,87489112042,87489067335,48,0,,false,21,21,3,3,ARCHER:4;SPIDER:17,ARCHER:4;SPIDER:17
858,0,0,true,,,curriculum_pass,utility,3,75,87489112042,87489067335,60,0,,false,8,8,3,3,ARCHER:4;SPIDER:17,ARCHER:4;SPIDER:17
859,0,0,true,,,utility,curriculum_pass,3,75,87489119961,87489173620,63,0,,false,11,10,4,4,ARCHER:7;ASSASSIN:3;GOBLIN:1;SCORPION_RIDER:1,ARCHER:7;ASSASSIN:3;GOBLIN:1;SCORPION_RIDER:1
860,0,0,true,,,curriculum_pass,utility,3,75,87489119961,87489173620,15,0,BLUE,false,0,8,4,4,ARCHER:7;ASSASSIN:3;GOBLIN:1;SCORPION_RIDER:1,ARCHER:7;ASSASSIN:3;GOBLIN:1;SCORPION_RIDER:1
861,0,0,true,,,utility,curriculum_pass,3,75,87489127880,87489182565,48,0,,false,11,11,4,4,ARCHER:1;GOLEM:1;MAGE:8;SPIDER:1,ARCHER:1;GOLEM:1;MAGE:8;SPIDER:1
862,0,0,true,,,curriculum_pass,utility,3,75,87489127880,87489182565,114,0,,false,8,11,4,4,ARCHER:1;GOLEM:1;MAGE:8;SPIDER:1,ARCHER:1;GOLEM:1;MAGE:8;SPIDER:1
863,0,0,true,,,utility,curriculum_pass,3,75,87497031042,87497007919,48,0,,false,12,12,3,3,ARCHER:8;SCORPION_RIDER:3;SPIDER:1,ARCHER:8;SCORPION_RIDER:3;SPIDER:1
864,0,0,true,,,curriculum_pass,utility,3,75,87497031042,87497007919,45,0,BLUE,false,0,11,3,3,ARCHER:8;SCORPION_RIDER:3;SPIDER:1,ARCHER:8;SCORPION_RIDER:3;SPIDER:1
865,0,0,true,,,utility,curriculum_pass,3,75,87497038961,87496983260,57,0,,false,5,7,2,2,ASSASSIN:7;SCORPION_RIDER:3,ASSASSIN:7;SCORPION_RIDER:3
866,0,0,true,,,curriculum_pass,utility,3,75,87497038961,87496983260,17,0,BLUE,false,0,4,2,2,ASSASSIN:7;SCORPION_RIDER:3,ASSASSIN:7;SCORPION_RIDER:3
867,0,0,true,,,utility,curriculum_pass,3,75,87497046880,87496992205,38,0,GREEN,false,1,0,3,3,GOBLIN:9;SCORPION_RIDER:6,GOBLIN:9;SCORPION_RIDER:6
868,0,0,true,,,curriculum_pass,utility,3,75,87497046880,87496992205,66,0,,false,3,3,3,3,GOBLIN:9;SCORPION_RIDER:6,GOBLIN:9;SCORPION_RIDER:6
869,0,0,true,,,utility,curriculum_pass,3,75,87504950042,87504932279,10,0,GREEN,false,7,0,3,3,ASSASSIN:1;GOLEM:1;MAGE:8,ASSASSIN:1;GOLEM:1;MAGE:8
870,0,0,true,,,curriculum_pass,utility,3,75,87504950042,87504932279,48,0,,false,10,10,3,3,ASSASSIN:1;GOLEM:1;MAGE:8,ASSASSIN:1;GOLEM:1;MAGE:8
871,0,0,true,,,utility,curriculum_pass,3,75,87504957961,87504940196,48,0,,false,11,11,2,2,ARCHER:7;SCORPION_RIDER:4,ARCHER:7;SCORPION_RIDER:4
872,0,0,true,,,curriculum_pass,utility,3,75,87504957961,87504940196,48,0,,false,11,11,2,2,ARCHER:7;SCORPION_RIDER:4,ARCHER:7;SCORPION_RIDER:4
873,0,0,true,,,utility,curriculum_pass,3,75,87504965880,87504916053,48,0,,false,25,25,3,3,GOBLIN:25,GOBLIN:25
874,0,0,true,,,curriculum_pass,utility,3,75,87504965880,87504916053,48,0,,false,25,25,3,3,GOBLIN:25,GOBLIN:25
875,0,0,true,,,utility,curriculum_pass,3,75,87512869042,87512888863,60,0,GREEN,false,11,0,3,3,GOBLIN:10;SCORPION_RIDER:5;SPIDER:1,GOBLIN:10;SCORPION_RIDER:5;SPIDER:1
876,0,0,true,,,curriculum_pass,utility,3,75,87512869042,87512888863,23,0,BLUE,false,0,12,3,3,GOBLIN:10;SCORPION_RIDER:5;SPIDER:1,GOBLIN:10;SCORPION_RIDER:5;SPIDER:1
877,0,0,true,,,utility,curriculum_pass,3,75,87512876961,87512865036,65,0,,false,2,4,2,2,ASSASSIN:7;GOBLIN:8,ASSASSIN:7;GOBLIN:8
878,0,0,true,,,curriculum_pass,utility,3,75,87512876961,87512865036,15,0,BLUE,false,0,1,2,2,ASSASSIN:7;GOBLIN:8,ASSASSIN:7;GOBLIN:8
879,0,0,true,,,utility,curriculum_pass,3,75,87512884880,87512873021,48,0,,false,15,15,3,3,GOBLIN:7;MAGE:7;SPIDER:1,GOBLIN:7;MAGE:7;SPIDER:1
880,0,0,true,,,curriculum_pass,utility,3,75,87512884880,87512873021,58,0,,false,7,15,3,3,GOBLIN:7;MAGE:7;SPIDER:1,GOBLIN:7;MAGE:7;SPIDER:1
881,0,0,true,,,utility,curriculum_pass,3,75,48638498042,48638478935,48,0,,false,9,9,3,3,GOBLIN:1;GOLEM:3;SCORPION_RIDER:5,GOBLIN:1;GOLEM:3;SCORPION_RIDER:5
882,0,0,true,,,curriculum_pass,utility,3,75,48638498042,48638478935,48,0,,false,9,9,3,3,GOBLIN:1;GOLEM:3;SCORPION_RIDER:5,GOBLIN:1;GOLEM:3;SCORPION_RIDER:5
883,0,0,true,,,utility,curriculum_pass,3,75,48646417042,48646435903,48,0,,false,23,23,3,3,GARGOYLE:1;GOBLIN:10;SPIDER:12,GARGOYLE:1;GOBLIN:10;SPIDER:12
884,0,0,true,,,curriculum_pass,utility,3,75,48646417042,48646435903,48,0,,false,23,23,3,3,GARGOYLE:1;GOBLIN:10;SPIDER:12,GARGOYLE:1;GOBLIN:10;SPIDER:12
885,0,0,true,,,utility,curriculum_pass,3,75,48654336042,48654360199,53,0,,false,17,15,2,2,ASSASSIN:4;SPIDER:15,ASSASSIN:4;SPIDER:15
886,0,0,true,,,curriculum_pass,utility,3,75,48654336042,48654360199,58,0,,false,15,17,2,2,ASSASSIN:4;SPIDER:15,ASSASSIN:4;SPIDER:15
887,0,0,true,,,utility,curriculum_pass,3,75,48662255042,48662301551,55,0,,false,16,15,3,3,ARCHER:7;SPIDER:11,ARCHER:7;SPIDER:11
888,0,0,true,,,curriculum_pass,utility,3,75,48662255042,48662301551,25,0,BLUE,false,0,10,3,3,ARCHER:7;SPIDER:11,ARCHER:7;SPIDER:11
889,0,0,true,,,utility,curriculum_pass,3,75,48670174042,48670127607,59,0,,false,10,8,3,3,MAGE:10;SPIDER:1,MAGE:10;SPIDER:1
890,0,0,true,,,curriculum_pass,utility,3,75,48670174042,48670127607,17,0,BLUE,false,0,4,3,3,MAGE:10;SPIDER:1,MAGE:10;SPIDER:1
891,0,0,true,,,utility,curriculum_pass,3,75,48678093042,48678051423,10,0,GREEN,false,7,0,3,3,ASSASSIN:10;SPIDER:1,ASSASSIN:10;SPIDER:1
892,0,0,true,,,curriculum_pass,utility,3,75,48678093042,48678051423,13,0,BLUE,false,0,2,3,3,ASSASSIN:10;SPIDER:1,ASSASSIN:10;SPIDER:1
893,0,0,true,,,utility,curriculum_pass,3,75,88233498042,88233511703,48,0,,false,11,11,3,3,ARCHER:4;GARGOYLE:7,ARCHER:4;GARGOYLE:7
894,0,0,true,,,curriculum_pass,utility,3,75,88233498042,88233511703,48,0,,false,11,11,3,3,ARCHER:4;GARGOYLE:7,ARCHER:4;GARGOYLE:7
895,0,0,true,,,utility,curriculum_pass,3,75,88233505961,88233519620,48,0,,false,24,24,3,3,ARCHER:1;GOBLIN:12;SPIDER:11,ARCHER:1;GOBLIN:12;SPIDER:11
896,0,0,true,,,curriculum_pass,utility,3,75,88233505961,88233519620,17,0,BLUE,false,0,24,3,3,ARCHER:1;GOBLIN:12;SPIDER:11,ARCHER:1;GOBLIN:12;SPIDER:11
897,0,0,true,,,utility,curriculum_pass,3,75,88233513880,88233495861,48,0,,false,8,8,3,3,GOBLIN:1;GOLEM:7,GOBLIN:1;GOLEM:7
898,0,0,true,,,curriculum_pass,utility,3,75,88233513880,88233495861,58,0,,false,7,8,3,3,GOBLIN:1;GOLEM:7,GOBLIN:1;GOLEM:7
899,0,0,true,,,utility,curriculum_pass,3,75,88241417042,88241468927,12,0,GREEN,false,3,0,3,3,ASSASSIN:8;SCORPION_RIDER:2;SPIDER:1,ASSASSIN:8;SCORPION_RIDER:2;SPIDER:1
900,0,0,true,,,curriculum_pass,utility,3,75,88241417042,88241468927,15,0,BLUE,false,0,2,3,3,ASSASSIN:8;SCORPION_RIDER:2;SPIDER:1,ASSASSIN:8;SCORPION_RIDER:2;SPIDER:1
901,0,0,true,,,utility,curriculum_pass,3,75,88241424961,88241444076,48,0,,false,9,9,3,3,GARGOYLE:1;GOLEM:4;MAGE:4,GARGOYLE:1;GOLEM:4;MAGE:4
902,0,0,true,,,curriculum_pass,utility,3,75,88241424961,88241444076,48,0,,false,9,9,3,3,GARGOYLE:1;GOLEM:4;MAGE:4,GARGOYLE:1;GOLEM:4;MAGE:4
903,0,0,true,,,utility,curriculum_pass,3,75,88241432880,88241452957,48,0,,false,10,10,3,3,ARCHER:5;GOLEM:4;SPIDER:1,ARCHER:5;GOLEM:4;SPIDER:1
904,0,0,true,,,curriculum_pass,utility,3,75,88241432880,88241452957,74,0,,false,5,10,3,3,ARCHER:5;GOLEM:4;SPIDER:1,ARCHER:5;GOLEM:4;SPIDER:1
905,0,0,true,,,utility,curriculum_pass,3,75,88249336042,88249392711,48,0,,false,18,18,3,3,GOBLIN:11;SCORPION_RIDER:4;SPIDER:3,GOBLIN:11;SCORPION_RIDER:4;SPIDER:3
906,0,0,true,,,curriculum_pass,utility,3,75,88249336042,88249392711,13,0,BLUE,false,0,9,3,3,GOBLIN:11;SCORPION_RIDER:4;SPIDER:3,GOBLIN:11;SCORPION_RIDER:4;SPIDER:3
907,0,0,true,,,utility,curriculum_pass,3,75,88249343961,88249385332,61,0,,false,18,16,3,3,GOBLIN:1;SCORPION_RIDER:3;SPIDER:16,GOBLIN:1;SCORPION_RIDER:3;SPIDER:16
908,0,0,true,,,curriculum_pass,utility,3,75,88249343961,88249385332,48,0,,false,20,20,3,3,GOBLIN:1;SCORPION_RIDER:3;SPIDER:16,GOBLIN:1;SCORPION_RIDER:3;SPIDER:16
909,0,0,true,,,utility,curriculum_pass,3,75,88249351880,88249393253,48,0,,false,16,16,3,3,ARCHER:1;GARGOYLE:6;SPIDER:9,ARCHER:1;GARGOYLE:6;SPIDER:9
910,0,0,true,,,curriculum_pass,utility,3,75,88249351880,88249393253,25,0,BLUE,false,0,9,3,3,ARCHER:1;GARGOYLE:6;SPIDER:9,ARCHER:1;GARGOYLE:6;SPIDER:9
911,0,0,true,,,utility,curriculum_pass,3,75,88257255042,88257202223,14,0,GREEN,false,4,0,3,3,ASSASSIN:8;GARGOYLE:2;SPIDER:1,ASSASSIN:8;GARGOYLE:2;SPIDER:1
912,0,0,true,,,curriculum_pass,utility,3,75,88257255042,88257202223,19,0,BLUE,false,0,3,3,3,ASSASSIN:8;GARGOYLE:2;SPIDER:1,ASSASSIN:8;GARGOYLE:2;SPIDER:1
913,0,0,true,,,utility,curriculum_pass,3,75,88257262961,88257211356,59,0,,false,8,2,2,2,MAGE:7;SCORPION_RIDER:3,MAGE:7;SCORPION_RIDER:3
914,0,0,true,,,curriculum_pass,utility,3,75,88257262961,88257211356,13,0,BLUE,false,0,7,2,2,MAGE:7;SCORPION_RIDER:3,MAGE:7;SCORPION_RIDER:3
915,0,0,true,,,utility,curriculum_pass,3,75,88257270880,88257317581,48,0,,false,15,15,3,3,GOBLIN:9;GOLEM:4;SPIDER:2,GOBLIN:9;GOLEM:4;SPIDER:2
916,0,0,true,,,curriculum_pass,utility,3,75,88257270880,88257317581,48,0,,false,15,15,3,3,GOBLIN:9;GOLEM:4;SPIDER:2,GOBLIN:9;GOLEM:4;SPIDER:2
917,0,0,true,,,utility,curriculum_pass,3,75,88265174042,88265159351,48,0,,false,18,18,3,3,ARCHER:3;SCORPION_RIDER:2;SPIDER:13,ARCHER:3;SCORPION_RIDER:2;SPIDER:13
918,0,0,true,,,curriculum_pass,utility,3,75,88265174042,88265159351,48,0,,false,18,18,3,3,ARCHER:3;SCORPION_RIDER:2;SPIDER:13,ARCHER:3;SCORPION_RIDER:2;SPIDER:13
919,0,0,true,,,utility,curriculum_pass,3,75,88265181961,88265135524,48,0,,false,25,25,3,3,GOBLIN:24;SPIDER:1,GOBLIN:24;SPIDER:1
920,0,0,true,,,curriculum_pass,utility,3,75,88265181961,88265135524,109,0,BLUE,false,0,15,3,3,GOBLIN:24;SPIDER:1,GOBLIN:24;SPIDER:1
921,0,0,true,,,utility,curriculum_pass,3,75,88265189880,88265144149,24,0,GREEN,false,6,0,3,3,SCORPION_RIDER:9;SPIDER:1,SCORPION_RIDER:9;SPIDER:1
922,0,0,true,,,curriculum_pass,utility,3,75,88265189880,88265144149,23,0,BLUE,false,0,6,3,3,SCORPION_RIDER:9;SPIDER:1,SCORPION_RIDER:9;SPIDER:1
923,0,0,true,,,utility,curriculum_pass,3,75,88273093042,88273084191,55,0,,false,10,9,3,3,ARCHER:1;MAGE:3;SCORPION_RIDER:6,ARCHER:1;MAGE:3;SCORPION_RIDER:6
924,0,0,true,,,curriculum_pass,utility,3,75,88273093042,88273084191,48,0,,false,10,10,3,3,ARCHER:1;MAGE:3;SCORPION_RIDER:6,ARCHER:1;MAGE:3;SCORPION_RIDER:6
925,0,0,true,,,utility,curriculum_pass,3,75,88273100961,88273092108,14,0,GREEN,false,7,0,3,3,ARCHER:8;GARGOYLE:3;SPIDER:2,ARCHER:8;GARGOYLE:3;SPIDER:2
926,0,0,true,,,curriculum_pass,utility,3,75,88273100961,88273092108,39,0,BLUE,false,0,6,3,3,ARCHER:8;GARGOYLE:3;SPIDER:2,ARCHER:8;GARGOYLE:3;SPIDER:2
927,0,0,true,,,utility,curriculum_pass,3,75,88273108880,88273084733,14,0,GREEN,false,3,0,3,3,ASSASSIN:8;GOBLIN:3;GOLEM:1,ASSASSIN:8;GOBLIN:3;GOLEM:1
928,0,0,true,,,curriculum_pass,utility,3,75,88273108880,88273084733,54,0,,false,7,7,3,3,ASSASSIN:8;GOBLIN:3;GOLEM:1,ASSASSIN:8;GOBLIN:3;GOLEM:1
929,0,0,true,,,utility,curriculum_pass,3,75,88281012042,88281024999,48,0,,false,23,23,4,4,ARCHER:2;GOBLIN:1;SPIDER:20,ARCHER:2;GOBLIN:1;SPIDER:20
930,0,0,true,,,curriculum_pass,utility,3,75,88281012042,88281024999,56,0,,false,22,23,4,4,ARCHER:2;GOBLIN:1;SPIDER:20,ARCHER:2;GOBLIN:1;SPIDER:20
931,0,0,true,,,utility,curriculum_pass,3,75,88281019961,88281032852,44,0,GREEN,false,9,0,2,2,GARGOYLE:5;GOLEM:4,GARGOYLE:5;GOLEM:4
932,0,0,true,,,curriculum_pass,utility,3,75,88281019961,88281032852,48,0,,false,9,9,2,2,GARGOYLE:5;GOLEM:4,GARGOYLE:5;GOLEM:4
933,0,0,true,,,utility,curriculum_pass,3,75,88281027880,88281009029,48,0,,false,25,25,3,3,GOBLIN:8;SPIDER:17,GOBLIN:8;SPIDER:17
934,0,0,true,,,curriculum_pass,utility,3,75,88281027880,88281009029,48,0,,false,25,25,3,3,GOBLIN:8;SPIDER:17,GOBLIN:8;SPIDER:17
935,0,0,true,,,utility,curriculum_pass,3,75,88288931042,88288981583,48,0,,false,8,8,3,3,GOBLIN:1;GOLEM:7,GOBLIN:1;GOLEM:7
936,0,0,true,,,curriculum_pass,utility,3,75,88288931042,88288981583,48,0,,false,8,8,3,3,GOBLIN:1;GOLEM:7,GOBLIN:1;GOLEM:7
937,0,0,true,,,utility,curriculum_pass,3,75,88288938961,88288957820,22,0,GREEN,false,5,0,3,3,ASSASSIN:1;GOLEM:4;MAGE:4,ASSASSIN:1;GOLEM:4;MAGE:4
938,0,0,true,,,curriculum_pass,utility,3,75,88288938961,88288957820,17,0,BLUE,false,0,8,3,3,ASSASSIN:1;GOLEM:4;MAGE:4,ASSASSIN:1;GOLEM:4;MAGE:4
939,0,0,true,,,utility,curriculum_pass,3,75,88288946880,88288965741,57,0,,false,11,6,3,3,ASSASSIN:4;GARGOYLE:6;SPIDER:1,ASSASSIN:4;GARGOYLE:6;SPIDER:1
940,0,0,true,,,curriculum_pass,utility,3,75,88288946880,88288965741,58,0,,false,6,11,3,3,ASSASSIN:4;GARGOYLE:6;SPIDER:1,ASSASSIN:4;GARGOYLE:6;SPIDER:1
941,0,0,true,,,utility,curriculum_pass,3,75,88296850042,88296905943,30,0,GREEN,false,4,0,3,3,ASSASSIN:5;GOLEM:4,ASSASSIN:5;GOLEM:4
942,0,0,true,,,curriculum_pass,utility,3,75,88296850042,88296905943,25,0,BLUE,false,0,2,3,3,ASSASSIN:5;GOLEM:4,ASSASSIN:5;GOLEM:4
943,0,0,true,,,utility,curriculum_pass,3,75,88296857961,88296914884,48,0,,false,12,12,3,3,ARCHER:8;GOBLIN:2;GOLEM:2,ARCHER:8;GOBLIN:2;GOLEM:2
944,0,0,true,,,curriculum_pass,utility,3,75,88296857961,88296914884,64,0,,false,3,4,3,3,ARCHER:8;GOBLIN:2;GOLEM:2,ARCHER:8;GOBLIN:2;GOLEM:2
945,0,0,true,,,utility,curriculum_pass,3,75,88296865880,88296890101,48,0,,false,23,23,4,4,GOBLIN:22;MAGE:1,GOBLIN:22;MAGE:1
946,0,0,true,,,curriculum_pass,utility,3,75,88296865880,88296890101,137,0,BLUE,false,0,23,4,4,GOBLIN:22;MAGE:1,GOBLIN:22;MAGE:1
947,0,0,true,,,utility,curriculum_pass,3,75,88304769042,88304715455,63,0,,false,4,2,3,3,ARCHER:8;GOBLIN:2;GOLEM:2,ARCHER:8;GOBLIN:2;GOLEM:2
948,0,0,true,,,curriculum_pass,utility,3,75,88304769042,88304715455,15,0,BLUE,false,0,10,3,3,ARCHER:8;GOBLIN:2;GOLEM:2,ARCHER:8;GOBLIN:2;GOLEM:2
949,0,0,true,,,utility,curriculum_pass,3,75,88304776961,88304724396,96,0,GREEN,false,24,0,4,4,ARCHER:1;GOBLIN:23,ARCHER:1;GOBLIN:23
950,0,0,true,,,curriculum_pass,utility,3,75,88304776961,88304724396,27,0,BLUE,false,0,16,4,4,ARCHER:1;GOBLIN:23,ARCHER:1;GOBLIN:23
951,0,0,true,,,utility,curriculum_pass,3,75,88304784880,88304831325,14,0,GREEN,false,8,0,2,2,ARCHER:5;SPIDER:15,ARCHER:5;SPIDER:15
952,0,0,true,,,curriculum_pass,utility,3,75,88304784880,88304831325,48,0,,false,20,20,2,2,ARCHER:5;SPIDER:15,ARCHER:5;SPIDER:15
953,0,0,true,,,utility,curriculum_pass,3,75,49430398042,49430452983,55,0,,false,17,15,4,4,ASSASSIN:1;GOBLIN:11;MAGE:5,ASSASSIN:1;GOBLIN:11;MAGE:5
954,0,0,true,,,curriculum_pass,utility,3,75,49430398042,49430452983,25,0,BLUE,false,0,8,4,4,ASSASSIN:1;GOBLIN:11;MAGE:5,ASSASSIN:1;GOBLIN:11;MAGE:5
955,0,0,true,,,utility,curriculum_pass,3,75,49438317042,49438263135,10,0,GREEN,false,7,0,3,3,ASSASSIN:2;MAGE:8;SPIDER:1,ASSASSIN:2;MAGE:8;SPIDER:1
956,0,0,true,,,curriculum_pass,utility,3,75,49438317042,49438263135,56,0,,false,8,10,3,3,ASSASSIN:2;MAGE:8;SPIDER:1,ASSASSIN:2;MAGE:8;SPIDER:1
957,0,0,true,,,utility,curriculum_pass,3,75,49446236042,49446220071,28,0,GREEN,false,1,0,3,3,ASSASSIN:10;GOBLIN:1,ASSASSIN:10;GOBLIN:1
958,0,0,true,,,curriculum_pass,utility,3,75,49446236042,49446220071,11,0,GREEN,false,2,0,3,3,ASSASSIN:10;GOBLIN:1,ASSASSIN:10;GOBLIN:1
959,0,0,true,,,utility,curriculum_pass,3,75,49454155042,49454144399,55,0,,false,5,4,3,3,ASSASSIN:7;GOBLIN:1;MAGE:3,ASSASSIN:7;GOBLIN:1;MAGE:3
960,0,0,true,,,curriculum_pass,utility,3,75,49454155042,49454144399,60,0,,false,3,5,3,3,ASSASSIN:7;GOBLIN:1;MAGE:3,ASSASSIN:7;GOBLIN:1;MAGE:3
961,0,0,true,,,utility,curriculum_pass,3,75,49462074042,49462084631,48,0,,false,11,11,3,3,MAGE:10;SPIDER:1,MAGE:10;SPIDER:1
962,0,0,true,,,curriculum_pass,utility,3,75,49462074042,49462084631,48,0,,false,11,11,3,3,MAGE:10;SPIDER:1,MAGE:10;SPIDER:1
963,0,0,true,,,utility,curriculum_pass,3,75,49469993042,49470041855,14,0,GREEN,false,10,0,2,2,ARCHER:5;SPIDER:15,ARCHER:5;SPIDER:15
964,0,0,true,,,curriculum_pass,utility,3,75,49469993042,49470041855,15,0,BLUE,false,0,18,2,2,ARCHER:5;SPIDER:15,ARCHER:5;SPIDER:15
965,0,0,true,,,utility,curriculum_pass,3,75,89025398042,89025354679,61,0,,false,11,7,3,3,GOLEM:2;MAGE:7;SPIDER:2,GOLEM:2;MAGE:7;SPIDER:2
966,0,0,true,,,curriculum_pass,utility,3,75,89025398042,89025354679,48,0,,false,11,11,3,3,GOLEM:2;MAGE:7;SPIDER:2,GOLEM:2;MAGE:7;SPIDER:2
967,0,0,true,,,utility,curriculum_pass,3,75,89025405961,89025362596,20,0,GREEN,false,4,0,3,3,GARGOYLE:2;GOBLIN:1;MAGE:8,GARGOYLE:2;GOBLIN:1;MAGE:8
968,0,0,true,,,curriculum_pass,utility,3,75,89025405961,89025362596,48,0,,false,11,11,3,3,GARGOYLE:2;GOBLIN:1;MAGE:8,GARGOYLE:2;GOBLIN:1;MAGE:8
969,0,0,true,,,utility,curriculum_pass,3,75,89025413880,89025469525,8,0,GREEN,false,10,0,2,2,ARCHER:3;ASSASSIN:8,ARCHER:3;ASSASSIN:8
970,0,0,true,,,curriculum_pass,utility,3,75,89025413880,89025469525,9,0,BLUE,false,0,7,2,2,ARCHER:3;ASSASSIN:8,ARCHER:3;ASSASSIN:8
971,0,0,true,,,utility,curriculum_pass,3,75,89033317042,89033294879,123,0,,false,5,3,2,2,GARGOYLE:5;GOLEM:4,GARGOYLE:5;GOLEM:4
972,0,0,true,,,curriculum_pass,utility,3,75,89033317042,89033294879,62,0,,false,4,9,2,2,GARGOYLE:5;GOLEM:4,GARGOYLE:5;GOLEM:4
973,0,0,true,,,utility,curriculum_pass,3,75,89033324961,89033303820,20,0,GREEN,false,15,0,3,3,SCORPION_RIDER:6;SPIDER:9,SCORPION_RIDER:6;SPIDER:9
974,0,0,true,,,curriculum_pass,utility,3,75,89033324961,89033303820,23,0,BLUE,false,0,8,3,3,SCORPION_RIDER:6;SPIDER:9,SCORPION_RIDER:6;SPIDER:9
975,0,0,true,,,utility,curriculum_pass,3,75,89033332880,89033279037,48,0,,false,11,11,3,3,MAGE:3;SCORPION_RIDER:6;SPIDER:2,MAGE:3;SCORPION_RIDER:6;SPIDER:2
976,0,0,true,,,curriculum_pass,utility,3,75,89033332880,89033279037,64,0,,false,3,5,3,3,MAGE:3;SCORPION_RIDER:6;SPIDER:2,MAGE:3;SCORPION_RIDER:6;SPIDER:2
977,0,0,true,,,utility,curriculum_pass,3,75,89041236042,89041252071,48,0,,false,11,11,3,3,GARGOYLE:5;GOLEM:3;SPIDER:3,GARGOYLE:5;GOLEM:3;SPIDER:3
978,0,0,true,,,curriculum_pass,utility,3,75,89041236042,89041252071,48,0,,false,11,11,3,3,GARGOYLE:5;GOLEM:3;SPIDER:3,GARGOYLE:5;GOLEM:3;SPIDER:3
979,0,0,true,,,utility,curriculum_pass,3,75,89041243961,89041228180,65,0,,false,5,2,3,3,ARCHER:8;GARGOYLE:3;GOBLIN:2,ARCHER:8;GARGOYLE:3;GOBLIN:2
980,0,0,true,,,curriculum_pass,utility,3,75,89041243961,89041228180,60,0,,false,11,12,3,3,ARCHER:8;GARGOYLE:3;GOBLIN:2,ARCHER:8;GARGOYLE:3;GOBLIN:2
981,0,0,true,,,utility,curriculum_pass,3,75,89041251880,89041236101,48,0,,false,16,16,2,2,GOBLIN:11;SCORPION_RIDER:5,GOBLIN:11;SCORPION_RIDER:5
982,0,0,true,,,curriculum_pass,utility,3,75,89041251880,89041236101,68,0,,false,5,15,2,2,GOBLIN:11;SCORPION_RIDER:5,GOBLIN:11;SCORPION_RIDER:5
983,0,0,true,,,utility,curriculum_pass,3,75,89049155042,89049176911,59,0,,false,10,8,3,3,ARCHER:2;ASSASSIN:2;MAGE:7,ARCHER:2;ASSASSIN:2;MAGE:7
984,0,0,true,,,curriculum_pass,utility,3,75,89049155042,89049176911,17,0,BLUE,false,0,4,3,3,ARCHER:2;ASSASSIN:2;MAGE:7,ARCHER:2;ASSASSIN:2;MAGE:7
985,0,0,true,,,utility,curriculum_pass,3,75,89049162961,89049184892,16,0,GREEN,false,16,0,2,2,ARCHER:7;GOBLIN:11,ARCHER:7;GOBLIN:11
986,0,0,true,,,curriculum_pass,utility,3,75,89049162961,89049184892,57,0,BLUE,false,0,12,2,2,ARCHER:7;GOBLIN:11,ARCHER:7;GOBLIN:11
987,0,0,true,,,utility,curriculum_pass,3,75,89049170880,89049161069,48,0,,false,17,17,3,3,GARGOYLE:6;SPIDER:11,GARGOYLE:6;SPIDER:11
988,0,0,true,,,curriculum_pass,utility,3,75,89049170880,89049161069,86,0,,false,6,6,3,3,GARGOYLE:6;SPIDER:11,GARGOYLE:6;SPIDER:11
989,0,0,true,,,utility,curriculum_pass,3,75,89057074042,89057117655,48,0,,false,18,18,3,3,GOBLIN:15;GOLEM:3,GOBLIN:15;GOLEM:3
990,0,0,true,,,curriculum_pass,utility,3,75,89057074042,89057117655,25,0,BLUE,false,0,5,3,3,GOBLIN:15;GOLEM:3,GOBLIN:15;GOLEM:3
991,0,0,true,,,utility,curriculum_pass,3,75,89057081961,89057125572,16,0,GREEN,false,15,0,2,2,GOLEM:4;SPIDER:11,GOLEM:4;SPIDER:11
992,0,0,true,,,curriculum_pass,utility,3,75,89057081961,89057125572,48,0,,false,15,15,2,2,GOLEM:4;SPIDER:11,GOLEM:4;SPIDER:11
993,0,0,true,,,utility,curriculum_pass,3,75,89057089880,89057101813,61,0,,false,5,6,3,3,GARGOYLE:1;GOLEM:4;MAGE:4,GARGOYLE:1;GOLEM:4;MAGE:4
994,0,0,true,,,curriculum_pass,utility,3,75,89057089880,89057101813,66,0,,false,8,9,3,3,GARGOYLE:1;GOLEM:4;MAGE:4,GARGOYLE:1;GOLEM:4;MAGE:4
995,0,0,true,,,utility,curriculum_pass,3,75,89064993042,89064943551,48,0,,false,10,10,2,2,MAGE:7;SCORPION_RIDER:3,MAGE:7;SCORPION_RIDER:3
996,0,0,true,,,curriculum_pass,utility,3,75,89064993042,89064943551,64,0,,false,4,3,2,2,MAGE:7;SCORPION_RIDER:3,MAGE:7;SCORPION_RIDER:3
997,0,0,true,,,utility,curriculum_pass,3,75,89065000961,89065049772,48,0,,false,17,17,2,2,GOBLIN:11;MAGE:6,GOBLIN:11;MAGE:6
998,0,0,true,,,curriculum_pass,utility,3,75,89065000961,89065049772,48,0,,false,17,17,2,2,GOBLIN:11;MAGE:6,GOBLIN:11;MAGE:6
999,0,0,true,,,utility,curriculum_pass,3,75,89065008880,89065058397,48,0,,false,14,14,3,3,GOBLIN:5;MAGE:8;SPIDER:1,GOBLIN:5;MAGE:8;SPIDER:1
1000,0,0,true,,,curriculum_pass,utility,3,75,89065008880,89065058397,58,0,,false,8,14,3,3,GOBLIN:5;MAGE:8;SPIDER:1,GOBLIN:5;MAGE:8;SPIDER:1
1001,0,0,true,,,utility,curriculum_pass,3,75,89072912042,89072867335,16,0,GREEN,false,3,0,4,4,ASSASSIN:3;GOBLIN:1;GOLEM:1;SCORPION_RIDER:5,ASSASSIN:3;GOBLIN:1;GOLEM:1;SCORPION_RIDER:5
1002,0,0,true,,,curriculum_pass,utility,3,75,89072912042,89072867335,13,0,BLUE,false,0,7,4,4,ASSASSIN:3;GOBLIN:1;GOLEM:1;SCORPION_RIDER:5,ASSASSIN:3;GOBLIN:1;GOLEM:1;SCORPION_RIDER:5
1003,0,0,true,,,utility,curriculum_pass,3,75,89072919961,89072876340,20,0,GREEN,false,1,0,3,3,MAGE:10;SPIDER:1,MAGE:10;SPIDER:1
1004,0,0,true,,,curriculum_pass,utility,3,75,89072919961,89072876340,19,0,BLUE,false,0,4,3,3,MAGE:10;SPIDER:1,MAGE:10;SPIDER:1
1005,0,0,true,,,utility,curriculum_pass,3,75,89072927880,89072982565,48,0,,false,17,17,3,3,GARGOYLE:6;GOBLIN:11,GARGOYLE:6;GOBLIN:11
1006,0,0,true,,,curriculum_pass,utility,3,75,89072927880,89072982565,64,0,,false,6,9,3,3,GARGOYLE:6;GOBLIN:11,GARGOYLE:6;GOBLIN:11
1007,0,0,true,,,utility,curriculum_pass,3,75,150611461042,150611451167,14,0,GREEN,false,5,0,3,3,GARGOYLE:3;GOBLIN:2;SCORPION_RIDER:6,GARGOYLE:3;GOBLIN:2;SCORPION_RIDER:6
1008,0,0,true,,,curriculum_pass,utility,3,75,150611461042,150611451167,15,0,BLUE,false,0,5,3,3,GARGOYLE:3;GOBLIN:2;SCORPION_RIDER:6,GARGOYLE:3;GOBLIN:2;SCORPION_RIDER:6
1009,0,0,true,,,utility,curriculum_pass,3,75,150611468961,150611459084,48,0,,false,12,12,3,3,ARCHER:7;GOBLIN:1;MAGE:4,ARCHER:7;GOBLIN:1;MAGE:4
1010,0,0,true,,,curriculum_pass,utility,3,75,150611468961,150611459084,56,0,,false,11,12,3,3,ARCHER:7;GOBLIN:1;MAGE:4,ARCHER:7;GOBLIN:1;MAGE:4
1011,0,0,true,,,utility,curriculum_pass,3,75,150611476880,150611435325,26,0,GREEN,false,10,0,2,2,GARGOYLE:5;SCORPION_RIDER:5,GARGOYLE:5;SCORPION_RIDER:5
1012,0,0,true,,,curriculum_pass,utility,3,75,150611476880,150611435325,66,0,,false,5,7,2,2,GARGOYLE:5;SCORPION_RIDER:5,GARGOYLE:5;SCORPION_RIDER:5
1013,0,0,true,,,utility,curriculum_pass,3,75,150611484799,150611443410,69,0,,false,10,2,3,3,ARCHER:8;GOBLIN:1;SCORPION_RIDER:3,ARCHER:8;GOBLIN:1;SCORPION_RIDER:3
1014,0,0,true,,,curriculum_pass,utility,3,75,150611484799,150611443410,11,0,BLUE,false,0,10,3,3,ARCHER:8;GOBLIN:1;SCORPION_RIDER:3,ARCHER:8;GOBLIN:1;SCORPION_RIDER:3
1015,0,0,true,,,utility,curriculum_pass,3,75,89080831042,89080808175,48,0,,false,19,19,3,3,MAGE:4;SPIDER:15,MAGE:4;SPIDER:15
1016,0,0,true,,,curriculum_pass,utility,3,75,89080831042,89080808175,82,0,,false,4,16,3,3,MAGE:4;SPIDER:15,MAGE:4;SPIDER:15
1017,0,0,true,,,utility,curriculum_pass,3,75,89080838961,89080817052,48,0,,false,11,11,3,3,ARCHER:7;GOBLIN:1;GOLEM:3,ARCHER:7;GOBLIN:1;GOLEM:3
1018,0,0,true,,,curriculum_pass,utility,3,75,89080838961,89080817052,15,0,BLUE,false,0,9,3,3,ARCHER:7;GOBLIN:1;GOLEM:3,ARCHER:7;GOBLIN:1;GOLEM:3
1019,0,0,true,,,utility,curriculum_pass,3,75,89080846880,89080792205,8,0,GREEN,false,6,0,2,2,ARCHER:4;ASSASSIN:7,ARCHER:4;ASSASSIN:7
1020,0,0,true,,,curriculum_pass,utility,3,75,89080846880,89080792205,9,0,BLUE,false,0,10,2,2,ARCHER:4;ASSASSIN:7,ARCHER:4;ASSASSIN:7
1021,0,0,true,,,utility,curriculum_pass,3,75,89088750042,89088765815,48,0,,false,18,18,4,4,ARCHER:7;GOBLIN:11,ARCHER:7;GOBLIN:11
1022,0,0,true,,,curriculum_pass,utility,3,75,89088750042,89088765815,56,0,,false,17,18,4,4,ARCHER:7;GOBLIN:11,ARCHER:7;GOBLIN:11
1023,0,0,true,,,utility,curriculum_pass,3,75,89088757961,89088740964,48,0,,false,17,17,3,3,ARCHER:8;SPIDER:9,ARCHER:8;SPIDER:9
1024,0,0,true,,,curriculum_pass,utility,3,75,89088757961,89088740964,62,0,,false,7,14,3,3,ARCHER:8;SPIDER:9,ARCHER:8;SPIDER:9
1025,0,0,true,,,utility,curriculum_pass,3,75,89088765880,89088749845,16,0,GREEN,false,9,0,3,3,GOBLIN:5;MAGE:8;SPIDER:1,GOBLIN:5;MAGE:8;SPIDER:1
1026,0,0,true,,,curriculum_pass,utility,3,75,89088765880,89088749845,48,0,,false,14,14,3,3,GOBLIN:5;MAGE:8;SPIDER:1,GOBLIN:5;MAGE:8;SPIDER:1
1027,0,0,true,,,utility,curriculum_pass,3,75,89096669042,89096690143,48,0,,false,15,15,3,3,GOBLIN:3;GOLEM:4;SPIDER:8,GOBLIN:3;GOLEM:4;SPIDER:8
1028,0,0,true,,,curriculum_pass,utility,3,75,89096669042,89096690143,48,0,,false,15,15,3,3,GOBLIN:3;GOLEM:4;SPIDER:8,GOBLIN:3;GOLEM:4;SPIDER:8
1029,0,0,true,,,utility,curriculum_pass,3,75,89096676961,89096698060,59,0,,false,11,13,3,3,ASSASSIN:2;GOBLIN:20,ASSASSIN:2;GOBLIN:20
1030,0,0,true,,,curriculum_pass,utility,3,75,89096676961,89096698060,58,0,,false,20,21,3,3,ASSASSIN:2;GOBLIN:20,ASSASSIN:2;GOBLIN:20
1031,0,0,true,,,utility,curriculum_pass,3,75,89096684880,89096674301,48,0,,false,11,11,3,3,GARGOYLE:2;MAGE:8;SPIDER:1,GARGOYLE:2;MAGE:8;SPIDER:1
1032,0,0,true,,,curriculum_pass,utility,3,75,89096684880,89096674301,48,0,,false,11,11,3,3,GARGOYLE:2;MAGE:8;SPIDER:1,GARGOYLE:2;MAGE:8;SPIDER:1
1033,0,0,true,,,utility,curriculum_pass,3,75,50222298042,50222312727,48,0,,false,19,19,2,2,GARGOYLE:4;SPIDER:15,GARGOYLE:4;SPIDER:15
1034,0,0,true,,,curriculum_pass,utility,3,75,50222298042,50222312727,48,0,,false,19,19,2,2,GARGOYLE:4;SPIDER:15,GARGOYLE:4;SPIDER:15
1035,0,0,true,,,utility,curriculum_pass,3,75,50230217042,50230237183,59,0,,false,9,7,3,3,ASSASSIN:7;GOBLIN:2;GOLEM:2,ASSASSIN:7;GOBLIN:2;GOLEM:2
1036,0,0,true,,,curriculum_pass,utility,3,75,50230217042,50230237183,60,0,,false,7,9,3,3,ASSASSIN:7;GOBLIN:2;GOLEM:2,ASSASSIN:7;GOBLIN:2;GOLEM:2
1037,0,0,true,,,utility,curriculum_pass,3,75,50238136042,50238177351,36,0,GREEN,false,6,0,2,2,GARGOYLE:5;GOLEM:4,GARGOYLE:5;GOLEM:4
1038,0,0,true,,,curriculum_pass,utility,3,75,50238136042,50238177351,48,0,,false,9,9,2,2,GARGOYLE:5;GOLEM:4,GARGOYLE:5;GOLEM:4
1039,0,0,true,,,utility,curriculum_pass,3,75,50246055042,50246003247,48,0,,false,13,13,3,3,ARCHER:8;MAGE:3;SPIDER:2,ARCHER:8;MAGE:3;SPIDER:2
1040,0,0,true,,,curriculum_pass,utility,3,75,50246055042,50246003247,13,0,BLUE,false,0,7,3,3,ARCHER:8;MAGE:3;SPIDER:2,ARCHER:8;MAGE:3;SPIDER:2
1041,0,0,true,,,utility,curriculum_pass,3,75,50253974042,50253927607,59,0,,false,10,6,4,4,ASSASSIN:4;GARGOYLE:6;SPIDER:1,ASSASSIN:4;GARGOYLE:6;SPIDER:1
1042,0,0,true,,,curriculum_pass,utility,3,75,50253974042,50253927607,54,0,,false,8,10,4,4,ASSASSIN:4;GARGOYLE:6;SPIDER:1,ASSASSIN:4;GARGOYLE:6;SPIDER:1
1043,0,0,true,,,utility,curriculum_pass,3,75,50261893042,50261868831,48,0,,false,16,16,3,3,SCORPION_RIDER:5;SPIDER:11,SCORPION_RIDER:5;SPIDER:11
1044,0,0,true,,,curriculum_pass,utility,3,75,50261893042,50261868831,13,0,BLUE,false,0,15,3,3,SCORPION_RIDER:5;SPIDER:11,SCORPION_RIDER:5;SPIDER:11
1045,0,0,true,,,utility,curriculum_pass,3,75,89817298042,89817344727,78,0,GREEN,false,24,0,3,3,ARCHER:1;GOBLIN:11;SPIDER:12,ARCHER:1;GOBLIN:11;SPIDER:12
1046,0,0,true,,,curriculum_pass,utility,3,75,89817298042,89817344727,48,0,,false,24,24,3,3,ARCHER:1;GOBLIN:11;SPIDER:12,ARCHER:1;GOBLIN:11;SPIDER:12
1047,0,0,true,,,utility,curriculum_pass,3,75,89817305961,89817320900,48,0,,false,15,15,3,3,GOBLIN:2;GOLEM:4;SPIDER:9,GOBLIN:2;GOLEM:4;SPIDER:9
1048,0,0,true,,,curriculum_pass,utility,3,75,89817305961,89817320900,29,0,BLUE,false,0,7,3,3,GOBLIN:2;GOLEM:4;SPIDER:9,GOBLIN:2;GOLEM:4;SPIDER:9
1049,0,0,true,,,utility,curriculum_pass,3,75,89817313880,89817328885,12,0,GREEN,false,6,0,3,3,ARCHER:12;SPIDER:1,ARCHER:12;SPIDER:1
1050,0,0,true,,,curriculum_pass,utility,3,75,89817313880,89817328885,68,0,,false,8,11,3,3,ARCHER:12;SPIDER:1,ARCHER:12;SPIDER:1
1051,0,0,true,,,utility,curriculum_pass,3,75,89825217042,89825268927,6,0,GREEN,false,8,0,3,3,ASSASSIN:8;GOBLIN:1;MAGE:2,ASSASSIN:8;GOBLIN:1;MAGE:2
1052,0,0,true,,,curriculum_pass,utility,3,75,89825217042,89825268927,7,0,BLUE,false,0,6,3,3,ASSASSIN:8;GOBLIN:1;MAGE:2,ASSASSIN:8;GOBLIN:1;MAGE:2
1053,0,0,true,,,utility,curriculum_pass,3,75,89825224961,89825277868,10,0,GREEN,false,16,0,3,3,ARCHER:7;GOBLIN:11,ARCHER:7;GOBLIN:11
1054,0,0,true,,,curriculum_pass,utility,3,75,89825224961,89825277868,13,0,BLUE,false,0,17,3,3,ARCHER:7;GOBLIN:11,ARCHER:7;GOBLIN:11
1055,0,0,true,,,utility,curriculum_pass,3,75,89825232880,89825253725,16,0,GREEN,false,13,0,3,3,GARGOYLE:6;GOBLIN:11,GARGOYLE:6;GOBLIN:11
1056,0,0,true,,,curriculum_pass,utility,3,75,89825232880,89825253725,23,0,BLUE,false,0,13,3,3,GARGOYLE:6;GOBLIN:11,GARGOYLE:6;GOBLIN:11
1057,0,0,true,,,utility,curriculum_pass,3,75,151363766042,151363721655,61,0,,false,11,5,3,3,GOBLIN:2;SCORPION_RIDER:6;SPIDER:7,GOBLIN:2;SCORPION_RIDER:6;SPIDER:7
1058,0,0,true,,,curriculum_pass,utility,3,75,151363766042,151363721655,48,0,,false,15,15,3,3,GOBLIN:2;SCORPION_RIDER:6;SPIDER:7,GOBLIN:2;SCORPION_RIDER:6;SPIDER:7
1059,0,0,true,,,utility,curriculum_pass,3,75,151363773961,151363729572,55,0,,false,8,9,2,2,GARGOYLE:6;SCORPION_RIDER:4,GARGOYLE:6;SCORPION_RIDER:4
1060,0,0,true,,,curriculum_pass,utility,3,75,151363773961,151363729572,48,0,,false,10,10,2,2,GARGOYLE:6;SCORPION_RIDER:4,GARGOYLE:6;SCORPION_RIDER:4
1061,0,0,true,,,utility,curriculum_pass,3,75,151363781880,151363836501,10,0,GREEN,false,6,0,3,3,ASSASSIN:10;SPIDER:1,ASSASSIN:10;SPIDER:1
1062,0,0,true,,,curriculum_pass,utility,3,75,151363781880,151363836501,9,0,BLUE,false,0,6,3,3,ASSASSIN:10;SPIDER:1,ASSASSIN:10;SPIDER:1
1063,0,0,true,,,utility,curriculum_pass,3,75,151363789799,151363845450,48,0,,false,18,18,3,3,GARGOYLE:5;GOBLIN:12;SPIDER:1,GARGOYLE:5;GOBLIN:12;SPIDER:1
1064,0,0,true,,,curriculum_pass,utility,3,75,151363789799,151363845450,58,0,,false,17,18,3,3,GARGOYLE:5;GOBLIN:12;SPIDER:1,GARGOYLE:5;GOBLIN:12;SPIDER:1
1065,0,0,true,,,utility,curriculum_pass,3,75,89833136042,89833079047,12,0,GREEN,false,5,0,3,3,ASSASSIN:8;GOLEM:1;MAGE:1,ASSASSIN:8;GOLEM:1;MAGE:1
1066,0,0,true,,,curriculum_pass,utility,3,75,89833136042,89833079047,15,0,BLUE,false,0,6,3,3,ASSASSIN:8;GOLEM:1;MAGE:1,ASSASSIN:8;GOLEM:1;MAGE:1
1067,0,0,true,,,utility,curriculum_pass,3,75,89833143961,89833087028,12,0,GREEN,false,6,0,4,4,ASSASSIN:5;GARGOYLE:1;GOBLIN:11,ASSASSIN:5;GARGOYLE:1;GOBLIN:11
1068,0,0,true,,,curriculum_pass,utility,3,75,89833143961,89833087028,74,0,,false,4,2,4,4,ASSASSIN:5;GARGOYLE:1;GOBLIN:11,ASSASSIN:5;GARGOYLE:1;GOBLIN:11
1069,0,0,true,,,utility,curriculum_pass,3,75,89833151880,89833194277,14,0,GREEN,false,7,0,3,3,GOLEM:1;MAGE:8;SCORPION_RIDER:1,GOLEM:1;MAGE:8;SCORPION_RIDER:1
1070,0,0,true,,,curriculum_pass,utility,3,75,89833151880,89833194277,15,0,BLUE,false,0,7,3,3,GOLEM:1;MAGE:8;SCORPION_RIDER:1,GOLEM:1;MAGE:8;SCORPION_RIDER:1
1071,0,0,true,,,utility,curriculum_pass,3,75,151371685042,151371661855,48,0,,false,15,15,3,3,GOBLIN:11;GOLEM:4,GOBLIN:11;GOLEM:4
1072,0,0,true,,,curriculum_pass,utility,3,75,151371685042,151371661855,21,0,BLUE,false,0,6,3,3,GOBLIN:11;GOLEM:4,GOBLIN:11;GOLEM:4
1073,0,0,true,,,utility,curriculum_pass,3,75,151371692961,151371670796,48,0,,false,17,17,3,3,ARCHER:8;GOBLIN:1;SPIDER:8,ARCHER:8;GOBLIN:1;SPIDER:8
1074,0,0,true,,,curriculum_pass,utility,3,75,151371692961,151371670796,13,0,BLUE,false,0,9,3,3,ARCHER:8;GOBLIN:1;SPIDER:8,ARCHER:8;GOBLIN:1;SPIDER:8
1075,0,0,true,,,utility,curriculum_pass,3,75,151371700880,151371646013,10,0,GREEN,false,13,0,3,3,ASSASSIN:4;SPIDER:15,ASSASSIN:4;SPIDER:15
1076,0,0,true,,,curriculum_pass,utility,3,75,151371700880,151371646013,9,0,BLUE,false,0,15,3,3,ASSASSIN:4;SPIDER:15,ASSASSIN:4;SPIDER:15
1077,0,0,true,,,utility,curriculum_pass,3,75,151371708799,151371655122,18,0,GREEN,false,7,0,3,3,ARCHER:8;GARGOYLE:3;SPIDER:2,ARCHER:8;GARGOYLE:3;SPIDER:2
1078,0,0,true,,,curriculum_pass,utility,3,75,151371708799,151371655122,60,0,,false,11,12,3,3,ARCHER:8;GARGOYLE:3;SPIDER:2,ARCHER:8;GARGOYLE:3;SPIDER:2
1079,0,0,true,,,utility,curriculum_pass,3,75,89841055042,89841036271,32,0,GREEN,false,6,0,3,3,GOBLIN:1;GOLEM:3;SCORPION_RIDER:5,GOBLIN:1;GOLEM:3;SCORPION_RIDER:5
1080,0,0,true,,,curriculum_pass,utility,3,75,89841055042,89841036271,23,0,BLUE,false,0,7,3,3,GOBLIN:1;GOLEM:3;SCORPION_RIDER:5,GOBLIN:1;GOLEM:3;SCORPION_RIDER:5
1081,0,0,true,,,utility,curriculum_pass,3,75,89841062961,89841011356,48,0,,false,17,17,3,3,GARGOYLE:6;SPIDER:11,GARGOYLE:6;SPIDER:11
1082,0,0,true,,,curriculum_pass,utility,3,75,89841062961,89841011356,80,0,,false,5,6,3,3,GARGOYLE:6;SPIDER:11,GARGOYLE:6;SPIDER:11
1083,0,0,true,,,utility,curriculum_pass,3,75,89841070880,89841020301,75,0,,false,7,3,2,2,GARGOYLE:5;GOLEM:4,GARGOYLE:5;GOLEM:4
1084,0,0,true,,,curriculum_pass,utility,3,75,89841070880,89841020301,48,0,,false,9,9,2,2,GARGOYLE:5;GOLEM:4,GARGOYLE:5;GOLEM:4
1085,0,0,true,,,utility,curriculum_pass,3,75,89848974042,89848960119,59,0,,false,10,8,3,3,ARCHER:12;GOBLIN:1,ARCHER:12;GOBLIN:1
1086,0,0,true,,,curriculum_pass,utility,3,75,89848974042,89848960119,58,0,,false,6,7,3,3,ARCHER:12;GOBLIN:1,ARCHER:12;GOBLIN:1
1087,0,0,true,,,utility,curriculum_pass,3,75,89848981961,89848969060,48,0,,false,25,25,2,2,SPIDER:25,SPIDER:25
1088,0,0,true,,,curriculum_pass,utility,3,75,89848981961,89848969060,60,0,,false,13,13,2,2,SPIDER:25,SPIDER:25
1089,0,0,true,,,utility,curriculum_pass,3,75,89848989880,89848944149,48,0,,false,10,10,3,3,SCORPION_RIDER:9;SPIDER:1,SCORPION_RIDER:9;SPIDER:1
1090,0,0,true,,,curriculum_pass,utility,3,75,89848989880,89848944149,80,0,,false,2,3,3,3,SCORPION_RIDER:9;SPIDER:1,SCORPION_RIDER:9;SPIDER:1
1091,0,0,true,,,utility,curriculum_pass,3,75,89856893042,89856917215,48,0,GREEN,false,11,0,3,3,GARGOYLE:4;GOBLIN:2;SCORPION_RIDER:5,GARGOYLE:4;GOBLIN:2;SCORPION_RIDER:5
1092,0,0,true,,,curriculum_pass,utility,3,75,89856893042,89856917215,17,0,BLUE,false,0,6,3,3,GARGOYLE:4;GOBLIN:2;SCORPION_RIDER:5,GARGOYLE:4;GOBLIN:2;SCORPION_RIDER:5
1093,0,0,true,,,utility,curriculum_pass,3,75,89856900961,89856909772,48,0,,false,22,22,4,4,ARCHER:1;GOBLIN:20;SCORPION_RIDER:1,ARCHER:1;GOBLIN:20;SCORPION_RIDER:1
1094,0,0,true,,,curriculum_pass,utility,3,75,89856900961,89856909772,17,0,BLUE,false,0,13,4,4,ARCHER:1;GOBLIN:20;SCORPION_RIDER:1,ARCHER:1;GOBLIN:20;SCORPION_RIDER:1
1095,0,0,true,,,utility,curriculum_pass,3,75,89856908880,89856884989,26,0,GREEN,false,9,0,3,3,GARGOYLE:6;MAGE:4;SPIDER:1,GARGOYLE:6;MAGE:4;SPIDER:1
1096,0,0,true,,,curriculum_pass,utility,3,75,89856908880,89856884989,48,0,,false,11,11,3,3,GARGOYLE:6;MAGE:4;SPIDER:1,GARGOYLE:6;MAGE:4;SPIDER:1
1097,0,0,true,,,utility,curriculum_pass,3,75,151395442042,151395484631,14,0,GREEN,false,5,0,3,3,ARCHER:8;ASSASSIN:3;GOBLIN:2,ARCHER:8;ASSASSIN:3;GOBLIN:2
1098,0,0,true,,,curriculum_pass,utility,3,75,151395442042,151395484631,9,0,BLUE,false,0,9,3,3,ARCHER:8;ASSASSIN:3;GOBLIN:2,ARCHER:8;ASSASSIN:3;GOBLIN:2
1099,0,0,true,,,utility,curriculum_pass,3,75,151395449961,151395492548,8,0,GREEN,false,10,0,2,2,MAGE:7;SCORPION_RIDER:3,MAGE:7;SCORPION_RIDER:3
1100,0,0,true,,,curriculum_pass,utility,3,75,151395449961,151395492548,13,0,BLUE,false,0,10,2,2,MAGE:7;SCORPION_RIDER:3,MAGE:7;SCORPION_RIDER:3
1101,0,0,true,,,utility,curriculum_pass,3,75,151395457880,151395468789,48,0,,false,19,19,3,3,GARGOYLE:4;SPIDER:15,GARGOYLE:4;SPIDER:15
1102,0,0,true,,,curriculum_pass,utility,3,75,151395457880,151395468789,48,0,,false,19,19,3,3,GARGOYLE:4;SPIDER:15,GARGOYLE:4;SPIDER:15
1103,0,0,true,,,utility,curriculum_pass,3,75,151395465799,151395476714,69,0,,false,9,5,3,3,ARCHER:11;SCORPION_RIDER:1,ARCHER:11;SCORPION_RIDER:1
1104,0,0,true,,,curriculum_pass,utility,3,75,151395465799,151395476714,60,0,,false,7,12,3,3,ARCHER:11;SCORPION_RIDER:1,ARCHER:11;SCORPION_RIDER:1
1105,0,0,true,,,utility,curriculum_pass,3,75,89864812042,89864857767,48,0,,false,15,15,3,3,SCORPION_RIDER:6;SPIDER:9,SCORPION_RIDER:6;SPIDER:9
1106,0,0,true,,,curriculum_pass,utility,3,75,89864812042,89864857767,19,0,BLUE,false,0,13,3,3,SCORPION_RIDER:6;SPIDER:9,SCORPION_RIDER:6;SPIDER:9
1107,0,0,true,,,utility,curriculum_pass,3,75,89864819961,89864833620,48,0,,false,11,11,3,3,GARGOYLE:10;GOBLIN:1,GARGOYLE:10;GOBLIN:1
1108,0,0,true,,,curriculum_pass,utility,3,75,89864819961,89864833620,96,0,,false,5,9,3,3,GARGOYLE:10;GOBLIN:1,GARGOYLE:10;GOBLIN:1
1109,0,0,true,,,utility,curriculum_pass,3,75,89864827880,89864842565,48,0,,false,12,12,3,3,ARCHER:7;GARGOYLE:4;GOBLIN:1,ARCHER:7;GARGOYLE:4;GOBLIN:1
1110,0,0,true,,,curriculum_pass,utility,3,75,89864827880,89864842565,27,0,BLUE,false,0,7,3,3,ARCHER:7;GARGOYLE:4;GOBLIN:1,ARCHER:7;GARGOYLE:4;GOBLIN:1
1111,0,0,true,,,utility,curriculum_pass,3,75,89872731042,89872782607,48,0,,false,25,25,2,2,SPIDER:25,SPIDER:25
1112,0,0,true,,,curriculum_pass,utility,3,75,89872731042,89872782607,48,0,,false,25,25,2,2,SPIDER:25,SPIDER:25
1113,0,0,true,,,utility,curriculum_pass,3,75,89872738961,89872790588,30,0,GREEN,false,5,0,3,3,GOBLIN:12;GOLEM:3;SCORPION_RIDER:1,GOBLIN:12;GOLEM:3;SCORPION_RIDER:1
1114,0,0,true,,,curriculum_pass,utility,3,75,89872738961,89872790588,48,0,,false,16,16,3,3,GOBLIN:12;GOLEM:3;SCORPION_RIDER:1,GOBLIN:12;GOLEM:3;SCORPION_RIDER:1
1115,0,0,true,,,utility,curriculum_pass,3,75,89872746880,89872766765,26,0,GREEN,false,9,0,3,3,ASSASSIN:4;GARGOYLE:6;GOBLIN:1,ASSASSIN:4;GARGOYLE:6;GOBLIN:1
1116,0,0,true,,,curriculum_pass,utility,3,75,89872746880,89872766765,58,0,,false,7,8,3,3,ASSASSIN:4;GARGOYLE:6;GOBLIN:1,ASSASSIN:4;GARGOYLE:6;GOBLIN:1
1117,0,0,true,,,utility,curriculum_pass,3,75,89880650042,89880608663,14,0,GREEN,false,3,0,3,3,ASSASSIN:2;MAGE:8;SPIDER:1,ASSASSIN:2;MAGE:8;SPIDER:1
1118,0,0,true,,,curriculum_pass,utility,3,75,89880650042,89880608663,11,0,BLUE,false,0,6,3,3,ASSASSIN:2;MAGE:8;SPIDER:1,ASSASSIN:2;MAGE:8;SPIDER:1
1119,0,0,true,,,utility,curriculum_pass,3,75,89880657961,89880714884,57,0,,false,17,15,3,3,SPIDER:25,SPIDER:25
1120,0,0,true,,,curriculum_pass,utility,3,75,89880657961,89880714884,66,0,,false,14,17,3,3,SPIDER:25,SPIDER:25
1121,0,0,true,,,utility,curriculum_pass,3,75,89880665880,89880707509,63,0,,false,4,5,3,3,ARCHER:12;GOBLIN:1,ARCHER:12;GOBLIN:1
1122,0,0,true,,,curriculum_pass,utility,3,75,89880665880,89880707509,27,0,BLUE,false,0,4,3,3,ARCHER:12;GOBLIN:1,ARCHER:12;GOBLIN:1
1123,0,0,true,,,utility,curriculum_pass,3,75,89888569042,89888548991,55,0,,false,11,9,3,3,GOBLIN:2;GOLEM:2;MAGE:7,GOBLIN:2;GOLEM:2;MAGE:7
1124,0,0,true,,,curriculum_pass,utility,3,75,89888569042,89888548991,56,0,,false,9,11,3,3,GOBLIN:2;GOLEM:2;MAGE:7,GOBLIN:2;GOLEM:2;MAGE:7
1125,0,0,true,,,utility,curriculum_pass,3,75,89888576961,89888525164,62,0,GREEN,false,7,0,3,3,ARCHER:5;GOBLIN:1;SCORPION_RIDER:5,ARCHER:5;GOBLIN:1;SCORPION_RIDER:5
1126,0,0,true,,,curriculum_pass,utility,3,75,89888576961,89888525164,48,0,,false,11,11,3,3,ARCHER:5;GOBLIN:1;SCORPION_RIDER:5,ARCHER:5;GOBLIN:1;SCORPION_RIDER:5
1127,0,0,true,,,utility,curriculum_pass,3,75,89888584880,89888533021,48,0,,false,16,16,3,3,ARCHER:9;GOBLIN:7,ARCHER:9;GOBLIN:7
1128,0,0,true,,,curriculum_pass,utility,3,75,89888584880,89888533021,70,0,,false,3,8,3,3,ARCHER:9;GOBLIN:7,ARCHER:9;GOBLIN:7
1129,0,0,true,,,utility,curriculum_pass,3,75,51014198042,51014155703,61,0,,false,10,8,3,3,GOBLIN:1;MAGE:10,GOBLIN:1;MAGE:10
1130,0,0,true,,,curriculum_pass,utility,3,75,51014198042,51014155703,48,0,,false,11,11,3,3,GOBLIN:1;MAGE:10,GOBLIN:1;MAGE:10
1131,0,0,true,,,utility,curriculum_pass,3,75,51022117042,51022095903,48,0,,false,17,17,3,3,ARCHER:8;GOBLIN:9,ARCHER:8;GOBLIN:9
1132,0,0,true,,,curriculum_pass,utility,3,75,51022117042,51022095903,17,0,BLUE,false,0,11,3,3,ARCHER:8;GOBLIN:9,ARCHER:8;GOBLIN:9
1133,0,0,true,,,utility,curriculum_pass,3,75,51030036042,51030020327,14,0,GREEN,false,10,0,2,2,ASSASSIN:7;SPIDER:8,ASSASSIN:7;SPIDER:8
1134,0,0,true,,,curriculum_pass,utility,3,75,51030036042,51030020327,58,0,,false,5,10,2,2,ASSASSIN:7;SPIDER:8,ASSASSIN:7;SPIDER:8
1135,0,0,true,,,utility,curriculum_pass,3,75,51037955042,51037977935,12,0,GREEN,false,4,0,3,3,ASSASSIN:7;GOBLIN:8,ASSASSIN:7;GOBLIN:8
1136,0,0,true,,,curriculum_pass,utility,3,75,51037955042,51037977935,17,0,BLUE,false,0,4,3,3,ASSASSIN:7;GOBLIN:8,ASSASSIN:7;GOBLIN:8
1137,0,0,true,,,utility,curriculum_pass,3,75,51045874042,51045918679,48,0,,false,10,10,3,3,ARCHER:2;MAGE:3;SCORPION_RIDER:5,ARCHER:2;MAGE:3;SCORPION_RIDER:5
1138,0,0,true,,,curriculum_pass,utility,3,75,51045874042,51045918679,48,0,,false,10,10,3,3,ARCHER:2;MAGE:3;SCORPION_RIDER:5,ARCHER:2;MAGE:3;SCORPION_RIDER:5
1139,0,0,true,,,utility,curriculum_pass,3,75,51053793042,51053842879,40,0,GREEN,false,4,0,4,4,ASSASSIN:7;GOBLIN:1;GOLEM:2;SPIDER:1,ASSASSIN:7;GOBLIN:1;GOLEM:2;SPIDER:1
1140,0,0,true,,,curriculum_pass,utility,3,75,51053793042,51053842879,62,0,,false,2,8,4,4,ASSASSIN:7;GOBLIN:1;GOLEM:2;SPIDER:1,ASSASSIN:7;GOBLIN:1;GOLEM:2;SPIDER:1
1141,0,0,true,,,utility,curriculum_pass,3,75,90609198042,90609188215,48,0,,false,12,12,3,3,ARCHER:8;GOBLIN:1;SCORPION_RIDER:3,ARCHER:8;GOBLIN:1;SCORPION_RIDER:3
1142,0,0,true,,,curriculum_pass,utility,3,75,90609198042,90609188215,48,0,,false,12,12,3,3,ARCHER:8;GOBLIN:1;SCORPION_RIDER:3,ARCHER:8;GOBLIN:1;SCORPION_RIDER:3
1143,0,0,true,,,utility,curriculum_pass,3,75,90609205961,90609163364,65,0,,false,13,3,2,2,GOBLIN:12;SPIDER:13,GOBLIN:12;SPIDER:13
1144,0,0,true,,,curriculum_pass,utility,3,75,90609205961,90609163364,48,0,,false,25,25,2,2,GOBLIN:12;SPIDER:13,GOBLIN:12;SPIDER:13
1145,0,0,true,,,utility,curriculum_pass,3,75,90609213880,90609172245,22,0,GREEN,false,15,0,2,2,GOBLIN:11;MAGE:6,GOBLIN:11;MAGE:6
1146,0,0,true,,,curriculum_pass,utility,3,75,90609213880,90609172245,48,0,,false,17,17,2,2,GOBLIN:11;MAGE:6,GOBLIN:11;MAGE:6
1147,0,0,true,,,utility,curriculum_pass,3,75,90617117042,90617128927,26,0,GREEN,false,2,0,3,3,ARCHER:7;ASSASSIN:4;GOBLIN:1,ARCHER:7;ASSASSIN:4;GOBLIN:1
1148,0,0,true,,,curriculum_pass,utility,3,75,90617117042,90617128927,15,0,BLUE,false,0,9,3,3,ARCHER:7;ASSASSIN:4;GOBLIN:1,ARCHER:7;ASSASSIN:4;GOBLIN:1
1149,0,0,true,,,utility,curriculum_pass,3,75,90617124961,90617104076,48,0,,false,14,14,2,2,MAGE:8;SPIDER:6,MAGE:8;SPIDER:6
1150,0,0,true,,,curriculum_pass,utility,3,75,90617124961,90617104076,54,0,,false,8,14,2,2,MAGE:8;SPIDER:6,MAGE:8;SPIDER:6
1151,0,0,true,,,utility,curriculum_pass,3,75,90617132880,90617113085,8,0,GREEN,false,9,0,2,2,ASSASSIN:7;SPIDER:8,ASSASSIN:7;SPIDER:8
1152,0,0,true,,,curriculum_pass,utility,3,75,90617132880,90617113085,62,0,,false,2,8,2,2,ASSASSIN:7;SPIDER:8,ASSASSIN:7;SPIDER:8
1153,0,0,true,,,utility,curriculum_pass,3,75,90625036042,90625053095,57,0,,false,3,4,3,3,ASSASSIN:9;GOBLIN:4,ASSASSIN:9;GOBLIN:4
1154,0,0,true,,,curriculum_pass,utility,3,75,90625036042,90625053095,11,0,BLUE,false,0,8,3,3,ASSASSIN:9;GOBLIN:4,ASSASSIN:9;GOBLIN:4
1155,0,0,true,,,utility,curriculum_pass,3,75,90625043961,90625061716,14,0,GREEN,false,12,0,3,3,ASSASSIN:1;GARGOYLE:5;GOBLIN:11,ASSASSIN:1;GARGOYLE:5;GOBLIN:11
1156,0,0,true,,,curriculum_pass,utility,3,75,90625043961,90625061716,23,0,BLUE,false,0,14,3,3,ASSASSIN:1;GARGOYLE:5;GOBLIN:11,ASSASSIN:1;GARGOYLE:5;GOBLIN:11
1157,0,0,true,,,utility,curriculum_pass,3,75,90625051880,90625036869,69,0,,false,11,1,3,3,ARCHER:7;GOBLIN:11,ARCHER:7;GOBLIN:11
1158,0,0,true,,,curriculum_pass,utility,3,75,90625051880,90625036869,62,0,,false,8,10,3,3,ARCHER:7;GOBLIN:11,ARCHER:7;GOBLIN:11
1159,0,0,true,,,utility,curriculum_pass,3,75,90632955042,90633009679,59,0,,false,6,7,3,3,ASSASSIN:5;GARGOYLE:5;SPIDER:1,ASSASSIN:5;GARGOYLE:5;SPIDER:1
1160,0,0,true,,,curriculum_pass,utility,3,75,90632955042,90633009679,60,0,,false,5,6,3,3,ASSASSIN:5;GARGOYLE:5;SPIDER:1,ASSASSIN:5;GARGOYLE:5;SPIDER:1
1161,0,0,true,,,utility,curriculum_pass,3,75,90632962961,90632985916,12,0,GREEN,false,5,0,2,2,ARCHER:3;MAGE:8,ARCHER:3;MAGE:8
1162,0,0,true,,,curriculum_pass,utility,3,75,90632962961,90632985916,62,0,,false,3,5,2,2,ARCHER:3;MAGE:8,ARCHER:3;MAGE:8
1163,0,0,true,,,utility,curriculum_pass,3,75,90632970880,90632993837,57,0,,false,7,7,3,3,ASSASSIN:4;MAGE:1;SCORPION_RIDER:5,ASSASSIN:4;MAGE:1;SCORPION_RIDER:5
1164,0,0,true,,,curriculum_pass,utility,3,75,90632970880,90632993837,9,0,BLUE,false,0,4,3,3,ASSASSIN:4;MAGE:1;SCORPION_RIDER:5,ASSASSIN:4;MAGE:1;SCORPION_RIDER:5
1165,0,0,true,,,utility,curriculum_pass,3,75,90640874042,90640819351,12,0,GREEN,false,3,0,3,3,ASSASSIN:8;GOBLIN:1;SCORPION_RIDER:2,ASSASSIN:8;GOBLIN:1;SCORPION_RIDER:2
1166,0,0,true,,,curriculum_pass,utility,3,75,90640874042,90640819351,11,0,BLUE,false,0,1,3,3,ASSASSIN:8;GOBLIN:1;SCORPION_RIDER:2,ASSASSIN:8;GOBLIN:1;SCORPION_RIDER:2
1167,0,0,true,,,utility,curriculum_pass,3,75,90640881961,90640926596,48,0,,false,15,15,2,2,GOBLIN:11;GOLEM:4,GOBLIN:11;GOLEM:4
1168,0,0,true,,,curriculum_pass,utility,3,75,90640881961,90640926596,48,0,,false,15,15,2,2,GOBLIN:11;GOLEM:4,GOBLIN:11;GOLEM:4
1169,0,0,true,,,utility,curriculum_pass,3,75,90640889880,90640934581,48,0,,false,19,19,3,3,ARCHER:6;GOBLIN:13,ARCHER:6;GOBLIN:13
1170,0,0,true,,,curriculum_pass,utility,3,75,90640889880,90640934581,11,0,BLUE,false,0,19,3,3,ARCHER:6;GOBLIN:13,ARCHER:6;GOBLIN:13
1171,0,0,true,,,utility,curriculum_pass,3,75,90648793042,90648744319,48,0,,false,8,8,3,3,GOLEM:7;SPIDER:1,GOLEM:7;SPIDER:1
1172,0,0,true,,,curriculum_pass,utility,3,75,90648793042,90648744319,48,0,,false,8,8,3,3,GOLEM:7;SPIDER:1,GOLEM:7;SPIDER:1
1173,0,0,true,,,utility,curriculum_pass,3,75,90648800961,90648752236,26,0,GREEN,false,17,0,2,2,GOBLIN:11;SPIDER:14,GOBLIN:11;SPIDER:14
1174,0,0,true,,,curriculum_pass,utility,3,75,90648800961,90648752236,13,0,BLUE,false,0,24,2,2,GOBLIN:11;SPIDER:14,GOBLIN:11;SPIDER:14
1175,0,0,true,,,utility,curriculum_pass,3,75,90648808880,90648859421,10,0,GREEN,false,6,0,3,3,ASSASSIN:8;GOBLIN:1;MAGE:2,ASSASSIN:8;GOBLIN:1;MAGE:2
1176,0,0,true,,,curriculum_pass,utility,3,75,90648808880,90648859421,9,0,BLUE,false,0,8,3,3,ASSASSIN:8;GOBLIN:1;MAGE:2,ASSASSIN:8;GOBLIN:1;MAGE:2
1177,0,0,true,,,utility,curriculum_pass,3,75,90656712042,90656701383,20,0,GREEN,false,10,0,3,3,ARCHER:4;GARGOYLE:6;SCORPION_RIDER:1,ARCHER:4;GARGOYLE:6;SCORPION_RIDER:1
1178,0,0,true,,,curriculum_pass,utility,3,75,90656712042,90656701383,21,0,BLUE,false,0,10,3,3,ARCHER:4;GARGOYLE:6;SCORPION_RIDER:1,ARCHER:4;GARGOYLE:6;SCORPION_RIDER:1
1179,0,0,true,,,utility,curriculum_pass,3,75,90656719961,90656676596,48,0,,false,20,20,3,3,ARCHER:1;GARGOYLE:3;SPIDER:16,ARCHER:1;GARGOYLE:3;SPIDER:16
1180,0,0,true,,,curriculum_pass,utility,3,75,90656719961,90656676596,33,0,BLUE,false,0,15,3,3,ARCHER:1;GARGOYLE:3;SPIDER:16,ARCHER:1;GARGOYLE:3;SPIDER:16
1181,0,0,true,,,utility,curriculum_pass,3,75,90656727880,90656685541,48,0,,false,24,24,3,3,ARCHER:1;GOBLIN:23,ARCHER:1;GOBLIN:23
1182,0,0,true,,,curriculum_pass,utility,3,75,90656727880,90656685541,48,0,,false,24,24,3,3,ARCHER:1;GOBLIN:23,ARCHER:1;GOBLIN:23
1183,0,0,true,,,utility,curriculum_pass,3,75,90664631042,90664641967,62,0,GREEN,false,7,0,3,3,ARCHER:5;GOLEM:4;SPIDER:1,ARCHER:5;GOLEM:4;SPIDER:1
1184,0,0,true,,,curriculum_pass,utility,3,75,90664631042,90664641967,48,0,,false,10,10,3,3,ARCHER:5;GOLEM:4;SPIDER:1,ARCHER:5;GOLEM:4;SPIDER:1
1185,0,0,true,,,utility,curriculum_pass,3,75,90664638961,90664617820,77,0,,false,11,8,3,3,GOBLIN:11;SCORPION_RIDER:5,GOBLIN:11;SCORPION_RIDER:5
1186,0,0,true,,,curriculum_pass,utility,3,75,90664638961,90664617820,68,0,,false,9,8,3,3,GOBLIN:11;SCORPION_RIDER:5,GOBLIN:11;SCORPION_RIDER:5
1187,0,0,true,,,utility,curriculum_pass,3,75,90664646880,90664625741,12,0,GREEN,false,5,0,3,3,ASSASSIN:10;GOBLIN:1,ASSASSIN:10;GOBLIN:1
1188,0,0,true,,,curriculum_pass,utility,3,75,90664646880,90664625741,13,0,BLUE,false,0,5,3,3,ASSASSIN:10;GOBLIN:1,ASSASSIN:10;GOBLIN:1
1189,0,0,true,,,utility,curriculum_pass,3,75,90672550042,90672565815,48,0,,false,19,19,2,2,MAGE:4;SPIDER:15,MAGE:4;SPIDER:15
1190,0,0,true,,,curriculum_pass,utility,3,75,90672550042,90672565815,48,0,,false,19,19,2,2,MAGE:4;SPIDER:15,MAGE:4;SPIDER:15
1191,0,0,true,,,utility,curriculum_pass,3,75,90672557961,90672574756,55,0,,false,16,15,3,3,GARGOYLE:6;SPIDER:11,GARGOYLE:6;SPIDER:11
1192,0,0,true,,,curriculum_pass,utility,3,75,90672557961,90672574756,56,0,,false,15,16,3,3,GARGOYLE:6;SPIDER:11,GARGOYLE:6;SPIDER:11
1193,0,0,true,,,utility,curriculum_pass,3,75,90672565880,90672550101,28,0,GREEN,false,3,0,3,3,GARGOYLE:2;MAGE:8;SPIDER:1,GARGOYLE:2;MAGE:8;SPIDER:1
1194,0,0,true,,,curriculum_pass,utility,3,75,90672565880,90672550101,15,0,BLUE,false,0,7,3,3,GARGOYLE:2;MAGE:8;SPIDER:1,GARGOYLE:2;MAGE:8;SPIDER:1
1195,0,0,true,,,utility,curriculum_pass,3,75,90680469042,90680522911,48,0,,false,13,13,4,4,ARCHER:8;MAGE:3;SPIDER:2,ARCHER:8;MAGE:3;SPIDER:2
1196,0,0,true,,,curriculum_pass,utility,3,75,90680469042,90680522911,48,0,,false,13,13,4,4,ARCHER:8;MAGE:3;SPIDER:2,ARCHER:8;MAGE:3;SPIDER:2
1197,0,0,true,,,utility,curriculum_pass,3,75,90680476961,90680499084,57,0,,false,4,5,3,3,ASSASSIN:5;GOBLIN:12;SPIDER:1,ASSASSIN:5;GOBLIN:12;SPIDER:1
1198,0,0,true,,,curriculum_pass,utility,3,75,90680476961,90680499084,17,0,BLUE,false,0,5,3,3,ASSASSIN:5;GOBLIN:12;SPIDER:1,ASSASSIN:5;GOBLIN:12;SPIDER:1
1199,0,0,true,,,utility,curriculum_pass,3,75,90680484880,90680507069,16,0,GREEN,false,6,0,2,2,SCORPION_RIDER:5;SPIDER:11,SCORPION_RIDER:5;SPIDER:11
1200,0,0,true,,,curriculum_pass,utility,3,75,90680484880,90680507069,13,0,BLUE,false,0,14,2,2,SCORPION_RIDER:5;SPIDER:11,SCORPION_RIDER:5;SPIDER:11
1201,0,0,true,,,utility,curriculum_pass,3,75,51806098042,51806112983,65,0,,false,16,15,4,4,GARGOYLE:5;GOBLIN:10;GOLEM:1,GARGOYLE:5;GOBLIN:10;GOLEM:1
1202,0,0,true,,,curriculum_pass,utility,3,75,51806098042,51806112983,25,0,BLUE,false,0,12,4,4,GARGOYLE:5;GOBLIN:10;GOLEM:1,GARGOYLE:5;GOBLIN:10;GOLEM:1
1203,0,0,true,,,utility,curriculum_pass,3,75,51814017042,51814069951,48,0,,false,11,11,3,3,GARGOYLE:3;GOBLIN:1;MAGE:7,GARGOYLE:3;GOBLIN:1;MAGE:7
1204,0,0,true,,,curriculum_pass,utility,3,75,51814017042,51814069951,48,0,,false,11,11,3,3,GARGOYLE:3;GOBLIN:1;MAGE:7,GARGOYLE:3;GOBLIN:1;MAGE:7
1205,0,0,true,,,utility,curriculum_pass,3,75,51821936042,51821880071,10,0,GREEN,false,10,0,3,3,ASSASSIN:8;MAGE:2;SPIDER:1,ASSASSIN:8;MAGE:2;SPIDER:1
1206,0,0,true,,,curriculum_pass,utility,3,75,51821936042,51821880071,15,0,BLUE,false,0,5,3,3,ASSASSIN:8;MAGE:2;SPIDER:1,ASSASSIN:8;MAGE:2;SPIDER:1
1207,0,0,true,,,utility,curriculum_pass,3,75,51829855042,51829804527,12,0,GREEN,false,14,0,2,2,GOBLIN:6;MAGE:8,GOBLIN:6;MAGE:8
1208,0,0,true,,,curriculum_pass,utility,3,75,51829855042,51829804527,11,0,BLUE,false,0,14,2,2,GOBLIN:6;MAGE:8,GOBLIN:6;MAGE:8
1209,0,0,true,,,utility,curriculum_pass,3,75,51837774042,51837761143,48,0,,false,11,11,3,3,GOBLIN:2;GOLEM:2;MAGE:7,GOBLIN:2;GOLEM:2;MAGE:7
1210,0,0,true,,,curriculum_pass,utility,3,75,51837774042,51837761143,19,0,BLUE,false,0,7,3,3,GOBLIN:2;GOLEM:2;MAGE:7,GOBLIN:2;GOLEM:2;MAGE:7
1211,0,0,true,,,utility,curriculum_pass,3,75,51845693042,51845701855,48,0,,false,14,14,2,2,GOBLIN:6;MAGE:8,GOBLIN:6;MAGE:8
1212,0,0,true,,,curriculum_pass,utility,3,75,51845693042,51845701855,48,0,,false,14,14,2,2,GOBLIN:6;MAGE:8,GOBLIN:6;MAGE:8
1213,0,0,true,,,utility,curriculum_pass,3,75,91401098042,91401145751,18,0,GREEN,false,14,0,2,2,ARCHER:7;GOBLIN:11,ARCHER:7;GOBLIN:11
1214,0,0,true,,,curriculum_pass,utility,3,75,91401098042,91401145751,19,0,BLUE,false,0,14,2,2,ARCHER:7;GOBLIN:11,ARCHER:7;GOBLIN:11
1215,0,0,true,,,utility,curriculum_pass,3,75,91401105961,91401153668,48,0,,false,12,12,3,3,ARCHER:7;GARGOYLE:4;GOBLIN:1,ARCHER:7;GARGOYLE:4;GOBLIN:1
1216,0,0,true,,,curriculum_pass,utility,3,75,91401105961,91401153668,37,0,BLUE,false,0,8,3,3,ARCHER:7;GARGOYLE:4;GOBLIN:1,ARCHER:7;GARGOYLE:4;GOBLIN:1
1217,0,0,true,,,utility,curriculum_pass,3,75,91401113880,91401129909,8,0,GREEN,false,3,0,3,3,ASSASSIN:9;GOLEM:1,ASSASSIN:9;GOLEM:1
1218,0,0,true,,,curriculum_pass,utility,3,75,91401113880,91401129909,56,0,,false,4,3,3,3,ASSASSIN:9;GOLEM:1,ASSASSIN:9;GOLEM:1
1219,0,0,true,,,utility,curriculum_pass,3,75,152939647042,152939597551,20,0,GREEN,false,8,0,2,2,GOLEM:4;SPIDER:11,GOLEM:4;SPIDER:11
1220,0,0,true,,,curriculum_pass,utility,3,75,152939647042,152939597551,21,0,BLUE,false,0,11,2,2,GOLEM:4;SPIDER:11,GOLEM:4;SPIDER:11
1221,0,0,true,,,utility,curriculum_pass,3,75,152939654961,152939606428,48,0,,false,11,11,3,3,GARGOYLE:5;GOBLIN:1;MAGE:5,GARGOYLE:5;GOBLIN:1;MAGE:5
1222,0,0,true,,,curriculum_pass,utility,3,75,152939654961,152939606428,94,0,,false,4,6,3,3,GARGOYLE:5;GOBLIN:1;MAGE:5,GARGOYLE:5;GOBLIN:1;MAGE:5
1223,0,0,true,,,utility,curriculum_pass,3,75,152939662880,152939712653,63,0,,false,8,5,3,3,ARCHER:5;SCORPION_RIDER:5;SPIDER:1,ARCHER:5;SCORPION_RIDER:5;SPIDER:1
1224,0,0,true,,,curriculum_pass,utility,3,75,152939662880,152939712653,62,0,,false,3,6,3,3,ARCHER:5;SCORPION_RIDER:5;SPIDER:1,ARCHER:5;SCORPION_RIDER:5;SPIDER:1
1225,0,0,true,,,utility,curriculum_pass,3,75,152939670799,152939721634,6,0,GREEN,false,8,0,3,3,ASSASSIN:7;MAGE:3;SPIDER:1,ASSASSIN:7;MAGE:3;SPIDER:1
1226,0,0,true,,,curriculum_pass,utility,3,75,152939670799,152939721634,9,0,BLUE,false,0,8,3,3,ASSASSIN:7;MAGE:3;SPIDER:1,ASSASSIN:7;MAGE:3;SPIDER:1
1227,0,0,true,,,utility,curriculum_pass,3,75,91409017042,91408971391,12,0,GREEN,false,9,0,3,3,ARCHER:8;ASSASSIN:3;SPIDER:2,ARCHER:8;ASSASSIN:3;SPIDER:2
1228,0,0,true,,,curriculum_pass,utility,3,75,91409017042,91408971391,58,0,,false,8,12,3,3,ARCHER:8;ASSASSIN:3;SPIDER:2,ARCHER:8;ASSASSIN:3;SPIDER:2
1229,0,0,true,,,utility,curriculum_pass,3,75,91409024961,91409078636,8,0,GREEN,false,17,0,2,2,ARCHER:6;SPIDER:13,ARCHER:6;SPIDER:13
1230,0,0,true,,,curriculum_pass,utility,3,75,91409024961,91409078636,11,0,BLUE,false,0,15,2,2,ARCHER:6;SPIDER:13,ARCHER:6;SPIDER:13
1231,0,0,true,,,utility,curriculum_pass,3,75,91409032880,91409086493,48,0,,false,11,11,3,3,MAGE:10;SPIDER:1,MAGE:10;SPIDER:1
1232,0,0,true,,,curriculum_pass,utility,3,75,91409032880,91409086493,48,0,,false,11,11,3,3,MAGE:10;SPIDER:1,MAGE:10;SPIDER:1
1233,0,0,true,,,utility,curriculum_pass,3,75,91416936042,91416912071,14,0,GREEN,false,7,0,4,4,MAGE:1;SCORPION_RIDER:7;SPIDER:4,MAGE:1;SCORPION_RIDER:7;SPIDER:4
1234,0,0,true,,,curriculum_pass,utility,3,75,91416936042,91416912071,15,0,BLUE,false,0,7,4,4,MAGE:1;SCORPION_RIDER:7;SPIDER:4,MAGE:1;SCORPION_RIDER:7;SPIDER:4
1235,0,0,true,,,utility,curriculum_pass,3,75,91416943961,91416888308,48,0,,false,13,13,3,3,ARCHER:8;MAGE:3;SPIDER:2,ARCHER:8;MAGE:3;SPIDER:2
1236,0,0,true,,,curriculum_pass,utility,3,75,91416943961,91416888308,62,0,,false,5,7,3,3,ARCHER:8;MAGE:3;SPIDER:2,ARCHER:8;MAGE:3;SPIDER:2
1237,0,0,true,,,utility,curriculum_pass,3,75,91416951880,91416896229,61,0,,false,9,3,3,3,GOBLIN:9;SCORPION_RIDER:6,GOBLIN:9;SCORPION_RIDER:6
1238,0,0,true,,,curriculum_pass,utility,3,75,91416951880,91416896229,60,0,,false,6,15,3,3,GOBLIN:9;SCORPION_RIDER:6,GOBLIN:9;SCORPION_RIDER:6
1239,0,0,true,,,utility,curriculum_pass,3,75,91424855042,91424836271,59,0,,false,12,10,3,3,ARCHER:8;GOBLIN:2;MAGE:3,ARCHER:8;GOBLIN:2;MAGE:3
1240,0,0,true,,,curriculum_pass,utility,3,75,91424855042,91424836271,48,0,,false,13,13,3,3,ARCHER:8;GOBLIN:2;MAGE:3,ARCHER:8;GOBLIN:2;MAGE:3
1241,0,0,true,,,utility,curriculum_pass,3,75,91424862961,91424844892,63,0,,false,14,5,2,2,SCORPION_RIDER:5;SPIDER:11,SCORPION_RIDER:5;SPIDER:11
1242,0,0,true,,,curriculum_pass,utility,3,75,91424862961,91424844892,66,0,,false,5,14,2,2,SCORPION_RIDER:5;SPIDER:11,SCORPION_RIDER:5;SPIDER:11
1243,0,0,true,,,utility,curriculum_pass,3,75,91424870880,91424821069,48,0,,false,9,9,2,2,GARGOYLE:5;GOLEM:4,GARGOYLE:5;GOLEM:4
1244,0,0,true,,,curriculum_pass,utility,3,75,91424870880,91424821069,48,0,,false,9,9,2,2,GARGOYLE:5;GOLEM:4,GARGOYLE:5;GOLEM:4
1245,0,0,true,,,utility,curriculum_pass,3,75,91432774042,91432793911,48,0,,false,20,20,2,2,ARCHER:5;SPIDER:15,ARCHER:5;SPIDER:15
1246,0,0,true,,,curriculum_pass,utility,3,75,91432774042,91432793911,15,0,BLUE,false,0,17,2,2,ARCHER:5;SPIDER:15,ARCHER:5;SPIDER:15
1247,0,0,true,,,utility,curriculum_pass,3,75,91432781961,91432769060,48,0,,false,11,11,3,3,GARGOYLE:3;GOBLIN:1;MAGE:7,GARGOYLE:3;GOBLIN:1;MAGE:7
1248,0,0,true,,,curriculum_pass,utility,3,75,91432781961,91432769060,48,0,,false,11,11,3,3,GARGOYLE:3;GOBLIN:1;MAGE:7,GARGOYLE:3;GOBLIN:1;MAGE:7
1249,0,0,true,,,utility,curriculum_pass,3,75,91432789880,91432778197,55,0,,false,12,11,3,3,ARCHER:7;GOBLIN:1;MAGE:4,ARCHER:7;GOBLIN:1;MAGE:4
1250,0,0,true,,,curriculum_pass,utility,3,75,91432789880,91432778197,62,0,,false,8,11,3,3,ARCHER:7;GOBLIN:1;MAGE:4,ARCHER:7;GOBLIN:1;MAGE:4
1251,0,0,true,,,utility,curriculum_pass,3,75,91440693042,91440734623,12,0,GREEN,false,3,0,3,3,ARCHER:12;GOBLIN:1,ARCHER:12;GOBLIN:1
1252,0,0,true,,,curriculum_pass,utility,3,75,91440693042,91440734623,48,0,,false,13,13,3,3,ARCHER:12;GOBLIN:1,ARCHER:12;GOBLIN:1
1253,0,0,true,,,utility,curriculum_pass,3,75,91440700961,91440709772,61,0,,false,14,5,3,3,GOBLIN:10;SCORPION_RIDER:5;SPIDER:1,GOBLIN:10;SCORPION_RIDER:5;SPIDER:1
1254,0,0,true,,,curriculum_pass,utility,3,75,91440700961,91440709772,105,0,BLUE,false,0,16,3,3,GOBLIN:10;SCORPION_RIDER:5;SPIDER:1,GOBLIN:10;SCORPION_RIDER:5;SPIDER:1
1255,0,0,true,,,utility,curriculum_pass,3,75,91440708880,91440718781,57,0,,false,6,4,2,2,ARCHER:4;ASSASSIN:7,ARCHER:4;ASSASSIN:7
1256,0,0,true,,,curriculum_pass,utility,3,75,91440708880,91440718781,9,0,BLUE,false,0,11,2,2,ARCHER:4;ASSASSIN:7,ARCHER:4;ASSASSIN:7
1257,0,0,true,,,utility,curriculum_pass,3,75,91448612042,91448658535,48,0,,false,11,11,3,3,GARGOYLE:3;MAGE:7;SPIDER:1,GARGOYLE:3;MAGE:7;SPIDER:1
1258,0,0,true,,,curriculum_pass,utility,3,75,91448612042,91448658535,56,0,,false,10,11,3,3,GARGOYLE:3;MAGE:7;SPIDER:1,GARGOYLE:3;MAGE:7;SPIDER:1
1259,0,0,true,,,utility,curriculum_pass,3,75,91448619961,91448667412,48,0,,false,11,11,3,3,GARGOYLE:10;SPIDER:1,GARGOYLE:10;SPIDER:1
1260,0,0,true,,,curriculum_pass,utility,3,75,91448619961,91448667412,61,0,BLUE,false,0,8,3,3,GARGOYLE:10;SPIDER:1,GARGOYLE:10;SPIDER:1
1261,0,0,true,,,utility,curriculum_pass,3,75,91448627880,91448642565,52,0,GREEN,false,13,0,4,4,ARCHER:1;GOBLIN:22;SPIDER:1,ARCHER:1;GOBLIN:22;SPIDER:1
1262,0,0,true,,,curriculum_pass,utility,3,75,91448627880,91448642565,98,0,,false,12,24,4,4,ARCHER:1;GOBLIN:22;SPIDER:1,ARCHER:1;GOBLIN:22;SPIDER:1
1263,0,0,true,,,utility,curriculum_pass,3,75,91456531042,91456484559,14,0,GREEN,false,12,0,3,3,ASSASSIN:1;SCORPION_RIDER:5;SPIDER:9,ASSASSIN:1;SCORPION_RIDER:5;SPIDER:9
1264,0,0,true,,,curriculum_pass,utility,3,75,91456531042,91456484559,11,0,BLUE,false,0,12,3,3,ASSASSIN:1;SCORPION_RIDER:5;SPIDER:9,ASSASSIN:1;SCORPION_RIDER:5;SPIDER:9
1265,0,0,true,,,utility,curriculum_pass,3,75,91456538961,91456591868,30,0,GREEN,false,6,0,3,3,GOBLIN:11;SPIDER:14,GOBLIN:11;SPIDER:14
1266,0,0,true,,,curriculum_pass,utility,3,75,91456538961,91456591868,56,0,,false,24,25,3,3,GOBLIN:11;SPIDER:14,GOBLIN:11;SPIDER:14
1267,0,0,true,,,utility,curriculum_pass,3,75,91456546880,91456599789,22,0,GREEN,false,3,0,3,3,ARCHER:1;ASSASSIN:7;GOLEM:2,ARCHER:1;ASSASSIN:7;GOLEM:2
1268,0,0,true,,,curriculum_pass,utility,3,75,91456546880,91456599789,17,0,BLUE,false,0,4,3,3,ARCHER:1;ASSASSIN:7;GOLEM:2,ARCHER:1;ASSASSIN:7;GOLEM:2
1269,0,0,true,,,utility,curriculum_pass,3,75,152995080042,152995068359,55,0,,false,12,11,3,3,ARCHER:9;GARGOYLE:3,ARCHER:9;GARGOYLE:3
1270,0,0,true,,,curriculum_pass,utility,3,75,152995080042,152995068359,58,0,,false,11,12,3,3,ARCHER:9;GARGOYLE:3,ARCHER:9;GARGOYLE:3
1271,0,0,true,,,utility,curriculum_pass,3,75,152995087961,152995043572,48,0,,false,18,18,3,3,GARGOYLE:5;GOBLIN:13,GARGOYLE:5;GOBLIN:13
1272,0,0,true,,,curriculum_pass,utility,3,75,152995087961,152995043572,17,0,BLUE,false,0,11,3,3,GARGOYLE:5;GOBLIN:13,GARGOYLE:5;GOBLIN:13
1273,0,0,true,,,utility,curriculum_pass,3,75,152995095880,152995052517,59,0,,false,7,8,3,3,GARGOYLE:5;MAGE:5;SPIDER:1,GARGOYLE:5;MAGE:5;SPIDER:1
1274,0,0,true,,,curriculum_pass,utility,3,75,152995095880,152995052517,48,0,,false,11,11,3,3,GARGOYLE:5;MAGE:5;SPIDER:1,GARGOYLE:5;MAGE:5;SPIDER:1
1275,0,0,true,,,utility,curriculum_pass,3,75,152995103799,152995158682,59,0,,false,4,4,3,3,ASSASSIN:8;GARGOYLE:2;GOBLIN:1,ASSASSIN:8;GARGOYLE:2;GOBLIN:1
1276,0,0,true,,,curriculum_pass,utility,3,75,152995103799,152995158682,54,0,,false,6,8,3,3,ASSASSIN:8;GARGOYLE:2;GOBLIN:1,ASSASSIN:8;GARGOYLE:2;GOBLIN:1
1277,0,0,true,,,utility,curriculum_pass,3,75,91464450042,91464425815,48,0,,false,14,14,3,3,ARCHER:1;GOLEM:4;SPIDER:9,ARCHER:1;GOLEM:4;SPIDER:9
1278,0,0,true,,,curriculum_pass,utility,3,75,91464450042,91464425815,48,0,,false,14,14,3,3,ARCHER:1;GOLEM:4;SPIDER:9,ARCHER:1;GOLEM:4;SPIDER:9
1279,0,0,true,,,utility,curriculum_pass,3,75,91464457961,91464400964,14,0,GREEN,false,2,0,2,2,GOBLIN:9;SCORPION_RIDER:6,GOBLIN:9;SCORPION_RIDER:6
1280,0,0,true,,,curriculum_pass,utility,3,75,91464457961,91464400964,17,0,BLUE,false,0,5,2,2,GOBLIN:9;SCORPION_RIDER:6,GOBLIN:9;SCORPION_RIDER:6
1281,0,0,true,,,utility,curriculum_pass,3,75,91464465880,91464409973,48,0,,false,17,17,3,3,ARCHER:8;SPIDER:9,ARCHER:8;SPIDER:9
1282,0,0,true,,,curriculum_pass,utility,3,75,91464465880,91464409973,48,0,,false,17,17,3,3,ARCHER:8;SPIDER:9,ARCHER:8;SPIDER:9
1283,0,0,true,,,utility,curriculum_pass,3,75,91472369042,91472350015,61,0,,false,3,4,2,2,ASSASSIN:5;GOLEM:4,ASSASSIN:5;GOLEM:4
1284,0,0,true,,,curriculum_pass,utility,3,75,91472369042,91472350015,17,0,GREEN,false,2,0,2,2,ASSASSIN:5;GOLEM:4,ASSASSIN:5;GOLEM:4
1285,0,0,true,,,utility,curriculum_pass,3,75,91472376961,91472357932,46,0,GREEN,false,2,0,3,3,GOBLIN:1;GOLEM:7,GOBLIN:1;GOLEM:7
1286,0,0,true,,,curriculum_pass,utility,3,75,91472376961,91472357932,48,0,,false,8,8,3,3,GOBLIN:1;GOLEM:7,GOBLIN:1;GOLEM:7
1287,0,0,true,,,utility,curriculum_pass,3,75,91472384880,91472334301,71,0,,false,5,4,3,3,ASSASSIN:5;GOLEM:4,ASSASSIN:5;GOLEM:4
1288,0,0,true,,,curriculum_pass,utility,3,75,91472384880,91472334301,60,0,,false,5,5,3,3,ASSASSIN:5;GOLEM:4,ASSASSIN:5;GOLEM:4
1289,0,0,true,,,utility,curriculum_pass,3,75,52597998042,52597956471,48,0,,false,11,11,3,3,ARCHER:7;GOBLIN:1;GOLEM:3,ARCHER:7;GOBLIN:1;GOLEM:3
1290,0,0,true,,,curriculum_pass,utility,3,75,52597998042,52597956471,48,0,,false,11,11,3,3,ARCHER:7;GOBLIN:1;GOLEM:3,ARCHER:7;GOBLIN:1;GOLEM:3
1291,0,0,true,,,utility,curriculum_pass,3,75,52605917042,52605897183,61,0,,false,12,5,3,3,GOBLIN:6;MAGE:8,GOBLIN:6;MAGE:8
1292,0,0,true,,,curriculum_pass,utility,3,75,52605917042,52605897183,66,0,,false,1,9,3,3,GOBLIN:6;MAGE:8,GOBLIN:6;MAGE:8
1293,0,0,true,,,utility,curriculum_pass,3,75,52613836042,52613854119,48,0,,false,14,14,3,3,GOBLIN:6;MAGE:8,GOBLIN:6;MAGE:8
1294,0,0,true,,,curriculum_pass,utility,3,75,52613836042,52613854119,48,0,,false,14,14,3,3,GOBLIN:6;MAGE:8,GOBLIN:6;MAGE:8
1295,0,0,true,,,utility,curriculum_pass,3,75,52621755042,52621777935,59,0,,false,18,13,3,3,GOBLIN:10;SCORPION_RIDER:3;SPIDER:7,GOBLIN:10;SCORPION_RIDER:3;SPIDER:7
1296,0,0,true,,,curriculum_pass,utility,3,75,52621755042,52621777935,11,0,BLUE,false,0,18,3,3,GOBLIN:10;SCORPION_RIDER:3;SPIDER:7,GOBLIN:10;SCORPION_RIDER:3;SPIDER:7
1297,0,0,true,,,utility,curriculum_pass,3,75,52629674042,52629718679,53,0,,false,7,5,3,3,ARCHER:3;ASSASSIN:8,ARCHER:3;ASSASSIN:8
1298,0,0,true,,,curriculum_pass,utility,3,75,52629674042,52629718679,9,0,BLUE,false,0,10,3,3,ARCHER:3;ASSASSIN:8,ARCHER:3;ASSASSIN:8
1299,0,0,true,,,utility,curriculum_pass,3,75,52637593042,52637545343,48,0,,false,11,11,3,3,GARGOYLE:10;GOBLIN:1,GARGOYLE:10;GOBLIN:1
1300,0,0,true,,,curriculum_pass,utility,3,75,52637593042,52637545343,48,0,,false,11,11,3,3,GARGOYLE:10;GOBLIN:1,GARGOYLE:10;GOBLIN:1
1301,0,0,true,,,utility,curriculum_pass,3,75,92192998042,92192988215,48,0,,false,25,25,2,2,SPIDER:25,SPIDER:25
1302,0,0,true,,,curriculum_pass,utility,3,75,92192998042,92192988215,48,0,,false,25,25,2,2,SPIDER:25,SPIDER:25
1303,0,0,true,,,utility,curriculum_pass,3,75,92193005961,92192997156,61,0,,false,15,11,4,4,ARCHER:1;GOBLIN:12;SCORPION_RIDER:4,ARCHER:1;GOBLIN:12;SCORPION_RIDER:4
1304,0,0,true,,,curriculum_pass,utility,3,75,92193005961,92192997156,93,0,BLUE,false,0,16,4,4,ARCHER:1;GOBLIN:12;SCORPION_RIDER:4,ARCHER:1;GOBLIN:12;SCORPION_RIDER:4
1305,0,0,true,,,utility,curriculum_pass,3,75,92193013880,92192972501,12,0,GREEN,false,7,0,3,3,ASSASSIN:3;MAGE:7;SPIDER:1,ASSASSIN:3;MAGE:7;SPIDER:1
1306,0,0,true,,,curriculum_pass,utility,3,75,92193013880,92192972501,66,0,,false,3,10,3,3,ASSASSIN:3;MAGE:7;SPIDER:1,ASSASSIN:3;MAGE:7;SPIDER:1
1307,0,0,true,,,utility,curriculum_pass,3,75,92200917042,92200928927,63,0,,false,7,5,2,2,GARGOYLE:5;SCORPION_RIDER:5,GARGOYLE:5;SCORPION_RIDER:5
1308,0,0,true,,,curriculum_pass,utility,3,75,92200917042,92200928927,17,0,BLUE,false,0,8,2,2,GARGOYLE:5;SCORPION_RIDER:5,GARGOYLE:5;SCORPION_RIDER:5
1309,0,0,true,,,utility,curriculum_pass,3,75,92200924961,92200937868,63,0,,false,6,10,3,3,GOBLIN:12;GOLEM:3;SCORPION_RIDER:1,GOBLIN:12;GOLEM:3;SCORPION_RIDER:1
1310,0,0,true,,,curriculum_pass,utility,3,75,92200924961,92200937868,72,0,,false,14,13,3,3,GOBLIN:12;GOLEM:3;SCORPION_RIDER:1,GOBLIN:12;GOLEM:3;SCORPION_RIDER:1
1311,0,0,true,,,utility,curriculum_pass,3,75,92200932880,92200913085,16,0,GREEN,false,4,0,2,2,GOLEM:4;MAGE:5,GOLEM:4;MAGE:5
1312,0,0,true,,,curriculum_pass,utility,3,75,92200932880,92200913085,48,0,,false,9,9,2,2,GOLEM:4;MAGE:5,GOLEM:4;MAGE:5
1313,0,0,true,,,utility,curriculum_pass,3,75,92208836042,92208886631,48,0,,false,17,17,3,3,ARCHER:6;GOBLIN:10;MAGE:1,ARCHER:6;GOBLIN:10;MAGE:1
1314,0,0,true,,,curriculum_pass,utility,3,75,92208836042,92208886631,11,0,BLUE,false,0,16,3,3,ARCHER:6;GOBLIN:10;MAGE:1,ARCHER:6;GOBLIN:10;MAGE:1
1315,0,0,true,,,utility,curriculum_pass,3,75,92208843961,92208861716,65,0,,false,6,4,3,3,ASSASSIN:1;GOBLIN:12;SCORPION_RIDER:4,ASSASSIN:1;GOBLIN:12;SCORPION_RIDER:4
1316,0,0,true,,,curriculum_pass,utility,3,75,92208843961,92208861716,56,0,,false,16,17,3,3,ASSASSIN:1;GOBLIN:12;SCORPION_RIDER:4,ASSASSIN:1;GOBLIN:12;SCORPION_RIDER:4
1317,0,0,true,,,utility,curriculum_pass,3,75,92208851880,92208870661,16,0,GREEN,false,8,0,2,2,MAGE:7;SCORPION_RIDER:3,MAGE:7;SCORPION_RIDER:3
1318,0,0,true,,,curriculum_pass,utility,3,75,92208851880,92208870661,7,0,BLUE,false,0,10,2,2,MAGE:7;SCORPION_RIDER:3,MAGE:7;SCORPION_RIDER:3
1319,0,0,true,,,utility,curriculum_pass,3,75,92216755042,92216810959,24,0,GREEN,false,12,0,3,3,GOLEM:4;SCORPION_RIDER:1;SPIDER:9,GOLEM:4;SCORPION_RIDER:1;SPIDER:9
1320,0,0,true,,,curriculum_pass,utility,3,75,92216755042,92216810959,64,0,,false,1,11,3,3,GOLEM:4;SCORPION_RIDER:1;SPIDER:9,GOLEM:4;SCORPION_RIDER:1;SPIDER:9
1321,0,0,true,,,utility,curriculum_pass,3,75,92216762961,92216818940,61,0,,false,8,4,3,3,GARGOYLE:1;GOBLIN:9;GOLEM:4,GARGOYLE:1;GOBLIN:9;GOLEM:4
1322,0,0,true,,,curriculum_pass,utility,3,75,92216762961,92216818940,48,0,,false,14,14,3,3,GARGOYLE:1;GOBLIN:9;GOLEM:4,GARGOYLE:1;GOBLIN:9;GOLEM:4
1323,0,0,true,,,utility,curriculum_pass,3,75,92216770880,92216795117,6,0,GREEN,false,7,0,3,3,ASSASSIN:8;GOLEM:1;MAGE:1,ASSASSIN:8;GOLEM:1;MAGE:1
1324,0,0,true,,,curriculum_pass,utility,3,75,92216770880,92216795117,15,0,BLUE,false,0,2,3,3,ASSASSIN:8;GOLEM:1;MAGE:1,ASSASSIN:8;GOLEM:1;MAGE:1
1325,0,0,true,,,utility,curriculum_pass,3,75,92224674042,92224620119,28,0,GREEN,false,7,0,3,3,ARCHER:6;GARGOYLE:5;SPIDER:1,ARCHER:6;GARGOYLE:5;SPIDER:1
1326,0,0,true,,,curriculum_pass,utility,3,75,92224674042,92224620119,48,0,,false,12,12,3,3,ARCHER:6;GARGOYLE:5;SPIDER:1,ARCHER:6;GARGOYLE:5;SPIDER:1
1327,0,0,true,,,utility,curriculum_pass,3,75,92224681961,92224629060,48,0,,false,11,11,3,3,GARGOYLE:2;GOBLIN:1;MAGE:8,GARGOYLE:2;GOBLIN:1;MAGE:8
1328,0,0,true,,,curriculum_pass,utility,3,75,92224681961,92224629060,48,0,,false,11,11,3,3,GARGOYLE:2;GOBLIN:1;MAGE:8,GARGOYLE:2;GOBLIN:1;MAGE:8
1329,0,0,true,,,utility,curriculum_pass,3,75,92224689880,92224735349,18,0,GREEN,false,9,0,3,3,GOBLIN:6;MAGE:8,GOBLIN:6;MAGE:8
1330,0,0,true,,,curriculum_pass,utility,3,75,92224689880,92224735349,11,0,BLUE,false,0,14,3,3,GOBLIN:6;MAGE:8,GOBLIN:6;MAGE:8
1331,0,0,true,,,utility,curriculum_pass,3,75,92232593042,92232577087,8,0,GREEN,false,6,0,3,3,ASSASSIN:8;GARGOYLE:2;GOBLIN:1,ASSASSIN:8;GARGOYLE:2;GOBLIN:1
1332,0,0,true,,,curriculum_pass,utility,3,75,92232593042,92232577087,21,0,BLUE,false,0,2,3,3,ASSASSIN:8;GARGOYLE:2;GOBLIN:1,ASSASSIN:8;GARGOYLE:2;GOBLIN:1
1333,0,0,true,,,utility,curriculum_pass,3,75,92232600961,92232553260,63,0,,false,10,7,3,3,ARCHER:7;GOBLIN:2;SPIDER:9,ARCHER:7;GOBLIN:2;SPIDER:9
1334,0,0,true,,,curriculum_pass,utility,3,75,92232600961,92232553260,48,0,,false,18,18,3,3,ARCHER:7;GOBLIN:2;SPIDER:9,ARCHER:7;GOBLIN:2;SPIDER:9
1335,0,0,true,,,utility,curriculum_pass,3,75,92232608880,92232561373,48,0,,false,13,13,3,3,ARCHER:8;GARGOYLE:3;SPIDER:2,ARCHER:8;GARGOYLE:3;SPIDER:2
1336,0,0,true,,,curriculum_pass,utility,3,75,92232608880,92232561373,25,0,BLUE,false,0,9,3,3,ARCHER:8;GARGOYLE:3;SPIDER:2,ARCHER:8;GARGOYLE:3;SPIDER:2
1337,0,0,true,,,utility,curriculum_pass,3,75,92240512042,92240501383,48,0,,false,15,15,3,3,GOBLIN:1;GOLEM:4;SPIDER:10,GOBLIN:1;GOLEM:4;SPIDER:10
1338,0,0,true,,,curriculum_pass,utility,3,75,92240512042,92240501383,21,0,BLUE,false,0,13,3,3,GOBLIN:1;GOLEM:4;SPIDER:10,GOBLIN:1;GOLEM:4;SPIDER:10
1339,0,0,true,,,utility,curriculum_pass,3,75,92240519961,92240510388,16,0,GREEN,false,6,0,3,3,ASSASSIN:4;MAGE:1;SCORPION_RIDER:5,ASSASSIN:4;MAGE:1;SCORPION_RIDER:5
1340,0,0,true,,,curriculum_pass,utility,3,75,92240519961,92240510388,17,0,BLUE,false,0,7,3,3,ASSASSIN:4;MAGE:1;SCORPION_RIDER:5,ASSASSIN:4;MAGE:1;SCORPION_RIDER:5
1341,0,0,true,,,utility,curriculum_pass,3,75,92240527880,92240485541,10,0,GREEN,false,8,0,3,3,ASSASSIN:2;GOBLIN:1;MAGE:8,ASSASSIN:2;GOBLIN:1;MAGE:8
1342,0,0,true,,,curriculum_pass,utility,3,75,92240527880,92240485541,15,0,BLUE,false,0,7,3,3,ASSASSIN:2;GOBLIN:1;MAGE:8,ASSASSIN:2;GOBLIN:1;MAGE:8
1343,0,0,true,,,utility,curriculum_pass,3,75,153779061042,153779085215,65,0,,false,6,4,3,3,GOLEM:4;SCORPION_RIDER:4;SPIDER:1,GOLEM:4;SCORPION_RIDER:4;SPIDER:1
1344,0,0,true,,,curriculum_pass,utility,3,75,153779061042,153779085215,48,0,,false,9,9,3,3,GOLEM:4;SCORPION_RIDER:4;SPIDER:1,GOLEM:4;SCORPION_RIDER:4;SPIDER:1
1345,0,0,true,,,utility,curriculum_pass,3,75,153779068961,153779093132,48,0,,false,25,25,3,3,GOBLIN:9;SPIDER:16,GOBLIN:9;SPIDER:16
1346,0,0,true,,,curriculum_pass,utility,3,75,153779068961,153779093132,48,0,,false,25,25,3,3,GOBLIN:9;SPIDER:16,GOBLIN:9;SPIDER:16
1347,0,0,true,,,utility,curriculum_pass,3,75,153779076880,153779085757,48,0,,false,10,10,3,3,GARGOYLE:7;SCORPION_RIDER:3,GARGOYLE:7;SCORPION_RIDER:3
1348,0,0,true,,,curriculum_pass,utility,3,75,153779076880,153779085757,62,0,,false,7,8,3,3,GARGOYLE:7;SCORPION_RIDER:3,GARGOYLE:7;SCORPION_RIDER:3
1349,0,0,true,,,utility,curriculum_pass,3,75,153779084799,153779061586,14,0,GREEN,false,7,0,3,3,GARGOYLE:2;MAGE:8;SPIDER:1,GARGOYLE:2;MAGE:8;SPIDER:1
1350,0,0,true,,,curriculum_pass,utility,3,75,153779084799,153779061586,48,0,,false,11,11,3,3,GARGOYLE:2;MAGE:8;SPIDER:1,GARGOYLE:2;MAGE:8;SPIDER:1
1351,0,0,true,,,utility,curriculum_pass,3,75,92248431042,92248442735,44,0,GREEN,false,10,0,2,2,GARGOYLE:5;SCORPION_RIDER:5,GARGOYLE:5;SCORPION_RIDER:5
1352,0,0,true,,,curriculum_pass,utility,3,75,92248431042,92248442735,19,0,BLUE,false,0,5,2,2,GARGOYLE:5;SCORPION_RIDER:5,GARGOYLE:5;SCORPION_RIDER:5
1353,0,0,true,,,utility,curriculum_pass,3,75,92248438961,92248450588,48,0,,false,17,17,3,3,GARGOYLE:6;SPIDER:11,GARGOYLE:6;SPIDER:11
1354,0,0,true,,,curriculum_pass,utility,3,75,92248438961,92248450588,48,0,,false,17,17,3,3,GARGOYLE:6;SPIDER:11,GARGOYLE:6;SPIDER:11
1355,0,0,true,,,utility,curriculum_pass,3,75,92248446880,92248426765,10,0,GREEN,false,7,0,3,3,ASSASSIN:3;SCORPION_RIDER:6;SPIDER:2,ASSASSIN:3;SCORPION_RIDER:6;SPIDER:2
1356,0,0,true,,,curriculum_pass,utility,3,75,92248446880,92248426765,63,0,BLUE,false,0,8,3,3,ASSASSIN:3;SCORPION_RIDER:6;SPIDER:2,ASSASSIN:3;SCORPION_RIDER:6;SPIDER:2
1357,0,0,true,,,utility,curriculum_pass,3,75,153786980042,153787025511,12,0,GREEN,false,11,0,4,4,GOBLIN:1;MAGE:8;SCORPION_RIDER:2,GOBLIN:1;MAGE:8;SCORPION_RIDER:2
1358,0,0,true,,,curriculum_pass,utility,3,75,153786980042,153787025511,17,0,BLUE,false,0,11,4,4,GOBLIN:1;MAGE:8;SCORPION_RIDER:2,GOBLIN:1;MAGE:8;SCORPION_RIDER:2
1359,0,0,true,,,utility,curriculum_pass,3,75,153786987961,153787034388,18,0,BLUE,false,0,2,2,2,ASSASSIN:7;SPIDER:8,ASSASSIN:7;SPIDER:8
1360,0,0,true,,,curriculum_pass,utility,3,75,153786987961,153787034388,13,0,BLUE,false,0,9,2,2,ASSASSIN:7;SPIDER:8,ASSASSIN:7;SPIDER:8
1361,0,0,true,,,utility,curriculum_pass,3,75,153786995880,153787009541,18,0,GREEN,false,2,0,2,2,ASSASSIN:5;GOLEM:4,ASSASSIN:5;GOLEM:4
1362,0,0,true,,,curriculum_pass,utility,3,75,153786995880,153787009541,17,0,BLUE,false,0,5,2,2,ASSASSIN:5;GOLEM:4,ASSASSIN:5;GOLEM:4
1363,0,0,true,,,utility,curriculum_pass,3,75,153787003799,153787018554,59,0,,false,6,4,3,3,ARCHER:12;SPIDER:1,ARCHER:12;SPIDER:1
1364,0,0,true,,,curriculum_pass,utility,3,75,153787003799,153787018554,13,0,BLUE,false,0,7,3,3,ARCHER:12;SPIDER:1,ARCHER:12;SPIDER:1
1365,0,0,true,,,utility,curriculum_pass,3,75,92256350042,92256399863,48,0,,false,11,11,2,2,ARCHER:4;MAGE:7,ARCHER:4;MAGE:7
1366,0,0,true,,,curriculum_pass,utility,3,75,92256350042,92256399863,48,0,,false,11,11,2,2,ARCHER:4;MAGE:7,ARCHER:4;MAGE:7
1367,0,0,true,,,utility,curriculum_pass,3,75,92256357961,92256375012,16,0,GREEN,false,4,0,3,3,ASSASSIN:7;GARGOYLE:3;GOBLIN:1,ASSASSIN:7;GARGOYLE:3;GOBLIN:1
1368,0,0,true,,,curriculum_pass,utility,3,75,92256357961,92256375012,17,0,BLUE,false,0,6,3,3,ASSASSIN:7;GARGOYLE:3;GOBLIN:1,ASSASSIN:7;GARGOYLE:3;GOBLIN:1
1369,0,0,true,,,utility,curriculum_pass,3,75,92256365880,92256383893,8,0,GREEN,false,10,0,2,2,ARCHER:4;ASSASSIN:7,ARCHER:4;ASSASSIN:7
1370,0,0,true,,,curriculum_pass,utility,3,75,92256365880,92256383893,13,0,BLUE,false,0,5,2,2,ARCHER:4;ASSASSIN:7,ARCHER:4;ASSASSIN:7
1371,0,0,true,,,utility,curriculum_pass,3,75,153794899042,153794851535,48,0,,false,11,11,3,3,GOBLIN:1;MAGE:10,GOBLIN:1;MAGE:10
1372,0,0,true,,,curriculum_pass,utility,3,75,153794899042,153794851535,15,0,BLUE,false,0,3,3,3,GOBLIN:1;MAGE:10,GOBLIN:1;MAGE:10
1373,0,0,true,,,utility,curriculum_pass,3,75,153794906961,153794958844,10,0,GREEN,false,4,0,2,2,ASSASSIN:6;GOBLIN:11,ASSASSIN:6;GOBLIN:11
1374,0,0,true,,,curriculum_pass,utility,3,75,153794906961,153794958844,58,0,,false,11,14,2,2,ASSASSIN:6;GOBLIN:11,ASSASSIN:6;GOBLIN:11
1375,0,0,true,,,utility,curriculum_pass,3,75,153794914880,153794966765,67,0,,false,8,6,3,3,ARCHER:6;GOLEM:1;MAGE:4,ARCHER:6;GOLEM:1;MAGE:4
1376,0,0,true,,,curriculum_pass,utility,3,75,153794914880,153794966765,76,0,,false,7,11,3,3,ARCHER:6;GOLEM:1;MAGE:4,ARCHER:6;GOLEM:1;MAGE:4
1377,0,0,true,,,utility,curriculum_pass,3,75,153794922799,153794942850,16,0,GREEN,false,11,0,2,2,SCORPION_RIDER:6;SPIDER:9,SCORPION_RIDER:6;SPIDER:9
1378,0,0,true,,,curriculum_pass,utility,3,75,153794922799,153794942850,48,0,,false,15,15,2,2,SCORPION_RIDER:6;SPIDER:9,SCORPION_RIDER:6;SPIDER:9
1379,0,0,true,,,utility,curriculum_pass,3,75,92264269042,92264323679,55,0,,false,15,12,3,3,ASSASSIN:4;GOBLIN:1;SPIDER:14,ASSASSIN:4;GOBLIN:1;SPIDER:14
1380,0,0,true,,,curriculum_pass,utility,3,75,92264269042,92264323679,56,0,,false,14,17,3,3,ASSASSIN:4;GOBLIN:1;SPIDER:14,ASSASSIN:4;GOBLIN:1;SPIDER:14
1381,0,0,true,,,utility,curriculum_pass,3,75,92264276961,92264332620,99,0,,false,11,6,4,4,GARGOYLE:5;GOBLIN:1;MAGE:5,GARGOYLE:5;GOBLIN:1;MAGE:5
1382,0,0,true,,,curriculum_pass,utility,3,75,92264276961,92264332620,48,0,,false,11,11,4,4,GARGOYLE:5;GOBLIN:1;MAGE:5,GARGOYLE:5;GOBLIN:1;MAGE:5
1383,0,0,true,,,utility,curriculum_pass,3,75,92264284880,92264307837,48,0,,false,16,16,2,2,SCORPION_RIDER:5;SPIDER:11,SCORPION_RIDER:5;SPIDER:11
1384,0,0,true,,,curriculum_pass,utility,3,75,92264284880,92264307837,48,0,,false,16,16,2,2,SCORPION_RIDER:5;SPIDER:11,SCORPION_RIDER:5;SPIDER:11
1385,0,0,true,,,utility,curriculum_pass,3,75,53389898042,53389946775,62,0,GREEN,false,8,0,3,3,GARGOYLE:10;GOBLIN:1,GARGOYLE:10;GOBLIN:1
1386,0,0,true,,,curriculum_pass,utility,3,75,53389898042,53389946775,48,0,,false,11,11,3,3,GARGOYLE:10;GOBLIN:1,GARGOYLE:10;GOBLIN:1
1387,0,0,true,,,utility,curriculum_pass,3,75,53397817042,53397870719,48,0,,false,17,17,4,4,GARGOYLE:5;GOBLIN:10;MAGE:1;SPIDER:1,GARGOYLE:5;GOBLIN:10;MAGE:1;SPIDER:1
1388,0,0,true,,,curriculum_pass,utility,3,75,53397817042,53397870719,33,0,BLUE,false,0,6,4,4,GARGOYLE:5;GOBLIN:10;MAGE:1;SPIDER:1,GARGOYLE:5;GOBLIN:10;MAGE:1;SPIDER:1
1389,0,0,true,,,utility,curriculum_pass,3,75,53405736042,53405680327,48,0,,false,17,17,3,3,GARGOYLE:6;GOBLIN:9;SPIDER:2,GARGOYLE:6;GOBLIN:9;SPIDER:2
1390,0,0,true,,,curriculum_pass,utility,3,75,53405736042,53405680327,48,0,,false,17,17,3,3,GARGOYLE:6;GOBLIN:9;SPIDER:2,GARGOYLE:6;GOBLIN:9;SPIDER:2
1391,0,0,true,,,utility,curriculum_pass,3,75,53413655042,53413637295,38,0,GREEN,false,17,0,3,3,ARCHER:1;ASSASSIN:3;SPIDER:16,ARCHER:1;ASSASSIN:3;SPIDER:16
1392,0,0,true,,,curriculum_pass,utility,3,75,53413655042,53413637295,37,0,BLUE,false,0,17,3,3,ARCHER:1;ASSASSIN:3;SPIDER:16,ARCHER:1;ASSASSIN:3;SPIDER:16
1393,0,0,true,,,utility,curriculum_pass,3,75,53421574042,53421562167,61,0,,false,16,5,3,3,GOBLIN:12;SPIDER:13,GOBLIN:12;SPIDER:13
1394,0,0,true,,,curriculum_pass,utility,3,75,53421574042,53421562167,19,0,BLUE,false,0,9,3,3,GOBLIN:12;SPIDER:13,GOBLIN:12;SPIDER:13
1395,0,0,true,,,utility,curriculum_pass,3,75,53429493042,53429502879,48,0,,false,11,11,3,3,GARGOYLE:6;GOBLIN:1;MAGE:4,GARGOYLE:6;GOBLIN:1;MAGE:4
1396,0,0,true,,,curriculum_pass,utility,3,75,53429493042,53429502879,35,0,BLUE,false,0,6,3,3,GARGOYLE:6;GOBLIN:1;MAGE:4,GARGOYLE:6;GOBLIN:1;MAGE:4
1397,0,0,true,,,utility,curriculum_pass,3,75,92984898042,92984848215,10,0,GREEN,false,8,0,3,3,ASSASSIN:8;GOLEM:1;SPIDER:3,ASSASSIN:8;GOLEM:1;SPIDER:3
1398,0,0,true,,,curriculum_pass,utility,3,75,92984898042,92984848215,11,0,BLUE,false,0,6,3,3,ASSASSIN:8;GOLEM:1;SPIDER:3,ASSASSIN:8;GOLEM:1;SPIDER:3
1399,0,0,true,,,utility,curriculum_pass,3,75,92984905961,92984954436,48,0,,false,14,14,3,3,ARCHER:1;GOBLIN:9;GOLEM:4,ARCHER:1;GOBLIN:9;GOLEM:4
1400,0,0,true,,,curriculum_pass,utility,3,75,92984905961,92984954436,48,0,,false,14,14,3,3,ARCHER:1;GOBLIN:9;GOLEM:4,ARCHER:1;GOBLIN:9;GOLEM:4
1401,0,0,true,,,utility,curriculum_pass,3,75,92984913880,92984963445,12,0,GREEN,false,8,0,3,3,ASSASSIN:5;GOBLIN:10;SPIDER:3,ASSASSIN:5;GOBLIN:10;SPIDER:3
1402,0,0,true,,,curriculum_pass,utility,3,75,92984913880,92984963445,13,0,BLUE,false,0,7,3,3,ASSASSIN:5;GOBLIN:10;SPIDER:3,ASSASSIN:5;GOBLIN:10;SPIDER:3
1403,0,0,true,,,utility,curriculum_pass,3,75,92992817042,92992772415,12,0,GREEN,false,9,0,3,3,MAGE:8;SPIDER:6,MAGE:8;SPIDER:6
1404,0,0,true,,,curriculum_pass,utility,3,75,92992817042,92992772415,62,0,,false,7,5,3,3,MAGE:8;SPIDER:6,MAGE:8;SPIDER:6
1405,0,0,true,,,utility,curriculum_pass,3,75,92992824961,92992780332,57,0,,false,6,3,3,3,ARCHER:4;GOBLIN:1;SCORPION_RIDER:6,ARCHER:4;GOBLIN:1;SCORPION_RIDER:6
1406,0,0,true,,,curriculum_pass,utility,3,75,92992824961,92992780332,48,0,,false,11,11,3,3,ARCHER:4;GOBLIN:1;SCORPION_RIDER:6,ARCHER:4;GOBLIN:1;SCORPION_RIDER:6
1407,0,0,true,,,utility,curriculum_pass,3,75,92992832880,92992887773,61,0,,false,11,2,3,3,GOBLIN:1;MAGE:8;SCORPION_RIDER:2,GOBLIN:1;MAGE:8;SCORPION_RIDER:2
1408,0,0,true,,,curriculum_pass,utility,3,75,92992832880,92992887773,15,0,BLUE,false,0,11,3,3,GOBLIN:1;MAGE:8;SCORPION_RIDER:2,GOBLIN:1;MAGE:8;SCORPION_RIDER:2
1409,0,0,true,,,utility,curriculum_pass,3,75,93000736042,93000713095,12,0,GREEN,false,6,0,2,2,ARCHER:3;MAGE:8,ARCHER:3;MAGE:8
1410,0,0,true,,,curriculum_pass,utility,3,75,93000736042,93000713095,56,0,,false,8,11,2,2,ARCHER:3;MAGE:8,ARCHER:3;MAGE:8
1411,0,0,true,,,utility,curriculum_pass,3,75,93000743961,93000721076,59,0,,false,1,1,3,3,ASSASSIN:10;SPIDER:1,ASSASSIN:10;SPIDER:1
1412,0,0,true,,,curriculum_pass,utility,3,75,93000743961,93000721076,9,0,BLUE,false,0,5,3,3,ASSASSIN:10;SPIDER:1,ASSASSIN:10;SPIDER:1
1413,0,0,true,,,utility,curriculum_pass,3,75,93000751880,93000697253,48,0,,false,8,8,3,3,GOLEM:7;SPIDER:1,GOLEM:7;SPIDER:1
1414,0,0,true,,,curriculum_pass,utility,3,75,93000751880,93000697253,48,0,,false,8,8,3,3,GOLEM:7;SPIDER:1,GOLEM:7;SPIDER:1
1415,0,0,true,,,utility,curriculum_pass,3,75,93008655042,93008669807,16,0,GREEN,false,11,0,3,3,SCORPION_RIDER:6;SPIDER:9,SCORPION_RIDER:6;SPIDER:9
1416,0,0,true,,,curriculum_pass,utility,3,75,93008655042,93008669807,13,0,BLUE,false,0,11,3,3,SCORPION_RIDER:6;SPIDER:9,SCORPION_RIDER:6;SPIDER:9
1417,0,0,true,,,utility,curriculum_pass,3,75,93008662961,93008645916,12,0,GREEN,false,10,0,3,3,ARCHER:8;GARGOYLE:3;SPIDER:2,ARCHER:8;GARGOYLE:3;SPIDER:2
1418,0,0,true,,,curriculum_pass,utility,3,75,93008662961,93008645916,17,0,BLUE,false,0,10,3,3,ARCHER:8;GARGOYLE:3;SPIDER:2,ARCHER:8;GARGOYLE:3;SPIDER:2
1419,0,0,true,,,utility,curriculum_pass,3,75,93008670880,93008653837,20,0,GREEN,false,4,0,3,3,ARCHER:9;GARGOYLE:3,ARCHER:9;GARGOYLE:3
1420,0,0,true,,,curriculum_pass,utility,3,75,93008670880,93008653837,48,0,,false,12,12,3,3,ARCHER:9;GARGOYLE:3,ARCHER:9;GARGOYLE:3
1421,0,0,true,,,utility,curriculum_pass,3,75,154547204042,154547253607,30,0,GREEN,false,9,0,3,3,GARGOYLE:4;GOLEM:4;SPIDER:2,GARGOYLE:4;GOLEM:4;SPIDER:2
1422,0,0,true,,,curriculum_pass,utility,3,75,154547204042,154547253607,48,0,,false,10,10,3,3,GARGOYLE:4;GOLEM:4;SPIDER:2,GARGOYLE:4;GOLEM:4;SPIDER:2
1423,0,0,true,,,utility,curriculum_pass,3,75,154547211961,154547228692,57,0,,false,12,11,3,3,ARCHER:7;GARGOYLE:4;GOBLIN:1,ARCHER:7;GARGOYLE:4;GOBLIN:1
1424,0,0,true,,,curriculum_pass,utility,3,75,154547211961,154547228692,47,0,BLUE,false,0,7,3,3,ARCHER:7;GARGOYLE:4;GOBLIN:1,ARCHER:7;GARGOYLE:4;GOBLIN:1
1425,0,0,true,,,utility,curriculum_pass,3,75,154547219880,154547237637,48,0,,false,18,18,3,3,GOBLIN:12;MAGE:5;SPIDER:1,GOBLIN:12;MAGE:5;SPIDER:1
1426,0,0,true,,,curriculum_pass,utility,3,75,154547219880,154547237637,48,0,,false,18,18,3,3,GOBLIN:12;MAGE:5;SPIDER:1,GOBLIN:12;MAGE:5;SPIDER:1
1427,0,0,true,,,utility,curriculum_pass,3,75,154547227799,154547212858,53,0,,false,20,19,3,3,ARCHER:1;ASSASSIN:3;SPIDER:16,ARCHER:1;ASSASSIN:3;SPIDER:16
1428,0,0,true,,,curriculum_pass,utility,3,75,154547227799,154547212858,31,0,BLUE,false,0,18,3,3,ARCHER:1;ASSASSIN:3;SPIDER:16,ARCHER:1;ASSASSIN:3;SPIDER:16
1429,0,0,true,,,utility,curriculum_pass,3,75,93016574042,93016594167,48,0,,false,15,15,3,3,GOBLIN:11;GOLEM:4,GOBLIN:11;GOLEM:4
1430,0,0,true,,,curriculum_pass,utility,3,75,93016574042,93016594167,48,0,,false,15,15,3,3,GOBLIN:11;GOLEM:4,GOBLIN:11;GOLEM:4
1431,0,0,true,,,utility,curriculum_pass,3,75,93016581961,93016603108,8,0,GREEN,false,1,0,2,2,ASSASSIN:7;SCORPION_RIDER:3,ASSASSIN:7;SCORPION_RIDER:3
1432,0,0,true,,,curriculum_pass,utility,3,75,93016581961,93016603108,13,0,BLUE,false,0,2,2,2,ASSASSIN:7;SCORPION_RIDER:3,ASSASSIN:7;SCORPION_RIDER:3
1433,0,0,true,,,utility,curriculum_pass,3,75,93016589880,93016578197,26,0,GREEN,false,6,0,3,3,ASSASSIN:7;GOBLIN:8,ASSASSIN:7;GOBLIN:8
1434,0,0,true,,,curriculum_pass,utility,3,75,93016589880,93016578197,60,0,,false,7,10,3,3,ASSASSIN:7;GOBLIN:8,ASSASSIN:7;GOBLIN:8
1435,0,0,true,,,utility,curriculum_pass,3,75,93024493042,93024535391,48,0,,false,18,18,3,3,ARCHER:7;GOBLIN:2;SPIDER:9,ARCHER:7;GOBLIN:2;SPIDER:9
1436,0,0,true,,,curriculum_pass,utility,3,75,93024493042,93024535391,48,0,,false,18,18,3,3,ARCHER:7;GOBLIN:2;SPIDER:9,ARCHER:7;GOBLIN:2;SPIDER:9
1437,0,0,true,,,utility,curriculum_pass,3,75,93024500961,93024543308,14,0,GREEN,false,7,0,3,3,MAGE:3;SCORPION_RIDER:6;SPIDER:2,MAGE:3;SCORPION_RIDER:6;SPIDER:2
1438,0,0,true,,,curriculum_pass,utility,3,75,93024500961,93024543308,13,0,BLUE,false,0,10,3,3,MAGE:3;SCORPION_RIDER:6;SPIDER:2,MAGE:3;SCORPION_RIDER:6;SPIDER:2
1439,0,0,true,,,utility,curriculum_pass,3,75,93024508880,93024519549,48,0,,false,20,20,3,3,ARCHER:5;SPIDER:15,ARCHER:5;SPIDER:15
1440,0,0,true,,,curriculum_pass,utility,3,75,93024508880,93024519549,21,0,BLUE,false,0,16,3,3,ARCHER:5;SPIDER:15,ARCHER:5;SPIDER:15
1441,0,0,true,,,utility,curriculum_pass,3,75,93032412042,93032361255,61,0,,false,19,15,3,3,SCORPION_RIDER:3;SPIDER:17,SCORPION_RIDER:3;SPIDER:17
1442,0,0,true,,,curriculum_pass,utility,3,75,93032412042,93032361255,48,0,,false,20,20,3,3,SCORPION_RIDER:3;SPIDER:17,SCORPION_RIDER:3;SPIDER:17
1443,0,0,true,,,utility,curriculum_pass,3,75,93032419961,93032467668,57,0,,false,7,5,3,3,ASSASSIN:8;GOBLIN:6,ASSASSIN:8;GOBLIN:6
1444,0,0,true,,,curriculum_pass,utility,3,75,93032419961,93032467668,15,0,BLUE,false,0,5,3,3,ASSASSIN:8;GOBLIN:6,ASSASSIN:8;GOBLIN:6
1445,0,0,true,,,utility,curriculum_pass,3,75,93032427880,93032476613,12,0,GREEN,false,4,0,3,3,ASSASSIN:8;GARGOYLE:2;SPIDER:1,ASSASSIN:8;GARGOYLE:2;SPIDER:1
1446,0,0,true,,,curriculum_pass,utility,3,75,93032427880,93032476613,11,0,BLUE,false,0,4,3,3,ASSASSIN:8;GARGOYLE:2;SPIDER:1,ASSASSIN:8;GARGOYLE:2;SPIDER:1
1447,0,0,true,,,utility,curriculum_pass,3,75,93040331042,93040285583,53,0,,false,20,18,3,3,GOBLIN:2;GOLEM:2;SPIDER:16,GOBLIN:2;GOLEM:2;SPIDER:16
1448,0,0,true,,,curriculum_pass,utility,3,75,93040331042,93040285583,21,0,BLUE,false,0,10,3,3,GOBLIN:2;GOLEM:2;SPIDER:16,GOBLIN:2;GOLEM:2;SPIDER:16
1449,0,0,true,,,utility,curriculum_pass,3,75,93040338961,93040293564,57,0,,false,9,8,3,3,GARGOYLE:4;GOLEM:4;MAGE:1,GARGOYLE:4;GOLEM:4;MAGE:1
1450,0,0,true,,,curriculum_pass,utility,3,75,93040338961,93040293564,29,0,BLUE,false,0,9,3,3,GARGOYLE:4;GOLEM:4;MAGE:1,GARGOYLE:4;GOLEM:4;MAGE:1
1451,0,0,true,,,utility,curriculum_pass,3,75,93040346880,93040400813,12,0,GREEN,false,16,0,2,2,MAGE:4;SPIDER:15,MAGE:4;SPIDER:15
1452,0,0,true,,,curriculum_pass,utility,3,75,93040346880,93040400813,48,0,,false,19,19,2,2,MAGE:4;SPIDER:15,MAGE:4;SPIDER:15
1453,0,0,true,,,utility,curriculum_pass,3,75,93048250042,93048225815,48,0,,false,25,25,3,3,GOBLIN:11;SPIDER:14,GOBLIN:11;SPIDER:14
1454,0,0,true,,,curriculum_pass,utility,3,75,93048250042,93048225815,48,0,,false,25,25,3,3,GOBLIN:11;SPIDER:14,GOBLIN:11;SPIDER:14
1455,0,0,true,,,utility,curriculum_pass,3,75,93048257961,93048234756,71,0,,false,7,5,3,3,GOBLIN:1;GOLEM:3;SCORPION_RIDER:5,GOBLIN:1;GOLEM:3;SCORPION_RIDER:5
1456,0,0,true,,,curriculum_pass,utility,3,75,93048257961,93048234756,64,0,,false,3,7,3,3,GOBLIN:1;GOLEM:3;SCORPION_RIDER:5,GOBLIN:1;GOLEM:3;SCORPION_RIDER:5
1457,0,0,true,,,utility,curriculum_pass,3,75,93048265880,93048209973,71,0,,false,11,8,3,3,MAGE:10;SPIDER:1,MAGE:10;SPIDER:1
1458,0,0,true,,,curriculum_pass,utility,3,75,93048265880,93048209973,48,0,,false,11,11,3,3,MAGE:10;SPIDER:1,MAGE:10;SPIDER:1
1459,0,0,true,,,utility,curriculum_pass,3,75,93056169042,93056183039,55,0,,false,8,7,4,4,GOBLIN:1;GOLEM:7,GOBLIN:1;GOLEM:7
1460,0,0,true,,,curriculum_pass,utility,3,75,93056169042,93056183039,23,0,BLUE,false,0,7,4,4,GOBLIN:1;GOLEM:7,GOBLIN:1;GOLEM:7
1461,0,0,true,,,utility,curriculum_pass,3,75,93056176961,93056159212,59,0,,false,6,5,3,3,ASSASSIN:8;SPIDER:6,ASSASSIN:8;SPIDER:6
1462,0,0,true,,,curriculum_pass,utility,3,75,93056176961,93056159212,64,0,,false,5,5,3,3,ASSASSIN:8;SPIDER:6,ASSASSIN:8;SPIDER:6
1463,0,0,true,,,utility,curriculum_pass,3,75,93056184880,93056167069,48,0,,false,15,15,3,3,GOBLIN:10;GOLEM:4;SPIDER:1,GOBLIN:10;GOLEM:4;SPIDER:1
1464,0,0,true,,,curriculum_pass,utility,3,75,93056184880,93056167069,48,0,,false,15,15,3,3,GOBLIN:10;GOLEM:4;SPIDER:1,GOBLIN:10;GOLEM:4;SPIDER:1
1465,0,0,true,,,utility,curriculum_pass,3,75,54181798042,54181789239,63,0,,false,7,6,2,2,ARCHER:7;SCORPION_RIDER:4,ARCHER:7;SCORPION_RIDER:4
1466,0,0,true,,,curriculum_pass,utility,3,75,54181798042,54181789239,15,0,BLUE,false,0,9,2,2,ARCHER:7;SCORPION_RIDER:4,ARCHER:7;SCORPION_RIDER:4
1467,0,0,true,,,utility,curriculum_pass,3,75,54189717042,54189729951,10,0,GREEN,false,6,0,3,3,ASSASSIN:2;MAGE:8;SPIDER:1,ASSASSIN:2;MAGE:8;SPIDER:1
1468,0,0,true,,,curriculum_pass,utility,3,75,54189717042,54189729951,9,0,BLUE,false,0,9,3,3,ASSASSIN:2;MAGE:8;SPIDER:1,ASSASSIN:2;MAGE:8;SPIDER:1
1469,0,0,true,,,utility,curriculum_pass,3,75,54197636042,54197654887,48,0,,false,20,20,3,3,ARCHER:2;GARGOYLE:2;SPIDER:16,ARCHER:2;GARGOYLE:2;SPIDER:16
1470,0,0,true,,,curriculum_pass,utility,3,75,54197636042,54197654887,45,0,BLUE,false,0,11,3,3,ARCHER:2;GARGOYLE:2;SPIDER:16,ARCHER:2;GARGOYLE:2;SPIDER:16
1471,0,0,true,,,utility,curriculum_pass,3,75,54205555042,54205611983,16,0,GREEN,false,7,0,3,3,MAGE:5;SCORPION_RIDER:5,MAGE:5;SCORPION_RIDER:5
1472,0,0,true,,,curriculum_pass,utility,3,75,54205555042,54205611983,13,0,BLUE,false,0,7,3,3,MAGE:5;SCORPION_RIDER:5,MAGE:5;SCORPION_RIDER:5
1473,0,0,true,,,utility,curriculum_pass,3,75,54213474042,54213421143,65,0,,false,19,15,4,4,GOBLIN:1;SCORPION_RIDER:3;SPIDER:16,GOBLIN:1;SCORPION_RIDER:3;SPIDER:16
1474,0,0,true,,,curriculum_pass,utility,3,75,54213474042,54213421143,19,0,BLUE,false,0,15,4,4,GOBLIN:1;SCORPION_RIDER:3;SPIDER:16,GOBLIN:1;SCORPION_RIDER:3;SPIDER:16
1475,0,0,true,,,utility,curriculum_pass,3,75,54221393042,54221345343,48,0,,false,11,11,3,3,ARCHER:8;GOLEM:2;MAGE:1,ARCHER:8;GOLEM:2;MAGE:1
1476,0,0,true,,,curriculum_pass,utility,3,75,54221393042,54221345343,58,0,,false,10,11,3,3,ARCHER:8;GOLEM:2;MAGE:1,ARCHER:8;GOLEM:2;MAGE:1
1477,0,0,true,,,utility,curriculum_pass,3,75,93776798042,93776822263,48,0,,false,8,8,3,3,GOBLIN:1;GOLEM:7,GOBLIN:1;GOLEM:7
1478,0,0,true,,,curriculum_pass,utility,3,75,93776798042,93776822263,58,0,,false,7,8,3,3,GOBLIN:1;GOLEM:7,GOBLIN:1;GOLEM:7
1479,0,0,true,,,utility,curriculum_pass,3,75,93776805961,93776797412,59,0,,false,8,4,3,3,ASSASSIN:8;SPIDER:6,ASSASSIN:8;SPIDER:6
1480,0,0,true,,,curriculum_pass,utility,3,75,93776805961,93776797412,60,0,,false,4,8,3,3,ASSASSIN:8;SPIDER:6,ASSASSIN:8;SPIDER:6
1481,0,0,true,,,utility,curriculum_pass,3,75,93776813880,93776789909,18,0,GREEN,false,9,0,3,3,GOBLIN:2;GOLEM:2;MAGE:7,GOBLIN:2;GOLEM:2;MAGE:7
1482,0,0,true,,,curriculum_pass,utility,3,75,93776813880,93776789909,48,0,,false,11,11,3,3,GOBLIN:2;GOLEM:2;MAGE:7,GOBLIN:2;GOLEM:2;MAGE:7
1483,0,0,true,,,utility,curriculum_pass,3,75,93784717042,93784762463,20,0,GREEN,false,3,0,2,2,ARCHER:3;MAGE:8,ARCHER:3;MAGE:8
1484,0,0,true,,,curriculum_pass,utility,3,75,93784717042,93784762463,62,0,,false,4,4,2,2,ARCHER:3;MAGE:8,ARCHER:3;MAGE:8
1485,0,0,true,,,utility,curriculum_pass,3,75,93784724961,93784738636,59,0,,false,10,11,4,4,ARCHER:8;GOBLIN:1;MAGE:3;SPIDER:1,ARCHER:8;GOBLIN:1;MAGE:3;SPIDER:1
1486,0,0,true,,,curriculum_pass,utility,3,75,93784724961,93784738636,48,0,,false,13,13,4,4,ARCHER:8;GOBLIN:1;MAGE:3;SPIDER:1,ARCHER:8;GOBLIN:1;MAGE:3;SPIDER:1
1487,0,0,true,,,utility,curriculum_pass,3,75,93784732880,93784746621,48,0,,false,15,15,3,3,GOBLIN:1;GOLEM:4;SPIDER:10,GOBLIN:1;GOLEM:4;SPIDER:10
1488,0,0,true,,,curriculum_pass,utility,3,75,93784732880,93784746621,70,0,,false,2,1,3,3,GOBLIN:1;GOLEM:4;SPIDER:10,GOBLIN:1;GOLEM:4;SPIDER:10
1489,0,0,true,,,utility,curriculum_pass,3,75,93792636042,93792686631,16,0,GREEN,false,7,0,3,3,GARGOYLE:4;MAGE:1;SCORPION_RIDER:5,GARGOYLE:4;MAGE:1;SCORPION_RIDER:5
1490,0,0,true,,,curriculum_pass,utility,3,75,93792636042,93792686631,21,0,BLUE,false,0,5,3,3,GARGOYLE:4;MAGE:1;SCORPION_RIDER:5,GARGOYLE:4;MAGE:1;SCORPION_RIDER:5
1491,0,0,true,,,utility,curriculum_pass,3,75,93792643961,93792695764,48,0,,false,11,11,3,3,MAGE:10;SPIDER:1,MAGE:10;SPIDER:1
1492,0,0,true,,,curriculum_pass,utility,3,75,93792643961,93792695764,21,0,BLUE,false,0,8,3,3,MAGE:10;SPIDER:1,MAGE:10;SPIDER:1
1493,0,0,true,,,utility,curriculum_pass,3,75,93792651880,93792670917,24,0,GREEN,false,5,0,3,3,ARCHER:4;SCORPION_RIDER:6;SPIDER:1,ARCHER:4;SCORPION_RIDER:6;SPIDER:1
1494,0,0,true,,,curriculum_pass,utility,3,75,93792651880,93792670917,9,0,BLUE,false,0,10,3,3,ARCHER:4;SCORPION_RIDER:6;SPIDER:1,ARCHER:4;SCORPION_RIDER:6;SPIDER:1
1495,0,0,true,,,utility,curriculum_pass,3,75,155331185042,155331139391,63,0,,false,15,13,2,2,SPIDER:25,SPIDER:25
1496,0,0,true,,,curriculum_pass,utility,3,75,155331185042,155331139391,48,0,,false,25,25,2,2,SPIDER:25,SPIDER:25
1497,0,0,true,,,utility,curriculum_pass,3,75,155331192961,155331147308,55,0,,false,15,14,3,3,GOBLIN:1;GOLEM:4;SPIDER:10,GOBLIN:1;GOLEM:4;SPIDER:10
1498,0,0,true,,,curriculum_pass,utility,3,75,155331192961,155331147308,48,0,,false,15,15,3,3,GOBLIN:1;GOLEM:4;SPIDER:10,GOBLIN:1;GOLEM:4;SPIDER:10
1499,0,0,true,,,utility,curriculum_pass,3,75,155331200880,155331254749,10,0,GREEN,false,10,0,3,3,ASSASSIN:5;MAGE:4;SPIDER:4,ASSASSIN:5;MAGE:4;SPIDER:4
1500,0,0,true,,,curriculum_pass,utility,3,75,155331200880,155331254749,11,0,BLUE,false,0,10,3,3,ASSASSIN:5;MAGE:4;SPIDER:4,ASSASSIN:5;MAGE:4;SPIDER:4
1501,0,0,true,,,utility,curriculum_pass,3,75,155331208799,155331262706,65,0,,false,16,13,3,3,GOBLIN:1;SCORPION_RIDER:4;SPIDER:13,GOBLIN:1;SCORPION_RIDER:4;SPIDER:13
1502,0,0,true,,,curriculum_pass,utility,3,75,155331208799,155331262706,19,0,BLUE,false,0,17,3,3,GOBLIN:1;SCORPION_RIDER:4;SPIDER:13,GOBLIN:1;SCORPION_RIDER:4;SPIDER:13
1503,0,0,true,,,utility,curriculum_pass,3,75,93800555042,93800512655,57,0,,false,15,13,3,3,ASSASSIN:4;SCORPION_RIDER:1;SPIDER:13,ASSASSIN:4;SCORPION_RIDER:1;SPIDER:13
1504,0,0,true,,,curriculum_pass,utility,3,75,93800555042,93800512655,17,0,BLUE,false,0,14,3,3,ASSASSIN:4;SCORPION_RIDER:1;SPIDER:13,ASSASSIN:4;SCORPION_RIDER:1;SPIDER:13
1505,0,0,true,,,utility,curriculum_pass,3,75,93800562961,93800619964,48,0,,false,16,16,2,2,SCORPION_RIDER:5;SPIDER:11,SCORPION_RIDER:5;SPIDER:11
1506,0,0,true,,,curriculum_pass,utility,3,75,93800562961,93800619964,11,0,BLUE,false,0,12,2,2,SCORPION_RIDER:5;SPIDER:11,SCORPION_RIDER:5;SPIDER:11
1507,0,0,true,,,utility,curriculum_pass,3,75,93800570880,93800627885,48,0,,false,15,15,3,3,SCORPION_RIDER:6;SPIDER:9,SCORPION_RIDER:6;SPIDER:9
1508,0,0,true,,,curriculum_pass,utility,3,75,93800570880,93800627885,48,0,,false,15,15,3,3,SCORPION_RIDER:6;SPIDER:9,SCORPION_RIDER:6;SPIDER:9
1509,0,0,true,,,utility,curriculum_pass,3,75,93808474042,93808453911,10,0,GREEN,false,12,0,2,2,GOBLIN:11;MAGE:6,GOBLIN:11;MAGE:6
1510,0,0,true,,,curriculum_pass,utility,3,75,93808474042,93808453911,48,0,,false,17,17,2,2,GOBLIN:11;MAGE:6,GOBLIN:11;MAGE:6
1511,0,0,true,,,utility,curriculum_pass,3,75,93808481961,93808429060,48,0,,false,11,11,3,3,GARGOYLE:6;MAGE:4;SPIDER:1,GARGOYLE:6;MAGE:4;SPIDER:1
1512,0,0,true,,,curriculum_pass,utility,3,75,93808481961,93808429060,31,0,BLUE,false,0,10,3,3,GARGOYLE:6;MAGE:4;SPIDER:1,GARGOYLE:6;MAGE:4;SPIDER:1
1513,0,0,true,,,utility,curriculum_pass,3,75,93808489880,93808438069,48,0,,false,9,9,3,3,ARCHER:4;GOLEM:5,ARCHER:4;GOLEM:5
1514,0,0,true,,,curriculum_pass,utility,3,75,93808489880,93808438069,53,0,BLUE,false,0,8,3,3,ARCHER:4;GOLEM:5,ARCHER:4;GOLEM:5
1515,0,0,true,,,utility,curriculum_pass,3,75,93816393042,93816378367,48,0,,false,15,15,3,3,GOBLIN:7;MAGE:7;SPIDER:1,GOBLIN:7;MAGE:7;SPIDER:1
1516,0,0,true,,,curriculum_pass,utility,3,75,93816393042,93816378367,66,0,,false,10,8,3,3,GOBLIN:7;MAGE:7;SPIDER:1,GOBLIN:7;MAGE:7;SPIDER:1
1517,0,0,true,,,utility,curriculum_pass,3,75,93816400961,93816386284,201,0,,true,6,4,3,3,GOLEM:4;MAGE:5,GOLEM:4;MAGE:5
1518,0,0,true,,,curriculum_pass,utility,3,75,93816400961,93816386284,201,0,,true,5,6,3,3,GOLEM:4;MAGE:5,GOLEM:4;MAGE:5
1519,0,0,true,,,utility,curriculum_pass,3,75,93816408880,93816362397,48,0,,false,12,12,3,3,ARCHER:8;GOBLIN:2;GOLEM:2,ARCHER:8;GOBLIN:2;GOLEM:2
1520,0,0,true,,,curriculum_pass,utility,3,75,93816408880,93816362397,64,0,,false,2,6,3,3,ARCHER:8;GOBLIN:2;GOLEM:2,ARCHER:8;GOBLIN:2;GOLEM:2
1521,0,0,true,,,utility,curriculum_pass,3,75,93824312042,93824334919,95,0,,false,9,3,3,3,ARCHER:5;GARGOYLE:5;SPIDER:3,ARCHER:5;GARGOYLE:5;SPIDER:3
1522,0,0,true,,,curriculum_pass,utility,3,75,93824312042,93824334919,110,0,,false,3,11,3,3,ARCHER:5;GARGOYLE:5;SPIDER:3,ARCHER:5;GARGOYLE:5;SPIDER:3
1523,0,0,true,,,utility,curriculum_pass,3,75,93824319961,93824311156,48,0,,false,11,11,3,3,ARCHER:5;SCORPION_RIDER:5;SPIDER:1,ARCHER:5;SCORPION_RIDER:5;SPIDER:1
1524,0,0,true,,,curriculum_pass,utility,3,75,93824319961,93824311156,48,0,,false,11,11,3,3,ARCHER:5;SCORPION_RIDER:5;SPIDER:1,ARCHER:5;SCORPION_RIDER:5;SPIDER:1
1525,0,0,true,,,utility,curriculum_pass,3,75,93824327880,93824319077,48,0,,false,24,24,3,3,ARCHER:1;GOBLIN:23,ARCHER:1;GOBLIN:23
1526,0,0,true,,,curriculum_pass,utility,3,75,93824327880,93824319077,48,0,,false,24,24,3,3,ARCHER:1;GOBLIN:23,ARCHER:1;GOBLIN:23
1527,0,0,true,,,utility,curriculum_pass,3,75,93832231042,93832275503,48,0,,false,11,11,2,2,ARCHER:3;MAGE:8,ARCHER:3;MAGE:8
1528,0,0,true,,,curriculum_pass,utility,3,75,93832231042,93832275503,64,0,,false,8,6,2,2,ARCHER:3;MAGE:8,ARCHER:3;MAGE:8
1529,0,0,true,,,utility,curriculum_pass,3,75,93832238961,93832251868,48,0,,false,17,17,3,3,GARGOYLE:6;GOBLIN:11,GARGOYLE:6;GOBLIN:11
1530,0,0,true,,,curriculum_pass,utility,3,75,93832238961,93832251868,48,0,,false,17,17,3,3,GARGOYLE:6;GOBLIN:11,GARGOYLE:6;GOBLIN:11
1531,0,0,true,,,utility,curriculum_pass,3,75,93832246880,93832259789,48,0,,false,9,9,2,2,GARGOYLE:5;GOLEM:4,GARGOYLE:5;GOLEM:4
1532,0,0,true,,,curriculum_pass,utility,3,75,93832246880,93832259789,76,0,,false,3,7,2,2,GARGOYLE:5;GOLEM:4,GARGOYLE:5;GOLEM:4
1533,0,0,true,,,utility,curriculum_pass,3,75,93840150042,93840199863,57,0,,false,14,4,3,3,GOBLIN:11;SCORPION_RIDER:5,GOBLIN:11;SCORPION_RIDER:5
1534,0,0,true,,,curriculum_pass,utility,3,75,93840150042,93840199863,21,0,BLUE,false,0,4,3,3,GOBLIN:11;SCORPION_RIDER:5,GOBLIN:11;SCORPION_RIDER:5
1535,0,0,true,,,utility,curriculum_pass,3,75,93840157961,93840208804,10,0,GREEN,false,8,0,3,3,ASSASSIN:8;GOBLIN:1;MAGE:2,ASSASSIN:8;GOBLIN:1;MAGE:2
1536,0,0,true,,,curriculum_pass,utility,3,75,93840157961,93840208804,11,0,BLUE,false,0,7,3,3,ASSASSIN:8;GOBLIN:1;MAGE:2,ASSASSIN:8;GOBLIN:1;MAGE:2
1537,0,0,true,,,utility,curriculum_pass,3,75,93840165880,93840184661,16,0,GREEN,false,2,0,2,2,GOBLIN:11;GOLEM:4,GOBLIN:11;GOLEM:4
1538,0,0,true,,,curriculum_pass,utility,3,75,93840165880,93840184661,58,0,,false,4,11,2,2,GOBLIN:11;GOLEM:4,GOBLIN:11;GOLEM:4
1539,0,0,true,,,utility,curriculum_pass,3,75,155378699042,155378652559,48,0,,false,16,16,3,3,GOBLIN:12;GOLEM:3;MAGE:1,GOBLIN:12;GOLEM:3;MAGE:1
1540,0,0,true,,,curriculum_pass,utility,3,75,155378699042,155378652559,83,0,BLUE,false,0,13,3,3,GOBLIN:12;GOLEM:3;MAGE:1,GOBLIN:12;GOLEM:3;MAGE:1
1541,0,0,true,,,utility,curriculum_pass,3,75,155378706961,155378660540,48,0,,false,11,11,4,4,GARGOYLE:5;SCORPION_RIDER:4;SPIDER:2,GARGOYLE:5;SCORPION_RIDER:4;SPIDER:2
1542,0,0,true,,,curriculum_pass,utility,3,75,155378706961,155378660540,63,0,BLUE,false,0,9,4,4,GARGOYLE:5;SCORPION_RIDER:4;SPIDER:2,GARGOYLE:5;SCORPION_RIDER:4;SPIDER:2
1543,0,0,true,,,utility,curriculum_pass,3,75,155378714880,155378767789,26,0,GREEN,false,2,0,3,3,GOLEM:3;SCORPION_RIDER:5;SPIDER:1,GOLEM:3;SCORPION_RIDER:5;SPIDER:1
1544,0,0,true,,,curriculum_pass,utility,3,75,155378714880,155378767789,76,0,,false,1,1,3,3,GOLEM:3;SCORPION_RIDER:5;SPIDER:1,GOLEM:3;SCORPION_RIDER:5;SPIDER:1
1545,0,0,true,,,utility,curriculum_pass,3,75,155378722799,155378776386,48,0,,false,11,11,3,3,GARGOYLE:10;SPIDER:1,GARGOYLE:10;SPIDER:1
1546,0,0,true,,,curriculum_pass,utility,3,75,155378722799,155378776386,48,0,,false,11,11,3,3,GARGOYLE:10;SPIDER:1,GARGOYLE:10;SPIDER:1
1547,0,0,true,,,utility,curriculum_pass,3,75,93848069042,93848026399,55,0,,false,19,17,3,3,ARCHER:1;GOLEM:2;SPIDER:16,ARCHER:1;GOLEM:2;SPIDER:16
1548,0,0,true,,,curriculum_pass,utility,3,75,93848069042,93848026399,84,0,,false,1,19,3,3,ARCHER:1;GOLEM:2;SPIDER:16,ARCHER:1;GOLEM:2;SPIDER:16
1549,0,0,true,,,utility,curriculum_pass,3,75,93848076961,93848132620,12,0,GREEN,false,6,0,3,3,ARCHER:8;MAGE:3;SPIDER:2,ARCHER:8;MAGE:3;SPIDER:2
1550,0,0,true,,,curriculum_pass,utility,3,75,93848076961,93848132620,15,0,BLUE,false,0,6,3,3,ARCHER:8;MAGE:3;SPIDER:2,ARCHER:8;MAGE:3;SPIDER:2
1551,0,0,true,,,utility,curriculum_pass,3,75,93848084880,93848141629,59,0,,false,13,6,2,2,GOBLIN:9;SCORPION_RIDER:6,GOBLIN:9;SCORPION_RIDER:6
1552,0,0,true,,,curriculum_pass,utility,3,75,93848084880,93848141629,62,0,,false,9,12,2,2,GOBLIN:9;SCORPION_RIDER:6,GOBLIN:9;SCORPION_RIDER:6
1553,0,0,true,,,utility,curriculum_pass,3,75,54973698042,54973747543,48,0,,false,14,14,3,3,GOLEM:4;SCORPION_RIDER:1;SPIDER:9,GOLEM:4;SCORPION_RIDER:1;SPIDER:9
1554,0,0,true,,,curriculum_pass,utility,3,75,54973698042,54973747543,29,0,BLUE,false,0,13,3,3,GOLEM:4;SCORPION_RIDER:1;SPIDER:9,GOLEM:4;SCORPION_RIDER:1;SPIDER:9
1555,0,0,true,,,utility,curriculum_pass,3,75,54981617042,54981573439,14,0,GREEN,false,15,0,2,2,GOBLIN:8;MAGE:7,GOBLIN:8;MAGE:7
1556,0,0,true,,,curriculum_pass,utility,3,75,54981617042,54981573439,21,0,BLUE,false,0,6,2,2,GOBLIN:8;MAGE:7,GOBLIN:8;MAGE:7
1557,0,0,true,,,utility,curriculum_pass,3,75,54989536042,54989514119,53,0,,false,14,11,2,2,ASSASSIN:6;GOBLIN:11,ASSASSIN:6;GOBLIN:11
1558,0,0,true,,,curriculum_pass,utility,3,75,54989536042,54989514119,13,0,BLUE,false,0,2,2,2,ASSASSIN:6;GOBLIN:11,ASSASSIN:6;GOBLIN:11
1559,0,0,true,,,utility,curriculum_pass,3,75,54997455042,54997438063,48,0,,false,17,17,2,2,GARGOYLE:6;GOBLIN:11,GARGOYLE:6;GOBLIN:11
1560,0,0,true,,,curriculum_pass,utility,3,75,54997455042,54997438063,39,0,BLUE,false,0,5,2,2,GARGOYLE:6;GOBLIN:11,GARGOYLE:6;GOBLIN:11
1561,0,0,true,,,utility,curriculum_pass,3,75,55005374042,55005395191,48,0,,false,25,25,3,3,SPIDER:25,SPIDER:25
1562,0,0,true,,,curriculum_pass,utility,3,75,55005374042,55005395191,48,0,,false,25,25,3,3,SPIDER:25,SPIDER:25
1563,0,0,true,,,utility,curriculum_pass,3,75,55013293042,55013336415,14,0,BLUE,false,0,1,2,2,ASSASSIN:5;SCORPION_RIDER:5,ASSASSIN:5;SCORPION_RIDER:5
1564,0,0,true,,,curriculum_pass,utility,3,75,55013293042,55013336415,13,0,BLUE,false,0,3,2,2,ASSASSIN:5;SCORPION_RIDER:5,ASSASSIN:5;SCORPION_RIDER:5
1565,0,0,true,,,utility,curriculum_pass,3,75,94568698042,94568648215,10,0,BLUE,false,0,1,2,2,ASSASSIN:7;GOBLIN:8,ASSASSIN:7;GOBLIN:8
1566,0,0,true,,,curriculum_pass,utility,3,75,94568698042,94568648215,17,0,BLUE,false,0,2,2,2,ASSASSIN:7;GOBLIN:8,ASSASSIN:7;GOBLIN:8
1567,0,0,true,,,utility,curriculum_pass,3,75,94568705961,94568657156,22,0,GREEN,false,18,0,3,3,ARCHER:4;GOBLIN:2;SPIDER:15,ARCHER:4;GOBLIN:2;SPIDER:15
1568,0,0,true,,,curriculum_pass,utility,3,75,94568705961,94568657156,48,0,,false,21,21,3,3,ARCHER:4;GOBLIN:2;SPIDER:15,ARCHER:4;GOBLIN:2;SPIDER:15
1569,0,0,true,,,utility,curriculum_pass,3,75,94568713880,94568763445,48,0,,false,11,11,4,4,GARGOYLE:5;GOBLIN:1;MAGE:4;SCORPION_RIDER:1,GARGOYLE:5;GOBLIN:1;MAGE:4;SCORPION_RIDER:1
1570,0,0,true,,,curriculum_pass,utility,3,75,94568713880,94568763445,72,0,,false,5,11,4,4,GARGOYLE:5;GOBLIN:1;MAGE:4;SCORPION_RIDER:1,GARGOYLE:5;GOBLIN:1;MAGE:4;SCORPION_RIDER:1
1571,0,0,true,,,utility,curriculum_pass,3,75,94576617042,94576605439,12,0,GREEN,false,10,0,3,3,ARCHER:4;SCORPION_RIDER:5;SPIDER:3,ARCHER:4;SCORPION_RIDER:5;SPIDER:3
1572,0,0,true,,,curriculum_pass,utility,3,75,94576617042,94576605439,13,0,BLUE,false,0,10,3,3,ARCHER:4;SCORPION_RIDER:5;SPIDER:3,ARCHER:4;SCORPION_RIDER:5;SPIDER:3
1573,0,0,true,,,utility,curriculum_pass,3,75,94576624961,94576581612,48,0,,false,18,18,3,3,GOBLIN:2;GOLEM:3;SPIDER:13,GOBLIN:2;GOLEM:3;SPIDER:13
1574,0,0,true,,,curriculum_pass,utility,3,75,94576624961,94576581612,48,0,,false,18,18,3,3,GOBLIN:2;GOLEM:3;SPIDER:13,GOBLIN:2;GOLEM:3;SPIDER:13
1575,0,0,true,,,utility,curriculum_pass,3,75,94576632880,94576589469,8,0,GREEN,false,9,0,2,2,MAGE:7;SCORPION_RIDER:3,MAGE:7;SCORPION_RIDER:3
1576,0,0,true,,,curriculum_pass,utility,3,75,94576632880,94576589469,9,0,BLUE,false,0,8,2,2,MAGE:7;SCORPION_RIDER:3,MAGE:7;SCORPION_RIDER:3
1577,0,0,true,,,utility,curriculum_pass,3,75,94584536042,94584546631,16,0,GREEN,false,2,0,3,3,MAGE:10;SPIDER:1,MAGE:10;SPIDER:1
1578,0,0,true,,,curriculum_pass,utility,3,75,94584536042,94584546631,25,0,BLUE,false,0,4,3,3,MAGE:10;SPIDER:1,MAGE:10;SPIDER:1
1579,0,0,true,,,utility,curriculum_pass,3,75,94584543961,94584521844,48,0,,false,12,12,3,3,ARCHER:8;GOBLIN:1;SCORPION_RIDER:3,ARCHER:8;GOBLIN:1;SCORPION_RIDER:3
1580,0,0,true,,,curriculum_pass,utility,3,75,94584543961,94584521844,11,0,BLUE,false,0,12,3,3,ARCHER:8;GOBLIN:1;SCORPION_RIDER:3,ARCHER:8;GOBLIN:1;SCORPION_RIDER:3
1581,0,0,true,,,utility,curriculum_pass,3,75,94584551880,94584530789,48,0,,false,23,23,3,3,GOBLIN:10;MAGE:1;SPIDER:12,GOBLIN:10;MAGE:1;SPIDER:12
1582,0,0,true,,,curriculum_pass,utility,3,75,94584551880,94584530789,31,0,BLUE,false,0,14,3,3,GOBLIN:10;MAGE:1;SPIDER:12,GOBLIN:10;MAGE:1;SPIDER:12
1583,0,0,true,,,utility,curriculum_pass,3,75,94592455042,94592470831,26,0,GREEN,false,5,0,3,3,GOBLIN:12;GOLEM:3;SCORPION_RIDER:1,GOBLIN:12;GOLEM:3;SCORPION_RIDER:1
1584,0,0,true,,,curriculum_pass,utility,3,75,94592455042,94592470831,64,0,,false,13,16,3,3,GOBLIN:12;GOLEM:3;SCORPION_RIDER:1,GOBLIN:12;GOLEM:3;SCORPION_RIDER:1
1585,0,0,true,,,utility,curriculum_pass,3,75,94592462961,94592478940,48,0,,false,13,13,3,3,ARCHER:12;SPIDER:1,ARCHER:12;SPIDER:1
1586,0,0,true,,,curriculum_pass,utility,3,75,94592462961,94592478940,48,0,,false,13,13,3,3,ARCHER:12;SPIDER:1,ARCHER:12;SPIDER:1
1587,0,0,true,,,utility,curriculum_pass,3,75,94592470880,94592455117,50,0,GREEN,false,3,0,3,3,ASSASSIN:8;GARGOYLE:2;GOBLIN:1,ASSASSIN:8;GARGOYLE:2;GOBLIN:1
1588,0,0,true,,,curriculum_pass,utility,3,75,94592470880,94592455117,17,0,BLUE,false,0,5,3,3,ASSASSIN:8;GARGOYLE:2;GOBLIN:1,ASSASSIN:8;GARGOYLE:2;GOBLIN:1
1589,0,0,true,,,utility,curriculum_pass,3,75,94600374042,94600427959,55,0,,false,15,14,3,3,GOBLIN:10;GOLEM:4;SPIDER:1,GOBLIN:10;GOLEM:4;SPIDER:1
1590,0,0,true,,,curriculum_pass,utility,3,75,94600374042,94600427959,62,0,,false,4,7,3,3,GOBLIN:10;GOLEM:4;SPIDER:1,GOBLIN:10;GOLEM:4;SPIDER:1
1591,0,0,true,,,utility,curriculum_pass,3,75,94600381961,94600403108,57,0,,false,18,4,2,2,SCORPION_RIDER:4;SPIDER:14,SCORPION_RIDER:4;SPIDER:14
1592,0,0,true,,,curriculum_pass,utility,3,75,94600381961,94600403108,15,0,BLUE,false,0,12,2,2,SCORPION_RIDER:4;SPIDER:14,SCORPION_RIDER:4;SPIDER:14
1593,0,0,true,,,utility,curriculum_pass,3,75,94600389880,94600411733,14,0,GREEN,false,8,0,3,3,ARCHER:5;GOBLIN:1;GOLEM:4,ARCHER:5;GOBLIN:1;GOLEM:4
1594,0,0,true,,,curriculum_pass,utility,3,75,94600389880,94600411733,15,0,BLUE,false,0,9,3,3,ARCHER:5;GOBLIN:1;GOLEM:4,ARCHER:5;GOBLIN:1;GOLEM:4
1595,0,0,true,,,utility,curriculum_pass,3,75,94608293042,94608237087,10,0,GREEN,false,15,0,2,2,GOBLIN:8;MAGE:7,GOBLIN:8;MAGE:7
1596,0,0,true,,,curriculum_pass,utility,3,75,94608293042,94608237087,15,0,BLUE,false,0,14,2,2,GOBLIN:8;MAGE:7,GOBLIN:8;MAGE:7
1597,0,0,true,,,utility,curriculum_pass,3,75,94608300961,94608344332,48,0,,false,11,11,3,3,GARGOYLE:10;GOBLIN:1,GARGOYLE:10;GOBLIN:1
1598,0,0,true,,,curriculum_pass,utility,3,75,94608300961,94608344332,54,0,,false,10,11,3,3,GARGOYLE:10;GOBLIN:1,GARGOYLE:10;GOBLIN:1
1599,0,0,true,,,utility,curriculum_pass,3,75,94608308880,94608352317,16,0,GREEN,false,6,0,3,3,ARCHER:8;GOBLIN:1;SCORPION_RIDER:3,ARCHER:8;GOBLIN:1;SCORPION_RIDER:3
1600,0,0,true,,,curriculum_pass,utility,3,75,94608308880,94608352317,64,0,,false,4,11,3,3,ARCHER:8;GOBLIN:1;SCORPION_RIDER:3,ARCHER:8;GOBLIN:1;SCORPION_RIDER:3
1601,0,0,true,,,utility,curriculum_pass,3,75,94616212042,94616161511,30,0,GREEN,false,2,0,2,2,GOLEM:3;SPIDER:15,GOLEM:3;SPIDER:15
1602,0,0,true,,,curriculum_pass,utility,3,75,94616212042,94616161511,48,0,,false,18,18,2,2,GOLEM:3;SPIDER:15,GOLEM:3;SPIDER:15
1603,0,0,true,,,utility,curriculum_pass,3,75,94616219961,94616170388,59,0,,false,7,5,2,2,ARCHER:7;SCORPION_RIDER:4,ARCHER:7;SCORPION_RIDER:4
1604,0,0,true,,,curriculum_pass,utility,3,75,94616219961,94616170388,62,0,,false,5,7,2,2,ARCHER:7;SCORPION_RIDER:4,ARCHER:7;SCORPION_RIDER:4
1605,0,0,true,,,utility,curriculum_pass,3,75,94616227880,94616276613,26,0,GREEN,false,6,0,3,3,GOLEM:4;SCORPION_RIDER:4;SPIDER:1,GOLEM:4;SCORPION_RIDER:4;SPIDER:1
1606,0,0,true,,,curriculum_pass,utility,3,75,94616227880,94616276613,27,0,BLUE,false,0,6,3,3,GOLEM:4;SCORPION_RIDER:4;SPIDER:1,GOLEM:4;SCORPION_RIDER:4;SPIDER:1
1607,0,0,true,,,utility,curriculum_pass,3,75,94624131042,94624119119,48,0,,false,19,19,2,2,GARGOYLE:4;SPIDER:15,GARGOYLE:4;SPIDER:15
1608,0,0,true,,,curriculum_pass,utility,3,75,94624131042,94624119119,17,0,BLUE,false,0,11,2,2,GARGOYLE:4;SPIDER:15,GARGOYLE:4;SPIDER:15
1609,0,0,true,,,utility,curriculum_pass,3,75,94624138961,94624094332,18,0,GREEN,false,11,0,3,3,ARCHER:1;GOBLIN:10;SPIDER:13,ARCHER:1;GOBLIN:10;SPIDER:13
1610,0,0,true,,,curriculum_pass,utility,3,75,94624138961,94624094332,17,0,BLUE,false,0,15,3,3,ARCHER:1;GOBLIN:10;SPIDER:13,ARCHER:1;GOBLIN:10;SPIDER:13
1611,0,0,true,,,utility,curriculum_pass,3,75,94624146880,94624103277,14,0,GREEN,false,4,0,3,3,ASSASSIN:8;GARGOYLE:2;GOBLIN:1,ASSASSIN:8;GARGOYLE:2;GOBLIN:1
1612,0,0,true,,,curriculum_pass,utility,3,75,94624146880,94624103277,17,0,BLUE,false,0,3,3,3,ASSASSIN:8;GARGOYLE:2;GOBLIN:1,ASSASSIN:8;GARGOYLE:2;GOBLIN:1
1613,0,0,true,,,utility,curriculum_pass,3,75,156162680042,156162701895,48,0,,false,9,9,4,4,GARGOYLE:3;GOBLIN:1;GOLEM:5,GARGOYLE:3;GOBLIN:1;GOLEM:5
1614,0,0,true,,,curriculum_pass,utility,3,75,156162680042,156162701895,48,0,,false,9,9,4,4,GARGOYLE:3;GOBLIN:1;GOLEM:5,GARGOYLE:3;GOBLIN:1;GOLEM:5
1615,0,0,true,,,utility,curriculum_pass,3,75,156162687961,156162678132,16,0,GREEN,false,19,0,2,2,ARCHER:5;SPIDER:15,ARCHER:5;SPIDER:15
1616,0,0,true,,,curriculum_pass,utility,3,75,156162687961,156162678132,48,0,,false,20,20,2,2,ARCHER:5;SPIDER:15,ARCHER:5;SPIDER:15
1617,0,0,true,,,utility,curriculum_pass,3,75,156162695880,156162686053,12,0,GREEN,false,9,0,3,3,ASSASSIN:1;MAGE:4;SCORPION_RIDER:5,ASSASSIN:1;MAGE:4;SCORPION_RIDER:5
1618,0,0,true,,,curriculum_pass,utility,3,75,156162695880,156162686053,11,0,BLUE,false,0,9,3,3,ASSASSIN:1;MAGE:4;SCORPION_RIDER:5,ASSASSIN:1;MAGE:4;SCORPION_RIDER:5
1619,0,0,true,,,utility,curriculum_pass,3,75,156162703799,156162662170,48,0,,false,12,12,3,3,ARCHER:6;GARGOYLE:5;SPIDER:1,ARCHER:6;GARGOYLE:5;SPIDER:1
1620,0,0,true,,,curriculum_pass,utility,3,75,156162703799,156162662170,201,0,,true,3,8,3,3,ARCHER:6;GARGOYLE:5;SPIDER:1,ARCHER:6;GARGOYLE:5;SPIDER:1
1621,0,0,true,,,utility,curriculum_pass,3,75,94632050042,94632059863,57,0,,false,1,1,3,3,ASSASSIN:10;GOBLIN:1,ASSASSIN:10;GOBLIN:1
1622,0,0,true,,,curriculum_pass,utility,3,75,94632050042,94632059863,58,0,,false,1,1,3,3,ASSASSIN:10;GOBLIN:1,ASSASSIN:10;GOBLIN:1
1623,0,0,true,,,utility,curriculum_pass,3,75,94632057961,94632035012,26,0,GREEN,false,3,0,3,3,GOBLIN:25,GOBLIN:25
1624,0,0,true,,,curriculum_pass,utility,3,75,94632057961,94632035012,60,0,,false,11,18,3,3,GOBLIN:25,GOBLIN:25
1625,0,0,true,,,utility,curriculum_pass,3,75,94632065880,94632044021,18,0,GREEN,false,6,0,4,4,GOBLIN:1;SCORPION_RIDER:9,GOBLIN:1;SCORPION_RIDER:9
1626,0,0,true,,,curriculum_pass,utility,3,75,94632065880,94632044021,64,0,,false,7,8,4,4,GOBLIN:1;SCORPION_RIDER:9,GOBLIN:1;SCORPION_RIDER:9
1627,0,0,true,,,utility,curriculum_pass,3,75,94639969042,94639984063,48,0,,false,11,11,3,3,GARGOYLE:10;SPIDER:1,GARGOYLE:10;SPIDER:1
1628,0,0,true,,,curriculum_pass,utility,3,75,94639969042,94639984063,48,0,,false,11,11,3,3,GARGOYLE:10;SPIDER:1,GARGOYLE:10;SPIDER:1
1629,0,0,true,,,utility,curriculum_pass,3,75,94639976961,94639991980,10,0,GREEN,false,2,0,2,2,ASSASSIN:7;SCORPION_RIDER:3,ASSASSIN:7;SCORPION_RIDER:3
1630,0,0,true,,,curriculum_pass,utility,3,75,94639976961,94639991980,9,0,GREEN,false,2,0,2,2,ASSASSIN:7;SCORPION_RIDER:3,ASSASSIN:7;SCORPION_RIDER:3
1631,0,0,true,,,utility,curriculum_pass,3,75,94639984880,94639967837,14,0,GREEN,false,11,0,3,3,SCORPION_RIDER:6;SPIDER:9,SCORPION_RIDER:6;SPIDER:9
1632,0,0,true,,,curriculum_pass,utility,3,75,94639984880,94639967837,48,0,,false,15,15,3,3,SCORPION_RIDER:6;SPIDER:9,SCORPION_RIDER:6;SPIDER:9
1633,0,0,true,,,utility,curriculum_pass,3,75,15695458042,15695442007,51,0,,false,18,16,3,3,ASSASSIN:5;SPIDER:13,ASSASSIN:5;SPIDER:13
1634,0,0,true,,,curriculum_pass,utility,3,75,15695458042,15695442007,60,0,,false,12,14,3,3,ASSASSIN:5;SPIDER:13,ASSASSIN:5;SPIDER:13
1635,0,0,true,,,utility,curriculum_pass,3,75,15695465961,15695418180,12,0,GREEN,false,6,0,3,3,ARCHER:7;MAGE:4;SPIDER:1,ARCHER:7;MAGE:4;SPIDER:1
1636,0,0,true,,,curriculum_pass,utility,3,75,15695465961,15695418180,19,0,BLUE,false,0,1,3,3,ARCHER:7;MAGE:4;SPIDER:1,ARCHER:7;MAGE:4;SPIDER:1
1637,0,0,true,,,utility,utility,3,75,15830081042,15830024383,9,0,BLUE,false,0,7,4,3,ASSASSIN:1;GOBLIN:21;SPIDER:1,GOLEM:3;SCORPION_RIDER:5;SPIDER:1
1638,0,0,true,,,utility,utility,3,75,15830081042,15830024383,9,0,BLUE,false,0,7,4,3,ASSASSIN:1;GOBLIN:21;SPIDER:1,GOLEM:3;SCORPION_RIDER:5;SPIDER:1
1639,0,0,true,,,utility,utility,3,75,15830088961,15830033324,14,0,GREEN,false,7,0,3,3,ARCHER:8;GARGOYLE:3;SPIDER:2,ASSASSIN:8;GARGOYLE:2;SPIDER:1
1640,0,0,true,,,utility,utility,3,75,15830088961,15830033324,14,0,GREEN,false,5,0,3,3,ARCHER:8;GARGOYLE:3;SPIDER:2,ASSASSIN:8;GARGOYLE:2;SPIDER:1
1641,0,0,true,,,utility,utility,3,75,15964704042,15964754823,12,0,,false,11,11,3,4,ARCHER:4;GARGOYLE:6;SCORPION_RIDER:1,GARGOYLE:10;GOBLIN:1
1642,0,0,true,,,utility,utility,3,75,15964704042,15964754823,12,0,,false,11,11,3,4,ARCHER:4;GARGOYLE:6;SCORPION_RIDER:1,GARGOYLE:10;GOBLIN:1
1643,0,0,true,,,utility,utility,3,75,15964711961,15964762804,25,0,,false,4,1,3,3,ASSASSIN:4;GOLEM:4;SPIDER:2,ARCHER:7;GOBLIN:1;MAGE:4
1644,0,0,true,,,utility,utility,3,75,15964711961,15964762804,23,0,,false,4,1,3,3,ASSASSIN:4;GOLEM:4;SPIDER:2,ARCHER:7;GOBLIN:1;MAGE:4
1645,0,0,true,,,utility,utility,3,75,16099327042,16099369711,6,0,BLUE,false,0,2,3,3,ASSASSIN:10;GOBLIN:1,ARCHER:7;ASSASSIN:4;GOBLIN:1
1646,0,0,true,,,utility,utility,3,75,16099327042,16099369711,7,0,GREEN,false,2,0,3,3,ASSASSIN:10;GOBLIN:1,ARCHER:7;ASSASSIN:4;GOBLIN:1
1647,0,0,true,,,utility,utility,3,75,16099334961,16099345820,11,0,BLUE,false,0,5,3,3,GARGOYLE:3;GOBLIN:1;MAGE:7,GOBLIN:2;MAGE:4;SCORPION_RIDER:5
1648,0,0,true,,,utility,utility,3,75,16099334961,16099345820,9,0,BLUE,false,0,6,3,3,GARGOYLE:3;GOBLIN:1;MAGE:7,GOBLIN:2;MAGE:4;SCORPION_RIDER:5
1649,0,0,true,,,utility,curriculum_pass,3,75,55765598042,55765606903,63,0,,false,10,4,3,3,GOBLIN:2;SCORPION_RIDER:6;SPIDER:7,GOBLIN:2;SCORPION_RIDER:6;SPIDER:7
1650,0,0,true,,,curriculum_pass,utility,3,75,55765598042,55765606903,66,0,,false,4,10,3,3,GOBLIN:2;SCORPION_RIDER:6;SPIDER:7,GOBLIN:2;SCORPION_RIDER:6;SPIDER:7
1651,0,0,true,,,utility,curriculum_pass,3,75,55773517042,55773530719,48,0,,false,11,11,3,3,ARCHER:8;GARGOYLE:1;GOLEM:2,ARCHER:8;GARGOYLE:1;GOLEM:2
1652,0,0,true,,,curriculum_pass,utility,3,75,55773517042,55773530719,48,0,,false,11,11,3,3,ARCHER:8;GARGOYLE:1;GOLEM:2,ARCHER:8;GARGOYLE:1;GOLEM:2
1653,0,0,true,,,utility,curriculum_pass,3,75,55781436042,55781487655,63,0,,false,3,4,3,3,ASSASSIN:1;GOLEM:2;SCORPION_RIDER:6,ASSASSIN:1;GOLEM:2;SCORPION_RIDER:6
1654,0,0,true,,,curriculum_pass,utility,3,75,55781436042,55781487655,58,0,,false,4,3,3,3,ASSASSIN:1;GOLEM:2;SCORPION_RIDER:6,ASSASSIN:1;GOLEM:2;SCORPION_RIDER:6
1655,0,0,true,,,utility,curriculum_pass,3,75,55789355042,55789411983,30,0,GREEN,false,6,0,3,3,ASSASSIN:4;GARGOYLE:6;SPIDER:1,ASSASSIN:4;GARGOYLE:6;SPIDER:1
1656,0,0,true,,,curriculum_pass,utility,3,75,55789355042,55789411983,58,0,,false,10,10,3,3,ASSASSIN:4;GARGOYLE:6;SPIDER:1,ASSASSIN:4;GARGOYLE:6;SPIDER:1
1657,0,0,true,,,utility,curriculum_pass,3,75,55797274042,55797222167,48,0,,false,8,8,3,3,GOBLIN:1;GOLEM:7,GOBLIN:1;GOLEM:7
1658,0,0,true,,,curriculum_pass,utility,3,75,55797274042,55797222167,48,0,,false,8,8,3,3,GOBLIN:1;GOLEM:7,GOBLIN:1;GOLEM:7
1659,0,0,true,,,utility,curriculum_pass,3,75,55805193042,55805179391,48,0,,false,11,11,3,3,GOBLIN:1;MAGE:8;SCORPION_RIDER:2,GOBLIN:1;MAGE:8;SCORPION_RIDER:2
1660,0,0,true,,,curriculum_pass,utility,3,75,55805193042,55805179391,48,0,,false,11,11,3,3,GOBLIN:1;MAGE:8;SCORPION_RIDER:2,GOBLIN:1;MAGE:8;SCORPION_RIDER:2
1661,0,0,true,,,utility,curriculum_pass,3,75,95360598042,95360622263,156,0,GREEN,false,10,0,4,4,ARCHER:3;GOLEM:4;SPIDER:5,ARCHER:3;GOLEM:4;SPIDER:5
1662,0,0,true,,,curriculum_pass,utility,3,75,95360598042,95360622263,17,0,BLUE,false,0,10,4,4,ARCHER:3;GOLEM:4;SPIDER:5,ARCHER:3;GOLEM:4;SPIDER:5
1663,0,0,true,,,utility,curriculum_pass,3,75,95360605961,95360614820,69,0,,false,11,5,3,3,ARCHER:8;GOBLIN:9,ARCHER:8;GOBLIN:9
1664,0,0,true,,,curriculum_pass,utility,3,75,95360605961,95360614820,43,0,BLUE,false,0,10,3,3,ARCHER:8;GOBLIN:9,ARCHER:8;GOBLIN:9
1665,0,0,true,,,utility,curriculum_pass,3,75,95360613880,95360623445,201,0,,true,9,2,5,5,ARCHER:3;ASSASSIN:2;GOBLIN:1;GOLEM:4,ARCHER:3;ASSASSIN:2;GOBLIN:1;GOLEM:4
1666,0,0,true,,,curriculum_pass,utility,3,75,95360613880,95360623445,25,0,BLUE,false,0,9,5,5,ARCHER:3;ASSASSIN:2;GOBLIN:1;GOLEM:4,ARCHER:3;ASSASSIN:2;GOBLIN:1;GOLEM:4
1667,0,0,true,,,utility,curriculum_pass,3,75,95368517042,95368563487,107,0,,false,18,4,4,4,ARCHER:1;GOBLIN:12;MAGE:4;SPIDER:1,ARCHER:1;GOBLIN:12;MAGE:4;SPIDER:1
1668,0,0,true,,,curriculum_pass,utility,3,75,95368517042,95368563487,13,0,BLUE,false,0,11,4,4,ARCHER:1;GOBLIN:12;MAGE:4;SPIDER:1,ARCHER:1;GOBLIN:12;MAGE:4;SPIDER:1
1669,0,0,true,,,utility,curriculum_pass,3,75,95368524961,95368571404,57,0,,false,8,10,2,2,ASSASSIN:6;GOBLIN:11,ASSASSIN:6;GOBLIN:11
1670,0,0,true,,,curriculum_pass,utility,3,75,95368524961,95368571404,56,0,,false,15,12,2,2,ASSASSIN:6;GOBLIN:11,ASSASSIN:6;GOBLIN:11
1671,0,0,true,,,utility,curriculum_pass,3,75,95368532880,95368547645,48,0,,false,15,15,3,3,GOBLIN:1;GOLEM:4;SPIDER:10,GOBLIN:1;GOLEM:4;SPIDER:10
1672,0,0,true,,,curriculum_pass,utility,3,75,95368532880,95368547645,48,0,,false,15,15,3,3,GOBLIN:1;GOLEM:4;SPIDER:10,GOBLIN:1;GOLEM:4;SPIDER:10
1673,0,0,true,,,utility,curriculum_pass,3,75,95376436042,95376389607,14,0,GREEN,false,6,0,3,3,SCORPION_RIDER:3;SPIDER:17,SCORPION_RIDER:3;SPIDER:17
1674,0,0,true,,,curriculum_pass,utility,3,75,95376436042,95376389607,17,0,BLUE,false,0,14,3,3,SCORPION_RIDER:3;SPIDER:17,SCORPION_RIDER:3;SPIDER:17
1675,0,0,true,,,utility,curriculum_pass,3,75,95376443961,95376495764,8,0,GREEN,false,17,0,2,2,ASSASSIN:5;SPIDER:13,ASSASSIN:5;SPIDER:13
1676,0,0,true,,,curriculum_pass,utility,3,75,95376443961,95376495764,54,0,,false,5,17,2,2,ASSASSIN:5;SPIDER:13,ASSASSIN:5;SPIDER:13
1677,0,0,true,,,utility,curriculum_pass,3,75,95376451880,95376504709,48,0,,false,13,13,3,3,ARCHER:8;MAGE:3;SPIDER:2,ARCHER:8;MAGE:3;SPIDER:2
1678,0,0,true,,,curriculum_pass,utility,3,75,95376451880,95376504709,15,0,BLUE,false,0,8,3,3,ARCHER:8;MAGE:3;SPIDER:2,ARCHER:8;MAGE:3;SPIDER:2
1679,0,0,true,,,utility,curriculum_pass,3,75,95384355042,95384313423,26,0,GREEN,false,5,0,3,3,GARGOYLE:3;MAGE:7;SPIDER:1,GARGOYLE:3;MAGE:7;SPIDER:1
1680,0,0,true,,,curriculum_pass,utility,3,75,95384355042,95384313423,25,0,BLUE,false,0,6,3,3,GARGOYLE:3;MAGE:7;SPIDER:1,GARGOYLE:3;MAGE:7;SPIDER:1
1681,0,0,true,,,utility,curriculum_pass,3,75,95384362961,95384306044,48,0,,false,18,18,3,3,ARCHER:7;GOBLIN:10;SPIDER:1,ARCHER:7;GOBLIN:10;SPIDER:1
1682,0,0,true,,,curriculum_pass,utility,3,75,95384362961,95384306044,68,0,,false,1,12,3,3,ARCHER:7;GOBLIN:10;SPIDER:1,ARCHER:7;GOBLIN:10;SPIDER:1
1683,0,0,true,,,utility,curriculum_pass,3,75,95384370880,95384313965,55,0,,false,15,14,3,3,GOLEM:4;SPIDER:11,GOLEM:4;SPIDER:11
1684,0,0,true,,,curriculum_pass,utility,3,75,95384370880,95384313965,93,0,BLUE,false,0,9,3,3,GOLEM:4;SPIDER:11,GOLEM:4;SPIDER:11
1685,0,0,true,,,utility,curriculum_pass,3,75,95392274042,95392254167,8,0,GREEN,false,10,0,3,3,ARCHER:4;GOBLIN:1;SCORPION_RIDER:6,ARCHER:4;GOBLIN:1;SCORPION_RIDER:6
1686,0,0,true,,,curriculum_pass,utility,3,75,95392274042,95392254167,11,0,BLUE,false,0,9,3,3,ARCHER:4;GOBLIN:1;SCORPION_RIDER:6,ARCHER:4;GOBLIN:1;SCORPION_RIDER:6
1687,0,0,true,,,utility,curriculum_pass,3,75,95392281961,95392263108,18,0,GREEN,false,17,0,3,3,ARCHER:6;GOBLIN:13,ARCHER:6;GOBLIN:13
1688,0,0,true,,,curriculum_pass,utility,3,75,95392281961,95392263108,23,0,BLUE,false,0,14,3,3,ARCHER:6;GOBLIN:13,ARCHER:6;GOBLIN:13
1689,0,0,true,,,utility,curriculum_pass,3,75,95392289880,95392238325,30,0,GREEN,false,14,0,3,3,GOBLIN:1;GOLEM:4;SPIDER:10,GOBLIN:1;GOLEM:4;SPIDER:10
1690,0,0,true,,,curriculum_pass,utility,3,75,95392289880,95392238325,31,0,BLUE,false,0,5,3,3,GOBLIN:1;GOLEM:4;SPIDER:10,GOBLIN:1;GOLEM:4;SPIDER:10
1691,0,0,true,,,utility,curriculum_pass,3,75,156930823042,156930837807,65,0,,false,7,4,3,3,GOBLIN:6;MAGE:8,GOBLIN:6;MAGE:8
1692,0,0,true,,,curriculum_pass,utility,3,75,156930823042,156930837807,13,0,BLUE,false,0,10,3,3,GOBLIN:6;MAGE:8,GOBLIN:6;MAGE:8
1693,0,0,true,,,utility,curriculum_pass,3,75,156930830961,156930845916,12,0,GREEN,false,9,0,4,4,GOBLIN:1;MAGE:1;SCORPION_RIDER:5;SPIDER:8,GOBLIN:1;MAGE:1;SCORPION_RIDER:5;SPIDER:8
1694,0,0,true,,,curriculum_pass,utility,3,75,156930830961,156930845916,21,0,BLUE,false,0,12,4,4,GOBLIN:1;MAGE:1;SCORPION_RIDER:5;SPIDER:8,GOBLIN:1;MAGE:1;SCORPION_RIDER:5;SPIDER:8
1695,0,0,true,,,utility,curriculum_pass,3,75,156930838880,156930822093,16,0,GREEN,false,7,0,3,3,GOLEM:4;SCORPION_RIDER:4;SPIDER:1,GOLEM:4;SCORPION_RIDER:4;SPIDER:1
1696,0,0,true,,,curriculum_pass,utility,3,75,156930838880,156930822093,31,0,BLUE,false,0,5,3,3,GOLEM:4;SCORPION_RIDER:4;SPIDER:1,GOLEM:4;SCORPION_RIDER:4;SPIDER:1
1697,0,0,true,,,utility,curriculum_pass,3,75,156930846799,156930830050,55,0,,false,18,17,3,3,ASSASSIN:1;SCORPION_RIDER:3;SPIDER:14,ASSASSIN:1;SCORPION_RIDER:3;SPIDER:14
1698,0,0,true,,,curriculum_pass,utility,3,75,156930846799,156930830050,54,0,,false,17,18,3,3,ASSASSIN:1;SCORPION_RIDER:3;SPIDER:14,ASSASSIN:1;SCORPION_RIDER:3;SPIDER:14
1699,0,0,true,,,utility,curriculum_pass,3,75,95400193042,95400211135,48,0,,false,8,8,3,3,GOLEM:7;SPIDER:1,GOLEM:7;SPIDER:1
1700,0,0,true,,,curriculum_pass,utility,3,75,95400193042,95400211135,37,0,BLUE,false,0,4,3,3,GOLEM:7;SPIDER:1,GOLEM:7;SPIDER:1
1701,0,0,true,,,utility,curriculum_pass,3,75,95400200961,95400187308,48,0,,false,10,10,3,3,GOBLIN:2;GOLEM:4;MAGE:4,GOBLIN:2;GOLEM:4;MAGE:4
1702,0,0,true,,,curriculum_pass,utility,3,75,95400200961,95400187308,33,0,BLUE,false,0,3,3,3,GOBLIN:2;GOLEM:4;MAGE:4,GOBLIN:2;GOLEM:4;MAGE:4
1703,0,0,true,,,utility,curriculum_pass,3,75,95400208880,95400195933,48,0,,false,12,12,3,3,ARCHER:7;GOBLIN:1;MAGE:4,ARCHER:7;GOBLIN:1;MAGE:4
1704,0,0,true,,,curriculum_pass,utility,3,75,95400208880,95400195933,48,0,,false,12,12,3,3,ARCHER:7;GOBLIN:1;MAGE:4,ARCHER:7;GOBLIN:1;MAGE:4
1705,0,0,true,,,utility,curriculum_pass,3,75,95408112042,95408135943,48,0,,false,14,14,3,3,ARCHER:1;GOBLIN:7;SCORPION_RIDER:6,ARCHER:1;GOBLIN:7;SCORPION_RIDER:6
1706,0,0,true,,,curriculum_pass,utility,3,75,95408112042,95408135943,48,0,,false,14,14,3,3,ARCHER:1;GOBLIN:7;SCORPION_RIDER:6,ARCHER:1;GOBLIN:7;SCORPION_RIDER:6
1707,0,0,true,,,utility,curriculum_pass,3,75,95408119961,95408143924,12,0,GREEN,false,8,0,2,2,MAGE:5;SCORPION_RIDER:5,MAGE:5;SCORPION_RIDER:5
1708,0,0,true,,,curriculum_pass,utility,3,75,95408119961,95408143924,48,0,,false,10,10,2,2,MAGE:5;SCORPION_RIDER:5,MAGE:5;SCORPION_RIDER:5
1709,0,0,true,,,utility,curriculum_pass,3,75,95408127880,95408136485,10,0,GREEN,false,9,0,3,3,ARCHER:9;MAGE:3,ARCHER:9;MAGE:3
1710,0,0,true,,,curriculum_pass,utility,3,75,95408127880,95408136485,13,0,BLUE,false,0,8,3,3,ARCHER:9;MAGE:3,ARCHER:9;MAGE:3
1711,0,0,true,,,utility,curriculum_pass,3,75,95416031042,95416076783,57,0,,false,8,7,4,4,GARGOYLE:1;GOLEM:6;SCORPION_RIDER:1,GARGOYLE:1;GOLEM:6;SCORPION_RIDER:1
1712,0,0,true,,,curriculum_pass,utility,3,75,95416031042,95416076783,27,0,BLUE,false,0,7,4,4,GARGOYLE:1;GOLEM:6;SCORPION_RIDER:1,GARGOYLE:1;GOLEM:6;SCORPION_RIDER:1
1713,0,0,true,,,utility,curriculum_pass,3,75,95416038961,95416084636,169,0,,false,6,4,2,2,GOLEM:4;MAGE:5,GOLEM:4;MAGE:5
1714,0,0,true,,,curriculum_pass,utility,3,75,95416038961,95416084636,48,0,,false,9,9,2,2,GOLEM:4;MAGE:5,GOLEM:4;MAGE:5
1715,0,0,true,,,utility,curriculum_pass,3,75,95416046880,95416060813,69,0,,false,14,11,3,3,SCORPION_RIDER:4;SPIDER:14,SCORPION_RIDER:4;SPIDER:14
1716,0,0,true,,,curriculum_pass,utility,3,75,95416046880,95416060813,62,0,,false,13,16,3,3,SCORPION_RIDER:4;SPIDER:14,SCORPION_RIDER:4;SPIDER:14
1717,0,0,true,,,utility,curriculum_pass,3,75,95423950042,95423902327,12,0,GREEN,false,5,0,3,3,ASSASSIN:2;MAGE:8;SPIDER:1,ASSASSIN:2;MAGE:8;SPIDER:1
1718,0,0,true,,,curriculum_pass,utility,3,75,95423950042,95423902327,11,0,BLUE,false,0,4,3,3,ASSASSIN:2;MAGE:8;SPIDER:1,ASSASSIN:2;MAGE:8;SPIDER:1
1719,0,0,true,,,utility,curriculum_pass,3,75,95423957961,95424009572,48,0,,false,12,12,3,3,ARCHER:7;GARGOYLE:4;GOBLIN:1,ARCHER:7;GARGOYLE:4;GOBLIN:1
1720,0,0,true,,,curriculum_pass,utility,3,75,95423957961,95424009572,56,0,,false,11,12,3,3,ARCHER:7;GARGOYLE:4;GOBLIN:1,ARCHER:7;GARGOYLE:4;GOBLIN:1
1721,0,0,true,,,utility,curriculum_pass,3,75,95423965880,95424017429,48,0,,false,17,17,3,3,GOBLIN:12;MAGE:1;SCORPION_RIDER:4,GOBLIN:12;MAGE:1;SCORPION_RIDER:4
1722,0,0,true,,,curriculum_pass,utility,3,75,95423965880,95424017429,75,0,BLUE,false,0,13,3,3,GOBLIN:12;MAGE:1;SCORPION_RIDER:4,GOBLIN:12;MAGE:1;SCORPION_RIDER:4
1723,0,0,true,,,utility,curriculum_pass,3,75,95431869042,95431826655,48,0,,false,12,12,3,3,ARCHER:7;MAGE:4;SPIDER:1,ARCHER:7;MAGE:4;SPIDER:1
1724,0,0,true,,,curriculum_pass,utility,3,75,95431869042,95431826655,58,0,,false,11,12,3,3,ARCHER:7;MAGE:4;SPIDER:1,ARCHER:7;MAGE:4;SPIDER:1
1725,0,0,true,,,utility,curriculum_pass,3,75,95431876961,95431835596,10,0,GREEN,false,5,0,3,3,ASSASSIN:4;MAGE:1;SPIDER:13,ASSASSIN:4;MAGE:1;SPIDER:13
1726,0,0,true,,,curriculum_pass,utility,3,75,95431876961,95431835596,23,0,BLUE,false,0,13,3,3,ASSASSIN:4;MAGE:1;SPIDER:13,ASSASSIN:4;MAGE:1;SPIDER:13
1727,0,0,true,,,utility,curriculum_pass,3,75,95431884880,95431941885,14,0,GREEN,false,12,0,3,3,GOBLIN:22;SPIDER:3,GOBLIN:22;SPIDER:3
1728,0,0,true,,,curriculum_pass,utility,3,75,95431884880,95431941885,47,0,BLUE,false,0,17,3,3,GOBLIN:22;SPIDER:3,GOBLIN:22;SPIDER:3
1729,0,0,true,,,utility,curriculum_pass,3,75,56557498042,56557449239,26,0,GREEN,false,5,0,4,4,ASSASSIN:3;GARGOYLE:2;GOBLIN:13,ASSASSIN:3;GARGOYLE:2;GOBLIN:13
1730,0,0,true,,,curriculum_pass,utility,3,75,56557498042,56557449239,52,0,,false,16,16,4,4,ASSASSIN:3;GARGOYLE:2;GOBLIN:13,ASSASSIN:3;GARGOYLE:2;GOBLIN:13
1731,0,0,true,,,utility,curriculum_pass,3,75,56565417042,56565373695,63,0,,false,1,3,2,2,ASSASSIN:4;SPIDER:15,ASSASSIN:4;SPIDER:15
1732,0,0,true,,,curriculum_pass,utility,3,75,56565417042,56565373695,56,0,,false,15,16,2,2,ASSASSIN:4;SPIDER:15,ASSASSIN:4;SPIDER:15
1733,0,0,true,,,utility,curriculum_pass,3,75,56573336042,56573314887,16,0,GREEN,false,9,0,3,3,SCORPION_RIDER:6;SPIDER:9,SCORPION_RIDER:6;SPIDER:9
1734,0,0,true,,,curriculum_pass,utility,3,75,56573336042,56573314887,62,0,,false,10,10,3,3,SCORPION_RIDER:6;SPIDER:9,SCORPION_RIDER:6;SPIDER:9
1735,0,0,true,,,utility,curriculum_pass,3,75,56581255042,56581271855,12,0,GREEN,false,11,0,3,3,GOBLIN:1;SCORPION_RIDER:3;SPIDER:16,GOBLIN:1;SCORPION_RIDER:3;SPIDER:16
1736,0,0,true,,,curriculum_pass,utility,3,75,56581255042,56581271855,13,0,BLUE,false,0,14,3,3,GOBLIN:1;SCORPION_RIDER:3;SPIDER:16,GOBLIN:1;SCORPION_RIDER:3;SPIDER:16
1737,0,0,true,,,utility,curriculum_pass,3,75,56589174042,56589196215,69,0,,false,8,2,3,3,MAGE:7;SPIDER:8,MAGE:7;SPIDER:8
1738,0,0,true,,,curriculum_pass,utility,3,75,56589174042,56589196215,19,0,BLUE,false,0,10,3,3,MAGE:7;SPIDER:8,MAGE:7;SPIDER:8
1739,0,0,true,,,utility,curriculum_pass,3,75,56597093042,56597136415,56,0,GREEN,false,6,0,3,3,GARGOYLE:6;GOBLIN:1;GOLEM:3,GARGOYLE:6;GOBLIN:1;GOLEM:3
1740,0,0,true,,,curriculum_pass,utility,3,75,56597093042,56597136415,48,0,,false,10,10,3,3,GARGOYLE:6;GOBLIN:1;GOLEM:3,GARGOYLE:6;GOBLIN:1;GOLEM:3
1741,0,0,true,,,utility,curriculum_pass,3,75,96152498042,96152482263,48,0,,false,25,25,3,3,GOBLIN:10;SPIDER:15,GOBLIN:10;SPIDER:15
1742,0,0,true,,,curriculum_pass,utility,3,75,96152498042,96152482263,48,0,,false,25,25,3,3,GOBLIN:10;SPIDER:15,GOBLIN:10;SPIDER:15
1743,0,0,true,,,utility,curriculum_pass,3,75,96152505961,96152457412,22,0,GREEN,false,5,0,3,3,ARCHER:1;ASSASSIN:4;GOLEM:4,ARCHER:1;ASSASSIN:4;GOLEM:4
1744,0,0,true,,,curriculum_pass,utility,3,75,96152505961,96152457412,23,0,BLUE,false,0,3,3,3,ARCHER:1;ASSASSIN:4;GOLEM:4,ARCHER:1;ASSASSIN:4;GOLEM:4
1745,0,0,true,,,utility,curriculum_pass,3,75,96152513880,96152466421,67,0,,false,15,2,3,3,ARCHER:5;GOBLIN:1;SPIDER:14,ARCHER:5;GOBLIN:1;SPIDER:14
1746,0,0,true,,,curriculum_pass,utility,3,75,96152513880,96152466421,15,0,BLUE,false,0,14,3,3,ARCHER:5;GOBLIN:1;SPIDER:14,ARCHER:5;GOBLIN:1;SPIDER:14
1747,0,0,true,,,utility,curriculum_pass,3,75,96160417042,96160406463,12,0,GREEN,false,5,0,3,3,GOBLIN:1;SCORPION_RIDER:9,GOBLIN:1;SCORPION_RIDER:9
1748,0,0,true,,,curriculum_pass,utility,3,75,96160417042,96160406463,13,0,BLUE,false,0,5,3,3,GOBLIN:1;SCORPION_RIDER:9,GOBLIN:1;SCORPION_RIDER:9
1749,0,0,true,,,utility,curriculum_pass,3,75,96160424961,96160414380,48,0,,false,18,18,3,3,GOBLIN:2;GOLEM:3;SPIDER:13,GOBLIN:2;GOLEM:3;SPIDER:13
1750,0,0,true,,,curriculum_pass,utility,3,75,96160424961,96160414380,48,0,,false,18,18,3,3,GOBLIN:2;GOLEM:3;SPIDER:13,GOBLIN:2;GOLEM:3;SPIDER:13
1751,0,0,true,,,utility,curriculum_pass,3,75,96160432880,96160390237,48,0,,false,11,11,2,2,ARCHER:4;MAGE:7,ARCHER:4;MAGE:7
1752,0,0,true,,,curriculum_pass,utility,3,75,96160432880,96160390237,48,0,,false,11,11,2,2,ARCHER:4;MAGE:7,ARCHER:4;MAGE:7
1753,0,0,true,,,utility,curriculum_pass,3,75,96168336042,96168346631,57,0,,false,12,8,3,3,ARCHER:11;SCORPION_RIDER:1,ARCHER:11;SCORPION_RIDER:1
1754,0,0,true,,,curriculum_pass,utility,3,75,96168336042,96168346631,11,0,BLUE,false,0,7,3,3,ARCHER:11;SCORPION_RIDER:1,ARCHER:11;SCORPION_RIDER:1
1755,0,0,true,,,utility,curriculum_pass,3,75,96168343961,96168355636,48,0,,false,18,18,3,3,GOBLIN:14;SCORPION_RIDER:4,GOBLIN:14;SCORPION_RIDER:4
1756,0,0,true,,,curriculum_pass,utility,3,75,96168343961,96168355636,60,0,,false,14,14,3,3,GOBLIN:14;SCORPION_RIDER:4,GOBLIN:14;SCORPION_RIDER:4
1757,0,0,true,,,utility,curriculum_pass,3,75,96168351880,96168330789,48,0,,false,11,11,3,3,GOBLIN:1;MAGE:10,GOBLIN:1;MAGE:10
1758,0,0,true,,,curriculum_pass,utility,3,75,96168351880,96168330789,15,0,BLUE,false,0,6,3,3,GOBLIN:1;MAGE:10,GOBLIN:1;MAGE:10
1759,0,0,true,,,utility,curriculum_pass,3,75,96176255042,96176303855,42,0,GREEN,false,6,0,3,3,GARGOYLE:3;MAGE:7;SPIDER:1,GARGOYLE:3;MAGE:7;SPIDER:1
1760,0,0,true,,,curriculum_pass,utility,3,75,96176255042,96176303855,19,0,BLUE,false,0,7,3,3,GARGOYLE:3;MAGE:7;SPIDER:1,GARGOYLE:3;MAGE:7;SPIDER:1
1761,0,0,true,,,utility,curriculum_pass,3,75,96176262961,96176279964,10,0,GREEN,false,11,0,3,3,ARCHER:8;SCORPION_RIDER:3;SPIDER:1,ARCHER:8;SCORPION_RIDER:3;SPIDER:1
1762,0,0,true,,,curriculum_pass,utility,3,75,96176262961,96176279964,9,0,BLUE,false,0,10,3,3,ARCHER:8;SCORPION_RIDER:3;SPIDER:1,ARCHER:8;SCORPION_RIDER:3;SPIDER:1
1763,0,0,true,,,utility,curriculum_pass,3,75,96176270880,96176287885,48,0,,false,18,18,3,3,GARGOYLE:5;SPIDER:13,GARGOYLE:5;SPIDER:13
1764,0,0,true,,,curriculum_pass,utility,3,75,96176270880,96176287885,65,0,BLUE,false,0,6,3,3,GARGOYLE:5;SPIDER:13,GARGOYLE:5;SPIDER:13
1765,0,0,true,,,utility,curriculum_pass,3,75,157714804042,157714756583,24,0,GREEN,false,6,0,3,3,GOLEM:7;SPIDER:1,GOLEM:7;SPIDER:1
1766,0,0,true,,,curriculum_pass,utility,3,75,157714804042,157714756583,27,0,BLUE,false,0,7,3,3,GOLEM:7;SPIDER:1,GOLEM:7;SPIDER:1
1767,0,0,true,,,utility,curriculum_pass,3,75,157714811961,157714862740,48,0,,false,17,17,2,2,GARGOYLE:6;GOBLIN:11,GARGOYLE:6;GOBLIN:11
1768,0,0,true,,,curriculum_pass,utility,3,75,157714811961,157714862740,17,0,BLUE,false,0,11,2,2,GARGOYLE:6;GOBLIN:11,GARGOYLE:6;GOBLIN:11
1769,0,0,true,,,utility,curriculum_pass,3,75,157714819880,157714871685,51,0,,false,13,12,3,3,ARCHER:12;GOBLIN:1,ARCHER:12;GOBLIN:1
1770,0,0,true,,,curriculum_pass,utility,3,75,157714819880,157714871685,58,0,,false,8,12,3,3,ARCHER:12;GOBLIN:1,ARCHER:12;GOBLIN:1
1771,0,0,true,,,utility,curriculum_pass,3,75,157714827799,157714846906,26,0,GREEN,false,15,0,2,2,MAGE:5;SPIDER:13,MAGE:5;SPIDER:13
1772,0,0,true,,,curriculum_pass,utility,3,75,157714827799,157714846906,48,0,,false,18,18,2,2,MAGE:5;SPIDER:13,MAGE:5;SPIDER:13
1773,0,0,true,,,utility,curriculum_pass,3,75,96184174042,96184228727,48,0,,false,15,15,3,3,GOBLIN:1;MAGE:7;SPIDER:7,GOBLIN:1;MAGE:7;SPIDER:7
1774,0,0,true,,,curriculum_pass,utility,3,75,96184174042,96184228727,48,0,,false,15,15,3,3,GOBLIN:1;MAGE:7;SPIDER:7,GOBLIN:1;MAGE:7;SPIDER:7
1775,0,0,true,,,utility,curriculum_pass,3,75,96184181961,96184236644,65,0,,false,7,5,4,4,ASSASSIN:1;GARGOYLE:5;MAGE:4;SPIDER:1,ASSASSIN:1;GARGOYLE:5;MAGE:4;SPIDER:1
1776,0,0,true,,,curriculum_pass,utility,3,75,96184181961,96184236644,25,0,BLUE,false,0,11,4,4,ASSASSIN:1;GARGOYLE:5;MAGE:4;SPIDER:1,ASSASSIN:1;GARGOYLE:5;MAGE:4;SPIDER:1
1777,0,0,true,,,utility,curriculum_pass,3,75,96184189880,96184212757,12,0,GREEN,false,4,0,4,4,ARCHER:1;GOBLIN:1;SCORPION_RIDER:8,ARCHER:1;GOBLIN:1;SCORPION_RIDER:8
1778,0,0,true,,,curriculum_pass,utility,3,75,96184189880,96184212757,48,0,,false,10,10,4,4,ARCHER:1;GOBLIN:1;SCORPION_RIDER:8,ARCHER:1;GOBLIN:1;SCORPION_RIDER:8
1779,0,0,true,,,utility,curriculum_pass,3,75,96192093042,96192038367,22,0,GREEN,false,10,0,3,3,ARCHER:1;GARGOYLE:3;SCORPION_RIDER:6,ARCHER:1;GARGOYLE:3;SCORPION_RIDER:6
1780,0,0,true,,,curriculum_pass,utility,3,75,96192093042,96192038367,15,0,BLUE,false,0,9,3,3,ARCHER:1;GARGOYLE:3;SCORPION_RIDER:6,ARCHER:1;GARGOYLE:3;SCORPION_RIDER:6
1781,0,0,true,,,utility,curriculum_pass,3,75,96192100961,96192046284,28,0,GREEN,false,6,0,3,3,ASSASSIN:4;GARGOYLE:6;GOBLIN:1,ASSASSIN:4;GARGOYLE:6;GOBLIN:1
1782,0,0,true,,,curriculum_pass,utility,3,75,96192100961,96192046284,37,0,BLUE,false,0,7,3,3,ASSASSIN:4;GARGOYLE:6;GOBLIN:1,ASSASSIN:4;GARGOYLE:6;GOBLIN:1
1783,0,0,true,,,utility,curriculum_pass,3,75,96192108880,96192153597,55,0,,false,13,11,3,3,ARCHER:8;MAGE:3;SPIDER:2,ARCHER:8;MAGE:3;SPIDER:2
1784,0,0,true,,,curriculum_pass,utility,3,75,96192108880,96192153597,21,0,BLUE,false,0,7,3,3,ARCHER:8;MAGE:3;SPIDER:2,ARCHER:8;MAGE:3;SPIDER:2
1785,0,0,true,,,utility,curriculum_pass,3,75,157730642042,157730621143,14,0,GREEN,false,2,0,3,3,ASSASSIN:4;SCORPION_RIDER:5;SPIDER:2,ASSASSIN:4;SCORPION_RIDER:5;SPIDER:2
1786,0,0,true,,,curriculum_pass,utility,3,75,157730642042,157730621143,15,0,BLUE,false,0,6,3,3,ASSASSIN:4;SCORPION_RIDER:5;SPIDER:2,ASSASSIN:4;SCORPION_RIDER:5;SPIDER:2
1787,0,0,true,,,utility,curriculum_pass,3,75,157730649961,157730630084,10,0,GREEN,false,13,0,3,3,GOBLIN:2;SCORPION_RIDER:6;SPIDER:7,GOBLIN:2;SCORPION_RIDER:6;SPIDER:7
1788,0,0,true,,,curriculum_pass,utility,3,75,157730649961,157730630084,13,0,BLUE,false,0,11,3,3,GOBLIN:2;SCORPION_RIDER:6;SPIDER:7,GOBLIN:2;SCORPION_RIDER:6;SPIDER:7
1789,0,0,true,,,utility,curriculum_pass,3,75,157730657880,157730605301,97,0,,false,15,5,3,3,GARGOYLE:5;GOBLIN:13,GARGOYLE:5;GOBLIN:13
1790,0,0,true,,,curriculum_pass,utility,3,75,157730657880,157730605301,29,0,BLUE,false,0,6,3,3,GARGOYLE:5;GOBLIN:13,GARGOYLE:5;GOBLIN:13
1791,0,0,true,,,utility,curriculum_pass,3,75,157730665799,157730614250,49,0,,false,9,9,3,3,ASSASSIN:1;GOLEM:4;MAGE:4,ASSASSIN:1;GOLEM:4;MAGE:4
1792,0,0,true,,,curriculum_pass,utility,3,75,157730665799,157730614250,58,0,,false,5,7,3,3,ASSASSIN:1;GOLEM:4;MAGE:4,ASSASSIN:1;GOLEM:4;MAGE:4
1793,0,0,true,,,utility,curriculum_pass,3,75,96200012042,96199995303,48,0,,false,19,19,4,4,GARGOYLE:4;GOBLIN:15,GARGOYLE:4;GOBLIN:15
1794,0,0,true,,,curriculum_pass,utility,3,75,96200012042,96199995303,25,0,BLUE,false,0,10,4,4,GARGOYLE:4;GOBLIN:15,GARGOYLE:4;GOBLIN:15
1795,0,0,true,,,utility,curriculum_pass,3,75,96200019961,96199971156,57,0,,false,12,10,4,4,ARCHER:5;ASSASSIN:1;GARGOYLE:5;SPIDER:1,ARCHER:5;ASSASSIN:1;GARGOYLE:5;SPIDER:1
1796,0,0,true,,,curriculum_pass,utility,3,75,96200019961,96199971156,58,0,,false,10,12,4,4,ARCHER:5;ASSASSIN:1;GARGOYLE:5;SPIDER:1,ARCHER:5;ASSASSIN:1;GARGOYLE:5;SPIDER:1
1797,0,0,true,,,utility,curriculum_pass,3,75,96200027880,96199979077,12,0,GREEN,false,10,0,4,4,GOBLIN:2;MAGE:3;SCORPION_RIDER:6,GOBLIN:2;MAGE:3;SCORPION_RIDER:6
1798,0,0,true,,,curriculum_pass,utility,3,75,96200027880,96199979077,21,0,BLUE,false,0,7,4,4,GOBLIN:2;MAGE:3;SCORPION_RIDER:6,GOBLIN:2;MAGE:3;SCORPION_RIDER:6
1799,0,0,true,,,utility,curriculum_pass,3,75,96207931042,96207919119,8,0,GREEN,false,4,0,3,3,ASSASSIN:10;GOBLIN:1,ASSASSIN:10;GOBLIN:1
1800,0,0,true,,,curriculum_pass,utility,3,75,96207931042,96207919119,9,0,BLUE,false,0,5,3,3,ASSASSIN:10;GOBLIN:1,ASSASSIN:10;GOBLIN:1
1801,0,0,true,,,utility,curriculum_pass,3,75,96207938961,96207928124,48,0,,false,18,18,3,3,ARCHER:4;GOBLIN:12;MAGE:2,ARCHER:4;GOBLIN:12;MAGE:2
1802,0,0,true,,,curriculum_pass,utility,3,75,96207938961,96207928124,21,0,BLUE,false,0,15,3,3,ARCHER:4;GOBLIN:12;MAGE:2,ARCHER:4;GOBLIN:12;MAGE:2
1803,0,0,true,,,utility,curriculum_pass,3,75,96207946880,96207903277,59,0,,false,10,10,3,3,ASSASSIN:4;GARGOYLE:6;GOBLIN:1,ASSASSIN:4;GARGOYLE:6;GOBLIN:1
1804,0,0,true,,,curriculum_pass,utility,3,75,96207946880,96207903277,27,0,BLUE,false,0,7,3,3,ASSASSIN:4;GARGOYLE:6;GOBLIN:1,ASSASSIN:4;GARGOYLE:6;GOBLIN:1
1805,0,0,true,,,utility,curriculum_pass,3,75,96215850042,96215859863,44,0,GREEN,false,8,0,2,2,GARGOYLE:5;GOLEM:4,GARGOYLE:5;GOLEM:4
1806,0,0,true,,,curriculum_pass,utility,3,75,96215850042,96215859863,48,0,,false,9,9,2,2,GARGOYLE:5;GOLEM:4,GARGOYLE:5;GOLEM:4
1807,0,0,true,,,utility,curriculum_pass,3,75,96215857961,96215868804,26,0,GREEN,false,8,0,3,3,ARCHER:7;GARGOYLE:4;SPIDER:1,ARCHER:7;GARGOYLE:4;SPIDER:1
1808,0,0,true,,,curriculum_pass,utility,3,75,96215857961,96215868804,21,0,BLUE,false,0,7,3,3,ARCHER:7;GARGOYLE:4;SPIDER:1,ARCHER:7;GARGOYLE:4;SPIDER:1
1809,0,0,true,,,utility,curriculum_pass,3,75,96215865880,96215844021,12,0,GREEN,false,5,0,3,3,ASSASSIN:5;GOBLIN:13,ASSASSIN:5;GOBLIN:13
1810,0,0,true,,,curriculum_pass,utility,3,75,96215865880,96215844021,15,0,BLUE,false,0,3,3,3,ASSASSIN:5;GOBLIN:13,ASSASSIN:5;GOBLIN:13
1811,0,0,true,,,utility,curriculum_pass,3,75,157754399042,157754443759,67,0,,false,10,6,3,3,ARCHER:9;GOLEM:2,ARCHER:9;GOLEM:2
1812,0,0,true,,,curriculum_pass,utility,3,75,157754399042,157754443759,68,0,,false,6,10,3,3,ARCHER:9;GOLEM:2,ARCHER:9;GOLEM:2
1813,0,0,true,,,utility,curriculum_pass,3,75,157754406961,157754451612,16,0,GREEN,false,4,0,3,3,SCORPION_RIDER:9;SPIDER:1,SCORPION_RIDER:9;SPIDER:1
1814,0,0,true,,,curriculum_pass,utility,3,75,157754406961,157754451612,13,0,BLUE,false,0,7,3,3,SCORPION_RIDER:9;SPIDER:1,SCORPION_RIDER:9;SPIDER:1
1815,0,0,true,,,utility,curriculum_pass,3,75,157754414880,157754427789,57,0,,false,10,9,3,3,GARGOYLE:6;GOLEM:3;SPIDER:1,GARGOYLE:6;GOLEM:3;SPIDER:1
1816,0,0,true,,,curriculum_pass,utility,3,75,157754414880,157754427789,48,0,,false,10,10,3,3,GARGOYLE:6;GOLEM:3;SPIDER:1,GARGOYLE:6;GOLEM:3;SPIDER:1
1817,0,0,true,,,utility,curriculum_pass,3,75,157754422799,157754435746,10,0,GREEN,false,4,0,2,2,ARCHER:4;MAGE:7,ARCHER:4;MAGE:7
1818,0,0,true,,,curriculum_pass,utility,3,75,157754422799,157754435746,48,0,,false,11,11,2,2,ARCHER:4;MAGE:7,ARCHER:4;MAGE:7
1819,0,0,true,,,utility,curriculum_pass,3,75,96223769042,96223817599,60,0,GREEN,false,5,0,3,3,ASSASSIN:4;GARGOYLE:6;GOBLIN:1,ASSASSIN:4;GARGOYLE:6;GOBLIN:1
1820,0,0,true,,,curriculum_pass,utility,3,75,96223769042,96223817599,31,0,BLUE,false,0,6,3,3,ASSASSIN:4;GARGOYLE:6;GOBLIN:1,ASSASSIN:4;GARGOYLE:6;GOBLIN:1
1821,0,0,true,,,utility,curriculum_pass,3,75,96223776961,96223792748,48,0,,false,21,21,3,3,GARGOYLE:3;SPIDER:18,GARGOYLE:3;SPIDER:18
1822,0,0,true,,,curriculum_pass,utility,3,75,96223776961,96223792748,60,0,,false,19,20,3,3,GARGOYLE:3;SPIDER:18,GARGOYLE:3;SPIDER:18
1823,0,0,true,,,utility,curriculum_pass,3,75,96223784880,96223801629,18,0,GREEN,false,9,0,3,3,GOBLIN:13;MAGE:5,GOBLIN:13;MAGE:5
1824,0,0,true,,,curriculum_pass,utility,3,75,96223784880,96223801629,48,0,,false,18,18,3,3,GOBLIN:13;MAGE:5,GOBLIN:13;MAGE:5
1825,0,0,true,,,utility,curriculum_pass,3,75,57349398042,57349406903,61,0,,false,19,12,3,3,GOBLIN:25,GOBLIN:25
1826,0,0,true,,,curriculum_pass,utility,3,75,57349398042,57349406903,60,0,,false,14,18,3,3,GOBLIN:25,GOBLIN:25
1827,0,0,true,,,utility,curriculum_pass,3,75,57357317042,57357364511,22,0,GREEN,false,8,0,4,4,ARCHER:5;GOBLIN:1;SCORPION_RIDER:5,ARCHER:5;GOBLIN:1;SCORPION_RIDER:5
1828,0,0,true,,,curriculum_pass,utility,3,75,57357317042,57357364511,64,0,,false,2,6,4,4,ARCHER:5;GOBLIN:1;SCORPION_RIDER:5,ARCHER:5;GOBLIN:1;SCORPION_RIDER:5
1829,0,0,true,,,utility,curriculum_pass,3,75,57365236042,57365288935,48,0,,false,8,8,3,3,GOLEM:7;SPIDER:1,GOLEM:7;SPIDER:1
1830,0,0,true,,,curriculum_pass,utility,3,75,57365236042,57365288935,48,0,,false,8,8,3,3,GOLEM:7;SPIDER:1,GOLEM:7;SPIDER:1
1831,0,0,true,,,utility,curriculum_pass,3,75,57373155042,57373098063,18,0,GREEN,false,17,0,3,3,ARCHER:6;GOBLIN:12;SPIDER:1,ARCHER:6;GOBLIN:12;SPIDER:1
1832,0,0,true,,,curriculum_pass,utility,3,75,57373155042,57373098063,48,0,,false,19,19,3,3,ARCHER:6;GOBLIN:12;SPIDER:1,ARCHER:6;GOBLIN:12;SPIDER:1
1833,0,0,true,,,utility,curriculum_pass,3,75,57381074042,57381055191,16,0,GREEN,false,5,0,3,3,GARGOYLE:3;SCORPION_RIDER:6;SPIDER:2,GARGOYLE:3;SCORPION_RIDER:6;SPIDER:2
1834,0,0,true,,,curriculum_pass,utility,3,75,57381074042,57381055191,11,0,BLUE,false,0,9,3,3,GARGOYLE:3;SCORPION_RIDER:6;SPIDER:2,GARGOYLE:3;SCORPION_RIDER:6;SPIDER:2
1835,0,0,true,,,utility,curriculum_pass,3,75,57388993042,57388979391,67,0,,false,8,4,3,3,GOBLIN:1;GOLEM:7,GOBLIN:1;GOLEM:7
1836,0,0,true,,,curriculum_pass,utility,3,75,57388993042,57388979391,48,0,,false,8,8,3,3,GOBLIN:1;GOLEM:7,GOBLIN:1;GOLEM:7
1837,0,0,true,,,utility,curriculum_pass,3,75,96944398042,96944439415,22,0,GREEN,false,3,0,2,2,GOBLIN:11;GOLEM:4,GOBLIN:11;GOLEM:4
1838,0,0,true,,,curriculum_pass,utility,3,75,96944398042,96944439415,72,0,,false,4,5,2,2,GOBLIN:11;GOLEM:4,GOBLIN:11;GOLEM:4
1839,0,0,true,,,utility,curriculum_pass,3,75,96944405961,96944448356,65,0,,false,10,2,3,3,ARCHER:9;GOBLIN:7,ARCHER:9;GOBLIN:7
1840,0,0,true,,,curriculum_pass,utility,3,75,96944405961,96944448356,48,0,,false,16,16,3,3,ARCHER:9;GOBLIN:7,ARCHER:9;GOBLIN:7
1841,0,0,true,,,utility,curriculum_pass,3,75,96944413880,96944423445,48,0,,false,15,15,3,3,GOBLIN:10;GOLEM:4;SPIDER:1,GOBLIN:10;GOLEM:4;SPIDER:1
1842,0,0,true,,,curriculum_pass,utility,3,75,96944413880,96944423445,99,0,BLUE,false,0,7,3,3,GOBLIN:10;GOLEM:4;SPIDER:1,GOBLIN:10;GOLEM:4;SPIDER:1
1843,0,0,true,,,utility,curriculum_pass,3,75,96952317042,96952265439,10,0,GREEN,false,13,0,3,3,MAGE:7;SPIDER:8,MAGE:7;SPIDER:8
1844,0,0,true,,,curriculum_pass,utility,3,75,96952317042,96952265439,48,0,,false,15,15,3,3,MAGE:7;SPIDER:8,MAGE:7;SPIDER:8
1845,0,0,true,,,utility,curriculum_pass,3,75,96952324961,96952372684,48,0,,false,19,19,3,3,ARCHER:6;SPIDER:13,ARCHER:6;SPIDER:13
1846,0,0,true,,,curriculum_pass,utility,3,75,96952324961,96952372684,60,0,,false,3,13,3,3,ARCHER:6;SPIDER:13,ARCHER:6;SPIDER:13
1847,0,0,true,,,utility,curriculum_pass,3,75,96952332880,96952380669,48,0,,false,18,18,2,2,ARCHER:7;GOBLIN:11,ARCHER:7;GOBLIN:11
1848,0,0,true,,,curriculum_pass,utility,3,75,96952332880,96952380669,21,0,BLUE,false,0,14,2,2,ARCHER:7;GOBLIN:11,ARCHER:7;GOBLIN:11
1849,0,0,true,,,utility,curriculum_pass,3,75,96960236042,96960189607,61,0,,false,7,5,3,3,GOBLIN:1;GOLEM:3;SCORPION_RIDER:5,GOBLIN:1;GOLEM:3;SCORPION_RIDER:5
1850,0,0,true,,,curriculum_pass,utility,3,75,96960236042,96960189607,62,0,,false,5,7,3,3,GOBLIN:1;GOLEM:3;SCORPION_RIDER:5,GOBLIN:1;GOLEM:3;SCORPION_RIDER:5
1851,0,0,true,,,utility,curriculum_pass,3,75,96960243961,96960198228,16,0,GREEN,false,17,0,3,3,GOBLIN:1;SCORPION_RIDER:4;SPIDER:13,GOBLIN:1;SCORPION_RIDER:4;SPIDER:13
1852,0,0,true,,,curriculum_pass,utility,3,75,96960243961,96960198228,21,0,BLUE,false,0,6,3,3,GOBLIN:1;SCORPION_RIDER:4;SPIDER:13,GOBLIN:1;SCORPION_RIDER:4;SPIDER:13
1853,0,0,true,,,utility,curriculum_pass,3,75,96960251880,96960305477,48,0,,false,11,11,3,3,GOBLIN:1;MAGE:10,GOBLIN:1;MAGE:10
1854,0,0,true,,,curriculum_pass,utility,3,75,96960251880,96960305477,15,0,BLUE,false,0,5,3,3,GOBLIN:1;MAGE:10,GOBLIN:1;MAGE:10
1855,0,0,true,,,utility,curriculum_pass,3,75,96968155042,96968130831,48,0,,false,19,19,2,2,MAGE:4;SPIDER:15,MAGE:4;SPIDER:15
1856,0,0,true,,,curriculum_pass,utility,3,75,96968155042,96968130831,48,0,,false,19,19,2,2,MAGE:4;SPIDER:15,MAGE:4;SPIDER:15
1857,0,0,true,,,utility,curriculum_pass,3,75,96968162961,96968138812,20,0,GREEN,false,6,0,3,3,ARCHER:1;GARGOYLE:5;SCORPION_RIDER:4,ARCHER:1;GARGOYLE:5;SCORPION_RIDER:4
1858,0,0,true,,,curriculum_pass,utility,3,75,96968162961,96968138812,15,0,BLUE,false,0,8,3,3,ARCHER:1;GARGOYLE:5;SCORPION_RIDER:4,ARCHER:1;GARGOYLE:5;SCORPION_RIDER:4
1859,0,0,true,,,utility,curriculum_pass,3,75,96968170880,96968114989,12,0,GREEN,false,5,0,2,2,ARCHER:4;MAGE:7,ARCHER:4;MAGE:7
1860,0,0,true,,,curriculum_pass,utility,3,75,96968170880,96968114989,15,0,BLUE,false,0,4,2,2,ARCHER:4;MAGE:7,ARCHER:4;MAGE:7
1861,0,0,true,,,utility,curriculum_pass,3,75,96976074042,96976087959,10,0,GREEN,false,8,0,3,3,ARCHER:3;SCORPION_RIDER:7,ARCHER:3;SCORPION_RIDER:7
1862,0,0,true,,,curriculum_pass,utility,3,75,96976074042,96976087959,13,0,BLUE,false,0,8,3,3,ARCHER:3;SCORPION_RIDER:7,ARCHER:3;SCORPION_RIDER:7
1863,0,0,true,,,utility,curriculum_pass,3,75,96976081961,96976063108,24,0,GREEN,false,7,0,3,3,GARGOYLE:2;MAGE:8;SPIDER:1,GARGOYLE:2;MAGE:8;SPIDER:1
1864,0,0,true,,,curriculum_pass,utility,3,75,96976081961,96976063108,21,0,BLUE,false,0,7,3,3,GARGOYLE:2;MAGE:8;SPIDER:1,GARGOYLE:2;MAGE:8;SPIDER:1
1865,0,0,true,,,utility,curriculum_pass,3,75,96976089880,96976072117,48,0,,false,24,24,3,3,ARCHER:1;GOBLIN:7;SPIDER:16,ARCHER:1;GOBLIN:7;SPIDER:16
1866,0,0,true,,,curriculum_pass,utility,3,75,96976089880,96976072117,48,0,,false,24,24,3,3,ARCHER:1;GOBLIN:7;SPIDER:16,ARCHER:1;GOBLIN:7;SPIDER:16
1867,0,0,true,,,utility,curriculum_pass,3,75,96983993042,96984011903,59,0,,false,10,5,3,3,SCORPION_RIDER:9;SPIDER:1,SCORPION_RIDER:9;SPIDER:1
1868,0,0,true,,,curriculum_pass,utility,3,75,96983993042,96984011903,48,0,,false,10,10,3,3,SCORPION_RIDER:9;SPIDER:1,SCORPION_RIDER:9;SPIDER:1
1869,0,0,true,,,utility,curriculum_pass,3,75,96984000961,96984020844,63,0,,false,1,3,3,3,ASSASSIN:8;GOBLIN:1;SCORPION_RIDER:2,ASSASSIN:8;GOBLIN:1;SCORPION_RIDER:2
1870,0,0,true,,,curriculum_pass,utility,3,75,96984000961,96984020844,58,0,,false,5,5,3,3,ASSASSIN:8;GOBLIN:1;SCORPION_RIDER:2,ASSASSIN:8;GOBLIN:1;SCORPION_RIDER:2
1871,0,0,true,,,utility,curriculum_pass,3,75,96984008880,96983995933,12,0,GREEN,false,3,0,3,3,ASSASSIN:2;GOBLIN:1;MAGE:8,ASSASSIN:2;GOBLIN:1;MAGE:8
1872,0,0,true,,,curriculum_pass,utility,3,75,96984008880,96983995933,11,0,BLUE,false,0,11,3,3,ASSASSIN:2;GOBLIN:1;MAGE:8,ASSASSIN:2;GOBLIN:1;MAGE:8
1873,0,0,true,,,utility,curriculum_pass,3,75,96991912042,96991968967,201,0,,true,9,6,3,3,GARGOYLE:6;MAGE:4;SPIDER:1,GARGOYLE:6;MAGE:4;SPIDER:1
1874,0,0,true,,,curriculum_pass,utility,3,75,96991912042,96991968967,48,0,,false,11,11,3,3,GARGOYLE:6;MAGE:4;SPIDER:1,GARGOYLE:6;MAGE:4;SPIDER:1
1875,0,0,true,,,utility,curriculum_pass,3,75,96991919961,96991961588,48,0,,false,15,15,3,3,GOBLIN:11;GOLEM:4,GOBLIN:11;GOLEM:4
1876,0,0,true,,,curriculum_pass,utility,3,75,96991919961,96991961588,48,0,,false,15,15,3,3,GOBLIN:11;GOLEM:4,GOBLIN:11;GOLEM:4
1877,0,0,true,,,utility,curriculum_pass,3,75,96991927880,96991936741,48,0,,false,25,25,3,3,GOBLIN:12;SPIDER:13,GOBLIN:12;SPIDER:13
1878,0,0,true,,,curriculum_pass,utility,3,75,96991927880,96991936741,48,0,,false,25,25,3,3,GOBLIN:12;SPIDER:13,GOBLIN:12;SPIDER:13
1879,0,0,true,,,utility,curriculum_pass,3,75,96999831042,96999778479,61,0,,false,13,10,3,3,GOBLIN:10;SCORPION_RIDER:5;SPIDER:1,GOBLIN:10;SCORPION_RIDER:5;SPIDER:1
1880,0,0,true,,,curriculum_pass,utility,3,75,96999831042,96999778479,58,0,,false,10,15,3,3,GOBLIN:10;SCORPION_RIDER:5;SPIDER:1,GOBLIN:10;SCORPION_RIDER:5;SPIDER:1
1881,0,0,true,,,utility,curriculum_pass,3,75,96999838961,96999885404,10,0,GREEN,false,21,0,2,2,GOBLIN:9;SPIDER:16,GOBLIN:9;SPIDER:16
1882,0,0,true,,,curriculum_pass,utility,3,75,96999838961,96999885404,48,0,,false,25,25,2,2,GOBLIN:9;SPIDER:16,GOBLIN:9;SPIDER:16
1883,0,0,true,,,utility,curriculum_pass,3,75,96999846880,96999894349,48,0,,false,25,25,3,3,GOBLIN:10;SPIDER:15,GOBLIN:10;SPIDER:15
1884,0,0,true,,,curriculum_pass,utility,3,75,96999846880,96999894349,48,0,,false,25,25,3,3,GOBLIN:10;SPIDER:15,GOBLIN:10;SPIDER:15
1885,0,0,true,,,utility,curriculum_pass,3,75,97007750042,97007703351,59,0,,false,1,3,3,3,ASSASSIN:8;SCORPION_RIDER:2;SPIDER:1,ASSASSIN:8;SCORPION_RIDER:2;SPIDER:1
1886,0,0,true,,,curriculum_pass,utility,3,75,97007750042,97007703351,58,0,,false,3,1,3,3,ASSASSIN:8;SCORPION_RIDER:2;SPIDER:1,ASSASSIN:8;SCORPION_RIDER:2;SPIDER:1
1887,0,0,true,,,utility,curriculum_pass,3,75,97007757961,97007711268,10,0,GREEN,false,15,0,3,3,ARCHER:1;SPIDER:23,ARCHER:1;SPIDER:23
1888,0,0,true,,,curriculum_pass,utility,3,75,97007757961,97007711268,15,0,BLUE,false,0,18,3,3,ARCHER:1;SPIDER:23,ARCHER:1;SPIDER:23
1889,0,0,true,,,utility,curriculum_pass,3,75,97007765880,97007818709,14,0,GREEN,false,3,0,3,3,GOBLIN:1;GOLEM:4;SCORPION_RIDER:4,GOBLIN:1;GOLEM:4;SCORPION_RIDER:4
1890,0,0,true,,,curriculum_pass,utility,3,75,97007765880,97007818709,17,0,BLUE,false,0,5,3,3,GOBLIN:1;GOLEM:4;SCORPION_RIDER:4,GOBLIN:1;GOLEM:4;SCORPION_RIDER:4
1891,0,0,true,,,utility,curriculum_pass,3,75,97015669042,97015660447,22,0,GREEN,false,5,0,3,3,GOBLIN:1;GOLEM:7,GOBLIN:1;GOLEM:7
1892,0,0,true,,,curriculum_pass,utility,3,75,97015669042,97015660447,66,0,,false,6,7,3,3,GOBLIN:1;GOLEM:7,GOBLIN:1;GOLEM:7
1893,0,0,true,,,utility,curriculum_pass,3,75,97015676961,97015635596,59,0,,false,7,5,3,3,ASSASSIN:8;SPIDER:6,ASSASSIN:8;SPIDER:6
1894,0,0,true,,,curriculum_pass,utility,3,75,97015676961,97015635596,60,0,,false,5,7,3,3,ASSASSIN:8;SPIDER:6,ASSASSIN:8;SPIDER:6
1895,0,0,true,,,utility,curriculum_pass,3,75,97015684880,97015628221,8,0,GREEN,false,5,0,2,2,ARCHER:3;ASSASSIN:8,ARCHER:3;ASSASSIN:8
1896,0,0,true,,,curriculum_pass,utility,3,75,97015684880,97015628221,54,0,,false,4,4,2,2,ARCHER:3;ASSASSIN:8,ARCHER:3;ASSASSIN:8
1897,0,0,true,,,utility,curriculum_pass,3,75,58141298042,58141250519,20,0,GREEN,false,5,0,3,3,ASSASSIN:8;GARGOYLE:2;SPIDER:1,ASSASSIN:8;GARGOYLE:2;SPIDER:1
1898,0,0,true,,,curriculum_pass,utility,3,75,58141298042,58141250519,13,0,BLUE,false,0,4,3,3,ASSASSIN:8;GARGOYLE:2;SPIDER:1,ASSASSIN:8;GARGOYLE:2;SPIDER:1
1899,0,0,true,,,utility,curriculum_pass,3,75,58149217042,58149207487,10,0,GREEN,false,8,0,3,3,ARCHER:7;MAGE:4;SPIDER:1,ARCHER:7;MAGE:4;SPIDER:1
1900,0,0,true,,,curriculum_pass,utility,3,75,58149217042,58149207487,15,0,BLUE,false,0,5,3,3,ARCHER:7;MAGE:4;SPIDER:1,ARCHER:7;MAGE:4;SPIDER:1
1901,0,0,true,,,utility,curriculum_pass,3,75,58157136042,58157147655,8,0,GREEN,false,14,0,2,2,MAGE:7;SPIDER:8,MAGE:7;SPIDER:8
1902,0,0,true,,,curriculum_pass,utility,3,75,58157136042,58157147655,19,0,BLUE,false,0,3,2,2,MAGE:7;SPIDER:8,MAGE:7;SPIDER:8
1903,0,0,true,,,utility,curriculum_pass,3,75,58165055042,58165072111,48,0,,false,15,15,3,3,GOBLIN:11;GOLEM:4,GOBLIN:11;GOLEM:4
1904,0,0,true,,,curriculum_pass,utility,3,75,58165055042,58165072111,62,0,,false,4,6,3,3,GOBLIN:11;GOLEM:4,GOBLIN:11;GOLEM:4
1905,0,0,true,,,utility,curriculum_pass,3,75,58172974042,58173029751,48,0,,false,11,11,3,3,ARCHER:8;GOLEM:2;MAGE:1,ARCHER:8;GOLEM:2;MAGE:1
1906,0,0,true,,,curriculum_pass,utility,3,75,58172974042,58173029751,66,0,,false,5,10,3,3,ARCHER:8;GOLEM:2;MAGE:1,ARCHER:8;GOLEM:2;MAGE:1
1907,0,0,true,,,utility,curriculum_pass,3,75,58180893042,58180839391,61,0,,false,13,8,3,3,ARCHER:8;MAGE:3;SPIDER:2,ARCHER:8;MAGE:3;SPIDER:2
1908,0,0,true,,,curriculum_pass,utility,3,75,58180893042,58180839391,62,0,,false,3,7,3,3,ARCHER:8;MAGE:3;SPIDER:2,ARCHER:8;MAGE:3;SPIDER:2
1909,0,0,true,,,utility,curriculum_pass,3,75,97736298042,97736282263,57,0,,false,10,9,4,4,GOBLIN:3;GOLEM:6;SPIDER:2,GOBLIN:3;GOLEM:6;SPIDER:2
1910,0,0,true,,,curriculum_pass,utility,3,75,97736298042,97736282263,72,0,,false,4,11,4,4,GOBLIN:3;GOLEM:6;SPIDER:2,GOBLIN:3;GOLEM:6;SPIDER:2
1911,0,0,true,,,utility,curriculum_pass,3,75,97736305961,97736291204,53,0,,false,10,11,3,3,ASSASSIN:4;GARGOYLE:6;GOBLIN:1,ASSASSIN:4;GARGOYLE:6;GOBLIN:1
1912,0,0,true,,,curriculum_pass,utility,3,75,97736305961,97736291204,86,0,,false,1,6,3,3,ASSASSIN:4;GARGOYLE:6;GOBLIN:1,ASSASSIN:4;GARGOYLE:6;GOBLIN:1
1913,0,0,true,,,utility,curriculum_pass,3,75,97736313880,97736266421,48,0,,false,10,10,3,3,GARGOYLE:6;GOLEM:3;SPIDER:1,GARGOYLE:6;GOLEM:3;SPIDER:1
1914,0,0,true,,,curriculum_pass,utility,3,75,97736313880,97736266421,35,0,BLUE,false,0,9,3,3,GARGOYLE:6;GOLEM:3;SPIDER:1,GARGOYLE:6;GOLEM:3;SPIDER:1
1915,0,0,true,,,utility,curriculum_pass,3,75,97744217042,97744239999,10,0,GREEN,false,4,0,3,3,ARCHER:10;ASSASSIN:2,ARCHER:10;ASSASSIN:2
1916,0,0,true,,,curriculum_pass,utility,3,75,97744217042,97744239999,54,0,,false,10,11,3,3,ARCHER:10;ASSASSIN:2,ARCHER:10;ASSASSIN:2
1917,0,0,true,,,utility,curriculum_pass,3,75,97744224961,97744215148,63,0,,false,10,7,2,2,ARCHER:8;GOBLIN:9,ARCHER:8;GOBLIN:9
1918,0,0,true,,,curriculum_pass,utility,3,75,97744224961,97744215148,13,0,BLUE,false,0,17,2,2,ARCHER:8;GOBLIN:9,ARCHER:8;GOBLIN:9
1919,0,0,true,,,utility,curriculum_pass,3,75,97744232880,97744224029,32,0,GREEN,false,5,0,2,2,GARGOYLE:5;SCORPION_RIDER:5,GARGOYLE:5;SCORPION_RIDER:5
1920,0,0,true,,,curriculum_pass,utility,3,75,97744232880,97744224029,48,0,,false,10,10,2,2,GARGOYLE:5;SCORPION_RIDER:5,GARGOYLE:5;SCORPION_RIDER:5
1921,0,0,true,,,utility,curriculum_pass,3,75,97752136042,97752180679,48,0,,false,11,11,3,3,ARCHER:4;GOLEM:4;SPIDER:3,ARCHER:4;GOLEM:4;SPIDER:3
1922,0,0,true,,,curriculum_pass,utility,3,75,97752136042,97752180679,54,0,,false,8,11,3,3,ARCHER:4;GOLEM:4;SPIDER:3,ARCHER:4;GOLEM:4;SPIDER:3
1923,0,0,true,,,utility,curriculum_pass,3,75,97752143961,97752155892,48,0,,false,19,19,2,2,GARGOYLE:4;SPIDER:15,GARGOYLE:4;SPIDER:15
1924,0,0,true,,,curriculum_pass,utility,3,75,97752143961,97752155892,48,0,,false,19,19,2,2,GARGOYLE:4;SPIDER:15,GARGOYLE:4;SPIDER:15
1925,0,0,true,,,utility,curriculum_pass,3,75,97752151880,97752164837,59,0,,false,5,6,3,3,ASSASSIN:4;GOLEM:4;MAGE:1,ASSASSIN:4;GOLEM:4;MAGE:1
1926,0,0,true,,,curriculum_pass,utility,3,75,97752151880,97752164837,21,0,BLUE,false,0,7,3,3,ASSASSIN:4;GOLEM:4;MAGE:1,ASSASSIN:4;GOLEM:4;MAGE:1
1927,0,0,true,,,utility,curriculum_pass,3,75,97760055042,97760104879,20,0,GREEN,false,9,0,2,2,GOBLIN:6;MAGE:8,GOBLIN:6;MAGE:8
1928,0,0,true,,,curriculum_pass,utility,3,75,97760055042,97760104879,15,0,BLUE,false,0,13,2,2,GOBLIN:6;MAGE:8,GOBLIN:6;MAGE:8
1929,0,0,true,,,utility,curriculum_pass,3,75,97760062961,97760113500,48,0,,false,25,25,2,2,GOBLIN:10;SPIDER:15,GOBLIN:10;SPIDER:15
1930,0,0,true,,,curriculum_pass,utility,3,75,97760062961,97760113500,62,0,,false,5,15,2,2,GOBLIN:10;SPIDER:15,GOBLIN:10;SPIDER:15
1931,0,0,true,,,utility,curriculum_pass,3,75,97760070880,97760088653,48,0,,false,25,25,3,3,GOBLIN:25,GOBLIN:25
1932,0,0,true,,,curriculum_pass,utility,3,75,97760070880,97760088653,60,0,,false,22,24,3,3,GOBLIN:25,GOBLIN:25
1933,0,0,true,,,utility,curriculum_pass,3,75,97767974042,97767930423,55,0,,false,8,7,3,3,GOBLIN:1;GOLEM:7,GOBLIN:1;GOLEM:7
1934,0,0,true,,,curriculum_pass,utility,3,75,97767974042,97767930423,35,0,BLUE,false,0,7,3,3,GOBLIN:1;GOLEM:7,GOBLIN:1;GOLEM:7
1935,0,0,true,,,utility,curriculum_pass,3,75,97767981961,97768037668,49,0,,false,13,14,2,2,ASSASSIN:7;GOBLIN:8,ASSASSIN:7;GOBLIN:8
1936,0,0,true,,,curriculum_pass,utility,3,75,97767981961,97768037668,68,0,,false,5,5,2,2,ASSASSIN:7;GOBLIN:8,ASSASSIN:7;GOBLIN:8
1937,0,0,true,,,utility,curriculum_pass,3,75,97767989880,97768045781,14,0,GREEN,false,15,0,3,3,SCORPION_RIDER:4;SPIDER:14,SCORPION_RIDER:4;SPIDER:14
1938,0,0,true,,,curriculum_pass,utility,3,75,97767989880,97768045781,15,0,BLUE,false,0,14,3,3,SCORPION_RIDER:4;SPIDER:14,SCORPION_RIDER:4;SPIDER:14
1939,0,0,true,,,utility,curriculum_pass,3,75,97775893042,97775871135,57,0,,false,3,5,2,2,ARCHER:3;ASSASSIN:8,ARCHER:3;ASSASSIN:8
1940,0,0,true,,,curriculum_pass,utility,3,75,97775893042,97775871135,9,0,BLUE,false,0,8,2,2,ARCHER:3;ASSASSIN:8,ARCHER:3;ASSASSIN:8
1941,0,0,true,,,utility,curriculum_pass,3,75,97775900961,97775847308,10,0,GREEN,false,11,0,2,2,MAGE:5;SPIDER:13,MAGE:5;SPIDER:13
1942,0,0,true,,,curriculum_pass,utility,3,75,97775900961,97775847308,17,0,BLUE,false,0,10,2,2,MAGE:5;SPIDER:13,MAGE:5;SPIDER:13
1943,0,0,true,,,utility,curriculum_pass,3,75,97775908880,97775855293,63,0,,false,13,4,2,2,GOBLIN:12;SPIDER:13,GOBLIN:12;SPIDER:13
1944,0,0,true,,,curriculum_pass,utility,3,75,97775908880,97775855293,13,0,BLUE,false,0,6,2,2,GOBLIN:12;SPIDER:13,GOBLIN:12;SPIDER:13
1945,0,0,true,,,utility,curriculum_pass,3,75,97783812042,97783796071,48,0,,false,17,17,2,2,GOBLIN:11;MAGE:6,GOBLIN:11;MAGE:6
1946,0,0,true,,,curriculum_pass,utility,3,75,97783812042,97783796071,70,0,,false,3,11,2,2,GOBLIN:11;MAGE:6,GOBLIN:11;MAGE:6
1947,0,0,true,,,utility,curriculum_pass,3,75,97783819961,97783803924,48,0,,false,9,9,2,2,GARGOYLE:5;GOLEM:4,GARGOYLE:5;GOLEM:4
1948,0,0,true,,,curriculum_pass,utility,3,75,97783819961,97783803924,53,0,BLUE,false,0,8,2,2,GARGOYLE:5;GOLEM:4,GARGOYLE:5;GOLEM:4
1949,0,0,true,,,utility,curriculum_pass,3,75,97783827880,97783780101,32,0,GREEN,false,11,0,3,3,GARGOYLE:3;SCORPION_RIDER:6;SPIDER:2,GARGOYLE:3;SCORPION_RIDER:6;SPIDER:2
1950,0,0,true,,,curriculum_pass,utility,3,75,97783827880,97783780101,66,0,,false,5,5,3,3,GARGOYLE:3;SCORPION_RIDER:6;SPIDER:2,GARGOYLE:3;SCORPION_RIDER:6;SPIDER:2
1951,0,0,true,,,utility,curriculum_pass,3,75,97791731042,97791753167,16,0,GREEN,false,7,0,3,3,ARCHER:1;GARGOYLE:3;SCORPION_RIDER:6,ARCHER:1;GARGOYLE:3;SCORPION_RIDER:6
1952,0,0,true,,,curriculum_pass,utility,3,75,97791731042,97791753167,15,0,BLUE,false,0,7,3,3,ARCHER:1;GARGOYLE:3;SCORPION_RIDER:6,ARCHER:1;GARGOYLE:3;SCORPION_RIDER:6
1953,0,0,true,,,utility,curriculum_pass,3,75,97791738961,97791728380,48,0,,false,15,15,2,2,GOBLIN:11;GOLEM:4,GOBLIN:11;GOLEM:4
1954,0,0,true,,,curriculum_pass,utility,3,75,97791738961,97791728380,48,0,,false,15,15,2,2,GOBLIN:11;GOLEM:4,GOBLIN:11;GOLEM:4
1955,0,0,true,,,utility,curriculum_pass,3,75,97791746880,97791737325,48,0,,false,9,9,2,2,GARGOYLE:5;GOLEM:4,GARGOYLE:5;GOLEM:4
1956,0,0,true,,,curriculum_pass,utility,3,75,97791746880,97791737325,48,0,,false,9,9,2,2,GARGOYLE:5;GOLEM:4,GARGOYLE:5;GOLEM:4
1957,0,0,true,,,utility,curriculum_pass,3,75,97799650042,97799693399,57,0,,false,9,5,4,4,ASSASSIN:4;GARGOYLE:5;MAGE:1;SPIDER:1,ASSASSIN:4;GARGOYLE:5;MAGE:1;SPIDER:1
1958,0,0,true,,,curriculum_pass,utility,3,75,97799650042,97799693399,58,0,,false,5,9,4,4,ASSASSIN:4;GARGOYLE:5;MAGE:1;SPIDER:1,ASSASSIN:4;GARGOYLE:5;MAGE:1;SPIDER:1
1959,0,0,true,,,utility,curriculum_pass,3,75,97799657961,97799669572,16,0,GREEN,false,8,0,3,3,ARCHER:3;ASSASSIN:3;GARGOYLE:5,ARCHER:3;ASSASSIN:3;GARGOYLE:5
1960,0,0,true,,,curriculum_pass,utility,3,75,97799657961,97799669572,60,0,,false,5,10,3,3,ARCHER:3;ASSASSIN:3;GARGOYLE:5,ARCHER:3;ASSASSIN:3;GARGOYLE:5
1961,0,0,true,,,utility,curriculum_pass,3,75,97799665880,97799677557,65,0,,false,14,14,4,4,ASSASSIN:4;GARGOYLE:1;GOBLIN:13,ASSASSIN:4;GARGOYLE:1;GOBLIN:13
1962,0,0,true,,,curriculum_pass,utility,3,75,97799665880,97799677557,54,0,,false,16,14,4,4,ASSASSIN:4;GARGOYLE:1;GOBLIN:13,ASSASSIN:4;GARGOYLE:1;GOBLIN:13
1963,0,0,true,,,utility,curriculum_pass,3,75,97807569042,97807617599,22,0,GREEN,false,5,0,3,3,GOBLIN:1;SCORPION_RIDER:9,GOBLIN:1;SCORPION_RIDER:9
1964,0,0,true,,,curriculum_pass,utility,3,75,97807569042,97807617599,68,0,,false,5,7,3,3,GOBLIN:1;SCORPION_RIDER:9,GOBLIN:1;SCORPION_RIDER:9
1965,0,0,true,,,utility,curriculum_pass,3,75,97807576961,97807626540,57,0,,false,7,5,2,2,ASSASSIN:5;SCORPION_RIDER:5,ASSASSIN:5;SCORPION_RIDER:5
1966,0,0,true,,,curriculum_pass,utility,3,75,97807576961,97807626540,58,0,,false,5,7,2,2,ASSASSIN:5;SCORPION_RIDER:5,ASSASSIN:5;SCORPION_RIDER:5
1967,0,0,true,,,utility,curriculum_pass,3,75,97807584880,97807601885,4,0,GREEN,false,8,0,2,2,ARCHER:3;ASSASSIN:8,ARCHER:3;ASSASSIN:8
1968,0,0,true,,,curriculum_pass,utility,3,75,97807584880,97807601885,7,0,BLUE,false,0,9,2,2,ARCHER:3;ASSASSIN:8,ARCHER:3;ASSASSIN:8
1969,0,0,true,,,utility,curriculum_pass,3,75,58933198042,58933240439,48,0,,false,13,13,3,3,ARCHER:8;GOBLIN:2;MAGE:3,ARCHER:8;GOBLIN:2;MAGE:3
1970,0,0,true,,,curriculum_pass,utility,3,75,58933198042,58933240439,13,0,BLUE,false,0,6,3,3,ARCHER:8;GOBLIN:2;MAGE:3,ARCHER:8;GOBLIN:2;MAGE:3
1971,0,0,true,,,utility,curriculum_pass,3,75,58941117042,58941164767,85,0,,false,11,5,4,4,ASSASSIN:1;GARGOYLE:5;GOBLIN:1;MAGE:4,ASSASSIN:1;GARGOYLE:5;GOBLIN:1;MAGE:4
1972,0,0,true,,,curriculum_pass,utility,3,75,58941117042,58941164767,50,0,,false,11,11,4,4,ASSASSIN:1;GARGOYLE:5;GOBLIN:1;MAGE:4,ASSASSIN:1;GARGOYLE:5;GOBLIN:1;MAGE:4
1973,0,0,true,,,utility,curriculum_pass,3,75,58949036042,58948990631,55,0,,false,8,7,3,3,ASSASSIN:4;GARGOYLE:6;GOBLIN:1,ASSASSIN:4;GARGOYLE:6;GOBLIN:1
1974,0,0,true,,,curriculum_pass,utility,3,75,58949036042,58948990631,84,0,,false,6,5,3,3,ASSASSIN:4;GARGOYLE:6;GOBLIN:1,ASSASSIN:4;GARGOYLE:6;GOBLIN:1
1975,0,0,true,,,utility,curriculum_pass,3,75,58956955042,58956931855,14,0,GREEN,false,7,0,3,3,ASSASSIN:1;GOLEM:4;MAGE:4,ASSASSIN:1;GOLEM:4;MAGE:4
1976,0,0,true,,,curriculum_pass,utility,3,75,58956955042,58956931855,15,0,BLUE,false,0,8,3,3,ASSASSIN:1;GOLEM:4;MAGE:4,ASSASSIN:1;GOLEM:4;MAGE:4
1977,0,0,true,,,utility,curriculum_pass,3,75,58964874042,58964856215,16,0,GREEN,false,3,0,3,3,SCORPION_RIDER:9;SPIDER:1,SCORPION_RIDER:9;SPIDER:1
1978,0,0,true,,,curriculum_pass,utility,3,75,58964874042,58964856215,21,0,BLUE,false,0,1,3,3,SCORPION_RIDER:9;SPIDER:1,SCORPION_RIDER:9;SPIDER:1
1979,0,0,true,,,utility,curriculum_pass,3,75,58972793042,58972812927,61,0,,false,16,12,3,3,ASSASSIN:1;GOBLIN:12;GOLEM:3,ASSASSIN:1;GOBLIN:12;GOLEM:3
1980,0,0,true,,,curriculum_pass,utility,3,75,58972793042,58972812927,17,0,BLUE,false,0,4,3,3,ASSASSIN:1;GOBLIN:12;GOLEM:3,ASSASSIN:1;GOBLIN:12;GOLEM:3
1981,0,0,true,,,utility,curriculum_pass,3,75,98528198042,98528142135,8,0,GREEN,false,9,0,2,2,ARCHER:4;ASSASSIN:7,ARCHER:4;ASSASSIN:7
1982,0,0,true,,,curriculum_pass,utility,3,75,98528198042,98528142135,7,0,BLUE,false,0,6,2,2,ARCHER:4;ASSASSIN:7,ARCHER:4;ASSASSIN:7
1983,0,0,true,,,utility,curriculum_pass,3,75,98528205961,98528248356,38,0,GREEN,false,14,0,3,3,SCORPION_RIDER:4;SPIDER:14,SCORPION_RIDER:4;SPIDER:14
1984,0,0,true,,,curriculum_pass,utility,3,75,98528205961,98528248356,62,0,,false,13,16,3,3,SCORPION_RIDER:4;SPIDER:14,SCORPION_RIDER:4;SPIDER:14
1985,0,0,true,,,utility,curriculum_pass,3,75,98528213880,98528257493,18,0,GREEN,false,8,0,3,3,ARCHER:5;GOBLIN:1;GOLEM:4,ARCHER:5;GOBLIN:1;GOLEM:4
1986,0,0,true,,,curriculum_pass,utility,3,75,98528213880,98528257493,23,0,BLUE,false,0,9,3,3,ARCHER:5;GOBLIN:1;GOLEM:4,ARCHER:5;GOBLIN:1;GOLEM:4
1987,0,0,true,,,utility,curriculum_pass,3,75,160066747042,160066724879,121,0,,false,5,1,2,2,MAGE:5;SCORPION_RIDER:5,MAGE:5;SCORPION_RIDER:5
1988,0,0,true,,,curriculum_pass,utility,3,75,160066747042,160066724879,7,0,BLUE,false,0,9,2,2,MAGE:5;SCORPION_RIDER:5,MAGE:5;SCORPION_RIDER:5
1989,0,0,true,,,utility,curriculum_pass,3,75,160066754961,160066701116,57,0,,false,16,16,2,2,GARGOYLE:4;SPIDER:15,GARGOYLE:4;SPIDER:15
1990,0,0,true,,,curriculum_pass,utility,3,75,160066754961,160066701116,62,0,,false,13,17,2,2,GARGOYLE:4;SPIDER:15,GARGOYLE:4;SPIDER:15
1991,0,0,true,,,utility,curriculum_pass,3,75,160066762880,160066709037,12,0,GREEN,false,14,0,3,3,ARCHER:1;SCORPION_RIDER:5;SPIDER:9,ARCHER:1;SCORPION_RIDER:5;SPIDER:9
1992,0,0,true,,,curriculum_pass,utility,3,75,160066762880,160066709037,15,0,BLUE,false,0,13,3,3,ARCHER:1;SCORPION_RIDER:5;SPIDER:9,ARCHER:1;SCORPION_RIDER:5;SPIDER:9
1993,0,0,true,,,utility,curriculum_pass,3,75,160066770799,160066816450,48,0,,false,16,16,2,2,GOBLIN:11;SCORPION_RIDER:5,GOBLIN:11;SCORPION_RIDER:5
1994,0,0,true,,,curriculum_pass,utility,3,75,160066770799,160066816450,17,0,BLUE,false,0,4,2,2,GOBLIN:11;SCORPION_RIDER:5,GOBLIN:11;SCORPION_RIDER:5
1995,0,0,true,,,utility,curriculum_pass,3,75,98536117042,98536066463,14,0,GREEN,false,11,0,3,3,ARCHER:9;SPIDER:7,ARCHER:9;SPIDER:7
1996,0,0,true,,,curriculum_pass,utility,3,75,98536117042,98536066463,48,0,,false,16,16,3,3,ARCHER:9;SPIDER:7,ARCHER:9;SPIDER:7
1997,0,0,true,,,utility,curriculum_pass,3,75,98536124961,98536074380,48,0,,false,12,12,3,3,ARCHER:6;GARGOYLE:5;GOBLIN:1,ARCHER:6;GARGOYLE:5;GOBLIN:1
1998,0,0,true,,,curriculum_pass,utility,3,75,98536124961,98536074380,201,0,,true,2,8,3,3,ARCHER:6;GARGOYLE:5;GOBLIN:1,ARCHER:6;GARGOYLE:5;GOBLIN:1
1999,0,0,true,,,utility,curriculum_pass,3,75,98536132880,98536181693,48,0,,false,11,11,3,3,GARGOYLE:10;SPIDER:1,GARGOYLE:10;SPIDER:1
2000,0,0,true,,,curriculum_pass,utility,3,75,98536132880,98536181693,48,0,,false,11,11,3,3,GARGOYLE:10;SPIDER:1,GARGOYLE:10;SPIDER:1
2001,0,0,true,,,utility,curriculum_pass,3,75,98544036042,98544023143,16,0,GREEN,false,5,0,3,3,SPIDER:25,SPIDER:25
2002,0,0,true,,,curriculum_pass,utility,3,75,98544036042,98544023143,48,0,,false,25,25,3,3,SPIDER:25,SPIDER:25
2003,0,0,true,,,utility,curriculum_pass,3,75,98544043961,98543999252,16,0,GREEN,false,5,0,4,4,ASSASSIN:7;GARGOYLE:1;MAGE:2;SPIDER:1,ASSASSIN:7;GARGOYLE:1;MAGE:2;SPIDER:1
2004,0,0,true,,,curriculum_pass,utility,3,75,98544043961,98543999252,58,0,,false,2,6,4,4,ASSASSIN:7;GARGOYLE:1;MAGE:2;SPIDER:1,ASSASSIN:7;GARGOYLE:1;MAGE:2;SPIDER:1
2005,0,0,true,,,utility,curriculum_pass,3,75,98544051880,98544007173,16,0,GREEN,false,13,0,2,2,SCORPION_RIDER:5;SPIDER:11,SCORPION_RIDER:5;SPIDER:11
2006,0,0,true,,,curriculum_pass,utility,3,75,98544051880,98544007173,11,0,BLUE,false,0,14,2,2,SCORPION_RIDER:5;SPIDER:11,SCORPION_RIDER:5;SPIDER:11
2007,0,0,true,,,utility,curriculum_pass,3,75,98551955042,98551963855,48,0,,false,14,14,3,3,GOLEM:4;MAGE:1;SPIDER:9,GOLEM:4;MAGE:1;SPIDER:9
2008,0,0,true,,,curriculum_pass,utility,3,75,98551955042,98551963855,66,0,,false,12,10,3,3,GOLEM:4;MAGE:1;SPIDER:9,GOLEM:4;MAGE:1;SPIDER:9
2009,0,0,true,,,utility,curriculum_pass,3,75,98551962961,98551940092,69,0,,false,4,2,3,3,ASSASSIN:5;GOLEM:4,ASSASSIN:5;GOLEM:4
2010,0,0,true,,,curriculum_pass,utility,3,75,98551962961,98551940092,70,0,,false,3,2,3,3,ASSASSIN:5;GOLEM:4,ASSASSIN:5;GOLEM:4
2011,0,0,true,,,utility,curriculum_pass,3,75,98551970880,98551948013,48,0,,false,11,11,3,3,GOBLIN:1;MAGE:10,GOBLIN:1;MAGE:10
2012,0,0,true,,,curriculum_pass,utility,3,75,98551970880,98551948013,48,0,,false,11,11,3,3,GOBLIN:1;MAGE:10,GOBLIN:1;MAGE:10
2013,0,0,true,,,utility,curriculum_pass,3,75,98559874042,98559888727,48,0,,false,18,18,2,2,ARCHER:7;GOBLIN:11,ARCHER:7;GOBLIN:11
2014,0,0,true,,,curriculum_pass,utility,3,75,98559874042,98559888727,48,0,,false,18,18,2,2,ARCHER:7;GOBLIN:11,ARCHER:7;GOBLIN:11
2015,0,0,true,,,utility,curriculum_pass,3,75,98559881961,98559896644,59,0,,false,4,3,2,2,ASSASSIN:7;SCORPION_RIDER:3,ASSASSIN:7;SCORPION_RIDER:3
2016,0,0,true,,,curriculum_pass,utility,3,75,98559881961,98559896644,13,0,BLUE,false,0,3,2,2,ASSASSIN:7;SCORPION_RIDER:3,ASSASSIN:7;SCORPION_RIDER:3
2017,0,0,true,,,utility,curriculum_pass,3,75,98559889880,98559872885,57,0,,false,7,10,3,3,ASSASSIN:4;GARGOYLE:6;GOBLIN:1,ASSASSIN:4;GARGOYLE:6;GOBLIN:1
2018,0,0,true,,,curriculum_pass,utility,3,75,98559889880,98559872885,54,0,,false,10,11,3,3,ASSASSIN:4;GARGOYLE:6;GOBLIN:1,ASSASSIN:4;GARGOYLE:6;GOBLIN:1
2019,0,0,true,,,utility,curriculum_pass,3,75,98567793042,98567845695,14,0,GREEN,false,4,0,3,3,ASSASSIN:8;GARGOYLE:2;SPIDER:1,ASSASSIN:8;GARGOYLE:2;SPIDER:1
2020,0,0,true,,,curriculum_pass,utility,3,75,98567793042,98567845695,9,0,BLUE,false,0,6,3,3,ASSASSIN:8;GARGOYLE:2;SPIDER:1,ASSASSIN:8;GARGOYLE:2;SPIDER:1
2021,0,0,true,,,utility,curriculum_pass,3,75,98567800961,98567820844,48,0,,false,11,11,3,3,GOBLIN:1;MAGE:10,GOBLIN:1;MAGE:10
2022,0,0,true,,,curriculum_pass,utility,3,75,98567800961,98567820844,48,0,,false,11,11,3,3,GOBLIN:1;MAGE:10,GOBLIN:1;MAGE:10
2023,0,0,true,,,utility,curriculum_pass,3,75,98567808880,98567829981,48,0,,false,18,18,3,3,GARGOYLE:5;GOBLIN:11;SPIDER:2,GARGOYLE:5;GOBLIN:11;SPIDER:2
2024,0,0,true,,,curriculum_pass,utility,3,75,98567808880,98567829981,48,0,,false,18,18,3,3,GARGOYLE:5;GOBLIN:11;SPIDER:2,GARGOYLE:5;GOBLIN:11;SPIDER:2
2025,0,0,true,,,utility,curriculum_pass,3,75,98575712042,98575655303,12,0,GREEN,false,7,0,2,2,MAGE:8;SPIDER:6,MAGE:8;SPIDER:6
2026,0,0,true,,,curriculum_pass,utility,3,75,98575712042,98575655303,15,0,BLUE,false,0,10,2,2,MAGE:8;SPIDER:6,MAGE:8;SPIDER:6
2027,0,0,true,,,utility,curriculum_pass,3,75,98575719961,98575761588,73,0,,false,10,4,4,4,GOBLIN:1;MAGE:9;SCORPION_RIDER:1,GOBLIN:1;MAGE:9;SCORPION_RIDER:1
2028,0,0,true,,,curriculum_pass,utility,3,75,98575719961,98575761588,13,0,BLUE,false,0,9,4,4,GOBLIN:1;MAGE:9;SCORPION_RIDER:1,GOBLIN:1;MAGE:9;SCORPION_RIDER:1
2029,0,0,true,,,utility,curriculum_pass,3,75,98575727880,98575770533,48,0,,false,9,9,4,4,GOBLIN:1;GOLEM:4;MAGE:1;SCORPION_RIDER:3,GOBLIN:1;GOLEM:4;MAGE:1;SCORPION_RIDER:3
2030,0,0,true,,,curriculum_pass,utility,3,75,98575727880,98575770533,48,0,,false,9,9,4,4,GOBLIN:1;GOLEM:4;MAGE:1;SCORPION_RIDER:3,GOBLIN:1;GOLEM:4;MAGE:1;SCORPION_RIDER:3
2031,0,0,true,,,utility,curriculum_pass,3,75,98583631042,98583579247,48,0,,false,11,11,3,3,MAGE:10;SPIDER:1,MAGE:10;SPIDER:1
2032,0,0,true,,,curriculum_pass,utility,3,75,98583631042,98583579247,48,0,,false,11,11,3,3,MAGE:10;SPIDER:1,MAGE:10;SPIDER:1
2033,0,0,true,,,utility,curriculum_pass,3,75,98583638961,98583588124,48,0,,false,8,8,3,3,GOLEM:7;SPIDER:1,GOLEM:7;SPIDER:1
2034,0,0,true,,,curriculum_pass,utility,3,75,98583638961,98583588124,60,0,,false,7,7,3,3,GOLEM:7;SPIDER:1,GOLEM:7;SPIDER:1
2035,0,0,true,,,utility,curriculum_pass,3,75,98583646880,98583694349,55,0,,false,15,14,3,3,GOLEM:4;SPIDER:11,GOLEM:4;SPIDER:11
2036,0,0,true,,,curriculum_pass,utility,3,75,98583646880,98583694349,61,0,BLUE,false,0,10,3,3,GOLEM:4;SPIDER:11,GOLEM:4;SPIDER:11
2037,0,0,true,,,utility,curriculum_pass,3,75,98591550042,98591536375,61,0,,false,11,7,3,3,GARGOYLE:6;GOLEM:1;SPIDER:7,GARGOYLE:6;GOLEM:1;SPIDER:7
2038,0,0,true,,,curriculum_pass,utility,3,75,98591550042,98591536375,48,0,,false,14,14,3,3,GARGOYLE:6;GOLEM:1;SPIDER:7,GARGOYLE:6;GOLEM:1;SPIDER:7
2039,0,0,true,,,utility,curriculum_pass,3,75,98591557961,98591512548,48,0,,false,17,17,3,3,ARCHER:8;GOBLIN:8;SPIDER:1,ARCHER:8;GOBLIN:8;SPIDER:1
2040,0,0,true,,,curriculum_pass,utility,3,75,98591557961,98591512548,9,0,BLUE,false,0,15,3,3,ARCHER:8;GOBLIN:8;SPIDER:1,ARCHER:8;GOBLIN:8;SPIDER:1
2041,0,0,true,,,utility,curriculum_pass,3,75,98591565880,98591520405,65,0,,false,4,5,3,3,ARCHER:4;SCORPION_RIDER:1;SPIDER:14,ARCHER:4;SCORPION_RIDER:1;SPIDER:14
2042,0,0,true,,,curriculum_pass,utility,3,75,98591565880,98591520405,17,0,BLUE,false,0,18,3,3,ARCHER:4;SCORPION_RIDER:1;SPIDER:14,ARCHER:4;SCORPION_RIDER:1;SPIDER:14
2043,0,0,true,,,utility,curriculum_pass,3,75,98599469042,98599477599,12,0,GREEN,false,4,0,3,3,GOBLIN:1;GOLEM:4;SCORPION_RIDER:4,GOBLIN:1;GOLEM:4;SCORPION_RIDER:4
2044,0,0,true,,,curriculum_pass,utility,3,75,98599469042,98599477599,66,0,,false,4,2,3,3,GOBLIN:1;GOLEM:4;SCORPION_RIDER:4,GOBLIN:1;GOLEM:4;SCORPION_RIDER:4
2045,0,0,true,,,utility,curriculum_pass,3,75,98599476961,98599452748,57,0,,false,8,3,3,3,ASSASSIN:7;GOBLIN:1;SPIDER:7,ASSASSIN:7;GOBLIN:1;SPIDER:7
2046,0,0,true,,,curriculum_pass,utility,3,75,98599476961,98599452748,58,0,,false,5,10,3,3,ASSASSIN:7;GOBLIN:1;SPIDER:7,ASSASSIN:7;GOBLIN:1;SPIDER:7
2047,0,0,true,,,utility,curriculum_pass,3,75,98599484880,98599461757,12,0,GREEN,false,3,0,3,3,SCORPION_RIDER:9;SPIDER:1,SCORPION_RIDER:9;SPIDER:1
2048,0,0,true,,,curriculum_pass,utility,3,75,98599484880,98599461757,17,0,BLUE,false,0,5,3,3,SCORPION_RIDER:9;SPIDER:1,SCORPION_RIDER:9;SPIDER:1
2049,0,0,true,,,utility,curriculum_pass,3,75,59725098042,59725083287,61,0,,false,7,8,3,3,GARGOYLE:6;MAGE:4;SPIDER:1,GARGOYLE:6;MAGE:4;SPIDER:1
2050,0,0,true,,,curriculum_pass,utility,3,75,59725098042,59725083287,25,0,BLUE,false,0,10,3,3,GARGOYLE:6;MAGE:4;SPIDER:1,GARGOYLE:6;MAGE:4;SPIDER:1
2051,0,0,true,,,utility,curriculum_pass,3,75,59733017042,59733008255,48,0,,false,18,18,3,3,ARCHER:7;GOBLIN:11,ARCHER:7;GOBLIN:11
2052,0,0,true,,,curriculum_pass,utility,3,75,59733017042,59733008255,48,0,,false,18,18,3,3,ARCHER:7;GOBLIN:11,ARCHER:7;GOBLIN:11
2053,0,0,true,,,utility,curriculum_pass,3,75,59740936042,59740948935,18,0,GREEN,false,4,0,2,2,SPIDER:25,SPIDER:25
2054,0,0,true,,,curriculum_pass,utility,3,75,59740936042,59740948935,48,0,,false,25,25,2,2,SPIDER:25,SPIDER:25
2055,0,0,true,,,utility,curriculum_pass,3,75,59748855042,59748905903,48,0,,false,18,18,3,3,GARGOYLE:5;GOBLIN:1;SPIDER:12,GARGOYLE:5;GOBLIN:1;SPIDER:12
2056,0,0,true,,,curriculum_pass,utility,3,75,59748855042,59748905903,48,0,,false,18,18,3,3,GARGOYLE:5;GOBLIN:1;SPIDER:12,GARGOYLE:5;GOBLIN:1;SPIDER:12
2057,0,0,true,,,utility,curriculum_pass,3,75,59756774042,59756829751,48,0,,false,21,21,3,3,ARCHER:4;GOBLIN:1;SPIDER:16,ARCHER:4;GOBLIN:1;SPIDER:16
2058,0,0,true,,,curriculum_pass,utility,3,75,59756774042,59756829751,45,0,BLUE,false,0,18,3,3,ARCHER:4;GOBLIN:1;SPIDER:16,ARCHER:4;GOBLIN:1;SPIDER:16
2059,0,0,true,,,utility,curriculum_pass,3,75,59764693042,59764639391,53,0,,false,10,8,4,4,ASSASSIN:5;GARGOYLE:5;SPIDER:1,ASSASSIN:5;GARGOYLE:5;SPIDER:1
2060,0,0,true,,,curriculum_pass,utility,3,75,59764693042,59764639391,43,0,BLUE,false,0,5,4,4,ASSASSIN:5;GARGOYLE:5;SPIDER:1,ASSASSIN:5;GARGOYLE:5;SPIDER:1
2061,0,0,true,,,utility,curriculum_pass,3,75,99320098042,99320115799,16,0,GREEN,false,16,0,3,3,GOBLIN:10;MAGE:5;SPIDER:3,GOBLIN:10;MAGE:5;SPIDER:3
2062,0,0,true,,,curriculum_pass,utility,3,75,99320098042,99320115799,19,0,BLUE,false,0,12,3,3,GOBLIN:10;MAGE:5;SPIDER:3,GOBLIN:10;MAGE:5;SPIDER:3
2063,0,0,true,,,utility,curriculum_pass,3,75,99320105961,99320091972,14,0,GREEN,false,14,0,3,3,GOBLIN:1;GOLEM:4;SPIDER:10,GOBLIN:1;GOLEM:4;SPIDER:10
2064,0,0,true,,,curriculum_pass,utility,3,75,99320105961,99320091972,58,0,,false,5,15,3,3,GOBLIN:1;GOLEM:4;SPIDER:10,GOBLIN:1;GOLEM:4;SPIDER:10
2065,0,0,true,,,utility,curriculum_pass,3,75,99320113880,99320099957,61,0,,false,17,17,2,2,GARGOYLE:4;SPIDER:15,GARGOYLE:4;SPIDER:15
2066,0,0,true,,,curriculum_pass,utility,3,75,99320113880,99320099957,41,0,GREEN,false,11,0,2,2,GARGOYLE:4;SPIDER:15,GARGOYLE:4;SPIDER:15
2067,0,0,true,,,utility,curriculum_pass,3,75,99328017042,99328039999,42,0,GREEN,false,12,0,3,3,GARGOYLE:6;GOBLIN:3;SCORPION_RIDER:3,GARGOYLE:6;GOBLIN:3;SCORPION_RIDER:3
2068,0,0,true,,,curriculum_pass,utility,3,75,99328017042,99328039999,60,0,,false,9,11,3,3,GARGOYLE:6;GOBLIN:3;SCORPION_RIDER:3,GARGOYLE:6;GOBLIN:3;SCORPION_RIDER:3
2069,0,0,true,,,utility,curriculum_pass,3,75,99328024961,99328048940,8,0,GREEN,false,5,0,2,2,ASSASSIN:7;SCORPION_RIDER:3,ASSASSIN:7;SCORPION_RIDER:3
2070,0,0,true,,,curriculum_pass,utility,3,75,99328024961,99328048940,7,0,BLUE,false,0,3,2,2,ASSASSIN:7;SCORPION_RIDER:3,ASSASSIN:7;SCORPION_RIDER:3
2071,0,0,true,,,utility,curriculum_pass,3,75,99328032880,99328024285,48,0,,false,16,16,3,3,GARGOYLE:5;GOBLIN:10;GOLEM:1,GARGOYLE:5;GOBLIN:10;GOLEM:1
2072,0,0,true,,,curriculum_pass,utility,3,75,99328032880,99328024285,48,0,,false,16,16,3,3,GARGOYLE:5;GOBLIN:10;GOLEM:1,GARGOYLE:5;GOBLIN:10;GOLEM:1
2073,0,0,true,,,utility,curriculum_pass,3,75,99335936042,99335980679,59,0,,false,17,16,3,3,ARCHER:8;SPIDER:9,ARCHER:8;SPIDER:9
2074,0,0,true,,,curriculum_pass,utility,3,75,99335936042,99335980679,23,0,BLUE,false,0,9,3,3,ARCHER:8;SPIDER:9,ARCHER:8;SPIDER:9
2075,0,0,true,,,utility,curriculum_pass,3,75,99335943961,99335989684,48,0,,false,18,18,3,3,GOBLIN:14;SCORPION_RIDER:4,GOBLIN:14;SCORPION_RIDER:4
2076,0,0,true,,,curriculum_pass,utility,3,75,99335943961,99335989684,48,0,,false,18,18,3,3,GOBLIN:14;SCORPION_RIDER:4,GOBLIN:14;SCORPION_RIDER:4
2077,0,0,true,,,utility,curriculum_pass,3,75,99335951880,99335964837,53,0,,false,11,9,3,3,GOLEM:2;MAGE:7;SPIDER:2,GOLEM:2;MAGE:7;SPIDER:2
2078,0,0,true,,,curriculum_pass,utility,3,75,99335951880,99335964837,23,0,BLUE,false,0,6,3,3,GOLEM:2;MAGE:7;SPIDER:2,GOLEM:2;MAGE:7;SPIDER:2
2079,0,0,true,,,utility,curriculum_pass,3,75,99343855042,99343807343,48,0,,false,19,19,3,3,ARCHER:6;GOBLIN:11;SPIDER:2,ARCHER:6;GOBLIN:11;SPIDER:2
2080,0,0,true,,,curriculum_pass,utility,3,75,99343855042,99343807343,72,0,,false,1,13,3,3,ARCHER:6;GOBLIN:11;SPIDER:2,ARCHER:6;GOBLIN:11;SPIDER:2
2081,0,0,true,,,utility,curriculum_pass,3,75,99343862961,99343913500,59,0,,false,14,13,3,3,ASSASSIN:1;GOLEM:4;SPIDER:9,ASSASSIN:1;GOLEM:4;SPIDER:9
2082,0,0,true,,,curriculum_pass,utility,3,75,99343862961,99343913500,25,0,BLUE,false,0,8,3,3,ASSASSIN:1;GOLEM:4;SPIDER:9,ASSASSIN:1;GOLEM:4;SPIDER:9
2083,0,0,true,,,utility,curriculum_pass,3,75,99343870880,99343922445,48,0,,false,10,10,3,3,SCORPION_RIDER:9;SPIDER:1,SCORPION_RIDER:9;SPIDER:1
2084,0,0,true,,,curriculum_pass,utility,3,75,99343870880,99343922445,48,0,,false,10,10,3,3,SCORPION_RIDER:9;SPIDER:1,SCORPION_RIDER:9;SPIDER:1
2085,0,0,true,,,utility,curriculum_pass,3,75,99351774042,99351731703,8,0,GREEN,false,11,0,3,3,MAGE:8;SCORPION_RIDER:2;SPIDER:1,MAGE:8;SCORPION_RIDER:2;SPIDER:1
2086,0,0,true,,,curriculum_pass,utility,3,75,99351774042,99351731703,88,0,,false,3,8,3,3,MAGE:8;SCORPION_RIDER:2;SPIDER:1,MAGE:8;SCORPION_RIDER:2;SPIDER:1
2087,0,0,true,,,utility,curriculum_pass,3,75,99351781961,99351739620,61,0,,false,12,11,3,3,ARCHER:8;MAGE:3;SPIDER:2,ARCHER:8;MAGE:3;SPIDER:2
2088,0,0,true,,,curriculum_pass,utility,3,75,99351781961,99351739620,13,0,BLUE,false,0,7,3,3,ARCHER:8;MAGE:3;SPIDER:2,ARCHER:8;MAGE:3;SPIDER:2
2089,0,0,true,,,utility,curriculum_pass,3,75,99351789880,99351846805,32,0,GREEN,false,4,0,2,2,GARGOYLE:5;SPIDER:13,GARGOYLE:5;SPIDER:13
2090,0,0,true,,,curriculum_pass,utility,3,75,99351789880,99351846805,48,0,,false,18,18,2,2,GARGOYLE:5;SPIDER:13,GARGOYLE:5;SPIDER:13
2091,0,0,true,,,utility,curriculum_pass,3,75,99359693042,99359671903,18,0,GREEN,false,3,0,3,3,GOBLIN:1;SCORPION_RIDER:9,GOBLIN:1;SCORPION_RIDER:9
2092,0,0,true,,,curriculum_pass,utility,3,75,99359693042,99359671903,21,0,BLUE,false,0,5,3,3,GOBLIN:1;SCORPION_RIDER:9,GOBLIN:1;SCORPION_RIDER:9
2093,0,0,true,,,utility,curriculum_pass,3,75,99359700961,99359680844,14,0,GREEN,false,3,0,2,2,GOBLIN:11;SPIDER:14,GOBLIN:11;SPIDER:14
2094,0,0,true,,,curriculum_pass,utility,3,75,99359700961,99359680844,48,0,,false,25,25,2,2,GOBLIN:11;SPIDER:14,GOBLIN:11;SPIDER:14
2095,0,0,true,,,utility,curriculum_pass,3,75,99359708880,99359656061,48,0,,false,12,12,3,3,GOBLIN:3;GOLEM:1;MAGE:8,GOBLIN:3;GOLEM:1;MAGE:8
2096,0,0,true,,,curriculum_pass,utility,3,75,99359708880,99359656061,15,0,BLUE,false,0,10,3,3,GOBLIN:3;GOLEM:1;MAGE:8,GOBLIN:3;GOLEM:1;MAGE:8
2097,0,0,true,,,utility,curriculum_pass,3,75,99367612042,99367628839,59,0,,false,8,12,3,3,GARGOYLE:6;SPIDER:11,GARGOYLE:6;SPIDER:11
2098,0,0,true,,,curriculum_pass,utility,3,75,99367612042,99367628839,48,0,,false,17,17,3,3,GARGOYLE:6;SPIDER:11,GARGOYLE:6;SPIDER:11
2099,0,0,true,,,utility,curriculum_pass,3,75,99367619961,99367605204,51,0,,false,15,14,4,4,ARCHER:8;ASSASSIN:1;GOBLIN:1;SPIDER:5,ARCHER:8;ASSASSIN:1;GOBLIN:1;SPIDER:5
2100,0,0,true,,,curriculum_pass,utility,3,75,99367619961,99367605204,15,0,BLUE,false,0,8,4,4,ARCHER:8;ASSASSIN:1;GOBLIN:1;SPIDER:5,ARCHER:8;ASSASSIN:1;GOBLIN:1;SPIDER:5
2101,0,0,true,,,utility,curriculum_pass,3,75,99367627880,99367613125,63,0,,false,13,12,2,2,GOBLIN:12;SPIDER:13,GOBLIN:12;SPIDER:13
2102,0,0,true,,,curriculum_pass,utility,3,75,99367627880,99367613125,48,0,,false,25,25,2,2,GOBLIN:12;SPIDER:13,GOBLIN:12;SPIDER:13
2103,0,0,true,,,utility,curriculum_pass,3,75,99375531042,99375553167,8,0,GREEN,false,10,0,3,3,ARCHER:5;SCORPION_RIDER:5;SPIDER:1,ARCHER:5;SCORPION_RIDER:5;SPIDER:1
2104,0,0,true,,,curriculum_pass,utility,3,75,99375531042,99375553167,9,0,BLUE,false,0,10,3,3,ARCHER:5;SCORPION_RIDER:5;SPIDER:1,ARCHER:5;SCORPION_RIDER:5;SPIDER:1
2105,0,0,true,,,utility,curriculum_pass,3,75,99375538961,99375562172,14,0,GREEN,false,8,0,2,2,GOBLIN:11;SCORPION_RIDER:5,GOBLIN:11;SCORPION_RIDER:5
2106,0,0,true,,,curriculum_pass,utility,3,75,99375538961,99375562172,48,0,,false,16,16,2,2,GOBLIN:11;SCORPION_RIDER:5,GOBLIN:11;SCORPION_RIDER:5
2107,0,0,true,,,utility,curriculum_pass,3,75,99375546880,99375537325,57,0,,false,6,5,3,3,ASSASSIN:8;GOBLIN:6,ASSASSIN:8;GOBLIN:6
2108,0,0,true,,,curriculum_pass,utility,3,75,99375546880,99375537325,58,0,,false,5,9,3,3,ASSASSIN:8;GOBLIN:6,ASSASSIN:8;GOBLIN:6
2109,0,0,true,,,utility,curriculum_pass,3,75,99383450042,99383494423,61,0,,false,8,5,3,3,GARGOYLE:5;MAGE:1;SCORPION_RIDER:4,GARGOYLE:5;MAGE:1;SCORPION_RIDER:4
2110,0,0,true,,,curriculum_pass,utility,3,75,99383450042,99383494423,58,0,,false,8,9,3,3,GARGOYLE:5;MAGE:1;SCORPION_RIDER:4,GARGOYLE:5;MAGE:1;SCORPION_RIDER:4
2111,0,0,true,,,utility,curriculum_pass,3,75,99383457961,99383502340,48,0,,false,9,9,3,3,GOLEM:4;SCORPION_RIDER:4;SPIDER:1,GOLEM:4;SCORPION_RIDER:4;SPIDER:1
2112,0,0,true,,,curriculum_pass,utility,3,75,99383457961,99383502340,48,0,,false,9,9,3,3,GOLEM:4;SCORPION_RIDER:4;SPIDER:1,GOLEM:4;SCORPION_RIDER:4;SPIDER:1
2113,0,0,true,,,utility,curriculum_pass,3,75,99383465880,99383478581,48,0,,false,9,9,2,2,GARGOYLE:5;GOLEM:4,GARGOYLE:5;GOLEM:4
2114,0,0,true,,,curriculum_pass,utility,3,75,99383465880,99383478581,25,0,BLUE,false,0,9,2,2,GARGOYLE:5;GOLEM:4,GARGOYLE:5;GOLEM:4
2115,0,0,true,,,utility,curriculum_pass,3,75,99391369042,99391320575,48,0,,false,12,12,3,3,ARCHER:7;GARGOYLE:4;GOBLIN:1,ARCHER:7;GARGOYLE:4;GOBLIN:1
2116,0,0,true,,,curriculum_pass,utility,3,75,99391369042,99391320575,43,0,BLUE,false,0,6,3,3,ARCHER:7;GARGOYLE:4;GOBLIN:1,ARCHER:7;GARGOYLE:4;GOBLIN:1
2117,0,0,true,,,utility,curriculum_pass,3,75,99391376961,99391426796,57,0,,false,19,16,3,3,ASSASSIN:4;GOBLIN:15,ASSASSIN:4;GOBLIN:15
2118,0,0,true,,,curriculum_pass,utility,3,75,99391376961,99391426796,56,0,,false,16,19,3,3,ASSASSIN:4;GOBLIN:15,ASSASSIN:4;GOBLIN:15
2119,0,0,true,,,utility,curriculum_pass,3,75,99391384880,99391435677,57,0,,false,11,5,3,3,ASSASSIN:7;SPIDER:8,ASSASSIN:7;SPIDER:8
2120,0,0,true,,,curriculum_pass,utility,3,75,99391384880,99391435677,11,0,BLUE,false,0,11,3,3,ASSASSIN:7;SPIDER:8,ASSASSIN:7;SPIDER:8
2121,0,0,true,,,utility,curriculum_pass,3,75,60516998042,60517041463,16,0,GREEN,false,5,0,2,2,GARGOYLE:5;SCORPION_RIDER:5,GARGOYLE:5;SCORPION_RIDER:5
2122,0,0,true,,,curriculum_pass,utility,3,75,60516998042,60517041463,19,0,BLUE,false,0,5,2,2,GARGOYLE:5;SCORPION_RIDER:5,GARGOYLE:5;SCORPION_RIDER:5
2123,0,0,true,,,utility,curriculum_pass,3,75,60524917042,60524867487,48,0,,false,20,20,3,3,GOBLIN:11;GOLEM:2;SPIDER:7,GOBLIN:11;GOLEM:2;SPIDER:7
2124,0,0,true,,,curriculum_pass,utility,3,75,60524917042,60524867487,144,0,,false,3,13,3,3,GOBLIN:11;GOLEM:2;SPIDER:7,GOBLIN:11;GOLEM:2;SPIDER:7
2125,0,0,true,,,utility,curriculum_pass,3,75,60532836042,60532791399,32,0,GREEN,false,9,0,3,3,GARGOYLE:2;GOLEM:1;MAGE:7,GARGOYLE:2;GOLEM:1;MAGE:7
2126,0,0,true,,,curriculum_pass,utility,3,75,60532836042,60532791399,17,0,BLUE,false,0,8,3,3,GARGOYLE:2;GOLEM:1;MAGE:7,GARGOYLE:2;GOLEM:1;MAGE:7
2127,0,0,true,,,utility,curriculum_pass,3,75,60540755042,60540732111,24,0,GREEN,false,13,0,4,4,GOBLIN:11;MAGE:6,GOBLIN:11;MAGE:6
2128,0,0,true,,,curriculum_pass,utility,3,75,60540755042,60540732111,48,0,,false,17,17,4,4,GOBLIN:11;MAGE:6,GOBLIN:11;MAGE:6
2129,0,0,true,,,utility,curriculum_pass,3,75,60548674042,60548689751,18,0,GREEN,false,7,0,3,3,GOBLIN:1;MAGE:8;SPIDER:5,GOBLIN:1;MAGE:8;SPIDER:5
2130,0,0,true,,,curriculum_pass,utility,3,75,60548674042,60548689751,11,0,BLUE,false,0,8,3,3,GOBLIN:1;MAGE:8;SPIDER:5,GOBLIN:1;MAGE:8;SPIDER:5
2131,0,0,true,,,utility,curriculum_pass,3,75,60556593042,60556613951,8,0,GREEN,false,11,0,2,2,ARCHER:7;SCORPION_RIDER:4,ARCHER:7;SCORPION_RIDER:4
2132,0,0,true,,,curriculum_pass,utility,3,75,60556593042,60556613951,56,0,,false,10,8,2,2,ARCHER:7;SCORPION_RIDER:4,ARCHER:7;SCORPION_RIDER:4
2133,0,0,true,,,utility,curriculum_pass,3,75,100111998042,100111942391,57,0,,false,13,7,3,3,ARCHER:11;SPIDER:3,ARCHER:11;SPIDER:3
2134,0,0,true,,,curriculum_pass,utility,3,75,100111998042,100111942391,13,0,BLUE,false,0,8,3,3,ARCHER:11;SPIDER:3,ARCHER:11;SPIDER:3
2135,0,0,true,,,utility,curriculum_pass,3,75,100112005961,100111951332,48,0,,false,11,11,3,3,ARCHER:4;GOLEM:4;SPIDER:3,ARCHER:4;GOLEM:4;SPIDER:3
2136,0,0,true,,,curriculum_pass,utility,3,75,100112005961,100111951332,48,0,,false,11,11,3,3,ARCHER:4;GOLEM:4;SPIDER:3,ARCHER:4;GOLEM:4;SPIDER:3
2137,0,0,true,,,utility,curriculum_pass,3,75,100112013880,100112057493,28,0,GREEN,false,9,0,3,3,GARGOYLE:6;GOLEM:3;SPIDER:1,GARGOYLE:6;GOLEM:3;SPIDER:1
2138,0,0,true,,,curriculum_pass,utility,3,75,100112013880,100112057493,79,0,BLUE,false,0,7,3,3,GARGOYLE:6;GOLEM:3;SPIDER:1,GARGOYLE:6;GOLEM:3;SPIDER:1
2139,0,0,true,,,utility,curriculum_pass,3,75,100119917042,100119899999,48,0,,false,11,11,3,3,GARGOYLE:3;SCORPION_RIDER:6;SPIDER:2,GARGOYLE:3;SCORPION_RIDER:6;SPIDER:2
2140,0,0,true,,,curriculum_pass,utility,3,75,100119917042,100119899999,48,0,,false,11,11,3,3,GARGOYLE:3;SCORPION_RIDER:6;SPIDER:2,GARGOYLE:3;SCORPION_RIDER:6;SPIDER:2
2141,0,0,true,,,utility,curriculum_pass,3,75,100119924961,100119875148,12,0,GREEN,false,10,0,3,3,MAGE:8;SCORPION_RIDER:2;SPIDER:1,MAGE:8;SCORPION_RIDER:2;SPIDER:1
2142,0,0,true,,,curriculum_pass,utility,3,75,100119924961,100119875148,17,0,BLUE,false,0,7,3,3,MAGE:8;SCORPION_RIDER:2;SPIDER:1,MAGE:8;SCORPION_RIDER:2;SPIDER:1
2143,0,0,true,,,utility,curriculum_pass,3,75,100119932880,100119884157,53,0,,false,12,8,3,3,ASSASSIN:8;GOBLIN:5;SPIDER:1,ASSASSIN:8;GOBLIN:5;SPIDER:1
2144,0,0,true,,,curriculum_pass,utility,3,75,100119932880,100119884157,11,0,BLUE,false,0,5,3,3,ASSASSIN:8;GOBLIN:5;SPIDER:1,ASSASSIN:8;GOBLIN:5;SPIDER:1
2145,0,0,true,,,utility,curriculum_pass,3,75,100127836042,100127824167,14,0,GREEN,false,2,0,3,3,ASSASSIN:4;GOBLIN:2;SCORPION_RIDER:5,ASSASSIN:4;GOBLIN:2;SCORPION_RIDER:5
2146,0,0,true,,,curriculum_pass,utility,3,75,100127836042,100127824167,60,0,,false,4,7,3,3,ASSASSIN:4;GOBLIN:2;SCORPION_RIDER:5,ASSASSIN:4;GOBLIN:2;SCORPION_RIDER:5
2147,0,0,true,,,utility,curriculum_pass,3,75,100127843961,100127832276,12,0,GREEN,false,11,0,3,3,ARCHER:8;GOBLIN:1;SPIDER:8,ARCHER:8;GOBLIN:1;SPIDER:8
2148,0,0,true,,,curriculum_pass,utility,3,75,100127843961,100127832276,48,0,,false,17,17,3,3,ARCHER:8;GOBLIN:1;SPIDER:8,ARCHER:8;GOBLIN:1;SPIDER:8
2149,0,0,true,,,utility,curriculum_pass,3,75,100127851880,100127808453,48,0,,false,9,9,2,2,GARGOYLE:5;GOLEM:4,GARGOYLE:5;GOLEM:4
2150,0,0,true,,,curriculum_pass,utility,3,75,100127851880,100127808453,48,0,,false,9,9,2,2,GARGOYLE:5;GOLEM:4,GARGOYLE:5;GOLEM:4
2151,0,0,true,,,utility,curriculum_pass,3,75,100135755042,100135764879,18,0,GREEN,false,6,0,3,3,ASSASSIN:4;GOLEM:4;SPIDER:2,ASSASSIN:4;GOLEM:4;SPIDER:2
2152,0,0,true,,,curriculum_pass,utility,3,75,100135755042,100135764879,201,0,,true,4,9,3,3,ASSASSIN:4;GOLEM:4;SPIDER:2,ASSASSIN:4;GOLEM:4;SPIDER:2
2153,0,0,true,,,utility,curriculum_pass,3,75,100135762961,100135772860,48,0,,false,18,18,2,2,GOLEM:3;SPIDER:15,GOLEM:3;SPIDER:15
2154,0,0,true,,,curriculum_pass,utility,3,75,100135762961,100135772860,48,0,,false,18,18,2,2,GOLEM:3;SPIDER:15,GOLEM:3;SPIDER:15
2155,0,0,true,,,utility,curriculum_pass,3,75,100135770880,100135749037,48,0,,false,9,9,3,3,GARGOYLE:5;GOLEM:4,GARGOYLE:5;GOLEM:4
2156,0,0,true,,,curriculum_pass,utility,3,75,100135770880,100135749037,48,0,,false,9,9,3,3,GARGOYLE:5;GOLEM:4,GARGOYLE:5;GOLEM:4
2157,0,0,true,,,utility,curriculum_pass,3,75,100143674042,100143721495,40,0,GREEN,false,6,0,3,3,GARGOYLE:6;GOBLIN:2;SPIDER:9,GARGOYLE:6;GOBLIN:2;SPIDER:9
2158,0,0,true,,,curriculum_pass,utility,3,75,100143674042,100143721495,80,0,,false,6,4,3,3,GARGOYLE:6;GOBLIN:2;SPIDER:9,GARGOYLE:6;GOBLIN:2;SPIDER:9
2159,0,0,true,,,utility,curriculum_pass,3,75,100143681961,100143697668,20,0,GREEN,false,2,0,2,2,ASSASSIN:5;GOLEM:4,ASSASSIN:5;GOLEM:4
2160,0,0,true,,,curriculum_pass,utility,3,75,100143681961,100143697668,21,0,GREEN,false,1,0,2,2,ASSASSIN:5;GOLEM:4,ASSASSIN:5;GOLEM:4
2161,0,0,true,,,utility,curriculum_pass,3,75,100143689880,100143705653,14,0,GREEN,false,9,0,3,3,GARGOYLE:2;MAGE:8;SPIDER:1,GARGOYLE:2;MAGE:8;SPIDER:1
2162,0,0,true,,,curriculum_pass,utility,3,75,100143689880,100143705653,15,0,BLUE,false,0,6,3,3,GARGOYLE:2;MAGE:8;SPIDER:1,GARGOYLE:2;MAGE:8;SPIDER:1
2163,0,0,true,,,utility,curriculum_pass,3,75,100151593042,100151645951,75,0,,false,1,4,3,3,GOBLIN:1;GOLEM:4;SCORPION_RIDER:4,GOBLIN:1;GOLEM:4;SCORPION_RIDER:4
2164,0,0,true,,,curriculum_pass,utility,3,75,100151593042,100151645951,27,0,BLUE,false,0,1,3,3,GOBLIN:1;GOLEM:4;SCORPION_RIDER:4,GOBLIN:1;GOLEM:4;SCORPION_RIDER:4
2165,0,0,true,,,utility,curriculum_pass,3,75,100151600961,100151654892,48,0,,false,8,8,3,3,GOBLIN:1;GOLEM:7,GOBLIN:1;GOLEM:7
2166,0,0,true,,,curriculum_pass,utility,3,75,100151600961,100151654892,33,0,GREEN,false,2,0,3,3,GOBLIN:1;GOLEM:7,GOBLIN:1;GOLEM:7
2167,0,0,true,,,utility,curriculum_pass,3,75,100151608880,100151629981,59,0,,false,8,7,3,3,ASSASSIN:4;GARGOYLE:6;SPIDER:1,ASSASSIN:4;GARGOYLE:6;SPIDER:1
2168,0,0,true,,,curriculum_pass,utility,3,75,100151608880,100151629981,37,0,BLUE,false,0,7,3,3,ASSASSIN:4;GARGOYLE:6;SPIDER:1,ASSASSIN:4;GARGOYLE:6;SPIDER:1
2169,0,0,true,,,utility,curriculum_pass,3,75,100159512042,100159456071,12,0,GREEN,false,3,0,2,2,ARCHER:4;MAGE:7,ARCHER:4;MAGE:7
2170,0,0,true,,,curriculum_pass,utility,3,75,100159512042,100159456071,48,0,,false,11,11,2,2,ARCHER:4;MAGE:7,ARCHER:4;MAGE:7
2171,0,0,true,,,utility,curriculum_pass,3,75,100159519961,100159464052,48,0,,false,11,11,3,3,GARGOYLE:2;GOBLIN:1;MAGE:8,GARGOYLE:2;GOBLIN:1;MAGE:8
2172,0,0,true,,,curriculum_pass,utility,3,75,100159519961,100159464052,56,0,,false,10,11,3,3,GARGOYLE:2;GOBLIN:1;MAGE:8,GARGOYLE:2;GOBLIN:1;MAGE:8
2173,0,0,true,,,utility,curriculum_pass,3,75,100159527880,100159571301,14,0,GREEN,false,5,0,3,3,GARGOYLE:1;GOLEM:1;MAGE:8,GARGOYLE:1;GOLEM:1;MAGE:8
2174,0,0,true,,,curriculum_pass,utility,3,75,100159527880,100159571301,13,0,BLUE,false,0,9,3,3,GARGOYLE:1;GOLEM:1;MAGE:8,GARGOYLE:1;GOLEM:1;MAGE:8
2175,0,0,true,,,utility,curriculum_pass,3,75,100167431042,100167413039,48,0,,false,13,13,3,3,GOLEM:1;MAGE:7;SPIDER:5,GOLEM:1;MAGE:7;SPIDER:5
2176,0,0,true,,,curriculum_pass,utility,3,75,100167431042,100167413039,19,0,BLUE,false,0,9,3,3,GOLEM:1;MAGE:7;SPIDER:5,GOLEM:1;MAGE:7;SPIDER:5
2177,0,0,true,,,utility,curriculum_pass,3,75,100167438961,100167388380,40,0,GREEN,false,11,0,3,3,GARGOYLE:6;GOBLIN:1;MAGE:4,GARGOYLE:6;GOBLIN:1;MAGE:4
2178,0,0,true,,,curriculum_pass,utility,3,75,100167438961,100167388380,48,0,,false,11,11,3,3,GARGOYLE:6;GOBLIN:1;MAGE:4,GARGOYLE:6;GOBLIN:1;MAGE:4
2179,0,0,true,,,utility,curriculum_pass,3,75,100167446880,100167397325,18,0,GREEN,false,8,0,3,3,ASSASSIN:7;SPIDER:8,ASSASSIN:7;SPIDER:8
2180,0,0,true,,,curriculum_pass,utility,3,75,100167446880,100167397325,9,0,BLUE,false,0,9,3,3,ASSASSIN:7;SPIDER:8,ASSASSIN:7;SPIDER:8
2181,0,0,true,,,utility,curriculum_pass,3,75,100175350042,100175337399,55,0,,false,3,2,2,2,ARCHER:3;ASSASSIN:8,ARCHER:3;ASSASSIN:8
2182,0,0,true,,,curriculum_pass,utility,3,75,100175350042,100175337399,54,0,,false,3,6,2,2,ARCHER:3;ASSASSIN:8,ARCHER:3;ASSASSIN:8
2183,0,0,true,,,utility,curriculum_pass,3,75,100175357961,100175345316,16,0,GREEN,false,13,0,3,3,ASSASSIN:1;GOBLIN:12;SPIDER:10,ASSASSIN:1;GOBLIN:12;SPIDER:10
2184,0,0,true,,,curriculum_pass,utility,3,75,100175357961,100175345316,54,0,,false,22,22,3,3,ASSASSIN:1;GOBLIN:12;SPIDER:10,ASSASSIN:1;GOBLIN:12;SPIDER:10
2185,0,0,true,,,utility,curriculum_pass,3,75,100175365880,100175321173,57,0,,false,14,13,3,3,MAGE:8;SPIDER:6,MAGE:8;SPIDER:6
2186,0,0,true,,,curriculum_pass,utility,3,75,100175365880,100175321173,17,0,BLUE,false,0,9,3,3,MAGE:8;SPIDER:6,MAGE:8;SPIDER:6
2187,0,0,true,,,utility,curriculum_pass,3,75,100183269042,100183277599,16,0,GREEN,false,3,0,3,3,GOBLIN:1;GOLEM:4;SCORPION_RIDER:4,GOBLIN:1;GOLEM:4;SCORPION_RIDER:4
2188,0,0,true,,,curriculum_pass,utility,3,75,100183269042,100183277599,23,0,BLUE,false,0,2,3,3,GOBLIN:1;GOLEM:4;SCORPION_RIDER:4,GOBLIN:1;GOLEM:4;SCORPION_RIDER:4
2189,0,0,true,,,utility,curriculum_pass,3,75,100183276961,100183286540,8,0,BLUE,false,0,5,2,2,ASSASSIN:8;GOBLIN:6,ASSASSIN:8;GOBLIN:6
2190,0,0,true,,,curriculum_pass,utility,3,75,100183276961,100183286540,11,0,GREEN,false,3,0,2,2,ASSASSIN:8;GOBLIN:6,ASSASSIN:8;GOBLIN:6
2191,0,0,true,,,utility,curriculum_pass,3,75,100183284880,100183261757,88,0,GREEN,false,7,0,4,4,ARCHER:4;ASSASSIN:1;GOLEM:4;SPIDER:1,ARCHER:4;ASSASSIN:1;GOLEM:4;SPIDER:1
2192,0,0,true,,,curriculum_pass,utility,3,75,100183284880,100183261757,19,0,BLUE,false,0,7,4,4,ARCHER:4;ASSASSIN:1;GOLEM:4;SPIDER:1,ARCHER:4;ASSASSIN:1;GOLEM:4;SPIDER:1
2193,0,0,true,,,utility,curriculum_pass,3,75,61308898042,61308884055,8,0,GREEN,false,10,0,3,3,ASSASSIN:3;MAGE:7;SPIDER:1,ASSASSIN:3;MAGE:7;SPIDER:1
2194,0,0,true,,,curriculum_pass,utility,3,75,61308898042,61308884055,7,0,BLUE,false,0,9,3,3,ASSASSIN:3;MAGE:7;SPIDER:1,ASSASSIN:3;MAGE:7;SPIDER:1
2195,0,0,true,,,utility,curriculum_pass,3,75,61316817042,61316841023,55,0,,false,7,6,3,3,ASSASSIN:10;GOBLIN:1,ASSASSIN:10;GOBLIN:1
2196,0,0,true,,,curriculum_pass,utility,3,75,61316817042,61316841023,11,0,GREEN,false,2,0,3,3,ASSASSIN:10;GOBLIN:1,ASSASSIN:10;GOBLIN:1
2197,0,0,true,,,utility,curriculum_pass,3,75,61324736042,61324781703,48,0,,false,17,17,4,4,ARCHER:8;GOBLIN:9,ARCHER:8;GOBLIN:9
2198,0,0,true,,,curriculum_pass,utility,3,75,61324736042,61324781703,11,0,BLUE,false,0,15,4,4,ARCHER:8;GOBLIN:9,ARCHER:8;GOBLIN:9
2199,0,0,true,,,utility,curriculum_pass,3,75,61332655042,61332706671,48,0,,false,25,25,3,3,SPIDER:25,SPIDER:25
2200,0,0,true,,,curriculum_pass,utility,3,75,61332655042,61332706671,48,0,,false,25,25,3,3,SPIDER:25,SPIDER:25
2201,0,0,true,,,utility,curriculum_pass,3,75,61340574042,61340532727,67,0,,false,7,4,3,3,GOLEM:4;SCORPION_RIDER:4;SPIDER:1,GOLEM:4;SCORPION_RIDER:4;SPIDER:1
2202,0,0,true,,,curriculum_pass,utility,3,75,61340574042,61340532727,21,0,BLUE,false,0,5,3,3,GOLEM:4;SCORPION_RIDER:4;SPIDER:1,GOLEM:4;SCORPION_RIDER:4;SPIDER:1
2203,0,0,true,,,utility,curriculum_pass,3,75,61348493042,61348472927,61,0,,false,12,10,3,3,GOBLIN:25,GOBLIN:25
2204,0,0,true,,,curriculum_pass,utility,3,75,61348493042,61348472927,76,0,,false,6,4,3,3,GOBLIN:25,GOBLIN:25
2205,0,0,true,,,utility,curriculum_pass,3,75,100903898042,100903916823,48,0,,false,22,22,4,4,GOBLIN:20;GOLEM:1;SPIDER:1,GOBLIN:20;GOLEM:1;SPIDER:1
2206,0,0,true,,,curriculum_pass,utility,3,75,100903898042,100903916823,31,0,BLUE,false,0,3,4,4,GOBLIN:20;GOLEM:1;SPIDER:1,GOBLIN:20;GOLEM:1;SPIDER:1
2207,0,0,true,,,utility,curriculum_pass,3,75,100903905961,100903924740,63,0,,false,4,5,3,3,GOBLIN:1;GOLEM:4;SCORPION_RIDER:4,GOBLIN:1;GOLEM:4;SCORPION_RIDER:4
2208,0,0,true,,,curriculum_pass,utility,3,75,100903905961,100903924740,80,0,,false,1,2,3,3,GOBLIN:1;GOLEM:4;SCORPION_RIDER:4,GOBLIN:1;GOLEM:4;SCORPION_RIDER:4
2209,0,0,true,,,utility,curriculum_pass,3,75,100903913880,100903900981,72,0,GREEN,false,5,0,3,3,GARGOYLE:5;SCORPION_RIDER:4;SPIDER:2,GARGOYLE:5;SCORPION_RIDER:4;SPIDER:2
2210,0,0,true,,,curriculum_pass,utility,3,75,100903913880,100903900981,23,0,BLUE,false,0,9,3,3,GARGOYLE:5;SCORPION_RIDER:4;SPIDER:2,GARGOYLE:5;SCORPION_RIDER:4;SPIDER:2
2211,0,0,true,,,utility,curriculum_pass,3,75,100911817042,100911874047,61,0,,false,9,9,3,3,ARCHER:9;MAGE:3,ARCHER:9;MAGE:3
2212,0,0,true,,,curriculum_pass,utility,3,75,100911817042,100911874047,56,0,,false,11,12,3,3,ARCHER:9;MAGE:3,ARCHER:9;MAGE:3
2213,0,0,true,,,utility,curriculum_pass,3,75,100911824961,100911849196,26,0,GREEN,false,5,0,3,3,ASSASSIN:5;GARGOYLE:5;SPIDER:1,ASSASSIN:5;GARGOYLE:5;SPIDER:1
2214,0,0,true,,,curriculum_pass,utility,3,75,100911824961,100911849196,33,0,BLUE,false,0,9,3,3,ASSASSIN:5;GARGOYLE:5;SPIDER:1,ASSASSIN:5;GARGOYLE:5;SPIDER:1
2215,0,0,true,,,utility,curriculum_pass,3,75,100911832880,100911841693,14,0,GREEN,false,8,0,3,3,ARCHER:9;GARGOYLE:3,ARCHER:9;GARGOYLE:3
2216,0,0,true,,,curriculum_pass,utility,3,75,100911832880,100911841693,48,0,,false,12,12,3,3,ARCHER:9;GARGOYLE:3,ARCHER:9;GARGOYLE:3
2217,0,0,true,,,utility,curriculum_pass,3,75,100919736042,100919683143,59,0,,false,16,5,2,2,ASSASSIN:5;SPIDER:13,ASSASSIN:5;SPIDER:13
2218,0,0,true,,,curriculum_pass,utility,3,75,100919736042,100919683143,60,0,,false,5,16,2,2,ASSASSIN:5;SPIDER:13,ASSASSIN:5;SPIDER:13
2219,0,0,true,,,utility,curriculum_pass,3,75,100919743961,100919790452,8,0,GREEN,false,6,0,3,3,ARCHER:7;ASSASSIN:4;SPIDER:1,ARCHER:7;ASSASSIN:4;SPIDER:1
2220,0,0,true,,,curriculum_pass,utility,3,75,100919743961,100919790452,11,0,BLUE,false,0,7,3,3,ARCHER:7;ASSASSIN:4;SPIDER:1,ARCHER:7;ASSASSIN:4;SPIDER:1
2221,0,0,true,,,utility,curriculum_pass,3,75,100919751880,100919798373,59,0,,false,11,12,3,3,ASSASSIN:6;GOBLIN:11,ASSASSIN:6;GOBLIN:11
2222,0,0,true,,,curriculum_pass,utility,3,75,100919751880,100919798373,13,0,BLUE,false,0,5,3,3,ASSASSIN:6;GOBLIN:11,ASSASSIN:6;GOBLIN:11
2223,0,0,true,,,utility,curriculum_pass,3,75,100927655042,100927607343,8,0,GREEN,false,7,0,3,3,ASSASSIN:8;GOLEM:1;SPIDER:3,ASSASSIN:8;GOLEM:1;SPIDER:3
2224,0,0,true,,,curriculum_pass,utility,3,75,100927655042,100927607343,9,0,BLUE,false,0,9,3,3,ASSASSIN:8;GOLEM:1;SPIDER:3,ASSASSIN:8;GOLEM:1;SPIDER:3
2225,0,0,true,,,utility,curriculum_pass,3,75,100927662961,100927616476,20,0,GREEN,false,15,0,3,3,ARCHER:1;GARGOYLE:5;GOBLIN:11,ARCHER:1;GARGOYLE:5;GOBLIN:11
2226,0,0,true,,,curriculum_pass,utility,3,75,100927662961,100927616476,54,0,,false,16,17,3,3,ARCHER:1;GARGOYLE:5;GOBLIN:11,ARCHER:1;GARGOYLE:5;GOBLIN:11
2227,0,0,true,,,utility,curriculum_pass,3,75,100927670880,100927722701,10,0,GREEN,false,2,0,3,3,ASSASSIN:3;GOBLIN:2;SCORPION_RIDER:6,ASSASSIN:3;GOBLIN:2;SCORPION_RIDER:6
2228,0,0,true,,,curriculum_pass,utility,3,75,100927670880,100927722701,17,0,BLUE,false,0,1,3,3,ASSASSIN:3;GOBLIN:2;SCORPION_RIDER:6,ASSASSIN:3;GOBLIN:2;SCORPION_RIDER:6
2229,0,0,true,,,utility,curriculum_pass,3,75,162466204042,162466191143,71,0,,false,5,3,3,3,ARCHER:7;GARGOYLE:4;GOBLIN:1,ARCHER:7;GARGOYLE:4;GOBLIN:1
2230,0,0,true,,,curriculum_pass,utility,3,75,162466204042,162466191143,21,0,BLUE,false,0,8,3,3,ARCHER:7;GARGOYLE:4;GOBLIN:1,ARCHER:7;GARGOYLE:4;GOBLIN:1
2231,0,0,true,,,utility,curriculum_pass,3,75,162466211961,162466199252,184,0,GREEN,false,8,0,4,4,ARCHER:4;GARGOYLE:6;GOBLIN:3,ARCHER:4;GARGOYLE:6;GOBLIN:3
2232,0,0,true,,,curriculum_pass,utility,3,75,162466211961,162466199252,45,0,BLUE,false,0,13,4,4,ARCHER:4;GARGOYLE:6;GOBLIN:3,ARCHER:4;GARGOYLE:6;GOBLIN:3
2233,0,0,true,,,utility,curriculum_pass,3,75,162466219880,162466175429,48,0,,false,20,20,3,3,SCORPION_RIDER:3;SPIDER:17,SCORPION_RIDER:3;SPIDER:17
2234,0,0,true,,,curriculum_pass,utility,3,75,162466219880,162466175429,48,0,,false,20,20,3,3,SCORPION_RIDER:3;SPIDER:17,SCORPION_RIDER:3;SPIDER:17
2235,0,0,true,,,utility,curriculum_pass,3,75,162466227799,162466183418,57,0,,false,17,15,3,3,GOBLIN:15;GOLEM:3,GOBLIN:15;GOLEM:3
2236,0,0,true,,,curriculum_pass,utility,3,75,162466227799,162466183418,86,0,,false,1,2,3,3,GOBLIN:15;GOLEM:3,GOBLIN:15;GOLEM:3
2237,0,0,true,,,utility,curriculum_pass,3,75,100935574042,100935564471,48,0,,false,20,20,2,2,ARCHER:5;SPIDER:15,ARCHER:5;SPIDER:15
2238,0,0,true,,,curriculum_pass,utility,3,75,100935574042,100935564471,13,0,BLUE,false,0,19,2,2,ARCHER:5;SPIDER:15,ARCHER:5;SPIDER:15
2239,0,0,true,,,utility,curriculum_pass,3,75,100935581961,100935540644,48,0,,false,17,17,3,3,ARCHER:8;GOBLIN:7;SPIDER:2,ARCHER:8;GOBLIN:7;SPIDER:2
2240,0,0,true,,,curriculum_pass,utility,3,75,100935581961,100935540644,62,0,,false,6,9,3,3,ARCHER:8;GOBLIN:7;SPIDER:2,ARCHER:8;GOBLIN:7;SPIDER:2
2241,0,0,true,,,utility,curriculum_pass,3,75,100935589880,100935532885,48,0,,false,13,13,3,3,ARCHER:8;GARGOYLE:3;GOBLIN:2,ARCHER:8;GARGOYLE:3;GOBLIN:2
2242,0,0,true,,,curriculum_pass,utility,3,75,100935589880,100935532885,15,0,BLUE,false,0,10,3,3,ARCHER:8;GARGOYLE:3;GOBLIN:2,ARCHER:8;GARGOYLE:3;GOBLIN:2
2243,0,0,true,,,utility,curriculum_pass,3,75,100943493042,100943505695,170,0,GREEN,false,7,0,3,3,ARCHER:7;GARGOYLE:4;GOBLIN:1,ARCHER:7;GARGOYLE:4;GOBLIN:1
2244,0,0,true,,,curriculum_pass,utility,3,75,100943493042,100943505695,48,0,,false,12,12,3,3,ARCHER:7;GARGOYLE:4;GOBLIN:1,ARCHER:7;GARGOYLE:4;GOBLIN:1
2245,0,0,true,,,utility,curriculum_pass,3,75,100943500961,100943480844,4,0,GREEN,false,7,0,3,3,ASSASSIN:8;MAGE:2;SPIDER:1,ASSASSIN:8;MAGE:2;SPIDER:1
2246,0,0,true,,,curriculum_pass,utility,3,75,100943500961,100943480844,7,0,BLUE,false,0,10,3,3,ASSASSIN:8;MAGE:2;SPIDER:1,ASSASSIN:8;MAGE:2;SPIDER:1
2247,0,0,true,,,utility,curriculum_pass,3,75,100943508880,100943489853,16,0,GREEN,false,12,0,4,4,ARCHER:5;ASSASSIN:1;GARGOYLE:5;GOBLIN:1,ARCHER:5;ASSASSIN:1;GARGOYLE:5;GOBLIN:1
2248,0,0,true,,,curriculum_pass,utility,3,75,100943508880,100943489853,37,0,BLUE,false,0,6,4,4,ARCHER:5;ASSASSIN:1;GARGOYLE:5;GOBLIN:1,ARCHER:5;ASSASSIN:1;GARGOYLE:5;GOBLIN:1
2249,0,0,true,,,utility,curriculum_pass,3,75,162482042042,162482088471,48,0,,false,11,11,4,4,GARGOYLE:5;MAGE:5;SPIDER:1,GARGOYLE:5;MAGE:5;SPIDER:1
2250,0,0,true,,,curriculum_pass,utility,3,75,162482042042,162482088471,70,0,,false,5,7,4,4,GARGOYLE:5;MAGE:5;SPIDER:1,GARGOYLE:5;MAGE:5;SPIDER:1
2251,0,0,true,,,utility,curriculum_pass,3,75,162482049961,162482064644,10,0,GREEN,false,7,0,2,2,ARCHER:3;MAGE:8,ARCHER:3;MAGE:8
2252,0,0,true,,,curriculum_pass,utility,3,75,162482049961,162482064644,48,0,,false,11,11,2,2,ARCHER:3;MAGE:8,ARCHER:3;MAGE:8
2253,0,0,true,,,utility,curriculum_pass,3,75,162482057880,162482072629,61,0,,false,9,2,2,2,ASSASSIN:7;SPIDER:8,ASSASSIN:7;SPIDER:8
2254,0,0,true,,,curriculum_pass,utility,3,75,162482057880,162482072629,11,0,BLUE,false,0,12,2,2,ASSASSIN:7;SPIDER:8,ASSASSIN:7;SPIDER:8
2255,0,0,true,,,utility,curriculum_pass,3,75,162482065799,162482048810,63,0,,false,8,2,2,2,ARCHER:7;SCORPION_RIDER:4,ARCHER:7;SCORPION_RIDER:4
2256,0,0,true,,,curriculum_pass,utility,3,75,162482065799,162482048810,9,0,BLUE,false,0,10,2,2,ARCHER:7;SCORPION_RIDER:4,ARCHER:7;SCORPION_RIDER:4
2257,0,0,true,,,utility,curriculum_pass,3,75,100951412042,100951430119,55,0,,false,8,7,4,4,ASSASSIN:4;GARGOYLE:6;GOBLIN:1,ASSASSIN:4;GARGOYLE:6;GOBLIN:1
2258,0,0,true,,,curriculum_pass,utility,3,75,100951412042,100951430119,90,0,,false,7,5,4,4,ASSASSIN:4;GARGOYLE:6;GOBLIN:1,ASSASSIN:4;GARGOYLE:6;GOBLIN:1
2259,0,0,true,,,utility,curriculum_pass,3,75,100951419961,100951437972,8,0,GREEN,false,18,0,3,3,ARCHER:5;GOBLIN:2;SPIDER:13,ARCHER:5;GOBLIN:2;SPIDER:13
2260,0,0,true,,,curriculum_pass,utility,3,75,100951419961,100951437972,11,0,BLUE,false,0,18,3,3,ARCHER:5;GOBLIN:2;SPIDER:13,ARCHER:5;GOBLIN:2;SPIDER:13
2261,0,0,true,,,utility,curriculum_pass,3,75,100951427880,100951414149,28,0,GREEN,false,5,0,3,3,ARCHER:8;GARGOYLE:1;GOLEM:2,ARCHER:8;GARGOYLE:1;GOLEM:2
2262,0,0,true,,,curriculum_pass,utility,3,75,100951427880,100951414149,17,0,BLUE,false,0,7,3,3,ARCHER:8;GARGOYLE:1;GOLEM:2,ARCHER:8;GARGOYLE:1;GOLEM:2
2263,0,0,true,,,utility,curriculum_pass,3,75,100959331042,100959386703,55,0,,false,11,10,4,4,GOLEM:6;SPIDER:5,GOLEM:6;SPIDER:5
2264,0,0,true,,,curriculum_pass,utility,3,75,100959331042,100959386703,72,0,,false,3,7,4,4,GOLEM:6;SPIDER:5,GOLEM:6;SPIDER:5
2265,0,0,true,,,utility,curriculum_pass,3,75,100959338961,100959362940,20,0,GREEN,false,14,0,4,4,GARGOYLE:4;GOBLIN:11;SCORPION_RIDER:1;SPIDER:2,GARGOYLE:4;GOBLIN:11;SCORPION_RIDER:1;SPIDER:2
2266,0,0,true,,,curriculum_pass,utility,3,75,100959338961,100959362940,110,0,,false,4,15,4,4,GARGOYLE:4;GOBLIN:11;SCORPION_RIDER:1;SPIDER:2,GARGOYLE:4;GOBLIN:11;SCORPION_RIDER:1;SPIDER:2
2267,0,0,true,,,utility,curriculum_pass,3,75,100959346880,100959370861,48,0,,false,25,25,3,3,GOBLIN:12;SPIDER:13,GOBLIN:12;SPIDER:13
2268,0,0,true,,,curriculum_pass,utility,3,75,100959346880,100959370861,15,0,BLUE,false,0,18,3,3,GOBLIN:12;SPIDER:13,GOBLIN:12;SPIDER:13
2269,0,0,true,,,utility,curriculum_pass,3,75,100967250042,100967196375,61,0,,false,14,5,3,3,GOBLIN:11;SCORPION_RIDER:5,GOBLIN:11;SCORPION_RIDER:5
2270,0,0,true,,,curriculum_pass,utility,3,75,100967250042,100967196375,13,0,BLUE,false,0,5,3,3,GOBLIN:11;SCORPION_RIDER:5,GOBLIN:11;SCORPION_RIDER:5
2271,0,0,true,,,utility,curriculum_pass,3,75,100967257961,100967303620,20,0,GREEN,false,7,0,3,3,GARGOYLE:3;MAGE:7;SPIDER:1,GARGOYLE:3;MAGE:7;SPIDER:1
2272,0,0,true,,,curriculum_pass,utility,3,75,100967257961,100967303620,48,0,,false,11,11,3,3,GARGOYLE:3;MAGE:7;SPIDER:1,GARGOYLE:3;MAGE:7;SPIDER:1
2273,0,0,true,,,utility,curriculum_pass,3,75,100967265880,100967311605,95,0,,false,2,3,3,3,GARGOYLE:6;SPIDER:11,GARGOYLE:6;SPIDER:11
2274,0,0,true,,,curriculum_pass,utility,3,75,100967265880,100967311605,48,0,,false,17,17,3,3,GARGOYLE:6;SPIDER:11,GARGOYLE:6;SPIDER:11
2275,0,0,true,,,utility,curriculum_pass,3,75,100975169042,100975120575,61,0,,false,8,7,3,3,ARCHER:7;ASSASSIN:4;GOBLIN:1,ARCHER:7;ASSASSIN:4;GOBLIN:1
2276,0,0,true,,,curriculum_pass,utility,3,75,100975169042,100975120575,13,0,BLUE,false,0,10,3,3,ARCHER:7;ASSASSIN:4;GOBLIN:1,ARCHER:7;ASSASSIN:4;GOBLIN:1
2277,0,0,true,,,utility,curriculum_pass,3,75,100975176961,100975129516,55,0,,false,15,14,3,3,GOBLIN:8;MAGE:7,GOBLIN:8;MAGE:7
2278,0,0,true,,,curriculum_pass,utility,3,75,100975176961,100975129516,19,0,BLUE,false,0,14,3,3,GOBLIN:8;MAGE:7,GOBLIN:8;MAGE:7
2279,0,0,true,,,utility,curriculum_pass,3,75,100975184880,100975236445,61,0,,false,4,5,2,2,GOLEM:4;MAGE:5,GOLEM:4;MAGE:5
2280,0,0,true,,,curriculum_pass,utility,3,75,100975184880,100975236445,21,0,BLUE,false,0,4,2,2,GOLEM:4;MAGE:5,GOLEM:4;MAGE:5
2281,0,0,true,,,utility,curriculum_pass,3,75,62100798042,62100743415,24,0,GREEN,false,2,0,3,3,GOBLIN:1;GOLEM:4;SCORPION_RIDER:4,GOBLIN:1;GOLEM:4;SCORPION_RIDER:4
2282,0,0,true,,,curriculum_pass,utility,3,75,62100798042,62100743415,48,0,,false,9,9,3,3,GOBLIN:1;GOLEM:4;SCORPION_RIDER:4,GOBLIN:1;GOLEM:4;SCORPION_RIDER:4
2283,0,0,true,,,utility,curriculum_pass,3,75,62108717042,62108668255,63,0,,false,5,3,3,3,ARCHER:8;GARGOYLE:3;GOBLIN:2,ARCHER:8;GARGOYLE:3;GOBLIN:2
2284,0,0,true,,,curriculum_pass,utility,3,75,62108717042,62108668255,31,0,BLUE,false,0,12,3,3,ARCHER:8;GARGOYLE:3;GOBLIN:2,ARCHER:8;GARGOYLE:3;GOBLIN:2
2285,0,0,true,,,utility,curriculum_pass,3,75,62116636042,62116625191,8,0,GREEN,false,15,0,2,2,SCORPION_RIDER:5;SPIDER:11,SCORPION_RIDER:5;SPIDER:11
2286,0,0,true,,,curriculum_pass,utility,3,75,62116636042,62116625191,17,0,BLUE,false,0,11,2,2,SCORPION_RIDER:5;SPIDER:11,SCORPION_RIDER:5;SPIDER:11
2287,0,0,true,,,utility,curriculum_pass,3,75,62124555042,62124565903,55,0,,false,3,7,3,3,ASSASSIN:7;GOBLIN:2;GOLEM:2,ASSASSIN:7;GOBLIN:2;GOLEM:2
2288,0,0,true,,,curriculum_pass,utility,3,75,62124555042,62124565903,62,0,,false,7,3,3,3,ASSASSIN:7;GOBLIN:2;GOLEM:2,ASSASSIN:7;GOBLIN:2;GOLEM:2
2289,0,0,true,,,utility,curriculum_pass,3,75,62132474042,62132489751,48,0,,false,13,13,3,3,GARGOYLE:5;GOBLIN:4;MAGE:4,GARGOYLE:5;GOBLIN:4;MAGE:4
2290,0,0,true,,,curriculum_pass,utility,3,75,62132474042,62132489751,66,0,,false,7,9,3,3,GARGOYLE:5;GOBLIN:4;MAGE:4,GARGOYLE:5;GOBLIN:4;MAGE:4
2291,0,0,true,,,utility,curriculum_pass,3,75,62140393042,62140446975,20,0,GREEN,false,7,0,3,3,ASSASSIN:4;GOLEM:4;SPIDER:2,ASSASSIN:4;GOLEM:4;SPIDER:2
2292,0,0,true,,,curriculum_pass,utility,3,75,62140393042,62140446975,201,0,,true,4,10,3,3,ASSASSIN:4;GOLEM:4;SPIDER:2,ASSASSIN:4;GOLEM:4;SPIDER:2
2293,0,0,true,,,utility,curriculum_pass,3,75,101695798042,101695776183,18,0,BLUE,false,0,3,3,3,ASSASSIN:2;GOBLIN:20,ASSASSIN:2;GOBLIN:20
2294,0,0,true,,,curriculum_pass,utility,3,75,101695798042,101695776183,60,0,,false,20,22,3,3,ASSASSIN:2;GOBLIN:20,ASSASSIN:2;GOBLIN:20
2295,0,0,true,,,utility,curriculum_pass,3,75,101695805961,101695751332,160,0,GREEN,false,6,0,3,3,ARCHER:5;GOLEM:4;SPIDER:1,ARCHER:5;GOLEM:4;SPIDER:1
2296,0,0,true,,,curriculum_pass,utility,3,75,101695805961,101695751332,48,0,,false,10,10,3,3,ARCHER:5;GOLEM:4;SPIDER:1,ARCHER:5;GOLEM:4;SPIDER:1
2297,0,0,true,,,utility,curriculum_pass,3,75,101695813880,101695759957,10,0,GREEN,false,7,0,2,2,ARCHER:4;ASSASSIN:7,ARCHER:4;ASSASSIN:7
2298,0,0,true,,,curriculum_pass,utility,3,75,101695813880,101695759957,9,0,BLUE,false,0,9,2,2,ARCHER:4;ASSASSIN:7,ARCHER:4;ASSASSIN:7
2299,0,0,true,,,utility,curriculum_pass,3,75,101703717042,101703699999,8,0,GREEN,false,12,0,3,3,ARCHER:7;GOBLIN:2;SPIDER:9,ARCHER:7;GOBLIN:2;SPIDER:9
2300,0,0,true,,,curriculum_pass,utility,3,75,101703717042,101703699999,19,0,BLUE,false,0,12,3,3,ARCHER:7;GOBLIN:2;SPIDER:9,ARCHER:7;GOBLIN:2;SPIDER:9
2301,0,0,true,,,utility,curriculum_pass,3,75,101703724961,101703708940,16,0,GREEN,false,10,0,3,3,GOBLIN:5;MAGE:8;SPIDER:1,GOBLIN:5;MAGE:8;SPIDER:1
2302,0,0,true,,,curriculum_pass,utility,3,75,101703724961,101703708940,54,0,,false,9,14,3,3,GOBLIN:5;MAGE:8;SPIDER:1,GOBLIN:5;MAGE:8;SPIDER:1
2303,0,0,true,,,utility,curriculum_pass,3,75,101703732880,101703684157,34,0,GREEN,false,10,0,3,3,ASSASSIN:7;GOLEM:2;SPIDER:2,ASSASSIN:7;GOLEM:2;SPIDER:2
2304,0,0,true,,,curriculum_pass,utility,3,75,101703732880,101703684157,15,0,BLUE,false,0,4,3,3,ASSASSIN:7;GOLEM:2;SPIDER:2,ASSASSIN:7;GOLEM:2;SPIDER:2
2305,0,0,true,,,utility,curriculum_pass,3,75,163242266042,163242283799,48,0,,false,15,15,2,2,GOBLIN:9;SCORPION_RIDER:6,GOBLIN:9;SCORPION_RIDER:6
2306,0,0,true,,,curriculum_pass,utility,3,75,163242266042,163242283799,23,0,BLUE,false,0,2,2,2,GOBLIN:9;SCORPION_RIDER:6,GOBLIN:9;SCORPION_RIDER:6
2307,0,0,true,,,utility,curriculum_pass,3,75,163242273961,163242291716,12,0,GREEN,false,13,0,3,3,ASSASSIN:5;SPIDER:13,ASSASSIN:5;SPIDER:13
2308,0,0,true,,,curriculum_pass,utility,3,75,163242273961,163242291716,13,0,BLUE,false,0,11,3,3,ASSASSIN:5;SPIDER:13,ASSASSIN:5;SPIDER:13
2309,0,0,true,,,utility,curriculum_pass,3,75,163242281880,163242267957,48,0,,false,15,15,3,3,GOBLIN:2;GOLEM:4;SPIDER:9,GOBLIN:2;GOLEM:4;SPIDER:9
2310,0,0,true,,,curriculum_pass,utility,3,75,163242281880,163242267957,48,0,,false,15,15,3,3,GOBLIN:2;GOLEM:4;SPIDER:9,GOBLIN:2;GOLEM:4;SPIDER:9
2311,0,0,true,,,utility,curriculum_pass,3,75,163242289799,163242275882,48,0,,false,25,25,3,3,GOBLIN:9;SPIDER:16,GOBLIN:9;SPIDER:16
2312,0,0,true,,,curriculum_pass,utility,3,75,163242289799,163242275882,48,0,,false,25,25,3,3,GOBLIN:9;SPIDER:16,GOBLIN:9;SPIDER:16
2313,0,0,true,,,utility,curriculum_pass,3,75,101711636042,101711657191,8,0,GREEN,false,10,0,2,2,MAGE:7;SCORPION_RIDER:3,MAGE:7;SCORPION_RIDER:3
2314,0,0,true,,,curriculum_pass,utility,3,75,101711636042,101711657191,9,0,BLUE,false,0,10,2,2,MAGE:7;SCORPION_RIDER:3,MAGE:7;SCORPION_RIDER:3
2315,0,0,true,,,utility,curriculum_pass,3,75,101711643961,101711633300,48,0,,false,11,11,3,3,GARGOYLE:5;MAGE:5;SPIDER:1,GARGOYLE:5;MAGE:5;SPIDER:1
2316,0,0,true,,,curriculum_pass,utility,3,75,101711643961,101711633300,90,0,,false,4,7,3,3,GARGOYLE:5;MAGE:5;SPIDER:1,GARGOYLE:5;MAGE:5;SPIDER:1
2317,0,0,true,,,utility,curriculum_pass,3,75,101711651880,101711641221,12,0,GREEN,false,6,0,4,4,ASSASSIN:5;GOBLIN:10;MAGE:1;SPIDER:1,ASSASSIN:5;GOBLIN:10;MAGE:1;SPIDER:1
2318,0,0,true,,,curriculum_pass,utility,3,75,101711651880,101711641221,11,0,BLUE,false,0,8,4,4,ASSASSIN:5;GOBLIN:10;MAGE:1;SPIDER:1,ASSASSIN:5;GOBLIN:10;MAGE:1;SPIDER:1
2319,0,0,true,,,utility,curriculum_pass,3,75,101719555042,101719598415,8,0,GREEN,false,10,0,2,2,MAGE:7;SCORPION_RIDER:3,MAGE:7;SCORPION_RIDER:3
2320,0,0,true,,,curriculum_pass,utility,3,75,101719555042,101719598415,62,0,,false,2,8,2,2,MAGE:7;SCORPION_RIDER:3,MAGE:7;SCORPION_RIDER:3
2321,0,0,true,,,utility,curriculum_pass,3,75,101719562961,101719573628,12,0,GREEN,false,4,0,3,3,ASSASSIN:5;SCORPION_RIDER:5,ASSASSIN:5;SCORPION_RIDER:5
2322,0,0,true,,,curriculum_pass,utility,3,75,101719562961,101719573628,15,0,BLUE,false,0,3,3,3,ASSASSIN:5;SCORPION_RIDER:5,ASSASSIN:5;SCORPION_RIDER:5
2323,0,0,true,,,utility,curriculum_pass,3,75,101719570880,101719582573,48,0,,false,21,21,3,3,GARGOYLE:3;GOBLIN:2;SPIDER:16,GARGOYLE:3;GOBLIN:2;SPIDER:16
2324,0,0,true,,,curriculum_pass,utility,3,75,101719570880,101719582573,56,0,,false,21,21,3,3,GARGOYLE:3;GOBLIN:2;SPIDER:16,GARGOYLE:3;GOBLIN:2;SPIDER:16
2325,0,0,true,,,utility,curriculum_pass,3,75,101727474042,101727522775,8,0,GREEN,false,15,0,2,2,ARCHER:8;GOBLIN:9,ARCHER:8;GOBLIN:9
2326,0,0,true,,,curriculum_pass,utility,3,75,101727474042,101727522775,9,0,BLUE,false,0,16,2,2,ARCHER:8;GOBLIN:9,ARCHER:8;GOBLIN:9
2327,0,0,true,,,utility,curriculum_pass,3,75,101727481961,101727530692,48,0,,false,11,11,3,3,GARGOYLE:10;GOBLIN:1,GARGOYLE:10;GOBLIN:1
2328,0,0,true,,,curriculum_pass,utility,3,75,101727481961,101727530692,49,0,BLUE,false,0,10,3,3,GARGOYLE:10;GOBLIN:1,GARGOYLE:10;GOBLIN:1
2329,0,0,true,,,utility,curriculum_pass,3,75,101727489880,101727506933,48,0,,false,25,25,3,3,GOBLIN:9;SPIDER:16,GOBLIN:9;SPIDER:16
2330,0,0,true,,,curriculum_pass,utility,3,75,101727489880,101727506933,48,0,,false,25,25,3,3,GOBLIN:9;SPIDER:16,GOBLIN:9;SPIDER:16
2331,0,0,true,,,utility,curriculum_pass,3,75,101735393042,101735348671,14,0,GREEN,false,9,0,3,3,ARCHER:9;GARGOYLE:3,ARCHER:9;GARGOYLE:3
2332,0,0,true,,,curriculum_pass,utility,3,75,101735393042,101735348671,15,0,BLUE,false,0,7,3,3,ARCHER:9;GARGOYLE:3,ARCHER:9;GARGOYLE:3
2333,0,0,true,,,utility,curriculum_pass,3,75,101735400961,101735454892,67,0,,false,2,2,3,3,ASSASSIN:4;GOBLIN:2;GOLEM:4,ASSASSIN:4;GOBLIN:2;GOLEM:4
2334,0,0,true,,,curriculum_pass,utility,3,75,101735400961,101735454892,15,0,BLUE,false,0,5,3,3,ASSASSIN:4;GOBLIN:2;GOLEM:4,ASSASSIN:4;GOBLIN:2;GOLEM:4
2335,0,0,true,,,utility,curriculum_pass,3,75,101735408880,101735463517,10,0,GREEN,false,9,0,3,3,ASSASSIN:8;SPIDER:6,ASSASSIN:8;SPIDER:6
2336,0,0,true,,,curriculum_pass,utility,3,75,101735408880,101735463517,58,0,,false,3,8,3,3,ASSASSIN:8;SPIDER:6,ASSASSIN:8;SPIDER:6
2337,0,0,true,,,utility,curriculum_pass,3,75,101743312042,101743288839,48,0,,false,13,13,3,3,ARCHER:8;GOBLIN:2;MAGE:3,ARCHER:8;GOBLIN:2;MAGE:3
2338,0,0,true,,,curriculum_pass,utility,3,75,101743312042,101743288839,48,0,,false,13,13,3,3,ARCHER:8;GOBLIN:2;MAGE:3,ARCHER:8;GOBLIN:2;MAGE:3
2339,0,0,true,,,utility,curriculum_pass,3,75,101743319961,101743265076,52,0,GREEN,false,14,0,3,3,GOBLIN:12;SPIDER:13,GOBLIN:12;SPIDER:13
2340,0,0,true,,,curriculum_pass,utility,3,75,101743319961,101743265076,48,0,,false,25,25,3,3,GOBLIN:12;SPIDER:13,GOBLIN:12;SPIDER:13
2341,0,0,true,,,utility,curriculum_pass,3,75,101743327880,101743272997,71,0,,false,5,4,3,3,GOBLIN:14;SCORPION_RIDER:4,GOBLIN:14;SCORPION_RIDER:4
2342,0,0,true,,,curriculum_pass,utility,3,75,101743327880,101743272997,48,0,,false,18,18,3,3,GOBLIN:14;SCORPION_RIDER:4,GOBLIN:14;SCORPION_RIDER:4
2343,0,0,true,,,utility,curriculum_pass,3,75,101751231042,101751213295,16,0,GREEN,false,8,0,3,3,ARCHER:8;ASSASSIN:3;GOBLIN:2,ARCHER:8;ASSASSIN:3;GOBLIN:2
2344,0,0,true,,,curriculum_pass,utility,3,75,101751231042,101751213295,9,0,BLUE,false,0,8,3,3,ARCHER:8;ASSASSIN:3;GOBLIN:2,ARCHER:8;ASSASSIN:3;GOBLIN:2
2345,0,0,true,,,utility,curriculum_pass,3,75,101751238961,101751222172,48,0,,false,9,9,2,2,GOLEM:4;MAGE:5,GOLEM:4;MAGE:5
2346,0,0,true,,,curriculum_pass,utility,3,75,101751238961,101751222172,23,0,BLUE,false,0,4,2,2,GOLEM:4;MAGE:5,GOLEM:4;MAGE:5
2347,0,0,true,,,utility,curriculum_pass,3,75,101751246880,101751197325,48,0,,false,25,25,3,3,GOBLIN:2;SPIDER:23,GOBLIN:2;SPIDER:23
2348,0,0,true,,,curriculum_pass,utility,3,75,101751246880,101751197325,48,0,,false,25,25,3,3,GOBLIN:2;SPIDER:23,GOBLIN:2;SPIDER:23
2349,0,0,true,,,utility,curriculum_pass,3,75,101759150042,101759170935,99,0,,false,18,6,3,3,ARCHER:7;GOBLIN:11,ARCHER:7;GOBLIN:11
2350,0,0,true,,,curriculum_pass,utility,3,75,101759150042,101759170935,66,0,,false,2,12,3,3,ARCHER:7;GOBLIN:11,ARCHER:7;GOBLIN:11
2351,0,0,true,,,utility,curriculum_pass,3,75,101759157961,101759146084,48,0,,false,9,9,3,3,GARGOYLE:5;GOLEM:4,GARGOYLE:5;GOLEM:4
2352,0,0,true,,,curriculum_pass,utility,3,75,101759157961,101759146084,48,0,,false,9,9,3,3,GARGOYLE:5;GOLEM:4,GARGOYLE:5;GOLEM:4
2353,0,0,true,,,utility,curriculum_pass,3,75,101759165880,101759154965,8,0,GREEN,false,14,0,2,2,ARCHER:5;SPIDER:15,ARCHER:5;SPIDER:15
2354,0,0,true,,,curriculum_pass,utility,3,75,101759165880,101759154965,9,0,BLUE,false,0,16,2,2,ARCHER:5;SPIDER:15,ARCHER:5;SPIDER:15
2355,0,0,true,,,utility,curriculum_pass,3,75,101767069042,101767111647,48,0,,false,10,10,3,3,ARCHER:1;MAGE:3;SCORPION_RIDER:6,ARCHER:1;MAGE:3;SCORPION_RIDER:6
2356,0,0,true,,,curriculum_pass,utility,3,75,101767069042,101767111647,118,0,,false,3,10,3,3,ARCHER:1;MAGE:3;SCORPION_RIDER:6,ARCHER:1;MAGE:3;SCORPION_RIDER:6
2357,0,0,true,,,utility,curriculum_pass,3,75,101767076961,101767086796,59,0,,false,8,6,3,3,ARCHER:1;ASSASSIN:3;SCORPION_RIDER:6,ARCHER:1;ASSASSIN:3;SCORPION_RIDER:6
2358,0,0,true,,,curriculum_pass,utility,3,75,101767076961,101767086796,61,0,BLUE,false,0,7,3,3,ARCHER:1;ASSASSIN:3;SCORPION_RIDER:6,ARCHER:1;ASSASSIN:3;SCORPION_RIDER:6
2359,0,0,true,,,utility,curriculum_pass,3,75,101767084880,101767095805,8,0,GREEN,false,8,0,3,3,MAGE:5;SCORPION_RIDER:5,MAGE:5;SCORPION_RIDER:5
2360,0,0,true,,,curriculum_pass,utility,3,75,101767084880,101767095805,13,0,BLUE,false,0,8,3,3,MAGE:5;SCORPION_RIDER:5,MAGE:5;SCORPION_RIDER:5
2361,0,0,true,,,utility,curriculum_pass,3,75,62892698042,62892717847,12,0,GREEN,false,15,0,3,3,GOBLIN:1;MAGE:4;SPIDER:14,GOBLIN:1;MAGE:4;SPIDER:14
2362,0,0,true,,,curriculum_pass,utility,3,75,62892698042,62892717847,76,0,,false,4,5,3,3,GOBLIN:1;MAGE:4;SPIDER:14,GOBLIN:1;MAGE:4;SPIDER:14
2363,0,0,true,,,utility,curriculum_pass,3,75,62900617042,62900658687,20,0,GREEN,false,3,0,3,3,GOBLIN:1;GOLEM:3;SCORPION_RIDER:5,GOBLIN:1;GOLEM:3;SCORPION_RIDER:5
2364,0,0,true,,,curriculum_pass,utility,3,75,62900617042,62900658687,15,0,BLUE,false,0,3,3,3,GOBLIN:1;GOLEM:3;SCORPION_RIDER:5,GOBLIN:1;GOLEM:3;SCORPION_RIDER:5
2365,0,0,true,,,utility,curriculum_pass,3,75,62908536042,62908582471,57,0,,false,22,12,3,3,GOBLIN:22;SPIDER:3,GOBLIN:22;SPIDER:3
2366,0,0,true,,,curriculum_pass,utility,3,75,62908536042,62908582471,13,0,BLUE,false,0,8,3,3,GOBLIN:22;SPIDER:3,GOBLIN:22;SPIDER:3
2367,0,0,true,,,utility,curriculum_pass,3,75,62916455042,62916408367,22,0,GREEN,false,11,0,3,3,GARGOYLE:6;MAGE:4;SPIDER:1,GARGOYLE:6;MAGE:4;SPIDER:1
2368,0,0,true,,,curriculum_pass,utility,3,75,62916455042,62916408367,23,0,BLUE,false,0,10,3,3,GARGOYLE:6;MAGE:4;SPIDER:1,GARGOYLE:6;MAGE:4;SPIDER:1
2369,0,0,true,,,utility,curriculum_pass,3,75,62924374042,62924332727,99,0,,false,4,5,2,2,GARGOYLE:6;SPIDER:11,GARGOYLE:6;SPIDER:11
2370,0,0,true,,,curriculum_pass,utility,3,75,62924374042,62924332727,39,0,BLUE,false,0,5,2,2,GARGOYLE:6;SPIDER:11,GARGOYLE:6;SPIDER:11
2371,0,0,true,,,utility,curriculum_pass,3,75,62932293042,62932273951,20,0,GREEN,false,5,0,2,2,GARGOYLE:5;SCORPION_RIDER:5,GARGOYLE:5;SCORPION_RIDER:5
2372,0,0,true,,,curriculum_pass,utility,3,75,62932293042,62932273951,17,0,BLUE,false,0,10,2,2,GARGOYLE:5;SCORPION_RIDER:5,GARGOYLE:5;SCORPION_RIDER:5
2373,0,0,true,,,utility,curriculum_pass,3,75,102487698042,102487749847,48,0,,false,15,15,2,2,GOBLIN:9;SCORPION_RIDER:6,GOBLIN:9;SCORPION_RIDER:6
2374,0,0,true,,,curriculum_pass,utility,3,75,102487698042,102487749847,48,0,,false,15,15,2,2,GOBLIN:9;SCORPION_RIDER:6,GOBLIN:9;SCORPION_RIDER:6
2375,0,0,true,,,utility,curriculum_pass,3,75,102487705961,102487726020,48,0,,false,10,10,3,3,ARCHER:5;GOBLIN:1;GOLEM:4,ARCHER:5;GOBLIN:1;GOLEM:4
2376,0,0,true,,,curriculum_pass,utility,3,75,102487705961,102487726020,48,0,,false,10,10,3,3,ARCHER:5;GOBLIN:1;GOLEM:4,ARCHER:5;GOBLIN:1;GOLEM:4
2377,0,0,true,,,utility,curriculum_pass,3,75,102487713880,102487734005,16,0,GREEN,false,10,0,2,2,GOBLIN:11;MAGE:6,GOBLIN:11;MAGE:6
2378,0,0,true,,,curriculum_pass,utility,3,75,102487713880,102487734005,13,0,BLUE,false,0,14,2,2,GOBLIN:11;MAGE:6,GOBLIN:11;MAGE:6
2379,0,0,true,,,utility,curriculum_pass,3,75,102495617042,102495674047,14,0,GREEN,false,9,0,2,2,GOLEM:4;MAGE:5,GOLEM:4;MAGE:5
2380,0,0,true,,,curriculum_pass,utility,3,75,102495617042,102495674047,48,0,,false,9,9,2,2,GOLEM:4;MAGE:5,GOLEM:4;MAGE:5
2381,0,0,true,,,utility,curriculum_pass,3,75,102495624961,102495666604,20,0,GREEN,false,7,0,3,3,ARCHER:8;GARGOYLE:1;GOLEM:2,ARCHER:8;GARGOYLE:1;GOLEM:2
2382,0,0,true,,,curriculum_pass,utility,3,75,102495624961,102495666604,21,0,BLUE,false,0,6,3,3,ARCHER:8;GARGOYLE:1;GOLEM:2,ARCHER:8;GARGOYLE:1;GOLEM:2
2383,0,0,true,,,utility,curriculum_pass,3,75,102495632880,102495675229,14,0,GREEN,false,8,0,4,4,MAGE:4;SCORPION_RIDER:5;SPIDER:2,MAGE:4;SCORPION_RIDER:5;SPIDER:2
2384,0,0,true,,,curriculum_pass,utility,3,75,102495632880,102495675229,13,0,BLUE,false,0,9,4,4,MAGE:4;SCORPION_RIDER:5;SPIDER:2,MAGE:4;SCORPION_RIDER:5;SPIDER:2
2385,0,0,true,,,utility,curriculum_pass,3,75,164034166042,164034143159,10,0,GREEN,false,3,0,3,3,ASSASSIN:7;GOLEM:1;SCORPION_RIDER:2,ASSASSIN:7;GOLEM:1;SCORPION_RIDER:2
2386,0,0,true,,,curriculum_pass,utility,3,75,164034166042,164034143159,9,0,BLUE,false,0,3,3,3,ASSASSIN:7;GOLEM:1;SCORPION_RIDER:2,ASSASSIN:7;GOLEM:1;SCORPION_RIDER:2
2387,0,0,true,,,utility,curriculum_pass,3,75,164034173961,164034118308,57,0,,false,7,6,2,2,ARCHER:4;MAGE:7,ARCHER:4;MAGE:7
2388,0,0,true,,,curriculum_pass,utility,3,75,164034173961,164034118308,48,0,,false,11,11,2,2,ARCHER:4;MAGE:7,ARCHER:4;MAGE:7
2389,0,0,true,,,utility,curriculum_pass,3,75,164034181880,164034126933,24,0,GREEN,false,2,0,3,3,GOBLIN:12;SPIDER:13,GOBLIN:12;SPIDER:13
2390,0,0,true,,,curriculum_pass,utility,3,75,164034181880,164034126933,23,0,BLUE,false,0,14,3,3,GOBLIN:12;SPIDER:13,GOBLIN:12;SPIDER:13
2391,0,0,true,,,utility,curriculum_pass,3,75,164034189799,164034234186,57,0,,false,6,7,3,3,ASSASSIN:8;GOBLIN:3;GOLEM:1,ASSASSIN:8;GOBLIN:3;GOLEM:1
2392,0,0,true,,,curriculum_pass,utility,3,75,164034189799,164034234186,54,0,,false,7,6,3,3,ASSASSIN:8;GOBLIN:3;GOLEM:1,ASSASSIN:8;GOBLIN:3;GOLEM:1
2393,0,0,true,,,utility,curriculum_pass,3,75,102503536042,102503484167,48,0,,false,25,25,3,3,GOBLIN:10;SPIDER:15,GOBLIN:10;SPIDER:15
2394,0,0,true,,,curriculum_pass,utility,3,75,102503536042,102503484167,58,0,,false,24,25,3,3,GOBLIN:10;SPIDER:15,GOBLIN:10;SPIDER:15
2395,0,0,true,,,utility,curriculum_pass,3,75,102503543961,102503492148,10,0,GREEN,false,6,0,2,2,ASSASSIN:7;GOBLIN:8,ASSASSIN:7;GOBLIN:8
2396,0,0,true,,,curriculum_pass,utility,3,75,102503543961,102503492148,13,0,BLUE,false,0,6,2,2,ASSASSIN:7;GOBLIN:8,ASSASSIN:7;GOBLIN:8
2397,0,0,true,,,utility,curriculum_pass,3,75,102503551880,102503599397,8,0,GREEN,false,9,0,3,3,ASSASSIN:8;SPIDER:6,ASSASSIN:8;SPIDER:6
2398,0,0,true,,,curriculum_pass,utility,3,75,102503551880,102503599397,11,0,BLUE,false,0,14,3,3,ASSASSIN:8;SPIDER:6,ASSASSIN:8;SPIDER:6
2399,0,0,true,,,utility,curriculum_pass,3,75,102511455042,102511441391,10,0,GREEN,false,4,0,2,2,GOBLIN:11;SCORPION_RIDER:5,GOBLIN:11;SCORPION_RIDER:5
2400,0,0,true,,,curriculum_pass,utility,3,75,102511455042,102511441391,15,0,BLUE,false,0,3,2,2,GOBLIN:11;SCORPION_RIDER:5,GOBLIN:11;SCORPION_RIDER:5
2401,0,0,true,,,utility,curriculum_pass,3,75,102511462961,102511416476,57,0,,false,4,4,3,3,ASSASSIN:8;GOBLIN:3;GOLEM:1,ASSASSIN:8;GOBLIN:3;GOLEM:1
2402,0,0,true,,,curriculum_pass,utility,3,75,102511462961,102511416476,58,0,,false,5,5,3,3,ASSASSIN:8;GOBLIN:3;GOLEM:1,ASSASSIN:8;GOBLIN:3;GOLEM:1
2403,0,0,true,,,utility,curriculum_pass,3,75,102511470880,102511425421,18,0,GREEN,false,6,0,2,2,GARGOYLE:6;SCORPION_RIDER:4,GARGOYLE:6;SCORPION_RIDER:4
2404,0,0,true,,,curriculum_pass,utility,3,75,102511470880,102511425421,60,0,,false,10,10,2,2,GARGOYLE:6;SCORPION_RIDER:4,GARGOYLE:6;SCORPION_RIDER:4
2405,0,0,true,,,utility,curriculum_pass,3,75,102519374042,102519365239,48,0,,false,18,18,3,3,GARGOYLE:5;GOBLIN:10;SPIDER:3,GARGOYLE:5;GOBLIN:10;SPIDER:3
2406,0,0,true,,,curriculum_pass,utility,3,75,102519374042,102519365239,48,0,,false,18,18,3,3,GARGOYLE:5;GOBLIN:10;SPIDER:3,GARGOYLE:5;GOBLIN:10;SPIDER:3
2407,0,0,true,,,utility,curriculum_pass,3,75,102519381961,102519357796,48,0,,false,18,18,3,3,GOBLIN:2;GOLEM:3;SPIDER:13,GOBLIN:2;GOLEM:3;SPIDER:13
2408,0,0,true,,,curriculum_pass,utility,3,75,102519381961,102519357796,48,0,,false,18,18,3,3,GOBLIN:2;GOLEM:3;SPIDER:13,GOBLIN:2;GOLEM:3;SPIDER:13
2409,0,0,true,,,utility,curriculum_pass,3,75,102519389880,102519365653,53,0,,false,8,4,3,3,ASSASSIN:4;GOLEM:4;MAGE:1,ASSASSIN:4;GOLEM:4;MAGE:1
2410,0,0,true,,,curriculum_pass,utility,3,75,102519389880,102519365653,58,0,,false,4,8,3,3,ASSASSIN:4;GOLEM:4;MAGE:1,ASSASSIN:4;GOLEM:4;MAGE:1
2411,0,0,true,,,utility,curriculum_pass,3,75,102527293042,102527305951,65,0,,false,10,5,2,2,MAGE:5;SCORPION_RIDER:5,MAGE:5;SCORPION_RIDER:5
2412,0,0,true,,,curriculum_pass,utility,3,75,102527293042,102527305951,48,0,,false,10,10,2,2,MAGE:5;SCORPION_RIDER:5,MAGE:5;SCORPION_RIDER:5
2413,0,0,true,,,utility,curriculum_pass,3,75,102527300961,102527314892,48,0,,false,10,10,4,4,ARCHER:4;GOLEM:4;SCORPION_RIDER:1;SPIDER:1,ARCHER:4;GOLEM:4;SCORPION_RIDER:1;SPIDER:1
2414,0,0,true,,,curriculum_pass,utility,3,75,102527300961,102527314892,58,0,,false,8,10,4,4,ARCHER:4;GOLEM:4;SCORPION_RIDER:1;SPIDER:1,ARCHER:4;GOLEM:4;SCORPION_RIDER:1;SPIDER:1
2415,0,0,true,,,utility,curriculum_pass,3,75,102527308880,102527290109,48,0,,false,13,13,3,3,GARGOYLE:9;GOBLIN:4,GARGOYLE:9;GOBLIN:4
2416,0,0,true,,,curriculum_pass,utility,3,75,102527308880,102527290109,88,0,,false,13,11,3,3,GARGOYLE:9;GOBLIN:4,GARGOYLE:9;GOBLIN:4
2417,0,0,true,,,utility,curriculum_pass,3,75,102535212042,102535262887,10,0,GREEN,false,4,0,3,3,SCORPION_RIDER:9;SPIDER:1,SCORPION_RIDER:9;SPIDER:1
2418,0,0,true,,,curriculum_pass,utility,3,75,102535212042,102535262887,13,0,BLUE,false,0,9,3,3,SCORPION_RIDER:9;SPIDER:1,SCORPION_RIDER:9;SPIDER:1
2419,0,0,true,,,utility,curriculum_pass,3,75,102535219961,102535238740,48,0,,false,10,10,3,3,GOLEM:4;MAGE:4;SPIDER:2,GOLEM:4;MAGE:4;SPIDER:2
2420,0,0,true,,,curriculum_pass,utility,3,75,102535219961,102535238740,27,0,BLUE,false,0,9,3,3,GOLEM:4;MAGE:4;SPIDER:2,GOLEM:4;MAGE:4;SPIDER:2
2421,0,0,true,,,utility,curriculum_pass,3,75,102535227880,102535247685,14,0,GREEN,false,8,0,3,3,ARCHER:5;GOLEM:4;SPIDER:1,ARCHER:5;GOLEM:4;SPIDER:1
2422,0,0,true,,,curriculum_pass,utility,3,75,102535227880,102535247685,39,0,BLUE,false,0,8,3,3,ARCHER:5;GOLEM:4;SPIDER:1,ARCHER:5;GOLEM:4;SPIDER:1
2423,0,0,true,,,utility,curriculum_pass,3,75,164073761042,164073715647,48,0,GREEN,false,7,0,3,3,GARGOYLE:10;SPIDER:1,GARGOYLE:10;SPIDER:1
2424,0,0,true,,,curriculum_pass,utility,3,75,164073761042,164073715647,81,0,BLUE,false,0,6,3,3,GARGOYLE:10;SPIDER:1,GARGOYLE:10;SPIDER:1
2425,0,0,true,,,utility,curriculum_pass,3,75,164073768961,164073821868,18,0,GREEN,false,8,0,2,2,GARGOYLE:5;GOLEM:4,GARGOYLE:5;GOLEM:4
2426,0,0,true,,,curriculum_pass,utility,3,75,164073768961,164073821868,48,0,,false,9,9,2,2,GARGOYLE:5;GOLEM:4,GARGOYLE:5;GOLEM:4
2427,0,0,true,,,utility,curriculum_pass,3,75,164073776880,164073830493,10,0,GREEN,false,10,0,3,3,ASSASSIN:1;MAGE:4;SCORPION_RIDER:5,ASSASSIN:1;MAGE:4;SCORPION_RIDER:5
2428,0,0,true,,,curriculum_pass,utility,3,75,164073776880,164073830493,15,0,BLUE,false,0,8,3,3,ASSASSIN:1;MAGE:4;SCORPION_RIDER:5,ASSASSIN:1;MAGE:4;SCORPION_RIDER:5
2429,0,0,true,,,utility,curriculum_pass,3,75,164073784799,164073806706,16,0,GREEN,false,5,0,4,4,ASSASSIN:7;GOBLIN:4;GOLEM:1;SPIDER:1,ASSASSIN:7;GOBLIN:4;GOLEM:1;SPIDER:1
2430,0,0,true,,,curriculum_pass,utility,3,75,164073784799,164073806706,15,0,BLUE,false,0,4,4,4,ASSASSIN:7;GOBLIN:4;GOLEM:1;SPIDER:1,ASSASSIN:7;GOBLIN:4;GOLEM:1;SPIDER:1
2431,0,0,true,,,utility,curriculum_pass,3,75,102543131042,102543187727,57,0,,false,13,14,2,2,SPIDER:25,SPIDER:25
2432,0,0,true,,,curriculum_pass,utility,3,75,102543131042,102543187727,48,0,,false,25,25,2,2,SPIDER:25,SPIDER:25
2433,0,0,true,,,utility,curriculum_pass,3,75,102543138961,102543195708,6,0,GREEN,false,8,0,3,3,ARCHER:8;ASSASSIN:3;GOBLIN:2,ARCHER:8;ASSASSIN:3;GOBLIN:2
2434,0,0,true,,,curriculum_pass,utility,3,75,102543138961,102543195708,76,0,,false,8,11,3,3,ARCHER:8;ASSASSIN:3;GOBLIN:2,ARCHER:8;ASSASSIN:3;GOBLIN:2
2435,0,0,true,,,utility,curriculum_pass,3,75,102543146880,102543188269,61,0,,false,6,6,3,3,GARGOYLE:6;SCORPION_RIDER:4,GARGOYLE:6;SCORPION_RIDER:4
2436,0,0,true,,,curriculum_pass,utility,3,75,102543146880,102543188269,48,0,,false,10,10,3,3,GARGOYLE:6;SCORPION_RIDER:4,GARGOYLE:6;SCORPION_RIDER:4
2437,0,0,true,,,utility,curriculum_pass,3,75,102551050042,102550997399,63,0,,false,10,11,3,3,GARGOYLE:10;GOBLIN:1,GARGOYLE:10;GOBLIN:1
2438,0,0,true,,,curriculum_pass,utility,3,75,102551050042,102550997399,37,0,BLUE,false,0,10,3,3,GARGOYLE:10;GOBLIN:1,GARGOYLE:10;GOBLIN:1
2439,0,0,true,,,utility,curriculum_pass,3,75,102551057961,102551005316,69,0,,false,6,3,3,3,GOLEM:7;SPIDER:1,GOLEM:7;SPIDER:1
2440,0,0,true,,,curriculum_pass,utility,3,75,102551057961,102551005316,64,0,,false,4,8,3,3,GOLEM:7;SPIDER:1,GOLEM:7;SPIDER:1
2441,0,0,true,,,utility,curriculum_pass,3,75,102551065880,102551112629,38,0,GREEN,false,3,0,3,3,GARGOYLE:3;MAGE:7;SPIDER:1,GARGOYLE:3;MAGE:7;SPIDER:1
2442,0,0,true,,,curriculum_pass,utility,3,75,102551065880,102551112629,15,0,BLUE,false,0,9,3,3,GARGOYLE:3;MAGE:7;SPIDER:1,GARGOYLE:3;MAGE:7;SPIDER:1
2443,0,0,true,,,utility,curriculum_pass,3,75,102558969042,102558954111,48,0,,false,8,8,3,3,GOBLIN:1;GOLEM:7,GOBLIN:1;GOLEM:7
2444,0,0,true,,,curriculum_pass,utility,3,75,102558969042,102558954111,48,0,,false,8,8,3,3,GOBLIN:1;GOLEM:7,GOBLIN:1;GOLEM:7
2445,0,0,true,,,utility,curriculum_pass,3,75,102558976961,102558930284,57,0,,false,10,8,3,3,ARCHER:4;GOLEM:4;SPIDER:3,ARCHER:4;GOLEM:4;SPIDER:3
2446,0,0,true,,,curriculum_pass,utility,3,75,102558976961,102558930284,48,0,,false,11,11,3,3,ARCHER:4;GOLEM:4;SPIDER:3,ARCHER:4;GOLEM:4;SPIDER:3
2447,0,0,true,,,utility,curriculum_pass,3,75,102558984880,102558938141,16,0,GREEN,false,6,0,2,2,ASSASSIN:5;SCORPION_RIDER:5,ASSASSIN:5;SCORPION_RIDER:5
2448,0,0,true,,,curriculum_pass,utility,3,75,102558984880,102558938141,13,0,BLUE,false,0,6,2,2,ASSASSIN:5;SCORPION_RIDER:5,ASSASSIN:5;SCORPION_RIDER:5
2449,0,0,true,,,utility,curriculum_pass,3,75,23376888042,23376944711,61,0,,false,17,15,3,3,SCORPION_RIDER:3;SPIDER:17,SCORPION_RIDER:3;SPIDER:17
2450,0,0,true,,,curriculum_pass,utility,3,75,23376888042,23376944711,23,0,BLUE,false,0,17,3,3,SCORPION_RIDER:3;SPIDER:17,SCORPION_RIDER:3;SPIDER:17
2451,0,0,true,,,utility,curriculum_pass,3,75,23376895961,23376937332,8,0,GREEN,false,9,0,3,3,GOLEM:1;MAGE:8;SCORPION_RIDER:1,GOLEM:1;MAGE:8;SCORPION_RIDER:1
2452,0,0,true,,,curriculum_pass,utility,3,75,23376895961,23376937332,13,0,BLUE,false,0,9,3,3,GOLEM:1;MAGE:8;SCORPION_RIDER:1,GOLEM:1;MAGE:8;SCORPION_RIDER:1
2453,0,0,true,,,utility,utility,3,75,23511511042,23511559855,4,0,GREEN,false,13,0,2,2,GOBLIN:11;MAGE:6,ARCHER:7;SPIDER:11
2454,0,0,true,,,utility,utility,3,75,23511511042,23511559855,4,0,GREEN,false,13,0,2,2,GOBLIN:11;MAGE:6,ARCHER:7;SPIDER:11
2455,0,0,true,,,utility,utility,3,75,23511518961,23511535708,18,0,GREEN,false,7,0,3,2,ARCHER:7;MAGE:4;SPIDER:1,GOBLIN:12;SPIDER:13
2456,0,0,true,,,utility,utility,3,75,23511518961,23511535708,13,0,BLUE,false,0,9,3,2,ARCHER:7;MAGE:4;SPIDER:1,GOBLIN:12;SPIDER:13
2457,0,0,true,,,utility,utility,3,75,23646134042,23646142903,8,0,GREEN,false,13,0,3,3,ARCHER:8;GOBLIN:2;MAGE:3,GOBLIN:2;SPIDER:23
2458,0,0,true,,,utility,utility,3,75,23646134042,23646142903,15,0,,false,13,17,3,3,ARCHER:8;GOBLIN:2;MAGE:3,GOBLIN:2;SPIDER:23
2459,0,0,true,,,utility,utility,3,75,23646141961,23646150820,9,0,GREEN,false,4,0,3,2,ASSASSIN:4;GOLEM:4;MAGE:1,ASSASSIN:7;SCORPION_RIDER:3
2460,0,0,true,,,utility,utility,3,75,23646141961,23646150820,9,0,GREEN,false,4,0,3,2,ASSASSIN:4;GOLEM:4;MAGE:1,ASSASSIN:7;SCORPION_RIDER:3
2461,0,0,true,,,utility,utility,3,75,23780757042,23780741279,18,0,,false,8,22,3,2,ASSASSIN:3;GOBLIN:1;MAGE:7,SPIDER:25
2462,0,0,true,,,utility,utility,3,75,23780757042,23780741279,18,0,,false,8,22,3,2,ASSASSIN:3;GOBLIN:1;MAGE:7,SPIDER:25
2463,0,0,true,,,utility,utility,3,75,23780764961,23780750220,27,0,,false,7,11,3,2,GOBLIN:22;MAGE:1,GOBLIN:11;SCORPION_RIDER:5
2464,0,0,true,,,utility,utility,3,75,23780764961,23780750220,16,0,,false,22,16,3,2,GOBLIN:22;MAGE:1,GOBLIN:11;SCORPION_RIDER:5
2465,0,0,true,,,utility,curriculum_pass,3,75,63684598042,63684544439,61,0,,false,10,5,4,4,ARCHER:1;GARGOYLE:5;GOBLIN:10;SPIDER:1,ARCHER:1;GARGOYLE:5;GOBLIN:10;SPIDER:1
2466,0,0,true,,,curriculum_pass,utility,3,75,63684598042,63684544439,31,0,BLUE,false,0,6,4,4,ARCHER:1;GARGOYLE:5;GOBLIN:10;SPIDER:1,ARCHER:1;GARGOYLE:5;GOBLIN:10;SPIDER:1
2467,0,0,true,,,utility,curriculum_pass,3,75,63692517042,63692501023,59,0,,false,5,8,3,3,GOBLIN:2;MAGE:3;SCORPION_RIDER:6,GOBLIN:2;MAGE:3;SCORPION_RIDER:6
2468,0,0,true,,,curriculum_pass,utility,3,75,63692517042,63692501023,13,0,BLUE,false,0,9,3,3,GOBLIN:2;MAGE:3;SCORPION_RIDER:6,GOBLIN:2;MAGE:3;SCORPION_RIDER:6
2469,0,0,true,,,utility,curriculum_pass,3,75,63700436042,63700425447,16,0,GREEN,false,5,0,2,2,GARGOYLE:5;SCORPION_RIDER:5,GARGOYLE:5;SCORPION_RIDER:5
2470,0,0,true,,,curriculum_pass,utility,3,75,63700436042,63700425447,15,0,BLUE,false,0,7,2,2,GARGOYLE:5;SCORPION_RIDER:5,GARGOYLE:5;SCORPION_RIDER:5
2471,0,0,true,,,utility,curriculum_pass,3,75,63708355042,63708366671,48,0,,false,17,17,3,3,ARCHER:8;GOBLIN:9,ARCHER:8;GOBLIN:9
2472,0,0,true,,,curriculum_pass,utility,3,75,63708355042,63708366671,48,0,,false,17,17,3,3,ARCHER:8;GOBLIN:9,ARCHER:8;GOBLIN:9
2473,0,0,true,,,utility,curriculum_pass,3,75,63716274042,63716323799,14,0,GREEN,false,19,0,3,3,ARCHER:6;GOBLIN:12;SPIDER:1,ARCHER:6;GOBLIN:12;SPIDER:1
2474,0,0,true,,,curriculum_pass,utility,3,75,63716274042,63716323799,48,0,,false,19,19,3,3,ARCHER:6;GOBLIN:12;SPIDER:1,ARCHER:6;GOBLIN:12;SPIDER:1
2475,0,0,true,,,utility,curriculum_pass,3,75,63724193042,63724247999,26,0,GREEN,false,11,0,3,3,GOBLIN:10;MAGE:6;SPIDER:1,GOBLIN:10;MAGE:6;SPIDER:1
2476,0,0,true,,,curriculum_pass,utility,3,75,63724193042,63724247999,23,0,BLUE,false,0,12,3,3,GOBLIN:10;MAGE:6;SPIDER:1,GOBLIN:10;MAGE:6;SPIDER:1
2477,0,0,true,,,utility,curriculum_pass,3,75,103279598042,103279576951,10,0,GREEN,false,5,0,2,2,ARCHER:4;MAGE:7,ARCHER:4;MAGE:7
2478,0,0,true,,,curriculum_pass,utility,3,75,103279598042,103279576951,11,0,BLUE,false,0,4,2,2,ARCHER:4;MAGE:7,ARCHER:4;MAGE:7
2479,0,0,true,,,utility,curriculum_pass,3,75,103279605961,103279584868,18,0,GREEN,false,16,0,2,2,SCORPION_RIDER:4;SPIDER:14,SCORPION_RIDER:4;SPIDER:14
2480,0,0,true,,,curriculum_pass,utility,3,75,103279605961,103279584868,25,0,BLUE,false,0,1,2,2,SCORPION_RIDER:4;SPIDER:14,SCORPION_RIDER:4;SPIDER:14
2481,0,0,true,,,utility,curriculum_pass,3,75,103279613880,103279560981,67,0,,false,18,1,3,3,ARCHER:4;GOBLIN:1;SPIDER:16,ARCHER:4;GOBLIN:1;SPIDER:16
2482,0,0,true,,,curriculum_pass,utility,3,75,103279613880,103279560981,48,0,,false,21,21,3,3,ARCHER:4;GOBLIN:1;SPIDER:16,ARCHER:4;GOBLIN:1;SPIDER:16
2483,0,0,true,,,utility,curriculum_pass,3,75,103287517042,103287534047,65,0,,false,8,8,4,4,ASSASSIN:1;GOBLIN:22,ASSASSIN:1;GOBLIN:22
2484,0,0,true,,,curriculum_pass,utility,3,75,103287517042,103287534047,60,0,,false,11,15,4,4,ASSASSIN:1;GOBLIN:22,ASSASSIN:1;GOBLIN:22
2485,0,0,true,,,utility,curriculum_pass,3,75,103287524961,103287509196,16,0,GREEN,false,8,0,3,3,ARCHER:7;GOBLIN:1;MAGE:4,ARCHER:7;GOBLIN:1;MAGE:4
2486,0,0,true,,,curriculum_pass,utility,3,75,103287524961,103287509196,62,0,,false,8,9,3,3,ARCHER:7;GOBLIN:1;MAGE:4,ARCHER:7;GOBLIN:1;MAGE:4
2487,0,0,true,,,utility,curriculum_pass,3,75,103287532880,103287518205,8,0,GREEN,false,10,0,2,2,ARCHER:7;SCORPION_RIDER:4,ARCHER:7;SCORPION_RIDER:4
2488,0,0,true,,,curriculum_pass,utility,3,75,103287532880,103287518205,7,0,BLUE,false,0,11,2,2,ARCHER:7;SCORPION_RIDER:4,ARCHER:7;SCORPION_RIDER:4
2489,0,0,true,,,utility,curriculum_pass,3,75,103295436042,103295458215,20,0,GREEN,false,11,0,4,4,ASSASSIN:1;GOBLIN:3;MAGE:8;SPIDER:1,ASSASSIN:1;GOBLIN:3;MAGE:8;SPIDER:1
2490,0,0,true,,,curriculum_pass,utility,3,75,103295436042,103295458215,15,0,BLUE,false,0,10,4,4,ASSASSIN:1;GOBLIN:3;MAGE:8;SPIDER:1,ASSASSIN:1;GOBLIN:3;MAGE:8;SPIDER:1
2491,0,0,true,,,utility,curriculum_pass,3,75,103295443961,103295466836,63,0,,false,3,2,3,3,ASSASSIN:7;GOLEM:1;SCORPION_RIDER:2,ASSASSIN:7;GOLEM:1;SCORPION_RIDER:2
2492,0,0,true,,,curriculum_pass,utility,3,75,103295443961,103295466836,62,0,,false,4,3,3,3,ASSASSIN:7;GOLEM:1;SCORPION_RIDER:2,ASSASSIN:7;GOLEM:1;SCORPION_RIDER:2
2493,0,0,true,,,utility,curriculum_pass,3,75,103295451880,103295441989,8,0,GREEN,false,12,0,3,3,ARCHER:1;ASSASSIN:3;SPIDER:16,ARCHER:1;ASSASSIN:3;SPIDER:16
2494,0,0,true,,,curriculum_pass,utility,3,75,103295451880,103295441989,37,0,BLUE,false,0,17,3,3,ARCHER:1;ASSASSIN:3;SPIDER:16,ARCHER:1;ASSASSIN:3;SPIDER:16
2495,0,0,true,,,utility,curriculum_pass,3,75,103303355042,103303398415,10,0,GREEN,false,13,0,3,3,ARCHER:1;ASSASSIN:3;SPIDER:16,ARCHER:1;ASSASSIN:3;SPIDER:16
2496,0,0,true,,,curriculum_pass,utility,3,75,103303355042,103303398415,13,0,BLUE,false,0,13,3,3,ARCHER:1;ASSASSIN:3;SPIDER:16,ARCHER:1;ASSASSIN:3;SPIDER:16
2497,0,0,true,,,utility,curriculum_pass,3,75,103303362961,103303407420,48,0,,false,14,14,3,3,GOBLIN:6;MAGE:8,GOBLIN:6;MAGE:8
2498,0,0,true,,,curriculum_pass,utility,3,75,103303362961,103303407420,11,0,BLUE,false,0,13,3,3,GOBLIN:6;MAGE:8,GOBLIN:6;MAGE:8
2499,0,0,true,,,utility,curriculum_pass,3,75,103303370880,103303382573,48,0,,false,15,15,2,2,GOBLIN:8;MAGE:7,GOBLIN:8;MAGE:7
2500,0,0,true,,,curriculum_pass,utility,3,75,103303370880,103303382573,73,0,BLUE,false,0,9,2,2,GOBLIN:8;MAGE:7,GOBLIN:8;MAGE:7
2501,0,0,true,,,utility,curriculum_pass,3,75,103311274042,103311224471,48,0,,false,12,12,3,3,ARCHER:7;GOBLIN:1;MAGE:4,ARCHER:7;GOBLIN:1;MAGE:4
2502,0,0,true,,,curriculum_pass,utility,3,75,103311274042,103311224471,13,0,BLUE,false,0,5,3,3,ARCHER:7;GOBLIN:1;MAGE:4,ARCHER:7;GOBLIN:1;MAGE:4
2503,0,0,true,,,utility,curriculum_pass,3,75,103311281961,103311331716,55,0,,false,7,5,3,3,ASSASSIN:5;SCORPION_RIDER:5,ASSASSIN:5;SCORPION_RIDER:5
2504,0,0,true,,,curriculum_pass,utility,3,75,103311281961,103311331716,56,0,,false,5,8,3,3,ASSASSIN:5;SCORPION_RIDER:5,ASSASSIN:5;SCORPION_RIDER:5
2505,0,0,true,,,utility,curriculum_pass,3,75,103311289880,103311339701,14,0,GREEN,false,5,0,3,3,GOLEM:4;SCORPION_RIDER:4;SPIDER:1,GOLEM:4;SCORPION_RIDER:4;SPIDER:1
2506,0,0,true,,,curriculum_pass,utility,3,75,103311289880,103311339701,128,0,,false,5,9,3,3,GOLEM:4;SCORPION_RIDER:4;SPIDER:1,GOLEM:4;SCORPION_RIDER:4;SPIDER:1
2507,0,0,true,,,utility,curriculum_pass,3,75,103319193042,103319149439,51,0,,false,19,19,3,3,GARGOYLE:3;SCORPION_RIDER:1;SPIDER:15,GARGOYLE:3;SCORPION_RIDER:1;SPIDER:15
2508,0,0,true,,,curriculum_pass,utility,3,75,103319193042,103319149439,27,0,BLUE,false,0,3,3,3,GARGOYLE:3;SCORPION_RIDER:1;SPIDER:15,GARGOYLE:3;SCORPION_RIDER:1;SPIDER:15
2509,0,0,true,,,utility,curriculum_pass,3,75,103319200961,103319157356,57,0,,false,9,6,3,3,ARCHER:12;GOBLIN:1,ARCHER:12;GOBLIN:1
2510,0,0,true,,,curriculum_pass,utility,3,75,103319200961,103319157356,54,0,,false,9,13,3,3,ARCHER:12;GOBLIN:1,ARCHER:12;GOBLIN:1
2511,0,0,true,,,utility,curriculum_pass,3,75,103319208880,103319264541,18,0,GREEN,false,8,0,3,3,ASSASSIN:4;GOLEM:4;SPIDER:2,ASSASSIN:4;GOLEM:4;SPIDER:2
2512,0,0,true,,,curriculum_pass,utility,3,75,103319208880,103319264541,54,0,,false,7,8,3,3,ASSASSIN:4;GOLEM:4;SPIDER:2,ASSASSIN:4;GOLEM:4;SPIDER:2
2513,0,0,true,,,utility,curriculum_pass,3,75,103327112042,103327090119,65,0,,false,6,4,2,2,GOBLIN:6;MAGE:8,GOBLIN:6;MAGE:8
2514,0,0,true,,,curriculum_pass,utility,3,75,103327112042,103327090119,48,0,,false,14,14,2,2,GOBLIN:6;MAGE:8,GOBLIN:6;MAGE:8
2515,0,0,true,,,utility,curriculum_pass,3,75,103327119961,103327098100,61,0,,false,11,8,3,3,ARCHER:9;MAGE:3,ARCHER:9;MAGE:3
2516,0,0,true,,,curriculum_pass,utility,3,75,103327119961,103327098100,17,0,BLUE,false,0,4,3,3,ARCHER:9;MAGE:3,ARCHER:9;MAGE:3
2517,0,0,true,,,utility,curriculum_pass,3,75,103327127880,103327074277,12,0,GREEN,false,3,0,3,3,ASSASSIN:1;GOLEM:2;SCORPION_RIDER:6,ASSASSIN:1;GOLEM:2;SCORPION_RIDER:6
2518,0,0,true,,,curriculum_pass,utility,3,75,103327127880,103327074277,17,0,BLUE,false,0,2,3,3,ASSASSIN:1;GOLEM:2;SCORPION_RIDER:6,ASSASSIN:1;GOLEM:2;SCORPION_RIDER:6
2519,0,0,true,,,utility,curriculum_pass,3,75,103335031042,103335047087,12,0,GREEN,false,6,0,3,3,ASSASSIN:8;GARGOYLE:2;SPIDER:1,ASSASSIN:8;GARGOYLE:2;SPIDER:1
2520,0,0,true,,,curriculum_pass,utility,3,75,103335031042,103335047087,66,0,,false,3,3,3,3,ASSASSIN:8;GARGOYLE:2;SPIDER:1,ASSASSIN:8;GARGOYLE:2;SPIDER:1
2521,0,0,true,,,utility,curriculum_pass,3,75,103335038961,103335022940,18,0,GREEN,false,9,0,2,2,SPIDER:25,SPIDER:25
2522,0,0,true,,,curriculum_pass,utility,3,75,103335038961,103335022940,13,0,GREEN,false,3,0,2,2,SPIDER:25,SPIDER:25
2523,0,0,true,,,utility,curriculum_pass,3,75,103335046880,103335030861,36,0,GREEN,false,5,0,3,3,GARGOYLE:5;GOBLIN:13,GARGOYLE:5;GOBLIN:13
2524,0,0,true,,,curriculum_pass,utility,3,75,103335046880,103335030861,48,0,,false,18,18,3,3,GARGOYLE:5;GOBLIN:13,GARGOYLE:5;GOBLIN:13
2525,0,0,true,,,utility,curriculum_pass,3,75,103342950042,103342970935,22,0,GREEN,false,7,0,3,3,ARCHER:1;GOLEM:2;SCORPION_RIDER:6,ARCHER:1;GOLEM:2;SCORPION_RIDER:6
2526,0,0,true,,,curriculum_pass,utility,3,75,103342950042,103342970935,13,0,BLUE,false,0,7,3,3,ARCHER:1;GOLEM:2;SCORPION_RIDER:6,ARCHER:1;GOLEM:2;SCORPION_RIDER:6
2527,0,0,true,,,utility,curriculum_pass,3,75,103342957961,103342979876,8,0,GREEN,false,7,0,3,3,ARCHER:9;ASSASSIN:3,ARCHER:9;ASSASSIN:3
2528,0,0,true,,,curriculum_pass,utility,3,75,103342957961,103342979876,9,0,BLUE,false,0,9,3,3,ARCHER:9;ASSASSIN:3,ARCHER:9;ASSASSIN:3
2529,0,0,true,,,utility,curriculum_pass,3,75,103342965880,103342955221,48,0,,false,18,18,3,3,ARCHER:7;GOBLIN:10;SPIDER:1,ARCHER:7;GOBLIN:10;SPIDER:1
2530,0,0,true,,,curriculum_pass,utility,3,75,103342965880,103342955221,48,0,,false,18,18,3,3,ARCHER:7;GOBLIN:10;SPIDER:1,ARCHER:7;GOBLIN:10;SPIDER:1
2531,0,0,true,,,utility,curriculum_pass,3,75,103350869042,103350911647,6,0,GREEN,false,4,0,2,2,ARCHER:3;ASSASSIN:8,ARCHER:3;ASSASSIN:8
2532,0,0,true,,,curriculum_pass,utility,3,75,103350869042,103350911647,13,0,BLUE,false,0,4,2,2,ARCHER:3;ASSASSIN:8,ARCHER:3;ASSASSIN:8
2533,0,0,true,,,utility,curriculum_pass,3,75,103350876961,103350920588,16,0,GREEN,false,11,0,3,3,ARCHER:7;GARGOYLE:4;GOBLIN:1,ARCHER:7;GARGOYLE:4;GOBLIN:1
2534,0,0,true,,,curriculum_pass,utility,3,75,103350876961,103350920588,48,0,,false,12,12,3,3,ARCHER:7;GARGOYLE:4;GOBLIN:1,ARCHER:7;GARGOYLE:4;GOBLIN:1
2535,0,0,true,,,utility,curriculum_pass,3,75,103350884880,103350895805,10,0,GREEN,false,5,0,4,4,GARGOYLE:2;GOBLIN:1;SCORPION_RIDER:7,GARGOYLE:2;GOBLIN:1;SCORPION_RIDER:7
2536,0,0,true,,,curriculum_pass,utility,3,75,103350884880,103350895805,13,0,BLUE,false,0,5,4,4,GARGOYLE:2;GOBLIN:1;SCORPION_RIDER:7,GARGOYLE:2;GOBLIN:1;SCORPION_RIDER:7
2537,0,0,true,,,utility,curriculum_pass,3,75,164889418042,164889364375,8,0,GREEN,false,6,0,3,3,ASSASSIN:10;GOBLIN:1,ASSASSIN:10;GOBLIN:1
2538,0,0,true,,,curriculum_pass,utility,3,75,164889418042,164889364375,13,0,BLUE,false,0,2,3,3,ASSASSIN:10;GOBLIN:1,ASSASSIN:10;GOBLIN:1
2539,0,0,true,,,utility,curriculum_pass,3,75,164889425961,164889372292,55,0,,false,11,6,4,4,ASSASSIN:7;GOBLIN:6;SCORPION_RIDER:1,ASSASSIN:7;GOBLIN:6;SCORPION_RIDER:1
2540,0,0,true,,,curriculum_pass,utility,3,75,164889425961,164889372292,11,0,BLUE,false,0,6,4,4,ASSASSIN:7;GOBLIN:6;SCORPION_RIDER:1,ASSASSIN:7;GOBLIN:6;SCORPION_RIDER:1
2541,0,0,true,,,utility,curriculum_pass,3,75,164889433880,164889479605,10,0,GREEN,false,7,0,3,3,GARGOYLE:1;GOBLIN:12;SCORPION_RIDER:4,GARGOYLE:1;GOBLIN:12;SCORPION_RIDER:4
2542,0,0,true,,,curriculum_pass,utility,3,75,164889433880,164889479605,23,0,BLUE,false,0,4,3,3,GARGOYLE:1;GOBLIN:12;SCORPION_RIDER:4,GARGOYLE:1;GOBLIN:12;SCORPION_RIDER:4
2543,0,0,true,,,utility,curriculum_pass,3,75,164889441799,164889487530,55,0,,false,4,5,2,2,ASSASSIN:5;GOLEM:4,ASSASSIN:5;GOLEM:4
2544,0,0,true,,,curriculum_pass,utility,3,75,164889441799,164889487530,54,0,,false,5,4,2,2,ASSASSIN:5;GOLEM:4,ASSASSIN:5;GOLEM:4
2545,0,0,true,,,utility,curriculum_pass,3,75,64476498042,64476518103,10,0,GREEN,false,5,0,3,3,ASSASSIN:3;SCORPION_RIDER:6;SPIDER:2,ASSASSIN:3;SCORPION_RIDER:6;SPIDER:2
2546,0,0,true,,,curriculum_pass,utility,3,75,64476498042,64476518103,9,0,BLUE,false,0,8,3,3,ASSASSIN:3;SCORPION_RIDER:6;SPIDER:2,ASSASSIN:3;SCORPION_RIDER:6;SPIDER:2
2547,0,0,true,,,utility,curriculum_pass,3,75,64484417042,64484458687,12,0,GREEN,false,9,0,4,4,ARCHER:4;SCORPION_RIDER:6;SPIDER:1,ARCHER:4;SCORPION_RIDER:6;SPIDER:1
2548,0,0,true,,,curriculum_pass,utility,3,75,64484417042,64484458687,27,0,BLUE,false,0,7,4,4,ARCHER:4;SCORPION_RIDER:6;SPIDER:1,ARCHER:4;SCORPION_RIDER:6;SPIDER:1
2549,0,0,true,,,utility,curriculum_pass,3,75,64492336042,64492285191,8,0,GREEN,false,13,0,3,3,ARCHER:8;GOBLIN:2;SPIDER:7,ARCHER:8;GOBLIN:2;SPIDER:7
2550,0,0,true,,,curriculum_pass,utility,3,75,64492336042,64492285191,13,0,BLUE,false,0,14,3,3,ARCHER:8;GOBLIN:2;SPIDER:7,ARCHER:8;GOBLIN:2;SPIDER:7
2551,0,0,true,,,utility,curriculum_pass,3,75,64500255042,64500209647,18,0,GREEN,false,8,0,2,2,SCORPION_RIDER:6;SPIDER:9,SCORPION_RIDER:6;SPIDER:9
2552,0,0,true,,,curriculum_pass,utility,3,75,64500255042,64500209647,62,0,,false,5,11,2,2,SCORPION_RIDER:6;SPIDER:9,SCORPION_RIDER:6;SPIDER:9
2553,0,0,true,,,utility,curriculum_pass,3,75,64508174042,64508149879,139,0,,false,24,13,3,3,GOBLIN:10;SPIDER:15,GOBLIN:10;SPIDER:15
2554,0,0,true,,,curriculum_pass,utility,3,75,64508174042,64508149879,15,0,BLUE,false,0,24,3,3,GOBLIN:10;SPIDER:15,GOBLIN:10;SPIDER:15
2555,0,0,true,,,utility,curriculum_pass,3,75,64516093042,64516106975,48,0,,false,11,11,3,3,GARGOYLE:2;MAGE:8;SPIDER:1,GARGOYLE:2;MAGE:8;SPIDER:1
2556,0,0,true,,,curriculum_pass,utility,3,75,64516093042,64516106975,17,0,BLUE,false,0,7,3,3,GARGOYLE:2;MAGE:8;SPIDER:1,GARGOYLE:2;MAGE:8;SPIDER:1
2557,0,0,true,,,utility,curriculum_pass,3,75,104071498042,104071550871,12,0,GREEN,false,7,0,3,3,ASSASSIN:3;GOBLIN:18,ASSASSIN:3;GOBLIN:18
2558,0,0,true,,,curriculum_pass,utility,3,75,104071498042,104071550871,52,0,,false,18,21,3,3,ASSASSIN:3;GOBLIN:18,ASSASSIN:3;GOBLIN:18
2559,0,0,true,,,utility,curriculum_pass,3,75,104071505961,104071558788,87,0,,false,13,5,2,2,GARGOYLE:6;SPIDER:11,GARGOYLE:6;SPIDER:11
2560,0,0,true,,,curriculum_pass,utility,3,75,104071505961,104071558788,48,0,,false,17,17,2,2,GARGOYLE:6;SPIDER:11,GARGOYLE:6;SPIDER:11
2561,0,0,true,,,utility,curriculum_pass,3,75,104071513880,104071535029,14,0,GREEN,false,9,0,3,3,ARCHER:4;SCORPION_RIDER:6;SPIDER:1,ARCHER:4;SCORPION_RIDER:6;SPIDER:1
2562,0,0,true,,,curriculum_pass,utility,3,75,104071513880,104071535029,48,0,,false,11,11,3,3,ARCHER:4;SCORPION_RIDER:6;SPIDER:1,ARCHER:4;SCORPION_RIDER:6;SPIDER:1
2563,0,0,true,,,utility,curriculum_pass,3,75,104079417042,104079360127,48,0,,false,10,10,3,3,ARCHER:5;GOBLIN:1;GOLEM:4,ARCHER:5;GOBLIN:1;GOLEM:4
2564,0,0,true,,,curriculum_pass,utility,3,75,104079417042,104079360127,48,0,,false,10,10,3,3,ARCHER:5;GOBLIN:1;GOLEM:4,ARCHER:5;GOBLIN:1;GOLEM:4
2565,0,0,true,,,utility,curriculum_pass,3,75,104079424961,104079369068,30,0,GREEN,false,6,0,3,3,ASSASSIN:4;GARGOYLE:6;SPIDER:1,ASSASSIN:4;GARGOYLE:6;SPIDER:1
2566,0,0,true,,,curriculum_pass,utility,3,75,104079424961,104079369068,57,0,BLUE,false,0,7,3,3,ASSASSIN:4;GARGOYLE:6;SPIDER:1,ASSASSIN:4;GARGOYLE:6;SPIDER:1
2567,0,0,true,,,utility,curriculum_pass,3,75,104079432880,104079475229,14,0,GREEN,false,6,0,3,3,GOLEM:2;MAGE:1;SCORPION_RIDER:6,GOLEM:2;MAGE:1;SCORPION_RIDER:6
2568,0,0,true,,,curriculum_pass,utility,3,75,104079432880,104079475229,15,0,BLUE,false,0,5,3,3,GOLEM:2;MAGE:1;SCORPION_RIDER:6,GOLEM:2;MAGE:1;SCORPION_RIDER:6
2569,0,0,true,,,utility,curriculum_pass,3,75,104087336042,104087317191,63,0,,false,5,4,3,3,ARCHER:4;SCORPION_RIDER:6;SPIDER:1,ARCHER:4;SCORPION_RIDER:6;SPIDER:1
2570,0,0,true,,,curriculum_pass,utility,3,75,104087336042,104087317191,19,0,BLUE,false,0,9,3,3,ARCHER:4;SCORPION_RIDER:6;SPIDER:1,ARCHER:4;SCORPION_RIDER:6;SPIDER:1
2571,0,0,true,,,utility,curriculum_pass,3,75,104087343961,104087293428,57,0,,false,16,15,2,2,ASSASSIN:4;SPIDER:15,ASSASSIN:4;SPIDER:15
2572,0,0,true,,,curriculum_pass,utility,3,75,104087343961,104087293428,56,0,,false,13,15,2,2,ASSASSIN:4;SPIDER:15,ASSASSIN:4;SPIDER:15
2573,0,0,true,,,utility,curriculum_pass,3,75,104087351880,104087301349,48,0,,false,13,13,3,3,GARGOYLE:5;GOBLIN:4;MAGE:4,GARGOYLE:5;GOBLIN:4;MAGE:4
2574,0,0,true,,,curriculum_pass,utility,3,75,104087351880,104087301349,48,0,,false,13,13,3,3,GARGOYLE:5;GOBLIN:4;MAGE:4,GARGOYLE:5;GOBLIN:4;MAGE:4
2575,0,0,true,,,utility,curriculum_pass,3,75,104095255042,104095241391,48,0,,false,12,12,3,3,ARCHER:7;GARGOYLE:4;SPIDER:1,ARCHER:7;GARGOYLE:4;SPIDER:1
2576,0,0,true,,,curriculum_pass,utility,3,75,104095255042,104095241391,23,0,BLUE,false,0,9,3,3,ARCHER:7;GARGOYLE:4;SPIDER:1,ARCHER:7;GARGOYLE:4;SPIDER:1
2577,0,0,true,,,utility,curriculum_pass,3,75,104095262961,104095250012,14,0,GREEN,false,6,0,3,3,ARCHER:9;GOLEM:2,ARCHER:9;GOLEM:2
2578,0,0,true,,,curriculum_pass,utility,3,75,104095262961,104095250012,111,0,BLUE,false,0,3,3,3,ARCHER:9;GOLEM:2,ARCHER:9;GOLEM:2
2579,0,0,true,,,utility,curriculum_pass,3,75,104095270880,104095226189,8,0,GREEN,false,9,0,3,3,ASSASSIN:8;MAGE:2;SPIDER:1,ASSASSIN:8;MAGE:2;SPIDER:1
2580,0,0,true,,,curriculum_pass,utility,3,75,104095270880,104095226189,9,0,BLUE,false,0,8,3,3,ASSASSIN:8;MAGE:2;SPIDER:1,ASSASSIN:8;MAGE:2;SPIDER:1
2581,0,0,true,,,utility,curriculum_pass,3,75,165633804042,165633825191,14,0,GREEN,false,10,0,3,3,ARCHER:5;GOLEM:4;SPIDER:1,ARCHER:5;GOLEM:4;SPIDER:1
2582,0,0,true,,,curriculum_pass,utility,3,75,165633804042,165633825191,56,0,,false,9,10,3,3,ARCHER:5;GOLEM:4;SPIDER:1,ARCHER:5;GOLEM:4;SPIDER:1
2583,0,0,true,,,utility,curriculum_pass,3,75,165633811961,165633833812,18,0,GREEN,false,7,0,3,3,ARCHER:7;GARGOYLE:4;SPIDER:1,ARCHER:7;GARGOYLE:4;SPIDER:1
2584,0,0,true,,,curriculum_pass,utility,3,75,165633811961,165633833812,19,0,BLUE,false,0,9,3,3,ARCHER:7;GARGOYLE:4;SPIDER:1,ARCHER:7;GARGOYLE:4;SPIDER:1
2585,0,0,true,,,utility,curriculum_pass,3,75,165633819880,165633808965,67,0,,false,3,2,3,3,ASSASSIN:4;GARGOYLE:1;GOLEM:4,ASSASSIN:4;GARGOYLE:1;GOLEM:4
2586,0,0,true,,,curriculum_pass,utility,3,75,165633819880,165633808965,62,0,,false,4,6,3,3,ASSASSIN:4;GARGOYLE:1;GOLEM:4,ASSASSIN:4;GARGOYLE:1;GOLEM:4
2587,0,0,true,,,utility,curriculum_pass,3,75,165633827799,165633817978,16,0,GREEN,false,3,0,2,2,GOBLIN:11;GOLEM:4,GOBLIN:11;GOLEM:4
2588,0,0,true,,,curriculum_pass,utility,3,75,165633827799,165633817978,74,0,,false,2,2,2,2,GOBLIN:11;GOLEM:4,GOBLIN:11;GOLEM:4
2589,0,0,true,,,utility,curriculum_pass,3,75,104103174042,104103182647,12,0,GREEN,false,12,0,3,3,MAGE:5;SPIDER:13,MAGE:5;SPIDER:13
2590,0,0,true,,,curriculum_pass,utility,3,75,104103174042,104103182647,15,0,BLUE,false,0,15,3,3,MAGE:5;SPIDER:13,MAGE:5;SPIDER:13
2591,0,0,true,,,utility,curriculum_pass,3,75,104103181961,104103190564,57,0,,false,10,9,4,4,GOLEM:1;MAGE:8;SPIDER:3,GOLEM:1;MAGE:8;SPIDER:3
2592,0,0,true,,,curriculum_pass,utility,3,75,104103181961,104103190564,59,0,BLUE,false,0,11,4,4,GOLEM:1;MAGE:8;SPIDER:3,GOLEM:1;MAGE:8;SPIDER:3
2593,0,0,true,,,utility,curriculum_pass,3,75,104103189880,104103166933,20,0,GREEN,false,10,0,3,3,GARGOYLE:5;GOBLIN:1;MAGE:5,GARGOYLE:5;GOBLIN:1;MAGE:5
2594,0,0,true,,,curriculum_pass,utility,3,75,104103189880,104103166933,23,0,BLUE,false,0,8,3,3,GARGOYLE:5;GOBLIN:1;MAGE:5,GARGOYLE:5;GOBLIN:1;MAGE:5
2595,0,0,true,,,utility,curriculum_pass,3,75,165641723042,165641765391,48,0,,false,10,10,3,3,GOLEM:4;MAGE:4;SPIDER:2,GOLEM:4;MAGE:4;SPIDER:2
2596,0,0,true,,,curriculum_pass,utility,3,75,165641723042,165641765391,48,0,,false,10,10,3,3,GOLEM:4;MAGE:4;SPIDER:2,GOLEM:4;MAGE:4;SPIDER:2
2597,0,0,true,,,utility,curriculum_pass,3,75,165641730961,165641774396,48,0,,false,10,10,2,2,MAGE:7;SCORPION_RIDER:3,MAGE:7;SCORPION_RIDER:3
2598,0,0,true,,,curriculum_pass,utility,3,75,165641730961,165641774396,48,0,,false,10,10,2,2,MAGE:7;SCORPION_RIDER:3,MAGE:7;SCORPION_RIDER:3
2599,0,0,true,,,utility,curriculum_pass,3,75,165641738880,165641749549,8,0,GREEN,false,10,0,2,2,MAGE:7;SCORPION_RIDER:3,MAGE:7;SCORPION_RIDER:3
2600,0,0,true,,,curriculum_pass,utility,3,75,165641738880,165641749549,48,0,,false,10,10,2,2,MAGE:7;SCORPION_RIDER:3,MAGE:7;SCORPION_RIDER:3
2601,0,0,true,,,utility,curriculum_pass,3,75,165641746799,165641758658,10,0,GREEN,false,8,0,2,2,MAGE:5;SCORPION_RIDER:5,MAGE:5;SCORPION_RIDER:5
2602,0,0,true,,,curriculum_pass,utility,3,75,165641746799,165641758658,11,0,BLUE,false,0,9,2,2,MAGE:5;SCORPION_RIDER:5,MAGE:5;SCORPION_RIDER:5
2603,0,0,true,,,utility,curriculum_pass,3,75,104111093042,104111139743,48,0,,false,14,14,3,3,GARGOYLE:1;GOBLIN:9;GOLEM:4,GARGOYLE:1;GOBLIN:9;GOLEM:4
2604,0,0,true,,,curriculum_pass,utility,3,75,104111093042,104111139743,72,0,,false,11,10,3,3,GARGOYLE:1;GOBLIN:9;GOLEM:4,GARGOYLE:1;GOBLIN:9;GOLEM:4
2605,0,0,true,,,utility,curriculum_pass,3,75,104111100961,104111114892,63,0,,false,1,3,3,3,ASSASSIN:3;GOBLIN:2;SCORPION_RIDER:6,ASSASSIN:3;GOBLIN:2;SCORPION_RIDER:6
2606,0,0,true,,,curriculum_pass,utility,3,75,104111100961,104111114892,72,0,,false,4,2,3,3,ASSASSIN:3;GOBLIN:2;SCORPION_RIDER:6,ASSASSIN:3;GOBLIN:2;SCORPION_RIDER:6
2607,0,0,true,,,utility,curriculum_pass,3,75,104111108880,104111123901,10,0,GREEN,false,19,0,4,4,ARCHER:3;SPIDER:19,ARCHER:3;SPIDER:19
2608,0,0,true,,,curriculum_pass,utility,3,75,104111108880,104111123901,15,0,BLUE,false,0,15,4,4,ARCHER:3;SPIDER:19,ARCHER:3;SPIDER:19
2609,0,0,true,,,utility,curriculum_pass,3,75,104119012042,104119063655,48,0,,false,25,25,2,2,GOBLIN:10;SPIDER:15,GOBLIN:10;SPIDER:15
2610,0,0,true,,,curriculum_pass,utility,3,75,104119012042,104119063655,48,0,,false,25,25,2,2,GOBLIN:10;SPIDER:15,GOBLIN:10;SPIDER:15
2611,0,0,true,,,utility,curriculum_pass,3,75,104119019961,104119072532,12,0,GREEN,false,6,0,3,3,ASSASSIN:7;GARGOYLE:3;GOBLIN:1,ASSASSIN:7;GARGOYLE:3;GOBLIN:1
2612,0,0,true,,,curriculum_pass,utility,3,75,104119019961,104119072532,58,0,,false,6,8,3,3,ASSASSIN:7;GARGOYLE:3;GOBLIN:1,ASSASSIN:7;GARGOYLE:3;GOBLIN:1
2613,0,0,true,,,utility,curriculum_pass,3,75,104119027880,104119047685,48,0,,false,16,16,3,3,ARCHER:6;GOLEM:1;SPIDER:9,ARCHER:6;GOLEM:1;SPIDER:9
2614,0,0,true,,,curriculum_pass,utility,3,75,104119027880,104119047685,15,0,BLUE,false,0,13,3,3,ARCHER:6;GOLEM:1;SPIDER:9,ARCHER:6;GOLEM:1;SPIDER:9
2615,0,0,true,,,utility,curriculum_pass,3,75,104126931042,104126889679,12,0,GREEN,false,8,0,3,3,GOLEM:1;MAGE:9,GOLEM:1;MAGE:9
2616,0,0,true,,,curriculum_pass,utility,3,75,104126931042,104126889679,21,0,BLUE,false,0,8,3,3,GOLEM:1;MAGE:9,GOLEM:1;MAGE:9
2617,0,0,true,,,utility,curriculum_pass,3,75,104126938961,104126882300,53,0,,false,9,8,3,3,ASSASSIN:4;GOBLIN:2;SCORPION_RIDER:5,ASSASSIN:4;GOBLIN:2;SCORPION_RIDER:5
2618,0,0,true,,,curriculum_pass,utility,3,75,104126938961,104126882300,21,0,BLUE,false,0,3,3,3,ASSASSIN:4;GOBLIN:2;SCORPION_RIDER:5,ASSASSIN:4;GOBLIN:2;SCORPION_RIDER:5
2619,0,0,true,,,utility,curriculum_pass,3,75,104126946880,104126988525,48,0,,false,16,16,3,3,GOBLIN:11;SCORPION_RIDER:5,GOBLIN:11;SCORPION_RIDER:5
2620,0,0,true,,,curriculum_pass,utility,3,75,104126946880,104126988525,27,0,BLUE,false,0,4,3,3,GOBLIN:11;SCORPION_RIDER:5,GOBLIN:11;SCORPION_RIDER:5
2621,0,0,true,,,utility,curriculum_pass,3,75,104134850042,104134830935,57,0,,false,6,5,3,3,ASSASSIN:5;GARGOYLE:5;SPIDER:1,ASSASSIN:5;GARGOYLE:5;SPIDER:1
2622,0,0,true,,,curriculum_pass,utility,3,75,104134850042,104134830935,60,0,,false,5,9,3,3,ASSASSIN:5;GARGOYLE:5;SPIDER:1,ASSASSIN:5;GARGOYLE:5;SPIDER:1
2623,0,0,true,,,utility,curriculum_pass,3,75,104134857961,104134806084,10,0,GREEN,false,14,0,3,3,ARCHER:4;SPIDER:17,ARCHER:4;SPIDER:17
2624,0,0,true,,,curriculum_pass,utility,3,75,104134857961,104134806084,19,0,BLUE,false,0,4,3,3,ARCHER:4;SPIDER:17,ARCHER:4;SPIDER:17
2625,0,0,true,,,utility,curriculum_pass,3,75,104134865880,104134815093,14,0,GREEN,false,15,0,2,2,SCORPION_RIDER:4;SPIDER:14,SCORPION_RIDER:4;SPIDER:14
2626,0,0,true,,,curriculum_pass,utility,3,75,104134865880,104134815093,13,0,BLUE,false,0,12,2,2,SCORPION_RIDER:4;SPIDER:14,SCORPION_RIDER:4;SPIDER:14
2627,0,0,true,,,utility,curriculum_pass,3,75,104142769042,104142755135,74,0,GREEN,false,6,0,2,2,MAGE:5;SCORPION_RIDER:5,MAGE:5;SCORPION_RIDER:5
2628,0,0,true,,,curriculum_pass,utility,3,75,104142769042,104142755135,48,0,,false,10,10,2,2,MAGE:5;SCORPION_RIDER:5,MAGE:5;SCORPION_RIDER:5
2629,0,0,true,,,utility,curriculum_pass,3,75,104142776961,104142763052,20,0,GREEN,false,11,0,3,3,GARGOYLE:3;SPIDER:18,GARGOYLE:3;SPIDER:18
2630,0,0,true,,,curriculum_pass,utility,3,75,104142776961,104142763052,25,0,BLUE,false,0,4,3,3,GARGOYLE:3;SPIDER:18,GARGOYLE:3;SPIDER:18
2631,0,0,true,,,utility,curriculum_pass,3,75,104142784880,104142739421,65,0,,false,1,3,3,3,ARCHER:7;GOBLIN:1;MAGE:4,ARCHER:7;GOBLIN:1;MAGE:4
2632,0,0,true,,,curriculum_pass,utility,3,75,104142784880,104142739421,17,0,BLUE,false,0,4,3,3,ARCHER:7;GOBLIN:1;MAGE:4,ARCHER:7;GOBLIN:1;MAGE:4
2633,0,0,true,,,utility,curriculum_pass,3,75,65268398042,65268377975,63,0,,false,11,11,3,3,GOBLIN:22;SCORPION_RIDER:1,GOBLIN:22;SCORPION_RIDER:1
2634,0,0,true,,,curriculum_pass,utility,3,75,65268398042,65268377975,66,0,,false,11,17,3,3,GOBLIN:22;SCORPION_RIDER:1,GOBLIN:22;SCORPION_RIDER:1
2635,0,0,true,,,utility,curriculum_pass,3,75,65276317042,65276302303,16,0,GREEN,false,7,0,3,3,GARGOYLE:3;GOBLIN:2;SCORPION_RIDER:6,GARGOYLE:3;GOBLIN:2;SCORPION_RIDER:6
2636,0,0,true,,,curriculum_pass,utility,3,75,65276317042,65276302303,64,0,,false,7,5,3,3,GARGOYLE:3;GOBLIN:2;SCORPION_RIDER:6,GARGOYLE:3;GOBLIN:2;SCORPION_RIDER:6
2637,0,0,true,,,utility,curriculum_pass,3,75,65284236042,65284259239,16,0,GREEN,false,4,0,3,3,ASSASSIN:5;GOBLIN:13,ASSASSIN:5;GOBLIN:13
2638,0,0,true,,,curriculum_pass,utility,3,75,65284236042,65284259239,62,0,,false,4,6,3,3,ASSASSIN:5;GOBLIN:13,ASSASSIN:5;GOBLIN:13
2639,0,0,true,,,utility,curriculum_pass,3,75,65292155042,65292199439,24,0,GREEN,false,14,0,3,3,GARGOYLE:4;GOBLIN:6;MAGE:4,GARGOYLE:4;GOBLIN:6;MAGE:4
2640,0,0,true,,,curriculum_pass,utility,3,75,65292155042,65292199439,21,0,BLUE,false,0,14,3,3,GARGOYLE:4;GOBLIN:6;MAGE:4,GARGOYLE:4;GOBLIN:6;MAGE:4
2641,0,0,true,,,utility,curriculum_pass,3,75,65300074042,65300123799,8,0,GREEN,false,14,0,2,2,ASSASSIN:5;SPIDER:13,ASSASSIN:5;SPIDER:13
2642,0,0,true,,,curriculum_pass,utility,3,75,65300074042,65300123799,13,0,GREEN,false,2,0,2,2,ASSASSIN:5;SPIDER:13,ASSASSIN:5;SPIDER:13
2643,0,0,true,,,utility,curriculum_pass,3,75,65307993042,65307950463,30,0,GREEN,false,5,0,3,3,SCORPION_RIDER:9;SPIDER:1,SCORPION_RIDER:9;SPIDER:1
2644,0,0,true,,,curriculum_pass,utility,3,75,65307993042,65307950463,169,0,BLUE,false,0,10,3,3,SCORPION_RIDER:9;SPIDER:1,SCORPION_RIDER:9;SPIDER:1
2645,0,0,true,,,utility,curriculum_pass,3,75,104863398042,104863409719,10,0,GREEN,false,9,0,3,3,MAGE:3;SCORPION_RIDER:6;SPIDER:2,MAGE:3;SCORPION_RIDER:6;SPIDER:2
2646,0,0,true,,,curriculum_pass,utility,3,75,104863398042,104863409719,11,0,BLUE,false,0,9,3,3,MAGE:3;SCORPION_RIDER:6;SPIDER:2,MAGE:3;SCORPION_RIDER:6;SPIDER:2
2647,0,0,true,,,utility,curriculum_pass,3,75,104863405961,104863385892,14,0,GREEN,false,14,0,3,3,SCORPION_RIDER:5;SPIDER:11,SCORPION_RIDER:5;SPIDER:11
2648,0,0,true,,,curriculum_pass,utility,3,75,104863405961,104863385892,48,0,,false,16,16,3,3,SCORPION_RIDER:5;SPIDER:11,SCORPION_RIDER:5;SPIDER:11
2649,0,0,true,,,utility,curriculum_pass,3,75,104863413880,104863394005,48,0,,false,17,17,3,3,ARCHER:8;GOBLIN:9,ARCHER:8;GOBLIN:9
2650,0,0,true,,,curriculum_pass,utility,3,75,104863413880,104863394005,48,0,,false,17,17,3,3,ARCHER:8;GOBLIN:9,ARCHER:8;GOBLIN:9
2651,0,0,true,,,utility,curriculum_pass,3,75,104871317042,104871334047,59,0,,false,10,5,3,3,ARCHER:6;ASSASSIN:5;GOBLIN:1,ARCHER:6;ASSASSIN:5;GOBLIN:1
2652,0,0,true,,,curriculum_pass,utility,3,75,104871317042,104871334047,56,0,,false,5,10,3,3,ARCHER:6;ASSASSIN:5;GOBLIN:1,ARCHER:6;ASSASSIN:5;GOBLIN:1
2653,0,0,true,,,utility,curriculum_pass,3,75,104871324961,104871342988,48,0,,false,11,11,3,3,GARGOYLE:2;GOBLIN:1;MAGE:8,GARGOYLE:2;GOBLIN:1;MAGE:8
2654,0,0,true,,,curriculum_pass,utility,3,75,104871324961,104871342988,48,0,,false,11,11,3,3,GARGOYLE:2;GOBLIN:1;MAGE:8,GARGOYLE:2;GOBLIN:1;MAGE:8
2655,0,0,true,,,utility,curriculum_pass,3,75,104871332880,104871318205,14,0,GREEN,false,18,0,3,3,ARCHER:7;GOBLIN:10;SPIDER:1,ARCHER:7;GOBLIN:10;SPIDER:1
2656,0,0,true,,,curriculum_pass,utility,3,75,104871332880,104871318205,54,0,,false,17,18,3,3,ARCHER:7;GOBLIN:10;SPIDER:1,ARCHER:7;GOBLIN:10;SPIDER:1
2657,0,0,true,,,utility,curriculum_pass,3,75,104879236042,104879291751,8,0,GREEN,false,11,0,2,2,ASSASSIN:8;SPIDER:6,ASSASSIN:8;SPIDER:6
2658,0,0,true,,,curriculum_pass,utility,3,75,104879236042,104879291751,13,0,BLUE,false,0,6,2,2,ASSASSIN:8;SPIDER:6,ASSASSIN:8;SPIDER:6
2659,0,0,true,,,utility,curriculum_pass,3,75,104879243961,104879266836,48,0,,false,17,17,3,3,ARCHER:8;SPIDER:9,ARCHER:8;SPIDER:9
2660,0,0,true,,,curriculum_pass,utility,3,75,104879243961,104879266836,13,0,BLUE,false,0,8,3,3,ARCHER:8;SPIDER:9,ARCHER:8;SPIDER:9
2661,0,0,true,,,utility,curriculum_pass,3,75,104879251880,104879275781,18,0,GREEN,false,1,0,3,3,ASSASSIN:5;GOBLIN:13,ASSASSIN:5;GOBLIN:13
2662,0,0,true,,,curriculum_pass,utility,3,75,104879251880,104879275781,13,0,BLUE,false,0,4,3,3,ASSASSIN:5;GOBLIN:13,ASSASSIN:5;GOBLIN:13
2663,0,0,true,,,utility,curriculum_pass,3,75,166417785042,166417743487,34,0,GREEN,false,6,0,3,3,ASSASSIN:4;GARGOYLE:6;GOBLIN:1,ASSASSIN:4;GARGOYLE:6;GOBLIN:1
2664,0,0,true,,,curriculum_pass,utility,3,75,166417785042,166417743487,35,0,BLUE,false,0,7,3,3,ASSASSIN:4;GARGOYLE:6;GOBLIN:1,ASSASSIN:4;GARGOYLE:6;GOBLIN:1
2665,0,0,true,,,utility,curriculum_pass,3,75,166417792961,166417736044,10,0,GREEN,false,6,0,3,3,ASSASSIN:8;MAGE:2;SPIDER:1,ASSASSIN:8;MAGE:2;SPIDER:1
2666,0,0,true,,,curriculum_pass,utility,3,75,166417792961,166417736044,60,0,,false,2,4,3,3,ASSASSIN:8;MAGE:2;SPIDER:1,ASSASSIN:8;MAGE:2;SPIDER:1
2667,0,0,true,,,utility,curriculum_pass,3,75,166417800880,166417842205,14,0,GREEN,false,25,0,3,3,GOBLIN:10;SPIDER:15,GOBLIN:10;SPIDER:15
2668,0,0,true,,,curriculum_pass,utility,3,75,166417800880,166417842205,13,0,BLUE,false,0,10,3,3,GOBLIN:10;SPIDER:15,GOBLIN:10;SPIDER:15
2669,0,0,true,,,utility,curriculum_pass,3,75,166417808799,166417851186,61,0,,false,9,4,4,4,ARCHER:12;GOBLIN:1,ARCHER:12;GOBLIN:1
2670,0,0,true,,,curriculum_pass,utility,3,75,166417808799,166417851186,13,0,BLUE,false,0,8,4,4,ARCHER:12;GOBLIN:1,ARCHER:12;GOBLIN:1
2671,0,0,true,,,utility,curriculum_pass,3,75,104887155042,104887101391,14,0,GREEN,false,6,0,3,3,ARCHER:1;ASSASSIN:7;GOLEM:2,ARCHER:1;ASSASSIN:7;GOLEM:2
2672,0,0,true,,,curriculum_pass,utility,3,75,104887155042,104887101391,11,0,BLUE,false,0,3,3,3,ARCHER:1;ASSASSIN:7;GOLEM:2,ARCHER:1;ASSASSIN:7;GOLEM:2
2673,0,0,true,,,utility,curriculum_pass,3,75,104887162961,104887207676,6,0,GREEN,false,11,0,2,2,ARCHER:7;SCORPION_RIDER:4,ARCHER:7;SCORPION_RIDER:4
2674,0,0,true,,,curriculum_pass,utility,3,75,104887162961,104887207676,7,0,BLUE,false,0,11,2,2,ARCHER:7;SCORPION_RIDER:4,ARCHER:7;SCORPION_RIDER:4
2675,0,0,true,,,utility,curriculum_pass,3,75,104887170880,104887216621,8,0,GREEN,false,8,0,2,2,ARCHER:4;ASSASSIN:7,ARCHER:4;ASSASSIN:7
2676,0,0,true,,,curriculum_pass,utility,3,75,104887170880,104887216621,11,0,BLUE,false,0,9,2,2,ARCHER:4;ASSASSIN:7,ARCHER:4;ASSASSIN:7
2677,0,0,true,,,utility,curriculum_pass,3,75,166425704042,166425684167,48,0,,false,11,11,4,4,ARCHER:1;GOLEM:1;MAGE:8;SPIDER:1,ARCHER:1;GOLEM:1;MAGE:8;SPIDER:1
2678,0,0,true,,,curriculum_pass,utility,3,75,166425704042,166425684167,48,0,,false,11,11,4,4,ARCHER:1;GOLEM:1;MAGE:8;SPIDER:1,ARCHER:1;GOLEM:1;MAGE:8;SPIDER:1
2679,0,0,true,,,utility,curriculum_pass,3,75,166425711961,166425660404,12,0,GREEN,false,5,0,3,3,GARGOYLE:1;GOBLIN:9;SCORPION_RIDER:5,GARGOYLE:1;GOBLIN:9;SCORPION_RIDER:5
2680,0,0,true,,,curriculum_pass,utility,3,75,166425711961,166425660404,21,0,BLUE,false,0,5,3,3,GARGOYLE:1;GOBLIN:9;SCORPION_RIDER:5,GARGOYLE:1;GOBLIN:9;SCORPION_RIDER:5
2681,0,0,true,,,utility,curriculum_pass,3,75,166425719880,166425668325,12,0,GREEN,false,12,0,3,3,SCORPION_RIDER:4;SPIDER:14,SCORPION_RIDER:4;SPIDER:14
2682,0,0,true,,,curriculum_pass,utility,3,75,166425719880,166425668325,13,0,BLUE,false,0,18,3,3,SCORPION_RIDER:4;SPIDER:14,SCORPION_RIDER:4;SPIDER:14
2683,0,0,true,,,utility,curriculum_pass,3,75,166425727799,166425775514,12,0,GREEN,false,13,0,3,3,GOLEM:4;SCORPION_RIDER:1;SPIDER:9,GOLEM:4;SCORPION_RIDER:1;SPIDER:9
2684,0,0,true,,,curriculum_pass,utility,3,75,166425727799,166425775514,25,0,BLUE,false,0,13,3,3,GOLEM:4;SCORPION_RIDER:1;SPIDER:9,GOLEM:4;SCORPION_RIDER:1;SPIDER:9
2685,0,0,true,,,utility,curriculum_pass,3,75,104895074042,104895025239,28,0,GREEN,false,7,0,2,2,GARGOYLE:6;SPIDER:11,GARGOYLE:6;SPIDER:11
2686,0,0,true,,,curriculum_pass,utility,3,75,104895074042,104895025239,33,0,BLUE,false,0,7,2,2,GARGOYLE:6;SPIDER:11,GARGOYLE:6;SPIDER:11
2687,0,0,true,,,utility,curriculum_pass,3,75,104895081961,104895034180,10,0,GREEN,false,11,0,4,4,ARCHER:2;GOBLIN:12;MAGE:3;SPIDER:2,ARCHER:2;GOBLIN:12;MAGE:3;SPIDER:2
2688,0,0,true,,,curriculum_pass,utility,3,75,104895081961,104895034180,11,0,BLUE,false,0,11,4,4,ARCHER:2;GOBLIN:12;MAGE:3;SPIDER:2,ARCHER:2;GOBLIN:12;MAGE:3;SPIDER:2
2689,0,0,true,,,utility,curriculum_pass,3,75,104895089880,104895140469,61,0,,false,19,16,3,3,GOBLIN:1;SCORPION_RIDER:3;SPIDER:16,GOBLIN:1;SCORPION_RIDER:3;SPIDER:16
2690,0,0,true,,,curriculum_pass,utility,3,75,104895089880,104895140469,56,0,,false,13,18,3,3,GOBLIN:1;SCORPION_RIDER:3;SPIDER:16,GOBLIN:1;SCORPION_RIDER:3;SPIDER:16
2691,0,0,true,,,utility,curriculum_pass,3,75,104902993042,104902982207,20,0,GREEN,false,5,0,2,2,GOBLIN:11;SCORPION_RIDER:5,GOBLIN:11;SCORPION_RIDER:5
2692,0,0,true,,,curriculum_pass,utility,3,75,104902993042,104902982207,58,0,,false,5,13,2,2,GOBLIN:11;SCORPION_RIDER:5,GOBLIN:11;SCORPION_RIDER:5
2693,0,0,true,,,utility,curriculum_pass,3,75,104903000961,104902958380,14,0,GREEN,false,2,0,3,3,ASSASSIN:2;MAGE:8;SPIDER:1,ASSASSIN:2;MAGE:8;SPIDER:1
2694,0,0,true,,,curriculum_pass,utility,3,75,104903000961,104902958380,13,0,BLUE,false,0,5,3,3,ASSASSIN:2;MAGE:8;SPIDER:1,ASSASSIN:2;MAGE:8;SPIDER:1
2695,0,0,true,,,utility,curriculum_pass,3,75,104903008880,104902966493,48,0,,false,15,15,2,2,GOLEM:4;SPIDER:11,GOLEM:4;SPIDER:11
2696,0,0,true,,,curriculum_pass,utility,3,75,104903008880,104902966493,17,0,BLUE,false,0,5,2,2,GOLEM:4;SPIDER:11,GOLEM:4;SPIDER:11
2697,0,0,true,,,utility,curriculum_pass,3,75,104910912042,104910922887,10,0,GREEN,false,11,0,3,3,ASSASSIN:3;MAGE:7;SPIDER:1,ASSASSIN:3;MAGE:7;SPIDER:1
2698,0,0,true,,,curriculum_pass,utility,3,75,104910912042,104910922887,9,0,BLUE,false,0,11,3,3,ASSASSIN:3;MAGE:7;SPIDER:1,ASSASSIN:3;MAGE:7;SPIDER:1
2699,0,0,true,,,utility,curriculum_pass,3,75,104910919961,104910899124,48,0,,false,15,15,3,3,GOBLIN:7;MAGE:7;SPIDER:1,GOBLIN:7;MAGE:7;SPIDER:1
2700,0,0,true,,,curriculum_pass,utility,3,75,104910919961,104910899124,63,0,BLUE,false,0,10,3,3,GOBLIN:7;MAGE:7;SPIDER:1,GOBLIN:7;MAGE:7;SPIDER:1
2701,0,0,true,,,utility,curriculum_pass,3,75,104910927880,104910907045,59,0,,false,8,5,3,3,ASSASSIN:5;GARGOYLE:5;SPIDER:1,ASSASSIN:5;GARGOYLE:5;SPIDER:1
2702,0,0,true,,,curriculum_pass,utility,3,75,104910927880,104910907045,62,0,,false,5,8,3,3,ASSASSIN:5;GARGOYLE:5;SPIDER:1,ASSASSIN:5;GARGOYLE:5;SPIDER:1
2703,0,0,true,,,utility,curriculum_pass,3,75,104918831042,104918847855,55,0,,false,5,4,3,3,ASSASSIN:7;GOBLIN:1;MAGE:3,ASSASSIN:7;GOBLIN:1;MAGE:3
2704,0,0,true,,,curriculum_pass,utility,3,75,104918831042,104918847855,13,0,BLUE,false,0,9,3,3,ASSASSIN:7;GOBLIN:1;MAGE:3,ASSASSIN:7;GOBLIN:1;MAGE:3
2705,0,0,true,,,utility,curriculum_pass,3,75,104918838961,104918855708,48,0,,false,20,20,4,4,ARCHER:5;GOBLIN:1;SPIDER:14,ARCHER:5;GOBLIN:1;SPIDER:14
2706,0,0,true,,,curriculum_pass,utility,3,75,104918838961,104918855708,60,0,,false,18,20,4,4,ARCHER:5;GOBLIN:1;SPIDER:14,ARCHER:5;GOBLIN:1;SPIDER:14
2707,0,0,true,,,utility,curriculum_pass,3,75,104918846880,104918831885,14,0,GREEN,false,7,0,2,2,GARGOYLE:5;SCORPION_RIDER:5,GARGOYLE:5;SCORPION_RIDER:5
2708,0,0,true,,,curriculum_pass,utility,3,75,104918846880,104918831885,23,0,BLUE,false,0,8,2,2,GARGOYLE:5;SCORPION_RIDER:5,GARGOYLE:5;SCORPION_RIDER:5
2709,0,0,true,,,utility,curriculum_pass,3,75,104926750042,104926804983,57,0,,false,16,15,3,3,GOBLIN:12;GOLEM:3;SCORPION_RIDER:1,GOBLIN:12;GOLEM:3;SCORPION_RIDER:1
2710,0,0,true,,,curriculum_pass,utility,3,75,104926750042,104926804983,58,0,,false,15,16,3,3,GOBLIN:12;GOLEM:3;SCORPION_RIDER:1,GOBLIN:12;GOLEM:3;SCORPION_RIDER:1
2711,0,0,true,,,utility,curriculum_pass,3,75,104926757961,104926780132,14,0,GREEN,false,10,0,3,3,GOBLIN:8;MAGE:7,GOBLIN:8;MAGE:7
2712,0,0,true,,,curriculum_pass,utility,3,75,104926757961,104926780132,9,0,BLUE,false,0,15,3,3,GOBLIN:8;MAGE:7,GOBLIN:8;MAGE:7
2713,0,0,true,,,utility,curriculum_pass,3,75,104926765880,104926789013,59,0,,false,14,4,3,3,GOBLIN:11;SCORPION_RIDER:5,GOBLIN:11;SCORPION_RIDER:5
2714,0,0,true,,,curriculum_pass,utility,3,75,104926765880,104926789013,66,0,,false,5,12,3,3,GOBLIN:11;SCORPION_RIDER:5,GOBLIN:11;SCORPION_RIDER:5
2715,0,0,true,,,utility,curriculum_pass,3,75,104934669042,104934614111,8,0,GREEN,false,11,0,3,3,ASSASSIN:3;MAGE:7;SPIDER:1,ASSASSIN:3;MAGE:7;SPIDER:1
2716,0,0,true,,,curriculum_pass,utility,3,75,104934669042,104934614111,15,0,BLUE,false,0,7,3,3,ASSASSIN:3;MAGE:7;SPIDER:1,ASSASSIN:3;MAGE:7;SPIDER:1
2717,0,0,true,,,utility,curriculum_pass,3,75,104934676961,104934721356,77,0,,false,6,9,2,2,GARGOYLE:5;GOLEM:4,GARGOYLE:5;GOLEM:4
2718,0,0,true,,,curriculum_pass,utility,3,75,104934676961,104934721356,33,0,BLUE,false,0,6,2,2,GARGOYLE:5;GOLEM:4,GARGOYLE:5;GOLEM:4
2719,0,0,true,,,utility,curriculum_pass,3,75,104934684880,104934729341,12,0,GREEN,false,7,0,3,3,ARCHER:1;GARGOYLE:3;SCORPION_RIDER:6,ARCHER:1;GARGOYLE:3;SCORPION_RIDER:6
2720,0,0,true,,,curriculum_pass,utility,3,75,104934684880,104934729341,48,0,,false,10,10,3,3,ARCHER:1;GARGOYLE:3;SCORPION_RIDER:6,ARCHER:1;GARGOYLE:3;SCORPION_RIDER:6
2721,0,0,true,,,utility,curriculum_pass,3,75,66060298042,66060351895,8,0,GREEN,false,11,0,3,3,ARCHER:7;ASSASSIN:4;SPIDER:1,ARCHER:7;ASSASSIN:4;SPIDER:1
2722,0,0,true,,,curriculum_pass,utility,3,75,66060298042,66060351895,11,0,BLUE,false,0,10,3,3,ARCHER:7;ASSASSIN:4;SPIDER:1,ARCHER:7;ASSASSIN:4;SPIDER:1
2723,0,0,true,,,utility,curriculum_pass,3,75,66068217042,66068161151,22,0,GREEN,false,8,0,4,4,ARCHER:5;ASSASSIN:1;GARGOYLE:5;SPIDER:1,ARCHER:5;ASSASSIN:1;GARGOYLE:5;SPIDER:1
2724,0,0,true,,,curriculum_pass,utility,3,75,66068217042,66068161151,25,0,BLUE,false,0,9,4,4,ARCHER:5;ASSASSIN:1;GARGOYLE:5;SPIDER:1,ARCHER:5;ASSASSIN:1;GARGOYLE:5;SPIDER:1
2725,0,0,true,,,utility,curriculum_pass,3,75,66076136042,66076085447,22,0,GREEN,false,5,0,2,2,GOLEM:4;MAGE:5,GOLEM:4;MAGE:5
2726,0,0,true,,,curriculum_pass,utility,3,75,66076136042,66076085447,19,0,BLUE,false,0,7,2,2,GOLEM:4;MAGE:5,GOLEM:4;MAGE:5
2727,0,0,true,,,utility,curriculum_pass,3,75,66084055042,66084042415,61,0,,false,11,5,3,3,SCORPION_RIDER:5;SPIDER:11,SCORPION_RIDER:5;SPIDER:11
2728,0,0,true,,,curriculum_pass,utility,3,75,66084055042,66084042415,39,0,BLUE,false,0,11,3,3,SCORPION_RIDER:5;SPIDER:11,SCORPION_RIDER:5;SPIDER:11
2729,0,0,true,,,utility,curriculum_pass,3,75,66091974042,66091983671,12,0,GREEN,false,4,0,3,3,ASSASSIN:1;GOBLIN:12;SCORPION_RIDER:4,ASSASSIN:1;GOBLIN:12;SCORPION_RIDER:4
2730,0,0,true,,,curriculum_pass,utility,3,75,66091974042,66091983671,15,0,BLUE,false,0,6,3,3,ASSASSIN:1;GOBLIN:12;SCORPION_RIDER:4,ASSASSIN:1;GOBLIN:12;SCORPION_RIDER:4
2731,0,0,true,,,utility,curriculum_pass,3,75,66099893042,66099907999,10,0,GREEN,false,21,0,3,3,ARCHER:1;GOBLIN:12;SPIDER:11,ARCHER:1;GOBLIN:12;SPIDER:11
2732,0,0,true,,,curriculum_pass,utility,3,75,66099893042,66099907999,29,0,BLUE,false,0,21,3,3,ARCHER:1;GOBLIN:12;SPIDER:11,ARCHER:1;GOBLIN:12;SPIDER:11
2733,0,0,true,,,utility,curriculum_pass,3,75,105655298042,105655253335,48,0,,false,18,18,3,3,GOBLIN:15;GOLEM:3,GOBLIN:15;GOLEM:3
2734,0,0,true,,,curriculum_pass,utility,3,75,105655298042,105655253335,48,0,,false,18,18,3,3,GOBLIN:15;GOLEM:3,GOBLIN:15;GOLEM:3
2735,0,0,true,,,utility,curriculum_pass,3,75,105655305961,105655359556,63,0,,false,9,9,3,3,ARCHER:9;MAGE:3,ARCHER:9;MAGE:3
2736,0,0,true,,,curriculum_pass,utility,3,75,105655305961,105655359556,11,0,BLUE,false,0,6,3,3,ARCHER:9;MAGE:3,ARCHER:9;MAGE:3
2737,0,0,true,,,utility,curriculum_pass,3,75,105655313880,105655368565,57,0,,false,16,5,2,2,ASSASSIN:5;SPIDER:13,ASSASSIN:5;SPIDER:13
2738,0,0,true,,,curriculum_pass,utility,3,75,105655313880,105655368565,60,0,,false,11,13,2,2,ASSASSIN:5;SPIDER:13,ASSASSIN:5;SPIDER:13
2739,0,0,true,,,utility,curriculum_pass,3,75,105663217042,105663193919,18,0,GREEN,false,6,0,3,3,GOBLIN:9;SCORPION_RIDER:6,GOBLIN:9;SCORPION_RIDER:6
2740,0,0,true,,,curriculum_pass,utility,3,75,105663217042,105663193919,17,0,BLUE,false,0,9,3,3,GOBLIN:9;SCORPION_RIDER:6,GOBLIN:9;SCORPION_RIDER:6
2741,0,0,true,,,utility,curriculum_pass,3,75,105663224961,105663169068,10,0,GREEN,false,9,0,3,3,ASSASSIN:3;GOBLIN:1;MAGE:7,ASSASSIN:3;GOBLIN:1;MAGE:7
2742,0,0,true,,,curriculum_pass,utility,3,75,105663224961,105663169068,9,0,BLUE,false,0,11,3,3,ASSASSIN:3;GOBLIN:1;MAGE:7,ASSASSIN:3;GOBLIN:1;MAGE:7
2743,0,0,true,,,utility,curriculum_pass,3,75,105663232880,105663178205,58,0,GREEN,false,5,0,3,3,ARCHER:2;GARGOYLE:9,ARCHER:2;GARGOYLE:9
2744,0,0,true,,,curriculum_pass,utility,3,75,105663232880,105663178205,21,0,BLUE,false,0,11,3,3,ARCHER:2;GARGOYLE:9,ARCHER:2;GARGOYLE:9
2745,0,0,true,,,utility,curriculum_pass,3,75,167201766042,167201776695,48,0,GREEN,false,4,0,3,3,GARGOYLE:5;GOBLIN:13,GARGOYLE:5;GOBLIN:13
2746,0,0,true,,,curriculum_pass,utility,3,75,167201766042,167201776695,23,0,BLUE,false,0,6,3,3,GARGOYLE:5;GOBLIN:13,GARGOYLE:5;GOBLIN:13
2747,0,0,true,,,utility,curriculum_pass,3,75,167201773961,167201752868,12,0,GREEN,false,1,0,3,3,ASSASSIN:8;GOBLIN:1;SCORPION_RIDER:2,ASSASSIN:8;GOBLIN:1;SCORPION_RIDER:2
2748,0,0,true,,,curriculum_pass,utility,3,75,167201773961,167201752868,9,0,BLUE,false,0,5,3,3,ASSASSIN:8;GOBLIN:1;SCORPION_RIDER:2,ASSASSIN:8;GOBLIN:1;SCORPION_RIDER:2
2749,0,0,true,,,utility,curriculum_pass,3,75,167201781880,167201760981,8,0,GREEN,false,16,0,3,3,ARCHER:8;GOBLIN:8;SPIDER:1,ARCHER:8;GOBLIN:8;SPIDER:1
2750,0,0,true,,,curriculum_pass,utility,3,75,167201781880,167201760981,11,0,BLUE,false,0,13,3,3,ARCHER:8;GOBLIN:8;SPIDER:1,ARCHER:8;GOBLIN:8;SPIDER:1
2751,0,0,true,,,utility,curriculum_pass,3,75,167201789799,167201737162,48,0,,false,9,9,2,2,GOLEM:4;MAGE:5,GOLEM:4;MAGE:5
2752,0,0,true,,,curriculum_pass,utility,3,75,167201789799,167201737162,17,0,BLUE,false,0,7,2,2,GOLEM:4;MAGE:5,GOLEM:4;MAGE:5
2753,0,0,true,,,utility,curriculum_pass,3,75,105671136042,105671118215,48,0,,false,12,12,3,3,ARCHER:7;GARGOYLE:4;GOBLIN:1,ARCHER:7;GARGOYLE:4;GOBLIN:1
2754,0,0,true,,,curriculum_pass,utility,3,75,105671136042,105671118215,54,0,,false,12,11,3,3,ARCHER:7;GARGOYLE:4;GOBLIN:1,ARCHER:7;GARGOYLE:4;GOBLIN:1
2755,0,0,true,,,utility,curriculum_pass,3,75,105671143961,105671126196,16,0,GREEN,false,9,0,2,2,GOBLIN:11;MAGE:6,GOBLIN:11;MAGE:6
2756,0,0,true,,,curriculum_pass,utility,3,75,105671143961,105671126196,11,0,BLUE,false,0,10,2,2,GOBLIN:11;MAGE:6,GOBLIN:11;MAGE:6
2757,0,0,true,,,utility,curriculum_pass,3,75,105671151880,105671102373,58,0,GREEN,false,13,0,3,3,GOBLIN:12;SCORPION_RIDER:4;SPIDER:2,GOBLIN:12;SCORPION_RIDER:4;SPIDER:2
2758,0,0,true,,,curriculum_pass,utility,3,75,105671151880,105671102373,15,0,BLUE,false,0,9,3,3,GOBLIN:12;SCORPION_RIDER:4;SPIDER:2,GOBLIN:12;SCORPION_RIDER:4;SPIDER:2
2759,0,0,true,,,utility,curriculum_pass,3,75,105679055042,105679074927,71,0,,false,7,7,2,2,ARCHER:7;SPIDER:11,ARCHER:7;SPIDER:11
2760,0,0,true,,,curriculum_pass,utility,3,75,105679055042,105679074927,48,0,,false,18,18,2,2,ARCHER:7;SPIDER:11,ARCHER:7;SPIDER:11
2761,0,0,true,,,utility,curriculum_pass,3,75,105679062961,105679051036,12,0,GREEN,false,14,0,3,3,ARCHER:7;SPIDER:11,ARCHER:7;SPIDER:11
2762,0,0,true,,,curriculum_pass,utility,3,75,105679062961,105679051036,48,0,,false,18,18,3,3,ARCHER:7;SPIDER:11,ARCHER:7;SPIDER:11
2763,0,0,true,,,utility,curriculum_pass,3,75,105679070880,105679058957,20,0,GREEN,false,6,0,4,4,ARCHER:2;ASSASSIN:4;GOBLIN:1;SCORPION_RIDER:4,ARCHER:2;ASSASSIN:4;GOBLIN:1;SCORPION_RIDER:4
2764,0,0,true,,,curriculum_pass,utility,3,75,105679070880,105679058957,25,0,BLUE,false,0,4,4,4,ARCHER:2;ASSASSIN:4;GOBLIN:1;SCORPION_RIDER:4,ARCHER:2;ASSASSIN:4;GOBLIN:1;SCORPION_RIDER:4
2765,0,0,true,,,utility,curriculum_pass,3,75,105686974042,105687015671,59,0,,false,13,5,2,2,GOBLIN:11;SCORPION_RIDER:5,GOBLIN:11;SCORPION_RIDER:5
2766,0,0,true,,,curriculum_pass,utility,3,75,105686974042,105687015671,48,0,,false,16,16,2,2,GOBLIN:11;SCORPION_RIDER:5,GOBLIN:11;SCORPION_RIDER:5
2767,0,0,true,,,utility,curriculum_pass,3,75,105686981961,105686991844,48,0,,false,13,13,3,3,ARCHER:12;GOBLIN:1,ARCHER:12;GOBLIN:1
2768,0,0,true,,,curriculum_pass,utility,3,75,105686981961,105686991844,48,0,,false,13,13,3,3,ARCHER:12;GOBLIN:1,ARCHER:12;GOBLIN:1
2769,0,0,true,,,utility,curriculum_pass,3,75,105686989880,105686999701,30,0,GREEN,false,4,0,3,3,GARGOYLE:3;MAGE:7;SPIDER:1,GARGOYLE:3;MAGE:7;SPIDER:1
2770,0,0,true,,,curriculum_pass,utility,3,75,105686989880,105686999701,21,0,BLUE,false,0,9,3,3,GARGOYLE:3;MAGE:7;SPIDER:1,GARGOYLE:3;MAGE:7;SPIDER:1
2771,0,0,true,,,utility,curriculum_pass,3,75,105694893042,105694940511,8,0,GREEN,false,13,0,2,2,ARCHER:7;SPIDER:11,ARCHER:7;SPIDER:11
2772,0,0,true,,,curriculum_pass,utility,3,75,105694893042,105694940511,48,0,,false,18,18,2,2,ARCHER:7;SPIDER:11,ARCHER:7;SPIDER:11
2773,0,0,true,,,utility,curriculum_pass,3,75,105694900961,105694948428,8,0,GREEN,false,12,0,3,3,ARCHER:7;ASSASSIN:4;SPIDER:1,ARCHER:7;ASSASSIN:4;SPIDER:1
2774,0,0,true,,,curriculum_pass,utility,3,75,105694900961,105694948428,9,0,BLUE,false,0,10,3,3,ARCHER:7;ASSASSIN:4;SPIDER:1,ARCHER:7;ASSASSIN:4;SPIDER:1
2775,0,0,true,,,utility,curriculum_pass,3,75,105694908880,105694924669,12,0,GREEN,false,6,0,3,3,ARCHER:1;GOLEM:2;MAGE:7,ARCHER:1;GOLEM:2;MAGE:7
2776,0,0,true,,,curriculum_pass,utility,3,75,105694908880,105694924669,17,0,BLUE,false,0,8,3,3,ARCHER:1;GOLEM:2;MAGE:7,ARCHER:1;GOLEM:2;MAGE:7
2777,0,0,true,,,utility,curriculum_pass,3,75,167233442042,167233392215,26,0,GREEN,false,10,0,4,4,GOBLIN:3;SCORPION_RIDER:2;SPIDER:16,GOBLIN:3;SCORPION_RIDER:2;SPIDER:16
2778,0,0,true,,,curriculum_pass,utility,3,75,167233442042,167233392215,25,0,BLUE,false,0,11,4,4,GOBLIN:3;SCORPION_RIDER:2;SPIDER:16,GOBLIN:3;SCORPION_RIDER:2;SPIDER:16
2779,0,0,true,,,utility,curriculum_pass,3,75,167233449961,167233401156,48,0,,false,25,25,3,3,GOBLIN:1;SPIDER:24,GOBLIN:1;SPIDER:24
2780,0,0,true,,,curriculum_pass,utility,3,75,167233449961,167233401156,15,0,GREEN,false,2,0,3,3,GOBLIN:1;SPIDER:24,GOBLIN:1;SPIDER:24
2781,0,0,true,,,utility,curriculum_pass,3,75,167233457880,167233507445,61,0,,false,4,5,3,3,ASSASSIN:7;GARGOYLE:3;SPIDER:1,ASSASSIN:7;GARGOYLE:3;SPIDER:1
2782,0,0,true,,,curriculum_pass,utility,3,75,167233457880,167233507445,60,0,,false,3,5,3,3,ASSASSIN:7;GARGOYLE:3;SPIDER:1,ASSASSIN:7;GARGOYLE:3;SPIDER:1
2783,0,0,true,,,utility,curriculum_pass,3,75,167233465799,167233516394,48,0,,false,24,24,3,3,ARCHER:1;SPIDER:23,ARCHER:1;SPIDER:23
2784,0,0,true,,,curriculum_pass,utility,3,75,167233465799,167233516394,82,0,,false,9,24,3,3,ARCHER:1;SPIDER:23,ARCHER:1;SPIDER:23
2785,0,0,true,,,utility,curriculum_pass,3,75,105702812042,105702766375,65,0,,false,6,4,3,3,GOLEM:4;SCORPION_RIDER:4;SPIDER:1,GOLEM:4;SCORPION_RIDER:4;SPIDER:1
2786,0,0,true,,,curriculum_pass,utility,3,75,105702812042,105702766375,56,0,,false,9,8,3,3,GOLEM:4;SCORPION_RIDER:4;SPIDER:1,GOLEM:4;SCORPION_RIDER:4;SPIDER:1
2787,0,0,true,,,utility,curriculum_pass,3,75,105702819961,105702872788,53,0,,false,8,8,3,3,ASSASSIN:3;SCORPION_RIDER:6;SPIDER:2,ASSASSIN:3;SCORPION_RIDER:6;SPIDER:2
2788,0,0,true,,,curriculum_pass,utility,3,75,105702819961,105702872788,56,0,,false,8,8,3,3,ASSASSIN:3;SCORPION_RIDER:6;SPIDER:2,ASSASSIN:3;SCORPION_RIDER:6;SPIDER:2
2789,0,0,true,,,utility,curriculum_pass,3,75,105702827880,105702881733,57,0,,false,16,15,3,3,ARCHER:8;GOBLIN:2;SPIDER:7,ARCHER:8;GOBLIN:2;SPIDER:7
2790,0,0,true,,,curriculum_pass,utility,3,75,105702827880,105702881733,48,0,,false,17,17,3,3,ARCHER:8;GOBLIN:2;SPIDER:7,ARCHER:8;GOBLIN:2;SPIDER:7
2791,0,0,true,,,utility,curriculum_pass,3,75,105710731042,105710707087,12,0,GREEN,false,10,0,4,4,ASSASSIN:1;GOBLIN:13;MAGE:4,ASSASSIN:1;GOBLIN:13;MAGE:4
2792,0,0,true,,,curriculum_pass,utility,3,75,105710731042,105710707087,13,0,BLUE,false,0,14,4,4,ASSASSIN:1;GOBLIN:13;MAGE:4,ASSASSIN:1;GOBLIN:13;MAGE:4
2793,0,0,true,,,utility,curriculum_pass,3,75,105710738961,105710682300,14,0,GREEN,false,12,0,3,3,ARCHER:7;GOBLIN:8;SCORPION_RIDER:1,ARCHER:7;GOBLIN:8;SCORPION_RIDER:1
2794,0,0,true,,,curriculum_pass,utility,3,75,105710738961,105710682300,15,0,BLUE,false,0,9,3,3,ARCHER:7;GOBLIN:8;SCORPION_RIDER:1,ARCHER:7;GOBLIN:8;SCORPION_RIDER:1
2795,0,0,true,,,utility,curriculum_pass,3,75,105710746880,105710691245,10,0,GREEN,false,7,0,2,2,ASSASSIN:6;GOBLIN:11,ASSASSIN:6;GOBLIN:11
2796,0,0,true,,,curriculum_pass,utility,3,75,105710746880,105710691245,13,0,BLUE,false,0,1,2,2,ASSASSIN:6;GOBLIN:11,ASSASSIN:6;GOBLIN:11
2797,0,0,true,,,utility,curriculum_pass,3,75,167249280042,167249289863,61,0,,false,14,5,3,3,GARGOYLE:1;GOBLIN:12;SCORPION_RIDER:4,GARGOYLE:1;GOBLIN:12;SCORPION_RIDER:4
2798,0,0,true,,,curriculum_pass,utility,3,75,167249280042,167249289863,17,0,BLUE,false,0,8,3,3,GARGOYLE:1;GOBLIN:12;SCORPION_RIDER:4,GARGOYLE:1;GOBLIN:12;SCORPION_RIDER:4
2799,0,0,true,,,utility,curriculum_pass,3,75,167249287961,167249266100,16,0,GREEN,false,12,0,3,3,ARCHER:8;GOBLIN:9,ARCHER:8;GOBLIN:9
2800,0,0,true,,,curriculum_pass,utility,3,75,167249287961,167249266100,9,0,BLUE,false,0,14,3,3,ARCHER:8;GOBLIN:9,ARCHER:8;GOBLIN:9
2801,0,0,true,,,utility,curriculum_pass,3,75,167249295880,167249274021,16,0,GREEN,false,4,0,2,2,ASSASSIN:5;GOLEM:4,ASSASSIN:5;GOLEM:4
2802,0,0,true,,,curriculum_pass,utility,3,75,167249295880,167249274021,70,0,,false,2,2,2,2,ASSASSIN:5;GOLEM:4,ASSASSIN:5;GOLEM:4
2803,0,0,true,,,utility,curriculum_pass,3,75,167249303799,167249249882,10,0,GREEN,false,3,0,2,2,ASSASSIN:5;SCORPION_RIDER:5,ASSASSIN:5;SCORPION_RIDER:5
2804,0,0,true,,,curriculum_pass,utility,3,75,167249303799,167249249882,56,0,,false,4,1,2,2,ASSASSIN:5;SCORPION_RIDER:5,ASSASSIN:5;SCORPION_RIDER:5
2805,0,0,true,,,utility,curriculum_pass,3,75,105718650042,105718630935,61,0,,false,8,5,3,3,GOBLIN:1;MAGE:8;SPIDER:5,GOBLIN:1;MAGE:8;SPIDER:5
2806,0,0,true,,,curriculum_pass,utility,3,75,105718650042,105718630935,11,0,BLUE,false,0,9,3,3,GOBLIN:1;MAGE:8;SPIDER:5,GOBLIN:1;MAGE:8;SPIDER:5
2807,0,0,true,,,utility,curriculum_pass,3,75,105718657961,105718639876,68,0,GREEN,false,18,0,3,3,GARGOYLE:4;GOBLIN:15,GARGOYLE:4;GOBLIN:15
2808,0,0,true,,,curriculum_pass,utility,3,75,105718657961,105718639876,69,0,BLUE,false,0,15,3,3,GARGOYLE:4;GOBLIN:15,GARGOYLE:4;GOBLIN:15
2809,0,0,true,,,utility,curriculum_pass,3,75,105718665880,105718615093,10,0,GREEN,false,10,0,2,2,SPIDER:25,SPIDER:25
2810,0,0,true,,,curriculum_pass,utility,3,75,105718665880,105718615093,15,0,BLUE,false,0,8,2,2,SPIDER:25,SPIDER:25
2811,0,0,true,,,utility,curriculum_pass,3,75,167257199042,167257214831,28,0,GREEN,false,15,0,3,3,GOBLIN:11;SPIDER:14,GOBLIN:11;SPIDER:14
2812,0,0,true,,,curriculum_pass,utility,3,75,167257199042,167257214831,48,0,,false,25,25,3,3,GOBLIN:11;SPIDER:14,GOBLIN:11;SPIDER:14
2813,0,0,true,,,utility,curriculum_pass,3,75,167257206961,167257222684,61,0,,false,15,14,3,3,GOBLIN:25,GOBLIN:25
2814,0,0,true,,,curriculum_pass,utility,3,75,167257206961,167257222684,48,0,,false,25,25,3,3,GOBLIN:25,GOBLIN:25
2815,0,0,true,,,utility,curriculum_pass,3,75,167257214880,167257198861,10,0,GREEN,false,9,0,2,2,ARCHER:8;SPIDER:9,ARCHER:8;SPIDER:9
2816,0,0,true,,,curriculum_pass,utility,3,75,167257214880,167257198861,11,0,BLUE,false,0,11,2,2,ARCHER:8;SPIDER:9,ARCHER:8;SPIDER:9
2817,0,0,true,,,utility,curriculum_pass,3,75,167257222799,167257206818,136,0,GREEN,false,23,0,3,3,GARGOYLE:1;GOBLIN:22,GARGOYLE:1;GOBLIN:22
2818,0,0,true,,,curriculum_pass,utility,3,75,167257222799,167257206818,48,0,,false,23,23,3,3,GARGOYLE:1;GOBLIN:22,GARGOYLE:1;GOBLIN:22
2819,0,0,true,,,utility,curriculum_pass,3,75,105726569042,105726588159,30,0,GREEN,false,5,0,3,3,GARGOYLE:5;GOBLIN:12;SPIDER:1,GARGOYLE:5;GOBLIN:12;SPIDER:1
2820,0,0,true,,,curriculum_pass,utility,3,75,105726569042,105726588159,31,0,BLUE,false,0,16,3,3,GARGOYLE:5;GOBLIN:12;SPIDER:1,GARGOYLE:5;GOBLIN:12;SPIDER:1
2821,0,0,true,,,utility,curriculum_pass,3,75,105726576961,105726564332,30,0,GREEN,false,7,0,2,2,GARGOYLE:5;GOLEM:4,GARGOYLE:5;GOLEM:4
2822,0,0,true,,,curriculum_pass,utility,3,75,105726576961,105726564332,48,0,,false,9,9,2,2,GARGOYLE:5;GOLEM:4,GARGOYLE:5;GOLEM:4
2823,0,0,true,,,utility,curriculum_pass,3,75,105726584880,105726572189,87,0,,false,7,2,3,3,GOBLIN:2;GOLEM:2;MAGE:7,GOBLIN:2;GOLEM:2;MAGE:7
2824,0,0,true,,,curriculum_pass,utility,3,75,105726584880,105726572189,60,0,,false,9,10,3,3,GOBLIN:2;GOLEM:2;MAGE:7,GOBLIN:2;GOLEM:2;MAGE:7
2825,0,0,true,,,utility,curriculum_pass,3,75,66852198042,66852177975,10,0,GREEN,false,22,0,3,3,ASSASSIN:1;GOBLIN:12;SPIDER:10,ASSASSIN:1;GOBLIN:12;SPIDER:10
2826,0,0,true,,,curriculum_pass,utility,3,75,66852198042,66852177975,13,0,BLUE,false,0,17,3,3,ASSASSIN:1;GOBLIN:12;SPIDER:10,ASSASSIN:1;GOBLIN:12;SPIDER:10
2827,0,0,true,,,utility,curriculum_pass,3,75,66860117042,66860135071,10,0,GREEN,false,14,0,3,3,ARCHER:8;GOBLIN:9,ARCHER:8;GOBLIN:9
2828,0,0,true,,,curriculum_pass,utility,3,75,66860117042,66860135071,11,0,BLUE,false,0,12,3,3,ARCHER:8;GOBLIN:9,ARCHER:8;GOBLIN:9
2829,0,0,true,,,utility,curriculum_pass,3,75,66868036042,66868060007,57,0,,false,12,11,3,3,ARCHER:7;GARGOYLE:4;SPIDER:1,ARCHER:7;GARGOYLE:4;SPIDER:1
2830,0,0,true,,,curriculum_pass,utility,3,75,66868036042,66868060007,56,0,,false,8,6,3,3,ARCHER:7;GARGOYLE:4;SPIDER:1,ARCHER:7;GARGOYLE:4;SPIDER:1
2831,0,0,true,,,utility,curriculum_pass,3,75,66875955042,66876000719,59,0,,false,17,4,3,3,GOBLIN:10;SCORPION_RIDER:4;SPIDER:4,GOBLIN:10;SCORPION_RIDER:4;SPIDER:4
2832,0,0,true,,,curriculum_pass,utility,3,75,66875955042,66876000719,70,0,,false,9,14,3,3,GOBLIN:10;SCORPION_RIDER:4;SPIDER:4,GOBLIN:10;SCORPION_RIDER:4;SPIDER:4
2833,0,0,true,,,utility,curriculum_pass,3,75,66883874042,66883826263,38,0,GREEN,false,11,0,3,3,ARCHER:5;GARGOYLE:6;GOBLIN:1,ARCHER:5;GARGOYLE:6;GOBLIN:1
2834,0,0,true,,,curriculum_pass,utility,3,75,66883874042,66883826263,48,0,,false,12,12,3,3,ARCHER:5;GARGOYLE:6;GOBLIN:1,ARCHER:5;GARGOYLE:6;GOBLIN:1
2835,0,0,true,,,utility,curriculum_pass,3,75,66891793042,66891750463,59,0,,false,6,4,3,3,GOBLIN:1;SCORPION_RIDER:9,GOBLIN:1;SCORPION_RIDER:9
2836,0,0,true,,,curriculum_pass,utility,3,75,66891793042,66891750463,31,0,BLUE,false,0,5,3,3,GOBLIN:1;SCORPION_RIDER:9,GOBLIN:1;SCORPION_RIDER:9
2837,0,0,true,,,utility,curriculum_pass,3,75,106447198042,106447210999,48,0,,false,16,16,2,2,GOBLIN:11;SCORPION_RIDER:5,GOBLIN:11;SCORPION_RIDER:5
2838,0,0,true,,,curriculum_pass,utility,3,75,106447198042,106447210999,48,0,,false,16,16,2,2,GOBLIN:11;SCORPION_RIDER:5,GOBLIN:11;SCORPION_RIDER:5
2839,0,0,true,,,utility,curriculum_pass,3,75,106447205961,106447218916,57,0,,false,11,14,3,3,ASSASSIN:6;GOBLIN:10;SPIDER:1,ASSASSIN:6;GOBLIN:10;SPIDER:1
2840,0,0,true,,,curriculum_pass,utility,3,75,106447205961,106447218916,62,0,,false,10,13,3,3,ASSASSIN:6;GOBLIN:10;SPIDER:1,ASSASSIN:6;GOBLIN:10;SPIDER:1
2841,0,0,true,,,utility,curriculum_pass,3,75,106447213880,106447195029,14,0,GREEN,false,7,0,3,3,ARCHER:5;GOBLIN:1;SCORPION_RIDER:5,ARCHER:5;GOBLIN:1;SCORPION_RIDER:5
2842,0,0,true,,,curriculum_pass,utility,3,75,106447213880,106447195029,11,0,BLUE,false,0,10,3,3,ARCHER:5;GOBLIN:1;SCORPION_RIDER:5,ARCHER:5;GOBLIN:1;SCORPION_RIDER:5
2843,0,0,true,,,utility,curriculum_pass,3,75,106455117042,106455167583,14,0,GREEN,false,7,0,3,3,ASSASSIN:6;GOBLIN:10;SPIDER:1,ASSASSIN:6;GOBLIN:10;SPIDER:1
2844,0,0,true,,,curriculum_pass,utility,3,75,106455117042,106455167583,35,0,BLUE,false,0,6,3,3,ASSASSIN:6;GOBLIN:10;SPIDER:1,ASSASSIN:6;GOBLIN:10;SPIDER:1
2845,0,0,true,,,utility,curriculum_pass,3,75,106455124961,106455143756,48,0,,false,16,16,3,3,GOBLIN:10;SCORPION_RIDER:5;SPIDER:1,GOBLIN:10;SCORPION_RIDER:5;SPIDER:1
2846,0,0,true,,,curriculum_pass,utility,3,75,106455124961,106455143756,66,0,,false,13,12,3,3,GOBLIN:10;SCORPION_RIDER:5;SPIDER:1,GOBLIN:10;SCORPION_RIDER:5;SPIDER:1
2847,0,0,true,,,utility,curriculum_pass,3,75,106455132880,106455151741,99,0,,false,10,8,3,3,GARGOYLE:2;MAGE:8;SPIDER:1,GARGOYLE:2;MAGE:8;SPIDER:1
2848,0,0,true,,,curriculum_pass,utility,3,75,106455132880,106455151741,56,0,,false,10,11,3,3,GARGOYLE:2;MAGE:8;SPIDER:1,GARGOYLE:2;MAGE:8;SPIDER:1
2849,0,0,true,,,utility,curriculum_pass,3,75,106463036042,106463091751,61,0,,false,8,5,2,2,GARGOYLE:5;SCORPION_RIDER:5,GARGOYLE:5;SCORPION_RIDER:5
2850,0,0,true,,,curriculum_pass,utility,3,75,106463036042,106463091751,39,0,BLUE,false,0,5,2,2,GARGOYLE:5;SCORPION_RIDER:5,GARGOYLE:5;SCORPION_RIDER:5
2851,0,0,true,,,utility,curriculum_pass,3,75,106463043961,106463100884,50,0,GREEN,false,15,0,3,3,GOBLIN:12;GOLEM:1;MAGE:4,GOBLIN:12;GOLEM:1;MAGE:4
2852,0,0,true,,,curriculum_pass,utility,3,75,106463043961,106463100884,90,0,,false,13,16,3,3,GOBLIN:12;GOLEM:1;MAGE:4,GOBLIN:12;GOLEM:1;MAGE:4
2853,0,0,true,,,utility,curriculum_pass,3,75,106463051880,106463076037,10,0,GREEN,false,4,0,3,3,ASSASSIN:7;GARGOYLE:3;GOBLIN:1,ASSASSIN:7;GARGOYLE:3;GOBLIN:1
2854,0,0,true,,,curriculum_pass,utility,3,75,106463051880,106463076037,58,0,,false,6,6,3,3,ASSASSIN:7;GARGOYLE:3;GOBLIN:1,ASSASSIN:7;GARGOYLE:3;GOBLIN:1
2855,0,0,true,,,utility,curriculum_pass,3,75,106470955042,106470901391,16,0,GREEN,false,4,0,3,3,ARCHER:4;SPIDER:17,ARCHER:4;SPIDER:17
2856,0,0,true,,,curriculum_pass,utility,3,75,106470955042,106470901391,13,0,BLUE,false,0,14,3,3,ARCHER:4;SPIDER:17,ARCHER:4;SPIDER:17
2857,0,0,true,,,utility,curriculum_pass,3,75,106470962961,106470910396,48,0,,false,16,16,2,2,SCORPION_RIDER:5;SPIDER:11,SCORPION_RIDER:5;SPIDER:11
2858,0,0,true,,,curriculum_pass,utility,3,75,106470962961,106470910396,64,0,,false,5,12,2,2,SCORPION_RIDER:5;SPIDER:11,SCORPION_RIDER:5;SPIDER:11
2859,0,0,true,,,utility,curriculum_pass,3,75,106470970880,106471016621,24,0,GREEN,false,14,0,3,3,GOBLIN:1;GOLEM:4;SPIDER:10,GOBLIN:1;GOLEM:4;SPIDER:10
2860,0,0,true,,,curriculum_pass,utility,3,75,106470970880,106471016621,48,0,,false,15,15,3,3,GOBLIN:1;GOLEM:4;SPIDER:10,GOBLIN:1;GOLEM:4;SPIDER:10
2861,0,0,true,,,utility,curriculum_pass,3,75,106478874042,106478859031,24,0,GREEN,false,7,0,3,3,ARCHER:2;GARGOYLE:3;GOLEM:4,ARCHER:2;GARGOYLE:3;GOLEM:4
2862,0,0,true,,,curriculum_pass,utility,3,75,106478874042,106478859031,140,0,,false,3,8,3,3,ARCHER:2;GARGOYLE:3;GOLEM:4,ARCHER:2;GARGOYLE:3;GOLEM:4
2863,0,0,true,,,utility,curriculum_pass,3,75,106478881961,106478834180,55,0,,false,6,7,2,2,ASSASSIN:8;GOBLIN:6,ASSASSIN:8;GOBLIN:6
2864,0,0,true,,,curriculum_pass,utility,3,75,106478881961,106478834180,11,0,BLUE,false,0,3,2,2,ASSASSIN:8;GOBLIN:6,ASSASSIN:8;GOBLIN:6
2865,0,0,true,,,utility,curriculum_pass,3,75,106478889880,106478843189,91,0,,false,10,10,3,3,GARGOYLE:2;GOBLIN:1;MAGE:8,GARGOYLE:2;GOBLIN:1;MAGE:8
2866,0,0,true,,,curriculum_pass,utility,3,75,106478889880,106478843189,90,0,,false,10,9,3,3,GARGOYLE:2;GOBLIN:1;MAGE:8,GARGOYLE:2;GOBLIN:1;MAGE:8
2867,0,0,true,,,utility,curriculum_pass,3,75,106486793042,106486783487,48,0,,false,10,10,2,2,MAGE:5;SCORPION_RIDER:5,MAGE:5;SCORPION_RIDER:5
2868,0,0,true,,,curriculum_pass,utility,3,75,106486793042,106486783487,58,0,,false,5,9,2,2,MAGE:5;SCORPION_RIDER:5,MAGE:5;SCORPION_RIDER:5
2869,0,0,true,,,utility,curriculum_pass,3,75,106486800961,106486791404,102,0,GREEN,false,7,0,3,3,ARCHER:7;GARGOYLE:4;GOBLIN:1,ARCHER:7;GARGOYLE:4;GOBLIN:1
2870,0,0,true,,,curriculum_pass,utility,3,75,106486800961,106486791404,48,0,,false,12,12,3,3,ARCHER:7;GARGOYLE:4;GOBLIN:1,ARCHER:7;GARGOYLE:4;GOBLIN:1
2871,0,0,true,,,utility,curriculum_pass,3,75,106486808880,106486767517,131,0,,false,16,6,4,4,GOBLIN:10;GOLEM:2;MAGE:3;SPIDER:1,GOBLIN:10;GOLEM:2;MAGE:3;SPIDER:1
2872,0,0,true,,,curriculum_pass,utility,3,75,106486808880,106486767517,68,0,,false,2,8,4,4,GOBLIN:10;GOLEM:2;MAGE:3;SPIDER:1,GOBLIN:10;GOLEM:2;MAGE:3;SPIDER:1
2873,0,0,true,,,utility,curriculum_pass,3,75,106494712042,106494723655,14,0,GREEN,false,5,0,3,3,ASSASSIN:8;MAGE:2;SPIDER:1,ASSASSIN:8;MAGE:2;SPIDER:1
2874,0,0,true,,,curriculum_pass,utility,3,75,106494712042,106494723655,7,0,BLUE,false,0,8,3,3,ASSASSIN:8;MAGE:2;SPIDER:1,ASSASSIN:8;MAGE:2;SPIDER:1
2875,0,0,true,,,utility,curriculum_pass,3,75,106494719961,106494732660,44,0,GREEN,false,15,0,4,4,GARGOYLE:5;GOBLIN:11;MAGE:1,GARGOYLE:5;GOBLIN:11;MAGE:1
2876,0,0,true,,,curriculum_pass,utility,3,75,106494719961,106494732660,62,0,,false,15,17,4,4,GARGOYLE:5;GOBLIN:11;MAGE:1,GARGOYLE:5;GOBLIN:11;MAGE:1
2877,0,0,true,,,utility,curriculum_pass,3,75,106494727880,106494707813,20,0,GREEN,false,9,0,3,3,GOBLIN:9;SCORPION_RIDER:5;SPIDER:2,GOBLIN:9;SCORPION_RIDER:5;SPIDER:2
2878,0,0,true,,,curriculum_pass,utility,3,75,106494727880,106494707813,23,0,BLUE,false,0,11,3,3,GOBLIN:9;SCORPION_RIDER:5;SPIDER:2,GOBLIN:9;SCORPION_RIDER:5;SPIDER:2
2879,0,0,true,,,utility,curriculum_pass,3,75,106502631042,106502680623,14,0,GREEN,false,2,0,2,2,ARCHER:4;MAGE:7,ARCHER:4;MAGE:7
2880,0,0,true,,,curriculum_pass,utility,3,75,106502631042,106502680623,23,0,BLUE,false,0,4,2,2,ARCHER:4;MAGE:7,ARCHER:4;MAGE:7
2881,0,0,true,,,utility,curriculum_pass,3,75,106502638961,106502656988,10,0,GREEN,false,9,0,2,2,MAGE:7;SCORPION_RIDER:3,MAGE:7;SCORPION_RIDER:3
2882,0,0,true,,,curriculum_pass,utility,3,75,106502638961,106502656988,7,0,BLUE,false,0,10,2,2,MAGE:7;SCORPION_RIDER:3,MAGE:7;SCORPION_RIDER:3
2883,0,0,true,,,utility,curriculum_pass,3,75,106502646880,106502664909,28,0,GREEN,false,5,0,3,3,GARGOYLE:5;SCORPION_RIDER:5,GARGOYLE:5;SCORPION_RIDER:5
2884,0,0,true,,,curriculum_pass,utility,3,75,106502646880,106502664909,17,0,BLUE,false,0,6,3,3,GARGOYLE:5;SCORPION_RIDER:5,GARGOYLE:5;SCORPION_RIDER:5
2885,0,0,true,,,utility,curriculum_pass,3,75,168041180042,168041133351,48,0,,false,10,10,2,2,GARGOYLE:6;SCORPION_RIDER:4,GARGOYLE:6;SCORPION_RIDER:4
2886,0,0,true,,,curriculum_pass,utility,3,75,168041180042,168041133351,27,0,BLUE,false,0,10,2,2,GARGOYLE:6;SCORPION_RIDER:4,GARGOYLE:6;SCORPION_RIDER:4
2887,0,0,true,,,utility,curriculum_pass,3,75,168041187961,168041239764,57,0,,false,25,24,3,3,GOBLIN:9;SPIDER:16,GOBLIN:9;SPIDER:16
2888,0,0,true,,,curriculum_pass,utility,3,75,168041187961,168041239764,54,0,,false,24,24,3,3,GOBLIN:9;SPIDER:16,GOBLIN:9;SPIDER:16
2889,0,0,true,,,utility,curriculum_pass,3,75,168041195880,168041248709,59,0,,false,14,15,4,4,ASSASSIN:4;GARGOYLE:1;GOBLIN:13,ASSASSIN:4;GARGOYLE:1;GOBLIN:13
2890,0,0,true,,,curriculum_pass,utility,3,75,168041195880,168041248709,79,0,BLUE,false,0,15,4,4,ASSASSIN:4;GARGOYLE:1;GOBLIN:13,ASSASSIN:4;GARGOYLE:1;GOBLIN:13
2891,0,0,true,,,utility,curriculum_pass,3,75,168041203799,168041223930,14,0,GREEN,false,9,0,3,3,GARGOYLE:3;GOBLIN:1;MAGE:7,GARGOYLE:3;GOBLIN:1;MAGE:7
2892,0,0,true,,,curriculum_pass,utility,3,75,168041203799,168041223930,15,0,BLUE,false,0,6,3,3,GARGOYLE:3;GOBLIN:1;MAGE:7,GARGOYLE:3;GOBLIN:1;MAGE:7
2893,0,0,true,,,utility,curriculum_pass,3,75,106510550042,106510604983,22,0,GREEN,false,8,0,3,3,GARGOYLE:3;MAGE:7;SPIDER:1,GARGOYLE:3;MAGE:7;SPIDER:1
2894,0,0,true,,,curriculum_pass,utility,3,75,106510550042,106510604983,33,0,BLUE,false,0,7,3,3,GARGOYLE:3;MAGE:7;SPIDER:1,GARGOYLE:3;MAGE:7;SPIDER:1
2895,0,0,true,,,utility,curriculum_pass,3,75,106510557961,106510613924,16,0,GREEN,false,15,0,3,3,GOBLIN:2;SCORPION_RIDER:3;SPIDER:15,GOBLIN:2;SCORPION_RIDER:3;SPIDER:15
2896,0,0,true,,,curriculum_pass,utility,3,75,106510557961,106510613924,21,0,BLUE,false,0,10,3,3,GOBLIN:2;SCORPION_RIDER:3;SPIDER:15,GOBLIN:2;SCORPION_RIDER:3;SPIDER:15
2897,0,0,true,,,utility,curriculum_pass,3,75,106510565880,106510589781,59,0,,false,8,9,3,3,ASSASSIN:7;GOBLIN:8,ASSASSIN:7;GOBLIN:8
2898,0,0,true,,,curriculum_pass,utility,3,75,106510565880,106510589781,17,0,BLUE,false,0,3,3,3,ASSASSIN:7;GOBLIN:8,ASSASSIN:7;GOBLIN:8
2899,0,0,true,,,utility,curriculum_pass,3,75,106518469042,106518415135,48,0,,false,25,25,3,3,GOBLIN:9;SPIDER:16,GOBLIN:9;SPIDER:16
2900,0,0,true,,,curriculum_pass,utility,3,75,106518469042,106518415135,48,0,,false,25,25,3,3,GOBLIN:9;SPIDER:16,GOBLIN:9;SPIDER:16
2901,0,0,true,,,utility,curriculum_pass,3,75,106518476961,106518423052,48,0,,false,11,11,2,2,ARCHER:3;MAGE:8,ARCHER:3;MAGE:8
2902,0,0,true,,,curriculum_pass,utility,3,75,106518476961,106518423052,54,0,,false,8,10,2,2,ARCHER:3;MAGE:8,ARCHER:3;MAGE:8
2903,0,0,true,,,utility,curriculum_pass,3,75,106518484880,106518530365,8,0,GREEN,false,8,0,3,3,ASSASSIN:7;MAGE:3;SPIDER:1,ASSASSIN:7;MAGE:3;SPIDER:1
2904,0,0,true,,,curriculum_pass,utility,3,75,106518484880,106518530365,9,0,BLUE,false,0,8,3,3,ASSASSIN:7;MAGE:3;SPIDER:1,ASSASSIN:7;MAGE:3;SPIDER:1
2905,0,0,true,,,utility,curriculum_pass,3,75,67644098042,67644152663,14,0,GREEN,false,14,0,3,3,ARCHER:8;SPIDER:9,ARCHER:6;GOBLIN:13
2906,0,0,true,,,curriculum_pass,utility,3,75,67644098042,67644152663,9,0,BLUE,false,0,19,3,3,ARCHER:8;SPIDER:9,ARCHER:6;GOBLIN:13
2907,0,0,true,,,utility,curriculum_pass,3,75,67652017042,67651962175,8,0,GREEN,false,9,0,3,2,ASSASSIN:10;GOBLIN:1,ARCHER:4;MAGE:7
2908,0,0,true,,,curriculum_pass,utility,3,75,67652017042,67651962175,11,0,BLUE,false,0,11,3,2,ASSASSIN:10;GOBLIN:1,ARCHER:4;MAGE:7
2909,0,0,true,,,utility,curriculum_pass,3,75,67659936042,67659919239,55,0,,false,13,2,3,3,ARCHER:8;GARGOYLE:3;GOBLIN:2,ASSASSIN:8;MAGE:2;SPIDER:1
2910,0,0,true,,,curriculum_pass,utility,3,75,67659936042,67659919239,9,0,BLUE,false,0,7,3,3,ARCHER:8;GARGOYLE:3;GOBLIN:2,ASSASSIN:8;MAGE:2;SPIDER:1
2911,0,0,true,,,utility,curriculum_pass,3,75,67667855042,67667843183,22,0,GREEN,false,9,0,3,3,GOBLIN:1;MAGE:8;SPIDER:5,ARCHER:6;GOBLIN:13
2912,0,0,true,,,curriculum_pass,utility,3,75,67667855042,67667843183,7,0,BLUE,false,0,18,3,3,GOBLIN:1;MAGE:8;SPIDER:5,ARCHER:6;GOBLIN:13
2913,0,0,true,,,utility,curriculum_pass,3,75,67675774042,67675783927,10,0,GREEN,false,13,0,3,3,ARCHER:5;GARGOYLE:5;SPIDER:3,GOBLIN:1;SPIDER:24
2914,0,0,true,,,curriculum_pass,utility,3,75,67675774042,67675783927,62,0,,false,4,6,3,3,ARCHER:5;GARGOYLE:5;SPIDER:3,GOBLIN:1;SPIDER:24
2915,0,0,true,,,utility,curriculum_pass,3,75,67683693042,67683741535,8,0,GREEN,false,12,0,3,2,ARCHER:4;GARGOYLE:6;GOBLIN:3,ASSASSIN:5;SPIDER:13
2916,0,0,true,,,curriculum_pass,utility,3,75,67683693042,67683741535,15,0,BLUE,false,0,9,3,2,ARCHER:4;GARGOYLE:6;GOBLIN:3,ASSASSIN:5;SPIDER:13
2917,0,0,true,,,utility,curriculum_pass,3,75,107239098042,107239053335,16,0,GREEN,false,17,0,4,2,GOBLIN:1;SCORPION_RIDER:3;SPIDER:16,ASSASSIN:5;GOLEM:4
2918,0,0,true,,,curriculum_pass,utility,3,75,107239098042,107239053335,15,0,BLUE,false,0,4,4,2,GOBLIN:1;SCORPION_RIDER:3;SPIDER:16,ASSASSIN:5;GOLEM:4
2919,0,0,true,,,utility,curriculum_pass,3,75,107239105961,107239062276,58,0,GREEN,false,4,0,3,3,ASSASSIN:7;GOBLIN:1;MAGE:3,ARCHER:4;GARGOYLE:7
2920,0,0,true,,,curriculum_pass,utility,3,75,107239105961,107239062276,11,0,BLUE,false,0,11,3,3,ASSASSIN:7;GOBLIN:1;MAGE:3,ARCHER:4;GARGOYLE:7
2921,0,0,true,,,utility,curriculum_pass,3,75,107239113880,107239168565,12,0,GREEN,false,9,0,2,3,GOLEM:4;MAGE:5,ARCHER:1;GARGOYLE:3;SPIDER:16
2922,0,0,true,,,curriculum_pass,utility,3,75,107239113880,107239168565,11,0,BLUE,false,0,20,2,3,GOLEM:4;MAGE:5,ARCHER:1;GARGOYLE:3;SPIDER:16
2923,0,0,true,,,utility,curriculum_pass,3,75,168777647042,168777637231,48,0,,false,9,9,2,2,GARGOYLE:5;GOLEM:4,GARGOYLE:5;GOLEM:4
2924,0,0,true,,,curriculum_pass,utility,3,75,168777647042,168777637231,48,0,,false,9,9,2,2,GARGOYLE:5;GOLEM:4,GARGOYLE:5;GOLEM:4
2925,0,0,true,,,utility,curriculum_pass,3,75,168777654961,168777645084,55,0,,false,13,22,3,3,GARGOYLE:6;SPIDER:11,GOBLIN:11;SPIDER:14
2926,0,0,true,,,curriculum_pass,utility,3,75,168777654961,168777645084,13,0,BLUE,false,0,14,3,3,GARGOYLE:6;SPIDER:11,GOBLIN:11;SPIDER:14
2927,0,0,true,,,utility,curriculum_pass,3,75,168777662880,168777621261,6,0,GREEN,false,10,0,2,3,ASSASSIN:7;SCORPION_RIDER:3,MAGE:8;SCORPION_RIDER:2;SPIDER:1
2928,0,0,true,,,curriculum_pass,utility,3,75,168777662880,168777621261,13,0,BLUE,false,0,11,2,3,ASSASSIN:7;SCORPION_RIDER:3,MAGE:8;SCORPION_RIDER:2;SPIDER:1
2929,0,0,true,,,utility,curriculum_pass,3,75,168777670799,168777629218,48,0,,false,19,9,2,2,ARCHER:6;SPIDER:13,GOLEM:4;MAGE:5
2930,0,0,true,,,curriculum_pass,utility,3,75,168777670799,168777629218,48,0,,false,19,9,2,2,ARCHER:6;SPIDER:13,GOLEM:4;MAGE:5
2931,0,0,true,,,utility,curriculum_pass,3,75,107247017042,107246994175,14,0,GREEN,false,5,0,3,4,ARCHER:6;GOBLIN:1;MAGE:5,ARCHER:2;MAGE:7;SPIDER:4
2932,0,0,true,,,curriculum_pass,utility,3,75,107247017042,107246994175,68,0,,false,3,1,3,4,ARCHER:6;GOBLIN:1;MAGE:5,ARCHER:2;MAGE:7;SPIDER:4
2933,0,0,true,,,utility,curriculum_pass,3,75,107247024961,107247003116,6,0,GREEN,false,9,0,3,3,ASSASSIN:8;SCORPION_RIDER:2;SPIDER:1,ARCHER:1;GOLEM:2;MAGE:7
2934,0,0,true,,,curriculum_pass,utility,3,75,107247024961,107247003116,11,0,BLUE,false,0,10,3,3,ASSASSIN:8;SCORPION_RIDER:2;SPIDER:1,ARCHER:1;GOLEM:2;MAGE:7
2935,0,0,true,,,utility,curriculum_pass,3,75,107247032880,107246978205,48,0,,false,17,10,2,2,GARGOYLE:6;SPIDER:11,GARGOYLE:5;SCORPION_RIDER:5
2936,0,0,true,,,curriculum_pass,utility,3,75,107247032880,107246978205,19,0,BLUE,false,0,7,2,2,GARGOYLE:6;SPIDER:11,GARGOYLE:5;SCORPION_RIDER:5
2937,0,0,true,,,utility,curriculum_pass,3,75,107254936042,107254951751,10,0,GREEN,false,9,0,3,2,ARCHER:1;GARGOYLE:4;GOLEM:4,ARCHER:5;SPIDER:15
2938,0,0,true,,,curriculum_pass,utility,3,75,107254936042,107254951751,15,0,BLUE,false,0,19,3,2,ARCHER:1;GARGOYLE:4;GOLEM:4,ARCHER:5;SPIDER:15
2939,0,0,true,,,utility,curriculum_pass,3,75,107254943961,107254926964,59,0,,false,11,5,3,3,GOBLIN:1;MAGE:8;SCORPION_RIDER:2,ARCHER:5;GOBLIN:1;SCORPION_RIDER:5
2940,0,0,true,,,curriculum_pass,utility,3,75,107254943961,107254926964,7,0,BLUE,false,0,11,3,3,GOBLIN:1;MAGE:8;SCORPION_RIDER:2,ARCHER:5;GOBLIN:1;SCORPION_RIDER:5
2941,0,0,true,,,utility,curriculum_pass,3,75,107254951880,107254935909,34,0,GREEN,false,6,0,3,3,ASSASSIN:8;GARGOYLE:2;GOBLIN:1,GOLEM:4;SCORPION_RIDER:4;SPIDER:1
2942,0,0,true,,,curriculum_pass,utility,3,75,107254951880,107254935909,11,0,BLUE,false,0,9,3,3,ASSASSIN:8;GARGOYLE:2;GOBLIN:1,GOLEM:4;SCORPION_RIDER:4;SPIDER:1
2943,0,0,true,,,utility,curriculum_pass,3,75,107262855042,107262875951,20,0,GREEN,false,9,0,2,3,GARGOYLE:5;GOLEM:4,GARGOYLE:6;MAGE:4;SPIDER:1
2944,0,0,true,,,curriculum_pass,utility,3,75,107262855042,107262875951,101,0,BLUE,false,0,11,2,3,GARGOYLE:5;GOLEM:4,GARGOYLE:6;MAGE:4;SPIDER:1
2945,0,0,true,,,utility,curriculum_pass,3,75,107262862961,107262884060,57,0,,false,9,6,3,4,ASSASSIN:4;GARGOYLE:6;GOBLIN:1,ARCHER:12;SPIDER:1
2946,0,0,true,,,curriculum_pass,utility,3,75,107262862961,107262884060,54,0,,false,6,13,3,4,ASSASSIN:4;GARGOYLE:6;GOBLIN:1,ARCHER:12;SPIDER:1
2947,0,0,true,,,utility,curriculum_pass,3,75,107262870880,107262860237,53,0,,false,11,11,3,2,ARCHER:4;GARGOYLE:6;MAGE:1,ARCHER:3;ASSASSIN:8
2948,0,0,true,,,curriculum_pass,utility,3,75,107262870880,107262860237,9,0,BLUE,false,0,10,3,2,ARCHER:4;GARGOYLE:6;MAGE:1,ARCHER:3;ASSASSIN:8
2949,0,0,true,,,utility,curriculum_pass,3,75,107270774042,107270816695,57,0,,false,12,7,3,3,ARCHER:8;GOLEM:2;SPIDER:2,ARCHER:7;GOLEM:3;SPIDER:1
2950,0,0,true,,,curriculum_pass,utility,3,75,107270774042,107270816695,15,0,BLUE,false,0,4,3,3,ARCHER:8;GOLEM:2;SPIDER:2,ARCHER:7;GOLEM:3;SPIDER:1
2951,0,0,true,,,utility,curriculum_pass,3,75,107270781961,107270824612,52,0,GREEN,false,4,0,3,3,GARGOYLE:2;GOBLIN:1;MAGE:8,ARCHER:7;GARGOYLE:4;GOBLIN:1
2952,0,0,true,,,curriculum_pass,utility,3,75,107270781961,107270824612,15,0,BLUE,false,0,9,3,3,GARGOYLE:2;GOBLIN:1;MAGE:8,ARCHER:7;GARGOYLE:4;GOBLIN:1
2953,0,0,true,,,utility,curriculum_pass,3,75,107270789880,107270800469,48,0,,false,11,18,3,3,GARGOYLE:5;GOBLIN:1;MAGE:5,GOLEM:3;SPIDER:15
2954,0,0,true,,,curriculum_pass,utility,3,75,107270789880,107270800469,48,0,,false,11,18,3,3,GARGOYLE:5;GOBLIN:1;MAGE:5,GOLEM:3;SPIDER:15
2955,0,0,true,,,utility,curriculum_pass,3,75,107278693042,107278642207,12,0,GREEN,false,13,0,2,3,ARCHER:8;SPIDER:9,GARGOYLE:5;MAGE:5;SPIDER:1
2956,0,0,true,,,curriculum_pass,utility,3,75,107278693042,107278642207,13,0,BLUE,false,0,7,2,3,ARCHER:8;SPIDER:9,GARGOYLE:5;MAGE:5;SPIDER:1
2957,0,0,true,,,utility,curriculum_pass,3,75,107278700961,107278749452,10,0,GREEN,false,9,0,2,3,GARGOYLE:5;GOLEM:4,ASSASSIN:3;GOBLIN:1;MAGE:7
2958,0,0,true,,,curriculum_pass,utility,3,75,107278700961,107278749452,201,0,,true,3,3,2,3,GARGOYLE:5;GOLEM:4,ASSASSIN:3;GOBLIN:1;MAGE:7
2959,0,0,true,,,utility,curriculum_pass,3,75,107278708880,107278757437,12,0,GREEN,false,9,0,3,3,ARCHER:9;GARGOYLE:3,ARCHER:8;MAGE:3;SPIDER:2
2960,0,0,true,,,curriculum_pass,utility,3,75,107278708880,107278757437,15,0,BLUE,false,0,3,3,3,ARCHER:9;GARGOYLE:3,ARCHER:8;MAGE:3;SPIDER:2
2961,0,0,true,,,utility,curriculum_pass,3,75,107286612042,107286566631,48,0,,false,17,18,2,3,ARCHER:8;GOBLIN:9,GOLEM:3;SPIDER:15
2962,0,0,true,,,curriculum_pass,utility,3,75,107286612042,107286566631,25,0,BLUE,false,0,11,2,3,ARCHER:8;GOBLIN:9,GOLEM:3;SPIDER:15
2963,0,0,true,,,utility,curriculum_pass,3,75,107286619961,107286575508,12,0,GREEN,false,18,0,3,2,GOBLIN:13;MAGE:5,GOBLIN:6;MAGE:8
2964,0,0,true,,,curriculum_pass,utility,3,75,107286619961,107286575508,17,0,BLUE,false,0,8,3,2,GOBLIN:13;MAGE:5,GOBLIN:6;MAGE:8
2965,0,0,true,,,utility,curriculum_pass,3,75,107286627880,107286681733,55,0,,false,14,3,3,2,ASSASSIN:6;GOBLIN:11,GOLEM:3;SPIDER:15
2966,0,0,true,,,curriculum_pass,utility,3,75,107286627880,107286681733,48,0,,false,17,18,3,2,ASSASSIN:6;GOBLIN:11,GOLEM:3;SPIDER:15
2967,0,0,true,,,utility,curriculum_pass,3,75,107294531042,107294507855,48,0,,false,12,14,3,2,ARCHER:7;GARGOYLE:4;GOBLIN:1,ASSASSIN:8;SPIDER:6
2968,0,0,true,,,curriculum_pass,utility,3,75,107294531042,107294507855,9,0,BLUE,false,0,14,3,2,ARCHER:7;GARGOYLE:4;GOBLIN:1,ASSASSIN:8;SPIDER:6
2969,0,0,true,,,utility,curriculum_pass,3,75,107294538961,107294515836,20,0,GREEN,false,18,0,3,2,GOBLIN:12;MAGE:5;SPIDER:1,ASSASSIN:7;SCORPION_RIDER:3
2970,0,0,true,,,curriculum_pass,utility,3,75,107294538961,107294515836,15,0,GREEN,false,3,0,3,2,GOBLIN:12;MAGE:5;SPIDER:1,ASSASSIN:7;SCORPION_RIDER:3
2971,0,0,true,,,utility,curriculum_pass,3,75,107294546880,107294492013,32,0,GREEN,false,10,0,3,5,ARCHER:5;GOBLIN:1;GOLEM:4,GOBLIN:9;GOLEM:4;MAGE:1
2972,0,0,true,,,curriculum_pass,utility,3,75,107294546880,107294492013,72,0,,false,8,9,3,5,ARCHER:5;GOBLIN:1;GOLEM:4,GOBLIN:9;GOLEM:4;MAGE:1
2973,0,0,true,,,utility,curriculum_pass,3,75,107302450042,107302464983,57,0,,false,16,9,4,3,ASSASSIN:1;GARGOYLE:5;GOBLIN:11,MAGE:10;SPIDER:1
2974,0,0,true,,,curriculum_pass,utility,3,75,107302450042,107302464983,31,0,BLUE,false,0,11,4,3,ASSASSIN:1;GARGOYLE:5;GOBLIN:11,MAGE:10;SPIDER:1
2975,0,0,true,,,utility,curriculum_pass,3,75,107302457961,107302440132,48,0,,false,18,17,3,4,ARCHER:7;GOBLIN:11,ARCHER:1;GARGOYLE:5;GOBLIN:10;SPIDER:1
2976,0,0,true,,,curriculum_pass,utility,3,75,107302457961,107302440132,17,0,BLUE,false,0,12,3,4,ARCHER:7;GOBLIN:11,ARCHER:1;GARGOYLE:5;GOBLIN:10;SPIDER:1
2977,0,0,true,,,utility,curriculum_pass,3,75,107302465880,107302449141,20,0,GREEN,false,20,0,3,3,ARCHER:4;GOBLIN:1;SPIDER:16,GOBLIN:12;SCORPION_RIDER:1;SPIDER:10
2978,0,0,true,,,curriculum_pass,utility,3,75,107302465880,107302449141,9,0,BLUE,false,0,14,3,3,ARCHER:4;GOBLIN:1;SPIDER:16,GOBLIN:12;SCORPION_RIDER:1;SPIDER:10
2979,0,0,true,,,utility,curriculum_pass,3,75,107310369042,107310389183,10,0,GREEN,false,15,0,3,3,ASSASSIN:7;GOBLIN:8,GOBLIN:1;MAGE:10
2980,0,0,true,,,curriculum_pass,utility,3,75,107310369042,107310389183,58,0,,false,7,11,3,3,ASSASSIN:7;GOBLIN:8,GOBLIN:1;MAGE:10
2981,0,0,true,,,utility,curriculum_pass,3,75,107310376961,107310397100,48,0,,false,11,11,3,3,GOBLIN:2;GOLEM:2;MAGE:7,GARGOYLE:5;GOBLIN:1;MAGE:5
2982,0,0,true,,,curriculum_pass,utility,3,75,107310376961,107310397100,48,0,,false,11,11,3,3,GOBLIN:2;GOLEM:2;MAGE:7,GARGOYLE:5;GOBLIN:1;MAGE:5
2983,0,0,true,,,utility,curriculum_pass,3,75,107310384880,107310372957,8,0,GREEN,false,18,0,3,3,GOBLIN:12;SCORPION_RIDER:4;SPIDER:2,ARCHER:7;GARGOYLE:4;GOBLIN:1
2984,0,0,true,,,curriculum_pass,utility,3,75,107310384880,107310372957,17,0,BLUE,false,0,11,3,3,GOBLIN:12;SCORPION_RIDER:4;SPIDER:2,ARCHER:7;GARGOYLE:4;GOBLIN:1
2985,0,0,true,,,utility,curriculum_pass,3,75,68435998042,68436012023,12,0,GREEN,false,21,0,3,3,GOBLIN:23;SPIDER:2,GARGOYLE:10;SPIDER:1
2986,0,0,true,,,curriculum_pass,utility,3,75,68435998042,68436012023,25,0,BLUE,false,0,11,3,3,GOBLIN:23;SPIDER:2,GARGOYLE:10;SPIDER:1
2987,0,0,true,,,utility,curriculum_pass,3,75,68443917042,68443935839,59,0,,false,15,10,3,3,GOBLIN:10;GOLEM:4;SPIDER:1,ARCHER:7;GOBLIN:1;GOLEM:3
2988,0,0,true,,,curriculum_pass,utility,3,75,68443917042,68443935839,17,0,BLUE,false,0,8,3,3,GOBLIN:10;GOLEM:4;SPIDER:1,ARCHER:7;GOBLIN:1;GOLEM:3
2989,0,0,true,,,utility,curriculum_pass,3,75,68451836042,68451892775,55,0,,false,9,9,2,2,ASSASSIN:7;SPIDER:8,GARGOYLE:5;SCORPION_RIDER:5
2990,0,0,true,,,curriculum_pass,utility,3,75,68451836042,68451892775,13,0,BLUE,false,0,10,2,2,ASSASSIN:7;SPIDER:8,GARGOYLE:5;SCORPION_RIDER:5
2991,0,0,true,,,utility,curriculum_pass,3,75,68459755042,68459702415,12,0,GREEN,false,11,0,3,4,ARCHER:4;GOLEM:4;SPIDER:3,ARCHER:1;GOBLIN:1;SPIDER:22
2992,0,0,true,,,curriculum_pass,utility,3,75,68459755042,68459702415,201,0,,true,5,23,3,4,ARCHER:4;GOLEM:4;SPIDER:3,ARCHER:1;GOBLIN:1;SPIDER:22
2993,0,0,true,,,utility,curriculum_pass,3,75,68467674042,68467627287,201,0,,true,15,9,3,2,SCORPION_RIDER:6;SPIDER:9,GARGOYLE:5;GOLEM:4
2994,0,0,true,,,curriculum_pass,utility,3,75,68467674042,68467627287,48,0,,false,15,9,3,2,SCORPION_RIDER:6;SPIDER:9,GARGOYLE:5;GOLEM:4
2995,0,0,true,,,utility,curriculum_pass,3,75,68475593042,68475584511,10,0,GREEN,false,24,0,3,2,ARCHER:1;GOBLIN:9;SPIDER:14,GOBLIN:11;MAGE:6
2996,0,0,true,,,curriculum_pass,utility,3,75,68475593042,68475584511,11,0,BLUE,false,0,15,3,2,ARCHER:1;GOBLIN:9;SPIDER:14,GOBLIN:11;MAGE:6
2997,0,0,true,,,utility,curriculum_pass,3,75,108030998042,108031043767,201,0,,true,17,4,3,3,ARCHER:1;GOLEM:3;SPIDER:13,GOBLIN:11;GOLEM:4
2998,0,0,true,,,curriculum_pass,utility,3,75,108030998042,108031043767,19,0,BLUE,false,0,13,3,3,ARCHER:1;GOLEM:3;SPIDER:13,GOBLIN:11;GOLEM:4
2999,0,0,true,,,utility,curriculum_pass,3,75,108031005961,108031019940,22,0,GREEN,false,17,0,3,3,GARGOYLE:1;GOBLIN:11;MAGE:5,ARCHER:1;GARGOYLE:3;SCORPION_RIDER:6
3000,0,0,true,,,curriculum_pass,utility,3,75,108031005961,108031019940,11,0,BLUE,false,0,10,3,3,GARGOYLE:1;GOBLIN:11;MAGE:5,ARCHER:1;GARGOYLE:3;SCORPION_RIDER:6
3001,0,0,true,,,utility,curriculum_pass,3,75,108031013880,108031028565,10,0,GREEN,false,16,0,2,3,GOBLIN:11;SCORPION_RIDER:5,GARGOYLE:3;MAGE:7;SPIDER:1
3002,0,0,true,,,curriculum_pass,utility,3,75,108031013880,108031028565,45,0,BLUE,false,0,11,2,3,GOBLIN:11;SCORPION_RIDER:5,GARGOYLE:3;MAGE:7;SPIDER:1
3003,0,0,true,,,utility,curriculum_pass,3,75,108038917042,108038968607,53,0,,false,4,5,3,2,ASSASSIN:10;SPIDER:1,ASSASSIN:5;SCORPION_RIDER:5
3004,0,0,true,,,curriculum_pass,utility,3,75,108038917042,108038968607,9,0,BLUE,false,0,9,3,2,ASSASSIN:10;SPIDER:1,ASSASSIN:5;SCORPION_RIDER:5
3005,0,0,true,,,utility,curriculum_pass,3,75,108038924961,108038976524,30,0,GREEN,false,12,0,4,3,ARCHER:7;GOLEM:2;MAGE:1;SPIDER:2,ASSASSIN:8;SCORPION_RIDER:2;SPIDER:1
3006,0,0,true,,,curriculum_pass,utility,3,75,108038924961,108038976524,9,0,BLUE,false,0,9,4,3,ARCHER:7;GOLEM:2;MAGE:1;SPIDER:2,ASSASSIN:8;SCORPION_RIDER:2;SPIDER:1
3007,0,0,true,,,utility,curriculum_pass,3,75,108038932880,108038952765,48,0,,false,11,11,3,3,GARGOYLE:10;GOBLIN:1,ASSASSIN:2;GOBLIN:1;MAGE:8
3008,0,0,true,,,curriculum_pass,utility,3,75,108038932880,108038952765,68,0,,false,4,9,3,3,GARGOYLE:10;GOBLIN:1,ASSASSIN:2;GOBLIN:1;MAGE:8
3009,0,0,true,,,utility,curriculum_pass,3,75,108046836042,108046794727,10,0,GREEN,false,7,0,3,3,ASSASSIN:7;GARGOYLE:3;GOBLIN:1,GOLEM:2;MAGE:7;SPIDER:2
3010,0,0,true,,,curriculum_pass,utility,3,75,108046836042,108046794727,39,0,BLUE,false,0,11,3,3,ASSASSIN:7;GARGOYLE:3;GOBLIN:1,GOLEM:2;MAGE:7;SPIDER:2
3011,0,0,true,,,utility,curriculum_pass,3,75,108046843961,108046900884,61,0,,false,3,5,3,3,ASSASSIN:10;GOBLIN:1,GOLEM:3;SCORPION_RIDER:5;SPIDER:1
3012,0,0,true,,,curriculum_pass,utility,3,75,108046843961,108046900884,13,0,BLUE,false,0,8,3,3,ASSASSIN:10;GOBLIN:1,GOLEM:3;SCORPION_RIDER:5;SPIDER:1
3013,0,0,true,,,utility,curriculum_pass,3,75,108046851880,108046893445,26,0,GREEN,false,8,0,3,3,GARGOYLE:4;GOLEM:4;MAGE:1,GARGOYLE:2;MAGE:8;SPIDER:1
3014,0,0,true,,,curriculum_pass,utility,3,75,108046851880,108046893445,147,0,BLUE,false,0,5,3,3,GARGOYLE:4;GOLEM:4;MAGE:1,GARGOYLE:2;MAGE:8;SPIDER:1
3015,0,0,true,,,utility,curriculum_pass,3,75,108054755042,108054734927,53,0,,false,13,11,3,4,ARCHER:12;SPIDER:1,GARGOYLE:5;GOBLIN:1;MAGE:3;SCORPION_RIDER:2
3016,0,0,true,,,curriculum_pass,utility,3,75,108054755042,108054734927,64,0,,false,3,7,3,4,ARCHER:12;SPIDER:1,GARGOYLE:5;GOBLIN:1;MAGE:3;SCORPION_RIDER:2
3017,0,0,true,,,utility,curriculum_pass,3,75,108054762961,108054711164,6,0,GREEN,false,11,0,4,2,ARCHER:4;MAGE:1;SCORPION_RIDER:5;SPIDER:1,ARCHER:4;MAGE:7
3018,0,0,true,,,curriculum_pass,utility,3,75,108054762961,108054711164,61,0,BLUE,false,0,8,4,2,ARCHER:4;MAGE:1;SCORPION_RIDER:5;SPIDER:1,ARCHER:4;MAGE:7
3019,0,0,true,,,utility,curriculum_pass,3,75,108054770880,108054719085,16,0,GREEN,false,8,0,3,3,ASSASSIN:1;GOLEM:1;MAGE:8,ARCHER:1;GOBLIN:10;SPIDER:13
3020,0,0,true,,,curriculum_pass,utility,3,75,108054770880,108054719085,9,0,BLUE,false,0,22,3,3,ASSASSIN:1;GOLEM:1;MAGE:8,ARCHER:1;GOBLIN:10;SPIDER:13
3021,0,0,true,,,utility,curriculum_pass,3,75,108062674042,108062659287,48,0,,false,11,25,3,3,MAGE:10;SPIDER:1,GOBLIN:11;SPIDER:14
3022,0,0,true,,,curriculum_pass,utility,3,75,108062674042,108062659287,17,0,BLUE,false,0,21,3,3,MAGE:10;SPIDER:1,GOBLIN:11;SPIDER:14
3023,0,0,true,,,utility,curriculum_pass,3,75,108062681961,108062668228,63,0,,false,17,1,3,3,GARGOYLE:5;GOBLIN:13,ARCHER:11;ASSASSIN:1
3024,0,0,true,,,curriculum_pass,utility,3,75,108062681961,108062668228,15,0,BLUE,false,0,12,3,3,GARGOYLE:5;GOBLIN:13,ARCHER:11;ASSASSIN:1
3025,0,0,true,,,utility,curriculum_pass,3,75,108062689880,108062643445,28,0,GREEN,false,11,0,2,2,ARCHER:3;MAGE:8,SCORPION_RIDER:4;SPIDER:14
3026,0,0,true,,,curriculum_pass,utility,3,75,108062689880,108062643445,7,0,BLUE,false,0,18,2,2,ARCHER:3;MAGE:8,SCORPION_RIDER:4;SPIDER:14
3027,0,0,true,,,utility,curriculum_pass,3,75,108070593042,108070616255,55,0,,false,8,11,3,3,ASSASSIN:2;MAGE:8;SPIDER:1,MAGE:8;SCORPION_RIDER:2;SPIDER:1
3028,0,0,true,,,curriculum_pass,utility,3,75,108070593042,108070616255,27,0,BLUE,false,0,4,3,3,ASSASSIN:2;MAGE:8;SPIDER:1,MAGE:8;SCORPION_RIDER:2;SPIDER:1
3029,0,0,true,,,utility,curriculum_pass,3,75,108070600961,108070592428,55,0,,false,19,5,3,3,ARCHER:1;SCORPION_RIDER:3;SPIDER:15,ARCHER:5;GOBLIN:1;SCORPION_RIDER:5
3030,0,0,true,,,curriculum_pass,utility,3,75,108070600961,108070592428,9,0,BLUE,false,0,8,3,3,ARCHER:1;SCORPION_RIDER:3;SPIDER:15,ARCHER:5;GOBLIN:1;SCORPION_RIDER:5
3031,0,0,true,,,utility,curriculum_pass,3,75,108070608880,108070584669,26,0,GREEN,false,11,0,3,4,MAGE:10;SPIDER:1,GARGOYLE:6;SPIDER:11
3032,0,0,true,,,curriculum_pass,utility,3,75,108070608880,108070584669,15,0,BLUE,false,0,17,3,4,MAGE:10;SPIDER:1,GARGOYLE:6;SPIDER:11
3033,0,0,true,,,utility,curriculum_pass,3,75,108078512042,108078557447,18,0,GREEN,false,16,0,3,3,GOBLIN:2;GOLEM:3;SPIDER:13,ASSASSIN:5;GOBLIN:13
3034,0,0,true,,,curriculum_pass,utility,3,75,108078512042,108078557447,60,0,,false,5,13,3,3,GOBLIN:2;GOLEM:3;SPIDER:13,ASSASSIN:5;GOBLIN:13
3035,0,0,true,,,utility,curriculum_pass,3,75,108078519961,108078532660,57,0,,false,9,9,3,3,ASSASSIN:4;GOLEM:4;MAGE:1,GARGOYLE:6;GOBLIN:1;GOLEM:3
3036,0,0,true,,,curriculum_pass,utility,3,75,108078519961,108078532660,48,0,,false,9,10,3,3,ASSASSIN:4;GOLEM:4;MAGE:1,GARGOYLE:6;GOBLIN:1;GOLEM:3
3037,0,0,true,,,utility,curriculum_pass,3,75,108078527880,108078541605,12,0,GREEN,false,11,0,3,2,GARGOYLE:10;SPIDER:1,ARCHER:7;SCORPION_RIDER:4
3038,0,0,true,,,curriculum_pass,utility,3,75,108078527880,108078541605,15,0,BLUE,false,0,9,3,2,GARGOYLE:10;SPIDER:1,ARCHER:7;SCORPION_RIDER:4
3039,0,0,true,,,utility,curriculum_pass,3,75,108086431042,108086481903,14,0,GREEN,false,10,0,2,2,ARCHER:3;MAGE:8,ARCHER:3;ASSASSIN:8
3040,0,0,true,,,curriculum_pass,utility,3,75,108086431042,108086481903,5,0,BLUE,false,0,11,2,2,ARCHER:3;MAGE:8,ARCHER:3;ASSASSIN:8
3041,0,0,true,,,utility,curriculum_pass,3,75,108086438961,108086489756,10,0,GREEN,false,11,0,3,3,ARCHER:5;GOBLIN:1;SCORPION_RIDER:5,ASSASSIN:7;GARGOYLE:3;SPIDER:1
3042,0,0,true,,,curriculum_pass,utility,3,75,108086438961,108086489756,23,0,BLUE,false,0,4,3,3,ARCHER:5;GOBLIN:1;SCORPION_RIDER:5,ASSASSIN:7;GARGOYLE:3;SPIDER:1
3043,0,0,true,,,utility,curriculum_pass,3,75,108086446880,108086465933,8,0,GREEN,false,10,0,3,3,SCORPION_RIDER:9;SPIDER:1,ARCHER:12;GOBLIN:1
3044,0,0,true,,,curriculum_pass,utility,3,75,108086446880,108086465933,13,0,BLUE,false,0,12,3,3,SCORPION_RIDER:9;SPIDER:1,ARCHER:12;GOBLIN:1
3045,0,0,true,,,utility,curriculum_pass,3,75,169624980042,169624933607,20,0,GREEN,false,6,0,3,3,GARGOYLE:6;GOBLIN:1;GOLEM:3,GOBLIN:10;SCORPION_RIDER:5;SPIDER:1
3046,0,0,true,,,curriculum_pass,utility,3,75,169624980042,169624933607,13,0,BLUE,false,0,12,3,3,GARGOYLE:6;GOBLIN:1;GOLEM:3,GOBLIN:10;SCORPION_RIDER:5;SPIDER:1
3047,0,0,true,,,utility,curriculum_pass,3,75,169624987961,169624942484,61,0,,false,6,8,4,3,GOLEM:4;MAGE:1;SCORPION_RIDER:3;SPIDER:1,GOBLIN:1;GOLEM:3;SPIDER:14
3048,0,0,true,,,curriculum_pass,utility,3,75,169624987961,169624942484,48,0,,false,9,18,4,3,GOLEM:4;MAGE:1;SCORPION_RIDER:3;SPIDER:1,GOBLIN:1;GOLEM:3;SPIDER:14
3049,0,0,true,,,utility,curriculum_pass,3,75,169624995880,169625048709,6,0,GREEN,false,10,0,3,3,ASSASSIN:7;MAGE:3;SPIDER:1,ASSASSIN:3;GOBLIN:1;MAGE:7
3050,0,0,true,,,curriculum_pass,utility,3,75,169624995880,169625048709,7,0,BLUE,false,0,11,3,3,ASSASSIN:7;MAGE:3;SPIDER:1,ASSASSIN:3;GOBLIN:1;MAGE:7
3051,0,0,true,,,utility,curriculum_pass,3,75,169625003799,169625057722,18,0,GREEN,false,8,0,4,3,GOBLIN:1;MAGE:8;SCORPION_RIDER:2,GOLEM:2;SPIDER:18
3052,0,0,true,,,curriculum_pass,utility,3,75,169625003799,169625057722,13,0,BLUE,false,0,18,4,3,GOBLIN:1;MAGE:8;SCORPION_RIDER:2,GOLEM:2;SPIDER:18
3053,0,0,true,,,utility,curriculum_pass,3,75,108094350042,108094307447,48,0,,false,9,9,2,3,GARGOYLE:5;GOLEM:4,GARGOYLE:1;GOLEM:2;SCORPION_RIDER:6
3054,0,0,true,,,curriculum_pass,utility,3,75,108094350042,108094307447,21,0,BLUE,false,0,5,2,3,GARGOYLE:5;GOLEM:4,GARGOYLE:1;GOLEM:2;SCORPION_RIDER:6
3055,0,0,true,,,utility,curriculum_pass,3,75,108094357961,108094414692,48,0,,false,18,11,3,3,GOLEM:3;SPIDER:15,ASSASSIN:4;GARGOYLE:6;SPIDER:1
3056,0,0,true,,,curriculum_pass,utility,3,75,108094357961,108094414692,54,0,,false,13,9,3,3,GOLEM:3;SPIDER:15,ASSASSIN:4;GARGOYLE:6;SPIDER:1
3057,0,0,true,,,utility,curriculum_pass,3,75,108094365880,108094422549,30,0,GREEN,false,21,0,3,3,GOBLIN:2;MAGE:3;SPIDER:16,ARCHER:1;ASSASSIN:4;SCORPION_RIDER:5
3058,0,0,true,,,curriculum_pass,utility,3,75,108094365880,108094422549,15,0,BLUE,false,0,7,3,3,GOBLIN:2;MAGE:3;SPIDER:16,ARCHER:1;ASSASSIN:4;SCORPION_RIDER:5
3059,0,0,true,,,utility,curriculum_pass,3,75,108102269042,108102248159,48,0,,false,11,10,3,3,GOBLIN:2;GOLEM:2;MAGE:7,GOBLIN:2;GOLEM:2;SCORPION_RIDER:6
3060,0,0,true,,,curriculum_pass,utility,3,75,108102269042,108102248159,11,0,BLUE,false,0,10,3,3,GOBLIN:2;GOLEM:2;MAGE:7,GOBLIN:2;GOLEM:2;SCORPION_RIDER:6
3061,0,0,true,,,utility,curriculum_pass,3,75,108102276961,108102224332,12,0,GREEN,false,9,0,2,3,GOLEM:4;MAGE:5,ASSASSIN:7;GOBLIN:8
3062,0,0,true,,,curriculum_pass,utility,3,75,108102276961,108102224332,13,0,GREEN,false,3,0,2,3,GOLEM:4;MAGE:5,ASSASSIN:7;GOBLIN:8
3063,0,0,true,,,utility,curriculum_pass,3,75,108102284880,108102232317,10,0,GREEN,false,11,0,2,4,SCORPION_RIDER:4;SPIDER:14,GOBLIN:1;MAGE:1;SCORPION_RIDER:2;SPIDER:16
3064,0,0,true,,,curriculum_pass,utility,3,75,108102284880,108102232317,17,0,BLUE,false,0,17,2,4,SCORPION_RIDER:4;SPIDER:14,GOBLIN:1;MAGE:1;SCORPION_RIDER:2;SPIDER:16
3065,0,0,true,,,utility,curriculum_pass,3,75,69227898042,69227854359,48,0,,false,10,25,4,3,GARGOYLE:1;GOBLIN:1;SCORPION_RIDER:8,GOBLIN:11;SPIDER:14
3066,0,0,true,,,curriculum_pass,utility,3,75,69227898042,69227854359,48,0,,false,10,25,4,3,GARGOYLE:1;GOBLIN:1;SCORPION_RIDER:8,GOBLIN:11;SPIDER:14
3067,0,0,true,,,utility,curriculum_pass,3,75,69235817042,69235795199,12,0,GREEN,false,10,0,3,3,ARCHER:9;GOBLIN:7,GOBLIN:9;SCORPION_RIDER:6
3068,0,0,true,,,curriculum_pass,utility,3,75,69235817042,69235795199,11,0,BLUE,false,0,15,3,3,ARCHER:9;GOBLIN:7,GOBLIN:9;SCORPION_RIDER:6
3069,0,0,true,,,utility,curriculum_pass,3,75,69243736042,69243720007,18,0,GREEN,false,9,0,2,3,ARCHER:7;SCORPION_RIDER:4,GOBLIN:1;GOLEM:7
3070,0,0,true,,,curriculum_pass,utility,3,75,69243736042,69243720007,48,0,,false,11,8,2,3,ARCHER:7;SCORPION_RIDER:4,GOBLIN:1;GOLEM:7
3071,0,0,true,,,utility,curriculum_pass,3,75,69251655042,69251676975,24,0,GREEN,false,16,0,4,3,ARCHER:1;GOBLIN:12;SCORPION_RIDER:4,ARCHER:4;MAGE:1;SPIDER:14
3072,0,0,true,,,curriculum_pass,utility,3,75,69251655042,69251676975,48,0,,false,17,19,4,3,ARCHER:1;GOBLIN:12;SCORPION_RIDER:4,ARCHER:4;MAGE:1;SPIDER:14
3073,0,0,true,,,utility,curriculum_pass,3,75,69259574042,69259617719,14,0,GREEN,false,11,0,3,3,MAGE:10;SPIDER:1,ARCHER:1;ASSASSIN:3;SCORPION_RIDER:6
3074,0,0,true,,,curriculum_pass,utility,3,75,69259574042,69259617719,9,0,BLUE,false,0,10,3,3,MAGE:10;SPIDER:1,ARCHER:1;ASSASSIN:3;SCORPION_RIDER:6
3075,0,0,true,,,utility,curriculum_pass,3,75,69267493042,69267541535,8,0,GREEN,false,10,0,3,3,ASSASSIN:8;GOBLIN:1;SCORPION_RIDER:2,ARCHER:7;ASSASSIN:4;SPIDER:1
3076,0,0,true,,,curriculum_pass,utility,3,75,69267493042,69267541535,58,0,,false,2,8,3,3,ASSASSIN:8;GOBLIN:1;SCORPION_RIDER:2,ARCHER:7;ASSASSIN:4;SPIDER:1
3077,0,0,true,,,utility,curriculum_pass,3,75,108822898042,108822887383,48,0,,false,15,17,2,3,MAGE:7;SPIDER:8,ASSASSIN:6;GOBLIN:10;SPIDER:1
3078,0,0,true,,,curriculum_pass,utility,3,75,108822898042,108822887383,9,0,BLUE,false,0,17,2,3,MAGE:7;SPIDER:8,ASSASSIN:6;GOBLIN:10;SPIDER:1
3079,0,0,true,,,utility,curriculum_pass,3,75,108822905961,108822862532,20,0,GREEN,false,16,0,5,2,ARCHER:8;GOBLIN:2;SPIDER:7,GOBLIN:11;SPIDER:14
3080,0,0,true,,,curriculum_pass,utility,3,75,108822905961,108822862532,48,0,,false,17,25,5,2,ARCHER:8;GOBLIN:2;SPIDER:7,GOBLIN:11;SPIDER:14
3081,0,0,true,,,utility,curriculum_pass,3,75,108822913880,108822871541,10,0,GREEN,false,25,0,3,3,GOBLIN:9;SPIDER:16,ASSASSIN:10;SPIDER:1
3082,0,0,true,,,curriculum_pass,utility,3,75,108822913880,108822871541,25,0,BLUE,false,0,1,3,3,GOBLIN:9;SPIDER:16,ASSASSIN:10;SPIDER:1
3083,0,0,true,,,utility,curriculum_pass,3,75,108830817042,108830827967,6,0,GREEN,false,8,0,3,3,ASSASSIN:8;GOBLIN:1;SCORPION_RIDER:2,ARCHER:1;ASSASSIN:7;GOLEM:2
3084,0,0,true,,,curriculum_pass,utility,3,75,108830817042,108830827967,58,0,,false,7,5,3,3,ASSASSIN:8;GOBLIN:1;SCORPION_RIDER:2,ARCHER:1;ASSASSIN:7;GOLEM:2
3085,0,0,true,,,utility,curriculum_pass,3,75,108830824961,108830803116,48,0,,false,12,15,3,3,ARCHER:7;GARGOYLE:4;GOBLIN:1,GOBLIN:1;GOLEM:4;SPIDER:10
3086,0,0,true,,,curriculum_pass,utility,3,75,108830824961,108830803116,48,0,,false,12,15,3,3,ARCHER:7;GARGOYLE:4;GOBLIN:1,GOBLIN:1;GOLEM:4;SPIDER:10
3087,0,0,true,,,utility,curriculum_pass,3,75,108830832880,108830811741,10,0,GREEN,false,15,0,3,3,ARCHER:10;SPIDER:5,ASSASSIN:7;GOLEM:2;SPIDER:2
3088,0,0,true,,,curriculum_pass,utility,3,75,108830832880,108830811741,7,0,BLUE,false,0,10,3,3,ARCHER:10;SPIDER:5,ASSASSIN:7;GOLEM:2;SPIDER:2
3089,0,0,true,,,utility,curriculum_pass,3,75,108838736042,108838751751,53,0,,false,3,7,2,3,ASSASSIN:7;SCORPION_RIDER:3,GOBLIN:1;GOLEM:4;SCORPION_RIDER:4
3090,0,0,true,,,curriculum_pass,utility,3,75,108838736042,108838751751,60,0,,false,2,6,2,3,ASSASSIN:7;SCORPION_RIDER:3,GOBLIN:1;GOLEM:4;SCORPION_RIDER:4
3091,0,0,true,,,utility,curriculum_pass,3,75,108838743961,108838760756,12,0,GREEN,false,18,0,2,3,GARGOYLE:5;SPIDER:13,GOBLIN:1;MAGE:10
3092,0,0,true,,,curriculum_pass,utility,3,75,108838743961,108838760756,23,0,BLUE,false,0,8,2,3,GARGOYLE:5;SPIDER:13,GOBLIN:1;MAGE:10
3093,0,0,true,,,utility,curriculum_pass,3,75,108838751880,108838735909,8,0,GREEN,false,14,0,3,3,ASSASSIN:7;SPIDER:8,MAGE:4;SPIDER:15
3094,0,0,true,,,curriculum_pass,utility,3,75,108838751880,108838735909,23,0,BLUE,false,0,19,3,3,ASSASSIN:7;SPIDER:8,MAGE:4;SPIDER:15
3095,0,0,true,,,utility,curriculum_pass,3,75,108846655042,108846708975,71,0,,false,10,6,3,3,ARCHER:1;GARGOYLE:3;SCORPION_RIDER:6,ASSASSIN:4;GARGOYLE:6;GOBLIN:1
3096,0,0,true,,,curriculum_pass,utility,3,75,108846655042,108846708975,58,0,,false,9,9,3,3,ARCHER:1;GARGOYLE:3;SCORPION_RIDER:6,ASSASSIN:4;GARGOYLE:6;GOBLIN:1
3097,0,0,true,,,utility,curriculum_pass,3,75,108846662961,108846685084,12,0,GREEN,false,6,0,2,3,GARGOYLE:6;SCORPION_RIDER:4,ARCHER:4;SCORPION_RIDER:6;SPIDER:1
3098,0,0,true,,,curriculum_pass,utility,3,75,108846662961,108846685084,13,0,BLUE,false,0,8,2,3,GARGOYLE:6;SCORPION_RIDER:4,ARCHER:4;SCORPION_RIDER:6;SPIDER:1
3099,0,0,true,,,utility,curriculum_pass,3,75,108846670880,108846693005,8,0,GREEN,false,16,0,2,3,ARCHER:8;SPIDER:9,ASSASSIN:7;SPIDER:8
3100,0,0,true,,,curriculum_pass,utility,3,75,108846670880,108846693005,9,0,BLUE,false,0,13,2,3,ARCHER:8;SPIDER:9,ASSASSIN:7;SPIDER:8
3101,0,0,true,,,utility,curriculum_pass,3,75,108854574042,108854519159,8,0,GREEN,false,16,0,3,3,ASSASSIN:1;GOBLIN:11;MAGE:5,GOBLIN:8;SPIDER:17
3102,0,0,true,,,curriculum_pass,utility,3,75,108854574042,108854519159,11,0,BLUE,false,0,22,3,3,ASSASSIN:1;GOBLIN:11;MAGE:5,GOBLIN:8;SPIDER:17
3103,0,0,true,,,utility,curriculum_pass,3,75,108854581961,108854625380,55,0,,false,4,12,3,2,ASSASSIN:7;GARGOYLE:3;GOBLIN:1,GOBLIN:11;GOLEM:4
3104,0,0,true,,,curriculum_pass,utility,3,75,108854581961,108854625380,58,0,,false,8,15,3,2,ASSASSIN:7;GARGOYLE:3;GOBLIN:1,GOBLIN:11;GOLEM:4
3105,0,0,true,,,utility,curriculum_pass,3,75,108854589880,108854634261,10,0,GREEN,false,14,0,3,3,ASSASSIN:1;GOBLIN:9;SCORPION_RIDER:5,ARCHER:1;ASSASSIN:4;SPIDER:13
3106,0,0,true,,,curriculum_pass,utility,3,75,108854589880,108854634261,19,0,BLUE,false,0,14,3,3,ASSASSIN:1;GOBLIN:9;SCORPION_RIDER:5,ARCHER:1;ASSASSIN:4;SPIDER:13
3107,0,0,true,,,utility,curriculum_pass,3,75,108862493042,108862443487,63,0,,false,11,8,3,3,ARCHER:6;MAGE:4;SPIDER:3,MAGE:10;SPIDER:1
3108,0,0,true,,,curriculum_pass,utility,3,75,108862493042,108862443487,19,0,GREEN,false,1,0,3,3,ARCHER:6;MAGE:4;SPIDER:3,MAGE:10;SPIDER:1
3109,0,0,true,,,utility,curriculum_pass,3,75,108862500961,108862451404,153,0,,false,1,5,3,3,ASSASSIN:5;GARGOYLE:5;SPIDER:1,ARCHER:1;GARGOYLE:6;GOBLIN:9
3110,0,0,true,,,curriculum_pass,utility,3,75,108862500961,108862451404,54,0,,false,10,16,3,3,ASSASSIN:5;GARGOYLE:5;SPIDER:1,ARCHER:1;GARGOYLE:6;GOBLIN:9
3111,0,0,true,,,utility,curriculum_pass,3,75,108862508880,108862558717,51,0,,false,19,7,2,2,ASSASSIN:4;SPIDER:15,ARCHER:4;ASSASSIN:7
3112,0,0,true,,,curriculum_pass,utility,3,75,108862508880,108862558717,9,0,BLUE,false,0,9,2,2,ASSASSIN:4;SPIDER:15,ARCHER:4;ASSASSIN:7
3113,0,0,true,,,utility,curriculum_pass,3,75,108870412042,108870400423,44,0,GREEN,false,9,0,3,3,ARCHER:9;GOLEM:2,ASSASSIN:5;GARGOYLE:5;SPIDER:1
3114,0,0,true,,,curriculum_pass,utility,3,75,108870412042,108870400423,15,0,BLUE,false,0,8,3,3,ARCHER:9;GOLEM:2,ASSASSIN:5;GARGOYLE:5;SPIDER:1
3115,0,0,true,,,utility,curriculum_pass,3,75,108870419961,108870376276,14,0,GREEN,false,5,0,3,3,ASSASSIN:8;GOBLIN:1;SPIDER:5,MAGE:5;SCORPION_RIDER:5
3116,0,0,true,,,curriculum_pass,utility,3,75,108870419961,108870376276,9,0,BLUE,false,0,10,3,3,ASSASSIN:8;GOBLIN:1;SPIDER:5,MAGE:5;SCORPION_RIDER:5
3117,0,0,true,,,utility,curriculum_pass,3,75,108870427880,108870384197,68,0,GREEN,false,19,0,2,4,MAGE:4;SPIDER:15,GARGOYLE:6;GOBLIN:1;SPIDER:10
3118,0,0,true,,,curriculum_pass,utility,3,75,108870427880,108870384197,86,0,,false,11,5,2,4,MAGE:4;SPIDER:15,GARGOYLE:6;GOBLIN:1;SPIDER:10
3119,0,0,true,,,utility,curriculum_pass,3,75,108878331042,108878340623,57,0,,false,14,6,2,3,GOBLIN:11;SCORPION_RIDER:5,ARCHER:1;GOBLIN:7;SCORPION_RIDER:6
3120,0,0,true,,,curriculum_pass,utility,3,75,108878331042,108878340623,13,0,BLUE,false,0,12,2,3,GOBLIN:11;SCORPION_RIDER:5,ARCHER:1;GOBLIN:7;SCORPION_RIDER:6
3121,0,0,true,,,utility,curriculum_pass,3,75,108878338961,108878316860,16,0,GREEN,false,17,0,3,3,ASSASSIN:1;GOBLIN:11;MAGE:5,MAGE:4;SPIDER:15
3122,0,0,true,,,curriculum_pass,utility,3,75,108878338961,108878316860,60,0,,false,16,17,3,3,ASSASSIN:1;GOBLIN:11;MAGE:5,MAGE:4;SPIDER:15
3123,0,0,true,,,utility,curriculum_pass,3,75,108878346880,108878324781,48,0,,false,12,11,3,3,ARCHER:8;GOBLIN:2;GOLEM:2,ARCHER:8;ASSASSIN:1;GOLEM:2
3124,0,0,true,,,curriculum_pass,utility,3,75,108878346880,108878324781,15,0,BLUE,false,0,8,3,3,ARCHER:8;GOBLIN:2;GOLEM:2,ARCHER:8;ASSASSIN:1;GOLEM:2
3125,0,0,true,,,utility,curriculum_pass,3,75,108886250042,108886264983,24,0,GREEN,false,11,0,3,4,GARGOYLE:3;MAGE:7;SPIDER:1,ASSASSIN:4;GARGOYLE:1;GOBLIN:12;SPIDER:1
3126,0,0,true,,,curriculum_pass,utility,3,75,108886250042,108886264983,76,0,,false,9,14,3,4,GARGOYLE:3;MAGE:7;SPIDER:1,ASSASSIN:4;GARGOYLE:1;GOBLIN:12;SPIDER:1
3127,0,0,true,,,utility,curriculum_pass,3,75,108886257961,108886273924,28,0,GREEN,false,10,0,4,4,ARCHER:8;GARGOYLE:2;GOBLIN:1;GOLEM:1,GARGOYLE:8;SCORPION_RIDER:2;SPIDER:1
3128,0,0,true,,,curriculum_pass,utility,3,75,108886257961,108886273924,17,0,BLUE,false,0,11,4,4,ARCHER:8;GARGOYLE:2;GOBLIN:1;GOLEM:1,GARGOYLE:8;SCORPION_RIDER:2;SPIDER:1
3129,0,0,true,,,utility,curriculum_pass,3,75,108886265880,108886249141,55,0,,false,11,8,3,3,ARCHER:10;ASSASSIN:2,GOLEM:1;MAGE:8;SCORPION_RIDER:1
3130,0,0,true,,,curriculum_pass,utility,3,75,108886265880,108886249141,17,0,BLUE,false,0,2,3,3,ARCHER:10;ASSASSIN:2,GOLEM:1;MAGE:8;SCORPION_RIDER:1
3131,0,0,true,,,utility,curriculum_pass,3,75,108894169042,108894222719,10,0,GREEN,false,7,0,4,3,ASSASSIN:5;GARGOYLE:5;GOBLIN:1,ASSASSIN:10;SPIDER:1
3132,0,0,true,,,curriculum_pass,utility,3,75,108894169042,108894222719,62,0,,false,5,1,4,3,ASSASSIN:5;GARGOYLE:5;GOBLIN:1,ASSASSIN:10;SPIDER:1
3133,0,0,true,,,utility,curriculum_pass,3,75,108894176961,108894197868,10,0,GREEN,false,8,0,3,3,ARCHER:8;ASSASSIN:3;SPIDER:2,ARCHER:8;SCORPION_RIDER:3;SPIDER:1
3134,0,0,true,,,curriculum_pass,utility,3,75,108894176961,108894197868,9,0,BLUE,false,0,12,3,3,ARCHER:8;ASSASSIN:3;SPIDER:2,ARCHER:8;SCORPION_RIDER:3;SPIDER:1
3135,0,0,true,,,utility,curriculum_pass,3,75,108894184880,108894206749,12,0,GREEN,false,9,0,2,3,GARGOYLE:5;GOLEM:4,ARCHER:12;GOBLIN:1
3136,0,0,true,,,curriculum_pass,utility,3,75,108894184880,108894206749,17,0,BLUE,false,0,12,2,3,GARGOYLE:5;GOLEM:4,ARCHER:12;GOBLIN:1
3137,0,0,true,,,utility,curriculum_pass,3,75,70019798042,70019812023,8,0,GREEN,false,9,0,3,3,ASSASSIN:10;SPIDER:1,GOBLIN:1;SPIDER:24
3138,0,0,true,,,curriculum_pass,utility,3,75,70019798042,70019812023,17,0,BLUE,false,0,25,3,3,ASSASSIN:10;SPIDER:1,GOBLIN:1;SPIDER:24
3139,0,0,true,,,utility,curriculum_pass,3,75,70027717042,70027769631,48,0,,false,11,17,3,3,GARGOYLE:10;SPIDER:1,ASSASSIN:6;GOBLIN:11
3140,0,0,true,,,curriculum_pass,utility,3,75,70027717042,70027769631,66,0,,false,6,13,3,3,GARGOYLE:10;SPIDER:1,ASSASSIN:6;GOBLIN:11
3141,0,0,true,,,utility,curriculum_pass,3,75,70035636042,70035579367,12,0,GREEN,false,14,0,3,3,GOBLIN:1;MAGE:7;SPIDER:7,ASSASSIN:7;MAGE:3;SPIDER:1
3142,0,0,true,,,curriculum_pass,utility,3,75,70035636042,70035579367,9,0,BLUE,false,0,10,3,3,GOBLIN:1;MAGE:7;SPIDER:7,ASSASSIN:7;MAGE:3;SPIDER:1
3143,0,0,true,,,utility,curriculum_pass,3,75,70043555042,70043503183,18,0,GREEN,false,14,0,4,3,ARCHER:2;GOBLIN:1;MAGE:2;SPIDER:15,ARCHER:7;GOBLIN:4;SPIDER:7
3144,0,0,true,,,curriculum_pass,utility,3,75,70043555042,70043503183,13,0,BLUE,false,0,17,4,3,ARCHER:2;GOBLIN:1;MAGE:2;SPIDER:15,ARCHER:7;GOBLIN:4;SPIDER:7
3145,0,0,true,,,utility,curriculum_pass,3,75,70051474042,70051460311,69,0,,false,4,5,3,2,ASSASSIN:4;GOBLIN:2;SCORPION_RIDER:5,GARGOYLE:5;GOLEM:4
3146,0,0,true,,,curriculum_pass,utility,3,75,70051474042,70051460311,13,0,BLUE,false,0,8,3,2,ASSASSIN:4;GOBLIN:2;SCORPION_RIDER:5,GARGOYLE:5;GOLEM:4
3147,0,0,true,,,utility,curriculum_pass,3,75,70059393042,70059384511,6,0,GREEN,false,10,0,3,2,ARCHER:1;GARGOYLE:3;SCORPION_RIDER:6,ARCHER:4;MAGE:7
3148,0,0,true,,,curriculum_pass,utility,3,75,70059393042,70059384511,58,0,,false,6,11,3,2,ARCHER:1;GARGOYLE:3;SCORPION_RIDER:6,ARCHER:4;MAGE:7
3149,0,0,true,,,utility,curriculum_pass,3,75,109614798042,109614844535,8,0,GREEN,false,13,0,4,3,ARCHER:8;GOBLIN:1;MAGE:3;SPIDER:1,SCORPION_RIDER:3;SPIDER:17
3150,0,0,true,,,curriculum_pass,utility,3,75,109614798042,109614844535,9,0,BLUE,false,0,16,4,3,ARCHER:8;GOBLIN:1;MAGE:3;SPIDER:1,SCORPION_RIDER:3;SPIDER:17
3151,0,0,true,,,utility,curriculum_pass,3,75,109614805961,109614853476,55,0,,false,11,6,3,3,GOBLIN:1;MAGE:8;SCORPION_RIDER:2,ASSASSIN:4;GARGOYLE:6;SPIDER:1
3152,0,0,true,,,curriculum_pass,utility,3,75,109614805961,109614853476,13,0,BLUE,false,0,9,3,3,GOBLIN:1;MAGE:8;SCORPION_RIDER:2,ASSASSIN:4;GARGOYLE:6;SPIDER:1
3153,0,0,true,,,utility,curriculum_pass,3,75,109614813880,109614828565,8,0,GREEN,false,9,0,3,3,SCORPION_RIDER:9;SPIDER:1,ARCHER:1;GOBLIN:23
3154,0,0,true,,,curriculum_pass,utility,3,75,109614813880,109614828565,29,0,BLUE,false,0,1,3,3,SCORPION_RIDER:9;SPIDER:1,ARCHER:1;GOBLIN:23
3155,0,0,true,,,utility,curriculum_pass,3,75,109622717042,109622670559,32,0,GREEN,false,11,0,3,2,ARCHER:7;GOLEM:3;SPIDER:1,GARGOYLE:6;GOBLIN:11
3156,0,0,true,,,curriculum_pass,utility,3,75,109622717042,109622670559,48,0,,false,11,17,3,2,ARCHER:7;GOLEM:3;SPIDER:1,GARGOYLE:6;GOBLIN:11
3157,0,0,true,,,utility,curriculum_pass,3,75,109622724961,109622777804,55,0,,false,20,11,3,2,ARCHER:1;ASSASSIN:3;SPIDER:16,GOBLIN:11;MAGE:6
3158,0,0,true,,,curriculum_pass,utility,3,75,109622724961,109622777804,19,0,BLUE,false,0,17,3,2,ARCHER:1;ASSASSIN:3;SPIDER:16,GOBLIN:11;MAGE:6
3159,0,0,true,,,utility,curriculum_pass,3,75,109622732880,109622785789,201,0,,true,4,3,3,2,ASSASSIN:8;GARGOYLE:2;SPIDER:1,GARGOYLE:5;GOLEM:4
3160,0,0,true,,,curriculum_pass,utility,3,75,109622732880,109622785789,11,0,BLUE,false,0,9,3,2,ASSASSIN:8;GARGOYLE:2;SPIDER:1,GARGOYLE:5;GOLEM:4
3161,0,0,true,,,utility,curriculum_pass,3,75,109630636042,109630594727,34,0,GREEN,false,8,0,3,3,ASSASSIN:7;GOBLIN:7;SPIDER:1,ASSASSIN:8;GARGOYLE:2;GOBLIN:1
3162,0,0,true,,,curriculum_pass,utility,3,75,109630636042,109630594727,21,0,BLUE,false,0,2,3,3,ASSASSIN:7;GOBLIN:7;SPIDER:1,ASSASSIN:8;GARGOYLE:2;GOBLIN:1
3163,0,0,true,,,utility,curriculum_pass,3,75,109630643961,109630586964,8,0,GREEN,false,9,0,3,2,ARCHER:9;ASSASSIN:3,MAGE:7;SCORPION_RIDER:3
3164,0,0,true,,,curriculum_pass,utility,3,75,109630643961,109630586964,48,0,,false,12,10,3,2,ARCHER:9;ASSASSIN:3,MAGE:7;SCORPION_RIDER:3
3165,0,0,true,,,utility,curriculum_pass,3,75,109630651880,109630595909,16,0,GREEN,false,12,0,3,4,SCORPION_RIDER:3;SPIDER:17,ASSASSIN:4;GARGOYLE:5;MAGE:1;SPIDER:1
3166,0,0,true,,,curriculum_pass,utility,3,75,109630651880,109630595909,54,0,,false,15,8,3,4,SCORPION_RIDER:3;SPIDER:17,ASSASSIN:4;GARGOYLE:5;MAGE:1;SPIDER:1
3167,0,0,true,,,utility,curriculum_pass,3,75,109638555042,109638535951,8,0,GREEN,false,10,0,2,2,MAGE:5;SCORPION_RIDER:5,GOBLIN:6;MAGE:8
3168,0,0,true,,,curriculum_pass,utility,3,75,109638555042,109638535951,58,0,,false,5,14,2,2,MAGE:5;SCORPION_RIDER:5,GOBLIN:6;MAGE:8
3169,0,0,true,,,utility,curriculum_pass,3,75,109638562961,109638543932,18,0,GREEN,false,16,0,3,3,GARGOYLE:6;GOBLIN:11,GOBLIN:13;MAGE:5
3170,0,0,true,,,curriculum_pass,utility,3,75,109638562961,109638543932,48,0,,false,17,18,3,3,GARGOYLE:6;GOBLIN:11,GOBLIN:13;MAGE:5
3171,0,0,true,,,utility,curriculum_pass,3,75,109638570880,109638520109,48,0,,false,12,11,3,2,ARCHER:7;GOBLIN:1;MAGE:4,ARCHER:3;MAGE:8
3172,0,0,true,,,curriculum_pass,utility,3,75,109638570880,109638520109,64,0,,false,3,2,3,2,ARCHER:7;GOBLIN:1;MAGE:4,ARCHER:3;MAGE:8
3173,0,0,true,,,utility,curriculum_pass,3,75,109646474042,109646493079,14,0,GREEN,false,16,0,3,3,ASSASSIN:3;GOLEM:1;SPIDER:14,GOLEM:4;MAGE:4;SPIDER:2
3174,0,0,true,,,curriculum_pass,utility,3,75,109646474042,109646493079,13,0,BLUE,false,0,8,3,3,ASSASSIN:3;GOLEM:1;SPIDER:14,GOLEM:4;MAGE:4;SPIDER:2
3175,0,0,true,,,utility,curriculum_pass,3,75,109646481961,109646468228,59,0,,false,18,5,4,2,GARGOYLE:3;GOBLIN:1;SCORPION_RIDER:1;SPIDER:14,GOBLIN:6;MAGE:8
3176,0,0,true,,,curriculum_pass,utility,3,75,109646481961,109646468228,23,0,BLUE,false,0,13,4,2,GARGOYLE:3;GOBLIN:1;SCORPION_RIDER:1;SPIDER:14,GOBLIN:6;MAGE:8
3177,0,0,true,,,utility,curriculum_pass,3,75,109646489880,109646477237,57,0,,false,8,5,3,3,ASSASSIN:10;GOBLIN:1,GOBLIN:1;GOLEM:3;SCORPION_RIDER:5
3178,0,0,true,,,curriculum_pass,utility,3,75,109646489880,109646477237,9,0,BLUE,false,0,9,3,3,ASSASSIN:10;GOBLIN:1,GOBLIN:1;GOLEM:3;SCORPION_RIDER:5
3179,0,0,true,,,utility,curriculum_pass,3,75,109654393042,109654417023,61,0,,false,24,8,3,3,ARCHER:1;SPIDER:23,ARCHER:8;GOBLIN:2;MAGE:3
3180,0,0,true,,,curriculum_pass,utility,3,75,109654393042,109654417023,48,0,,false,24,13,3,3,ARCHER:1;SPIDER:23,ARCHER:8;GOBLIN:2;MAGE:3
3181,0,0,true,,,utility,curriculum_pass,3,75,109654400961,109654409580,48,0,,false,25,13,3,3,GOBLIN:12;SPIDER:13,ARCHER:12;SPIDER:1
3182,0,0,true,,,curriculum_pass,utility,3,75,109654400961,109654409580,13,0,BLUE,false,0,13,3,3,GOBLIN:12;SPIDER:13,ARCHER:12;SPIDER:1
3183,0,0,true,,,utility,curriculum_pass,3,75,109654408880,109654417437,48,0,,false,18,11,3,3,ARCHER:7;GOBLIN:10;SPIDER:1,ASSASSIN:7;GARGOYLE:3;SPIDER:1
3184,0,0,true,,,curriculum_pass,utility,3,75,109654408880,109654417437,53,0,BLUE,false,0,4,3,3,ARCHER:7;GOBLIN:10;SPIDER:1,ASSASSIN:7;GARGOYLE:3;SPIDER:1
3185,0,0,true,,,utility,curriculum_pass,3,75,109662312042,109662357703,48,0,,false,17,9,3,3,ARCHER:8;SPIDER:9,GOLEM:4;SCORPION_RIDER:4;SPIDER:1
3186,0,0,true,,,curriculum_pass,utility,3,75,109662312042,109662357703,48,0,,false,17,9,3,3,ARCHER:8;SPIDER:9,GOLEM:4;SCORPION_RIDER:4;SPIDER:1
3187,0,0,true,,,utility,curriculum_pass,3,75,109662319961,109662366708,48,0,,false,18,19,3,3,MAGE:5;SPIDER:13,ASSASSIN:4;GOBLIN:1;SPIDER:14
3188,0,0,true,,,curriculum_pass,utility,3,75,109662319961,109662366708,21,0,BLUE,false,0,14,3,3,MAGE:5;SPIDER:13,ASSASSIN:4;GOBLIN:1;SPIDER:14
3189,0,0,true,,,utility,curriculum_pass,3,75,109662327880,109662341861,18,0,GREEN,false,9,0,2,2,GARGOYLE:5;GOLEM:4,GOBLIN:6;MAGE:8
3190,0,0,true,,,curriculum_pass,utility,3,75,109662327880,109662341861,37,0,BLUE,false,0,12,2,2,GARGOYLE:5;GOLEM:4,GOBLIN:6;MAGE:8
3191,0,0,true,,,utility,curriculum_pass,3,75,109670231042,109670183599,48,0,,false,15,11,2,3,GOBLIN:11;GOLEM:4,ARCHER:7;GOLEM:3;SPIDER:1
3192,0,0,true,,,curriculum_pass,utility,3,75,109670231042,109670183599,17,0,BLUE,false,0,9,2,3,GOBLIN:11;GOLEM:4,ARCHER:7;GOLEM:3;SPIDER:1
3193,0,0,true,,,utility,curriculum_pass,3,75,109670238961,109670290524,10,0,GREEN,false,8,0,3,2,ARCHER:1;MAGE:3;SCORPION_RIDER:6,MAGE:4;SPIDER:15
3194,0,0,true,,,curriculum_pass,utility,3,75,109670238961,109670290524,48,0,,false,10,19,3,2,ARCHER:1;MAGE:3;SCORPION_RIDER:6,MAGE:4;SPIDER:15
3195,0,0,true,,,utility,curriculum_pass,3,75,109670246880,109670299469,26,0,GREEN,false,10,0,3,3,GOBLIN:1;MAGE:10,GOBLIN:2;MAGE:3;SPIDER:16
3196,0,0,true,,,curriculum_pass,utility,3,75,109670246880,109670299469,11,0,BLUE,false,0,21,3,3,GOBLIN:1;MAGE:10,GOBLIN:2;MAGE:3;SPIDER:16
3197,0,0,true,,,utility,curriculum_pass,3,75,109678150042,109678108471,14,0,GREEN,false,10,0,2,4,ARCHER:7;SCORPION_RIDER:4,GARGOYLE:6;GOBLIN:2;SPIDER:9
3198,0,0,true,,,curriculum_pass,utility,3,75,109678150042,109678108471,13,0,BLUE,false,0,14,2,4,ARCHER:7;SCORPION_RIDER:4,GARGOYLE:6;GOBLIN:2;SPIDER:9
3199,0,0,true,,,utility,curriculum_pass,3,75,109678157961,109678116388,53,0,,false,10,11,3,3,ASSASSIN:2;MAGE:8;SPIDER:1,ARCHER:12;SPIDER:1
3200,0,0,true,,,curriculum_pass,utility,3,75,109678157961,109678116388,9,0,BLUE,false,0,11,3,3,ASSASSIN:2;MAGE:8;SPIDER:1,ARCHER:12;SPIDER:1
3201,0,0,true,,,utility,curriculum_pass,3,75,109678165880,109678109141,6,0,GREEN,false,11,0,3,2,ARCHER:4;SCORPION_RIDER:6;SPIDER:1,ARCHER:6;SPIDER:13
3202,0,0,true,,,curriculum_pass,utility,3,75,109678165880,109678109141,15,0,BLUE,false,0,19,3,2,ARCHER:4;SCORPION_RIDER:6;SPIDER:1,ARCHER:6;SPIDER:13
3203,0,0,true,,,utility,curriculum_pass,3,75,109686069042,109686049183,14,0,GREEN,false,14,0,2,3,GOLEM:4;SPIDER:11,ASSASSIN:5;GARGOYLE:5;SPIDER:1
3204,0,0,true,,,curriculum_pass,utility,3,75,109686069042,109686049183,35,0,BLUE,false,0,6,2,3,GOLEM:4;SPIDER:11,ASSASSIN:5;GARGOYLE:5;SPIDER:1
3205,0,0,true,,,utility,curriculum_pass,3,75,109686076961,109686057100,8,0,GREEN,false,10,0,3,3,GOBLIN:1;SCORPION_RIDER:9,ARCHER:8;GOBLIN:9
3206,0,0,true,,,curriculum_pass,utility,3,75,109686076961,109686057100,13,0,BLUE,false,0,11,3,3,GOBLIN:1;SCORPION_RIDER:9,ARCHER:8;GOBLIN:9
3207,0,0,true,,,utility,curriculum_pass,3,75,109686084880,109686033341,53,0,,false,18,9,3,3,GOBLIN:13;MAGE:5,SCORPION_RIDER:9;SPIDER:1
3208,0,0,true,,,curriculum_pass,utility,3,75,109686084880,109686033341,11,0,BLUE,false,0,9,3,3,GOBLIN:13;MAGE:5,SCORPION_RIDER:9;SPIDER:1
3209,0,0,true,,,utility,curriculum_pass,3,75,70811698042,70811655639,8,0,GREEN,false,20,0,3,3,SCORPION_RIDER:3;SPIDER:17,ASSASSIN:2;MAGE:8;SPIDER:1
3210,0,0,true,,,curriculum_pass,utility,3,75,70811698042,70811655639,15,0,BLUE,false,0,9,3,3,SCORPION_RIDER:3;SPIDER:17,ASSASSIN:2;MAGE:8;SPIDER:1
3211,0,0,true,,,utility,curriculum_pass,3,75,70819617042,70819596223,73,0,,false,7,5,3,3,GOLEM:3;SCORPION_RIDER:5;SPIDER:1,ASSASSIN:7;GARGOYLE:3;GOBLIN:1
3212,0,0,true,,,curriculum_pass,utility,3,75,70819617042,70819596223,56,0,,false,5,9,3,3,GOLEM:3;SCORPION_RIDER:5;SPIDER:1,ASSASSIN:7;GARGOYLE:3;GOBLIN:1
3213,0,0,true,,,utility,curriculum_pass,3,75,70827536042,70827552775,14,0,GREEN,false,7,0,2,3,MAGE:5;SCORPION_RIDER:5,GARGOYLE:1;GOBLIN:12;GOLEM:3
3214,0,0,true,,,curriculum_pass,utility,3,75,70827536042,70827552775,11,0,BLUE,false,0,10,2,3,MAGE:5;SCORPION_RIDER:5,GARGOYLE:1;GOBLIN:12;GOLEM:3
3215,0,0,true,,,utility,curriculum_pass,3,75,70835455042,70835477231,12,0,GREEN,false,8,0,2,3,GARGOYLE:5;SCORPION_RIDER:5,ASSASSIN:4;GOBLIN:2;SCORPION_RIDER:5
3216,0,0,true,,,curriculum_pass,utility,3,75,70835455042,70835477231,66,0,,false,4,5,2,3,GARGOYLE:5;SCORPION_RIDER:5,ASSASSIN:4;GOBLIN:2;SCORPION_RIDER:5
3217,0,0,true,,,utility,curriculum_pass,3,75,70843374042,70843418487,48,0,,false,17,14,4,3,GARGOYLE:6;GOBLIN:11,MAGE:8;SPIDER:6
3218,0,0,true,,,curriculum_pass,utility,3,75,70843374042,70843418487,48,0,,false,17,14,4,3,GARGOYLE:6;GOBLIN:11,MAGE:8;SPIDER:6
3219,0,0,true,,,utility,curriculum_pass,3,75,70851293042,70851244511,16,0,GREEN,false,5,0,2,3,GOBLIN:11;GOLEM:4,GOBLIN:1;GOLEM:4;SCORPION_RIDER:4
3220,0,0,true,,,curriculum_pass,utility,3,75,70851293042,70851244511,15,0,BLUE,false,0,4,2,3,GOBLIN:11;GOLEM:4,GOBLIN:1;GOLEM:4;SCORPION_RIDER:4
3221,0,0,true,,,utility,curriculum_pass,3,75,110406698042,110406687383,14,0,GREEN,false,9,0,3,3,ARCHER:7;GOBLIN:11,ASSASSIN:8;GOBLIN:6
3222,0,0,true,,,curriculum_pass,utility,3,75,110406698042,110406687383,15,0,GREEN,false,4,0,3,3,ARCHER:7;GOBLIN:11,ASSASSIN:8;GOBLIN:6
3223,0,0,true,,,utility,curriculum_pass,3,75,110406705961,110406696324,57,0,,false,11,6,2,2,ARCHER:4;MAGE:7,ARCHER:6;SPIDER:13
3224,0,0,true,,,curriculum_pass,utility,3,75,110406705961,110406696324,13,0,BLUE,false,0,13,2,2,ARCHER:4;MAGE:7,ARCHER:6;SPIDER:13
3225,0,0,true,,,utility,curriculum_pass,3,75,110406713880,110406671541,48,0,,false,25,18,2,2,GOBLIN:9;SPIDER:16,ASSASSIN:5;SPIDER:13
3226,0,0,true,,,curriculum_pass,utility,3,75,110406713880,110406671541,56,0,,false,17,13,2,2,GOBLIN:9;SPIDER:16,ASSASSIN:5;SPIDER:13
3227,0,0,true,,,utility,curriculum_pass,3,75,110414617042,110414628735,12,0,GREEN,false,19,0,3,3,SCORPION_RIDER:3;SPIDER:17,GOBLIN:8;MAGE:7
3228,0,0,true,,,curriculum_pass,utility,3,75,110414617042,110414628735,13,0,BLUE,false,0,14,3,3,SCORPION_RIDER:3;SPIDER:17,GOBLIN:8;MAGE:7
3229,0,0,true,,,utility,curriculum_pass,3,75,110414624961,110414636652,16,0,GREEN,false,19,0,3,2,ARCHER:6;GOBLIN:13,ASSASSIN:5;SCORPION_RIDER:5
3230,0,0,true,,,curriculum_pass,utility,3,75,110414624961,110414636652,17,0,BLUE,false,0,5,3,2,ARCHER:6;GOBLIN:13,ASSASSIN:5;SCORPION_RIDER:5
3231,0,0,true,,,utility,curriculum_pass,3,75,110414632880,110414612765,48,0,,false,9,14,2,2,GARGOYLE:5;GOLEM:4,ASSASSIN:8;SPIDER:6
3232,0,0,true,,,curriculum_pass,utility,3,75,110414632880,110414612765,60,0,,false,4,12,2,2,GARGOYLE:5;GOLEM:4,ASSASSIN:8;SPIDER:6
3233,0,0,true,,,utility,curriculum_pass,3,75,110422536042,110422585799,6,0,GREEN,false,16,0,3,2,ASSASSIN:6;GOBLIN:10;SPIDER:1,ARCHER:3;MAGE:8
3234,0,0,true,,,curriculum_pass,utility,3,75,110422536042,110422585799,58,0,,false,7,11,3,2,ASSASSIN:6;GOBLIN:10;SPIDER:1,ARCHER:3;MAGE:8
3235,0,0,true,,,utility,curriculum_pass,3,75,110422543961,110422561012,26,0,GREEN,false,11,0,3,3,GARGOYLE:6;MAGE:4;SPIDER:1,GOBLIN:12;SPIDER:13
3236,0,0,true,,,curriculum_pass,utility,3,75,110422543961,110422561012,48,0,,false,11,25,3,3,GARGOYLE:6;MAGE:4;SPIDER:1,GOBLIN:12;SPIDER:13
3237,0,0,true,,,utility,curriculum_pass,3,75,110422551880,110422569957,18,0,GREEN,false,8,0,2,3,GARGOYLE:5;GOLEM:4,GARGOYLE:4;GOBLIN:1;SPIDER:14
3238,0,0,true,,,curriculum_pass,utility,3,75,110422551880,110422569957,114,0,,false,5,16,2,3,GARGOYLE:5;GOLEM:4,GARGOYLE:4;GOBLIN:1;SPIDER:14
3239,0,0,true,,,utility,curriculum_pass,3,75,110430455042,110430509999,12,0,GREEN,false,4,0,3,3,GOBLIN:1;SCORPION_RIDER:9,ARCHER:1;GARGOYLE:3;SCORPION_RIDER:6
3240,0,0,true,,,curriculum_pass,utility,3,75,110430455042,110430509999,13,0,BLUE,false,0,8,3,3,GOBLIN:1;SCORPION_RIDER:9,ARCHER:1;GARGOYLE:3;SCORPION_RIDER:6
3241,0,0,true,,,utility,curriculum_pass,3,75,110430462961,110430518620,65,0,,false,7,4,2,3,GOLEM:4;MAGE:5,GOBLIN:1;GOLEM:7
3242,0,0,true,,,curriculum_pass,utility,3,75,110430462961,110430518620,60,0,,false,8,6,2,3,GOLEM:4;MAGE:5,GOBLIN:1;GOLEM:7
3243,0,0,true,,,utility,curriculum_pass,3,75,110430470880,110430493773,34,0,GREEN,false,11,0,3,3,GARGOYLE:4;SCORPION_RIDER:5;SPIDER:2,ASSASSIN:5;GOBLIN:12;SPIDER:1
3244,0,0,true,,,curriculum_pass,utility,3,75,110430470880,110430493773,56,0,,false,9,15,3,3,GARGOYLE:4;SCORPION_RIDER:5;SPIDER:2,ASSASSIN:5;GOBLIN:12;SPIDER:1
3245,0,0,true,,,utility,curriculum_pass,3,75,110438374042,110438319159,10,0,GREEN,false,9,0,2,4,GARGOYLE:5;GOLEM:4,ASSASSIN:1;MAGE:8;SCORPION_RIDER:1;SPIDER:1
3246,0,0,true,,,curriculum_pass,utility,3,75,110438374042,110438319159,29,0,BLUE,false,0,9,2,4,GARGOYLE:5;GOLEM:4,ASSASSIN:1;MAGE:8;SCORPION_RIDER:1;SPIDER:1
3247,0,0,true,,,utility,curriculum_pass,3,75,110438381961,110438328100,16,0,GREEN,false,8,0,4,3,GOBLIN:1;GOLEM:7,ARCHER:8;GARGOYLE:3;SPIDER:2
3248,0,0,true,,,curriculum_pass,utility,3,75,110438381961,110438328100,19,0,BLUE,false,0,13,4,3,GOBLIN:1;GOLEM:7,ARCHER:8;GARGOYLE:3;SPIDER:2
3249,0,0,true,,,utility,curriculum_pass,3,75,110438389880,110438434517,6,0,GREEN,false,12,0,3,3,ARCHER:9;GARGOYLE:3,MAGE:10;SPIDER:1
3250,0,0,true,,,curriculum_pass,utility,3,75,110438389880,110438434517,68,0,,false,5,2,3,3,ARCHER:9;GARGOYLE:3,MAGE:10;SPIDER:1
3251,0,0,true,,,utility,curriculum_pass,3,75,110446293042,110446276255,57,0,,false,9,10,3,2,ARCHER:9;MAGE:3,ARCHER:3;MAGE:8
3252,0,0,true,,,curriculum_pass,utility,3,75,110446293042,110446276255,11,0,GREEN,false,5,0,3,2,ARCHER:9;MAGE:3,ARCHER:3;MAGE:8
3253,0,0,true,,,utility,curriculum_pass,3,75,110446300961,110446252428,46,0,GREEN,false,10,0,3,3,GARGOYLE:2;MAGE:8;SPIDER:1,GARGOYLE:10;SPIDER:1
3254,0,0,true,,,curriculum_pass,utility,3,75,110446300961,110446252428,23,0,BLUE,false,0,10,3,3,GARGOYLE:2;MAGE:8;SPIDER:1,GARGOYLE:10;SPIDER:1
3255,0,0,true,,,utility,curriculum_pass,3,75,110446308880,110446260413,59,0,,false,23,10,3,3,GOBLIN:20;SPIDER:5,GARGOYLE:10;SPIDER:1
3256,0,0,true,,,curriculum_pass,utility,3,75,110446308880,110446260413,48,0,,false,25,11,3,3,GOBLIN:20;SPIDER:5,GARGOYLE:10;SPIDER:1
3257,0,0,true,,,utility,curriculum_pass,3,75,110454212042,110454201191,83,0,,false,10,5,3,3,ARCHER:8;GOLEM:2;MAGE:1,ASSASSIN:5;GARGOYLE:5;SPIDER:1
3258,0,0,true,,,curriculum_pass,utility,3,75,110454212042,110454201191,13,0,BLUE,false,0,8,3,3,ARCHER:8;GOLEM:2;MAGE:1,ASSASSIN:5;GARGOYLE:5;SPIDER:1
3259,0,0,true,,,utility,curriculum_pass,3,75,110454219961,110454209044,18,0,GREEN,false,8,0,3,3,GARGOYLE:10;GOBLIN:1,GOLEM:2;MAGE:1;SPIDER:16
3260,0,0,true,,,curriculum_pass,utility,3,75,110454219961,110454209044,66,0,,false,5,3,3,3,GARGOYLE:10;GOBLIN:1,GOLEM:2;MAGE:1;SPIDER:16
3261,0,0,true,,,utility,curriculum_pass,3,75,110454227880,110454185221,48,0,,false,18,14,2,3,SCORPION_RIDER:4;SPIDER:14,GOBLIN:1;MAGE:8;SPIDER:5
3262,0,0,true,,,curriculum_pass,utility,3,75,110454227880,110454185221,48,0,,false,18,14,2,3,SCORPION_RIDER:4;SPIDER:14,GOBLIN:1;MAGE:8;SPIDER:5
3263,0,0,true,,,utility,curriculum_pass,3,75,110462131042,110462141903,22,0,GREEN,false,10,0,4,2,ASSASSIN:1;GARGOYLE:1;GOBLIN:1;MAGE:8,GARGOYLE:6;SCORPION_RIDER:4
3264,0,0,true,,,curriculum_pass,utility,3,75,110462131042,110462141903,13,0,BLUE,false,0,10,4,2,ASSASSIN:1;GARGOYLE:1;GOBLIN:1;MAGE:8,GARGOYLE:6;SCORPION_RIDER:4
3265,0,0,true,,,utility,curriculum_pass,3,75,110462138961,110462149884,48,0,,false,15,11,2,2,GOLEM:4;SPIDER:11,ARCHER:3;ASSASSIN:8
3266,0,0,true,,,curriculum_pass,utility,3,75,110462138961,110462149884,17,0,BLUE,false,0,3,2,2,GOLEM:4;SPIDER:11,ARCHER:3;ASSASSIN:8
3267,0,0,true,,,utility,curriculum_pass,3,75,110462146880,110462126061,14,0,GREEN,false,6,0,3,3,GOBLIN:1;GOLEM:3;SCORPION_RIDER:5,ASSASSIN:4;GARGOYLE:6;SPIDER:1
3268,0,0,true,,,curriculum_pass,utility,3,75,110462146880,110462126061,52,0,,false,9,10,3,3,GOBLIN:1;GOLEM:3;SCORPION_RIDER:5,ASSASSIN:4;GARGOYLE:6;SPIDER:1
3269,0,0,true,,,utility,curriculum_pass,3,75,110470050042,110470098519,18,0,GREEN,false,11,0,4,3,ASSASSIN:3;GOBLIN:10;GOLEM:2;SPIDER:1,ASSASSIN:7;GOLEM:2;SPIDER:2
3270,0,0,true,,,curriculum_pass,utility,3,75,110470050042,110470098519,35,0,BLUE,false,0,4,4,3,ASSASSIN:3;GOBLIN:10;GOLEM:2;SPIDER:1,ASSASSIN:7;GOLEM:2;SPIDER:2
3271,0,0,true,,,utility,curriculum_pass,3,75,110470057961,110470074692,16,0,GREEN,false,19,0,3,3,ARCHER:6;GOBLIN:13,GOBLIN:10;SPIDER:15
3272,0,0,true,,,curriculum_pass,utility,3,75,110470057961,110470074692,58,0,,false,13,23,3,3,ARCHER:6;GOBLIN:13,GOBLIN:10;SPIDER:15
3273,0,0,true,,,utility,curriculum_pass,3,75,110470065880,110470082677,53,0,,false,10,3,2,2,ASSASSIN:7;SCORPION_RIDER:3,GOLEM:3;SPIDER:15
3274,0,0,true,,,curriculum_pass,utility,3,75,110470065880,110470082677,54,0,,false,3,18,2,2,ASSASSIN:7;SCORPION_RIDER:3,GOLEM:3;SPIDER:15
3275,0,0,true,,,utility,curriculum_pass,3,75,110477969042,110478022719,48,0,,false,17,11,3,3,GARGOYLE:6;GOBLIN:11,ASSASSIN:2;GOBLIN:1;MAGE:8
3276,0,0,true,,,curriculum_pass,utility,3,75,110477969042,110478022719,50,0,,false,16,11,3,3,GARGOYLE:6;GOBLIN:11,ASSASSIN:2;GOBLIN:1;MAGE:8
3277,0,0,true,,,utility,curriculum_pass,3,75,110477976961,110478031660,94,0,GREEN,false,11,0,3,3,GARGOYLE:5;MAGE:5;SPIDER:1,GARGOYLE:5;GOBLIN:13
3278,0,0,true,,,curriculum_pass,utility,3,75,110477976961,110478031660,48,0,,false,11,18,3,3,GARGOYLE:5;MAGE:5;SPIDER:1,GARGOYLE:5;GOBLIN:13
3279,0,0,true,,,utility,curriculum_pass,3,75,110477984880,110478007005,14,0,GREEN,false,11,0,3,4,ARCHER:8;ASSASSIN:3;GOBLIN:2,ARCHER:1;GOBLIN:12;SPIDER:11
3280,0,0,true,,,curriculum_pass,utility,3,75,110477984880,110478007005,48,0,,false,13,24,3,4,ARCHER:8;ASSASSIN:3;GOBLIN:2,ARCHER:1;GOBLIN:12;SPIDER:11
3281,0,0,true,,,utility,curriculum_pass,3,75,31058318042,31058332791,28,0,GREEN,false,21,0,3,3,ARCHER:4;SPIDER:17,GOBLIN:21;GOLEM:1
3282,0,0,true,,,curriculum_pass,utility,3,75,31058318042,31058332791,48,0,,false,21,22,3,3,ARCHER:4;SPIDER:17,GOBLIN:21;GOLEM:1
3283,0,0,true,,,utility,curriculum_pass,3,75,31058325961,31058341732,63,0,,false,2,10,3,3,ASSASSIN:7;GOBLIN:7;SPIDER:1,GARGOYLE:5;GOBLIN:13
3284,0,0,true,,,curriculum_pass,utility,3,75,31058325961,31058341732,48,0,,false,15,18,3,3,ASSASSIN:7;GOBLIN:7;SPIDER:1,GARGOYLE:5;GOBLIN:13
3285,0,0,true,,,utility,utility,3,75,31192941042,31192932191,201,0,,true,9,4,3,2,ASSASSIN:1;GOLEM:1;MAGE:8,MAGE:5;SCORPION_RIDER:5
3286,0,0,true,,,utility,utility,3,75,31192941042,31192932191,201,0,,true,9,5,3,2,ASSASSIN:1;GOLEM:1;MAGE:8,MAGE:5;SCORPION_RIDER:5
3287,0,0,true,,,utility,utility,3,75,31192948961,31192940108,6,0,GREEN,false,15,0,3,2,ARCHER:3;GOBLIN:6;SPIDER:13,ARCHER:4;MAGE:7
3288,0,0,true,,,utility,utility,3,75,31192948961,31192940108,6,0,GREEN,false,18,0,3,2,ARCHER:3;GOBLIN:6;SPIDER:13,ARCHER:4;MAGE:7
3289,0,0,true,,,utility,utility,3,75,31327564042,31327547303,9,0,GREEN,false,4,0,3,3,GOBLIN:1;MAGE:4;SPIDER:14,ASSASSIN:7;GOLEM:2;SPIDER:2
3290,0,0,true,,,utility,utility,3,75,31327564042,31327547303,9,0,GREEN,false,4,0,3,3,GOBLIN:1;MAGE:4;SPIDER:14,ASSASSIN:7;GOLEM:2;SPIDER:2
3291,0,0,true,,,utility,utility,3,75,31327571961,31327523156,10,0,GREEN,false,8,0,3,3,GOBLIN:8;MAGE:7,MAGE:5;SPIDER:13
3292,0,0,true,,,utility,utility,3,75,31327571961,31327523156,10,0,GREEN,false,8,0,3,3,GOBLIN:8;MAGE:7,MAGE:5;SPIDER:13
3293,0,0,true,,,utility,utility,3,75,31462187042,31462145679,4,0,BLUE,false,0,15,3,3,GOBLIN:1;MAGE:8;SCORPION_RIDER:2,GOBLIN:1;SCORPION_RIDER:4;SPIDER:13
3294,0,0,true,,,utility,utility,3,75,31462187042,31462145679,5,0,BLUE,false,0,17,3,3,GOBLIN:1;MAGE:8;SCORPION_RIDER:2,GOBLIN:1;SCORPION_RIDER:4;SPIDER:13
3295,0,0,true,,,utility,utility,3,75,31462194961,31462138300,11,0,BLUE,false,0,11,3,3,MAGE:8;SCORPION_RIDER:2;SPIDER:1,GARGOYLE:1;GOBLIN:12;SPIDER:10
3296,0,0,true,,,utility,utility,3,75,31462194961,31462138300,9,0,BLUE,false,0,12,3,3,MAGE:8;SCORPION_RIDER:2;SPIDER:1,GARGOYLE:1;GOBLIN:12;SPIDER:10
3297,0,0,true,,,utility,curriculum_pass,3,75,78730698042,78730740631,12,0,GREEN,false,11,0,2,3,ARCHER:7;SCORPION_RIDER:4,GOLEM:1;MAGE:8;SCORPION_RIDER:1
3298,0,0,true,,,curriculum_pass,utility,3,75,78730698042,78730740631,23,0,BLUE,false,0,5,2,3,ARCHER:7;SCORPION_RIDER:4,GOLEM:1;MAGE:8;SCORPION_RIDER:1
3299,0,0,true,,,utility,curriculum_pass,3,75,78738617042,78738566271,8,0,GREEN,false,10,0,3,3,ASSASSIN:3;SCORPION_RIDER:6;SPIDER:2,GARGOYLE:5;GOLEM:1;MAGE:4
3300,0,0,true,,,curriculum_pass,utility,3,75,78738617042,78738566271,19,0,BLUE,false,0,10,3,3,ASSASSIN:3;SCORPION_RIDER:6;SPIDER:2,GARGOYLE:5;GOLEM:1;MAGE:4
3301,0,0,true,,,utility,curriculum_pass,3,75,78746536042,78746490567,26,0,GREEN,false,10,0,3,3,GOBLIN:1;MAGE:10,GARGOYLE:6;GOLEM:3;SPIDER:1
3302,0,0,true,,,curriculum_pass,utility,3,75,78746536042,78746490567,13,0,BLUE,false,0,9,3,3,GOBLIN:1;MAGE:10,GARGOYLE:6;GOLEM:3;SPIDER:1
3303,0,0,true,,,utility,curriculum_pass,3,75,78754455042,78754431151,8,0,GREEN,false,10,0,3,3,ARCHER:1;MAGE:3;SCORPION_RIDER:6,ARCHER:9;GOBLIN:7
3304,0,0,true,,,curriculum_pass,utility,3,75,78754455042,78754431151,11,0,BLUE,false,0,12,3,3,ARCHER:1;MAGE:3;SCORPION_RIDER:6,ARCHER:9;GOBLIN:7
3305,0,0,true,,,utility,curriculum_pass,3,75,78762374042,78762388791,10,0,,false,10,10,3,3,ARCHER:12;GOBLIN:1,ARCHER:11;SCORPION_RIDER:1
3306,0,0,true,,,curriculum_pass,utility,3,75,78762374042,78762388791,11,0,BLUE,false,0,6,3,3,ARCHER:12;GOBLIN:1,ARCHER:11;SCORPION_RIDER:1
3307,0,0,true,,,utility,curriculum_pass,3,75,78770293042,78770313119,12,0,GREEN,false,8,0,3,3,GOBLIN:1;MAGE:10,ARCHER:4;SCORPION_RIDER:1;SPIDER:14
3308,0,0,true,,,curriculum_pass,utility,3,75,78770293042,78770313119,11,0,BLUE,false,0,17,3,3,GOBLIN:1;MAGE:10,ARCHER:4;SCORPION_RIDER:1;SPIDER:14
3309,0,0,true,,,utility,curriculum_pass,3,75,118325698042,118325642071,10,0,GREEN,false,2,0,2,2,ASSASSIN:7;SCORPION_RIDER:3,ARCHER:7;SCORPION_RIDER:4
3310,0,0,true,,,curriculum_pass,utility,3,75,118325698042,118325642071,11,0,BLUE,false,0,10,2,2,ASSASSIN:7;SCORPION_RIDER:3,ARCHER:7;SCORPION_RIDER:4
3311,0,0,true,,,utility,curriculum_pass,3,75,118325705961,118325649988,12,0,GREEN,false,10,0,2,3,GOBLIN:9;SCORPION_RIDER:6,ASSASSIN:2;SCORPION_RIDER:5;SPIDER:7
3312,0,0,true,,,curriculum_pass,utility,3,75,118325705961,118325649988,13,0,BLUE,false,0,7,2,3,GOBLIN:9;SCORPION_RIDER:6,ASSASSIN:2;SCORPION_RIDER:5;SPIDER:7
3313,0,0,true,,,utility,curriculum_pass,3,75,118325713880,118325757301,12,0,GREEN,false,13,0,3,3,ARCHER:12;GOBLIN:1,ASSASSIN:1;SCORPION_RIDER:6;SPIDER:6
3314,0,0,true,,,curriculum_pass,utility,3,75,118325713880,118325757301,13,0,BLUE,false,0,13,3,3,ARCHER:12;GOBLIN:1,ASSASSIN:1;SCORPION_RIDER:6;SPIDER:6
3315,0,0,true,,,utility,curriculum_pass,3,75,179864247042,179864225199,10,0,GREEN,false,18,0,2,3,ARCHER:7;GOBLIN:11,ASSASSIN:10;GOBLIN:1
3316,0,0,true,,,curriculum_pass,utility,3,75,179864247042,179864225199,10,0,,false,11,11,2,3,ARCHER:7;GOBLIN:11,ASSASSIN:10;GOBLIN:1
3317,0,0,true,,,utility,curriculum_pass,3,75,179864254961,179864233820,10,0,,false,19,8,3,3,ASSASSIN:4;SPIDER:15,GOLEM:4;SCORPION_RIDER:4;SPIDER:1
3318,0,0,true,,,curriculum_pass,utility,3,75,179864254961,179864233820,10,0,,false,19,9,3,3,ASSASSIN:4;SPIDER:15,GOLEM:4;SCORPION_RIDER:4;SPIDER:1
3319,0,0,true,,,utility,curriculum_pass,3,75,179864262880,179864208973,10,0,,false,11,20,3,2,ARCHER:4;GARGOYLE:6;SCORPION_RIDER:1,ARCHER:5;SPIDER:15
3320,0,0,true,,,curriculum_pass,utility,3,75,179864262880,179864208973,13,0,,false,6,18,3,2,ARCHER:4;GARGOYLE:6;SCORPION_RIDER:1,ARCHER:5;SPIDER:15
3321,0,0,true,,,utility,curriculum_pass,3,75,179864270799,179864217954,10,0,GREEN,false,6,0,3,3,GOLEM:7;SPIDER:1,ARCHER:4;SCORPION_RIDER:5;SPIDER:3
3322,0,0,true,,,curriculum_pass,utility,3,75,179864270799,179864217954,21,0,BLUE,false,0,10,3,3,GOLEM:7;SPIDER:1,ARCHER:4;SCORPION_RIDER:5;SPIDER:3
3323,0,0,true,,,utility,curriculum_pass,3,75,118333617042,118333599039,12,0,,false,9,10,3,2,ASSASSIN:7;GOBLIN:7;SPIDER:1,GOLEM:3;SPIDER:15
3324,0,0,true,,,curriculum_pass,utility,3,75,118333617042,118333599039,10,0,,false,15,18,3,2,ASSASSIN:7;GOBLIN:7;SPIDER:1,GOLEM:3;SPIDER:15
3325,0,0,true,,,utility,curriculum_pass,3,75,118333624961,118333574188,8,0,GREEN,false,11,0,3,3,ASSASSIN:5;GARGOYLE:5;GOBLIN:1,GOBLIN:1;MAGE:7;SPIDER:7
3326,0,0,true,,,curriculum_pass,utility,3,75,118333624961,118333574188,10,0,,false,11,15,3,3,ASSASSIN:5;GARGOYLE:5;GOBLIN:1,GOBLIN:1;MAGE:7;SPIDER:7
3327,0,0,true,,,utility,curriculum_pass,3,75,118333632880,118333583325,10,0,GREEN,false,13,0,3,2,GOBLIN:8;MAGE:7,ARCHER:3;MAGE:8
3328,0,0,true,,,curriculum_pass,utility,3,75,118333632880,118333583325,15,0,BLUE,false,0,8,3,2,GOBLIN:8;MAGE:7,ARCHER:3;MAGE:8
3329,0,0,true,,,utility,curriculum_pass,3,75,118341536042,118341523335,12,0,GREEN,false,13,0,2,3,GOBLIN:11;GOLEM:4,ASSASSIN:7;SPIDER:8
3330,0,0,true,,,curriculum_pass,utility,3,75,118341536042,118341523335,33,0,BLUE,false,0,8,2,3,GOBLIN:11;GOLEM:4,ASSASSIN:7;SPIDER:8
3331,0,0,true,,,utility,curriculum_pass,3,75,118341543961,118341531316,16,0,GREEN,false,8,0,3,2,GARGOYLE:6;MAGE:4;SPIDER:1,ARCHER:7;SPIDER:11
3332,0,0,true,,,curriculum_pass,utility,3,75,118341543961,118341531316,19,0,BLUE,false,0,9,3,2,GARGOYLE:6;MAGE:4;SPIDER:1,ARCHER:7;SPIDER:11
3333,0,0,true,,,utility,curriculum_pass,3,75,118341551880,118341507493,10,0,,false,15,18,2,4,GOBLIN:11;GOLEM:4,GARGOYLE:4;GOBLIN:12;MAGE:1;SPIDER:1
3334,0,0,true,,,curriculum_pass,utility,3,75,118341551880,118341507493,25,0,,false,4,18,2,4,GOBLIN:11;GOLEM:4,GARGOYLE:4;GOBLIN:12;MAGE:1;SPIDER:1
3335,0,0,true,,,utility,curriculum_pass,3,75,118349455042,118349463663,14,0,GREEN,false,14,0,3,3,GOBLIN:9;SCORPION_RIDER:6,GARGOYLE:4;SPIDER:15
3336,0,0,true,,,curriculum_pass,utility,3,75,118349455042,118349463663,21,0,BLUE,false,0,19,3,3,GOBLIN:9;SCORPION_RIDER:6,GARGOYLE:4;SPIDER:15
3337,0,0,true,,,utility,curriculum_pass,3,75,118349462961,118349472540,20,0,,false,5,7,2,3,GARGOYLE:5;GOLEM:4,GOBLIN:1;GOLEM:7
3338,0,0,true,,,curriculum_pass,utility,3,75,118349462961,118349472540,10,0,,false,9,8,2,3,GARGOYLE:5;GOLEM:4,GOBLIN:1;GOLEM:7
3339,0,0,true,,,utility,curriculum_pass,3,75,118349470880,118349447693,12,0,,false,17,8,3,2,GARGOYLE:6;SPIDER:11,ARCHER:8;SPIDER:9
3340,0,0,true,,,curriculum_pass,utility,3,75,118349470880,118349447693,10,0,,false,17,17,3,2,GARGOYLE:6;SPIDER:11,ARCHER:8;SPIDER:9
3341,0,0,true,,,utility,curriculum_pass,3,75,118357374042,118357420791,44,0,,false,7,1,3,3,MAGE:2;SPIDER:20,GARGOYLE:5;GOBLIN:13
3342,0,0,true,,,curriculum_pass,utility,3,75,118357374042,118357420791,10,0,,false,21,17,3,3,MAGE:2;SPIDER:20,GARGOYLE:5;GOBLIN:13
3343,0,0,true,,,utility,curriculum_pass,3,75,118357381961,118357396964,14,0,GREEN,false,9,0,3,3,ASSASSIN:2;GOBLIN:12;SCORPION_RIDER:3,ASSASSIN:1;GOLEM:4;SPIDER:9
3344,0,0,true,,,curriculum_pass,utility,3,75,118357381961,118357396964,19,0,BLUE,false,0,14,3,3,ASSASSIN:2;GOBLIN:12;SCORPION_RIDER:3,ASSASSIN:1;GOLEM:4;SPIDER:9
3345,0,0,true,,,utility,curriculum_pass,3,75,118357389880,118357404821,24,0,GREEN,false,21,0,3,3,ARCHER:2;GOBLIN:21,ARCHER:7;GOLEM:3;SPIDER:1
3346,0,0,true,,,curriculum_pass,utility,3,75,118357389880,118357404821,19,0,BLUE,false,0,11,3,3,ARCHER:2;GOBLIN:21,ARCHER:7;GOLEM:3;SPIDER:1
3347,0,0,true,,,utility,curriculum_pass,3,75,118365293042,118365345631,58,0,GREEN,false,9,0,3,4,ARCHER:1;GARGOYLE:4;GOLEM:4,ASSASSIN:1;GARGOYLE:5;GOBLIN:10;SPIDER:1
3348,0,0,true,,,curriculum_pass,utility,3,75,118365293042,118365345631,23,0,BLUE,false,0,12,3,4,ARCHER:1;GARGOYLE:4;GOLEM:4,ASSASSIN:1;GARGOYLE:5;GOBLIN:10;SPIDER:1
3349,0,0,true,,,utility,curriculum_pass,3,75,118365300961,118365353548,18,0,GREEN,false,9,0,4,4,ARCHER:1;GOLEM:2;MAGE:7,ARCHER:1;GOBLIN:9;GOLEM:4
3350,0,0,true,,,curriculum_pass,utility,3,75,118365300961,118365353548,9,0,BLUE,false,0,12,4,4,ARCHER:1;GOLEM:2;MAGE:7,ARCHER:1;GOBLIN:9;GOLEM:4
3351,0,0,true,,,utility,curriculum_pass,3,75,118365308880,118365329789,8,0,GREEN,false,8,0,3,3,ARCHER:8;GARGOYLE:3;GOBLIN:2,ARCHER:8;MAGE:3;SPIDER:2
3352,0,0,true,,,curriculum_pass,utility,3,75,118365308880,118365329789,19,0,BLUE,false,0,5,3,3,ARCHER:8;GARGOYLE:3;GOBLIN:2,ARCHER:8;MAGE:3;SPIDER:2
3353,0,0,true,,,utility,curriculum_pass,3,75,179903842042,179903797335,16,0,GREEN,false,13,0,3,3,ARCHER:1;MAGE:3;SPIDER:16,ARCHER:6;GARGOYLE:5;GOBLIN:1
3354,0,0,true,,,curriculum_pass,utility,3,75,179903842042,179903797335,9,0,BLUE,false,0,12,3,3,ARCHER:1;MAGE:3;SPIDER:16,ARCHER:6;GARGOYLE:5;GOBLIN:1
3355,0,0,true,,,utility,curriculum_pass,3,75,179903849961,179903806276,18,0,,false,8,5,3,3,GOLEM:4;SPIDER:11,GARGOYLE:5;MAGE:5;SPIDER:1
3356,0,0,true,,,curriculum_pass,utility,3,75,179903849961,179903806276,21,0,BLUE,false,0,11,3,3,GOLEM:4;SPIDER:11,GARGOYLE:5;MAGE:5;SPIDER:1
3357,0,0,true,,,utility,curriculum_pass,3,75,179903857880,179903912565,22,0,,false,10,8,3,3,ARCHER:1;MAGE:3;SCORPION_RIDER:6,ARCHER:8;GOBLIN:9
3358,0,0,true,,,curriculum_pass,utility,3,75,179903857880,179903912565,11,0,BLUE,false,0,9,3,3,ARCHER:1;MAGE:3;SCORPION_RIDER:6,ARCHER:8;GOBLIN:9
3359,0,0,true,,,utility,curriculum_pass,3,75,179903865799,179903921514,10,0,GREEN,false,11,0,3,3,GOBLIN:1;MAGE:8;SPIDER:5,GOLEM:1;MAGE:8;SCORPION_RIDER:1
3360,0,0,true,,,curriculum_pass,utility,3,75,179903865799,179903921514,11,0,BLUE,false,0,9,3,3,GOBLIN:1;MAGE:8;SPIDER:5,GOLEM:1;MAGE:8;SCORPION_RIDER:1
3361,0,0,true,,,utility,curriculum_pass,3,75,118373212042,118373155111,10,0,,false,17,4,3,2,ARCHER:8;SPIDER:9,ASSASSIN:5;GOLEM:4
3362,0,0,true,,,curriculum_pass,utility,3,75,118373212042,118373155111,13,0,BLUE,false,0,6,3,2,ARCHER:8;SPIDER:9,ASSASSIN:5;GOLEM:4
3363,0,0,true,,,utility,curriculum_pass,3,75,118373219961,118373163220,10,0,,false,18,11,2,2,GOLEM:3;SPIDER:15,ARCHER:4;MAGE:7
3364,0,0,true,,,curriculum_pass,utility,3,75,118373219961,118373163220,29,0,BLUE,false,0,11,2,2,GOLEM:3;SPIDER:15,ARCHER:4;MAGE:7
3365,0,0,true,,,utility,curriculum_pass,3,75,118373227880,118373270469,10,0,,false,11,7,3,3,ASSASSIN:2;GOBLIN:1;MAGE:8,ARCHER:2;ASSASSIN:7;MAGE:2
3366,0,0,true,,,curriculum_pass,utility,3,75,118373227880,118373270469,13,0,BLUE,false,0,9,3,3,ASSASSIN:2;GOBLIN:1;MAGE:8,ARCHER:2;ASSASSIN:7;MAGE:2
3367,0,0,true,,,utility,curriculum_pass,3,75,118381131042,118381112207,8,0,GREEN,false,9,0,2,2,GARGOYLE:5;SCORPION_RIDER:5,ASSASSIN:7;SPIDER:8
3368,0,0,true,,,curriculum_pass,utility,3,75,118381131042,118381112207,27,0,BLUE,false,0,8,2,2,GARGOYLE:5;SCORPION_RIDER:5,ASSASSIN:7;SPIDER:8
3369,0,0,true,,,utility,curriculum_pass,3,75,118381138961,118381087420,12,0,,false,10,17,3,4,ARCHER:1;MAGE:3;SCORPION_RIDER:6,ARCHER:5;GOBLIN:15
3370,0,0,true,,,curriculum_pass,utility,3,75,118381138961,118381087420,21,0,BLUE,false,0,20,3,4,ARCHER:1;MAGE:3;SCORPION_RIDER:6,ARCHER:5;GOBLIN:15
3371,0,0,true,,,utility,curriculum_pass,3,75,118381146880,118381096365,18,0,GREEN,false,15,0,3,3,ASSASSIN:4;SPIDER:15,SCORPION_RIDER:9;SPIDER:1
3372,0,0,true,,,curriculum_pass,utility,3,75,118381146880,118381096365,11,0,BLUE,false,0,10,3,3,ASSASSIN:4;SPIDER:15,SCORPION_RIDER:9;SPIDER:1
3373,0,0,true,,,utility,curriculum_pass,3,75,118389050042,118389036055,18,0,GREEN,false,13,0,3,3,GOBLIN:6;MAGE:8,GARGOYLE:3;SPIDER:18
3374,0,0,true,,,curriculum_pass,utility,3,75,118389050042,118389036055,17,0,,false,1,21,3,3,GOBLIN:6;MAGE:8,GARGOYLE:3;SPIDER:18
3375,0,0,true,,,utility,curriculum_pass,3,75,118389057961,118389044996,14,0,GREEN,false,20,0,3,4,GOBLIN:25,ASSASSIN:9;GOBLIN:2;SPIDER:2
3376,0,0,true,,,curriculum_pass,utility,3,75,118389057961,118389044996,71,0,BLUE,false,0,2,3,4,GOBLIN:25,ASSASSIN:9;GOBLIN:2;SPIDER:2
3377,0,0,true,,,utility,curriculum_pass,3,75,118389065880,118389020213,12,0,GREEN,false,17,0,3,3,GOBLIN:1;SCORPION_RIDER:3;SPIDER:16,ASSASSIN:8;SCORPION_RIDER:2;SPIDER:1
3378,0,0,true,,,curriculum_pass,utility,3,75,118389065880,118389020213,11,0,BLUE,false,0,7,3,3,GOBLIN:1;SCORPION_RIDER:3;SPIDER:16,ASSASSIN:8;SCORPION_RIDER:2;SPIDER:1
3379,0,0,true,,,utility,curriculum_pass,3,75,118396969042,118396993279,16,0,GREEN,false,13,0,3,3,ARCHER:12;SPIDER:1,GOLEM:4;SCORPION_RIDER:4;SPIDER:1
3380,0,0,true,,,curriculum_pass,utility,3,75,118396969042,118396993279,15,0,BLUE,false,0,9,3,3,ARCHER:12;SPIDER:1,GOLEM:4;SCORPION_RIDER:4;SPIDER:1
3381,0,0,true,,,utility,curriculum_pass,3,75,118396976961,118396985836,38,0,,false,17,4,3,2,GARGOYLE:5;MAGE:1;SPIDER:11,GARGOYLE:5;GOLEM:4
3382,0,0,true,,,curriculum_pass,utility,3,75,118396976961,118396985836,10,0,,false,17,9,3,2,GARGOYLE:5;MAGE:1;SPIDER:11,GARGOYLE:5;GOLEM:4
3383,0,0,true,,,utility,curriculum_pass,3,75,118396984880,118396960925,22,0,,false,13,11,3,3,ASSASSIN:1;GOBLIN:12;GOLEM:3,ASSASSIN:1;GOBLIN:11;MAGE:5
3384,0,0,true,,,curriculum_pass,utility,3,75,118396984880,118396960925,43,0,BLUE,false,0,16,3,3,ASSASSIN:1;GOBLIN:12;GOLEM:3,ASSASSIN:1;GOBLIN:11;MAGE:5
3385,0,0,true,,,utility,curriculum_pass,3,75,38739748042,38739737191,22,0,GREEN,false,11,0,3,4,ARCHER:2;MAGE:8;SPIDER:2,ARCHER:5;GOLEM:4;SPIDER:1
3386,0,0,true,,,curriculum_pass,utility,3,75,38739748042,38739737191,17,0,BLUE,false,0,6,3,4,ARCHER:2;MAGE:8;SPIDER:2,ARCHER:5;GOLEM:4;SPIDER:1
3387,0,0,true,,,utility,curriculum_pass,3,75,38739755961,38739713300,10,0,,false,15,11,3,3,GOBLIN:11;GOLEM:4,GARGOYLE:3;SCORPION_RIDER:6;SPIDER:2
3388,0,0,true,,,curriculum_pass,utility,3,75,38739755961,38739713300,17,0,BLUE,false,0,6,3,3,GOBLIN:11;GOLEM:4,GARGOYLE:3;SCORPION_RIDER:6;SPIDER:2
3389,0,0,true,,,utility,utility,3,75,38874371042,38874320207,28,0,,false,14,12,3,3,GOBLIN:9;SCORPION_RIDER:6,GARGOYLE:5;GOBLIN:1;SPIDER:12
3390,0,0,true,,,utility,utility,3,75,38874371042,38874320207,33,0,,false,9,1,3,3,GOBLIN:9;SCORPION_RIDER:6,GARGOYLE:5;GOBLIN:1;SPIDER:12
3391,0,0,true,,,utility,utility,3,75,38874378961,38874328188,13,0,BLUE,false,0,6,2,3,ASSASSIN:6;GOBLIN:11,GARGOYLE:10;SPIDER:1
3392,0,0,true,,,utility,utility,3,75,38874378961,38874328188,13,0,BLUE,false,0,6,2,3,ASSASSIN:6;GOBLIN:11,GARGOYLE:10;SPIDER:1
3393,0,0,true,,,utility,utility,3,75,39008994042,39009049687,7,0,BLUE,false,0,9,3,2,ASSASSIN:10;SPIDER:1,GOBLIN:9;SPIDER:16
3394,0,0,true,,,utility,utility,3,75,39008994042,39009049687,7,0,BLUE,false,0,9,3,2,ASSASSIN:10;SPIDER:1,GOBLIN:9;SPIDER:16
3395,0,0,true,,,utility,utility,3,75,39009001961,39009058628,18,0,,false,3,6,3,3,ASSASSIN:8;GARGOYLE:2;SPIDER:1,ASSASSIN:4;GARGOYLE:6;SPIDER:1
3396,0,0,true,,,utility,utility,3,75,39009001961,39009058628,18,0,,false,3,6,3,3,ASSASSIN:8;GARGOYLE:2;SPIDER:1,ASSASSIN:4;GARGOYLE:6;SPIDER:1
3397,0,0,true,,,utility,utility,3,75,39143617042,39143664831,21,0,BLUE,false,0,18,3,2,GOBLIN:11;MAGE:6,ARCHER:5;SPIDER:15
3398,0,0,true,,,utility,utility,3,75,39143617042,39143664831,25,0,BLUE,false,0,18,3,2,GOBLIN:11;MAGE:6,ARCHER:5;SPIDER:15
3399,0,0,true,,,utility,utility,3,75,39143624961,39143641004,18,0,GREEN,false,8,0,3,3,GOBLIN:12;MAGE:1;SCORPION_RIDER:4,ARCHER:8;GOBLIN:7;SPIDER:2
3400,0,0,true,,,utility,utility,3,75,39143624961,39143641004,10,0,GREEN,false,11,0,3,3,GOBLIN:12;MAGE:1;SCORPION_RIDER:4,ARCHER:8;GOBLIN:7;SPIDER:2
3401,0,0,true,,,utility,curriculum_pass,3,75,79522598042,79522583095,10,0,GREEN,false,11,0,3,3,GARGOYLE:5;SCORPION_RIDER:4;SPIDER:2,ASSASSIN:4;SPIDER:15
3402,0,0,true,,,curriculum_pass,utility,3,75,79522598042,79522583095,21,0,,false,5,3,3,3,GARGOYLE:5;SCORPION_RIDER:4;SPIDER:2,ASSASSIN:4;SPIDER:15
3403,0,0,true,,,utility,curriculum_pass,3,75,79530517042,79530540191,22,0,GREEN,false,12,0,3,3,ARCHER:7;GARGOYLE:4;GOBLIN:1,GOBLIN:10;GOLEM:4;SPIDER:1
3404,0,0,true,,,curriculum_pass,utility,3,75,79530517042,79530540191,19,0,BLUE,false,0,12,3,3,ARCHER:7;GARGOYLE:4;GOBLIN:1,GOBLIN:10;GOLEM:4;SPIDER:1
3405,0,0,true,,,utility,curriculum_pass,3,75,79538436042,79538481511,14,0,,false,12,6,3,3,ARCHER:6;GARGOYLE:5;GOBLIN:1,GOBLIN:1;SCORPION_RIDER:6;SPIDER:8
3406,0,0,true,,,curriculum_pass,utility,3,75,79538436042,79538481511,11,0,BLUE,false,0,6,3,3,ARCHER:6;GARGOYLE:5;GOBLIN:1,GOBLIN:1;SCORPION_RIDER:6;SPIDER:8
3407,0,0,true,,,utility,curriculum_pass,3,75,79546355042,79546405839,14,0,GREEN,false,7,0,3,2,GOLEM:1;MAGE:8;SPIDER:3,MAGE:7;SPIDER:8
3408,0,0,true,,,curriculum_pass,utility,3,75,79546355042,79546405839,10,0,,false,12,15,3,2,GOLEM:1;MAGE:8;SPIDER:3,MAGE:7;SPIDER:8
3409,0,0,true,,,utility,curriculum_pass,3,75,79554274042,79554231383,14,0,GREEN,false,12,0,3,3,ARCHER:12;SPIDER:1,GARGOYLE:5;GOBLIN:13
3410,0,0,true,,,curriculum_pass,utility,3,75,79554274042,79554231383,11,0,BLUE,false,0,18,3,3,ARCHER:12;SPIDER:1,GARGOYLE:5;GOBLIN:13
3411,0,0,true,,,utility,curriculum_pass,3,75,79562193042,79562171967,10,0,,false,10,12,3,3,GARGOYLE:6;GOBLIN:1;MAGE:4,ARCHER:6;GARGOYLE:5;SPIDER:1
3412,0,0,true,,,curriculum_pass,utility,3,75,79562193042,79562171967,33,0,,false,6,9,3,3,GARGOYLE:6;GOBLIN:1;MAGE:4,ARCHER:6;GARGOYLE:5;SPIDER:1
3413,0,0,true,,,utility,curriculum_pass,3,75,119117598042,119117616119,44,0,GREEN,false,6,0,3,2,GARGOYLE:6;GOBLIN:1;GOLEM:3,GARGOYLE:6;SPIDER:11
3414,0,0,true,,,curriculum_pass,utility,3,75,119117598042,119117616119,25,0,BLUE,false,0,14,3,2,GARGOYLE:6;GOBLIN:1;GOLEM:3,GARGOYLE:6;SPIDER:11
3415,0,0,true,,,utility,curriculum_pass,3,75,119117605961,119117624036,12,0,GREEN,false,11,0,3,3,ARCHER:11;GOBLIN:3,ARCHER:5;GARGOYLE:6;GOBLIN:1
3416,0,0,true,,,curriculum_pass,utility,3,75,119117605961,119117624036,11,0,BLUE,false,0,8,3,3,ARCHER:11;GOBLIN:3,ARCHER:5;GARGOYLE:6;GOBLIN:1
3417,0,0,true,,,utility,curriculum_pass,3,75,119117613880,119117600149,8,0,GREEN,false,11,0,2,3,ARCHER:4;MAGE:7,ASSASSIN:8;MAGE:2;SPIDER:1
3418,0,0,true,,,curriculum_pass,utility,3,75,119117613880,119117600149,5,0,BLUE,false,0,11,2,3,ARCHER:4;MAGE:7,ASSASSIN:8;MAGE:2;SPIDER:1
3419,0,0,true,,,utility,curriculum_pass,3,75,180656147042,180656198863,8,0,GREEN,false,10,0,3,3,ARCHER:3;MAGE:1;SCORPION_RIDER:6,GOLEM:1;MAGE:9
3420,0,0,true,,,curriculum_pass,utility,3,75,180656147042,180656198863,15,0,BLUE,false,0,9,3,3,ARCHER:3;MAGE:1;SCORPION_RIDER:6,GOLEM:1;MAGE:9
3421,0,0,true,,,utility,curriculum_pass,3,75,180656154961,180656207868,16,0,GREEN,false,11,0,3,3,GARGOYLE:2;MAGE:8;SPIDER:1,ASSASSIN:8;GOLEM:1;SPIDER:3
3422,0,0,true,,,curriculum_pass,utility,3,75,180656154961,180656207868,7,0,BLUE,false,0,12,3,3,GARGOYLE:2;MAGE:8;SPIDER:1,ASSASSIN:8;GOLEM:1;SPIDER:3
3423,0,0,true,,,utility,curriculum_pass,3,75,180656162880,180656183021,8,0,GREEN,false,25,0,2,3,GOBLIN:11;SPIDER:14,ARCHER:8;MAGE:2;SPIDER:4
3424,0,0,true,,,curriculum_pass,utility,3,75,180656162880,180656183021,9,0,BLUE,false,0,14,2,3,GOBLIN:11;SPIDER:14,ARCHER:8;MAGE:2;SPIDER:4
3425,0,0,true,,,utility,curriculum_pass,3,75,180656170799,180656191874,10,0,,false,15,10,2,3,MAGE:7;SPIDER:8,ASSASSIN:8;GOLEM:1;SCORPION_RIDER:1
3426,0,0,true,,,curriculum_pass,utility,3,75,180656170799,180656191874,11,0,BLUE,false,0,10,2,3,MAGE:7;SPIDER:8,ASSASSIN:8;GOLEM:1;SCORPION_RIDER:1
3427,0,0,true,,,utility,curriculum_pass,3,75,119125517042,119125572703,12,0,GREEN,false,8,0,2,3,MAGE:7;SCORPION_RIDER:3,ARCHER:6;GARGOYLE:5;GOBLIN:1
3428,0,0,true,,,curriculum_pass,utility,3,75,119125517042,119125572703,11,0,BLUE,false,0,12,2,3,MAGE:7;SCORPION_RIDER:3,ARCHER:6;GARGOYLE:5;GOBLIN:1
3429,0,0,true,,,utility,curriculum_pass,3,75,119125524961,119125548876,18,0,GREEN,false,11,0,2,3,ARCHER:4;MAGE:7,ASSASSIN:5;GOBLIN:13
3430,0,0,true,,,curriculum_pass,utility,3,75,119125524961,119125548876,9,0,BLUE,false,0,18,2,3,ARCHER:4;MAGE:7,ASSASSIN:5;GOBLIN:13
3431,0,0,true,,,utility,curriculum_pass,3,75,119125532880,119125556861,18,0,GREEN,false,4,0,3,4,GOBLIN:1;GOLEM:4;SPIDER:10,ASSASSIN:1;SCORPION_RIDER:3;SPIDER:14
3432,0,0,true,,,curriculum_pass,utility,3,75,119125532880,119125556861,19,0,BLUE,false,0,18,3,4,GOBLIN:1;GOLEM:4;SPIDER:10,ASSASSIN:1;SCORPION_RIDER:3;SPIDER:14
3433,0,0,true,,,utility,curriculum_pass,3,75,180664066042,180664009047,10,0,GREEN,false,11,0,3,2,ARCHER:8;GOBLIN:1;SCORPION_RIDER:3,ASSASSIN:7;SCORPION_RIDER:3
3434,0,0,true,,,curriculum_pass,utility,3,75,180664066042,180664009047,9,0,BLUE,false,0,5,3,2,ARCHER:8;GOBLIN:1;SCORPION_RIDER:3,ASSASSIN:7;SCORPION_RIDER:3
3435,0,0,true,,,utility,curriculum_pass,3,75,180664073961,180664016964,18,0,,false,8,8,3,3,ARCHER:1;GOLEM:2;MAGE:7,ARCHER:9;GARGOYLE:3
3436,0,0,true,,,curriculum_pass,utility,3,75,180664073961,180664016964,35,0,BLUE,false,0,12,3,3,ARCHER:1;GOLEM:2;MAGE:7,ARCHER:9;GARGOYLE:3
3437,0,0,true,,,utility,curriculum_pass,3,75,180664081880,180664124277,16,0,GREEN,false,11,0,2,3,GOBLIN:11;MAGE:6,ARCHER:7;GOBLIN:10;SPIDER:1
3438,0,0,true,,,curriculum_pass,utility,3,75,180664081880,180664124277,9,0,BLUE,false,0,8,2,3,GOBLIN:11;MAGE:6,ARCHER:7;GOBLIN:10;SPIDER:1
3439,0,0,true,,,utility,curriculum_pass,3,75,180664089799,180664132202,94,0,GREEN,false,8,0,3,2,GOLEM:7;SPIDER:1,MAGE:5;SCORPION_RIDER:5
3440,0,0,true,,,curriculum_pass,utility,3,75,180664089799,180664132202,19,0,BLUE,false,0,5,3,2,GOLEM:7;SPIDER:1,MAGE:5;SCORPION_RIDER:5
3441,0,0,true,,,utility,curriculum_pass,3,75,119133436042,119133382183,18,0,,false,7,5,2,3,ASSASSIN:4;SPIDER:15,GARGOYLE:10;GOBLIN:1
3442,0,0,true,,,curriculum_pass,utility,3,75,119133436042,119133382183,15,0,BLUE,false,0,11,2,3,ASSASSIN:4;SPIDER:15,GARGOYLE:10;GOBLIN:1
3443,0,0,true,,,utility,curriculum_pass,3,75,119133443961,119133489620,46,0,GREEN,false,12,0,3,2,GARGOYLE:6;GOBLIN:5;SPIDER:6,GOBLIN:11;GOLEM:4
3444,0,0,true,,,curriculum_pass,utility,3,75,119133443961,119133489620,19,0,BLUE,false,0,14,3,2,GARGOYLE:6;GOBLIN:5;SPIDER:6,GOBLIN:11;GOLEM:4
3445,0,0,true,,,utility,curriculum_pass,3,75,119133451880,119133497541,22,0,,false,8,13,3,3,ARCHER:8;GARGOYLE:3;GOBLIN:2,GOLEM:3;SPIDER:15
3446,0,0,true,,,curriculum_pass,utility,3,75,119133451880,119133497541,10,0,,false,13,18,3,3,ARCHER:8;GARGOYLE:3;GOBLIN:2,GOLEM:3;SPIDER:15
3447,0,0,true,,,utility,curriculum_pass,3,75,119141355042,119141306511,10,0,,false,10,11,2,3,MAGE:5;SCORPION_RIDER:5,ASSASSIN:8;SCORPION_RIDER:2;SPIDER:1
3448,0,0,true,,,curriculum_pass,utility,3,75,119141355042,119141306511,17,0,BLUE,false,0,1,2,3,MAGE:5;SCORPION_RIDER:5,ASSASSIN:8;SCORPION_RIDER:2;SPIDER:1
3449,0,0,true,,,utility,curriculum_pass,3,75,119141362961,119141315516,10,0,GREEN,false,7,0,3,2,ARCHER:7;ASSASSIN:4;GOBLIN:1,ARCHER:5;SPIDER:15
3450,0,0,true,,,curriculum_pass,utility,3,75,119141362961,119141315516,19,0,,false,6,17,3,2,ARCHER:7;ASSASSIN:4;GOBLIN:1,ARCHER:5;SPIDER:15
3451,0,0,true,,,utility,curriculum_pass,3,75,119141370880,119141421741,12,0,,false,10,6,3,3,ASSASSIN:7;GOBLIN:2;GOLEM:2,ARCHER:1;GOLEM:2;SCORPION_RIDER:6
3452,0,0,true,,,curriculum_pass,utility,3,75,119141370880,119141421741,9,0,BLUE,false,0,7,3,3,ASSASSIN:7;GOBLIN:2;GOLEM:2,ARCHER:1;GOLEM:2;SCORPION_RIDER:6
3453,0,0,true,,,utility,curriculum_pass,3,75,119149274042,119149264151,10,0,,false,11,11,3,3,GARGOYLE:3;GOBLIN:2;SCORPION_RIDER:6,ASSASSIN:10;SPIDER:1
3454,0,0,true,,,curriculum_pass,utility,3,75,119149274042,119149264151,13,0,,false,6,10,3,3,GARGOYLE:3;GOBLIN:2;SCORPION_RIDER:6,ASSASSIN:10;SPIDER:1
3455,0,0,true,,,utility,curriculum_pass,3,75,119149281961,119149239300,14,0,,false,12,4,3,3,ASSASSIN:7;GOBLIN:1;SPIDER:7,ARCHER:5;GOLEM:4;SPIDER:1
3456,0,0,true,,,curriculum_pass,utility,3,75,119149281961,119149239300,10,0,,false,15,10,3,3,ASSASSIN:7;GOBLIN:1;SPIDER:7,ARCHER:5;GOLEM:4;SPIDER:1
3457,0,0,true,,,utility,curriculum_pass,3,75,119149289880,119149248309,20,0,,false,7,9,3,2,ARCHER:3;ASSASSIN:7;SPIDER:2,GARGOYLE:6;SCORPION_RIDER:4
3458,0,0,true,,,curriculum_pass,utility,3,75,119149289880,119149248309,17,0,BLUE,false,0,10,3,2,ARCHER:3;ASSASSIN:7;SPIDER:2,GARGOYLE:6;SCORPION_RIDER:4
3459,0,0,true,,,utility,curriculum_pass,3,75,119157193042,119157204991,10,0,GREEN,false,16,0,4,3,GOBLIN:13;MAGE:4;SCORPION_RIDER:1,ARCHER:7;GOBLIN:1;SPIDER:10
3460,0,0,true,,,curriculum_pass,utility,3,75,119157193042,119157204991,11,0,BLUE,false,0,18,4,3,GOBLIN:13;MAGE:4;SCORPION_RIDER:1,ARCHER:7;GOBLIN:1;SPIDER:10
3461,0,0,true,,,utility,curriculum_pass,3,75,119157200961,119157180140,10,0,,false,17,24,3,3,ASSASSIN:6;GOBLIN:11,GOBLIN:24;SPIDER:1
3462,0,0,true,,,curriculum_pass,utility,3,75,119157200961,119157180140,10,0,,false,17,25,3,3,ASSASSIN:6;GOBLIN:11,GOBLIN:24;SPIDER:1
3463,0,0,true,,,utility,curriculum_pass,3,75,119157208880,119157189021,12,0,GREEN,false,8,0,4,3,ARCHER:7;ASSASSIN:3;SCORPION_RIDER:1;SPIDER:1,ARCHER:6;GARGOYLE:5;GOBLIN:1
3464,0,0,true,,,curriculum_pass,utility,3,75,119157208880,119157189021,17,0,BLUE,false,0,7,4,3,ARCHER:7;ASSASSIN:3;SCORPION_RIDER:1;SPIDER:1,ARCHER:6;GARGOYLE:5;GOBLIN:1
3465,0,0,true,,,utility,curriculum_pass,3,75,119165112042,119165128775,16,0,,false,18,6,3,2,GARGOYLE:5;GOBLIN:3;SPIDER:10,ASSASSIN:8;SPIDER:6
3466,0,0,true,,,curriculum_pass,utility,3,75,119165112042,119165128775,19,0,,false,2,3,3,2,GARGOYLE:5;GOBLIN:3;SPIDER:10,ASSASSIN:8;SPIDER:6
3467,0,0,true,,,utility,curriculum_pass,3,75,119165119961,119165137780,18,0,GREEN,false,18,0,3,2,ASSASSIN:3;SPIDER:18,GOBLIN:11;GOLEM:4
3468,0,0,true,,,curriculum_pass,utility,3,75,119165119961,119165137780,11,0,BLUE,false,0,13,3,2,ASSASSIN:3;SPIDER:18,GOBLIN:11;GOLEM:4
3469,0,0,true,,,utility,curriculum_pass,3,75,119165127880,119165112933,10,0,,false,9,10,3,3,GOBLIN:1;GOLEM:4;SCORPION_RIDER:4,ARCHER:3;SCORPION_RIDER:7
3470,0,0,true,,,curriculum_pass,utility,3,75,119165127880,119165112933,17,0,BLUE,false,0,6,3,3,GOBLIN:1;GOLEM:4;SCORPION_RIDER:4,ARCHER:3;SCORPION_RIDER:7
3471,0,0,true,,,utility,curriculum_pass,3,75,119173031042,119173085743,18,0,GREEN,false,12,0,3,3,ARCHER:6;GOBLIN:13,ARCHER:8;SCORPION_RIDER:3;SPIDER:1
3472,0,0,true,,,curriculum_pass,utility,3,75,119173031042,119173085743,17,0,,false,7,11,3,3,ARCHER:6;GOBLIN:13,ARCHER:8;SCORPION_RIDER:3;SPIDER:1
3473,0,0,true,,,utility,curriculum_pass,3,75,119173038961,119173062108,16,0,GREEN,false,17,0,3,3,GOBLIN:10;MAGE:6;SPIDER:1,ASSASSIN:5;GOBLIN:10;SPIDER:3
3474,0,0,true,,,curriculum_pass,utility,3,75,119173038961,119173062108,9,0,BLUE,false,0,12,3,3,GOBLIN:10;MAGE:6;SPIDER:1,ASSASSIN:5;GOBLIN:10;SPIDER:3
3475,0,0,true,,,utility,curriculum_pass,3,75,119173046880,119173070029,12,0,GREEN,false,16,0,2,3,GARGOYLE:5;SPIDER:13,ASSASSIN:7;GARGOYLE:3;SPIDER:1
3476,0,0,true,,,curriculum_pass,utility,3,75,119173046880,119173070029,23,0,,false,4,2,2,3,GARGOYLE:5;SPIDER:13,ASSASSIN:7;GARGOYLE:3;SPIDER:1
3477,0,0,true,,,utility,curriculum_pass,3,75,119180950042,119180895415,10,0,,false,25,15,3,3,GOBLIN:13;SPIDER:12,ASSASSIN:7;GOBLIN:7;SPIDER:1
3478,0,0,true,,,curriculum_pass,utility,3,75,119180950042,119180895415,10,0,,false,20,10,3,3,GOBLIN:13;SPIDER:12,ASSASSIN:7;GOBLIN:7;SPIDER:1
3479,0,0,true,,,utility,curriculum_pass,3,75,119180957961,119181002660,10,0,GREEN,false,4,0,3,3,GOLEM:1;MAGE:8;SCORPION_RIDER:1,ARCHER:11;SPIDER:3
3480,0,0,true,,,curriculum_pass,utility,3,75,119180957961,119181002660,15,0,BLUE,false,0,12,3,3,GOLEM:1;MAGE:8;SCORPION_RIDER:1,ARCHER:11;SPIDER:3
3481,0,0,true,,,utility,curriculum_pass,3,75,119180965880,119181011285,20,0,,false,8,7,2,3,GARGOYLE:5;SPIDER:13,ARCHER:12;SPIDER:1
3482,0,0,true,,,curriculum_pass,utility,3,75,119180965880,119181011285,35,0,BLUE,false,0,13,2,3,GARGOYLE:5;SPIDER:13,ARCHER:12;SPIDER:1
3483,0,0,true,,,utility,curriculum_pass,3,75,119188869042,119188820255,10,0,,false,12,11,3,3,ARCHER:5;GARGOYLE:6;GOBLIN:1,ARCHER:5;SCORPION_RIDER:5;SPIDER:1
3484,0,0,true,,,curriculum_pass,utility,3,75,119188869042,119188820255,17,0,BLUE,false,0,10,3,3,ARCHER:5;GARGOYLE:6;GOBLIN:1,ARCHER:5;SCORPION_RIDER:5;SPIDER:1
3485,0,0,true,,,utility,curriculum_pass,3,75,119188876961,119188828172,10,0,,false,16,10,2,3,SCORPION_RIDER:5;SPIDER:11,ASSASSIN:9;GOLEM:1
3486,0,0,true,,,curriculum_pass,utility,3,75,119188876961,119188828172,15,0,,false,5,5,2,3,SCORPION_RIDER:5;SPIDER:11,ASSASSIN:9;GOLEM:1
3487,0,0,true,,,utility,curriculum_pass,3,75,119188884880,119188935485,10,0,GREEN,false,11,0,3,3,GARGOYLE:3;GOBLIN:2;SCORPION_RIDER:6,ARCHER:8;MAGE:3;SPIDER:2
3488,0,0,true,,,curriculum_pass,utility,3,75,119188884880,119188935485,69,0,,false,2,13,3,3,GARGOYLE:3;GOBLIN:2;SCORPION_RIDER:6,ARCHER:8;MAGE:3;SPIDER:2
3489,0,0,true,,,utility,curriculum_pass,3,75,80314498042,80314443095,10,0,,false,8,15,3,2,GOBLIN:1;GOLEM:7,SCORPION_RIDER:6;SPIDER:9
3490,0,0,true,,,curriculum_pass,utility,3,75,80314498042,80314443095,10,0,,false,8,15,3,2,GOBLIN:1;GOLEM:7,SCORPION_RIDER:6;SPIDER:9
3491,0,0,true,,,utility,curriculum_pass,3,75,80322417042,80322367295,14,0,,false,10,9,3,3,ASSASSIN:3;GOBLIN:1;MAGE:7,GARGOYLE:6;GOLEM:3;SPIDER:1
3492,0,0,true,,,curriculum_pass,utility,3,75,80322417042,80322367295,17,0,BLUE,false,0,10,3,3,ASSASSIN:3;GOBLIN:1;MAGE:7,GARGOYLE:6;GOLEM:3;SPIDER:1
3493,0,0,true,,,utility,curriculum_pass,3,75,80330336042,80330324359,10,0,,false,10,18,4,3,ASSASSIN:4;GOBLIN:2;GOLEM:4,GARGOYLE:1;GOLEM:2;SPIDER:16
3494,0,0,true,,,curriculum_pass,utility,3,75,80330336042,80330324359,10,0,,false,10,19,4,3,ASSASSIN:4;GOBLIN:2;GOLEM:4,GARGOYLE:1;GOLEM:2;SPIDER:16
3495,0,0,true,,,utility,curriculum_pass,3,75,80338255042,80338264687,16,0,,false,14,5,2,3,ASSASSIN:5;SPIDER:13,ARCHER:12;GOBLIN:1
3496,0,0,true,,,curriculum_pass,utility,3,75,80338255042,80338264687,11,0,,false,13,13,2,3,ASSASSIN:5;SPIDER:13,ARCHER:12;GOBLIN:1
3497,0,0,true,,,utility,curriculum_pass,3,75,80346174042,80346189047,6,0,GREEN,false,23,0,3,2,ARCHER:1;GOBLIN:23,ASSASSIN:7;SPIDER:8
3498,0,0,true,,,curriculum_pass,utility,3,75,80346174042,80346189047,21,0,BLUE,false,0,8,3,2,ARCHER:1;GOBLIN:23,ASSASSIN:7;SPIDER:8
3499,0,0,true,,,utility,curriculum_pass,3,75,80354093042,80354146655,68,0,GREEN,false,8,0,3,3,GARGOYLE:4;GOBLIN:2;GOLEM:4,ASSASSIN:4;GOBLIN:2;GOLEM:4
3500,0,0,true,,,curriculum_pass,utility,3,75,80354093042,80354146655,35,0,BLUE,false,0,3,3,3,GARGOYLE:4;GOBLIN:2;GOLEM:4,ASSASSIN:4;GOBLIN:2;GOLEM:4
3501,0,0,true,,,utility,curriculum_pass,3,75,119909498042,119909474839,8,0,GREEN,false,12,0,3,3,ARCHER:7;ASSASSIN:4;SPIDER:1,SPIDER:25
3502,0,0,true,,,curriculum_pass,utility,3,75,119909498042,119909474839,10,0,,false,12,25,3,3,ARCHER:7;ASSASSIN:4;SPIDER:1,SPIDER:25
3503,0,0,true,,,utility,curriculum_pass,3,75,119909505961,119909451012,10,0,GREEN,false,11,0,3,3,GARGOYLE:3;GOBLIN:2;SCORPION_RIDER:6,ARCHER:12;SPIDER:1
3504,0,0,true,,,curriculum_pass,utility,3,75,119909505961,119909451012,17,0,BLUE,false,0,13,3,3,GARGOYLE:3;GOBLIN:2;SCORPION_RIDER:6,ARCHER:12;SPIDER:1
3505,0,0,true,,,utility,curriculum_pass,3,75,119909513880,119909458997,40,0,GREEN,false,25,0,3,2,GOBLIN:10;SPIDER:15,GOBLIN:8;MAGE:7
3506,0,0,true,,,curriculum_pass,utility,3,75,119909513880,119909458997,17,0,BLUE,false,0,13,3,2,GOBLIN:10;SPIDER:15,GOBLIN:8;MAGE:7
3507,0,0,true,,,utility,curriculum_pass,3,75,119917417042,119917399295,8,0,GREEN,false,11,0,2,3,ARCHER:3;MAGE:8,ASSASSIN:8;GOBLIN:1;SCORPION_RIDER:2
3508,0,0,true,,,curriculum_pass,utility,3,75,119917417042,119917399295,7,0,BLUE,false,0,11,2,3,ARCHER:3;MAGE:8,ASSASSIN:8;GOBLIN:1;SCORPION_RIDER:2
3509,0,0,true,,,utility,curriculum_pass,3,75,119917424961,119917408236,28,0,GREEN,false,9,0,3,3,GARGOYLE:5;GOLEM:4,ASSASSIN:5;GOBLIN:13
3510,0,0,true,,,curriculum_pass,utility,3,75,119917424961,119917408236,17,0,,false,4,17,3,3,GARGOYLE:5;GOLEM:4,ASSASSIN:5;GOBLIN:13
3511,0,0,true,,,utility,curriculum_pass,3,75,119917432880,119917383325,34,0,GREEN,false,10,0,3,4,GARGOYLE:6;GOBLIN:1;GOLEM:3,ASSASSIN:1;GARGOYLE:5;MAGE:4;SPIDER:1
3512,0,0,true,,,curriculum_pass,utility,3,75,119917432880,119917383325,45,0,,false,6,8,3,4,GARGOYLE:6;GOBLIN:1;GOLEM:3,ASSASSIN:1;GARGOYLE:5;MAGE:4;SPIDER:1
3513,0,0,true,,,utility,curriculum_pass,3,75,119925336042,119925356871,10,0,GREEN,false,19,0,3,3,ARCHER:6;GOBLIN:10;SPIDER:3,GARGOYLE:5;GOBLIN:2;SCORPION_RIDER:4
3514,0,0,true,,,curriculum_pass,utility,3,75,119925336042,119925356871,9,0,BLUE,false,0,10,3,3,ARCHER:6;GOBLIN:10;SPIDER:3,GARGOYLE:5;GOBLIN:2;SCORPION_RIDER:4
3515,0,0,true,,,utility,curriculum_pass,3,75,119925343961,119925332084,14,0,GREEN,false,25,0,2,3,SPIDER:25,ASSASSIN:5;SCORPION_RIDER:5
3516,0,0,true,,,curriculum_pass,utility,3,75,119925343961,119925332084,15,0,,false,14,8,2,3,SPIDER:25,ASSASSIN:5;SCORPION_RIDER:5
3517,0,0,true,,,utility,curriculum_pass,3,75,119925351880,119925341029,10,0,GREEN,false,8,0,3,3,GOLEM:2;MAGE:1;SCORPION_RIDER:6,ASSASSIN:8;GARGOYLE:2;GOBLIN:1
3518,0,0,true,,,curriculum_pass,utility,3,75,119925351880,119925341029,31,0,BLUE,false,0,2,3,3,GOLEM:2;MAGE:1;SCORPION_RIDER:6,ASSASSIN:8;GARGOYLE:2;GOBLIN:1
3519,0,0,true,,,utility,curriculum_pass,3,75,119933255042,119933297455,10,0,,false,19,15,3,2,ASSASSIN:3;GOBLIN:2;SPIDER:16,ASSASSIN:5;SPIDER:13
3520,0,0,true,,,curriculum_pass,utility,3,75,119933255042,119933297455,11,0,,false,16,17,3,2,ASSASSIN:3;GOBLIN:2;SPIDER:16,ASSASSIN:5;SPIDER:13
3521,0,0,true,,,utility,curriculum_pass,3,75,119933262961,119933272796,10,0,,false,17,19,3,3,GARGOYLE:6;SPIDER:11,GARGOYLE:4;GOBLIN:12;SPIDER:3
3522,0,0,true,,,curriculum_pass,utility,3,75,119933262961,119933272796,10,0,,false,17,19,3,3,GARGOYLE:6;SPIDER:11,GARGOYLE:4;GOBLIN:12;SPIDER:3
3523,0,0,true,,,utility,curriculum_pass,3,75,119933270880,119933281741,10,0,BLUE,false,0,4,2,3,ASSASSIN:6;SCORPION_RIDER:4,GOBLIN:12;SPIDER:13
3524,0,0,true,,,curriculum_pass,utility,3,75,119933270880,119933281741,11,0,BLUE,false,0,23,2,3,ASSASSIN:6;SCORPION_RIDER:4,GOBLIN:12;SPIDER:13
3525,0,0,true,,,utility,curriculum_pass,3,75,119941174042,119941221815,18,0,GREEN,false,5,0,3,3,GOLEM:2;MAGE:1;SCORPION_RIDER:6,GOLEM:4;SCORPION_RIDER:4;SPIDER:1
3526,0,0,true,,,curriculum_pass,utility,3,75,119941174042,119941221815,17,0,BLUE,false,0,2,3,3,GOLEM:2;MAGE:1;SCORPION_RIDER:6,GOLEM:4;SCORPION_RIDER:4;SPIDER:1
3527,0,0,true,,,utility,curriculum_pass,3,75,119941181961,119941229732,10,0,,false,14,10,2,4,MAGE:8;SPIDER:6,ARCHER:4;GARGOYLE:1;GOBLIN:1;GOLEM:4
3528,0,0,true,,,curriculum_pass,utility,3,75,119941181961,119941229732,17,0,,false,6,10,2,4,MAGE:8;SPIDER:6,ARCHER:4;GARGOYLE:1;GOBLIN:1;GOLEM:4
3529,0,0,true,,,utility,curriculum_pass,3,75,119941189880,119941205589,14,0,GREEN,false,13,0,3,3,ARCHER:8;MAGE:3;SPIDER:2,GOBLIN:11;GOLEM:1;SCORPION_RIDER:4
3530,0,0,true,,,curriculum_pass,utility,3,75,119941189880,119941205589,7,0,BLUE,false,0,16,3,3,ARCHER:8;MAGE:3;SPIDER:2,GOBLIN:11;GOLEM:1;SCORPION_RIDER:4
3531,0,0,true,,,utility,curriculum_pass,3,75,119949093042,119949047327,18,0,GREEN,false,7,0,3,4,ARCHER:4;GOBLIN:1;SPIDER:16,ARCHER:6;GARGOYLE:5;SPIDER:1
3532,0,0,true,,,curriculum_pass,utility,3,75,119949093042,119949047327,11,0,BLUE,false,0,8,3,4,ARCHER:4;GOBLIN:1;SPIDER:16,ARCHER:6;GARGOYLE:5;SPIDER:1
3533,0,0,true,,,utility,curriculum_pass,3,75,119949100961,119949154572,24,0,GREEN,false,11,0,4,2,MAGE:8;SCORPION_RIDER:2;SPIDER:1,GOBLIN:11;GOLEM:4
3534,0,0,true,,,curriculum_pass,utility,3,75,119949100961,119949154572,11,0,BLUE,false,0,14,4,2,MAGE:8;SCORPION_RIDER:2;SPIDER:1,GOBLIN:11;GOLEM:4
3535,0,0,true,,,utility,curriculum_pass,3,75,119949108880,119949162557,18,0,GREEN,false,6,0,3,3,GOBLIN:1;GOLEM:4;SCORPION_RIDER:4,ARCHER:1;ASSASSIN:7;GOLEM:2
3536,0,0,true,,,curriculum_pass,utility,3,75,119949108880,119949162557,11,0,,false,8,6,3,3,GOBLIN:1;GOLEM:4;SCORPION_RIDER:4,ARCHER:1;ASSASSIN:7;GOLEM:2
3537,0,0,true,,,utility,curriculum_pass,3,75,119957012042,119956988135,26,0,GREEN,false,9,0,4,4,GARGOYLE:9;GOBLIN:1;SCORPION_RIDER:1,ASSASSIN:1;GOLEM:4;SCORPION_RIDER:3;SPIDER:1
3538,0,0,true,,,curriculum_pass,utility,3,75,119957012042,119956988135,43,0,BLUE,false,0,8,4,4,GARGOYLE:9;GOBLIN:1;SCORPION_RIDER:1,ASSASSIN:1;GOLEM:4;SCORPION_RIDER:3;SPIDER:1
3539,0,0,true,,,utility,curriculum_pass,3,75,119957019961,119956964244,20,0,GREEN,false,16,0,5,2,ASSASSIN:1;GOBLIN:13;MAGE:3;SCORPION_RIDER:1,ASSASSIN:7;SCORPION_RIDER:3
3540,0,0,true,,,curriculum_pass,utility,3,75,119957019961,119956964244,15,0,,false,5,4,5,2,ASSASSIN:1;GOBLIN:13;MAGE:3;SCORPION_RIDER:1,ASSASSIN:7;SCORPION_RIDER:3
3541,0,0,true,,,utility,curriculum_pass,3,75,119957027880,119956972165,12,0,GREEN,false,9,0,2,2,GARGOYLE:5;GOLEM:4,ARCHER:4;ASSASSIN:7
3542,0,0,true,,,curriculum_pass,utility,3,75,119957027880,119956972165,23,0,BLUE,false,0,6,2,2,GARGOYLE:5;GOLEM:4,ARCHER:4;ASSASSIN:7
3543,0,0,true,,,utility,curriculum_pass,3,75,119964931042,119964912975,8,0,GREEN,false,12,0,3,2,ASSASSIN:7;GOBLIN:8,ARCHER:4;ASSASSIN:7
3544,0,0,true,,,curriculum_pass,utility,3,75,119964931042,119964912975,11,0,BLUE,false,0,5,3,2,ASSASSIN:7;GOBLIN:8,ARCHER:4;ASSASSIN:7
3545,0,0,true,,,utility,curriculum_pass,3,75,119964938961,119964920956,6,0,GREEN,false,10,0,3,2,MAGE:8;SCORPION_RIDER:2;SPIDER:1,ARCHER:4;ASSASSIN:7
3546,0,0,true,,,curriculum_pass,utility,3,75,119964938961,119964920956,9,0,BLUE,false,0,8,3,2,MAGE:8;SCORPION_RIDER:2;SPIDER:1,ARCHER:4;ASSASSIN:7
3547,0,0,true,,,utility,curriculum_pass,3,75,119964946880,119964897133,14,0,,false,15,15,4,2,GOBLIN:1;GOLEM:3;SPIDER:14,GOBLIN:11;GOLEM:4
3548,0,0,true,,,curriculum_pass,utility,3,75,119964946880,119964897133,19,0,BLUE,false,0,15,4,2,GOBLIN:1;GOLEM:3;SPIDER:14,GOBLIN:11;GOLEM:4
3549,0,0,true,,,utility,curriculum_pass,3,75,119972850042,119972870103,16,0,GREEN,false,24,0,2,4,SPIDER:25,SCORPION_RIDER:6;SPIDER:9
3550,0,0,true,,,curriculum_pass,utility,3,75,119972850042,119972870103,11,0,BLUE,false,0,15,2,4,SPIDER:25,SCORPION_RIDER:6;SPIDER:9
3551,0,0,true,,,utility,curriculum_pass,3,75,119972857961,119972845252,14,0,GREEN,false,17,0,3,2,ASSASSIN:3;GOBLIN:2;SPIDER:16,SCORPION_RIDER:4;SPIDER:14
3552,0,0,true,,,curriculum_pass,utility,3,75,119972857961,119972845252,15,0,BLUE,false,0,16,3,2,ASSASSIN:3;GOBLIN:2;SPIDER:16,SCORPION_RIDER:4;SPIDER:14
3553,0,0,true,,,utility,curriculum_pass,3,75,119972865880,119972854261,22,0,,false,5,12,3,3,GOBLIN:1;GOLEM:7,ASSASSIN:1;GOBLIN:22
3554,0,0,true,,,curriculum_pass,utility,3,75,119972865880,119972854261,19,0,BLUE,false,0,14,3,3,GOBLIN:1;GOLEM:7,ASSASSIN:1;GOBLIN:22
3555,0,0,true,,,utility,curriculum_pass,3,75,119980769042,119980810687,10,0,,false,10,19,3,2,GOLEM:4;MAGE:4;SPIDER:2,GARGOYLE:4;SPIDER:15
3556,0,0,true,,,curriculum_pass,utility,3,75,119980769042,119980810687,10,0,,false,10,19,3,2,GOLEM:4;MAGE:4;SPIDER:2,GARGOYLE:4;SPIDER:15
3557,0,0,true,,,utility,curriculum_pass,3,75,119980776961,119980785836,12,0,GREEN,false,6,0,3,3,GOLEM:3;SCORPION_RIDER:5;SPIDER:1,ASSASSIN:3;GOBLIN:2;SCORPION_RIDER:6
3558,0,0,true,,,curriculum_pass,utility,3,75,119980776961,119980785836,10,0,,false,8,11,3,3,GOLEM:3;SCORPION_RIDER:5;SPIDER:1,ASSASSIN:3;GOBLIN:2;SCORPION_RIDER:6
3559,0,0,true,,,utility,curriculum_pass,3,75,119980784880,119980794461,14,0,,false,6,6,3,3,GOBLIN:11;SCORPION_RIDER:5,GOBLIN:12;GOLEM:3;MAGE:1
3560,0,0,true,,,curriculum_pass,utility,3,75,119980784880,119980794461,39,0,,false,4,13,3,3,GOBLIN:11;SCORPION_RIDER:5,GOBLIN:12;GOLEM:3;MAGE:1
3561,0,0,true,,,utility,curriculum_pass,3,75,81106398042,81106417143,14,0,GREEN,false,14,0,4,3,ASSASSIN:1;GOBLIN:12;SCORPION_RIDER:4,ASSASSIN:8;MAGE:2;SPIDER:1
3562,0,0,true,,,curriculum_pass,utility,3,75,81106398042,81106417143,39,0,BLUE,false,0,3,4,3,ASSASSIN:1;GOBLIN:12;SCORPION_RIDER:4,ASSASSIN:8;MAGE:2;SPIDER:1
3563,0,0,true,,,utility,curriculum_pass,3,75,81114317042,81114340959,22,0,GREEN,false,5,0,2,3,GARGOYLE:5;SCORPION_RIDER:5,GOLEM:4;SCORPION_RIDER:4;SPIDER:1
3564,0,0,true,,,curriculum_pass,utility,3,75,81114317042,81114340959,10,0,,false,10,9,2,3,GARGOYLE:5;SCORPION_RIDER:5,GOLEM:4;SCORPION_RIDER:4;SPIDER:1
3565,0,0,true,,,utility,curriculum_pass,3,75,81122236042,81122281511,12,0,,false,11,1,3,3,ARCHER:4;SCORPION_RIDER:6;SPIDER:1,ASSASSIN:7;GARGOYLE:3;GOBLIN:1
3566,0,0,true,,,curriculum_pass,utility,3,75,81122236042,81122281511,17,0,BLUE,false,0,4,3,3,ARCHER:4;SCORPION_RIDER:6;SPIDER:1,ASSASSIN:7;GARGOYLE:3;GOBLIN:1
3567,0,0,true,,,utility,curriculum_pass,3,75,81130155042,81130107535,14,0,,false,10,8,4,3,ASSASSIN:4;GOBLIN:13;MAGE:1,ASSASSIN:3;GOBLIN:18
3568,0,0,true,,,curriculum_pass,utility,3,75,81130155042,81130107535,13,0,,false,12,21,4,3,ASSASSIN:4;GOBLIN:13;MAGE:1,ASSASSIN:3;GOBLIN:18
3569,0,0,true,,,utility,curriculum_pass,3,75,81138074042,81138032407,14,0,GREEN,false,8,0,3,3,GOLEM:2;MAGE:1;SCORPION_RIDER:6,GARGOYLE:6;GOBLIN:9;SPIDER:2
3570,0,0,true,,,curriculum_pass,utility,3,75,81138074042,81138032407,63,0,BLUE,false,0,17,3,3,GOLEM:2;MAGE:1;SCORPION_RIDER:6,GARGOYLE:6;GOBLIN:9;SPIDER:2
3571,0,0,true,,,utility,curriculum_pass,3,75,81145993042,81145973247,8,0,GREEN,false,15,0,3,2,GARGOYLE:5;SPIDER:13,ASSASSIN:5;SPIDER:13
3572,0,0,true,,,curriculum_pass,utility,3,75,81145993042,81145973247,27,0,,false,5,1,3,2,GARGOYLE:5;SPIDER:13,ASSASSIN:5;SPIDER:13
3573,0,0,true,,,utility,curriculum_pass,3,75,120701398042,120701448887,10,0,GREEN,false,10,0,3,3,GARGOYLE:4;GOLEM:4;SPIDER:2,ARCHER:2;ASSASSIN:1;MAGE:8
3574,0,0,true,,,curriculum_pass,utility,3,75,120701398042,120701448887,21,0,BLUE,false,0,11,3,3,GARGOYLE:4;GOLEM:4;SPIDER:2,ARCHER:2;ASSASSIN:1;MAGE:8
3575,0,0,true,,,utility,curriculum_pass,3,75,120701405961,120701425060,10,0,,false,16,15,4,3,GOBLIN:11;SCORPION_RIDER:5,GOBLIN:10;GOLEM:4;SPIDER:1
3576,0,0,true,,,curriculum_pass,utility,3,75,120701405961,120701425060,10,0,,false,16,15,4,3,GOBLIN:11;SCORPION_RIDER:5,GOBLIN:10;GOLEM:4;SPIDER:1
3577,0,0,true,,,utility,curriculum_pass,3,75,120701413880,120701433685,16,0,GREEN,false,8,0,3,2,GARGOYLE:6;GOBLIN:1;GOLEM:3,ASSASSIN:7;SCORPION_RIDER:3
3578,0,0,true,,,curriculum_pass,utility,3,75,120701413880,120701433685,21,0,,false,3,6,3,2,GARGOYLE:6;GOBLIN:1;GOLEM:3,ASSASSIN:7;SCORPION_RIDER:3
3579,0,0,true,,,utility,curriculum_pass,3,75,120709317042,120709373727,24,0,GREEN,false,23,0,4,3,ARCHER:1;GOBLIN:12;SPIDER:11,GOBLIN:1;SCORPION_RIDER:9
3580,0,0,true,,,curriculum_pass,utility,3,75,120709317042,120709373727,27,0,BLUE,false,0,9,4,3,ARCHER:1;GOBLIN:12;SPIDER:11,GOBLIN:1;SCORPION_RIDER:9
3581,0,0,true,,,utility,curriculum_pass,3,75,120709324961,120709381644,36,0,,false,1,6,3,3,ARCHER:1;SPIDER:23,ASSASSIN:4;GARGOYLE:6;GOBLIN:1
3582,0,0,true,,,curriculum_pass,utility,3,75,120709324961,120709381644,21,0,,false,13,9,3,3,ARCHER:1;SPIDER:23,ASSASSIN:4;GARGOYLE:6;GOBLIN:1
3583,0,0,true,,,utility,curriculum_pass,3,75,120709332880,120709374269,10,0,GREEN,false,17,0,4,2,GARGOYLE:6;SPIDER:11,MAGE:7;SCORPION_RIDER:3
3584,0,0,true,,,curriculum_pass,utility,3,75,120709332880,120709374269,21,0,BLUE,false,0,8,4,2,GARGOYLE:6;SPIDER:11,MAGE:7;SCORPION_RIDER:3
3585,0,0,true,,,utility,curriculum_pass,3,75,120717236042,120717183463,12,0,GREEN,false,5,0,4,3,ASSASSIN:4;GARGOYLE:5;GOBLIN:1;SCORPION_RIDER:1,MAGE:3;SPIDER:18
3586,0,0,true,,,curriculum_pass,utility,3,75,120717236042,120717183463,13,0,BLUE,false,0,17,4,3,ASSASSIN:4;GARGOYLE:5;GOBLIN:1;SCORPION_RIDER:1,MAGE:3;SPIDER:18
3587,0,0,true,,,utility,curriculum_pass,3,75,120717243961,120717191316,6,0,GREEN,false,11,0,2,3,ARCHER:7;SCORPION_RIDER:4,ASSASSIN:4;SCORPION_RIDER:1;SPIDER:13
3588,0,0,true,,,curriculum_pass,utility,3,75,120717243961,120717191316,9,0,BLUE,false,0,15,2,3,ARCHER:7;SCORPION_RIDER:4,ASSASSIN:4;SCORPION_RIDER:1;SPIDER:13
3589,0,0,true,,,utility,curriculum_pass,3,75,120717251880,120717298565,28,0,GREEN,false,4,0,3,3,ASSASSIN:7;GARGOYLE:3;SPIDER:1,GOBLIN:10;SCORPION_RIDER:5;SPIDER:1
3590,0,0,true,,,curriculum_pass,utility,3,75,120717251880,120717298565,9,0,BLUE,false,0,15,3,3,ASSASSIN:7;GARGOYLE:3;SPIDER:1,GOBLIN:10;SCORPION_RIDER:5;SPIDER:1
3591,0,0,true,,,utility,curriculum_pass,3,75,182255785042,182255766271,10,0,,false,15,11,3,3,GOBLIN:9;SCORPION_RIDER:6,GOBLIN:1;MAGE:10
3592,0,0,true,,,curriculum_pass,utility,3,75,182255785042,182255766271,17,0,BLUE,false,0,11,3,3,GOBLIN:9;SCORPION_RIDER:6,GOBLIN:1;MAGE:10
3593,0,0,true,,,utility,curriculum_pass,3,75,182255792961,182255775212,30,0,GREEN,false,8,0,3,3,ARCHER:1;GARGOYLE:4;GOLEM:4,ASSASSIN:1;GOBLIN:22
3594,0,0,true,,,curriculum_pass,utility,3,75,182255792961,182255775212,15,0,BLUE,false,0,17,3,3,ARCHER:1;GARGOYLE:4;GOLEM:4,ASSASSIN:1;GOBLIN:22
3595,0,0,true,,,utility,curriculum_pass,3,75,182255800880,182255750301,12,0,GREEN,false,15,0,3,3,GOBLIN:9;GOLEM:4;SPIDER:2,ASSASSIN:10;GOBLIN:1
3596,0,0,true,,,curriculum_pass,utility,3,75,182255800880,182255750301,10,0,,false,12,7,3,3,GOBLIN:9;GOLEM:4;SPIDER:2,ASSASSIN:10;GOBLIN:1
3597,0,0,true,,,utility,curriculum_pass,3,75,182255808799,182255759282,12,0,GREEN,false,13,0,2,3,GOBLIN:11;MAGE:6,ARCHER:1;GOLEM:3;SPIDER:13
3598,0,0,true,,,curriculum_pass,utility,3,75,182255808799,182255759282,21,0,,false,11,15,2,3,GOBLIN:11;MAGE:6,ARCHER:1;GOLEM:3;SPIDER:13
3599,0,0,true,,,utility,curriculum_pass,3,75,120725155042,120725140047,8,0,GREEN,false,22,0,2,3,GOBLIN:10;SPIDER:15,ASSASSIN:8;GOLEM:1;SCORPION_RIDER:1
3600,0,0,true,,,curriculum_pass,utility,3,75,120725155042,120725140047,15,0,,false,8,4,2,3,GOBLIN:10;SPIDER:15,ASSASSIN:8;GOLEM:1;SCORPION_RIDER:1
3601,0,0,true,,,utility,curriculum_pass,3,75,120725162961,120725116284,18,0,GREEN,false,19,0,4,3,ASSASSIN:1;GOBLIN:6;SPIDER:16,ARCHER:8;SCORPION_RIDER:3;SPIDER:1
3602,0,0,true,,,curriculum_pass,utility,3,75,120725162961,120725116284,69,0,,false,15,12,4,3,ASSASSIN:1;GOBLIN:6;SPIDER:16,ARCHER:8;SCORPION_RIDER:3;SPIDER:1
3603,0,0,true,,,utility,curriculum_pass,3,75,120725170880,120725124205,32,0,GREEN,false,4,0,3,3,ASSASSIN:7;GARGOYLE:3;SPIDER:1,GOBLIN:10;SCORPION_RIDER:5;SPIDER:1
3604,0,0,true,,,curriculum_pass,utility,3,75,120725170880,120725124205,10,0,,false,11,16,3,3,ASSASSIN:7;GARGOYLE:3;SPIDER:1,GOBLIN:10;SCORPION_RIDER:5;SPIDER:1
3605,0,0,true,,,utility,curriculum_pass,3,75,120733074042,120733064407,10,0,GREEN,false,10,0,3,3,GARGOYLE:5;SCORPION_RIDER:5,GARGOYLE:3;GOBLIN:1;MAGE:7
3606,0,0,true,,,curriculum_pass,utility,3,75,120733074042,120733064407,23,0,BLUE,false,0,10,3,3,GARGOYLE:5;SCORPION_RIDER:5,GARGOYLE:3;GOBLIN:1;MAGE:7
3607,0,0,true,,,utility,curriculum_pass,3,75,120733081961,120733073348,40,0,GREEN,false,2,0,3,2,ASSASSIN:8;GOBLIN:1;MAGE:2,GOBLIN:9;SPIDER:16
3608,0,0,true,,,curriculum_pass,utility,3,75,120733081961,120733073348,10,0,,false,11,25,3,2,ASSASSIN:8;GOBLIN:1;MAGE:2,GOBLIN:9;SPIDER:16
3609,0,0,true,,,utility,curriculum_pass,3,75,120733089880,120733048565,30,0,GREEN,false,5,0,2,2,MAGE:7;SCORPION_RIDER:3,GARGOYLE:5;SPIDER:13
3610,0,0,true,,,curriculum_pass,utility,3,75,120733089880,120733048565,17,0,BLUE,false,0,18,2,2,MAGE:7;SCORPION_RIDER:3,GARGOYLE:5;SPIDER:13
3611,0,0,true,,,utility,curriculum_pass,3,75,120740993042,120741004991,10,0,GREEN,false,10,0,3,3,ASSASSIN:2;MAGE:8;SPIDER:1,ASSASSIN:8;SCORPION_RIDER:2;SPIDER:1
3612,0,0,true,,,curriculum_pass,utility,3,75,120740993042,120741004991,7,0,BLUE,false,0,11,3,3,ASSASSIN:2;MAGE:8;SPIDER:1,ASSASSIN:8;SCORPION_RIDER:2;SPIDER:1
3613,0,0,true,,,utility,curriculum_pass,3,75,120741000961,120741013932,12,0,,false,8,4,2,4,ASSASSIN:5;GOLEM:4,GOBLIN:1;GOLEM:5;MAGE:3
3614,0,0,true,,,curriculum_pass,utility,3,75,120741000961,120741013932,17,0,,false,4,8,2,4,ASSASSIN:5;GOLEM:4,GOBLIN:1;GOLEM:5;MAGE:3
3615,0,0,true,,,utility,curriculum_pass,3,75,120741008880,120740989789,14,0,GREEN,false,18,0,3,4,ARCHER:5;SPIDER:15,ARCHER:4;SCORPION_RIDER:6;SPIDER:1
3616,0,0,true,,,curriculum_pass,utility,3,75,120741008880,120740989789,13,0,BLUE,false,0,11,3,4,ARCHER:5;SPIDER:15,ARCHER:4;SCORPION_RIDER:6;SPIDER:1
3617,0,0,true,,,utility,curriculum_pass,3,75,120748912042,120748962567,10,0,,false,9,8,3,3,GOLEM:3;SCORPION_RIDER:5;SPIDER:1,GOBLIN:1;GOLEM:7
3618,0,0,true,,,curriculum_pass,utility,3,75,120748912042,120748962567,23,0,,false,6,6,3,3,GOLEM:3;SCORPION_RIDER:5;SPIDER:1,GOBLIN:1;GOLEM:7
3619,0,0,true,,,utility,curriculum_pass,3,75,120748919961,120748937780,34,0,GREEN,false,7,0,4,2,GOBLIN:11;MAGE:2;SCORPION_RIDER:3;SPIDER:1,SCORPION_RIDER:6;SPIDER:9
3620,0,0,true,,,curriculum_pass,utility,3,75,120748919961,120748937780,13,0,BLUE,false,0,14,4,2,GOBLIN:11;MAGE:2;SCORPION_RIDER:3;SPIDER:1,SCORPION_RIDER:6;SPIDER:9
3621,0,0,true,,,utility,curriculum_pass,3,75,120748927880,120748946725,12,0,GREEN,false,14,0,3,2,GOBLIN:6;MAGE:8,ASSASSIN:7;SCORPION_RIDER:3
3622,0,0,true,,,curriculum_pass,utility,3,75,120748927880,120748946725,11,0,BLUE,false,0,7,3,2,GOBLIN:6;MAGE:8,ASSASSIN:7;SCORPION_RIDER:3
3623,0,0,true,,,utility,curriculum_pass,3,75,120756831042,120756887023,22,0,,false,2,4,2,3,ARCHER:4;MAGE:7,ARCHER:7;GARGOYLE:4;SPIDER:1
3624,0,0,true,,,curriculum_pass,utility,3,75,120756831042,120756887023,9,0,BLUE,false,0,10,2,3,ARCHER:4;MAGE:7,ARCHER:7;GARGOYLE:4;SPIDER:1
3625,0,0,true,,,utility,curriculum_pass,3,75,120756838961,120756894876,42,0,GREEN,false,7,0,3,3,GOLEM:4;SCORPION_RIDER:4;SPIDER:1,GOBLIN:9;GOLEM:4;SCORPION_RIDER:1
3626,0,0,true,,,curriculum_pass,utility,3,75,120756838961,120756894876,21,0,BLUE,false,0,7,3,3,GOLEM:4;SCORPION_RIDER:4;SPIDER:1,GOBLIN:9;GOLEM:4;SCORPION_RIDER:1
3627,0,0,true,,,utility,curriculum_pass,3,75,120756846880,120756871053,26,0,,false,9,5,3,3,GARGOYLE:6;MAGE:4;SPIDER:1,GARGOYLE:5;GOBLIN:12;SPIDER:1
3628,0,0,true,,,curriculum_pass,utility,3,75,120756846880,120756871053,23,0,BLUE,false,0,10,3,3,GARGOYLE:6;MAGE:4;SPIDER:1,GARGOYLE:5;GOBLIN:12;SPIDER:1
3629,0,0,true,,,utility,curriculum_pass,3,75,120764750042,120764696183,22,0,,false,18,8,2,3,MAGE:5;SPIDER:13,ARCHER:8;GARGOYLE:3;SPIDER:2
3630,0,0,true,,,curriculum_pass,utility,3,75,120764750042,120764696183,9,0,BLUE,false,0,13,2,3,MAGE:5;SPIDER:13,ARCHER:8;GARGOYLE:3;SPIDER:2
3631,0,0,true,,,utility,curriculum_pass,3,75,120764757961,120764705124,22,0,GREEN,false,8,0,4,3,ARCHER:3;GARGOYLE:5;GOBLIN:2;SCORPION_RIDER:2,ASSASSIN:6;GOBLIN:11
3632,0,0,true,,,curriculum_pass,utility,3,75,120764757961,120764705124,11,0,BLUE,false,0,12,4,3,ARCHER:3;GARGOYLE:5;GOBLIN:2;SCORPION_RIDER:2,ASSASSIN:6;GOBLIN:11
3633,0,0,true,,,utility,curriculum_pass,3,75,120764765880,120764811285,10,0,,false,11,12,3,3,ARCHER:8;GARGOYLE:1;GOLEM:2,ARCHER:8;GOBLIN:2;GOLEM:2
3634,0,0,true,,,curriculum_pass,utility,3,75,120764765880,120764811285,15,0,BLUE,false,0,7,3,3,ARCHER:8;GARGOYLE:1;GOLEM:2,ARCHER:8;GOBLIN:2;GOLEM:2
3635,0,0,true,,,utility,curriculum_pass,3,75,120772669042,120772653279,16,0,GREEN,false,14,0,2,3,GARGOYLE:6;GOBLIN:11,ASSASSIN:6;GOBLIN:10;SPIDER:1
3636,0,0,true,,,curriculum_pass,utility,3,75,120772669042,120772653279,65,0,BLUE,false,0,10,2,3,GARGOYLE:6;GOBLIN:11,ASSASSIN:6;GOBLIN:10;SPIDER:1
3637,0,0,true,,,utility,curriculum_pass,3,75,120772676961,120772629452,52,0,GREEN,false,2,0,3,4,ASSASSIN:8;GARGOYLE:2;GOBLIN:1,GOBLIN:21;SCORPION_RIDER:1;SPIDER:1
3638,0,0,true,,,curriculum_pass,utility,3,75,120772676961,120772629452,11,0,BLUE,false,0,19,3,4,ASSASSIN:8;GARGOYLE:2;GOBLIN:1,GOBLIN:21;SCORPION_RIDER:1;SPIDER:1
3639,0,0,true,,,utility,curriculum_pass,3,75,120772684880,120772637437,14,0,,false,6,2,2,3,ARCHER:4;ASSASSIN:7,ASSASSIN:7;GOLEM:2;SPIDER:2
3640,0,0,true,,,curriculum_pass,utility,3,75,120772684880,120772637437,7,0,BLUE,false,0,8,2,3,ARCHER:4;ASSASSIN:7,ASSASSIN:7;GOLEM:2;SPIDER:2
3641,0,0,true,,,utility,curriculum_pass,3,75,81898298042,81898243095,12,0,,false,1,4,3,2,ASSASSIN:10;SPIDER:1,ASSASSIN:7;SCORPION_RIDER:3
3642,0,0,true,,,curriculum_pass,utility,3,75,81898298042,81898243095,9,0,BLUE,false,0,8,3,2,ASSASSIN:10;SPIDER:1,ASSASSIN:7;SCORPION_RIDER:3
3643,0,0,true,,,utility,curriculum_pass,3,75,81906217042,81906200319,12,0,GREEN,false,7,0,3,2,ASSASSIN:3;GOBLIN:1;MAGE:7,ASSASSIN:4;SPIDER:15
3644,0,0,true,,,curriculum_pass,utility,3,75,81906217042,81906200319,19,0,,false,6,16,3,2,ASSASSIN:3;GOBLIN:1;MAGE:7,ASSASSIN:4;SPIDER:15
3645,0,0,true,,,utility,curriculum_pass,3,75,81914136042,81914125127,14,0,GREEN,false,3,0,3,3,ASSASSIN:2;GOBLIN:1;MAGE:8,GOBLIN:5;MAGE:8;SPIDER:1
3646,0,0,true,,,curriculum_pass,utility,3,75,81914136042,81914125127,39,0,,false,8,13,3,3,ASSASSIN:2;GOBLIN:1;MAGE:8,GOBLIN:5;MAGE:8;SPIDER:1
3647,0,0,true,,,utility,curriculum_pass,3,75,81922055042,81922065711,12,0,GREEN,false,3,0,3,3,ARCHER:8;ASSASSIN:3;SPIDER:2,ARCHER:12;SPIDER:1
3648,0,0,true,,,curriculum_pass,utility,3,75,81922055042,81922065711,11,0,BLUE,false,0,5,3,3,ARCHER:8;ASSASSIN:3;SPIDER:2,ARCHER:12;SPIDER:1
3649,0,0,true,,,utility,curriculum_pass,3,75,81929974042,81930022839,10,0,GREEN,false,15,0,2,3,GARGOYLE:6;GOBLIN:11,GOBLIN:11;MAGE:6
3650,0,0,true,,,curriculum_pass,utility,3,75,81929974042,81930022839,17,0,BLUE,false,0,12,2,3,GARGOYLE:6;GOBLIN:11,GOBLIN:11;MAGE:6
3651,0,0,true,,,utility,curriculum_pass,3,75,81937893042,81937946655,34,0,,false,21,4,3,3,MAGE:3;SPIDER:18,ARCHER:4;SCORPION_RIDER:6;SPIDER:1
3652,0,0,true,,,curriculum_pass,utility,3,75,81937893042,81937946655,10,0,,false,21,11,3,3,MAGE:3;SPIDER:18,ARCHER:4;SCORPION_RIDER:6;SPIDER:1
3653,0,0,true,,,utility,curriculum_pass,3,75,121493298042,121493276119,24,0,GREEN,false,4,0,2,3,ASSASSIN:5;GOLEM:4,GARGOYLE:10;GOBLIN:1
3654,0,0,true,,,curriculum_pass,utility,3,75,121493298042,121493276119,19,0,BLUE,false,0,11,2,3,ASSASSIN:5;GOLEM:4,GARGOYLE:10;GOBLIN:1
3655,0,0,true,,,utility,curriculum_pass,3,75,121493305961,121493284036,10,0,,false,18,11,3,4,ARCHER:7;GOBLIN:2;SPIDER:9,ASSASSIN:5;GARGOYLE:5;SPIDER:1
3656,0,0,true,,,curriculum_pass,utility,3,75,121493305961,121493284036,15,0,,false,10,8,3,4,ARCHER:7;GOBLIN:2;SPIDER:9,ASSASSIN:5;GARGOYLE:5;SPIDER:1
3657,0,0,true,,,utility,curriculum_pass,3,75,121493313880,121493260277,8,0,GREEN,false,13,0,3,2,GOBLIN:9;MAGE:1;SCORPION_RIDER:5,ASSASSIN:7;SCORPION_RIDER:3
3658,0,0,true,,,curriculum_pass,utility,3,75,121493313880,121493260277,13,0,,false,11,4,3,2,GOBLIN:9;MAGE:1;SCORPION_RIDER:5,ASSASSIN:7;SCORPION_RIDER:3
3659,0,0,true,,,utility,curriculum_pass,3,75,121501217042,121501233087,16,0,GREEN,false,15,0,2,3,MAGE:7;SPIDER:8,ASSASSIN:4;GOLEM:4;MAGE:1
3660,0,0,true,,,curriculum_pass,utility,3,75,121501217042,121501233087,13,0,BLUE,false,0,5,2,3,MAGE:7;SPIDER:8,ASSASSIN:4;GOLEM:4;MAGE:1
3661,0,0,true,,,utility,curriculum_pass,3,75,121501224961,121501208236,86,0,GREEN,false,6,0,3,3,GARGOYLE:5;GOBLIN:12;SPIDER:1,GOBLIN:1;SCORPION_RIDER:9
3662,0,0,true,,,curriculum_pass,utility,3,75,121501224961,121501208236,15,0,BLUE,false,0,10,3,3,GARGOYLE:5;GOBLIN:12;SPIDER:1,GOBLIN:1;SCORPION_RIDER:9
3663,0,0,true,,,utility,curriculum_pass,3,75,121501232880,121501216861,18,0,,false,6,7,3,3,GOLEM:7;SPIDER:1,GOBLIN:1;GOLEM:7
3664,0,0,true,,,curriculum_pass,utility,3,75,121501232880,121501216861,13,0,,false,7,8,3,3,GOLEM:7;SPIDER:1,GOBLIN:1;GOLEM:7
3665,0,0,true,,,utility,curriculum_pass,3,75,121509136042,121509156871,16,0,,false,17,8,3,3,GOBLIN:14;SCORPION_RIDER:4,ARCHER:8;GOBLIN:2;SPIDER:7
3666,0,0,true,,,curriculum_pass,utility,3,75,121509136042,121509156871,13,0,BLUE,false,0,17,3,3,GOBLIN:14;SCORPION_RIDER:4,ARCHER:8;GOBLIN:2;SPIDER:7
3667,0,0,true,,,utility,curriculum_pass,3,75,121509143961,121509165876,16,0,GREEN,false,15,0,3,3,ARCHER:1;GARGOYLE:6;GOBLIN:9,ARCHER:7;GOBLIN:1;MAGE:4
3668,0,0,true,,,curriculum_pass,utility,3,75,121509143961,121509165876,10,0,,false,15,12,3,3,ARCHER:1;GARGOYLE:6;GOBLIN:9,ARCHER:7;GOBLIN:1;MAGE:4
3669,0,0,true,,,utility,curriculum_pass,3,75,121509151880,121509141029,10,0,GREEN,false,18,0,3,3,GARGOYLE:1;MAGE:4;SPIDER:13,ASSASSIN:4;GARGOYLE:1;SCORPION_RIDER:5
3670,0,0,true,,,curriculum_pass,utility,3,75,121509151880,121509141029,9,0,BLUE,false,0,8,3,3,GARGOYLE:1;MAGE:4;SPIDER:13,ASSASSIN:4;GARGOYLE:1;SCORPION_RIDER:5
3671,0,0,true,,,utility,curriculum_pass,3,75,121517055042,121517097711,10,0,GREEN,false,15,0,3,3,ARCHER:6;ASSASSIN:1;GOBLIN:10,ASSASSIN:4;GARGOYLE:6;SPIDER:1
3672,0,0,true,,,curriculum_pass,utility,3,75,121517055042,121517097711,19,0,BLUE,false,0,9,3,3,ARCHER:6;ASSASSIN:1;GOBLIN:10,ASSASSIN:4;GARGOYLE:6;SPIDER:1
3673,0,0,true,,,utility,curriculum_pass,3,75,121517062961,121517106588,10,0,,false,18,18,2,2,GARGOYLE:5;SPIDER:13,ASSASSIN:5;SPIDER:13
3674,0,0,true,,,curriculum_pass,utility,3,75,121517062961,121517106588,15,0,,false,5,16,2,2,GARGOYLE:5;SPIDER:13,ASSASSIN:5;SPIDER:13
3675,0,0,true,,,utility,curriculum_pass,3,75,121517070880,121517081741,10,0,,false,23,17,3,3,GARGOYLE:1;GOBLIN:22,GARGOYLE:4;GOLEM:1;SPIDER:12
3676,0,0,true,,,curriculum_pass,utility,3,75,121517070880,121517081741,25,0,,false,22,17,3,3,GARGOYLE:1;GOBLIN:22,GARGOYLE:4;GOLEM:1;SPIDER:12
3677,0,0,true,,,utility,curriculum_pass,3,75,121524974042,121524924279,22,0,,false,14,5,3,3,ARCHER:11;GOBLIN:3,GOBLIN:12;MAGE:5;SPIDER:1
3678,0,0,true,,,curriculum_pass,utility,3,75,121524974042,121524924279,21,0,,false,9,13,3,3,ARCHER:11;GOBLIN:3,GOBLIN:12;MAGE:5;SPIDER:1
3679,0,0,true,,,utility,curriculum_pass,3,75,121524981961,121525030500,22,0,GREEN,false,9,0,3,2,GOLEM:1;MAGE:9,GARGOYLE:6;SCORPION_RIDER:4
3680,0,0,true,,,curriculum_pass,utility,3,75,121524981961,121525030500,9,0,BLUE,false,0,10,3,2,GOLEM:1;MAGE:9,GARGOYLE:6;SCORPION_RIDER:4
3681,0,0,true,,,utility,curriculum_pass,3,75,121524989880,121525039381,12,0,GREEN,false,11,0,3,3,ARCHER:6;GOBLIN:10;MAGE:1,ARCHER:8;GOBLIN:1;SCORPION_RIDER:3
3682,0,0,true,,,curriculum_pass,utility,3,75,121524989880,121525039381,9,0,BLUE,false,0,12,3,3,ARCHER:6;GOBLIN:10;MAGE:1,ARCHER:8;GOBLIN:1;SCORPION_RIDER:3
3683,0,0,true,,,utility,curriculum_pass,3,75,121532893042,121532848607,10,0,GREEN,false,18,0,2,3,ARCHER:7;GOBLIN:11,GOBLIN:2;GOLEM:2;MAGE:7
3684,0,0,true,,,curriculum_pass,utility,3,75,121532893042,121532848607,27,0,,false,3,2,2,3,ARCHER:7;GOBLIN:11,GOBLIN:2;GOLEM:2;MAGE:7
3685,0,0,true,,,utility,curriculum_pass,3,75,121532900961,121532856524,6,0,GREEN,false,15,0,3,2,SCORPION_RIDER:6;SPIDER:9,ARCHER:4;MAGE:7
3686,0,0,true,,,curriculum_pass,utility,3,75,121532900961,121532856524,13,0,BLUE,false,0,11,3,2,SCORPION_RIDER:6;SPIDER:9,ARCHER:4;MAGE:7
3687,0,0,true,,,utility,curriculum_pass,3,75,121532908880,121532963837,10,0,,false,16,7,2,3,GOBLIN:11;SCORPION_RIDER:5,GOLEM:7;SPIDER:1
3688,0,0,true,,,curriculum_pass,utility,3,75,121532908880,121532963837,181,0,BLUE,false,0,8,2,3,GOBLIN:11;SCORPION_RIDER:5,GOLEM:7;SPIDER:1
3689,0,0,true,,,utility,curriculum_pass,3,75,121540812042,121540789159,34,0,GREEN,false,14,0,2,3,MAGE:8;SPIDER:6,GARGOYLE:6;GOBLIN:1;GOLEM:3
3690,0,0,true,,,curriculum_pass,utility,3,75,121540812042,121540789159,19,0,BLUE,false,0,9,2,3,MAGE:8;SPIDER:6,GARGOYLE:6;GOBLIN:1;GOLEM:3
3691,0,0,true,,,utility,curriculum_pass,3,75,121540819961,121540797780,18,0,,false,4,1,3,3,ARCHER:7;GARGOYLE:4;GOBLIN:1,ARCHER:8;MAGE:3;SPIDER:2
3692,0,0,true,,,curriculum_pass,utility,3,75,121540819961,121540797780,11,0,,false,12,11,3,3,ARCHER:7;GARGOYLE:4;GOBLIN:1,ARCHER:8;MAGE:3;SPIDER:2
3693,0,0,true,,,utility,curriculum_pass,3,75,121540827880,121540772933,22,0,GREEN,false,11,0,3,3,ASSASSIN:4;GARGOYLE:6;SPIDER:1,GOBLIN:1;GOLEM:4;SPIDER:10
3694,0,0,true,,,curriculum_pass,utility,3,75,121540827880,121540772933,25,0,BLUE,false,0,15,3,3,ASSASSIN:4;GARGOYLE:6;SPIDER:1,GOBLIN:1;GOLEM:4;SPIDER:10
3695,0,0,true,,,utility,curriculum_pass,3,75,121548731042,121548745743,12,0,GREEN,false,9,0,2,3,GOLEM:4;MAGE:5,MAGE:3;SCORPION_RIDER:6;SPIDER:2
3696,0,0,true,,,curriculum_pass,utility,3,75,121548731042,121548745743,11,0,BLUE,false,0,11,2,3,GOLEM:4;MAGE:5,MAGE:3;SCORPION_RIDER:6;SPIDER:2
3697,0,0,true,,,utility,curriculum_pass,3,75,121548738961,121548721980,22,0,GREEN,false,15,0,3,3,ARCHER:7;SPIDER:11,ASSASSIN:4;GARGOYLE:6;SPIDER:1
3698,0,0,true,,,curriculum_pass,utility,3,75,121548738961,121548721980,15,0,BLUE,false,0,7,3,3,ARCHER:7;SPIDER:11,ASSASSIN:4;GARGOYLE:6;SPIDER:1
3699,0,0,true,,,utility,curriculum_pass,3,75,121548746880,121548729901,10,0,,false,17,10,2,3,GARGOYLE:6;GOBLIN:11,ARCHER:5;GOLEM:4;SPIDER:1
3700,0,0,true,,,curriculum_pass,utility,3,75,121548746880,121548729901,37,0,BLUE,false,0,9,2,3,GARGOYLE:6;GOBLIN:11,ARCHER:5;GOLEM:4;SPIDER:1
3701,0,0,true,,,utility,curriculum_pass,3,75,121556650042,121556670103,12,0,GREEN,false,17,0,2,4,ASSASSIN:5;SPIDER:13,ASSASSIN:1;MAGE:9;SPIDER:1
3702,0,0,true,,,curriculum_pass,utility,3,75,121556650042,121556670103,79,0,BLUE,false,0,10,2,4,ASSASSIN:5;SPIDER:13,ASSASSIN:1;MAGE:9;SPIDER:1
3703,0,0,true,,,utility,curriculum_pass,3,75,121556657961,121556679044,26,0,GREEN,false,9,0,3,3,GARGOYLE:2;MAGE:8;SPIDER:1,GARGOYLE:5;GOBLIN:13
3704,0,0,true,,,curriculum_pass,utility,3,75,121556657961,121556679044,11,0,BLUE,false,0,17,3,3,GARGOYLE:2;MAGE:8;SPIDER:1,GARGOYLE:5;GOBLIN:13
3705,0,0,true,,,utility,curriculum_pass,3,75,121556665880,121556654261,12,0,GREEN,false,4,0,3,3,GOBLIN:1;GOLEM:4;SCORPION_RIDER:4,ARCHER:3;SCORPION_RIDER:7
3706,0,0,true,,,curriculum_pass,utility,3,75,121556665880,121556654261,23,0,BLUE,false,0,8,3,3,GOBLIN:1;GOLEM:4;SCORPION_RIDER:4,ARCHER:3;SCORPION_RIDER:7
3707,0,0,true,,,utility,curriculum_pass,3,75,183095199042,183095253999,20,0,GREEN,false,10,0,3,3,GARGOYLE:10;GOBLIN:1,ASSASSIN:1;GOBLIN:12;SCORPION_RIDER:4
3708,0,0,true,,,curriculum_pass,utility,3,75,183095199042,183095253999,11,0,BLUE,false,0,15,3,3,GARGOYLE:10;GOBLIN:1,ASSASSIN:1;GOBLIN:12;SCORPION_RIDER:4
3709,0,0,true,,,utility,curriculum_pass,3,75,183095206961,183095261852,22,0,,false,14,5,3,3,ARCHER:7;GOBLIN:11,GARGOYLE:5;GOBLIN:10;GOLEM:1
3710,0,0,true,,,curriculum_pass,utility,3,75,183095206961,183095261852,15,0,BLUE,false,0,7,3,3,ARCHER:7;GOBLIN:11,GARGOYLE:5;GOBLIN:10;GOLEM:1
3711,0,0,true,,,utility,curriculum_pass,3,75,183095214880,183095238029,201,0,,true,19,3,3,3,ARCHER:1;GOLEM:2;SPIDER:16,GOLEM:7;SPIDER:1
3712,0,0,true,,,curriculum_pass,utility,3,75,183095214880,183095238029,11,0,BLUE,false,0,8,3,3,ARCHER:1;GOLEM:2;SPIDER:16,GOLEM:7;SPIDER:1
3713,0,0,true,,,utility,curriculum_pass,3,75,183095222799,183095245986,10,0,,false,9,10,2,4,GARGOYLE:5;GOLEM:4,ARCHER:4;GOBLIN:1;GOLEM:4;MAGE:1
3714,0,0,true,,,curriculum_pass,utility,3,75,183095222799,183095245986,10,0,,false,9,10,2,4,GARGOYLE:5;GOLEM:4,ARCHER:4;GOBLIN:1;GOLEM:4;MAGE:1
3715,0,0,true,,,utility,curriculum_pass,3,75,121564569042,121564611455,12,0,GREEN,false,10,0,3,3,GOBLIN:5;MAGE:8;SPIDER:1,GOBLIN:1;SPIDER:24
3716,0,0,true,,,curriculum_pass,utility,3,75,121564569042,121564611455,13,0,BLUE,false,0,24,3,3,GOBLIN:5;MAGE:8;SPIDER:1,GOBLIN:1;SPIDER:24
3717,0,0,true,,,utility,curriculum_pass,3,75,121564576961,121564619372,20,0,GREEN,false,11,0,3,3,GARGOYLE:5;MAGE:4;SPIDER:4,MAGE:8;SCORPION_RIDER:2;SPIDER:1
3718,0,0,true,,,curriculum_pass,utility,3,75,121564576961,121564619372,17,0,BLUE,false,0,7,3,3,GARGOYLE:5;MAGE:4;SPIDER:4,MAGE:8;SCORPION_RIDER:2;SPIDER:1
3719,0,0,true,,,utility,curriculum_pass,3,75,121564584880,121564595485,10,0,GREEN,false,9,0,3,2,ASSASSIN:10;GOBLIN:1,SPIDER:25
3720,0,0,true,,,curriculum_pass,utility,3,75,121564584880,121564595485,11,0,BLUE,false,0,25,3,2,ASSASSIN:10;GOBLIN:1,SPIDER:25
3721,0,0,true,,,utility,curriculum_pass,3,75,183103118042,183103063159,50,0,GREEN,false,10,0,3,4,GARGOYLE:10;GOBLIN:1,ARCHER:3;GOBLIN:1;GOLEM:4;SPIDER:4
3722,0,0,true,,,curriculum_pass,utility,3,75,183103118042,183103063159,21,0,BLUE,false,0,9,3,4,GARGOYLE:10;GOBLIN:1,ARCHER:3;GOBLIN:1;GOLEM:4;SPIDER:4
3723,0,0,true,,,utility,curriculum_pass,3,75,183103125961,183103072100,10,0,GREEN,false,16,0,3,3,ARCHER:8;GOBLIN:9,ASSASSIN:1;GOLEM:4;MAGE:4
3724,0,0,true,,,curriculum_pass,utility,3,75,183103125961,183103072100,13,0,BLUE,false,0,9,3,3,ARCHER:8;GOBLIN:9,ASSASSIN:1;GOLEM:4;MAGE:4
3725,0,0,true,,,utility,curriculum_pass,3,75,183103133880,183103178261,8,0,GREEN,false,11,0,3,3,ARCHER:4;GOLEM:4;SPIDER:3,MAGE:10;SPIDER:1
3726,0,0,true,,,curriculum_pass,utility,3,75,183103133880,183103178261,19,0,BLUE,false,0,9,3,3,ARCHER:4;GOLEM:4;SPIDER:3,MAGE:10;SPIDER:1
3727,0,0,true,,,utility,curriculum_pass,3,75,183103141799,183103187210,16,0,GREEN,false,17,0,3,3,ARCHER:8;SPIDER:9,ARCHER:1;GARGOYLE:4;GOLEM:4
3728,0,0,true,,,curriculum_pass,utility,3,75,183103141799,183103187210,17,0,BLUE,false,0,8,3,3,ARCHER:8;SPIDER:9,ARCHER:1;GARGOYLE:4;GOLEM:4
3729,0,0,true,,,utility,curriculum_pass,3,75,82690198042,82690217143,12,0,GREEN,false,10,0,2,3,GOBLIN:11;MAGE:6,GOBLIN:12;SPIDER:13
3730,0,0,true,,,curriculum_pass,utility,3,75,82690198042,82690217143,11,0,BLUE,false,0,22,2,3,GOBLIN:11;MAGE:6,GOBLIN:12;SPIDER:13
3731,0,0,true,,,utility,curriculum_pass,3,75,82698117042,82698158367,8,0,GREEN,false,20,0,4,3,GOBLIN:1;MAGE:1;SCORPION_RIDER:2;SPIDER:16,ARCHER:1;GOLEM:2;MAGE:7
3732,0,0,true,,,curriculum_pass,utility,3,75,82698117042,82698158367,15,0,BLUE,false,0,9,4,3,GOBLIN:1;MAGE:1;SCORPION_RIDER:2;SPIDER:16,ARCHER:1;GOLEM:2;MAGE:7
3733,0,0,true,,,utility,curriculum_pass,3,75,82706036042,82705984487,8,0,GREEN,false,8,0,3,2,ASSASSIN:7;GARGOYLE:3;SPIDER:1,GOBLIN:6;MAGE:8
3734,0,0,true,,,curriculum_pass,utility,3,75,82706036042,82705984487,13,0,BLUE,false,0,14,3,2,ASSASSIN:7;GARGOYLE:3;SPIDER:1,GOBLIN:6;MAGE:8
3735,0,0,true,,,utility,curriculum_pass,3,75,82713955042,82713908303,14,0,,false,7,8,3,3,ASSASSIN:8;GOLEM:1;SPIDER:3,GOBLIN:11;MAGE:6
3736,0,0,true,,,curriculum_pass,utility,3,75,82713955042,82713908303,10,0,,false,12,17,3,3,ASSASSIN:8;GOLEM:1;SPIDER:3,GOBLIN:11;MAGE:6
3737,0,0,true,,,utility,curriculum_pass,3,75,82721874042,82721865431,12,0,GREEN,false,9,0,2,3,GARGOYLE:5;SCORPION_RIDER:5,GARGOYLE:1;GOBLIN:11;SPIDER:11
3738,0,0,true,,,curriculum_pass,utility,3,75,82721874042,82721865431,71,0,BLUE,false,0,21,2,3,GARGOYLE:5;SCORPION_RIDER:5,GARGOYLE:1;GOBLIN:11;SPIDER:11
3739,0,0,true,,,utility,curriculum_pass,3,75,82729793042,82729806015,18,0,GREEN,false,11,0,3,4,GARGOYLE:10;SPIDER:1,GARGOYLE:1;GOBLIN:1;MAGE:9
3740,0,0,true,,,curriculum_pass,utility,3,75,82729793042,82729806015,15,0,,false,10,10,3,4,GARGOYLE:10;SPIDER:1,GARGOYLE:1;GOBLIN:1;MAGE:9
3741,0,0,true,,,utility,curriculum_pass,3,75,122285198042,122285249655,10,0,,false,11,9,3,3,MAGE:10;SPIDER:1,GOLEM:2;MAGE:7;SPIDER:2
3742,0,0,true,,,curriculum_pass,utility,3,75,122285198042,122285249655,29,0,BLUE,false,0,11,3,3,MAGE:10;SPIDER:1,GOLEM:2;MAGE:7;SPIDER:2
3743,0,0,true,,,utility,curriculum_pass,3,75,122285205961,122285258596,18,0,GREEN,false,11,0,3,3,GARGOYLE:2;GOBLIN:1;MAGE:8,GOBLIN:2;GOLEM:3;SPIDER:13
3744,0,0,true,,,curriculum_pass,utility,3,75,122285205961,122285258596,13,0,BLUE,false,0,17,3,3,GARGOYLE:2;GOBLIN:1;MAGE:8,GOBLIN:2;GOLEM:3;SPIDER:13
3745,0,0,true,,,utility,curriculum_pass,3,75,122285213880,122285233685,18,0,,false,16,11,3,3,GARGOYLE:4;GOBLIN:15,GOBLIN:10;GOLEM:4;SPIDER:1
3746,0,0,true,,,curriculum_pass,utility,3,75,122285213880,122285233685,10,0,,false,19,15,3,3,GARGOYLE:4;GOBLIN:15,GOBLIN:10;GOLEM:4;SPIDER:1
3747,0,0,true,,,utility,curriculum_pass,3,75,122293117042,122293075679,32,0,GREEN,false,3,0,2,2,ARCHER:3;ASSASSIN:8,GARGOYLE:5;GOLEM:4
3748,0,0,true,,,curriculum_pass,utility,3,75,122293117042,122293075679,17,0,BLUE,false,0,9,2,2,ARCHER:3;ASSASSIN:8,GARGOYLE:5;GOLEM:4
3749,0,0,true,,,utility,curriculum_pass,3,75,122293124961,122293068236,14,0,GREEN,false,13,0,3,2,ARCHER:4;GOBLIN:12;MAGE:2,GARGOYLE:5;GOLEM:4
3750,0,0,true,,,curriculum_pass,utility,3,75,122293124961,122293068236,17,0,BLUE,false,0,8,3,2,ARCHER:4;GOBLIN:12;MAGE:2,GARGOYLE:5;GOLEM:4
3751,0,0,true,,,utility,curriculum_pass,3,75,122293132880,122293174525,10,0,GREEN,false,25,0,3,3,GOBLIN:10;SPIDER:15,GARGOYLE:2;MAGE:8;SPIDER:1
3752,0,0,true,,,curriculum_pass,utility,3,75,122293132880,122293174525,23,0,BLUE,false,0,10,3,3,GOBLIN:10;SPIDER:15,GARGOYLE:2;MAGE:8;SPIDER:1
3753,0,0,true,,,utility,curriculum_pass,3,75,183831666042,183831643095,22,0,GREEN,false,9,0,3,3,ASSASSIN:4;GARGOYLE:6;GOBLIN:1,ASSASSIN:5;GOBLIN:12;SPIDER:1
3754,0,0,true,,,curriculum_pass,utility,3,75,183831666042,183831643095,13,0,,false,6,15,3,3,ASSASSIN:4;GARGOYLE:6;GOBLIN:1,ASSASSIN:5;GOBLIN:12;SPIDER:1
3755,0,0,true,,,utility,curriculum_pass,3,75,183831673961,183831651012,10,0,,false,8,11,3,3,GOLEM:7;SPIDER:1,ARCHER:5;SCORPION_RIDER:5;SPIDER:1
3756,0,0,true,,,curriculum_pass,utility,3,75,183831673961,183831651012,37,0,BLUE,false,0,11,3,3,GOLEM:7;SPIDER:1,ARCHER:5;SCORPION_RIDER:5;SPIDER:1
3757,0,0,true,,,utility,curriculum_pass,3,75,183831681880,183831627253,12,0,GREEN,false,1,0,3,2,ASSASSIN:8;GOBLIN:3;GOLEM:1,ARCHER:3;ASSASSIN:8
3758,0,0,true,,,curriculum_pass,utility,3,75,183831681880,183831627253,7,0,BLUE,false,0,7,3,2,ASSASSIN:8;GOBLIN:3;GOLEM:1,ARCHER:3;ASSASSIN:8
3759,0,0,true,,,utility,curriculum_pass,3,75,183831689799,183831635178,18,0,GREEN,false,23,0,3,2,GOBLIN:11;SPIDER:14,ARCHER:4;MAGE:7
3760,0,0,true,,,curriculum_pass,utility,3,75,183831689799,183831635178,15,0,BLUE,false,0,11,3,2,GOBLIN:11;SPIDER:14,ARCHER:4;MAGE:7
3761,0,0,true,,,utility,curriculum_pass,3,75,122301036042,122301016231,10,0,,false,11,18,3,3,GARGOYLE:3;GOBLIN:1;MAGE:7,ASSASSIN:5;SPIDER:13
3762,0,0,true,,,curriculum_pass,utility,3,75,122301036042,122301016231,21,0,,false,3,16,3,3,GARGOYLE:3;GOBLIN:1;MAGE:7,ASSASSIN:5;SPIDER:13
3763,0,0,true,,,utility,curriculum_pass,3,75,122301043961,122300992084,10,0,,false,14,4,3,2,ASSASSIN:7;GOBLIN:6;MAGE:1,GOLEM:4;SPIDER:11
3764,0,0,true,,,curriculum_pass,utility,3,75,122301043961,122300992084,13,0,,false,13,15,3,2,ASSASSIN:7;GOBLIN:6;MAGE:1,GOLEM:4;SPIDER:11
3765,0,0,true,,,utility,curriculum_pass,3,75,122301051880,122301001029,82,0,GREEN,false,13,0,3,3,GOBLIN:24;SPIDER:1,GOBLIN:3;SCORPION_RIDER:8
3766,0,0,true,,,curriculum_pass,utility,3,75,122301051880,122301001029,15,0,BLUE,false,0,7,3,3,GOBLIN:24;SPIDER:1,GOBLIN:3;SCORPION_RIDER:8
3767,0,0,true,,,utility,curriculum_pass,3,75,122308955042,122308941071,18,0,GREEN,false,4,0,3,3,ASSASSIN:7;GOBLIN:1;MAGE:3,ARCHER:5;SCORPION_RIDER:5;SPIDER:1
3768,0,0,true,,,curriculum_pass,utility,3,75,122308955042,122308941071,7,0,BLUE,false,0,11,3,3,ASSASSIN:7;GOBLIN:1;MAGE:3,ARCHER:5;SCORPION_RIDER:5;SPIDER:1
3769,0,0,true,,,utility,curriculum_pass,3,75,122308962961,122308949052,18,0,GREEN,false,10,0,3,3,MAGE:8;SCORPION_RIDER:2;SPIDER:1,GOBLIN:9;SCORPION_RIDER:5;SPIDER:2
3770,0,0,true,,,curriculum_pass,utility,3,75,122308962961,122308949052,11,0,BLUE,false,0,16,3,3,MAGE:8;SCORPION_RIDER:2;SPIDER:1,GOBLIN:9;SCORPION_RIDER:5;SPIDER:2
3771,0,0,true,,,utility,curriculum_pass,3,75,122308970880,122308925229,10,0,,false,10,4,3,2,ASSASSIN:4;MAGE:1;SCORPION_RIDER:5,GOLEM:4;MAGE:5
3772,0,0,true,,,curriculum_pass,utility,3,75,122308970880,122308925229,13,0,BLUE,false,0,8,3,2,ASSASSIN:4;MAGE:1;SCORPION_RIDER:5,GOLEM:4;MAGE:5
3773,0,0,true,,,utility,curriculum_pass,3,75,122316874042,122316898199,16,0,,false,8,17,3,2,GARGOYLE:3;SCORPION_RIDER:1;SPIDER:15,GARGOYLE:6;GOBLIN:11
3774,0,0,true,,,curriculum_pass,utility,3,75,122316874042,122316898199,10,0,,false,19,17,3,2,GARGOYLE:3;SCORPION_RIDER:1;SPIDER:15,GARGOYLE:6;GOBLIN:11
3775,0,0,true,,,utility,curriculum_pass,3,75,122316881961,122316873348,10,0,GREEN,false,11,0,4,3,ARCHER:4;MAGE:1;SCORPION_RIDER:5;SPIDER:1,ASSASSIN:3;GOBLIN:1;MAGE:7
3776,0,0,true,,,curriculum_pass,utility,3,75,122316881961,122316873348,15,0,BLUE,false,0,9,4,3,ARCHER:4;MAGE:1;SCORPION_RIDER:5;SPIDER:1,ASSASSIN:3;GOBLIN:1;MAGE:7
3777,0,0,true,,,utility,curriculum_pass,3,75,122316889880,122316865973,18,0,GREEN,false,7,0,3,3,GOLEM:3;SPIDER:15,GARGOYLE:6;GOBLIN:11
3778,0,0,true,,,curriculum_pass,utility,3,75,122316889880,122316865973,41,0,BLUE,false,0,17,3,3,GOLEM:3;SPIDER:15,GARGOYLE:6;GOBLIN:11
3779,0,0,true,,,utility,curriculum_pass,3,75,122324793042,122324838527,16,0,GREEN,false,6,0,3,3,GOBLIN:1;GOLEM:7,ASSASSIN:8;GOBLIN:1;SPIDER:5
3780,0,0,true,,,curriculum_pass,utility,3,75,122324793042,122324838527,33,0,BLUE,false,0,5,3,3,GOBLIN:1;GOLEM:7,ASSASSIN:8;GOBLIN:1;SPIDER:5
3781,0,0,true,,,utility,curriculum_pass,3,75,122324800961,122324814700,6,0,GREEN,false,11,0,3,3,ASSASSIN:8;GOBLIN:1;SCORPION_RIDER:2,ARCHER:1;SPIDER:23
3782,0,0,true,,,curriculum_pass,utility,3,75,122324800961,122324814700,17,0,BLUE,false,0,24,3,3,ASSASSIN:8;GOBLIN:1;SCORPION_RIDER:2,ARCHER:1;SPIDER:23
3783,0,0,true,,,utility,curriculum_pass,3,75,122324808880,122324822557,8,0,GREEN,false,18,0,2,3,ARCHER:7;GOBLIN:11,ASSASSIN:7;SPIDER:8
3784,0,0,true,,,curriculum_pass,utility,3,75,122324808880,122324822557,10,0,,false,11,15,2,3,ARCHER:7;GOBLIN:11,ASSASSIN:7;SPIDER:8
3785,0,0,true,,,utility,curriculum_pass,3,75,122332712042,122332762823,8,0,GREEN,false,9,0,3,4,ARCHER:4;GOBLIN:1;SCORPION_RIDER:6,SCORPION_RIDER:8;SPIDER:3
3786,0,0,true,,,curriculum_pass,utility,3,75,122332712042,122332762823,21,0,,false,2,2,3,4,ARCHER:4;GOBLIN:1;SCORPION_RIDER:6,SCORPION_RIDER:8;SPIDER:3
3787,0,0,true,,,utility,curriculum_pass,3,75,122332719961,122332771828,10,0,GREEN,false,10,0,3,3,GARGOYLE:5;SCORPION_RIDER:5,ASSASSIN:5;SPIDER:13
3788,0,0,true,,,curriculum_pass,utility,3,75,122332719961,122332771828,19,0,BLUE,false,0,10,3,3,GARGOYLE:5;SCORPION_RIDER:5,ASSASSIN:5;SPIDER:13
3789,0,0,true,,,utility,curriculum_pass,3,75,122332727880,122332746981,18,0,GREEN,false,7,0,3,2,GARGOYLE:4;MAGE:1;SPIDER:13,ASSASSIN:4;SPIDER:15
3790,0,0,true,,,curriculum_pass,utility,3,75,122332727880,122332746981,25,0,BLUE,false,0,1,3,2,GARGOYLE:4;MAGE:1;SPIDER:13,ASSASSIN:4;SPIDER:15
3791,0,0,true,,,utility,curriculum_pass,3,75,122340631042,122340588719,22,0,,false,3,4,3,4,ASSASSIN:8;GARGOYLE:2;SPIDER:1,ASSASSIN:1;GOLEM:6;SPIDER:2
3792,0,0,true,,,curriculum_pass,utility,3,75,122340631042,122340588719,15,0,,false,10,9,3,4,ASSASSIN:8;GARGOYLE:2;SPIDER:1,ASSASSIN:1;GOLEM:6;SPIDER:2
3793,0,0,true,,,utility,curriculum_pass,3,75,122340638961,122340695644,10,0,,false,11,15,3,3,ARCHER:7;GOLEM:3;SPIDER:1,GOBLIN:10;GOLEM:3;MAGE:2
3794,0,0,true,,,curriculum_pass,utility,3,75,122340638961,122340695644,10,0,,false,11,15,3,3,ARCHER:7;GOLEM:3;SPIDER:1,GOBLIN:10;GOLEM:3;MAGE:2
3795,0,0,true,,,utility,curriculum_pass,3,75,122340646880,122340688205,8,0,GREEN,false,16,0,2,3,GOBLIN:11;SCORPION_RIDER:5,ASSASSIN:10;GOBLIN:1
3796,0,0,true,,,curriculum_pass,utility,3,75,122340646880,122340688205,11,0,,false,15,8,2,3,GOBLIN:11;SCORPION_RIDER:5,ASSASSIN:10;GOBLIN:1
3797,0,0,true,,,utility,curriculum_pass,3,75,122348550042,122348529975,4,0,GREEN,false,9,0,3,2,ASSASSIN:4;GOBLIN:2;SCORPION_RIDER:5,ASSASSIN:8;SPIDER:6
3798,0,0,true,,,curriculum_pass,utility,3,75,122348550042,122348529975,11,0,BLUE,false,0,9,3,2,ASSASSIN:4;GOBLIN:2;SCORPION_RIDER:5,ASSASSIN:8;SPIDER:6
3799,0,0,true,,,utility,curriculum_pass,3,75,122348557961,122348505124,34,0,GREEN,false,2,0,3,3,ASSASSIN:5;GOBLIN:11;SPIDER:2,SCORPION_RIDER:9;SPIDER:1
3800,0,0,true,,,curriculum_pass,utility,3,75,122348557961,122348505124,7,0,BLUE,false,0,10,3,3,ASSASSIN:5;GOBLIN:11;SPIDER:2,SCORPION_RIDER:9;SPIDER:1
3801,0,0,true,,,utility,curriculum_pass,3,75,122348565880,122348514261,10,0,GREEN,false,12,0,2,3,GOBLIN:6;MAGE:8,ASSASSIN:2;GOBLIN:1;MAGE:8
3802,0,0,true,,,curriculum_pass,utility,3,75,122348565880,122348514261,11,0,BLUE,false,0,9,2,3,GOBLIN:6;MAGE:8,ASSASSIN:2;GOBLIN:1;MAGE:8
3803,0,0,true,,,utility,curriculum_pass,3,75,183887099042,183887112719,66,0,GREEN,false,7,0,3,3,GARGOYLE:10;GOBLIN:1,GARGOYLE:6;GOBLIN:11
3804,0,0,true,,,curriculum_pass,utility,3,75,183887099042,183887112719,17,0,BLUE,false,0,10,3,3,GARGOYLE:10;GOBLIN:1,GARGOYLE:6;GOBLIN:11
3805,0,0,true,,,utility,curriculum_pass,3,75,183887106961,183887088956,12,0,GREEN,false,23,0,3,3,SPIDER:25,ARCHER:4;SCORPION_RIDER:6;SPIDER:1
3806,0,0,true,,,curriculum_pass,utility,3,75,183887106961,183887088956,9,0,BLUE,false,0,11,3,3,SPIDER:25,ARCHER:4;SCORPION_RIDER:6;SPIDER:1
3807,0,0,true,,,utility,curriculum_pass,3,75,183887114880,183887096877,18,0,GREEN,false,7,0,2,3,GARGOYLE:5;SPIDER:13,ARCHER:8;SPIDER:9
3808,0,0,true,,,curriculum_pass,utility,3,75,183887114880,183887096877,11,0,,false,5,17,2,3,GARGOYLE:5;SPIDER:13,ARCHER:8;SPIDER:9
3809,0,0,true,,,utility,curriculum_pass,3,75,183887122799,183887073218,8,0,GREEN,false,10,0,3,3,ARCHER:1;ASSASSIN:3;SCORPION_RIDER:6,ASSASSIN:7;GARGOYLE:3;SPIDER:1
3810,0,0,true,,,curriculum_pass,utility,3,75,183887122799,183887073218,79,0,,false,4,4,3,3,ARCHER:1;ASSASSIN:3;SCORPION_RIDER:6,ASSASSIN:7;GARGOYLE:3;SPIDER:1
3811,0,0,true,,,utility,curriculum_pass,3,75,122356469042,122356454303,10,0,,false,15,11,3,3,SCORPION_RIDER:6;SPIDER:9,GARGOYLE:6;MAGE:4;SPIDER:1
3812,0,0,true,,,curriculum_pass,utility,3,75,122356469042,122356454303,17,0,BLUE,false,0,11,3,3,SCORPION_RIDER:6;SPIDER:9,GARGOYLE:6;MAGE:4;SPIDER:1
3813,0,0,true,,,utility,curriculum_pass,3,75,122356476961,122356462220,12,0,GREEN,false,6,0,3,3,GOBLIN:14;SCORPION_RIDER:4,GOBLIN:2;MAGE:3;SCORPION_RIDER:6
3814,0,0,true,,,curriculum_pass,utility,3,75,122356476961,122356462220,13,0,BLUE,false,0,9,3,3,GOBLIN:14;SCORPION_RIDER:4,GOBLIN:2;MAGE:3;SCORPION_RIDER:6
3815,0,0,true,,,utility,curriculum_pass,3,75,122356484880,122356438461,14,0,,false,7,15,3,2,ASSASSIN:10;GOBLIN:1,GARGOYLE:6;GOBLIN:11
3816,0,0,true,,,curriculum_pass,utility,3,75,122356484880,122356438461,10,0,,false,11,17,3,2,ASSASSIN:10;GOBLIN:1,GARGOYLE:6;GOBLIN:11
3817,0,0,true,,,utility,curriculum_pass,3,75,83482098042,83482077143,10,0,GREEN,false,11,0,3,3,ARCHER:7;GOBLIN:1;MAGE:4,ASSASSIN:7;SPIDER:8
3818,0,0,true,,,curriculum_pass,utility,3,75,83482098042,83482077143,9,0,BLUE,false,0,14,3,3,ARCHER:7;GOBLIN:1;MAGE:4,ASSASSIN:7;SPIDER:8
3819,0,0,true,,,utility,curriculum_pass,3,75,83490017042,83490001343,10,0,GREEN,false,8,0,3,4,GOBLIN:21;GOLEM:1,ASSASSIN:4;GOBLIN:13;MAGE:1
3820,0,0,true,,,curriculum_pass,utility,3,75,83490017042,83490001343,15,0,,false,10,8,3,4,GOBLIN:21;GOLEM:1,ASSASSIN:4;GOBLIN:13;MAGE:1
3821,0,0,true,,,utility,curriculum_pass,3,75,83497936042,83497957895,30,0,GREEN,false,11,0,3,3,GARGOYLE:5;GOBLIN:1;MAGE:5,ARCHER:1;GOLEM:2;SCORPION_RIDER:6
3822,0,0,true,,,curriculum_pass,utility,3,75,83497936042,83497957895,11,0,BLUE,false,0,9,3,3,GARGOYLE:5;GOBLIN:1;MAGE:5,ARCHER:1;GOLEM:2;SCORPION_RIDER:6
3823,0,0,true,,,utility,curriculum_pass,3,75,83505855042,83505898735,16,0,GREEN,false,10,0,4,3,ARCHER:4;GOLEM:4;MAGE:1;SPIDER:1,MAGE:8;SCORPION_RIDER:2;SPIDER:1
3824,0,0,true,,,curriculum_pass,utility,3,75,83505855042,83505898735,19,0,BLUE,false,0,9,4,3,ARCHER:4;GOLEM:4;MAGE:1;SPIDER:1,MAGE:8;SCORPION_RIDER:2;SPIDER:1
3825,0,0,true,,,utility,curriculum_pass,3,75,83513774042,83513823607,30,0,,false,16,6,3,3,GOLEM:3;SPIDER:15,GARGOYLE:6;SPIDER:11
3826,0,0,true,,,curriculum_pass,utility,3,75,83513774042,83513823607,19,0,BLUE,false,0,17,3,3,GOLEM:3;SPIDER:15,GARGOYLE:6;SPIDER:11
3827,0,0,true,,,utility,curriculum_pass,3,75,83521693042,83521649631,12,0,GREEN,false,13,0,3,3,GARGOYLE:6;GOBLIN:11,ARCHER:1;GARGOYLE:6;SPIDER:9
3828,0,0,true,,,curriculum_pass,utility,3,75,83521693042,83521649631,29,0,BLUE,false,0,10,3,3,GARGOYLE:6;GOBLIN:11,ARCHER:1;GARGOYLE:6;SPIDER:9
3829,0,0,true,,,utility,curriculum_pass,3,75,123077098042,123077108887,14,0,,false,10,8,3,3,GARGOYLE:6;MAGE:4;SPIDER:1,ARCHER:8;MAGE:3;SPIDER:2
3830,0,0,true,,,curriculum_pass,utility,3,75,123077098042,123077108887,23,0,BLUE,false,0,11,3,3,GARGOYLE:6;MAGE:4;SPIDER:1,ARCHER:8;MAGE:3;SPIDER:2
3831,0,0,true,,,utility,curriculum_pass,3,75,123077105961,123077085060,16,0,GREEN,false,8,0,2,3,GARGOYLE:5;GOLEM:4,ASSASSIN:1;GOBLIN:12;GOLEM:3
3832,0,0,true,,,curriculum_pass,utility,3,75,123077105961,123077085060,17,0,BLUE,false,0,7,2,3,GARGOYLE:5;GOLEM:4,ASSASSIN:1;GOBLIN:12;GOLEM:3
3833,0,0,true,,,utility,curriculum_pass,3,75,123077113880,123077093045,8,0,GREEN,false,15,0,3,3,GOBLIN:7;SCORPION_RIDER:6;SPIDER:2,ARCHER:5;GARGOYLE:6;GOBLIN:1
3834,0,0,true,,,curriculum_pass,utility,3,75,123077113880,123077093045,15,0,BLUE,false,0,12,3,3,GOBLIN:7;SCORPION_RIDER:6;SPIDER:2,ARCHER:5;GARGOYLE:6;GOBLIN:1
3835,0,0,true,,,utility,curriculum_pass,3,75,123085017042,123085033855,8,0,GREEN,false,8,0,3,5,ASSASSIN:10;GOBLIN:1,ASSASSIN:8;GARGOYLE:1;GOBLIN:1;MAGE:1
3836,0,0,true,,,curriculum_pass,utility,3,75,123085017042,123085033855,10,0,,false,8,11,3,5,ASSASSIN:10;GOBLIN:1,ASSASSIN:8;GARGOYLE:1;GOBLIN:1;MAGE:1
3837,0,0,true,,,utility,curriculum_pass,3,75,123085024961,123085041772,92,0,GREEN,false,19,0,3,3,GOLEM:2;MAGE:1;SPIDER:16,ASSASSIN:7;GOBLIN:8
3838,0,0,true,,,curriculum_pass,utility,3,75,123085024961,123085041772,15,0,,false,7,9,3,3,GOLEM:2;MAGE:1;SPIDER:16,ASSASSIN:7;GOBLIN:8
3839,0,0,true,,,utility,curriculum_pass,3,75,123085032880,123085017885,10,0,GREEN,false,5,0,3,2,ASSASSIN:4;GARGOYLE:1;GOLEM:4,ASSASSIN:7;SCORPION_RIDER:3
3840,0,0,true,,,curriculum_pass,utility,3,75,123085032880,123085017885,13,0,BLUE,false,0,4,3,2,ASSASSIN:4;GARGOYLE:1;GOLEM:4,ASSASSIN:7;SCORPION_RIDER:3
3841,0,0,true,,,utility,curriculum_pass,3,75,123092936042,123092990919,14,0,,false,15,7,3,3,GARGOYLE:6;GOBLIN:4;SPIDER:7,ARCHER:7;SCORPION_RIDER:3;SPIDER:3
3842,0,0,true,,,curriculum_pass,utility,3,75,123092936042,123092990919,15,0,BLUE,false,0,8,3,3,GARGOYLE:6;GOBLIN:4;SPIDER:7,ARCHER:7;SCORPION_RIDER:3;SPIDER:3
3843,0,0,true,,,utility,curriculum_pass,3,75,123092943961,123092966132,36,0,,false,4,6,3,2,ASSASSIN:7;MAGE:3;SPIDER:1,GARGOYLE:6;GOBLIN:11
3844,0,0,true,,,curriculum_pass,utility,3,75,123092943961,123092966132,10,0,,false,11,17,3,2,ASSASSIN:7;MAGE:3;SPIDER:1,GARGOYLE:6;GOBLIN:11
3845,0,0,true,,,utility,curriculum_pass,3,75,123092951880,123092975077,10,0,,false,12,14,4,3,ARCHER:5;ASSASSIN:1;GARGOYLE:5;GOBLIN:1,MAGE:7;SPIDER:8
3846,0,0,true,,,curriculum_pass,utility,3,75,123092951880,123092975077,10,0,,false,12,15,4,3,ARCHER:5;ASSASSIN:1;GARGOYLE:5;GOBLIN:1,MAGE:7;SPIDER:8
3847,0,0,true,,,utility,curriculum_pass,3,75,123100855042,123100800431,14,0,,false,6,4,2,3,ASSASSIN:5;SCORPION_RIDER:5,GOLEM:4;SCORPION_RIDER:4;SPIDER:1
3848,0,0,true,,,curriculum_pass,utility,3,75,123100855042,123100800431,13,0,BLUE,false,0,8,2,3,ASSASSIN:5;SCORPION_RIDER:5,GOLEM:4;SCORPION_RIDER:4;SPIDER:1
3849,0,0,true,,,utility,curriculum_pass,3,75,123100862961,123100907356,10,0,,false,18,15,2,3,SCORPION_RIDER:4;SPIDER:14,ARCHER:1;SCORPION_RIDER:5;SPIDER:9
3850,0,0,true,,,curriculum_pass,utility,3,75,123100862961,123100907356,10,0,,false,18,15,2,3,SCORPION_RIDER:4;SPIDER:14,ARCHER:1;SCORPION_RIDER:5;SPIDER:9
3851,0,0,true,,,utility,curriculum_pass,3,75,123100870880,123100915277,16,0,GREEN,false,17,0,2,3,GARGOYLE:6;SPIDER:11,ASSASSIN:6;GOBLIN:11
3852,0,0,true,,,curriculum_pass,utility,3,75,123100870880,123100915277,15,0,BLUE,false,0,9,2,3,GARGOYLE:6;SPIDER:11,ASSASSIN:6;GOBLIN:11
3853,0,0,true,,,utility,curriculum_pass,3,75,123108774042,123108724279,26,0,GREEN,false,11,0,3,2,MAGE:10;SPIDER:1,GARGOYLE:5;GOLEM:4
3854,0,0,true,,,curriculum_pass,utility,3,75,123108774042,123108724279,10,0,,false,11,9,3,2,MAGE:10;SPIDER:1,GARGOYLE:5;GOLEM:4
3855,0,0,true,,,utility,curriculum_pass,3,75,123108781961,123108733220,10,0,GREEN,false,21,0,3,3,GOBLIN:24;SPIDER:1,ASSASSIN:8;GARGOYLE:1;GOLEM:1
3856,0,0,true,,,curriculum_pass,utility,3,75,123108781961,123108733220,115,0,BLUE,false,0,2,3,3,GOBLIN:24;SPIDER:1,ASSASSIN:8;GARGOYLE:1;GOLEM:1
3857,0,0,true,,,utility,curriculum_pass,3,75,123108789880,123108839637,16,0,,false,2,8,2,4,ASSASSIN:5;GOLEM:4,ASSASSIN:4;GARGOYLE:1;GOBLIN:12;SPIDER:1
3858,0,0,true,,,curriculum_pass,utility,3,75,123108789880,123108839637,13,0,BLUE,false,0,13,2,4,ASSASSIN:5;GOLEM:4,ASSASSIN:4;GARGOYLE:1;GOBLIN:12;SPIDER:1
3859,0,0,true,,,utility,curriculum_pass,3,75,123116693042,123116681375,10,0,GREEN,false,17,0,3,3,GARGOYLE:5;GOBLIN:12;SPIDER:1,ARCHER:7;ASSASSIN:4;GOBLIN:1
3860,0,0,true,,,curriculum_pass,utility,3,75,123116693042,123116681375,21,0,BLUE,false,0,8,3,3,GARGOYLE:5;GOBLIN:12;SPIDER:1,ARCHER:7;ASSASSIN:4;GOBLIN:1
3861,0,0,true,,,utility,curriculum_pass,3,75,123116700961,123116657548,16,0,,false,8,11,3,2,ARCHER:7;ASSASSIN:3;GOLEM:1,GOBLIN:6;MAGE:8
3862,0,0,true,,,curriculum_pass,utility,3,75,123116700961,123116657548,13,0,,false,7,7,3,2,ARCHER:7;ASSASSIN:3;GOLEM:1,GOBLIN:6;MAGE:8
3863,0,0,true,,,utility,curriculum_pass,3,75,123116708880,123116665533,16,0,GREEN,false,9,0,2,4,MAGE:7;SCORPION_RIDER:3,GARGOYLE:5;GOBLIN:1;MAGE:3;SPIDER:5
3864,0,0,true,,,curriculum_pass,utility,3,75,123116708880,123116665533,21,0,BLUE,false,0,14,2,4,MAGE:7;SCORPION_RIDER:3,GARGOYLE:5;GOBLIN:1;MAGE:3;SPIDER:5
3865,0,0,true,,,utility,curriculum_pass,3,75,123124612042,123124622695,16,0,GREEN,false,9,0,3,3,ARCHER:5;GARGOYLE:5;GOLEM:1,GARGOYLE:2;MAGE:8;SPIDER:1
3866,0,0,true,,,curriculum_pass,utility,3,75,123124612042,123124622695,33,0,BLUE,false,0,7,3,3,ARCHER:5;GARGOYLE:5;GOLEM:1,GARGOYLE:2;MAGE:8;SPIDER:1
3867,0,0,true,,,utility,curriculum_pass,3,75,123124619961,123124597780,14,0,GREEN,false,11,0,3,3,ARCHER:4;GOBLIN:1;SCORPION_RIDER:6,ARCHER:1;GARGOYLE:5;SPIDER:11
3868,0,0,true,,,curriculum_pass,utility,3,75,123124619961,123124597780,25,0,BLUE,false,0,17,3,3,ARCHER:4;GOBLIN:1;SCORPION_RIDER:6,ARCHER:1;GARGOYLE:5;SPIDER:11
3869,0,0,true,,,utility,curriculum_pass,3,75,123124627880,123124606725,12,0,GREEN,false,10,0,2,3,MAGE:7;SCORPION_RIDER:3,ASSASSIN:8;SCORPION_RIDER:2;SPIDER:1
3870,0,0,true,,,curriculum_pass,utility,3,75,123124627880,123124606725,7,0,BLUE,false,0,8,2,3,MAGE:7;SCORPION_RIDER:3,ASSASSIN:8;SCORPION_RIDER:2;SPIDER:1
3871,0,0,true,,,utility,curriculum_pass,3,75,184663161042,184663205503,18,0,GREEN,false,1,0,2,2,ASSASSIN:7;GOBLIN:8,GOLEM:4;SPIDER:11
3872,0,0,true,,,curriculum_pass,utility,3,75,184663161042,184663205503,21,0,BLUE,false,0,14,2,2,ASSASSIN:7;GOBLIN:8,GOLEM:4;SPIDER:11
3873,0,0,true,,,utility,curriculum_pass,3,75,184663168961,184663181676,8,0,GREEN,false,11,0,3,3,ASSASSIN:8;GOBLIN:6,GOBLIN:2;SPIDER:23
3874,0,0,true,,,curriculum_pass,utility,3,75,184663168961,184663181676,21,0,BLUE,false,0,24,3,3,ASSASSIN:8;GOBLIN:6,GOBLIN:2;SPIDER:23
3875,0,0,true,,,utility,curriculum_pass,3,75,184663176880,184663189533,8,0,GREEN,false,11,0,3,3,ARCHER:4;GOBLIN:1;SCORPION_RIDER:6,ASSASSIN:10;GOBLIN:1
3876,0,0,true,,,curriculum_pass,utility,3,75,184663176880,184663189533,17,0,,false,5,3,3,3,ARCHER:4;GOBLIN:1;SCORPION_RIDER:6,ASSASSIN:10;GOBLIN:1
3877,0,0,true,,,utility,curriculum_pass,3,75,184663184799,184663165746,20,0,GREEN,false,11,0,3,2,GARGOYLE:10;GOBLIN:1,MAGE:5;SCORPION_RIDER:5
3878,0,0,true,,,curriculum_pass,utility,3,75,184663184799,184663165746,19,0,BLUE,false,0,9,3,2,GARGOYLE:10;GOBLIN:1,MAGE:5;SCORPION_RIDER:5
3879,0,0,true,,,utility,curriculum_pass,3,75,123132531042,123132547023,10,0,,false,8,16,3,3,GOLEM:7;SPIDER:1,ASSASSIN:1;GOBLIN:12;SCORPION_RIDER:4
3880,0,0,true,,,curriculum_pass,utility,3,75,123132531042,123132547023,17,0,BLUE,false,0,8,3,3,GOLEM:7;SPIDER:1,ASSASSIN:1;GOBLIN:12;SCORPION_RIDER:4
3881,0,0,true,,,utility,curriculum_pass,3,75,123132538961,123132555004,12,0,GREEN,false,7,0,4,3,GOBLIN:16;SCORPION_RIDER:1;SPIDER:6,GOBLIN:2;MAGE:3;SCORPION_RIDER:6
3882,0,0,true,,,curriculum_pass,utility,3,75,123132538961,123132555004,9,0,BLUE,false,0,9,4,3,GOBLIN:16;SCORPION_RIDER:1;SPIDER:6,GOBLIN:2;MAGE:3;SCORPION_RIDER:6
3883,0,0,true,,,utility,curriculum_pass,3,75,123132546880,123132531181,6,0,GREEN,false,15,0,3,4,ASSASSIN:1;GOBLIN:8;MAGE:6,ARCHER:8;ASSASSIN:3;GOBLIN:1;SPIDER:1
3884,0,0,true,,,curriculum_pass,utility,3,75,123132546880,123132531181,7,0,BLUE,false,0,12,3,4,ASSASSIN:1;GOBLIN:8;MAGE:6,ARCHER:8;ASSASSIN:3;GOBLIN:1;SPIDER:1
3885,0,0,true,,,utility,curriculum_pass,3,75,123140450042,123140503639,10,0,,false,15,15,3,2,GOBLIN:1;GOLEM:4;SPIDER:10,GOLEM:4;SPIDER:11
3886,0,0,true,,,curriculum_pass,utility,3,75,123140450042,123140503639,17,0,BLUE,false,0,15,3,2,GOBLIN:1;GOLEM:4;SPIDER:10,GOLEM:4;SPIDER:11
3887,0,0,true,,,utility,curriculum_pass,3,75,123140457961,123140479812,20,0,GREEN,false,8,0,4,3,ARCHER:1;GOBLIN:1;GOLEM:1;MAGE:8,GARGOYLE:5;GOBLIN:11;MAGE:1
3888,0,0,true,,,curriculum_pass,utility,3,75,123140457961,123140479812,13,0,BLUE,false,0,16,4,3,ARCHER:1;GOBLIN:1;GOLEM:1;MAGE:8,GARGOYLE:5;GOBLIN:11;MAGE:1
3889,0,0,true,,,utility,curriculum_pass,3,75,123140465880,123140487797,28,0,GREEN,false,5,0,3,3,ASSASSIN:5;GARGOYLE:5;GOBLIN:1,ARCHER:5;GARGOYLE:6;SPIDER:1
3890,0,0,true,,,curriculum_pass,utility,3,75,123140465880,123140487797,15,0,BLUE,false,0,11,3,3,ASSASSIN:5;GARGOYLE:5;GOBLIN:1,ARCHER:5;GARGOYLE:6;SPIDER:1
3891,0,0,true,,,utility,curriculum_pass,3,75,123148369042,123148313151,22,0,,false,7,1,4,3,ARCHER:4;GARGOYLE:1;GOLEM:4;SPIDER:1,ARCHER:7;ASSASSIN:4;GOBLIN:1
3892,0,0,true,,,curriculum_pass,utility,3,75,123148369042,123148313151,11,0,,false,4,10,4,3,ARCHER:4;GARGOYLE:1;GOLEM:4;SPIDER:1,ARCHER:7;ASSASSIN:4;GOBLIN:1
3893,0,0,true,,,utility,curriculum_pass,3,75,123148376961,123148420396,10,0,GREEN,false,20,0,3,4,ARCHER:4;SPIDER:17,GOBLIN:1;MAGE:10
3894,0,0,true,,,curriculum_pass,utility,3,75,123148376961,123148420396,10,0,,false,20,11,3,4,ARCHER:4;SPIDER:17,GOBLIN:1;MAGE:10
3895,0,0,true,,,utility,curriculum_pass,3,75,123148384880,123148428509,14,0,,false,17,4,3,3,GARGOYLE:5;MAGE:1;SPIDER:11,ASSASSIN:4;GARGOYLE:1;GOLEM:4
3896,0,0,true,,,curriculum_pass,utility,3,75,123148384880,123148428509,17,0,,false,5,6,3,3,GARGOYLE:5;MAGE:1;SPIDER:11,ASSASSIN:4;GARGOYLE:1;GOLEM:4
3897,0,0,true,,,utility,curriculum_pass,3,75,84273998042,84274050679,24,0,GREEN,false,3,0,3,3,ASSASSIN:8;MAGE:2;SPIDER:1,ARCHER:4;SCORPION_RIDER:6;SPIDER:1
3898,0,0,true,,,curriculum_pass,utility,3,75,84273998042,84274050679,7,0,BLUE,false,0,11,3,3,ASSASSIN:8;MAGE:2;SPIDER:1,ARCHER:4;SCORPION_RIDER:6;SPIDER:1
3899,0,0,true,,,utility,curriculum_pass,3,75,84281917042,84281860319,12,0,GREEN,false,15,0,3,3,GOBLIN:1;SCORPION_RIDER:6;SPIDER:8,ARCHER:8;SPIDER:9
3900,0,0,true,,,curriculum_pass,utility,3,75,84281917042,84281860319,25,0,BLUE,false,0,14,3,3,GOBLIN:1;SCORPION_RIDER:6;SPIDER:8,ARCHER:8;SPIDER:9
3901,0,0,true,,,utility,curriculum_pass,3,75,84289836042,84289784487,24,0,,false,16,3,2,4,GOBLIN:12;SPIDER:13,ARCHER:4;GARGOYLE:1;GOLEM:4;SPIDER:1
3902,0,0,true,,,curriculum_pass,utility,3,75,84289836042,84289784487,10,0,,false,25,10,2,4,GOBLIN:12;SPIDER:13,ARCHER:4;GARGOYLE:1;GOLEM:4;SPIDER:1
3903,0,0,true,,,utility,curriculum_pass,3,75,84297755042,84297742095,10,0,GREEN,false,3,0,2,2,ARCHER:4;MAGE:7,ARCHER:3;MAGE:8
3904,0,0,true,,,curriculum_pass,utility,3,75,84297755042,84297742095,15,0,GREEN,false,1,0,2,2,ARCHER:4;MAGE:7,ARCHER:3;MAGE:8
3905,0,0,true,,,utility,curriculum_pass,3,75,84305674042,84305682839,16,0,,false,5,20,3,2,GOLEM:4;SPIDER:11,GOBLIN:11;SPIDER:14
3906,0,0,true,,,curriculum_pass,utility,3,75,84305674042,84305682839,10,0,,false,15,25,3,2,GOLEM:4;SPIDER:11,GOBLIN:11;SPIDER:14
3907,0,0,true,,,utility,curriculum_pass,3,75,84313593042,84313606783,6,0,GREEN,false,10,0,3,4,GOBLIN:1;SCORPION_RIDER:9,ARCHER:1;GOLEM:1;MAGE:8;SPIDER:1
3908,0,0,true,,,curriculum_pass,utility,3,75,84313593042,84313606783,21,0,BLUE,false,0,11,3,4,GOBLIN:1;SCORPION_RIDER:9,ARCHER:1;GOLEM:1;MAGE:8;SPIDER:1
3909,0,0,true,,,utility,curriculum_pass,3,75,123868998042,123868952375,30,0,GREEN,false,4,0,4,3,GOBLIN:12;MAGE:4;SCORPION_RIDER:1;SPIDER:1,GARGOYLE:3;SCORPION_RIDER:6;SPIDER:2
3910,0,0,true,,,curriculum_pass,utility,3,75,123868998042,123868952375,39,0,BLUE,false,0,11,4,3,GOBLIN:12;MAGE:4;SCORPION_RIDER:1;SPIDER:1,GARGOYLE:3;SCORPION_RIDER:6;SPIDER:2
3911,0,0,true,,,utility,curriculum_pass,3,75,123869005961,123869058596,26,0,GREEN,false,12,0,3,3,ARCHER:5;GARGOYLE:6;SPIDER:1,GOLEM:4;SCORPION_RIDER:1;SPIDER:9
3912,0,0,true,,,curriculum_pass,utility,3,75,123869005961,123869058596,25,0,BLUE,false,0,7,3,3,ARCHER:5;GARGOYLE:6;SPIDER:1,GOLEM:4;SCORPION_RIDER:1;SPIDER:9
3913,0,0,true,,,utility,curriculum_pass,3,75,123869013880,123869067733,14,0,,false,7,7,3,3,ASSASSIN:7;GOBLIN:1;MAGE:3,GARGOYLE:6;GOBLIN:11
3914,0,0,true,,,curriculum_pass,utility,3,75,123869013880,123869067733,15,0,,false,10,17,3,3,ASSASSIN:7;GOBLIN:1;MAGE:3,GARGOYLE:6;GOBLIN:11
3915,0,0,true,,,utility,curriculum_pass,3,75,123876917042,123876893087,14,0,,false,17,6,3,3,ARCHER:1;SCORPION_RIDER:3;SPIDER:15,ASSASSIN:8;GOBLIN:6
3916,0,0,true,,,curriculum_pass,utility,3,75,123876917042,123876893087,7,0,BLUE,false,0,9,3,3,ARCHER:1;SCORPION_RIDER:3;SPIDER:15,ASSASSIN:8;GOBLIN:6
3917,0,0,true,,,utility,curriculum_pass,3,75,123876924961,123876868236,8,0,GREEN,false,10,0,2,2,MAGE:5;SCORPION_RIDER:5,ASSASSIN:7;SPIDER:8
3918,0,0,true,,,curriculum_pass,utility,3,75,123876924961,123876868236,11,0,,false,5,15,2,2,MAGE:5;SCORPION_RIDER:5,ASSASSIN:7;SPIDER:8
3919,0,0,true,,,utility,curriculum_pass,3,75,123876932880,123876877245,20,0,GREEN,false,9,0,3,2,ARCHER:8;ASSASSIN:3;GOBLIN:2,GARGOYLE:6;SPIDER:11
3920,0,0,true,,,curriculum_pass,utility,3,75,123876932880,123876877245,10,0,,false,13,17,3,2,ARCHER:8;ASSASSIN:3;GOBLIN:2,GARGOYLE:6;SPIDER:11
3921,0,0,true,,,utility,curriculum_pass,3,75,123884836042,123884816999,32,0,GREEN,false,8,0,4,3,ARCHER:3;ASSASSIN:2;GOBLIN:1;GOLEM:4,GARGOYLE:1;GOBLIN:12;GOLEM:3
3922,0,0,true,,,curriculum_pass,utility,3,75,123884836042,123884816999,23,0,BLUE,false,0,14,4,3,ARCHER:3;ASSASSIN:2;GOBLIN:1;GOLEM:4,GARGOYLE:1;GOBLIN:12;GOLEM:3
3923,0,0,true,,,utility,curriculum_pass,3,75,123884843961,123884825876,6,0,GREEN,false,18,0,3,2,ASSASSIN:3;SPIDER:18,GOBLIN:6;MAGE:8
3924,0,0,true,,,curriculum_pass,utility,3,75,123884843961,123884825876,15,0,BLUE,false,0,8,3,2,ASSASSIN:3;SPIDER:18,GOBLIN:6;MAGE:8
3925,0,0,true,,,utility,curriculum_pass,3,75,123884851880,123884801029,14,0,,false,5,10,3,3,ARCHER:2;GARGOYLE:2;MAGE:7,ARCHER:11;GOBLIN:3
3926,0,0,true,,,curriculum_pass,utility,3,75,123884851880,123884801029,9,0,BLUE,false,0,12,3,3,ARCHER:2;GARGOYLE:2;MAGE:7,ARCHER:11;GOBLIN:3
3927,0,0,true,,,utility,curriculum_pass,3,75,123892755042,123892774095,16,0,GREEN,false,17,0,2,3,GARGOYLE:6;SPIDER:11,GOLEM:7;SPIDER:1
3928,0,0,true,,,curriculum_pass,utility,3,75,123892755042,123892774095,13,0,,false,6,8,2,3,GARGOYLE:6;SPIDER:11,GOLEM:7;SPIDER:1
3929,0,0,true,,,utility,curriculum_pass,3,75,123892762961,123892750332,18,0,GREEN,false,8,0,3,3,GOLEM:7;SPIDER:1,ARCHER:8;GOLEM:2;MAGE:1
3930,0,0,true,,,curriculum_pass,utility,3,75,123892762961,123892750332,17,0,BLUE,false,0,9,3,3,GOLEM:7;SPIDER:1,ARCHER:8;GOLEM:2;MAGE:1
3931,0,0,true,,,utility,curriculum_pass,3,75,123892770880,123892758253,8,0,GREEN,false,11,0,2,3,ARCHER:7;SCORPION_RIDER:4,ARCHER:4;SPIDER:17
3932,0,0,true,,,curriculum_pass,utility,3,75,123892770880,123892758253,15,0,BLUE,false,0,15,2,3,ARCHER:7;SCORPION_RIDER:4,ARCHER:4;SPIDER:17
3933,0,0,true,,,utility,curriculum_pass,3,75,123900674042,123900715351,14,0,GREEN,false,17,0,4,3,GOLEM:1;SCORPION_RIDER:2;SPIDER:16,GARGOYLE:4;SCORPION_RIDER:5;SPIDER:2
3934,0,0,true,,,curriculum_pass,utility,3,75,123900674042,123900715351,13,0,BLUE,false,0,11,4,3,GOLEM:1;SCORPION_RIDER:2;SPIDER:16,GARGOYLE:4;SCORPION_RIDER:5;SPIDER:2
3935,0,0,true,,,utility,curriculum_pass,3,75,123900681961,123900690500,10,0,,false,15,11,3,4,GOBLIN:11;GOLEM:4,ARCHER:1;GOBLIN:1;GOLEM:1;MAGE:8
3936,0,0,true,,,curriculum_pass,utility,3,75,123900681961,123900690500,25,0,BLUE,false,0,10,3,4,GOBLIN:11;GOLEM:4,ARCHER:1;GOBLIN:1;GOLEM:1;MAGE:8
3937,0,0,true,,,utility,curriculum_pass,3,75,123900689880,123900699509,12,0,GREEN,false,16,0,4,3,GARGOYLE:1;GOBLIN:12;SCORPION_RIDER:4,GOBLIN:10;MAGE:6;SPIDER:1
3938,0,0,true,,,curriculum_pass,utility,3,75,123900689880,123900699509,27,0,BLUE,false,0,17,4,3,GARGOYLE:1;GOBLIN:12;SCORPION_RIDER:4,GOBLIN:10;MAGE:6;SPIDER:1
3939,0,0,true,,,utility,curriculum_pass,3,75,123908593042,123908639551,14,0,GREEN,false,10,0,3,2,GARGOYLE:2;GOLEM:1;MAGE:7,ARCHER:4;ASSASSIN:7
3940,0,0,true,,,curriculum_pass,utility,3,75,123908593042,123908639551,7,0,BLUE,false,0,10,3,2,GARGOYLE:2;GOLEM:1;MAGE:7,ARCHER:4;ASSASSIN:7
3941,0,0,true,,,utility,curriculum_pass,3,75,123908600961,123908647468,8,0,GREEN,false,5,0,3,2,ASSASSIN:8;GOBLIN:1;MAGE:2,ASSASSIN:8;SPIDER:6
3942,0,0,true,,,curriculum_pass,utility,3,75,123908600961,123908647468,7,0,BLUE,false,0,11,3,2,ASSASSIN:8;GOBLIN:1;MAGE:2,ASSASSIN:8;SPIDER:6
3943,0,0,true,,,utility,curriculum_pass,3,75,123908608880,123908623837,10,0,,false,17,8,3,3,ARCHER:8;GOBLIN:9,GOLEM:7;SPIDER:1
3944,0,0,true,,,curriculum_pass,utility,3,75,123908608880,123908623837,25,0,BLUE,false,0,7,3,3,ARCHER:8;GOBLIN:9,GOLEM:7;SPIDER:1
3945,0,0,true,,,utility,curriculum_pass,3,75,123916512042,123916465543,16,0,GREEN,false,6,0,3,3,ARCHER:5;ASSASSIN:6;GOBLIN:1,SCORPION_RIDER:9;SPIDER:1
3946,0,0,true,,,curriculum_pass,utility,3,75,123916512042,123916465543,9,0,BLUE,false,0,10,3,3,ARCHER:5;ASSASSIN:6;GOBLIN:1,SCORPION_RIDER:9;SPIDER:1
3947,0,0,true,,,utility,curriculum_pass,3,75,123916519961,123916571828,10,0,,false,19,11,4,3,ARCHER:6;GOBLIN:12;SPIDER:1,MAGE:3;SCORPION_RIDER:6;SPIDER:2
3948,0,0,true,,,curriculum_pass,utility,3,75,123916519961,123916571828,10,0,,false,19,11,4,3,ARCHER:6;GOBLIN:12;SPIDER:1,MAGE:3;SCORPION_RIDER:6;SPIDER:2
3949,0,0,true,,,utility,curriculum_pass,3,75,123916527880,123916580773,16,0,,false,10,4,3,3,GOBLIN:11;SCORPION_RIDER:5,GOBLIN:11;GOLEM:4
3950,0,0,true,,,curriculum_pass,utility,3,75,123916527880,123916580773,21,0,BLUE,false,0,5,3,3,GOBLIN:11;SCORPION_RIDER:5,GOBLIN:11;GOLEM:4
3951,0,0,true,,,utility,curriculum_pass,3,75,123924431042,123924389487,18,0,GREEN,false,17,0,4,2,ARCHER:1;GARGOYLE:5;GOBLIN:11,ARCHER:4;ASSASSIN:7
3952,0,0,true,,,curriculum_pass,utility,3,75,123924431042,123924389487,21,0,BLUE,false,0,4,4,2,ARCHER:1;GARGOYLE:5;GOBLIN:11,ARCHER:4;ASSASSIN:7
3953,0,0,true,,,utility,curriculum_pass,3,75,123924438961,123924381980,10,0,,false,18,11,3,2,GARGOYLE:5;GOBLIN:11;SPIDER:2,ARCHER:4;ASSASSIN:7
3954,0,0,true,,,curriculum_pass,utility,3,75,123924438961,123924381980,23,0,BLUE,false,0,5,3,2,GARGOYLE:5;GOBLIN:11;SPIDER:2,ARCHER:4;ASSASSIN:7
3955,0,0,true,,,utility,curriculum_pass,3,75,123924446880,123924389901,16,0,GREEN,false,10,0,3,3,ARCHER:5;GOLEM:4;SPIDER:1,GOBLIN:1;SCORPION_RIDER:9
3956,0,0,true,,,curriculum_pass,utility,3,75,123924446880,123924389901,11,0,BLUE,false,0,9,3,3,ARCHER:5;GOLEM:4;SPIDER:1,GOBLIN:1;SCORPION_RIDER:9
3957,0,0,true,,,utility,curriculum_pass,3,75,123932350042,123932330231,8,0,GREEN,false,11,0,3,3,GOBLIN:11;GOLEM:4,ASSASSIN:1;MAGE:4;SCORPION_RIDER:5
3958,0,0,true,,,curriculum_pass,utility,3,75,123932350042,123932330231,21,0,BLUE,false,0,5,3,3,GOBLIN:11;GOLEM:4,ASSASSIN:1;MAGE:4;SCORPION_RIDER:5
3959,0,0,true,,,utility,curriculum_pass,3,75,123932357961,123932339172,20,0,GREEN,false,4,0,3,4,GOBLIN:11;GOLEM:4,GARGOYLE:6;GOBLIN:11
3960,0,0,true,,,curriculum_pass,utility,3,75,123932357961,123932339172,19,0,BLUE,false,0,9,3,4,GOBLIN:11;GOLEM:4,GARGOYLE:6;GOBLIN:11
3961,0,0,true,,,utility,curriculum_pass,3,75,123932365880,123932314261,28,0,GREEN,false,9,0,3,4,ARCHER:4;GOLEM:5,GOBLIN:1;SCORPION_RIDER:9
3962,0,0,true,,,curriculum_pass,utility,3,75,123932365880,123932314261,15,0,BLUE,false,0,7,3,4,ARCHER:4;GOLEM:5,GOBLIN:1;SCORPION_RIDER:9
3963,0,0,true,,,utility,curriculum_pass,3,75,185470899042,185470913999,18,0,GREEN,false,10,0,3,3,GARGOYLE:3;GOBLIN:1;MAGE:7,ARCHER:1;ASSASSIN:4;GOLEM:4
3964,0,0,true,,,curriculum_pass,utility,3,75,185470899042,185470913999,11,0,BLUE,false,0,7,3,3,GARGOYLE:3;GOBLIN:1;MAGE:7,ARCHER:1;ASSASSIN:4;GOLEM:4
3965,0,0,true,,,utility,curriculum_pass,3,75,185470906961,185470921980,16,0,GREEN,false,4,0,3,2,ASSASSIN:8;GARGOYLE:2;SPIDER:1,GOBLIN:11;MAGE:6
3966,0,0,true,,,curriculum_pass,utility,3,75,185470906961,185470921980,11,0,BLUE,false,0,15,3,2,ASSASSIN:8;GARGOYLE:2;SPIDER:1,GOBLIN:11;MAGE:6
3967,0,0,true,,,utility,curriculum_pass,3,75,185470914880,185470898157,12,0,GREEN,false,9,0,3,3,ARCHER:7;GOBLIN:1;GOLEM:3,ASSASSIN:5;GOBLIN:12;SPIDER:1
3968,0,0,true,,,curriculum_pass,utility,3,75,185470914880,185470898157,11,0,BLUE,false,0,15,3,3,ARCHER:7;GOBLIN:1;GOLEM:3,ASSASSIN:5;GOBLIN:12;SPIDER:1
3969,0,0,true,,,utility,curriculum_pass,3,75,185470922799,185470905986,18,0,,false,5,5,3,3,ASSASSIN:7;SCORPION_RIDER:2;SPIDER:3,ASSASSIN:5;GARGOYLE:5;SPIDER:1
3970,0,0,true,,,curriculum_pass,utility,3,75,185470922799,185470905986,11,0,,false,7,8,3,3,ASSASSIN:7;SCORPION_RIDER:2;SPIDER:3,ASSASSIN:5;GARGOYLE:5;SPIDER:1
3971,0,0,true,,,utility,curriculum_pass,3,75,123940269042,123940287839,16,0,GREEN,false,7,0,3,3,ASSASSIN:4;GARGOYLE:6;SPIDER:1,GOBLIN:13;MAGE:5
3972,0,0,true,,,curriculum_pass,utility,3,75,123940269042,123940287839,17,0,BLUE,false,0,17,3,3,ASSASSIN:4;GARGOYLE:6;SPIDER:1,GOBLIN:13;MAGE:5
3973,0,0,true,,,utility,curriculum_pass,3,75,123940276961,123940262988,16,0,GREEN,false,15,0,3,3,ASSASSIN:4;GOBLIN:1;SPIDER:14,ARCHER:6;GARGOYLE:4;GOBLIN:3
3974,0,0,true,,,curriculum_pass,utility,3,75,123940276961,123940262988,9,0,BLUE,false,0,11,3,3,ASSASSIN:4;GOBLIN:1;SPIDER:14,ARCHER:6;GARGOYLE:4;GOBLIN:3
3975,0,0,true,,,utility,curriculum_pass,3,75,123940284880,123940271997,18,0,GREEN,false,4,0,2,3,ARCHER:4;MAGE:7,ARCHER:6;ASSASSIN:1;GOLEM:3
3976,0,0,true,,,curriculum_pass,utility,3,75,123940284880,123940271997,11,0,BLUE,false,0,7,2,3,ARCHER:4;MAGE:7,ARCHER:6;ASSASSIN:1;GOLEM:3
3977,0,0,true,,,utility,curriculum_pass,3,75,185478818042,185478870615,10,0,,false,11,4,3,3,ASSASSIN:8;MAGE:2;SPIDER:1,GOLEM:4;MAGE:1;SPIDER:9
3978,0,0,true,,,curriculum_pass,utility,3,75,185478818042,185478870615,13,0,BLUE,false,0,14,3,3,ASSASSIN:8;MAGE:2;SPIDER:1,GOLEM:4;MAGE:1;SPIDER:9
3979,0,0,true,,,utility,curriculum_pass,3,75,185478825961,185478846788,24,0,GREEN,false,11,0,3,2,GARGOYLE:10;GOBLIN:1,MAGE:5;SPIDER:13
3980,0,0,true,,,curriculum_pass,utility,3,75,185478825961,185478846788,45,0,,false,5,18,3,2,GARGOYLE:10;GOBLIN:1,MAGE:5;SPIDER:13
3981,0,0,true,,,utility,curriculum_pass,3,75,185478833880,185478854773,10,0,,false,20,11,3,3,SCORPION_RIDER:3;SPIDER:17,ASSASSIN:10;SPIDER:1
3982,0,0,true,,,curriculum_pass,utility,3,75,185478833880,185478854773,15,0,BLUE,false,0,6,3,3,SCORPION_RIDER:3;SPIDER:17,ASSASSIN:10;SPIDER:1
3983,0,0,true,,,utility,curriculum_pass,3,75,185478841799,185478830954,8,0,GREEN,false,8,0,3,3,GOBLIN:1;GOLEM:4;SCORPION_RIDER:4,ASSASSIN:10;SPIDER:1
3984,0,0,true,,,curriculum_pass,utility,3,75,185478841799,185478830954,57,0,BLUE,false,0,2,3,3,GOBLIN:1;GOLEM:4;SCORPION_RIDER:4,ASSASSIN:10;SPIDER:1
3985,0,0,true,,,utility,curriculum_pass,3,75,85065898042,85065877143,10,0,,false,15,25,3,2,GOBLIN:1;GOLEM:4;SPIDER:10,SPIDER:25
3986,0,0,true,,,curriculum_pass,utility,3,75,85065898042,85065877143,10,0,,false,15,25,3,2,GOBLIN:1;GOLEM:4;SPIDER:10,SPIDER:25
3987,0,0,true,,,utility,curriculum_pass,3,75,85073817042,85073834879,18,0,GREEN,false,11,0,3,3,ARCHER:7;GARGOYLE:1;GOBLIN:8,GOLEM:7;SPIDER:1
3988,0,0,true,,,curriculum_pass,utility,3,75,85073817042,85073834879,17,0,BLUE,false,0,8,3,3,ARCHER:7;GARGOYLE:1;GOBLIN:8,GOLEM:7;SPIDER:1
3989,0,0,true,,,utility,curriculum_pass,3,75,85081736042,85081759175,38,0,GREEN,false,12,0,4,3,ARCHER:6;GARGOYLE:5;SPIDER:1,ASSASSIN:8;GOBLIN:3;GOLEM:1
3990,0,0,true,,,curriculum_pass,utility,3,75,85081736042,85081759175,27,0,,false,4,6,4,3,ARCHER:6;GARGOYLE:5;SPIDER:1,ASSASSIN:8;GOBLIN:3;GOLEM:1
3991,0,0,true,,,utility,curriculum_pass,3,75,85089655042,85089699759,10,0,,false,19,10,3,2,ARCHER:1;SCORPION_RIDER:3;SPIDER:15,GARGOYLE:5;SCORPION_RIDER:5
3992,0,0,true,,,curriculum_pass,utility,3,75,85089655042,85089699759,10,0,,false,19,10,3,2,ARCHER:1;SCORPION_RIDER:3;SPIDER:15,GARGOYLE:5;SCORPION_RIDER:5
3993,0,0,true,,,utility,curriculum_pass,3,75,85097574042,85097525303,10,0,,false,25,10,2,3,GOBLIN:11;SPIDER:14,GARGOYLE:3;MAGE:2;SCORPION_RIDER:5
3994,0,0,true,,,curriculum_pass,utility,3,75,85097574042,85097525303,13,0,BLUE,false,0,7,2,3,GOBLIN:11;SPIDER:14,GARGOYLE:3;MAGE:2;SCORPION_RIDER:5
3995,0,0,true,,,utility,curriculum_pass,3,75,85105493042,85105449631,12,0,GREEN,false,11,0,4,3,ARCHER:1;GOBLIN:1;GOLEM:1;MAGE:8,ASSASSIN:10;GOBLIN:1
3996,0,0,true,,,curriculum_pass,utility,3,75,85105493042,85105449631,11,0,BLUE,false,0,11,4,3,ARCHER:1;GOBLIN:1;GOLEM:1;MAGE:8,ASSASSIN:10;GOBLIN:1
3997,0,0,true,,,utility,curriculum_pass,3,75,124660898042,124660909655,34,0,GREEN,false,7,0,3,2,ASSASSIN:2;GOBLIN:1;MAGE:8,GARGOYLE:5;GOLEM:4
3998,0,0,true,,,curriculum_pass,utility,3,75,124660898042,124660909655,9,0,BLUE,false,0,9,3,2,ASSASSIN:2;GOBLIN:1;MAGE:8,GARGOYLE:5;GOLEM:4
3999,0,0,true,,,utility,curriculum_pass,3,75,124660905961,124660918596,8,0,GREEN,false,19,0,2,3,ARCHER:6;SPIDER:13,ASSASSIN:7;MAGE:3;SPIDER:1
4000,0,0,true,,,curriculum_pass,utility,3,75,124660905961,124660918596,11,0,BLUE,false,0,7,2,3,ARCHER:6;SPIDER:13,ASSASSIN:7;MAGE:3;SPIDER:1
4001,0,0,true,,,utility,curriculum_pass,3,75,124660913880,124660893813,34,0,,false,1,9,3,3,GOBLIN:1;GOLEM:4;SCORPION_RIDER:4,GARGOYLE:5;GOBLIN:13
4002,0,0,true,,,curriculum_pass,utility,3,75,124660913880,124660893813,13,0,BLUE,false,0,12,3,3,GOBLIN:1;GOLEM:4;SCORPION_RIDER:4,GARGOYLE:5;GOBLIN:13
4003,0,0,true,,,utility,curriculum_pass,3,75,124668817042,124668866623,18,0,,false,7,6,3,3,ASSASSIN:4;GARGOYLE:6;SPIDER:1,ASSASSIN:4;GARGOYLE:6;SPIDER:1
4004,0,0,true,,,curriculum_pass,utility,3,75,124668817042,124668866623,25,0,BLUE,false,0,8,3,3,ASSASSIN:4;GARGOYLE:6;SPIDER:1,ASSASSIN:4;GARGOYLE:6;SPIDER:1
4005,0,0,true,,,utility,curriculum_pass,3,75,124668824961,124668842796,10,0,,false,14,4,3,3,ASSASSIN:7;GOBLIN:8,GOBLIN:1;SCORPION_RIDER:4;SPIDER:13
4006,0,0,true,,,curriculum_pass,utility,3,75,124668824961,124668842796,11,0,BLUE,false,0,17,3,3,ASSASSIN:7;GOBLIN:8,GOBLIN:1;SCORPION_RIDER:4;SPIDER:13
4007,0,0,true,,,utility,curriculum_pass,3,75,124668832880,124668850909,12,0,GREEN,false,4,0,3,2,ASSASSIN:6;GOBLIN:10;SPIDER:1,ARCHER:7;SCORPION_RIDER:4
4008,0,0,true,,,curriculum_pass,utility,3,75,124668832880,124668850909,13,0,BLUE,false,0,11,3,2,ASSASSIN:6;GOBLIN:10;SPIDER:1,ARCHER:7;SCORPION_RIDER:4
4009,0,0,true,,,utility,curriculum_pass,3,75,124676736042,124676790919,22,0,GREEN,false,10,0,3,3,ARCHER:1;GARGOYLE:5;SCORPION_RIDER:4,GOBLIN:15;MAGE:4
4010,0,0,true,,,curriculum_pass,utility,3,75,124676736042,124676790919,15,0,BLUE,false,0,13,3,3,ARCHER:1;GARGOYLE:5;SCORPION_RIDER:4,GOBLIN:15;MAGE:4
4011,0,0,true,,,utility,curriculum_pass,3,75,124676743961,124676799924,12,0,GREEN,false,5,0,2,3,ASSASSIN:5;SCORPION_RIDER:5,GOBLIN:1;SPIDER:24
4012,0,0,true,,,curriculum_pass,utility,3,75,124676743961,124676799924,17,0,BLUE,false,0,25,2,3,ASSASSIN:5;SCORPION_RIDER:5,GOBLIN:1;SPIDER:24
4013,0,0,true,,,utility,curriculum_pass,3,75,124676751880,124676775077,10,0,GREEN,false,8,0,3,3,ASSASSIN:4;GARGOYLE:6;GOBLIN:1,ASSASSIN:10;GOBLIN:1
4014,0,0,true,,,curriculum_pass,utility,3,75,124676751880,124676775077,11,0,,false,10,7,3,3,ASSASSIN:4;GARGOYLE:6;GOBLIN:1,ASSASSIN:10;GOBLIN:1
4015,0,0,true,,,utility,curriculum_pass,3,75,124684655042,124684601199,8,0,GREEN,false,9,0,3,4,MAGE:8;SCORPION_RIDER:2;SPIDER:1,ARCHER:1;GOBLIN:4;MAGE:7;SCORPION_RIDER:1
4016,0,0,true,,,curriculum_pass,utility,3,75,124684655042,124684601199,13,0,BLUE,false,0,9,3,4,MAGE:8;SCORPION_RIDER:2;SPIDER:1,ARCHER:1;GOBLIN:4;MAGE:7;SCORPION_RIDER:1
4017,0,0,true,,,utility,curriculum_pass,3,75,124684662961,124684609052,8,0,GREEN,false,9,0,3,3,GOLEM:3;SCORPION_RIDER:5;SPIDER:1,ARCHER:7;ASSASSIN:4;GOBLIN:1
4018,0,0,true,,,curriculum_pass,utility,3,75,124684662961,124684609052,19,0,BLUE,false,0,8,3,3,GOLEM:3;SCORPION_RIDER:5;SPIDER:1,ARCHER:7;ASSASSIN:4;GOBLIN:1
4019,0,0,true,,,utility,curriculum_pass,3,75,124684670880,124684716301,14,0,GREEN,false,11,0,3,3,GOBLIN:1;MAGE:10,ASSASSIN:7;GOBLIN:2;GOLEM:2
4020,0,0,true,,,curriculum_pass,utility,3,75,124684670880,124684716301,9,0,BLUE,false,0,11,3,3,GOBLIN:1;MAGE:10,ASSASSIN:7;GOBLIN:2;GOLEM:2
4021,0,0,true,,,utility,curriculum_pass,3,75,186223204042,186223183975,8,0,GREEN,false,9,0,3,3,SCORPION_RIDER:9;SPIDER:1,ARCHER:5;GARGOYLE:5;SPIDER:3
4022,0,0,true,,,curriculum_pass,utility,3,75,186223204042,186223183975,17,0,BLUE,false,0,13,3,3,SCORPION_RIDER:9;SPIDER:1,ARCHER:5;GARGOYLE:5;SPIDER:3
4023,0,0,true,,,utility,curriculum_pass,3,75,186223211961,186223192852,10,0,,false,10,11,3,2,ARCHER:1;GOLEM:2;MAGE:7,ARCHER:3;MAGE:8
4024,0,0,true,,,curriculum_pass,utility,3,75,186223211961,186223192852,23,0,BLUE,false,0,8,3,2,ARCHER:1;GOLEM:2;MAGE:7,ARCHER:3;MAGE:8
4025,0,0,true,,,utility,curriculum_pass,3,75,186223219880,186223168005,10,0,GREEN,false,12,0,3,3,ARCHER:8;GOBLIN:8;SPIDER:1,ASSASSIN:6;GOBLIN:10;SPIDER:1
4026,0,0,true,,,curriculum_pass,utility,3,75,186223219880,186223168005,11,0,BLUE,false,0,13,3,3,ARCHER:8;GOBLIN:8;SPIDER:1,ASSASSIN:6;GOBLIN:10;SPIDER:1
4027,0,0,true,,,utility,curriculum_pass,3,75,186223227799,186223177018,18,0,GREEN,false,17,0,2,3,GARGOYLE:6;GOBLIN:11,ARCHER:8;GOBLIN:1;SCORPION_RIDER:3
4028,0,0,true,,,curriculum_pass,utility,3,75,186223227799,186223177018,10,0,,false,17,12,2,3,GARGOYLE:6;GOBLIN:11,ARCHER:8;GOBLIN:1;SCORPION_RIDER:3
4029,0,0,true,,,utility,curriculum_pass,3,75,124692574042,124692558327,10,0,,false,17,19,3,4,GARGOYLE:6;GOBLIN:11,ARCHER:4;MAGE:1;SPIDER:14
4030,0,0,true,,,curriculum_pass,utility,3,75,124692574042,124692558327,41,0,,false,5,18,3,4,GARGOYLE:6;GOBLIN:11,ARCHER:4;MAGE:1;SPIDER:14
4031,0,0,true,,,utility,curriculum_pass,3,75,124692581961,124692533476,10,0,,false,13,18,3,2,ARCHER:7;SPIDER:11,ARCHER:5;SPIDER:15
4032,0,0,true,,,curriculum_pass,utility,3,75,124692581961,124692533476,13,0,BLUE,false,0,15,3,2,ARCHER:7;SPIDER:11,ARCHER:5;SPIDER:15
4033,0,0,true,,,utility,curriculum_pass,3,75,124692589880,124692542357,10,0,GREEN,false,9,0,3,3,GARGOYLE:1;GOLEM:2;SCORPION_RIDER:6,ARCHER:8;GOBLIN:2;MAGE:3
4034,0,0,true,,,curriculum_pass,utility,3,75,124692589880,124692542357,19,0,,false,9,12,3,3,GARGOYLE:1;GOLEM:2;SCORPION_RIDER:6,ARCHER:8;GOBLIN:2;MAGE:3
4035,0,0,true,,,utility,curriculum_pass,3,75,124700493042,124700482143,22,0,GREEN,false,5,0,4,3,GARGOYLE:2;MAGE:7;SCORPION_RIDER:1;SPIDER:1,ARCHER:8;GOBLIN:9
4036,0,0,true,,,curriculum_pass,utility,3,75,124700493042,124700482143,9,0,BLUE,false,0,16,4,3,GARGOYLE:2;MAGE:7;SCORPION_RIDER:1;SPIDER:1,ARCHER:8;GOBLIN:9
4037,0,0,true,,,utility,curriculum_pass,3,75,124700500961,124700491084,24,0,GREEN,false,8,0,2,2,MAGE:7;SCORPION_RIDER:3,GOLEM:4;SPIDER:11
4038,0,0,true,,,curriculum_pass,utility,3,75,124700500961,124700491084,19,0,BLUE,false,0,15,2,2,MAGE:7;SCORPION_RIDER:3,GOLEM:4;SPIDER:11
4039,0,0,true,,,utility,curriculum_pass,3,75,124700508880,124700466301,12,0,GREEN,false,15,0,4,2,ASSASSIN:1;GOBLIN:12;MAGE:4;SPIDER:1,ASSASSIN:7;GOBLIN:8
4040,0,0,true,,,curriculum_pass,utility,3,75,124700508880,124700466301,15,0,,false,12,15,4,2,ASSASSIN:1;GOBLIN:12;MAGE:4;SPIDER:1,ASSASSIN:7;GOBLIN:8
4041,0,0,true,,,utility,curriculum_pass,3,75,124708412042,124708422695,8,0,GREEN,false,11,0,3,3,ARCHER:1;GOBLIN:7;SCORPION_RIDER:6,ASSASSIN:8;GOBLIN:3;GOLEM:1
4042,0,0,true,,,curriculum_pass,utility,3,75,124708412042,124708422695,11,0,,false,6,9,3,3,ARCHER:1;GOBLIN:7;SCORPION_RIDER:6,ASSASSIN:8;GOBLIN:3;GOLEM:1
4043,0,0,true,,,utility,curriculum_pass,3,75,124708419961,124708431828,16,0,GREEN,false,11,0,3,3,ARCHER:7;GOLEM:3;SPIDER:1,ARCHER:4;GARGOYLE:6;GOBLIN:3
4044,0,0,true,,,curriculum_pass,utility,3,75,124708419961,124708431828,25,0,BLUE,false,0,10,3,3,ARCHER:7;GOLEM:3;SPIDER:1,ARCHER:4;GARGOYLE:6;GOBLIN:3
4045,0,0,true,,,utility,curriculum_pass,3,75,124708427880,124708406981,14,0,GREEN,false,9,0,3,3,ASSASSIN:1;GARGOYLE:4;GOLEM:4,GOBLIN:1;MAGE:4;SPIDER:14
4046,0,0,true,,,curriculum_pass,utility,3,75,124708427880,124708406981,25,0,BLUE,false,0,16,3,3,ASSASSIN:1;GARGOYLE:4;GOLEM:4,GOBLIN:1;MAGE:4;SPIDER:14
4047,0,0,true,,,utility,curriculum_pass,3,75,124716331042,124716379791,16,0,GREEN,false,14,0,2,3,GOBLIN:9;SCORPION_RIDER:6,ARCHER:7;GOLEM:3;SPIDER:1
4048,0,0,true,,,curriculum_pass,utility,3,75,124716331042,124716379791,10,0,,false,15,11,2,3,GOBLIN:9;SCORPION_RIDER:6,ARCHER:7;GOLEM:3;SPIDER:1
4049,0,0,true,,,utility,curriculum_pass,3,75,124716338961,124716356028,42,0,GREEN,false,11,0,3,3,ARCHER:8;SCORPION_RIDER:3;SPIDER:1,ASSASSIN:10;GOBLIN:1
4050,0,0,true,,,curriculum_pass,utility,3,75,124716338961,124716356028,11,0,BLUE,false,0,3,3,3,ARCHER:8;SCORPION_RIDER:3;SPIDER:1,ASSASSIN:10;GOBLIN:1
4051,0,0,true,,,utility,curriculum_pass,3,75,124716346880,124716363949,14,0,,false,12,6,3,3,ASSASSIN:7;GOBLIN:3;SCORPION_RIDER:2,GOBLIN:2;GOLEM:2;SCORPION_RIDER:6
4052,0,0,true,,,curriculum_pass,utility,3,75,124716346880,124716363949,13,0,BLUE,false,0,10,3,3,ASSASSIN:7;GOBLIN:3;SCORPION_RIDER:2,GOBLIN:2;GOLEM:2;SCORPION_RIDER:6
4053,0,0,true,,,utility,curriculum_pass,3,75,124724250042,124724304663,8,0,GREEN,false,10,0,2,2,GARGOYLE:6;SCORPION_RIDER:4,ARCHER:4;ASSASSIN:7
4054,0,0,true,,,curriculum_pass,utility,3,75,124724250042,124724304663,21,0,BLUE,false,0,4,2,2,GARGOYLE:6;SCORPION_RIDER:4,ARCHER:4;ASSASSIN:7
4055,0,0,true,,,utility,curriculum_pass,3,75,124724257961,124724312580,12,0,GREEN,false,3,0,3,3,ASSASSIN:10;SPIDER:1,GOBLIN:1;GOLEM:3;SPIDER:14
4056,0,0,true,,,curriculum_pass,utility,3,75,124724257961,124724312580,11,0,BLUE,false,0,16,3,3,ASSASSIN:10;SPIDER:1,GOBLIN:1;GOLEM:3;SPIDER:14
4057,0,0,true,,,utility,curriculum_pass,3,75,124724265880,124724288821,10,0,GREEN,false,11,0,3,4,ARCHER:6;GARGOYLE:5;GOBLIN:1,MAGE:10;SPIDER:1
4058,0,0,true,,,curriculum_pass,utility,3,75,124724265880,124724288821,21,0,,false,5,4,3,4,ARCHER:6;GARGOYLE:5;GOBLIN:1,MAGE:10;SPIDER:1
4059,0,0,true,,,utility,curriculum_pass,3,75,124732169042,124732114431,16,0,GREEN,false,16,0,3,3,ARCHER:1;GARGOYLE:6;SPIDER:9,ARCHER:4;SCORPION_RIDER:6;SPIDER:1
4060,0,0,true,,,curriculum_pass,utility,3,75,124732169042,124732114431,11,0,BLUE,false,0,11,3,3,ARCHER:1;GARGOYLE:6;SPIDER:9,ARCHER:4;SCORPION_RIDER:6;SPIDER:1
4061,0,0,true,,,utility,curriculum_pass,3,75,124732176961,124732122348,10,0,GREEN,false,21,0,3,3,GARGOYLE:3;GOBLIN:2;SPIDER:16,ARCHER:1;ASSASSIN:3;SCORPION_RIDER:6
4062,0,0,true,,,curriculum_pass,utility,3,75,124732176961,124732122348,11,0,BLUE,false,0,8,3,3,GARGOYLE:3;GOBLIN:2;SPIDER:16,ARCHER:1;ASSASSIN:3;SCORPION_RIDER:6
4063,0,0,true,,,utility,curriculum_pass,3,75,124732184880,124732229533,30,0,GREEN,false,11,0,4,3,GARGOYLE:6;MAGE:4;SPIDER:1,GOBLIN:1;SPIDER:24
4064,0,0,true,,,curriculum_pass,utility,3,75,124732184880,124732229533,25,0,BLUE,false,0,9,4,3,GARGOYLE:6;MAGE:4;SPIDER:1,GOBLIN:1;SPIDER:24
4065,0,0,true,,,utility,curriculum_pass,3,75,186270718042,186270697207,20,0,,false,7,5,2,3,ARCHER:7;SCORPION_RIDER:4,ASSASSIN:4;GARGOYLE:6;SPIDER:1
4066,0,0,true,,,curriculum_pass,utility,3,75,186270718042,186270697207,11,0,,false,9,7,2,3,ARCHER:7;SCORPION_RIDER:4,ASSASSIN:4;GARGOYLE:6;SPIDER:1
4067,0,0,true,,,utility,curriculum_pass,3,75,186270725961,186270706148,10,0,,false,10,11,3,3,GARGOYLE:3;GOBLIN:1;MAGE:7,GOBLIN:1;MAGE:8;SCORPION_RIDER:2
4068,0,0,true,,,curriculum_pass,utility,3,75,186270725961,186270706148,29,0,,false,4,3,3,3,GARGOYLE:3;GOBLIN:1;MAGE:7,GOBLIN:1;MAGE:8;SCORPION_RIDER:2
4069,0,0,true,,,utility,curriculum_pass,3,75,186270733880,186270681237,18,0,GREEN,false,10,0,3,2,ARCHER:1;GOLEM:2;MAGE:7,ASSASSIN:8;GOBLIN:6
4070,0,0,true,,,curriculum_pass,utility,3,75,186270733880,186270681237,11,0,BLUE,false,0,13,3,2,ARCHER:1;GOLEM:2;MAGE:7,ASSASSIN:8;GOBLIN:6
4071,0,0,true,,,utility,curriculum_pass,3,75,186270741799,186270690186,16,0,GREEN,false,10,0,3,3,ARCHER:1;GOLEM:2;MAGE:7,ASSASSIN:4;GARGOYLE:6;GOBLIN:1
4072,0,0,true,,,curriculum_pass,utility,3,75,186270741799,186270690186,21,0,,false,2,8,3,3,ARCHER:1;GOLEM:2;MAGE:7,ASSASSIN:4;GARGOYLE:6;GOBLIN:1
4073,0,0,true,,,utility,curriculum_pass,3,75,85857798042,85857851703,14,0,GREEN,false,18,0,2,3,GARGOYLE:5;SPIDER:13,ASSASSIN:5;GOBLIN:13
4074,0,0,true,,,curriculum_pass,utility,3,75,85857798042,85857851703,9,0,BLUE,false,0,16,2,3,GARGOYLE:5;SPIDER:13,ASSASSIN:5;GOBLIN:13
4075,0,0,true,,,utility,curriculum_pass,3,75,85865717042,85865661343,12,0,GREEN,false,8,0,3,4,GARGOYLE:1;MAGE:4;SCORPION_RIDER:5,ASSASSIN:3;GOBLIN:2;GOLEM:4;SCORPION_RIDER:1
4076,0,0,true,,,curriculum_pass,utility,3,75,85865717042,85865661343,13,0,BLUE,false,0,5,3,4,GARGOYLE:1;MAGE:4;SCORPION_RIDER:5,ASSASSIN:3;GOBLIN:2;GOLEM:4;SCORPION_RIDER:1
4077,0,0,true,,,utility,curriculum_pass,3,75,85873636042,85873618023,24,0,,false,9,8,4,4,GARGOYLE:5;GOBLIN:1;MAGE:4;SCORPION_RIDER:1,ARCHER:1;GOLEM:1;MAGE:8;SPIDER:1
4078,0,0,true,,,curriculum_pass,utility,3,75,85873636042,85873618023,33,0,,false,6,11,4,4,GARGOYLE:5;GOBLIN:1;MAGE:4;SCORPION_RIDER:1,ARCHER:1;GOLEM:1;MAGE:8;SPIDER:1
4079,0,0,true,,,utility,curriculum_pass,3,75,85881555042,85881542351,12,0,GREEN,false,11,0,3,3,ARCHER:7;GOBLIN:1;MAGE:4,SCORPION_RIDER:3;SPIDER:17
4080,0,0,true,,,curriculum_pass,utility,3,75,85881555042,85881542351,11,0,BLUE,false,0,18,3,3,ARCHER:7;GOBLIN:1;MAGE:4,SCORPION_RIDER:3;SPIDER:17
4081,0,0,true,,,utility,curriculum_pass,3,75,85889474042,85889483607,10,0,GREEN,false,25,0,3,3,SPIDER:25,ARCHER:1;ASSASSIN:3;SCORPION_RIDER:6
4082,0,0,true,,,curriculum_pass,utility,3,75,85889474042,85889483607,11,0,BLUE,false,0,8,3,3,SPIDER:25,ARCHER:1;ASSASSIN:3;SCORPION_RIDER:6
4083,0,0,true,,,utility,curriculum_pass,3,75,85897393042,85897440575,18,0,GREEN,false,11,0,3,3,GARGOYLE:2;GOBLIN:1;MAGE:8,ASSASSIN:10;GOBLIN:1
4084,0,0,true,,,curriculum_pass,utility,3,75,85897393042,85897440575,11,0,BLUE,false,0,10,3,3,GARGOYLE:2;GOBLIN:1;MAGE:8,ASSASSIN:10;GOBLIN:1
4085,0,0,true,,,utility,curriculum_pass,3,75,125452798042,125452752631,12,0,,false,12,8,3,2,ARCHER:12;SPIDER:1,ARCHER:8;SPIDER:9
4086,0,0,true,,,curriculum_pass,utility,3,75,125452798042,125452752631,15,0,BLUE,false,0,9,3,2,ARCHER:12;SPIDER:1,ARCHER:8;SPIDER:9
4087,0,0,true,,,utility,curriculum_pass,3,75,125452805961,125452761572,12,0,,false,12,7,3,2,ARCHER:9;GOBLIN:7,ASSASSIN:8;SPIDER:6
4088,0,0,true,,,curriculum_pass,utility,3,75,125452805961,125452761572,17,0,,false,4,7,3,2,ARCHER:9;GOBLIN:7,ASSASSIN:8;SPIDER:6
4089,0,0,true,,,utility,curriculum_pass,3,75,125452813880,125452867733,12,0,GREEN,false,18,0,4,4,ARCHER:7;SPIDER:11,GARGOYLE:1;GOBLIN:11;SCORPION_RIDER:4;SPIDER:1
4090,0,0,true,,,curriculum_pass,utility,3,75,125452813880,125452867733,9,0,BLUE,false,0,15,4,4,ARCHER:7;SPIDER:11,GARGOYLE:1;GOBLIN:11;SCORPION_RIDER:4;SPIDER:1
4091,0,0,true,,,utility,curriculum_pass,3,75,125460717042,125460693855,16,0,,false,5,6,3,3,ASSASSIN:8;MAGE:2;SPIDER:1,GARGOYLE:10;SPIDER:1
4092,0,0,true,,,curriculum_pass,utility,3,75,125460717042,125460693855,15,0,BLUE,false,0,11,3,3,ASSASSIN:8;MAGE:2;SPIDER:1,GARGOYLE:10;SPIDER:1
4093,0,0,true,,,utility,curriculum_pass,3,75,125460724961,125460701772,26,0,GREEN,false,11,0,3,2,GOBLIN:6;MAGE:8,GARGOYLE:6;GOBLIN:11
4094,0,0,true,,,curriculum_pass,utility,3,75,125460724961,125460701772,9,0,BLUE,false,0,16,3,2,GOBLIN:6;MAGE:8,GARGOYLE:6;GOBLIN:11
4095,0,0,true,,,utility,curriculum_pass,3,75,125460732880,125460678013,10,0,GREEN,false,10,0,3,3,GOBLIN:1;SCORPION_RIDER:9,ARCHER:4;MAGE:1;SPIDER:14
4096,0,0,true,,,curriculum_pass,utility,3,75,125460732880,125460678013,23,0,BLUE,false,0,19,3,3,GOBLIN:1;SCORPION_RIDER:9,ARCHER:4;MAGE:1;SPIDER:14
4097,0,0,true,,,utility,curriculum_pass,3,75,125468636042,125468650791,14,0,,false,8,6,2,4,ASSASSIN:7;GOBLIN:8,ARCHER:1;ASSASSIN:8;GOLEM:1;SPIDER:1
4098,0,0,true,,,curriculum_pass,utility,3,75,125468636042,125468650791,13,0,,false,8,7,2,4,ASSASSIN:7;GOBLIN:8,ARCHER:1;ASSASSIN:8;GOLEM:1;SPIDER:1
4099,0,0,true,,,utility,curriculum_pass,3,75,125468643961,125468626132,6,0,GREEN,false,9,0,3,3,ARCHER:9;MAGE:3,ARCHER:7;MAGE:4;SPIDER:1
4100,0,0,true,,,curriculum_pass,utility,3,75,125468643961,125468626132,11,0,GREEN,false,5,0,3,3,ARCHER:9;MAGE:3,ARCHER:7;MAGE:4;SPIDER:1
4101,0,0,true,,,utility,curriculum_pass,3,75,125468651880,125468635077,22,0,GREEN,false,14,0,4,3,GARGOYLE:3;GOBLIN:1;SCORPION_RIDER:1;SPIDER:14,ARCHER:1;GARGOYLE:4;GOLEM:4
4102,0,0,true,,,curriculum_pass,utility,3,75,125468651880,125468635077,49,0,,false,3,9,4,3,GARGOYLE:3;GOBLIN:1;SCORPION_RIDER:1;SPIDER:14,ARCHER:1;GARGOYLE:4;GOLEM:4
4103,0,0,true,,,utility,curriculum_pass,3,75,125476555042,125476575119,12,0,GREEN,false,15,0,3,3,GOBLIN:12;MAGE:1;SCORPION_RIDER:4,ARCHER:6;GOBLIN:13
4104,0,0,true,,,curriculum_pass,utility,3,75,125476555042,125476575119,10,0,,false,17,19,3,3,GOBLIN:12;MAGE:1;SCORPION_RIDER:4,ARCHER:6;GOBLIN:13
4105,0,0,true,,,utility,curriculum_pass,3,75,125476562961,125476583100,60,0,GREEN,false,12,0,3,3,ARCHER:5;GARGOYLE:6;SPIDER:1,ASSASSIN:7;GOBLIN:8
4106,0,0,true,,,curriculum_pass,utility,3,75,125476562961,125476583100,17,0,BLUE,false,0,3,3,3,ARCHER:5;GARGOYLE:6;SPIDER:1,ASSASSIN:7;GOBLIN:8
4107,0,0,true,,,utility,curriculum_pass,3,75,125476570880,125476559277,10,0,GREEN,false,11,0,3,3,GARGOYLE:3;SCORPION_RIDER:6;SPIDER:2,ARCHER:9;MAGE:3
4108,0,0,true,,,curriculum_pass,utility,3,75,125476570880,125476559277,73,0,,false,3,12,3,3,GARGOYLE:3;SCORPION_RIDER:6;SPIDER:2,ARCHER:9;MAGE:3
4109,0,0,true,,,utility,curriculum_pass,3,75,125484474042,125484515351,24,0,GREEN,false,15,0,3,4,GOBLIN:1;GOLEM:4;SPIDER:10,ARCHER:4;GARGOYLE:1;GOBLIN:1;GOLEM:4
4110,0,0,true,,,curriculum_pass,utility,3,75,125484474042,125484515351,15,0,BLUE,false,0,10,3,4,GOBLIN:1;GOLEM:4;SPIDER:10,ARCHER:4;GARGOYLE:1;GOBLIN:1;GOLEM:4
4111,0,0,true,,,utility,curriculum_pass,3,75,125484481961,125484524292,16,0,GREEN,false,8,0,2,3,GOBLIN:11;SCORPION_RIDER:5,GOBLIN:1;SCORPION_RIDER:3;SPIDER:16
4112,0,0,true,,,curriculum_pass,utility,3,75,125484481961,125484524292,10,0,,false,16,20,2,3,GOBLIN:11;SCORPION_RIDER:5,GOBLIN:1;SCORPION_RIDER:3;SPIDER:16
4113,0,0,true,,,utility,curriculum_pass,3,75,125484489880,125484499509,8,0,GREEN,false,22,0,4,3,ARCHER:2;GOBLIN:21,GOBLIN:7;SPIDER:18
4114,0,0,true,,,curriculum_pass,utility,3,75,125484489880,125484499509,15,0,BLUE,false,0,24,4,3,ARCHER:2;GOBLIN:21,GOBLIN:7;SPIDER:18
4115,0,0,true,,,utility,curriculum_pass,3,75,125492393042,125492341503,8,0,GREEN,false,11,0,2,3,GOBLIN:9;SCORPION_RIDER:6,GOLEM:2;SCORPION_RIDER:5;SPIDER:5
4116,0,0,true,,,curriculum_pass,utility,3,75,125492393042,125492341503,11,0,BLUE,false,0,9,2,3,GOBLIN:9;SCORPION_RIDER:6,GOLEM:2;SCORPION_RIDER:5;SPIDER:5
4117,0,0,true,,,utility,curriculum_pass,3,75,125492400961,125492448748,10,0,,false,11,19,3,3,ASSASSIN:2;MAGE:8;SPIDER:1,SCORPION_RIDER:3;SPIDER:17
4118,0,0,true,,,curriculum_pass,utility,3,75,125492400961,125492448748,29,0,,false,8,20,3,3,ASSASSIN:2;MAGE:8;SPIDER:1,SCORPION_RIDER:3;SPIDER:17
4119,0,0,true,,,utility,curriculum_pass,3,75,125492408880,125492456605,14,0,,false,23,12,3,3,GOBLIN:25,MAGE:7;SPIDER:8
4120,0,0,true,,,curriculum_pass,utility,3,75,125492408880,125492456605,37,0,BLUE,false,0,15,3,3,GOBLIN:25,MAGE:7;SPIDER:8
4121,0,0,true,,,utility,curriculum_pass,3,75,125500312042,125500266311,28,0,GREEN,false,7,0,2,3,MAGE:7;SCORPION_RIDER:3,GARGOYLE:6;GOBLIN:11
4122,0,0,true,,,curriculum_pass,utility,3,75,125500312042,125500266311,9,0,BLUE,false,0,16,2,3,MAGE:7;SCORPION_RIDER:3,GARGOYLE:6;GOBLIN:11
4123,0,0,true,,,utility,curriculum_pass,3,75,125500319961,125500274292,14,0,GREEN,false,21,0,3,3,GOBLIN:2;MAGE:3;SPIDER:16,ARCHER:6;GOBLIN:10;SCORPION_RIDER:1
4124,0,0,true,,,curriculum_pass,utility,3,75,125500319961,125500274292,13,0,BLUE,false,0,17,3,3,GOBLIN:2;MAGE:3;SPIDER:16,ARCHER:6;GOBLIN:10;SCORPION_RIDER:1
4125,0,0,true,,,utility,curriculum_pass,3,75,125500327880,125500381541,20,0,,false,5,4,2,3,ASSASSIN:5;GOLEM:4,GOBLIN:1;GOLEM:7
4126,0,0,true,,,curriculum_pass,utility,3,75,125500327880,125500381541,13,0,BLUE,false,0,8,2,3,ASSASSIN:5;GOLEM:4,GOBLIN:1;GOLEM:7
4127,0,0,true,,,utility,curriculum_pass,3,75,125508231042,125508206895,12,0,GREEN,false,10,0,3,2,ARCHER:1;MAGE:3;SCORPION_RIDER:6,GOBLIN:6;MAGE:8
4128,0,0,true,,,curriculum_pass,utility,3,75,125508231042,125508206895,10,0,,false,10,14,3,2,ARCHER:1;MAGE:3;SCORPION_RIDER:6,GOBLIN:6;MAGE:8
4129,0,0,true,,,utility,curriculum_pass,3,75,125508238961,125508215004,10,0,GREEN,false,10,0,3,2,ARCHER:1;ASSASSIN:7;GOLEM:2,MAGE:8;SPIDER:6
4130,0,0,true,,,curriculum_pass,utility,3,75,125508238961,125508215004,17,0,BLUE,false,0,14,3,2,ARCHER:1;ASSASSIN:7;GOLEM:2,MAGE:8;SPIDER:6
4131,0,0,true,,,utility,curriculum_pass,3,75,125508246880,125508191181,6,0,GREEN,false,9,0,3,3,GOBLIN:2;MAGE:4;SCORPION_RIDER:5,ASSASSIN:8;GOBLIN:1;SPIDER:5
4132,0,0,true,,,curriculum_pass,utility,3,75,125508246880,125508191181,13,0,BLUE,false,0,5,3,3,GOBLIN:2;MAGE:4;SCORPION_RIDER:5,ASSASSIN:8;GOBLIN:1;SPIDER:5
4133,0,0,true,,,utility,curriculum_pass,3,75,125516150042,125516164023,18,0,GREEN,false,13,0,2,3,GOLEM:4;SPIDER:11,MAGE:3;SCORPION_RIDER:5;SPIDER:4
4134,0,0,true,,,curriculum_pass,utility,3,75,125516150042,125516164023,31,0,BLUE,false,0,7,2,3,GOLEM:4;SPIDER:11,MAGE:3;SCORPION_RIDER:5;SPIDER:4
4135,0,0,true,,,utility,curriculum_pass,3,75,125516157961,125516139172,20,0,GREEN,false,7,0,3,2,ARCHER:9;GARGOYLE:3,ARCHER:7;GOBLIN:11
4136,0,0,true,,,curriculum_pass,utility,3,75,125516157961,125516139172,13,0,BLUE,false,0,18,3,2,ARCHER:9;GARGOYLE:3,ARCHER:7;GOBLIN:11
4137,0,0,true,,,utility,curriculum_pass,3,75,125516165880,125516147797,12,0,GREEN,false,4,0,2,3,ASSASSIN:7;SCORPION_RIDER:3,ASSASSIN:10;GOBLIN:1
4138,0,0,true,,,curriculum_pass,utility,3,75,125516165880,125516147797,10,0,,false,3,7,2,3,ASSASSIN:7;SCORPION_RIDER:3,ASSASSIN:10;GOBLIN:1
4139,0,0,true,,,utility,curriculum_pass,3,75,125524069042,125524087839,14,0,,false,9,6,2,3,ASSASSIN:7;GOBLIN:8,MAGE:3;SCORPION_RIDER:6;SPIDER:2
4140,0,0,true,,,curriculum_pass,utility,3,75,125524069042,125524087839,11,0,BLUE,false,0,11,2,3,ASSASSIN:7;GOBLIN:8,MAGE:3;SCORPION_RIDER:6;SPIDER:2
4141,0,0,true,,,utility,curriculum_pass,3,75,125524076961,125524096780,20,0,GREEN,false,14,0,3,3,MAGE:8;SPIDER:6,GARGOYLE:4;GOLEM:4;MAGE:1
4142,0,0,true,,,curriculum_pass,utility,3,75,125524076961,125524096780,13,0,BLUE,false,0,9,3,3,MAGE:8;SPIDER:6,GARGOYLE:4;GOLEM:4;MAGE:1
4143,0,0,true,,,utility,curriculum_pass,3,75,125524084880,125524071997,24,0,GREEN,false,6,0,3,2,ASSASSIN:4;GARGOYLE:5;GOLEM:1,GOBLIN:11;SPIDER:14
4144,0,0,true,,,curriculum_pass,utility,3,75,125524084880,125524071997,19,0,BLUE,false,0,15,3,2,ASSASSIN:4;GARGOYLE:5;GOLEM:1,GOBLIN:11;SPIDER:14
4145,0,0,true,,,utility,curriculum_pass,3,75,86649698042,86649710679,12,0,GREEN,false,7,0,3,3,GOBLIN:2;GOLEM:4;MAGE:4,ARCHER:8;SPIDER:9
4146,0,0,true,,,curriculum_pass,utility,3,75,86649698042,86649710679,11,0,BLUE,false,0,17,3,3,GOBLIN:2;GOLEM:4;MAGE:4,ARCHER:8;SPIDER:9
4147,0,0,true,,,utility,curriculum_pass,3,75,86657617042,86657634879,12,0,GREEN,false,9,0,2,3,ARCHER:7;SCORPION_RIDER:4,ARCHER:1;GARGOYLE:6;GOBLIN:9
4148,0,0,true,,,curriculum_pass,utility,3,75,86657617042,86657634879,17,0,BLUE,false,0,16,2,3,ARCHER:7;SCORPION_RIDER:4,ARCHER:1;GARGOYLE:6;GOBLIN:9
4149,0,0,true,,,utility,curriculum_pass,3,75,86665536042,86665591943,168,0,GREEN,false,24,0,3,3,ARCHER:1;GOBLIN:8;SPIDER:15,GOLEM:2;SCORPION_RIDER:6;SPIDER:2
4150,0,0,true,,,curriculum_pass,utility,3,75,86665536042,86665591943,45,0,,false,15,9,3,3,ARCHER:1;GOBLIN:8;SPIDER:15,GOLEM:2;SCORPION_RIDER:6;SPIDER:2
4151,0,0,true,,,utility,curriculum_pass,3,75,86673455042,86673402223,28,0,GREEN,false,7,0,2,3,ASSASSIN:8;SPIDER:6,GOBLIN:1;GOLEM:4;SCORPION_RIDER:4
4152,0,0,true,,,curriculum_pass,utility,3,75,86673455042,86673402223,9,0,BLUE,false,0,8,2,3,ASSASSIN:8;SPIDER:6,GOBLIN:1;GOLEM:4;SCORPION_RIDER:4
4153,0,0,true,,,utility,curriculum_pass,3,75,86681374042,86681326583,12,0,GREEN,false,19,0,3,3,GARGOYLE:4;SPIDER:15,ASSASSIN:8;GARGOYLE:2;GOBLIN:1
4154,0,0,true,,,curriculum_pass,utility,3,75,86681374042,86681326583,13,0,BLUE,false,0,7,3,3,GARGOYLE:4;SPIDER:15,ASSASSIN:8;GARGOYLE:2;GOBLIN:1
4155,0,0,true,,,utility,curriculum_pass,3,75,86689293042,86689283167,12,0,,false,9,12,2,4,ASSASSIN:6;SCORPION_RIDER:4,ARCHER:1;GOBLIN:22;SPIDER:1
4156,0,0,true,,,curriculum_pass,utility,3,75,86689293042,86689283167,15,0,BLUE,false,0,17,2,4,ASSASSIN:6;SCORPION_RIDER:4,ARCHER:1;GOBLIN:22;SPIDER:1
4157,0,0,true,,,utility,curriculum_pass,3,75,126244698042,126244743447,20,0,,false,6,5,3,3,ARCHER:1;ASSASSIN:4;GOLEM:4,GARGOYLE:10;GOBLIN:1
4158,0,0,true,,,curriculum_pass,utility,3,75,126244698042,126244743447,45,0,BLUE,false,0,11,3,3,ARCHER:1;ASSASSIN:4;GOLEM:4,GARGOYLE:10;GOBLIN:1
4159,0,0,true,,,utility,curriculum_pass,3,75,126244705961,126244718596,14,0,,false,15,16,4,3,GOBLIN:11;SCORPION_RIDER:4;SPIDER:3,GARGOYLE:6;GOBLIN:11
4160,0,0,true,,,curriculum_pass,utility,3,75,126244705961,126244718596,25,0,BLUE,false,0,10,4,3,GOBLIN:11;SCORPION_RIDER:4;SPIDER:3,GARGOYLE:6;GOBLIN:11
4161,0,0,true,,,utility,curriculum_pass,3,75,126244713880,126244727605,12,0,GREEN,false,11,0,3,3,ARCHER:8;GOLEM:2;MAGE:1,ASSASSIN:10;GOBLIN:1
4162,0,0,true,,,curriculum_pass,utility,3,75,126244713880,126244727605,7,0,BLUE,false,0,7,3,3,ARCHER:8;GOLEM:2;MAGE:1,ASSASSIN:10;GOBLIN:1
4163,0,0,true,,,utility,curriculum_pass,3,75,126252617042,126252667903,12,0,,false,14,6,3,3,ASSASSIN:5;GOBLIN:13,GOBLIN:7;SCORPION_RIDER:6;SPIDER:2
4164,0,0,true,,,curriculum_pass,utility,3,75,126252617042,126252667903,13,0,BLUE,false,0,7,3,3,ASSASSIN:5;GOBLIN:13,GOBLIN:7;SCORPION_RIDER:6;SPIDER:2
4165,0,0,true,,,utility,curriculum_pass,3,75,126252624961,126252675820,10,0,GREEN,false,11,0,3,3,ARCHER:8;GARGOYLE:3;SPIDER:2,GOBLIN:1;MAGE:10
4166,0,0,true,,,curriculum_pass,utility,3,75,126252624961,126252675820,23,0,,false,7,6,3,3,ARCHER:8;GARGOYLE:3;SPIDER:2,GOBLIN:1;MAGE:10
4167,0,0,true,,,utility,curriculum_pass,3,75,126252632880,126252651933,10,0,,false,11,16,3,2,ARCHER:8;ASSASSIN:3;GOBLIN:2,ARCHER:7;SPIDER:11
4168,0,0,true,,,curriculum_pass,utility,3,75,126252632880,126252651933,19,0,,false,7,12,3,2,ARCHER:8;ASSASSIN:3;GOBLIN:2,ARCHER:7;SPIDER:11
4169,0,0,true,,,utility,curriculum_pass,3,75,126260536042,126260493383,10,0,GREEN,false,11,0,3,3,ARCHER:11;ASSASSIN:1,GOLEM:2;MAGE:2;SCORPION_RIDER:5
4170,0,0,true,,,curriculum_pass,utility,3,75,126260536042,126260493383,11,0,BLUE,false,0,9,3,3,ARCHER:11;ASSASSIN:1,GOLEM:2;MAGE:2;SCORPION_RIDER:5
4171,0,0,true,,,utility,curriculum_pass,3,75,126260543961,126260600692,12,0,GREEN,false,16,0,3,3,GARGOYLE:6;GOBLIN:11,ASSASSIN:7;GOBLIN:1;SPIDER:7
4172,0,0,true,,,curriculum_pass,utility,3,75,126260543961,126260600692,25,0,GREEN,false,4,0,3,3,GARGOYLE:6;GOBLIN:11,ASSASSIN:7;GOBLIN:1;SPIDER:7
4173,0,0,true,,,utility,curriculum_pass,3,75,126260551880,126260608613,10,0,GREEN,false,18,0,3,3,ARCHER:5;GOBLIN:12;SPIDER:3,GOBLIN:1;MAGE:10
4174,0,0,true,,,curriculum_pass,utility,3,75,126260551880,126260608613,25,0,BLUE,false,0,7,3,3,ARCHER:5;GOBLIN:12;SPIDER:3,GOBLIN:1;MAGE:10
4175,0,0,true,,,utility,curriculum_pass,3,75,126268455042,126268433967,18,0,GREEN,false,10,0,4,4,GOBLIN:9;GOLEM:4;SPIDER:2,ARCHER:6;GARGOYLE:5;SPIDER:1
4176,0,0,true,,,curriculum_pass,utility,3,75,126268455042,126268433967,25,0,BLUE,false,0,12,4,4,GOBLIN:9;GOLEM:4;SPIDER:2,ARCHER:6;GARGOYLE:5;SPIDER:1
4177,0,0,true,,,utility,curriculum_pass,3,75,126268462961,126268410332,16,0,GREEN,false,9,0,2,3,GARGOYLE:5;GOLEM:4,MAGE:10;SPIDER:1
4178,0,0,true,,,curriculum_pass,utility,3,75,126268462961,126268410332,10,0,,false,9,11,2,3,GARGOYLE:5;GOLEM:4,MAGE:10;SPIDER:1
4179,0,0,true,,,utility,curriculum_pass,3,75,126268470880,126268418253,32,0,GREEN,false,7,0,3,3,ASSASSIN:3;GOBLIN:1;MAGE:7,GARGOYLE:10;SPIDER:1
4180,0,0,true,,,curriculum_pass,utility,3,75,126268470880,126268418253,15,0,BLUE,false,0,10,3,3,ASSASSIN:3;GOBLIN:1;MAGE:7,GARGOYLE:10;SPIDER:1
4181,0,0,true,,,utility,curriculum_pass,3,75,126276374042,126276358327,16,0,GREEN,false,8,0,2,3,GOBLIN:6;MAGE:8,ASSASSIN:5;GOBLIN:13
4182,0,0,true,,,curriculum_pass,utility,3,75,126276374042,126276358327,15,0,,false,5,15,2,3,GOBLIN:6;MAGE:8,ASSASSIN:5;GOBLIN:13
4183,0,0,true,,,utility,curriculum_pass,3,75,126276381961,126276367268,14,0,,false,10,6,3,3,ASSASSIN:7;GOBLIN:2;GOLEM:2,GARGOYLE:6;GOLEM:3;SPIDER:1
4184,0,0,true,,,curriculum_pass,utility,3,75,126276381961,126276367268,10,0,,false,11,10,3,3,ASSASSIN:7;GOBLIN:2;GOLEM:2,GARGOYLE:6;GOLEM:3;SPIDER:1
4185,0,0,true,,,utility,curriculum_pass,3,75,126276389880,126276343125,10,0,,false,15,11,3,3,GOBLIN:11;GOLEM:4,ASSASSIN:8;GARGOYLE:2;GOBLIN:1
4186,0,0,true,,,curriculum_pass,utility,3,75,126276389880,126276343125,13,0,,false,10,3,3,3,GOBLIN:11;GOLEM:4,ASSASSIN:8;GARGOYLE:2;GOBLIN:1
4187,0,0,true,,,utility,curriculum_pass,3,75,126284293042,126284315935,16,0,GREEN,false,8,0,3,4,ASSASSIN:2;GOBLIN:1;MAGE:8,GOBLIN:2;GOLEM:3;SPIDER:13
4188,0,0,true,,,curriculum_pass,utility,3,75,126284293042,126284315935,13,0,BLUE,false,0,16,3,4,ASSASSIN:2;GOBLIN:1;MAGE:8,GOBLIN:2;GOLEM:3;SPIDER:13
4189,0,0,true,,,utility,curriculum_pass,3,75,126284300961,126284291084,18,0,,false,3,3,3,3,ASSASSIN:3;GOBLIN:2;SCORPION_RIDER:6,GOLEM:4;SCORPION_RIDER:4;SPIDER:1
4190,0,0,true,,,curriculum_pass,utility,3,75,126284300961,126284291084,19,0,BLUE,false,0,4,3,3,ASSASSIN:3;GOBLIN:2;SCORPION_RIDER:6,GOLEM:4;SCORPION_RIDER:4;SPIDER:1
4191,0,0,true,,,utility,curriculum_pass,3,75,126284308880,126284300093,10,0,,false,18,4,4,2,GARGOYLE:4;GOBLIN:13;MAGE:1,GOLEM:4;MAGE:5
4192,0,0,true,,,curriculum_pass,utility,3,75,126284308880,126284300093,21,0,BLUE,false,0,9,4,2,GARGOYLE:4;GOBLIN:13;MAGE:1,GOLEM:4;MAGE:5
4193,0,0,true,,,utility,curriculum_pass,3,75,126292212042,126292256743,12,0,GREEN,false,17,0,3,3,GOBLIN:10;MAGE:6;SPIDER:1,ASSASSIN:4;MAGE:1;SPIDER:13
4194,0,0,true,,,curriculum_pass,utility,3,75,126292212042,126292256743,11,0,BLUE,false,0,15,3,3,GOBLIN:10;MAGE:6;SPIDER:1,ASSASSIN:4;MAGE:1;SPIDER:13
4195,0,0,true,,,utility,curriculum_pass,3,75,126292219961,126292231828,32,0,GREEN,false,13,0,3,3,GARGOYLE:6;GOBLIN:11,GOBLIN:1;GOLEM:4;SCORPION_RIDER:4
4196,0,0,true,,,curriculum_pass,utility,3,75,126292219961,126292231828,17,0,BLUE,false,0,6,3,3,GARGOYLE:6;GOBLIN:11,GOBLIN:1;GOLEM:4;SCORPION_RIDER:4
4197,0,0,true,,,utility,curriculum_pass,3,75,126292227880,126292240773,24,0,GREEN,false,25,0,2,4,GOBLIN:12;SPIDER:13,GOBLIN:4;MAGE:1;SCORPION_RIDER:7
4198,0,0,true,,,curriculum_pass,utility,3,75,126292227880,126292240773,17,0,BLUE,false,0,10,2,4,GOBLIN:12;SPIDER:13,GOBLIN:4;MAGE:1;SCORPION_RIDER:7
4199,0,0,true,,,utility,curriculum_pass,3,75,187830761042,187830708479,16,0,GREEN,false,10,0,2,3,ARCHER:4;MAGE:7,GARGOYLE:6;MAGE:4;SPIDER:1
4200,0,0,true,,,curriculum_pass,utility,3,75,187830761042,187830708479,17,0,,false,11,10,2,3,ARCHER:4;MAGE:7,GARGOYLE:6;MAGE:4;SPIDER:1
4201,0,0,true,,,utility,curriculum_pass,3,75,187830768961,187830815724,154,0,GREEN,false,11,0,3,3,ARCHER:7;GOLEM:3;SPIDER:1,ASSASSIN:3;GOBLIN:2;SCORPION_RIDER:6
4202,0,0,true,,,curriculum_pass,utility,3,75,187830768961,187830815724,9,0,BLUE,false,0,11,3,3,ARCHER:7;GOLEM:3;SPIDER:1,ASSASSIN:3;GOBLIN:2;SCORPION_RIDER:6
4203,0,0,true,,,utility,curriculum_pass,3,75,187830776880,187830823581,14,0,GREEN,false,17,0,2,2,SPIDER:25,GOLEM:3;SPIDER:15
4204,0,0,true,,,curriculum_pass,utility,3,75,187830776880,187830823581,17,0,BLUE,false,0,17,2,2,SPIDER:25,GOLEM:3;SPIDER:15
4205,0,0,true,,,utility,curriculum_pass,3,75,187830784799,187830799794,8,0,GREEN,false,11,0,3,3,ASSASSIN:8;GOBLIN:1;MAGE:2,MAGE:7;SPIDER:8
4206,0,0,true,,,curriculum_pass,utility,3,75,187830784799,187830799794,10,0,,false,11,15,3,3,ASSASSIN:8;GOBLIN:1;MAGE:2,MAGE:7;SPIDER:8
4207,0,0,true,,,utility,curriculum_pass,3,75,126300131042,126300180559,20,0,GREEN,false,7,0,4,4,GARGOYLE:5;GOBLIN:1;SPIDER:12,GOBLIN:7;SCORPION_RIDER:1;SPIDER:15
4208,0,0,true,,,curriculum_pass,utility,3,75,126300131042,126300180559,19,0,BLUE,false,0,13,4,4,GARGOYLE:5;GOBLIN:1;SPIDER:12,GOBLIN:7;SCORPION_RIDER:1;SPIDER:15
4209,0,0,true,,,utility,curriculum_pass,3,75,126300138961,126300189564,10,0,GREEN,false,13,0,2,4,GOBLIN:11;SCORPION_RIDER:5,ARCHER:5;GOLEM:4;SPIDER:1
4210,0,0,true,,,curriculum_pass,utility,3,75,126300138961,126300189564,19,0,BLUE,false,0,10,2,4,GOBLIN:11;SCORPION_RIDER:5,ARCHER:5;GOLEM:4;SPIDER:1
4211,0,0,true,,,utility,curriculum_pass,3,75,126300146880,126300164717,10,0,,false,9,19,3,3,ASSASSIN:8;GOBLIN:6,ARCHER:1;GOBLIN:8;SPIDER:15
4212,0,0,true,,,curriculum_pass,utility,3,75,126300146880,126300164717,31,0,,false,8,24,3,3,ASSASSIN:8;GOBLIN:6,ARCHER:1;GOBLIN:8;SPIDER:15
4213,0,0,true,,,utility,curriculum_pass,3,75,126308050042,126308006615,72,0,GREEN,false,5,0,3,3,ASSASSIN:7;MAGE:3;SPIDER:1,ASSASSIN:4;GARGOYLE:1;SCORPION_RIDER:5
4214,0,0,true,,,curriculum_pass,utility,3,75,126308050042,126308006615,5,0,BLUE,false,0,10,3,3,ASSASSIN:7;MAGE:3;SPIDER:1,ASSASSIN:4;GARGOYLE:1;SCORPION_RIDER:5
4215,0,0,true,,,utility,curriculum_pass,3,75,126308057961,126308113860,10,0,GREEN,false,9,0,2,2,GOLEM:4;MAGE:5,MAGE:8;SPIDER:6
4216,0,0,true,,,curriculum_pass,utility,3,75,126308057961,126308113860,23,0,BLUE,false,0,13,2,2,GOLEM:4;MAGE:5,MAGE:8;SPIDER:6
4217,0,0,true,,,utility,curriculum_pass,3,75,126308065880,126308121845,32,0,GREEN,false,10,0,4,3,ARCHER:2;GOBLIN:1;GOLEM:1;SCORPION_RIDER:6,GOBLIN:12;SPIDER:13
4218,0,0,true,,,curriculum_pass,utility,3,75,126308065880,126308121845,23,0,BLUE,false,0,20,4,3,ARCHER:2;GOBLIN:1;GOLEM:1;SCORPION_RIDER:6,GOBLIN:12;SPIDER:13
4219,0,0,true,,,utility,curriculum_pass,3,75,187846599042,187846590255,10,0,,false,11,16,3,2,ASSASSIN:3;MAGE:7;SPIDER:1,GOBLIN:11;SCORPION_RIDER:5
4220,0,0,true,,,curriculum_pass,utility,3,75,187846599042,187846590255,10,0,,false,11,16,3,2,ASSASSIN:3;MAGE:7;SPIDER:1,GOBLIN:11;SCORPION_RIDER:5
4221,0,0,true,,,utility,curriculum_pass,3,75,187846606961,187846565596,22,0,GREEN,false,10,0,3,3,GOBLIN:1;MAGE:10,GOBLIN:11;GOLEM:4
4222,0,0,true,,,curriculum_pass,utility,3,75,187846606961,187846565596,11,0,BLUE,false,0,15,3,3,GOBLIN:1;MAGE:10,GOBLIN:11;GOLEM:4
4223,0,0,true,,,utility,curriculum_pass,3,75,187846614880,187846558157,12,0,,false,8,11,3,3,GOBLIN:1;GOLEM:4;SCORPION_RIDER:4,ASSASSIN:10;GOBLIN:1
4224,0,0,true,,,curriculum_pass,utility,3,75,187846614880,187846558157,15,0,,false,7,3,3,3,GOBLIN:1;GOLEM:4;SCORPION_RIDER:4,ASSASSIN:10;GOBLIN:1
4225,0,0,true,,,utility,curriculum_pass,3,75,187846622799,187846566114,6,0,GREEN,false,9,0,3,3,GOBLIN:1;GOLEM:3;SCORPION_RIDER:5,ASSASSIN:3;GOBLIN:1;MAGE:7
4226,0,0,true,,,curriculum_pass,utility,3,75,187846622799,187846566114,27,0,BLUE,false,0,7,3,3,GOBLIN:1;GOLEM:3;SCORPION_RIDER:5,ASSASSIN:3;GOBLIN:1;MAGE:7
4227,0,0,true,,,utility,curriculum_pass,3,75,126315969042,126315947199,16,0,,false,7,8,3,3,ASSASSIN:4;GARGOYLE:5;GOBLIN:4,ASSASSIN:8;GOBLIN:3;GOLEM:1
4228,0,0,true,,,curriculum_pass,utility,3,75,126315969042,126315947199,17,0,,false,9,7,3,3,ASSASSIN:4;GARGOYLE:5;GOBLIN:4,ASSASSIN:8;GOBLIN:3;GOLEM:1
4229,0,0,true,,,utility,curriculum_pass,3,75,126315976961,126315923372,32,0,,false,3,3,3,2,ASSASSIN:7;GOBLIN:1;MAGE:3,GARGOYLE:6;GOBLIN:11
4230,0,0,true,,,curriculum_pass,utility,3,75,126315976961,126315923372,15,0,BLUE,false,0,17,3,2,ASSASSIN:7;GOBLIN:1;MAGE:3,GARGOYLE:6;GOBLIN:11
4231,0,0,true,,,utility,curriculum_pass,3,75,126315984880,126315931997,10,0,,false,11,12,3,3,GARGOYLE:10;GOBLIN:1,ARCHER:8;SCORPION_RIDER:3;SPIDER:1
4232,0,0,true,,,curriculum_pass,utility,3,75,126315984880,126315931997,15,0,BLUE,false,0,11,3,3,GARGOYLE:10;GOBLIN:1,ARCHER:8;SCORPION_RIDER:3;SPIDER:1
4233,0,0,true,,,utility,curriculum_pass,3,75,46421178042,46421125143,14,0,GREEN,false,6,0,3,3,ARCHER:1;ASSASSIN:4;GOLEM:4,ARCHER:1;MAGE:4;SPIDER:13
4234,0,0,true,,,curriculum_pass,utility,3,75,46421178042,46421125143,17,0,BLUE,false,0,18,3,3,ARCHER:1;ASSASSIN:4;GOLEM:4,ARCHER:1;MAGE:4;SPIDER:13
4235,0,0,true,,,utility,curriculum_pass,3,75,46421185961,46421232388,10,0,GREEN,false,15,0,4,4,ARCHER:1;GARGOYLE:4;GOBLIN:12;SPIDER:1,ARCHER:1;GOBLIN:8;SPIDER:15
4236,0,0,true,,,curriculum_pass,utility,3,75,46421185961,46421232388,17,0,BLUE,false,0,23,4,4,ARCHER:1;GARGOYLE:4;GOBLIN:12;SPIDER:1,ARCHER:1;GOBLIN:8;SPIDER:15
4237,0,0,true,,,utility,utility,3,75,46555801042,46555855743,7,0,BLUE,false,0,7,3,2,GOBLIN:1;MAGE:7;SPIDER:7,ARCHER:3;ASSASSIN:8
4238,0,0,true,,,utility,utility,3,75,46555801042,46555855743,7,0,BLUE,false,0,7,3,2,GOBLIN:1;MAGE:7;SPIDER:7,ARCHER:3;ASSASSIN:8
4239,0,0,true,,,utility,utility,3,75,46555808961,46555830892,14,0,,false,8,16,2,4,ASSASSIN:7;SPIDER:8,GARGOYLE:6;GOBLIN:10;SPIDER:1
4240,0,0,true,,,utility,utility,3,75,46555808961,46555830892,14,0,,false,8,16,2,4,ASSASSIN:7;SPIDER:8,GARGOYLE:6;GOBLIN:10;SPIDER:1
4241,0,0,true,,,utility,utility,3,75,46690424042,46690437703,3,0,BLUE,false,0,20,2,3,ARCHER:3;ASSASSIN:8,GOBLIN:23;SPIDER:2
4242,0,0,true,,,utility,utility,3,75,46690424042,46690437703,3,0,BLUE,false,0,20,2,3,ARCHER:3;ASSASSIN:8,GOBLIN:23;SPIDER:2
4243,0,0,true,,,utility,utility,3,75,46690431961,46690446708,23,0,BLUE,false,0,8,3,3,ASSASSIN:7;GARGOYLE:3;SPIDER:1,GARGOYLE:4;GOLEM:4;MAGE:1
4244,0,0,true,,,utility,utility,3,75,46690431961,46690446708,23,0,BLUE,false,0,8,3,3,ASSASSIN:7;GARGOYLE:3;SPIDER:1,GARGOYLE:4;GOLEM:4;MAGE:1
4245,0,0,true,,,utility,utility,3,75,46825047042,46825036463,13,0,BLUE,false,0,10,3,3,GARGOYLE:3;SCORPION_RIDER:6;SPIDER:2,GARGOYLE:10;GOBLIN:1
4246,0,0,true,,,utility,utility,3,75,46825047042,46825036463,13,0,BLUE,false,0,10,3,3,GARGOYLE:3;SCORPION_RIDER:6;SPIDER:2,GARGOYLE:10;GOBLIN:1
4247,0,0,true,,,utility,utility,3,75,46825054961,46825045084,7,0,BLUE,false,0,7,4,2,ASSASSIN:7;GOBLIN:1;MAGE:2;SCORPION_RIDER:1,GOBLIN:6;MAGE:8
4248,0,0,true,,,utility,utility,3,75,46825054961,46825045084,7,0,BLUE,false,0,6,4,2,ASSASSIN:7;GOBLIN:1;MAGE:2;SCORPION_RIDER:1,GOBLIN:6;MAGE:8
4249,0,0,true,,,utility,curriculum_pass,3,75,94568698042,94568648215,6,0,GREEN,false,7,0,2,2,ASSASSIN:7;GOBLIN:8,ARCHER:4;ASSASSIN:7
4250,0,0,true,,,curriculum_pass,utility,3,75,94568698042,94568648215,13,0,,false,8,6,2,2,ASSASSIN:7;GOBLIN:8,ARCHER:4;ASSASSIN:7
4251,0,0,true,,,utility,curriculum_pass,3,75,94576617042,94576605439,10,0,GREEN,false,10,0,3,3,ARCHER:4;SCORPION_RIDER:5;SPIDER:3,GOBLIN:11;GOLEM:4
4252,0,0,true,,,curriculum_pass,utility,3,75,94576617042,94576605439,15,0,BLUE,false,0,8,3,3,ARCHER:4;SCORPION_RIDER:5;SPIDER:3,GOBLIN:11;GOLEM:4
4253,0,0,true,,,utility,curriculum_pass,3,75,94584536042,94584546631,14,0,GREEN,false,11,0,3,3,MAGE:10;SPIDER:1,GOBLIN:10;MAGE:3;SCORPION_RIDER:3
4254,0,0,true,,,curriculum_pass,utility,3,75,94584536042,94584546631,11,0,BLUE,false,0,16,3,3,MAGE:10;SPIDER:1,GOBLIN:10;MAGE:3;SCORPION_RIDER:3
4255,0,0,true,,,utility,curriculum_pass,3,75,94592455042,94592470831,14,0,GREEN,false,16,0,3,3,GOBLIN:12;GOLEM:3;SCORPION_RIDER:1,GARGOYLE:3;MAGE:7;SPIDER:1
4256,0,0,true,,,curriculum_pass,utility,3,75,94592455042,94592470831,27,0,BLUE,false,0,11,3,3,GOBLIN:12;GOLEM:3;SCORPION_RIDER:1,GARGOYLE:3;MAGE:7;SPIDER:1
4257,0,0,true,,,utility,curriculum_pass,3,75,94600374042,94600427959,14,0,GREEN,false,12,0,3,3,GOBLIN:10;GOLEM:4;SPIDER:1,ASSASSIN:7;GARGOYLE:3;SPIDER:1
4258,0,0,true,,,curriculum_pass,utility,3,75,94600374042,94600427959,17,0,,false,4,4,3,3,GOBLIN:10;GOLEM:4;SPIDER:1,ASSASSIN:7;GARGOYLE:3;SPIDER:1
4259,0,0,true,,,utility,curriculum_pass,3,75,94608293042,94608237087,8,0,GREEN,false,10,0,2,2,GOBLIN:8;MAGE:7,ASSASSIN:7;SCORPION_RIDER:3
4260,0,0,true,,,curriculum_pass,utility,3,75,94608293042,94608237087,7,0,BLUE,false,0,9,2,2,GOBLIN:8;MAGE:7,ASSASSIN:7;SCORPION_RIDER:3
4261,0,0,true,,,utility,curriculum_pass,3,75,134163698042,134163681239,20,0,GREEN,false,5,0,3,3,GOBLIN:14;SCORPION_RIDER:4,MAGE:3;SCORPION_RIDER:6;SPIDER:2
4262,0,0,true,,,curriculum_pass,utility,3,75,134163698042,134163681239,19,0,,false,3,5,3,3,GOBLIN:14;SCORPION_RIDER:4,MAGE:3;SCORPION_RIDER:6;SPIDER:2
4263,0,0,true,,,utility,curriculum_pass,3,75,134163705961,134163689156,12,0,,false,13,5,3,3,ASSASSIN:4;GOBLIN:2;SPIDER:13,GARGOYLE:5;SPIDER:13
4264,0,0,true,,,curriculum_pass,utility,3,75,134163705961,134163689156,23,0,,false,10,15,3,3,ASSASSIN:4;GOBLIN:2;SPIDER:13,GARGOYLE:5;SPIDER:13
4265,0,0,true,,,utility,curriculum_pass,3,75,134163713880,134163665397,10,0,GREEN,false,20,0,3,3,GOBLIN:1;SCORPION_RIDER:3;SPIDER:16,ARCHER:7;GOLEM:3;SPIDER:1
4266,0,0,true,,,curriculum_pass,utility,3,75,134163713880,134163665397,15,0,BLUE,false,0,11,3,3,GOBLIN:1;SCORPION_RIDER:3;SPIDER:16,ARCHER:7;GOLEM:3;SPIDER:1
4267,0,0,true,,,utility,curriculum_pass,3,75,134171617042,134171638207,18,0,GREEN,false,4,0,2,4,ASSASSIN:5;GOLEM:4,GARGOYLE:10;GOBLIN:1
4268,0,0,true,,,curriculum_pass,utility,3,75,134171617042,134171638207,17,0,,false,4,11,2,4,ASSASSIN:5;GOLEM:4,GARGOYLE:10;GOBLIN:1
4269,0,0,true,,,utility,curriculum_pass,3,75,134171624961,134171613356,12,0,GREEN,false,8,0,3,2,ARCHER:1;GARGOYLE:5;SCORPION_RIDER:4,ASSASSIN:7;SCORPION_RIDER:3
4270,0,0,true,,,curriculum_pass,utility,3,75,134171624961,134171613356,21,0,,false,4,3,3,2,ARCHER:1;GARGOYLE:5;SCORPION_RIDER:4,ASSASSIN:7;SCORPION_RIDER:3
4271,0,0,true,,,utility,curriculum_pass,3,75,134171632880,134171621981,10,0,,false,9,14,3,2,GOBLIN:1;GOLEM:3;SCORPION_RIDER:5,ASSASSIN:8;GOBLIN:6
4272,0,0,true,,,curriculum_pass,utility,3,75,134171632880,134171621981,17,0,,false,5,6,3,2,GOBLIN:1;GOLEM:3;SCORPION_RIDER:5,ASSASSIN:8;GOBLIN:6
4273,0,0,true,,,utility,curriculum_pass,3,75,134179536042,134179578375,16,0,,false,14,7,2,2,GOBLIN:12;SPIDER:13,ARCHER:7;SCORPION_RIDER:4
4274,0,0,true,,,curriculum_pass,utility,3,75,134179536042,134179578375,15,0,,false,16,8,2,2,GOBLIN:12;SPIDER:13,ARCHER:7;SCORPION_RIDER:4
4275,0,0,true,,,utility,curriculum_pass,3,75,134179543961,134179554612,8,0,GREEN,false,9,0,3,3,ASSASSIN:7;GOBLIN:2;GOLEM:2,GOLEM:2;MAGE:7;SPIDER:2
4276,0,0,true,,,curriculum_pass,utility,3,75,134179543961,134179554612,10,0,,false,11,11,3,3,ASSASSIN:7;GOBLIN:2;GOLEM:2,GOLEM:2;MAGE:7;SPIDER:2
4277,0,0,true,,,utility,curriculum_pass,3,75,134179551880,134179562533,32,0,GREEN,false,7,0,2,3,MAGE:7;SCORPION_RIDER:3,GARGOYLE:10;SPIDER:1
4278,0,0,true,,,curriculum_pass,utility,3,75,134179551880,134179562533,13,0,BLUE,false,0,10,2,3,MAGE:7;SCORPION_RIDER:3,GARGOYLE:10;SPIDER:1
4279,0,0,true,,,utility,curriculum_pass,3,75,134187455042,134187502831,8,0,GREEN,false,9,0,3,3,GOLEM:4;SCORPION_RIDER:4;SPIDER:1,ARCHER:12;GOBLIN:1
4280,0,0,true,,,curriculum_pass,utility,3,75,134187455042,134187502831,15,0,BLUE,false,0,12,3,3,GOLEM:4;SCORPION_RIDER:4;SPIDER:1,ARCHER:12;GOBLIN:1
4281,0,0,true,,,utility,curriculum_pass,3,75,134187462961,134187511708,12,0,,false,20,9,3,3,GOBLIN:4;GOLEM:2;SPIDER:14,GARGOYLE:5;SCORPION_RIDER:4;SPIDER:2
4282,0,0,true,,,curriculum_pass,utility,3,75,134187462961,134187511708,10,0,,false,20,11,3,3,GOBLIN:4;GOLEM:2;SPIDER:14,GARGOYLE:5;SCORPION_RIDER:4;SPIDER:2
4283,0,0,true,,,utility,curriculum_pass,3,75,134187470880,134187486861,10,0,GREEN,false,10,0,3,3,SCORPION_RIDER:9;SPIDER:1,ARCHER:4;GOBLIN:1;SPIDER:16
4284,0,0,true,,,curriculum_pass,utility,3,75,134187470880,134187486861,29,0,BLUE,false,0,21,3,3,SCORPION_RIDER:9;SPIDER:1,ARCHER:4;GOBLIN:1;SPIDER:16
4285,0,0,true,,,utility,curriculum_pass,3,75,134195374042,134195329399,20,0,GREEN,false,7,0,3,2,GOBLIN:1;GOLEM:4;SCORPION_RIDER:4,GARGOYLE:6;GOBLIN:11
4286,0,0,true,,,curriculum_pass,utility,3,75,134195374042,134195329399,23,0,,false,5,6,3,2,GOBLIN:1;GOLEM:4;SCORPION_RIDER:4,GARGOYLE:6;GOBLIN:11
4287,0,0,true,,,utility,curriculum_pass,3,75,134195381961,134195435620,12,0,GREEN,false,17,0,2,3,ARCHER:7;SPIDER:11,GARGOYLE:3;SCORPION_RIDER:6;SPIDER:2
4288,0,0,true,,,curriculum_pass,utility,3,75,134195381961,134195435620,9,0,BLUE,false,0,11,2,3,ARCHER:7;SPIDER:11,GARGOYLE:3;SCORPION_RIDER:6;SPIDER:2
4289,0,0,true,,,utility,curriculum_pass,3,75,134195389880,134195444501,26,0,GREEN,false,9,0,3,3,GOBLIN:1;MAGE:10,ASSASSIN:4;GARGOYLE:6;SPIDER:1
4290,0,0,true,,,curriculum_pass,utility,3,75,134195389880,134195444501,9,0,BLUE,false,0,10,3,3,GOBLIN:1;MAGE:10,ASSASSIN:4;GARGOYLE:6;SPIDER:1
4291,0,0,true,,,utility,curriculum_pass,3,75,134203293042,134203270111,14,0,GREEN,false,10,0,3,3,GOLEM:2;MAGE:7;SPIDER:2,ASSASSIN:10;SPIDER:1
4292,0,0,true,,,curriculum_pass,utility,3,75,134203293042,134203270111,13,0,BLUE,false,0,10,3,3,GOLEM:2;MAGE:7;SPIDER:2,ASSASSIN:10;SPIDER:1
4293,0,0,true,,,utility,curriculum_pass,3,75,134203300961,134203245260,16,0,,false,3,4,2,3,ASSASSIN:7;GOBLIN:8,GARGOYLE:6;GOBLIN:1;SPIDER:10
4294,0,0,true,,,curriculum_pass,utility,3,75,134203300961,134203245260,17,0,BLUE,false,0,17,2,3,ASSASSIN:7;GOBLIN:8,GARGOYLE:6;GOBLIN:1;SPIDER:10
4295,0,0,true,,,utility,curriculum_pass,3,75,134203308880,134203254269,22,0,,false,1,2,2,3,ASSASSIN:5;SCORPION_RIDER:5,GARGOYLE:6;GOBLIN:1;GOLEM:3
4296,0,0,true,,,curriculum_pass,utility,3,75,134203308880,134203254269,11,0,BLUE,false,0,9,2,3,ASSASSIN:5;SCORPION_RIDER:5,GARGOYLE:6;GOBLIN:1;GOLEM:3
4297,0,0,true,,,utility,curriculum_pass,3,75,134211212042,134211194279,12,0,,false,9,22,3,3,ASSASSIN:1;GOLEM:1;MAGE:8,GOBLIN:8;SPIDER:17
4298,0,0,true,,,curriculum_pass,utility,3,75,134211212042,134211194279,13,0,BLUE,false,0,25,3,3,ASSASSIN:1;GOLEM:1;MAGE:8,GOBLIN:8;SPIDER:17
4299,0,0,true,,,utility,curriculum_pass,3,75,134211219961,134211202900,12,0,GREEN,false,25,0,2,3,SPIDER:25,GOBLIN:8;MAGE:7
4300,0,0,true,,,curriculum_pass,utility,3,75,134211219961,134211202900,9,0,BLUE,false,0,12,2,3,SPIDER:25,GOBLIN:8;MAGE:7
4301,0,0,true,,,utility,curriculum_pass,3,75,134211227880,134211178053,12,0,GREEN,false,12,0,3,3,GOBLIN:8;MAGE:7,ASSASSIN:2;GOBLIN:1;MAGE:8
4302,0,0,true,,,curriculum_pass,utility,3,75,134211227880,134211178053,15,0,BLUE,false,0,8,3,3,GOBLIN:8;MAGE:7,ASSASSIN:2;GOBLIN:1;MAGE:8
4303,0,0,true,,,utility,curriculum_pass,3,75,134219131042,134219150863,14,0,GREEN,false,24,0,3,3,SPIDER:25,ARCHER:7;GOLEM:3;SPIDER:1
4304,0,0,true,,,curriculum_pass,utility,3,75,134219131042,134219150863,13,0,BLUE,false,0,11,3,3,SPIDER:25,ARCHER:7;GOLEM:3;SPIDER:1
4305,0,0,true,,,utility,curriculum_pass,3,75,134219138961,134219127100,12,0,,false,17,16,3,3,GOBLIN:11;MAGE:6,ARCHER:7;GOBLIN:2;SPIDER:9
4306,0,0,true,,,curriculum_pass,utility,3,75,134219138961,134219127100,17,0,,false,16,16,3,3,GOBLIN:11;MAGE:6,ARCHER:7;GOBLIN:2;SPIDER:9
4307,0,0,true,,,utility,curriculum_pass,3,75,134219146880,134219135021,26,0,GREEN,false,5,0,2,3,GARGOYLE:5;SCORPION_RIDER:5,ASSASSIN:1;GARGOYLE:4;GOLEM:4
4308,0,0,true,,,curriculum_pass,utility,3,75,134219146880,134219135021,25,0,BLUE,false,0,5,2,3,GARGOYLE:5;SCORPION_RIDER:5,ASSASSIN:1;GARGOYLE:4;GOLEM:4
4309,0,0,true,,,utility,curriculum_pass,3,75,134227050042,134227091607,20,0,GREEN,false,16,0,3,2,ARCHER:1;GARGOYLE:6;GOBLIN:9,SCORPION_RIDER:4;SPIDER:14
4310,0,0,true,,,curriculum_pass,utility,3,75,134227050042,134227091607,17,0,BLUE,false,0,7,3,2,ARCHER:1;GARGOYLE:6;GOBLIN:9,SCORPION_RIDER:4;SPIDER:14
4311,0,0,true,,,utility,curriculum_pass,3,75,134227057961,134227067780,28,0,GREEN,false,10,0,4,3,GARGOYLE:5;GOBLIN:1;MAGE:4;SCORPION_RIDER:1,GOBLIN:21;SPIDER:4
4312,0,0,true,,,curriculum_pass,utility,3,75,134227057961,134227067780,21,0,BLUE,false,0,19,4,3,GARGOYLE:5;GOBLIN:1;MAGE:4;SCORPION_RIDER:1,GOBLIN:21;SPIDER:4
4313,0,0,true,,,utility,curriculum_pass,3,75,134227065880,134227075765,26,0,,false,8,4,3,4,GARGOYLE:5;MAGE:5;SPIDER:1,ARCHER:4;GOLEM:4;MAGE:1;SPIDER:1
4314,0,0,true,,,curriculum_pass,utility,3,75,134227065880,134227075765,21,0,,false,5,5,3,4,GARGOYLE:5;MAGE:5;SPIDER:1,ARCHER:4;GOLEM:4;MAGE:1;SPIDER:1
4315,0,0,true,,,utility,curriculum_pass,3,75,134234969042,134235016575,38,0,GREEN,false,25,0,3,3,SPIDER:25,GOBLIN:22;SCORPION_RIDER:1
4316,0,0,true,,,curriculum_pass,utility,3,75,134234969042,134235016575,9,0,BLUE,false,0,23,3,3,SPIDER:25,GOBLIN:22;SCORPION_RIDER:1
4317,0,0,true,,,utility,curriculum_pass,3,75,134234976961,134235024492,82,0,,false,4,3,3,2,ASSASSIN:7;MAGE:3;SPIDER:1,GOBLIN:11;GOLEM:4
4318,0,0,true,,,curriculum_pass,utility,3,75,134234976961,134235024492,10,0,,false,11,15,3,2,ASSASSIN:7;MAGE:3;SPIDER:1,GOBLIN:11;GOLEM:4
4319,0,0,true,,,utility,curriculum_pass,3,75,134234984880,134235000605,12,0,GREEN,false,11,0,3,3,ARCHER:5;GOBLIN:1;MAGE:6,ASSASSIN:7;GOBLIN:7;SPIDER:1
4320,0,0,true,,,curriculum_pass,utility,3,75,134234984880,134235000605,7,0,BLUE,false,0,15,3,3,ARCHER:5;GOBLIN:1;MAGE:6,ASSASSIN:7;GOBLIN:7;SPIDER:1
4321,0,0,true,,,utility,curriculum_pass,3,75,54102608042,54102627847,12,0,GREEN,false,9,0,3,3,GOLEM:2;MAGE:7;SPIDER:2,MAGE:10;SPIDER:1
4322,0,0,true,,,curriculum_pass,utility,3,75,54102608042,54102627847,21,0,BLUE,false,0,6,3,3,GOLEM:2;MAGE:7;SPIDER:2,MAGE:10;SPIDER:1
4323,0,0,true,,,utility,curriculum_pass,3,75,54102615961,54102636852,10,0,,false,21,11,3,2,ARCHER:4;GOBLIN:1;SPIDER:16,ASSASSIN:6;GOBLIN:11
4324,0,0,true,,,curriculum_pass,utility,3,75,54102615961,54102636852,13,0,,false,10,13,3,2,ARCHER:4;GOBLIN:1;SPIDER:16,ASSASSIN:6;GOBLIN:11
4325,0,0,true,,,utility,utility,3,75,54237231042,54237243759,38,0,,false,3,4,3,3,GOBLIN:1;GOLEM:3;SCORPION_RIDER:5,ASSASSIN:1;MAGE:4;SPIDER:13
4326,0,0,true,,,utility,utility,3,75,54237231042,54237243759,18,0,GREEN,false,3,0,3,3,GOBLIN:1;GOLEM:3;SCORPION_RIDER:5,ASSASSIN:1;MAGE:4;SPIDER:13
4327,0,0,true,,,utility,utility,3,75,54237238961,54237218844,13,0,BLUE,false,0,6,3,3,GOBLIN:2;GOLEM:3;SPIDER:13,GOBLIN:1;GOLEM:7
4328,0,0,true,,,utility,utility,3,75,54237238961,54237218844,11,0,BLUE,false,0,4,3,3,GOBLIN:2;GOLEM:3;SPIDER:13,GOBLIN:1;GOLEM:7
4329,0,0,true,,,utility,utility,3,75,54371854042,54371842167,13,0,BLUE,false,0,3,3,3,ARCHER:8;SPIDER:9,ARCHER:7;GOLEM:3;SPIDER:1
4330,0,0,true,,,utility,utility,3,75,54371854042,54371842167,13,0,BLUE,false,0,3,3,3,ARCHER:8;SPIDER:9,ARCHER:7;GOLEM:3;SPIDER:1
4331,0,0,true,,,utility,utility,3,75,54371861961,54371818340,9,0,BLUE,false,0,2,3,2,ARCHER:7;ASSASSIN:4;SPIDER:1,MAGE:7;SCORPION_RIDER:3
4332,0,0,true,,,utility,utility,3,75,54371861961,54371818340,9,0,BLUE,false,0,2,3,2,ARCHER:7;ASSASSIN:4;SPIDER:1,MAGE:7;SCORPION_RIDER:3
4333,0,0,true,,,utility,utility,3,75,54506477042,54506425183,4,0,GREEN,false,10,0,2,2,GARGOYLE:5;SCORPION_RIDER:5,ARCHER:4;ASSASSIN:7
4334,0,0,true,,,utility,utility,3,75,54506477042,54506425183,4,0,GREEN,false,10,0,2,2,GARGOYLE:5;SCORPION_RIDER:5,ARCHER:4;ASSASSIN:7
4335,0,0,true,,,utility,utility,3,75,54506484961,54506433100,93,0,,false,6,5,3,2,ARCHER:2;ASSASSIN:3;GOLEM:4,GARGOYLE:5;GOLEM:4
4336,0,0,true,,,utility,utility,3,75,54506484961,54506433100,93,0,,false,6,5,3,2,ARCHER:2;ASSASSIN:3;GOLEM:4,GARGOYLE:5;GOLEM:4
4337,0,0,true,,,utility,curriculum_pass,3,75,102487698042,102487749847,22,0,,false,7,1,2,4,GOBLIN:9;SCORPION_RIDER:6,ARCHER:1;ASSASSIN:9;GOBLIN:2
4338,0,0,true,,,curriculum_pass,utility,3,75,102487698042,102487749847,67,0,BLUE,false,0,1,2,4,GOBLIN:9;SCORPION_RIDER:6,ARCHER:1;ASSASSIN:9;GOBLIN:2
4339,0,0,true,,,utility,curriculum_pass,3,75,102495617042,102495674047,12,0,,false,8,8,2,3,GOLEM:4;MAGE:5,ARCHER:9;MAGE:3
4340,0,0,true,,,curriculum_pass,utility,3,75,102495617042,102495674047,15,0,BLUE,false,0,12,2,3,GOLEM:4;MAGE:5,ARCHER:9;MAGE:3
4341,0,0,true,,,utility,curriculum_pass,3,75,102503536042,102503484167,8,0,GREEN,false,20,0,3,2,GOBLIN:10;SPIDER:15,ARCHER:4;ASSASSIN:7
4342,0,0,true,,,curriculum_pass,utility,3,75,102503536042,102503484167,9,0,BLUE,false,0,7,3,2,GOBLIN:10;SPIDER:15,ARCHER:4;ASSASSIN:7
4343,0,0,true,,,utility,curriculum_pass,3,75,102511455042,102511441391,10,0,GREEN,false,15,0,2,3,GOBLIN:11;SCORPION_RIDER:5,ARCHER:1;ASSASSIN:5;GOBLIN:11
4344,0,0,true,,,curriculum_pass,utility,3,75,102511455042,102511441391,39,0,BLUE,false,0,2,2,3,GOBLIN:11;SCORPION_RIDER:5,ARCHER:1;ASSASSIN:5;GOBLIN:11
4345,0,0,true,,,utility,curriculum_pass,3,75,102519374042,102519365239,10,0,,false,18,18,3,3,GARGOYLE:5;GOBLIN:10;SPIDER:3,ARCHER:7;GOBLIN:10;SPIDER:1
4346,0,0,true,,,curriculum_pass,utility,3,75,102519374042,102519365239,17,0,BLUE,false,0,15,3,3,GARGOYLE:5;GOBLIN:10;SPIDER:3,ARCHER:7;GOBLIN:10;SPIDER:1
4347,0,0,true,,,utility,curriculum_pass,3,75,102527293042,102527305951,24,0,GREEN,false,9,0,2,3,MAGE:5;SCORPION_RIDER:5,ARCHER:1;GARGOYLE:6;SPIDER:9
4348,0,0,true,,,curriculum_pass,utility,3,75,102527293042,102527305951,13,0,BLUE,false,0,16,2,3,MAGE:5;SCORPION_RIDER:5,ARCHER:1;GARGOYLE:6;SPIDER:9
4349,0,0,true,,,utility,curriculum_pass,3,75,142082698042,142082651543,24,0,,false,15,3,2,3,SCORPION_RIDER:4;SPIDER:14,GOBLIN:1;SCORPION_RIDER:3;SPIDER:16
4350,0,0,true,,,curriculum_pass,utility,3,75,142082698042,142082651543,19,0,BLUE,false,0,10,2,3,SCORPION_RIDER:4;SPIDER:14,GOBLIN:1;SCORPION_RIDER:3;SPIDER:16
4351,0,0,true,,,utility,curriculum_pass,3,75,142082705961,142082757764,10,0,GREEN,false,12,0,3,4,GARGOYLE:2;GOBLIN:7;GOLEM:4,ARCHER:1;GOLEM:1;MAGE:8;SPIDER:1
4352,0,0,true,,,curriculum_pass,utility,3,75,142082705961,142082757764,21,0,BLUE,false,0,10,3,4,GARGOYLE:2;GOBLIN:7;GOLEM:4,ARCHER:1;GOLEM:1;MAGE:8;SPIDER:1
4353,0,0,true,,,utility,curriculum_pass,3,75,142082713880,142082766773,8,0,GREEN,false,17,0,4,3,GOBLIN:13;MAGE:5,ARCHER:7;GARGOYLE:4;GOBLIN:1
4354,0,0,true,,,curriculum_pass,utility,3,75,142082713880,142082766773,13,0,BLUE,false,0,10,4,3,GOBLIN:13;MAGE:5,ARCHER:7;GARGOYLE:4;GOBLIN:1
4355,0,0,true,,,utility,curriculum_pass,3,75,142090617042,142090575487,14,0,,false,15,6,3,3,GOBLIN:11;SCORPION_RIDER:5,GOLEM:2;MAGE:1;SCORPION_RIDER:6
4356,0,0,true,,,curriculum_pass,utility,3,75,142090617042,142090575487,37,0,BLUE,false,0,1,3,3,GOBLIN:11;SCORPION_RIDER:5,GOLEM:2;MAGE:1;SCORPION_RIDER:6
4357,0,0,true,,,utility,curriculum_pass,3,75,142090624961,142090568044,12,0,GREEN,false,6,0,2,3,MAGE:5;SCORPION_RIDER:5,ARCHER:4;SCORPION_RIDER:6;SPIDER:1
4358,0,0,true,,,curriculum_pass,utility,3,75,142090624961,142090568044,9,0,BLUE,false,0,8,2,3,MAGE:5;SCORPION_RIDER:5,ARCHER:4;SCORPION_RIDER:6;SPIDER:1
4359,0,0,true,,,utility,curriculum_pass,3,75,142090632880,142090575901,46,0,GREEN,false,4,0,3,3,ASSASSIN:7;GARGOYLE:3;SPIDER:1,GARGOYLE:8;GOBLIN:6
4360,0,0,true,,,curriculum_pass,utility,3,75,142090632880,142090575901,37,0,BLUE,false,0,8,3,3,ASSASSIN:7;GARGOYLE:3;SPIDER:1,GARGOYLE:8;GOBLIN:6
4361,0,0,true,,,utility,curriculum_pass,3,75,142098536042,142098516167,10,0,,false,20,7,3,3,GOBLIN:2;SCORPION_RIDER:3;SPIDER:15,GOLEM:7;SPIDER:1
4362,0,0,true,,,curriculum_pass,utility,3,75,142098536042,142098516167,25,0,,false,7,5,3,3,GOBLIN:2;SCORPION_RIDER:3;SPIDER:15,GOLEM:7;SPIDER:1
4363,0,0,true,,,utility,curriculum_pass,3,75,142098543961,142098525172,12,0,,false,17,9,3,3,GARGOYLE:6;GOBLIN:11,GARGOYLE:9;SPIDER:4
4364,0,0,true,,,curriculum_pass,utility,3,75,142098543961,142098525172,10,0,,false,17,13,3,3,GARGOYLE:6;GOBLIN:11,GARGOYLE:9;SPIDER:4
4365,0,0,true,,,utility,curriculum_pass,3,75,142098551880,142098500325,10,0,,false,11,9,3,3,ARCHER:7;GOBLIN:1;GOLEM:3,GOLEM:4;SCORPION_RIDER:4;SPIDER:1
4366,0,0,true,,,curriculum_pass,utility,3,75,142098551880,142098500325,21,0,BLUE,false,0,7,3,3,ARCHER:7;GOBLIN:1;GOLEM:3,GOLEM:4;SCORPION_RIDER:4;SPIDER:1
4367,0,0,true,,,utility,curriculum_pass,3,75,142106455042,142106473135,10,0,,false,21,10,3,2,ASSASSIN:3;SPIDER:18,GARGOYLE:6;SCORPION_RIDER:4
4368,0,0,true,,,curriculum_pass,utility,3,75,142106455042,142106473135,11,0,BLUE,false,0,9,3,2,ASSASSIN:3;SPIDER:18,GARGOYLE:6;SCORPION_RIDER:4
4369,0,0,true,,,utility,curriculum_pass,3,75,142106462961,142106448988,6,0,GREEN,false,10,0,3,3,ASSASSIN:8;GARGOYLE:2;GOBLIN:1,GOBLIN:1;SPIDER:24
4370,0,0,true,,,curriculum_pass,utility,3,75,142106462961,142106448988,23,0,BLUE,false,0,25,3,3,ASSASSIN:8;GARGOYLE:2;GOBLIN:1,GOBLIN:1;SPIDER:24
4371,0,0,true,,,utility,curriculum_pass,3,75,142106470880,142106457933,14,0,,false,13,5,3,2,ASSASSIN:7;GOBLIN:8,GARGOYLE:5;SCORPION_RIDER:5
4372,0,0,true,,,curriculum_pass,utility,3,75,142106470880,142106457933,25,0,BLUE,false,0,10,3,2,ASSASSIN:7;GOBLIN:8,GARGOYLE:5;SCORPION_RIDER:5
4373,0,0,true,,,utility,curriculum_pass,3,75,142114374042,142114398007,10,0,GREEN,false,9,0,3,3,GOLEM:4;SCORPION_RIDER:4;SPIDER:1,ARCHER:1;ASSASSIN:7;GOLEM:2
4374,0,0,true,,,curriculum_pass,utility,3,75,142114374042,142114398007,123,0,BLUE,false,0,1,3,3,GOLEM:4;SCORPION_RIDER:4;SPIDER:1,ARCHER:1;ASSASSIN:7;GOLEM:2
4375,0,0,true,,,utility,curriculum_pass,3,75,142114381961,142114405924,10,0,GREEN,false,17,0,3,3,GOBLIN:1;SCORPION_RIDER:4;SPIDER:13,GOLEM:3;SPIDER:15
4376,0,0,true,,,curriculum_pass,utility,3,75,142114381961,142114405924,15,0,BLUE,false,0,14,3,3,GOBLIN:1;SCORPION_RIDER:4;SPIDER:13,GOLEM:3;SPIDER:15
4377,0,0,true,,,utility,curriculum_pass,3,75,142114389880,142114398677,30,0,GREEN,false,10,0,3,2,GARGOYLE:5;GOLEM:2;SPIDER:6,GOLEM:3;SPIDER:15
4378,0,0,true,,,curriculum_pass,utility,3,75,142114389880,142114398677,27,0,BLUE,false,0,13,3,2,GARGOYLE:5;GOLEM:2;SPIDER:6,GOLEM:3;SPIDER:15
4379,0,0,true,,,utility,curriculum_pass,3,75,203652923042,203652866063,14,0,GREEN,false,8,0,4,2,ARCHER:4;ASSASSIN:1;GOBLIN:1;SCORPION_RIDER:5,GARGOYLE:5;SCORPION_RIDER:5
4380,0,0,true,,,curriculum_pass,utility,3,75,203652923042,203652866063,13,0,BLUE,false,0,8,4,2,ARCHER:4;ASSASSIN:1;GOBLIN:1;SCORPION_RIDER:5,GARGOYLE:5;SCORPION_RIDER:5
4381,0,0,true,,,utility,curriculum_pass,3,75,203652930961,203652973372,20,0,GREEN,false,6,0,3,2,GARGOYLE:5;GOBLIN:12;SPIDER:1,GOBLIN:11;GOLEM:4
4382,0,0,true,,,curriculum_pass,utility,3,75,203652930961,203652973372,25,0,BLUE,false,0,11,3,2,GARGOYLE:5;GOBLIN:12;SPIDER:1,GOBLIN:11;GOLEM:4
4383,0,0,true,,,utility,curriculum_pass,3,75,203652938880,203652981293,20,0,GREEN,false,8,0,3,3,GARGOYLE:6;GOBLIN:1;MAGE:4,GARGOYLE:2;MAGE:8;SPIDER:1
4384,0,0,true,,,curriculum_pass,utility,3,75,203652938880,203652981293,27,0,BLUE,false,0,11,3,3,GARGOYLE:6;GOBLIN:1;MAGE:4,GARGOYLE:2;MAGE:8;SPIDER:1
4385,0,0,true,,,utility,curriculum_pass,3,75,203652946799,203652957634,16,0,GREEN,false,7,0,3,3,ASSASSIN:4;GOBLIN:2;GOLEM:4,ARCHER:6;GARGOYLE:5;GOBLIN:1
4386,0,0,true,,,curriculum_pass,utility,3,75,203652946799,203652957634,17,0,BLUE,false,0,11,3,3,ASSASSIN:4;GOBLIN:2;GOLEM:4,ARCHER:6;GARGOYLE:5;GOBLIN:1
4387,0,0,true,,,utility,curriculum_pass,3,75,142122293042,142122338719,8,0,GREEN,false,8,0,3,3,GOLEM:3;SCORPION_RIDER:5;SPIDER:1,ARCHER:7;MAGE:1;SCORPION_RIDER:3
4388,0,0,true,,,curriculum_pass,utility,3,75,142122293042,142122338719,13,0,BLUE,false,0,9,3,3,GOLEM:3;SCORPION_RIDER:5;SPIDER:1,ARCHER:7;MAGE:1;SCORPION_RIDER:3
4389,0,0,true,,,utility,curriculum_pass,3,75,142122300961,142122346636,12,0,GREEN,false,10,0,3,3,GOBLIN:1;MAGE:8;SCORPION_RIDER:2,ASSASSIN:8;GOLEM:1;MAGE:1
4390,0,0,true,,,curriculum_pass,utility,3,75,142122300961,142122346636,7,0,BLUE,false,0,8,3,3,GOBLIN:1;MAGE:8;SCORPION_RIDER:2,ASSASSIN:8;GOLEM:1;MAGE:1
4391,0,0,true,,,utility,curriculum_pass,3,75,142122308880,142122322877,6,0,GREEN,false,10,0,3,3,GOBLIN:1;SCORPION_RIDER:9,ARCHER:7;MAGE:4;SPIDER:1
4392,0,0,true,,,curriculum_pass,utility,3,75,142122308880,142122322877,15,0,BLUE,false,0,12,3,3,GOBLIN:1;SCORPION_RIDER:9,ARCHER:7;MAGE:4;SPIDER:1
4393,0,0,true,,,utility,curriculum_pass,3,75,203660842042,203660790423,188,0,GREEN,false,5,0,3,3,ARCHER:1;GOLEM:4;MAGE:4,GOBLIN:11;GOLEM:4
4394,0,0,true,,,curriculum_pass,utility,3,75,203660842042,203660790423,17,0,,false,8,15,3,3,ARCHER:1;GOLEM:4;MAGE:4,GOBLIN:11;GOLEM:4
4395,0,0,true,,,utility,curriculum_pass,3,75,203660849961,203660799364,18,0,GREEN,false,13,0,3,3,ARCHER:4;GARGOYLE:6;SPIDER:3,ARCHER:1;MAGE:3;SCORPION_RIDER:6
4396,0,0,true,,,curriculum_pass,utility,3,75,203660849961,203660799364,15,0,BLUE,false,0,10,3,3,ARCHER:4;GARGOYLE:6;SPIDER:3,ARCHER:1;MAGE:3;SCORPION_RIDER:6
4397,0,0,true,,,utility,curriculum_pass,3,75,203660857880,203660905653,12,0,GREEN,false,12,0,3,3,ARCHER:4;SCORPION_RIDER:5;SPIDER:3,ASSASSIN:7;GARGOYLE:3;SPIDER:1
4398,0,0,true,,,curriculum_pass,utility,3,75,203660857880,203660905653,15,0,,false,5,11,3,3,ARCHER:4;SCORPION_RIDER:5;SPIDER:3,ASSASSIN:7;GARGOYLE:3;SPIDER:1
4399,0,0,true,,,utility,curriculum_pass,3,75,203660865799,203660914602,10,0,GREEN,false,19,0,2,3,ARCHER:5;SPIDER:15,GOLEM:4;SPIDER:11
4400,0,0,true,,,curriculum_pass,utility,3,75,203660865799,203660914602,15,0,BLUE,false,0,12,2,3,ARCHER:5;SPIDER:15,GOLEM:4;SPIDER:11
4401,0,0,true,,,utility,curriculum_pass,3,75,142130212042,142130164327,14,0,,false,9,10,3,3,ARCHER:8;GOBLIN:1;SCORPION_RIDER:3,ASSASSIN:6;GOBLIN:11
4402,0,0,true,,,curriculum_pass,utility,3,75,142130212042,142130164327,15,0,,false,9,14,3,3,ARCHER:8;GOBLIN:1;SCORPION_RIDER:3,ASSASSIN:6;GOBLIN:11
4403,0,0,true,,,utility,curriculum_pass,3,75,142130219961,142130271508,10,0,,false,11,12,3,3,GARGOYLE:6;MAGE:4;SPIDER:1,ARCHER:8;SCORPION_RIDER:3;SPIDER:1
4404,0,0,true,,,curriculum_pass,utility,3,75,142130219961,142130271508,21,0,,false,6,12,3,3,GARGOYLE:6;MAGE:4;SPIDER:1,ARCHER:8;SCORPION_RIDER:3;SPIDER:1
4405,0,0,true,,,utility,curriculum_pass,3,75,142130227880,142130279429,10,0,,false,10,16,3,2,GARGOYLE:4;GOLEM:4;SPIDER:2,GOBLIN:11;SCORPION_RIDER:5
4406,0,0,true,,,curriculum_pass,utility,3,75,142130227880,142130279429,13,0,BLUE,false,0,10,3,2,GARGOYLE:4;GOLEM:4;SPIDER:2,GOBLIN:11;SCORPION_RIDER:5
4407,0,0,true,,,utility,curriculum_pass,3,75,142138131042,142138088655,6,0,GREEN,false,11,0,3,3,ARCHER:4;GOBLIN:1;SCORPION_RIDER:6,ARCHER:3;ASSASSIN:8
4408,0,0,true,,,curriculum_pass,utility,3,75,142138131042,142138088655,17,0,BLUE,false,0,3,3,3,ARCHER:4;GOBLIN:1;SCORPION_RIDER:6,ARCHER:3;ASSASSIN:8
4409,0,0,true,,,utility,curriculum_pass,3,75,142138138961,142138097660,12,0,,false,17,8,3,3,GOBLIN:12;MAGE:1;SCORPION_RIDER:4,ARCHER:8;SPIDER:9
4410,0,0,true,,,curriculum_pass,utility,3,75,142138138961,142138097660,15,0,,false,12,17,3,3,GOBLIN:12;MAGE:1;SCORPION_RIDER:4,ARCHER:8;SPIDER:9
4411,0,0,true,,,utility,curriculum_pass,3,75,142138146880,142138203885,20,0,,false,8,8,3,3,GOBLIN:1;MAGE:10,ARCHER:9;SPIDER:7
4412,0,0,true,,,curriculum_pass,utility,3,75,142138146880,142138203885,11,0,BLUE,false,0,14,3,3,GOBLIN:1;MAGE:10,ARCHER:9;SPIDER:7
4413,0,0,true,,,utility,curriculum_pass,3,75,142146050042,142146029911,10,0,GREEN,false,8,0,3,3,ARCHER:9;GOLEM:2,ARCHER:8;SPIDER:9
4414,0,0,true,,,curriculum_pass,utility,3,75,142146050042,142146029911,11,0,BLUE,false,0,11,3,3,ARCHER:9;GOLEM:2,ARCHER:8;SPIDER:9
4415,0,0,true,,,utility,curriculum_pass,3,75,142146057961,142146037828,20,0,GREEN,false,9,0,3,2,GARGOYLE:6;GOLEM:3;SPIDER:1,GARGOYLE:5;GOLEM:4
4416,0,0,true,,,curriculum_pass,utility,3,75,142146057961,142146037828,23,0,BLUE,false,0,9,3,2,GARGOYLE:6;GOLEM:3;SPIDER:1,GARGOYLE:5;GOLEM:4
4417,0,0,true,,,utility,curriculum_pass,3,75,142146065880,142146014069,10,0,,false,10,19,3,2,GARGOYLE:1;GOLEM:1;MAGE:8,ASSASSIN:4;SPIDER:15
4418,0,0,true,,,curriculum_pass,utility,3,75,142146065880,142146014069,23,0,,false,6,15,3,2,GARGOYLE:1;GOLEM:1;MAGE:8,ASSASSIN:4;SPIDER:15
4419,0,0,true,,,utility,curriculum_pass,3,75,142153969042,142153986879,14,0,GREEN,false,21,0,3,3,GOBLIN:11;MAGE:1;SPIDER:11,GARGOYLE:5;MAGE:5;SPIDER:1
4420,0,0,true,,,curriculum_pass,utility,3,75,142153969042,142153986879,15,0,BLUE,false,0,11,3,3,GOBLIN:11;MAGE:1;SPIDER:11,GARGOYLE:5;MAGE:5;SPIDER:1
4421,0,0,true,,,utility,curriculum_pass,3,75,142153976961,142153962028,12,0,,false,8,9,4,3,GOLEM:6;SCORPION_RIDER:1;SPIDER:2,ARCHER:8;GOLEM:2;MAGE:1
4422,0,0,true,,,curriculum_pass,utility,3,75,142153976961,142153962028,17,0,BLUE,false,0,10,4,3,GOLEM:6;SCORPION_RIDER:1;SPIDER:2,ARCHER:8;GOLEM:2;MAGE:1
4423,0,0,true,,,utility,curriculum_pass,3,75,142153984880,142153971165,10,0,,false,17,8,3,3,GARGOYLE:5;MAGE:1;SPIDER:11,GOBLIN:1;GOLEM:7
4424,0,0,true,,,curriculum_pass,utility,3,75,142153984880,142153971165,25,0,BLUE,false,0,8,3,3,GARGOYLE:5;MAGE:1;SPIDER:11,GOBLIN:1;GOLEM:7
4425,0,0,true,,,utility,curriculum_pass,3,75,61784038042,61784015927,14,0,GREEN,false,12,0,3,3,ARCHER:7;GARGOYLE:4;GOBLIN:1,ASSASSIN:3;GARGOYLE:6;GOLEM:1
4426,0,0,true,,,curriculum_pass,utility,3,75,61784038042,61784015927,17,0,BLUE,false,0,6,3,3,ARCHER:7;GARGOYLE:4;GOBLIN:1,ASSASSIN:3;GARGOYLE:6;GOLEM:1
4427,0,0,true,,,utility,curriculum_pass,3,75,61784045961,61784024868,10,0,GREEN,false,12,0,3,3,GARGOYLE:6;GOBLIN:11,ARCHER:7;GOBLIN:11
4428,0,0,true,,,curriculum_pass,utility,3,75,61784045961,61784024868,19,0,BLUE,false,0,9,3,3,GARGOYLE:6;GOBLIN:11,ARCHER:7;GOBLIN:11
4429,0,0,true,,,utility,utility,3,75,61918661042,61918615327,7,0,BLUE,false,0,4,2,3,MAGE:5;SCORPION_RIDER:5,GOBLIN:1;GOLEM:3;SCORPION_RIDER:5
4430,0,0,true,,,utility,utility,3,75,61918661042,61918615327,7,0,BLUE,false,0,4,2,3,MAGE:5;SCORPION_RIDER:5,GOBLIN:1;GOLEM:3;SCORPION_RIDER:5
4431,0,0,true,,,utility,utility,3,75,61918668961,61918623244,22,0,GREEN,false,3,0,3,3,GARGOYLE:4;SPIDER:15,GOBLIN:11;SCORPION_RIDER:5
4432,0,0,true,,,utility,utility,3,75,61918668961,61918623244,22,0,GREEN,false,3,0,3,3,GARGOYLE:4;SPIDER:15,GOBLIN:11;SCORPION_RIDER:5
4433,0,0,true,,,utility,utility,3,75,62053284042,62053230183,6,0,GREEN,false,11,0,3,3,ASSASSIN:3;GOBLIN:2;SCORPION_RIDER:6,ASSASSIN:2;GOBLIN:1;MAGE:8
4434,0,0,true,,,utility,utility,3,75,62053284042,62053230183,6,0,GREEN,false,9,0,3,3,ASSASSIN:3;GOBLIN:2;SCORPION_RIDER:6,ASSASSIN:2;GOBLIN:1;MAGE:8
4435,0,0,true,,,utility,utility,3,75,62053291961,62053337364,8,0,GREEN,false,8,0,3,3,GOBLIN:1;MAGE:4;SPIDER:14,ASSASSIN:5;GARGOYLE:5;SPIDER:1
4436,0,0,true,,,utility,utility,3,75,62053291961,62053337364,13,0,BLUE,false,0,4,3,3,GOBLIN:1;MAGE:4;SPIDER:14,ASSASSIN:5;GARGOYLE:5;SPIDER:1
4437,0,0,true,,,utility,utility,3,75,62187907042,62187960655,3,0,BLUE,false,0,16,2,2,ARCHER:3;ASSASSIN:8,GOBLIN:11;SCORPION_RIDER:5
4438,0,0,true,,,utility,utility,3,75,62187907042,62187960655,3,0,BLUE,false,0,16,2,2,ARCHER:3;ASSASSIN:8,GOBLIN:11;SCORPION_RIDER:5
4439,0,0,true,,,utility,utility,3,75,62187914961,62187935868,19,0,,false,13,6,3,3,GOBLIN:1;SCORPION_RIDER:5;SPIDER:10,GARGOYLE:10;SPIDER:1
4440,0,0,true,,,utility,utility,3,75,62187914961,62187935868,19,0,,false,13,6,3,3,GOBLIN:1;SCORPION_RIDER:5;SPIDER:10,GARGOYLE:10;SPIDER:1
4441,0,0,true,,,utility,curriculum_pass,3,75,103279598042,103279576951,8,0,GREEN,false,11,0,2,3,ARCHER:4;MAGE:7,ASSASSIN:10;GOBLIN:1
4442,0,0,true,,,curriculum_pass,utility,3,75,103279598042,103279576951,5,0,BLUE,false,0,11,2,3,ARCHER:4;MAGE:7,ASSASSIN:10;GOBLIN:1
4443,0,0,true,,,utility,curriculum_pass,3,75,103287517042,103287534047,10,0,GREEN,false,21,0,4,2,ASSASSIN:1;GOBLIN:22,ASSASSIN:7;SPIDER:8
4444,0,0,true,,,curriculum_pass,utility,3,75,103287517042,103287534047,11,0,,false,19,11,4,2,ASSASSIN:1;GOBLIN:22,ASSASSIN:7;SPIDER:8
4445,0,0,true,,,utility,curriculum_pass,3,75,103295436042,103295458215,26,0,GREEN,false,10,0,4,3,ASSASSIN:1;GOBLIN:3;MAGE:8;SPIDER:1,GARGOYLE:10;GOBLIN:1
4446,0,0,true,,,curriculum_pass,utility,3,75,103295436042,103295458215,15,0,BLUE,false,0,10,4,3,ASSASSIN:1;GOBLIN:3;MAGE:8;SPIDER:1,GARGOYLE:10;GOBLIN:1
4447,0,0,true,,,utility,curriculum_pass,3,75,103303355042,103303398415,10,0,GREEN,false,18,0,3,3,ARCHER:1;ASSASSIN:3;SPIDER:16,GOBLIN:9;SCORPION_RIDER:5;SPIDER:2
4448,0,0,true,,,curriculum_pass,utility,3,75,103303355042,103303398415,9,0,BLUE,false,0,15,3,3,ARCHER:1;ASSASSIN:3;SPIDER:16,GOBLIN:9;SCORPION_RIDER:5;SPIDER:2
4449,0,0,true,,,utility,curriculum_pass,3,75,103311274042,103311224471,8,0,GREEN,false,12,0,3,3,ARCHER:7;GOBLIN:1;MAGE:4,ASSASSIN:7;MAGE:3;SPIDER:1
4450,0,0,true,,,curriculum_pass,utility,3,75,103311274042,103311224471,7,0,BLUE,false,0,10,3,3,ARCHER:7;GOBLIN:1;MAGE:4,ASSASSIN:7;MAGE:3;SPIDER:1
4451,0,0,true,,,utility,curriculum_pass,3,75,103319193042,103319149439,14,0,,false,13,5,3,2,GARGOYLE:3;SCORPION_RIDER:1;SPIDER:15,GARGOYLE:5;SPIDER:13
4452,0,0,true,,,curriculum_pass,utility,3,75,103319193042,103319149439,13,0,BLUE,false,0,8,3,2,GARGOYLE:3;SCORPION_RIDER:1;SPIDER:15,GARGOYLE:5;SPIDER:13
4453,0,0,true,,,utility,curriculum_pass,3,75,142874598042,142874608695,10,0,GREEN,false,13,0,3,2,SCORPION_RIDER:6;SPIDER:9,ASSASSIN:7;SCORPION_RIDER:3
4454,0,0,true,,,curriculum_pass,utility,3,75,142874598042,142874608695,19,0,,false,6,1,3,2,SCORPION_RIDER:6;SPIDER:9,ASSASSIN:7;SCORPION_RIDER:3
4455,0,0,true,,,utility,curriculum_pass,3,75,142874605961,142874617636,18,0,GREEN,false,15,0,2,2,ARCHER:8;GOBLIN:9,GOBLIN:11;GOLEM:4
4456,0,0,true,,,curriculum_pass,utility,3,75,142874605961,142874617636,21,0,BLUE,false,0,14,2,2,ARCHER:8;GOBLIN:9,GOBLIN:11;GOLEM:4
4457,0,0,true,,,utility,curriculum_pass,3,75,142874613880,142874592981,10,0,GREEN,false,8,0,3,3,ASSASSIN:8;GOBLIN:1;MAGE:2,ARCHER:8;GOLEM:2;MAGE:1
4458,0,0,true,,,curriculum_pass,utility,3,75,142874613880,142874592981,9,0,BLUE,false,0,11,3,3,ASSASSIN:8;GOBLIN:1;MAGE:2,ARCHER:8;GOLEM:2;MAGE:1
4459,0,0,true,,,utility,curriculum_pass,3,75,142882517042,142882565791,10,0,GREEN,false,12,0,3,3,ASSASSIN:4;SPIDER:15,ARCHER:5;SPIDER:15
4460,0,0,true,,,curriculum_pass,utility,3,75,142882517042,142882565791,9,0,BLUE,false,0,14,3,3,ASSASSIN:4;SPIDER:15,ARCHER:5;SPIDER:15
4461,0,0,true,,,utility,curriculum_pass,3,75,142882524961,142882541964,6,0,GREEN,false,14,0,2,2,ASSASSIN:8;GOBLIN:6,MAGE:8;SPIDER:6
4462,0,0,true,,,curriculum_pass,utility,3,75,142882524961,142882541964,11,0,BLUE,false,0,14,2,2,ASSASSIN:8;GOBLIN:6,MAGE:8;SPIDER:6
4463,0,0,true,,,utility,curriculum_pass,3,75,142882532880,142882549949,12,0,GREEN,false,12,0,3,3,ASSASSIN:4;GARGOYLE:5;GOBLIN:4,MAGE:10;SPIDER:1
4464,0,0,true,,,curriculum_pass,utility,3,75,142882532880,142882549949,21,0,BLUE,false,0,9,3,3,ASSASSIN:4;GARGOYLE:5;GOBLIN:4,MAGE:10;SPIDER:1
4465,0,0,true,,,utility,curriculum_pass,3,75,204421066042,204421018519,14,0,GREEN,false,6,0,3,3,GOBLIN:10;MAGE:5;SCORPION_RIDER:1,ARCHER:1;GARGOYLE:3;SCORPION_RIDER:6
4466,0,0,true,,,curriculum_pass,utility,3,75,204421066042,204421018519,9,0,BLUE,false,0,10,3,3,GOBLIN:10;MAGE:5;SCORPION_RIDER:1,ARCHER:1;GARGOYLE:3;SCORPION_RIDER:6
4467,0,0,true,,,utility,curriculum_pass,3,75,204421073961,204421124740,10,0,GREEN,false,9,0,3,3,ARCHER:4;GOBLIN:3;SCORPION_RIDER:5,ARCHER:1;MAGE:3;SCORPION_RIDER:6
4468,0,0,true,,,curriculum_pass,utility,3,75,204421073961,204421124740,10,0,,false,12,10,3,3,ARCHER:4;GOBLIN:3;SCORPION_RIDER:5,ARCHER:1;MAGE:3;SCORPION_RIDER:6
4469,0,0,true,,,utility,curriculum_pass,3,75,204421081880,204421133749,36,0,,false,1,2,3,3,MAGE:10;SPIDER:1,ARCHER:7;SPIDER:11
4470,0,0,true,,,curriculum_pass,utility,3,75,204421081880,204421133749,9,0,BLUE,false,0,17,3,3,MAGE:10;SPIDER:1,ARCHER:7;SPIDER:11
4471,0,0,true,,,utility,curriculum_pass,3,75,204421089799,204421108906,10,0,GREEN,false,10,0,3,3,GARGOYLE:6;GOLEM:3;SPIDER:1,MAGE:10;SPIDER:1
4472,0,0,true,,,curriculum_pass,utility,3,75,204421089799,204421108906,33,0,BLUE,false,0,11,3,3,GARGOYLE:6;GOLEM:3;SPIDER:1,MAGE:10;SPIDER:1
4473,0,0,true,,,utility,curriculum_pass,3,75,142890436042,142890490727,28,0,GREEN,false,1,0,3,3,GOBLIN:5;MAGE:8;SPIDER:1,ARCHER:9;GARGOYLE:3
4474,0,0,true,,,curriculum_pass,utility,3,75,142890436042,142890490727,13,0,BLUE,false,0,10,3,3,GOBLIN:5;MAGE:8;SPIDER:1,ARCHER:9;GARGOYLE:3
4475,0,0,true,,,utility,curriculum_pass,3,75,142890443961,142890498580,24,0,GREEN,false,18,0,3,3,ARCHER:7;GOBLIN:10;SPIDER:1,GOBLIN:1;GOLEM:4;SCORPION_RIDER:4
4476,0,0,true,,,curriculum_pass,utility,3,75,142890443961,142890498580,13,0,BLUE,false,0,7,3,3,ARCHER:7;GOBLIN:10;SPIDER:1,GOBLIN:1;GOLEM:4;SCORPION_RIDER:4
4477,0,0,true,,,utility,curriculum_pass,3,75,142890451880,142890474757,20,0,,false,15,5,3,3,GOLEM:4;SPIDER:11,GOBLIN:11;SCORPION_RIDER:5
4478,0,0,true,,,curriculum_pass,utility,3,75,142890451880,142890474757,11,0,BLUE,false,0,11,3,3,GOLEM:4;SPIDER:11,GOBLIN:11;SCORPION_RIDER:5
4479,0,0,true,,,utility,curriculum_pass,3,75,142898355042,142898300367,38,0,GREEN,false,3,0,3,4,ASSASSIN:8;GOLEM:1;SPIDER:3,ARCHER:1;GOBLIN:7;SCORPION_RIDER:6
4480,0,0,true,,,curriculum_pass,utility,3,75,142898355042,142898300367,9,0,BLUE,false,0,12,3,4,ASSASSIN:8;GOLEM:1;SPIDER:3,ARCHER:1;GOBLIN:7;SCORPION_RIDER:6
4481,0,0,true,,,utility,curriculum_pass,3,75,142898362961,142898308348,14,0,GREEN,false,17,0,3,3,ARCHER:8;SPIDER:9,ASSASSIN:7;GOBLIN:2;GOLEM:2
4482,0,0,true,,,curriculum_pass,utility,3,75,142898362961,142898308348,11,0,BLUE,false,0,9,3,3,ARCHER:8;SPIDER:9,ASSASSIN:7;GOBLIN:2;GOLEM:2
4483,0,0,true,,,utility,curriculum_pass,3,75,142898370880,142898415597,16,0,GREEN,false,8,0,3,3,GOBLIN:1;SCORPION_RIDER:9,GARGOYLE:1;GOLEM:4;SPIDER:9
4484,0,0,true,,,curriculum_pass,utility,3,75,142898370880,142898415597,10,0,,false,10,14,3,3,GOBLIN:1;SCORPION_RIDER:9,GARGOYLE:1;GOLEM:4;SPIDER:9
4485,0,0,true,,,utility,curriculum_pass,3,75,142906274042,142906256983,201,0,,true,10,2,3,2,ARCHER:1;GOLEM:2;MAGE:7,ASSASSIN:5;GOLEM:4
4486,0,0,true,,,curriculum_pass,utility,3,75,142906274042,142906256983,21,0,,false,2,4,3,2,ARCHER:1;GOLEM:2;MAGE:7,ASSASSIN:5;GOLEM:4
4487,0,0,true,,,utility,curriculum_pass,3,75,142906281961,142906233156,10,0,,false,8,16,3,3,ASSASSIN:5;GOLEM:4,GARGOYLE:5;GOBLIN:11;SPIDER:2
4488,0,0,true,,,curriculum_pass,utility,3,75,142906281961,142906233156,25,0,,false,3,9,3,3,ASSASSIN:5;GOLEM:4,GARGOYLE:5;GOBLIN:11;SPIDER:2
4489,0,0,true,,,utility,curriculum_pass,3,75,142906289880,142906241141,12,0,GREEN,false,11,0,3,3,ARCHER:4;SCORPION_RIDER:6;SPIDER:1,ARCHER:1;ASSASSIN:7;GOLEM:2
4490,0,0,true,,,curriculum_pass,utility,3,75,142906289880,142906241141,11,0,,false,6,10,3,3,ARCHER:4;SCORPION_RIDER:6;SPIDER:1,ARCHER:1;ASSASSIN:7;GOLEM:2
4491,0,0,true,,,utility,curriculum_pass,3,75,142914193042,142914181183,10,0,,false,14,22,2,3,ASSASSIN:8;SPIDER:6,GOBLIN:25
4492,0,0,true,,,curriculum_pass,utility,3,75,142914193042,142914181183,7,0,BLUE,false,0,21,2,3,ASSASSIN:8;SPIDER:6,GOBLIN:25
4493,0,0,true,,,utility,curriculum_pass,3,75,142914200961,142914190124,16,0,GREEN,false,6,0,3,3,ASSASSIN:8;GOBLIN:1;SPIDER:5,ARCHER:4;SCORPION_RIDER:6;SPIDER:1
4494,0,0,true,,,curriculum_pass,utility,3,75,142914200961,142914190124,9,0,BLUE,false,0,11,3,3,ASSASSIN:8;GOBLIN:1;SPIDER:5,ARCHER:4;SCORPION_RIDER:6;SPIDER:1
4495,0,0,true,,,utility,curriculum_pass,3,75,142914208880,142914165469,14,0,GREEN,false,6,0,3,2,GOLEM:4;MAGE:5,GOBLIN:6;MAGE:8
4496,0,0,true,,,curriculum_pass,utility,3,75,142914208880,142914165469,25,0,BLUE,false,0,14,3,2,GOLEM:4;MAGE:5,GOBLIN:6;MAGE:8
4497,0,0,true,,,utility,curriculum_pass,3,75,142922112042,142922121863,104,0,,false,20,13,3,3,SCORPION_RIDER:3;SPIDER:17,GOBLIN:12;SPIDER:13
4498,0,0,true,,,curriculum_pass,utility,3,75,142922112042,142922121863,10,0,,false,20,25,3,3,SCORPION_RIDER:3;SPIDER:17,GOBLIN:12;SPIDER:13
4499,0,0,true,,,utility,curriculum_pass,3,75,142922119961,142922130868,16,0,GREEN,false,6,0,2,3,GOBLIN:11;GOLEM:4,SCORPION_RIDER:9;SPIDER:1
4500,0,0,true,,,curriculum_pass,utility,3,75,142922119961,142922130868,13,0,BLUE,false,0,7,2,3,GOBLIN:11;GOLEM:4,SCORPION_RIDER:9;SPIDER:1
4501,0,0,true,,,utility,curriculum_pass,3,75,142922127880,142922106021,16,0,GREEN,false,9,0,3,3,GOBLIN:11;GOLEM:4,GOBLIN:1;GOLEM:3;SPIDER:14
4502,0,0,true,,,curriculum_pass,utility,3,75,142922127880,142922106021,21,0,BLUE,false,0,14,3,3,GOBLIN:11;GOLEM:4,GOBLIN:1;GOLEM:3;SPIDER:14
4503,0,0,true,,,utility,curriculum_pass,3,75,142930031042,142930079599,28,0,,false,11,3,3,2,MAGE:10;SPIDER:1,ARCHER:3;ASSASSIN:8
4504,0,0,true,,,curriculum_pass,utility,3,75,142930031042,142930079599,9,0,BLUE,false,0,11,3,2,MAGE:10;SPIDER:1,ARCHER:3;ASSASSIN:8
4505,0,0,true,,,utility,curriculum_pass,3,75,142930038961,142930054684,8,0,GREEN,false,9,0,3,3,GOBLIN:1;GOLEM:4;SCORPION_RIDER:4,ASSASSIN:4;GARGOYLE:5;GOBLIN:4
4506,0,0,true,,,curriculum_pass,utility,3,75,142930038961,142930054684,39,0,BLUE,false,0,5,3,3,GOBLIN:1;GOLEM:4;SCORPION_RIDER:4,ASSASSIN:4;GARGOYLE:5;GOBLIN:4
4507,0,0,true,,,utility,curriculum_pass,3,75,142930046880,142930063629,12,0,GREEN,false,18,0,3,3,GOBLIN:2;GOLEM:2;SPIDER:16,ASSASSIN:8;GOBLIN:6
4508,0,0,true,,,curriculum_pass,utility,3,75,142930046880,142930063629,13,0,BLUE,false,0,7,3,3,GOBLIN:2;GOLEM:2;SPIDER:16,ASSASSIN:8;GOBLIN:6
4509,0,0,true,,,utility,curriculum_pass,3,75,142937950042,142938003959,14,0,BLUE,false,0,6,2,3,ARCHER:3;MAGE:8,ARCHER:7;GARGOYLE:4;GOBLIN:1
4510,0,0,true,,,curriculum_pass,utility,3,75,142937950042,142938003959,9,0,BLUE,false,0,9,2,3,ARCHER:3;MAGE:8,ARCHER:7;GARGOYLE:4;GOBLIN:1
4511,0,0,true,,,utility,curriculum_pass,3,75,142937957961,142938011876,14,0,GREEN,false,19,0,2,4,GOBLIN:10;SPIDER:15,ARCHER:7;ASSASSIN:1;GOBLIN:1;MAGE:3
4512,0,0,true,,,curriculum_pass,utility,3,75,142937957961,142938011876,19,0,BLUE,false,0,11,2,4,GOBLIN:10;SPIDER:15,ARCHER:7;ASSASSIN:1;GOBLIN:1;MAGE:3
4513,0,0,true,,,utility,curriculum_pass,3,75,142937965880,142937987989,8,0,GREEN,false,5,0,2,3,ARCHER:4;ASSASSIN:7,ASSASSIN:10;GOBLIN:1
4514,0,0,true,,,curriculum_pass,utility,3,75,142937965880,142937987989,9,0,BLUE,false,0,1,2,3,ARCHER:4;ASSASSIN:7,ASSASSIN:10;GOBLIN:1
4515,0,0,true,,,utility,curriculum_pass,3,75,142945869042,142945813087,12,0,GREEN,false,9,0,3,3,GOBLIN:12;SCORPION_RIDER:4;SPIDER:2,ARCHER:4;SCORPION_RIDER:6;SPIDER:1
4516,0,0,true,,,curriculum_pass,utility,3,75,142945869042,142945813087,11,0,BLUE,false,0,11,3,3,GOBLIN:12;SCORPION_RIDER:4;SPIDER:2,ARCHER:4;SCORPION_RIDER:6;SPIDER:1
4517,0,0,true,,,utility,curriculum_pass,3,75,142945876961,142945822028,20,0,,false,8,1,3,3,ARCHER:7;ASSASSIN:4;GOBLIN:1,ASSASSIN:4;GARGOYLE:5;GOLEM:1
4518,0,0,true,,,curriculum_pass,utility,3,75,142945876961,142945822028,11,0,BLUE,false,0,7,3,3,ARCHER:7;ASSASSIN:4;GOBLIN:1,ASSASSIN:4;GARGOYLE:5;GOLEM:1
4519,0,0,true,,,utility,curriculum_pass,3,75,142945884880,142945928317,10,0,,false,18,12,3,3,GOBLIN:14;SCORPION_RIDER:4,ARCHER:9;GARGOYLE:3
4520,0,0,true,,,curriculum_pass,utility,3,75,142945884880,142945928317,10,0,,false,18,12,3,3,GOBLIN:14;SCORPION_RIDER:4,ARCHER:9;GARGOYLE:3
4521,0,0,true,,,utility,curriculum_pass,3,75,104071498042,104071550871,20,0,GREEN,false,10,0,3,2,ASSASSIN:3;GOBLIN:18,GARGOYLE:5;GOLEM:4
4522,0,0,true,,,curriculum_pass,utility,3,75,104071498042,104071550871,19,0,BLUE,false,0,9,3,2,ASSASSIN:3;GOBLIN:18,GARGOYLE:5;GOLEM:4
4523,0,0,true,,,utility,curriculum_pass,3,75,104079417042,104079360127,16,0,,false,10,1,3,3,ARCHER:5;GOBLIN:1;GOLEM:4,ASSASSIN:7;SPIDER:8
4524,0,0,true,,,curriculum_pass,utility,3,75,104079417042,104079360127,21,0,BLUE,false,0,8,3,3,ARCHER:5;GOBLIN:1;GOLEM:4,ASSASSIN:7;SPIDER:8
4525,0,0,true,,,utility,curriculum_pass,3,75,104087336042,104087317191,12,0,GREEN,false,10,0,3,3,ARCHER:4;SCORPION_RIDER:6;SPIDER:1,GOBLIN:1;GOLEM:3;SCORPION_RIDER:5
4526,0,0,true,,,curriculum_pass,utility,3,75,104087336042,104087317191,19,0,BLUE,false,0,1,3,3,ARCHER:4;SCORPION_RIDER:6;SPIDER:1,GOBLIN:1;GOLEM:3;SCORPION_RIDER:5
4527,0,0,true,,,utility,curriculum_pass,3,75,104095255042,104095241391,12,0,GREEN,false,12,0,3,3,ARCHER:7;GARGOYLE:4;SPIDER:1,ASSASSIN:8;GOBLIN:1;SCORPION_RIDER:2
4528,0,0,true,,,curriculum_pass,utility,3,75,104095255042,104095241391,9,0,BLUE,false,0,9,3,3,ARCHER:7;GARGOYLE:4;SPIDER:1,ASSASSIN:8;GOBLIN:1;SCORPION_RIDER:2
4529,0,0,true,,,utility,curriculum_pass,3,75,104103174042,104103182647,22,0,GREEN,false,18,0,3,2,MAGE:5;SPIDER:13,ASSASSIN:5;GOLEM:4
4530,0,0,true,,,curriculum_pass,utility,3,75,104103174042,104103182647,7,0,BLUE,false,0,9,3,2,MAGE:5;SPIDER:13,ASSASSIN:5;GOLEM:4
4531,0,0,true,,,utility,curriculum_pass,3,75,104111093042,104111139743,10,0,GREEN,false,14,0,3,3,GARGOYLE:1;GOBLIN:9;GOLEM:4,ARCHER:8;MAGE:3;SPIDER:2
4532,0,0,true,,,curriculum_pass,utility,3,75,104111093042,104111139743,15,0,BLUE,false,0,13,3,3,GARGOYLE:1;GOBLIN:9;GOLEM:4,ARCHER:8;MAGE:3;SPIDER:2
4533,0,0,true,,,utility,curriculum_pass,3,75,143666498042,143666452311,6,0,GREEN,false,11,0,2,3,ARCHER:7;SCORPION_RIDER:4,ASSASSIN:7;SPIDER:8
4534,0,0,true,,,curriculum_pass,utility,3,75,143666498042,143666452311,13,0,BLUE,false,0,10,2,3,ARCHER:7;SCORPION_RIDER:4,ASSASSIN:7;SPIDER:8
4535,0,0,true,,,utility,curriculum_pass,3,75,143666505961,143666460228,28,0,,false,7,12,3,3,GARGOYLE:10;GOBLIN:1,ARCHER:4;SPIDER:17
4536,0,0,true,,,curriculum_pass,utility,3,75,143666505961,143666460228,10,0,,false,11,21,3,3,GARGOYLE:10;GOBLIN:1,ARCHER:4;SPIDER:17
4537,0,0,true,,,utility,curriculum_pass,3,75,143666513880,143666567541,10,0,GREEN,false,16,0,4,3,ARCHER:1;GARGOYLE:5;MAGE:1;SPIDER:9,GOBLIN:1;GOLEM:3;MAGE:6
4538,0,0,true,,,curriculum_pass,utility,3,75,143666513880,143666567541,15,0,BLUE,false,0,10,4,3,ARCHER:1;GARGOYLE:5;MAGE:1;SPIDER:9,GOBLIN:1;GOLEM:3;MAGE:6
4539,0,0,true,,,utility,curriculum_pass,3,75,143674417042,143674392895,10,0,GREEN,false,14,0,2,3,GOBLIN:9;SCORPION_RIDER:6,SPIDER:25
4540,0,0,true,,,curriculum_pass,utility,3,75,143674417042,143674392895,19,0,,false,6,25,2,3,GOBLIN:9;SCORPION_RIDER:6,SPIDER:25
4541,0,0,true,,,utility,curriculum_pass,3,75,143674424961,143674400812,12,0,,false,10,4,2,2,MAGE:7;SCORPION_RIDER:3,ARCHER:4;ASSASSIN:7
4542,0,0,true,,,curriculum_pass,utility,3,75,143674424961,143674400812,7,0,BLUE,false,0,8,2,2,MAGE:7;SCORPION_RIDER:3,ARCHER:4;ASSASSIN:7
4543,0,0,true,,,utility,curriculum_pass,3,75,143674432880,143674377181,12,0,GREEN,false,17,0,2,3,GARGOYLE:6;GOBLIN:11,GARGOYLE:2;MAGE:8;SPIDER:1
4544,0,0,true,,,curriculum_pass,utility,3,75,143674432880,143674377181,29,0,BLUE,false,0,8,2,3,GARGOYLE:6;GOBLIN:11,GARGOYLE:2;MAGE:8;SPIDER:1
4545,0,0,true,,,utility,curriculum_pass,3,75,143682336042,143682349959,24,0,GREEN,false,5,0,3,3,ARCHER:1;GARGOYLE:3;SCORPION_RIDER:6,GOBLIN:1;GOLEM:4;SCORPION_RIDER:4
4546,0,0,true,,,curriculum_pass,utility,3,75,143682336042,143682349959,13,0,BLUE,false,0,3,3,3,ARCHER:1;GARGOYLE:3;SCORPION_RIDER:6,GOBLIN:1;GOLEM:4;SCORPION_RIDER:4
4547,0,0,true,,,utility,curriculum_pass,3,75,143682343961,143682325172,16,0,GREEN,false,8,0,2,4,GOBLIN:6;MAGE:8,GARGOYLE:3;GOBLIN:11;MAGE:3
4548,0,0,true,,,curriculum_pass,utility,3,75,143682343961,143682325172,25,0,,false,8,17,2,4,GOBLIN:6;MAGE:8,GARGOYLE:3;GOBLIN:11;MAGE:3
4549,0,0,true,,,utility,curriculum_pass,3,75,143682351880,143682334117,10,0,GREEN,false,7,0,3,3,GOBLIN:12;GOLEM:3;SCORPION_RIDER:1,ASSASSIN:3;SCORPION_RIDER:6;SPIDER:2
4550,0,0,true,,,curriculum_pass,utility,3,75,143682351880,143682334117,17,0,BLUE,false,0,6,3,3,GOBLIN:12;GOLEM:3;SCORPION_RIDER:1,ASSASSIN:3;SCORPION_RIDER:6;SPIDER:2
4551,0,0,true,,,utility,curriculum_pass,3,75,143690255042,143690273903,18,0,,false,3,4,3,2,ASSASSIN:8;SCORPION_RIDER:2;SPIDER:1,ASSASSIN:5;GOLEM:4
4552,0,0,true,,,curriculum_pass,utility,3,75,143690255042,143690273903,15,0,BLUE,false,0,3,3,2,ASSASSIN:8;SCORPION_RIDER:2;SPIDER:1,ASSASSIN:5;GOLEM:4
4553,0,0,true,,,utility,curriculum_pass,3,75,143690262961,143690282780,6,0,GREEN,false,7,0,2,3,ASSASSIN:7;SCORPION_RIDER:3,ARCHER:4;SPIDER:17
4554,0,0,true,,,curriculum_pass,utility,3,75,143690262961,143690282780,15,0,BLUE,false,0,21,2,3,ASSASSIN:7;SCORPION_RIDER:3,ARCHER:4;SPIDER:17
4555,0,0,true,,,utility,curriculum_pass,3,75,143690270880,143690257933,12,0,GREEN,false,23,0,3,3,GOBLIN:13;SPIDER:12,GOLEM:2;MAGE:7;SPIDER:2
4556,0,0,true,,,curriculum_pass,utility,3,75,143690270880,143690257933,25,0,BLUE,false,0,11,3,3,GOBLIN:13;SPIDER:12,GOLEM:2;MAGE:7;SPIDER:2
4557,0,0,true,,,utility,curriculum_pass,3,75,143698174042,143698231031,12,0,GREEN,false,4,0,2,4,ASSASSIN:5;GOLEM:4,GOBLIN:10;MAGE:6;SPIDER:1
4558,0,0,true,,,curriculum_pass,utility,3,75,143698174042,143698231031,37,0,BLUE,false,0,17,2,4,ASSASSIN:5;GOLEM:4,GOBLIN:10;MAGE:6;SPIDER:1
4559,0,0,true,,,utility,curriculum_pass,3,75,143698181961,143698223588,12,0,GREEN,false,9,0,4,3,GOLEM:3;SCORPION_RIDER:5;SPIDER:1,ASSASSIN:3;SPIDER:18
4560,0,0,true,,,curriculum_pass,utility,3,75,143698181961,143698223588,19,0,BLUE,false,0,21,4,3,GOLEM:3;SCORPION_RIDER:5;SPIDER:1,ASSASSIN:3;SPIDER:18
4561,0,0,true,,,utility,curriculum_pass,3,75,143698189880,143698198677,10,0,,false,18,17,2,2,GARGOYLE:5;SPIDER:13,ASSASSIN:6;GOBLIN:11
4562,0,0,true,,,curriculum_pass,utility,3,75,143698189880,143698198677,13,0,,false,5,15,2,2,GARGOYLE:5;SPIDER:13,ASSASSIN:6;GOBLIN:11
4563,0,0,true,,,utility,curriculum_pass,3,75,143706093042,143706041183,10,0,GREEN,false,7,0,3,3,SCORPION_RIDER:9;SPIDER:1,GOBLIN:14;SCORPION_RIDER:4
4564,0,0,true,,,curriculum_pass,utility,3,75,143706093042,143706041183,15,0,GREEN,false,4,0,3,3,SCORPION_RIDER:9;SPIDER:1,GOBLIN:14;SCORPION_RIDER:4
4565,0,0,true,,,utility,curriculum_pass,3,75,143706100961,143706147404,24,0,GREEN,false,11,0,2,3,ARCHER:3;MAGE:8,GOLEM:4;SCORPION_RIDER:4;SPIDER:1
4566,0,0,true,,,curriculum_pass,utility,3,75,143706100961,143706147404,7,0,BLUE,false,0,8,2,3,ARCHER:3;MAGE:8,GOLEM:4;SCORPION_RIDER:4;SPIDER:1
4567,0,0,true,,,utility,curriculum_pass,3,75,143706108880,143706156413,12,0,GREEN,false,12,0,3,3,ARCHER:7;GARGOYLE:4;GOBLIN:1,ARCHER:1;MAGE:3;SCORPION_RIDER:6
4568,0,0,true,,,curriculum_pass,utility,3,75,143706108880,143706156413,7,0,BLUE,false,0,10,3,3,ARCHER:7;GARGOYLE:4;GOBLIN:1,ARCHER:1;MAGE:3;SCORPION_RIDER:6
4569,0,0,true,,,utility,curriculum_pass,3,75,143714012042,143713965351,20,0,GREEN,false,16,0,2,4,SCORPION_RIDER:5;SPIDER:11,ARCHER:4;SCORPION_RIDER:6;SPIDER:1
4570,0,0,true,,,curriculum_pass,utility,3,75,143714012042,143713965351,13,0,BLUE,false,0,9,2,4,SCORPION_RIDER:5;SPIDER:11,ARCHER:4;SCORPION_RIDER:6;SPIDER:1
4571,0,0,true,,,utility,curriculum_pass,3,75,143714019961,143713973460,10,0,,false,25,13,3,3,GOBLIN:24;SPIDER:1,ARCHER:8;GARGOYLE:3;GOBLIN:2
4572,0,0,true,,,curriculum_pass,utility,3,75,143714019961,143713973460,17,0,BLUE,false,0,11,3,3,GOBLIN:24;SPIDER:1,ARCHER:8;GARGOYLE:3;GOBLIN:2
4573,0,0,true,,,utility,curriculum_pass,3,75,143714027880,143714080709,8,0,GREEN,false,12,0,3,2,ARCHER:4;GOBLIN:3;SCORPION_RIDER:5,GOBLIN:12;SPIDER:13
4574,0,0,true,,,curriculum_pass,utility,3,75,143714027880,143714080709,11,0,BLUE,false,0,19,3,2,ARCHER:4;GOBLIN:3;SCORPION_RIDER:5,GOBLIN:12;SPIDER:13
4575,0,0,true,,,utility,curriculum_pass,3,75,143721931042,143721922447,20,0,GREEN,false,11,0,3,3,ARCHER:7;GOLEM:3;SPIDER:1,GOBLIN:1;GOLEM:4;SCORPION_RIDER:4
4576,0,0,true,,,curriculum_pass,utility,3,75,143721931042,143721922447,15,0,BLUE,false,0,6,3,3,ARCHER:7;GOLEM:3;SPIDER:1,GOBLIN:1;GOLEM:4;SCORPION_RIDER:4
4577,0,0,true,,,utility,curriculum_pass,3,75,143721938961,143721897660,16,0,GREEN,false,8,0,5,3,ASSASSIN:1;GARGOYLE:6;GOLEM:2;SPIDER:2,ASSASSIN:7;GARGOYLE:3;GOBLIN:1
4578,0,0,true,,,curriculum_pass,utility,3,75,143721938961,143721897660,35,0,,false,4,2,5,3,ASSASSIN:1;GARGOYLE:6;GOLEM:2;SPIDER:2,ASSASSIN:7;GARGOYLE:3;GOBLIN:1
4579,0,0,true,,,utility,curriculum_pass,3,75,143721946880,143721890221,10,0,,false,10,13,4,3,ARCHER:1;GARGOYLE:5;GOLEM:1;SCORPION_RIDER:3,ASSASSIN:4;GARGOYLE:5;GOBLIN:4
4580,0,0,true,,,curriculum_pass,utility,3,75,143721946880,143721890221,41,0,BLUE,false,0,9,4,3,ARCHER:1;GARGOYLE:5;GOLEM:1;SCORPION_RIDER:3,ASSASSIN:4;GARGOYLE:5;GOBLIN:4
4581,0,0,true,,,utility,curriculum_pass,3,75,143729850042,143729862679,10,0,GREEN,false,9,0,4,3,GOBLIN:1;GOLEM:1;MAGE:2;SCORPION_RIDER:6,GOBLIN:13;MAGE:5
4582,0,0,true,,,curriculum_pass,utility,3,75,143729850042,143729862679,17,0,BLUE,false,0,10,4,3,GOBLIN:1;GOLEM:1;MAGE:2;SCORPION_RIDER:6,GOBLIN:13;MAGE:5
4583,0,0,true,,,utility,curriculum_pass,3,75,143729857961,143729838852,16,0,,false,5,7,3,3,ASSASSIN:2;GARGOYLE:4;SCORPION_RIDER:4,GOBLIN:21;GOLEM:1
4584,0,0,true,,,curriculum_pass,utility,3,75,143729857961,143729838852,21,0,,false,4,17,3,3,ASSASSIN:2;GARGOYLE:4;SCORPION_RIDER:4,GOBLIN:21;GOLEM:1
4585,0,0,true,,,utility,curriculum_pass,3,75,143729865880,143729846837,12,0,GREEN,false,15,0,2,2,GOBLIN:11;GOLEM:4,GOBLIN:9;SPIDER:16
4586,0,0,true,,,curriculum_pass,utility,3,75,143729865880,143729846837,17,0,BLUE,false,0,16,2,2,GOBLIN:11;GOLEM:4,GOBLIN:9;SPIDER:16
4587,0,0,true,,,utility,curriculum_pass,3,75,143737769042,143737787135,10,0,GREEN,false,11,0,3,3,GARGOYLE:3;GOBLIN:1;MAGE:7,ASSASSIN:8;MAGE:2;SPIDER:1
4588,0,0,true,,,curriculum_pass,utility,3,75,143737769042,143737787135,9,0,BLUE,false,0,9,3,3,GARGOYLE:3;GOBLIN:1;MAGE:7,ASSASSIN:8;MAGE:2;SPIDER:1
4589,0,0,true,,,utility,curriculum_pass,3,75,143737776961,143737796076,10,0,GREEN,false,10,0,3,3,GOBLIN:2;MAGE:3;SCORPION_RIDER:6,ARCHER:7;GOBLIN:1;GOLEM:3
4590,0,0,true,,,curriculum_pass,utility,3,75,143737776961,143737796076,15,0,BLUE,false,0,11,3,3,GOBLIN:2;MAGE:3;SCORPION_RIDER:6,ARCHER:7;GOBLIN:1;GOLEM:3
4591,0,0,true,,,utility,curriculum_pass,3,75,143737784880,143737771165,20,0,GREEN,false,23,0,3,4,GOBLIN:10;SPIDER:15,ARCHER:4;GARGOYLE:1;GOLEM:4;SPIDER:1
4592,0,0,true,,,curriculum_pass,utility,3,75,143737784880,143737771165,23,0,BLUE,false,0,10,3,4,GOBLIN:10;SPIDER:15,ARCHER:4;GARGOYLE:1;GOLEM:4;SPIDER:1
4593,0,0,true,,,utility,curriculum_pass,3,75,205276318042,205276370935,10,0,GREEN,false,14,0,2,2,MAGE:8;SPIDER:6,MAGE:7;SCORPION_RIDER:3
4594,0,0,true,,,curriculum_pass,utility,3,75,205276318042,205276370935,9,0,BLUE,false,0,10,2,2,MAGE:8;SPIDER:6,MAGE:7;SCORPION_RIDER:3
4595,0,0,true,,,utility,curriculum_pass,3,75,205276325961,205276378852,10,0,,false,13,10,3,2,ARCHER:8;ASSASSIN:3;SPIDER:2,GARGOYLE:6;SCORPION_RIDER:4
4596,0,0,true,,,curriculum_pass,utility,3,75,205276325961,205276378852,11,0,BLUE,false,0,10,3,2,ARCHER:8;ASSASSIN:3;SPIDER:2,GARGOYLE:6;SCORPION_RIDER:4
4597,0,0,true,,,utility,curriculum_pass,3,75,205276333880,205276354965,8,0,GREEN,false,8,0,2,3,ASSASSIN:8;GOBLIN:6,ARCHER:8;GOBLIN:1;SCORPION_RIDER:3
4598,0,0,true,,,curriculum_pass,utility,3,75,205276333880,205276354965,11,0,BLUE,false,0,11,2,3,ASSASSIN:8;GOBLIN:6,ARCHER:8;GOBLIN:1;SCORPION_RIDER:3
4599,0,0,true,,,utility,curriculum_pass,3,75,205276341799,205276362890,22,0,GREEN,false,9,0,3,2,GOBLIN:5;MAGE:8;SPIDER:1,GOBLIN:11;GOLEM:4
4600,0,0,true,,,curriculum_pass,utility,3,75,205276341799,205276362890,13,0,BLUE,false,0,15,3,2,GOBLIN:5;MAGE:8;SPIDER:1,GOBLIN:11;GOLEM:4
4601,0,0,true,,,utility,curriculum_pass,3,75,104863398042,104863409719,6,0,GREEN,false,10,0,3,3,MAGE:3;SCORPION_RIDER:6;SPIDER:2,ASSASSIN:7;MAGE:3;SPIDER:1
4602,0,0,true,,,curriculum_pass,utility,3,75,104863398042,104863409719,23,0,BLUE,false,0,4,3,3,MAGE:3;SCORPION_RIDER:6;SPIDER:2,ASSASSIN:7;MAGE:3;SPIDER:1
4603,0,0,true,,,utility,curriculum_pass,3,75,104871317042,104871334047,10,0,,false,12,6,3,3,ARCHER:6;ASSASSIN:5;GOBLIN:1,GARGOYLE:6;GOBLIN:1;MAGE:4
4604,0,0,true,,,curriculum_pass,utility,3,75,104871317042,104871334047,17,0,BLUE,false,0,11,3,3,ARCHER:6;ASSASSIN:5;GOBLIN:1,GARGOYLE:6;GOBLIN:1;MAGE:4
4605,0,0,true,,,utility,curriculum_pass,3,75,104879236042,104879291751,8,0,GREEN,false,11,0,2,3,ASSASSIN:8;SPIDER:6,ASSASSIN:7;GOBLIN:1;SPIDER:7
4606,0,0,true,,,curriculum_pass,utility,3,75,104879236042,104879291751,11,0,,false,8,15,2,3,ASSASSIN:8;SPIDER:6,ASSASSIN:7;GOBLIN:1;SPIDER:7
4607,0,0,true,,,utility,curriculum_pass,3,75,104887155042,104887101391,44,0,GREEN,false,2,0,3,3,ARCHER:1;ASSASSIN:7;GOLEM:2,GOBLIN:1;SCORPION_RIDER:9
4608,0,0,true,,,curriculum_pass,utility,3,75,104887155042,104887101391,11,0,BLUE,false,0,7,3,3,ARCHER:1;ASSASSIN:7;GOLEM:2,GOBLIN:1;SCORPION_RIDER:9
4609,0,0,true,,,utility,curriculum_pass,3,75,104895074042,104895025239,12,0,GREEN,false,17,0,2,3,GARGOYLE:6;SPIDER:11,ARCHER:1;ASSASSIN:7;GOBLIN:6
4610,0,0,true,,,curriculum_pass,utility,3,75,104895074042,104895025239,19,0,,false,2,5,2,3,GARGOYLE:6;SPIDER:11,ARCHER:1;ASSASSIN:7;GOBLIN:6
4611,0,0,true,,,utility,curriculum_pass,3,75,104902993042,104902982207,14,0,GREEN,false,10,0,2,3,GOBLIN:11;SCORPION_RIDER:5,GOBLIN:14;SCORPION_RIDER:4
4612,0,0,true,,,curriculum_pass,utility,3,75,104902993042,104902982207,15,0,,false,5,14,2,3,GOBLIN:11;SCORPION_RIDER:5,GOBLIN:14;SCORPION_RIDER:4
4613,0,0,true,,,utility,curriculum_pass,3,75,144458398042,144458442743,26,0,GREEN,false,19,0,3,3,GOBLIN:12;MAGE:4;SPIDER:3,GOBLIN:13;SPIDER:12
4614,0,0,true,,,curriculum_pass,utility,3,75,144458398042,144458442743,13,0,BLUE,false,0,20,3,3,GOBLIN:12;MAGE:4;SPIDER:3,GOBLIN:13;SPIDER:12
4615,0,0,true,,,utility,curriculum_pass,3,75,144458405961,144458417892,8,0,BLUE,false,0,8,2,4,ASSASSIN:7;GOBLIN:8,ASSASSIN:5;GOBLIN:12;SPIDER:1
4616,0,0,true,,,curriculum_pass,utility,3,75,144458405961,144458417892,7,0,BLUE,false,0,10,2,4,ASSASSIN:7;GOBLIN:8,ASSASSIN:5;GOBLIN:12;SPIDER:1
4617,0,0,true,,,utility,curriculum_pass,3,75,144458413880,144458426773,10,0,,false,12,15,3,3,ARCHER:8;SCORPION_RIDER:3;SPIDER:1,SCORPION_RIDER:6;SPIDER:9
4618,0,0,true,,,curriculum_pass,utility,3,75,144458413880,144458426773,10,0,,false,12,15,3,3,ARCHER:8;SCORPION_RIDER:3;SPIDER:1,SCORPION_RIDER:6;SPIDER:9
4619,0,0,true,,,utility,curriculum_pass,3,75,144466317042,144466366559,12,0,GREEN,false,24,0,3,3,SPIDER:25,GOBLIN:12;MAGE:1;SPIDER:10
4620,0,0,true,,,curriculum_pass,utility,3,75,144466317042,144466366559,15,0,BLUE,false,0,13,3,3,SPIDER:25,GOBLIN:12;MAGE:1;SPIDER:10
4621,0,0,true,,,utility,curriculum_pass,3,75,144466324961,144466375500,16,0,GREEN,false,5,0,2,4,ARCHER:4;ASSASSIN:7,ARCHER:1;ASSASSIN:2;GARGOYLE:5;GOLEM:2
4622,0,0,true,,,curriculum_pass,utility,3,75,144466324961,144466375500,15,0,BLUE,false,0,7,2,4,ARCHER:4;ASSASSIN:7,ARCHER:1;ASSASSIN:2;GARGOYLE:5;GOLEM:2
4623,0,0,true,,,utility,curriculum_pass,3,75,144466332880,144466350717,10,0,GREEN,false,20,0,2,3,ARCHER:5;SPIDER:15,ASSASSIN:8;GARGOYLE:2;SPIDER:1
4624,0,0,true,,,curriculum_pass,utility,3,75,144466332880,144466350717,7,0,BLUE,false,0,9,2,3,ARCHER:5;SPIDER:15,ASSASSIN:8;GARGOYLE:2;SPIDER:1
4625,0,0,true,,,utility,curriculum_pass,3,75,206004866042,206004819287,10,0,GREEN,false,10,0,2,3,ARCHER:7;SCORPION_RIDER:4,ARCHER:7;GOBLIN:9;SPIDER:2
4626,0,0,true,,,curriculum_pass,utility,3,75,206004866042,206004819287,19,0,BLUE,false,0,16,2,3,ARCHER:7;SCORPION_RIDER:4,ARCHER:7;GOBLIN:9;SPIDER:2
4627,0,0,true,,,utility,curriculum_pass,3,75,206004873961,206004827204,14,0,GREEN,false,10,0,2,2,MAGE:7;SCORPION_RIDER:3,ASSASSIN:7;SCORPION_RIDER:3
4628,0,0,true,,,curriculum_pass,utility,3,75,206004873961,206004827204,9,0,BLUE,false,0,4,2,2,MAGE:7;SCORPION_RIDER:3,ASSASSIN:7;SCORPION_RIDER:3
4629,0,0,true,,,utility,curriculum_pass,3,75,206004881880,206004934517,16,0,GREEN,false,9,0,3,3,ARCHER:5;GOLEM:4;SPIDER:1,ARCHER:1;MAGE:4;SCORPION_RIDER:5
4630,0,0,true,,,curriculum_pass,utility,3,75,206004881880,206004934517,13,0,BLUE,false,0,7,3,3,ARCHER:5;GOLEM:4;SPIDER:1,ARCHER:1;MAGE:4;SCORPION_RIDER:5
4631,0,0,true,,,utility,curriculum_pass,3,75,206004889799,206004942442,12,0,GREEN,false,25,0,2,3,SPIDER:25,GOLEM:2;MAGE:1;SCORPION_RIDER:6
4632,0,0,true,,,curriculum_pass,utility,3,75,206004889799,206004942442,13,0,BLUE,false,0,9,2,3,SPIDER:25,GOLEM:2;MAGE:1;SCORPION_RIDER:6
4633,0,0,true,,,utility,curriculum_pass,3,75,144474236042,144474192423,12,0,GREEN,false,10,0,2,3,GARGOYLE:5;SCORPION_RIDER:5,ASSASSIN:4;SPIDER:15
4634,0,0,true,,,curriculum_pass,utility,3,75,144474236042,144474192423,27,0,,false,3,4,2,3,GARGOYLE:5;SCORPION_RIDER:5,ASSASSIN:4;SPIDER:15
4635,0,0,true,,,utility,curriculum_pass,3,75,144474243961,144474299860,14,0,GREEN,false,10,0,3,3,ARCHER:5;GARGOYLE:5;GOLEM:1,ARCHER:3;SPIDER:19
4636,0,0,true,,,curriculum_pass,utility,3,75,144474243961,144474299860,31,0,,false,1,4,3,3,ARCHER:5;GARGOYLE:5;GOLEM:1,ARCHER:3;SPIDER:19
4637,0,0,true,,,utility,curriculum_pass,3,75,144474251880,144474307781,6,0,GREEN,false,10,0,3,3,ARCHER:4;GOBLIN:1;SCORPION_RIDER:6,ASSASSIN:4;SPIDER:15
4638,0,0,true,,,curriculum_pass,utility,3,75,144474251880,144474307781,15,0,BLUE,false,0,15,3,3,ARCHER:4;GOBLIN:1;SCORPION_RIDER:6,ASSASSIN:4;SPIDER:15
4639,0,0,true,,,utility,curriculum_pass,3,75,144482155042,144482133135,10,0,,false,8,18,3,2,GOBLIN:1;GOLEM:7,SCORPION_RIDER:4;SPIDER:14
4640,0,0,true,,,curriculum_pass,utility,3,75,144482155042,144482133135,15,0,BLUE,false,0,14,3,2,GOBLIN:1;GOLEM:7,SCORPION_RIDER:4;SPIDER:14
4641,0,0,true,,,utility,curriculum_pass,3,75,144482162961,144482109372,12,0,GREEN,false,10,0,3,3,ASSASSIN:2;SCORPION_RIDER:6;SPIDER:4,ASSASSIN:7;GOBLIN:2;GOLEM:2
4642,0,0,true,,,curriculum_pass,utility,3,75,144482162961,144482109372,13,0,,false,6,4,3,3,ASSASSIN:2;SCORPION_RIDER:6;SPIDER:4,ASSASSIN:7;GOBLIN:2;GOLEM:2
4643,0,0,true,,,utility,curriculum_pass,3,75,144482170880,144482117293,22,0,GREEN,false,11,0,3,3,GARGOYLE:2;GOBLIN:1;MAGE:8,GARGOYLE:1;GOLEM:2;SCORPION_RIDER:6
4644,0,0,true,,,curriculum_pass,utility,3,75,144482170880,144482117293,13,0,BLUE,false,0,9,3,3,GARGOYLE:2;GOBLIN:1;MAGE:8,GARGOYLE:1;GOLEM:2;SCORPION_RIDER:6
4645,0,0,true,,,utility,curriculum_pass,3,75,144490074042,144490058007,10,0,GREEN,false,10,0,2,4,MAGE:5;SCORPION_RIDER:5,ARCHER:5;GOBLIN:1;SPIDER:14
4646,0,0,true,,,curriculum_pass,utility,3,75,144490074042,144490058007,25,0,BLUE,false,0,19,2,4,MAGE:5;SCORPION_RIDER:5,ARCHER:5;GOBLIN:1;SPIDER:14
4647,0,0,true,,,utility,curriculum_pass,3,75,144490081961,144490065924,14,0,GREEN,false,11,0,3,4,ARCHER:4;GOLEM:4;SPIDER:3,ARCHER:4;GOLEM:4;SCORPION_RIDER:1;SPIDER:1
4648,0,0,true,,,curriculum_pass,utility,3,75,144490081961,144490065924,15,0,BLUE,false,0,8,3,4,ARCHER:4;GOLEM:4;SPIDER:3,ARCHER:4;GOLEM:4;SCORPION_RIDER:1;SPIDER:1
4649,0,0,true,,,utility,curriculum_pass,3,75,144490089880,144490042165,10,0,GREEN,false,10,0,2,3,GARGOYLE:5;SCORPION_RIDER:5,GOBLIN:1;MAGE:8;SCORPION_RIDER:2
4650,0,0,true,,,curriculum_pass,utility,3,75,144490089880,144490042165,17,0,BLUE,false,0,9,2,3,GARGOYLE:5;SCORPION_RIDER:5,GOBLIN:1;MAGE:8;SCORPION_RIDER:2
4651,0,0,true,,,utility,curriculum_pass,3,75,206028623042,206028640879,16,0,GREEN,false,9,0,3,3,GARGOYLE:1;GOLEM:4;MAGE:4,GARGOYLE:6;GOBLIN:1;MAGE:4
4652,0,0,true,,,curriculum_pass,utility,3,75,206028623042,206028640879,21,0,BLUE,false,0,11,3,3,GARGOYLE:1;GOLEM:4;MAGE:4,GARGOYLE:6;GOBLIN:1;MAGE:4
4653,0,0,true,,,utility,curriculum_pass,3,75,206028630961,206028649756,10,0,,false,11,16,3,3,GARGOYLE:10;SPIDER:1,GARGOYLE:1;GOBLIN:12;GOLEM:3
4654,0,0,true,,,curriculum_pass,utility,3,75,206028630961,206028649756,23,0,BLUE,false,0,13,3,3,GARGOYLE:10;SPIDER:1,GARGOYLE:1;GOBLIN:12;GOLEM:3
4655,0,0,true,,,utility,curriculum_pass,3,75,206028638880,206028624909,12,0,GREEN,false,18,0,2,5,GARGOYLE:5;SPIDER:13,ARCHER:1;ASSASSIN:2;GARGOYLE:1;GOBLIN:16
4656,0,0,true,,,curriculum_pass,utility,3,75,206028638880,206028624909,9,0,BLUE,false,0,16,2,5,GARGOYLE:5;SPIDER:13,ARCHER:1;ASSASSIN:2;GARGOYLE:1;GOBLIN:16
4657,0,0,true,,,utility,curriculum_pass,3,75,206028646799,206028633890,12,0,GREEN,false,15,0,3,2,ARCHER:6;GOBLIN:10;SCORPION_RIDER:1,GOBLIN:10;SPIDER:15
4658,0,0,true,,,curriculum_pass,utility,3,75,206028646799,206028633890,13,0,BLUE,false,0,19,3,2,ARCHER:6;GOBLIN:10;SCORPION_RIDER:1,GOBLIN:10;SPIDER:15
4659,0,0,true,,,utility,curriculum_pass,3,75,144497993042,144498015231,10,0,,false,18,11,3,2,GARGOYLE:5;GOBLIN:2;SPIDER:11,ARCHER:7;SCORPION_RIDER:4
4660,0,0,true,,,curriculum_pass,utility,3,75,144497993042,144498015231,10,0,,false,18,11,3,2,GARGOYLE:5;GOBLIN:2;SPIDER:11,ARCHER:7;SCORPION_RIDER:4
4661,0,0,true,,,utility,curriculum_pass,3,75,144498000961,144497990380,10,0,GREEN,false,16,0,3,3,ARCHER:5;GOBLIN:2;SPIDER:13,ARCHER:8;GOBLIN:2;MAGE:3
4662,0,0,true,,,curriculum_pass,utility,3,75,144498000961,144497990380,11,0,BLUE,false,0,11,3,3,ARCHER:5;GOBLIN:2;SPIDER:13,ARCHER:8;GOBLIN:2;MAGE:3
4663,0,0,true,,,utility,curriculum_pass,3,75,144498008880,144497999261,12,0,GREEN,false,19,0,3,3,ARCHER:6;GOBLIN:13,GARGOYLE:3;GOBLIN:1;MAGE:7
4664,0,0,true,,,curriculum_pass,utility,3,75,144498008880,144497999261,11,0,,false,19,10,3,3,ARCHER:6;GOBLIN:13,GARGOYLE:3;GOBLIN:1;MAGE:7
4665,0,0,true,,,utility,curriculum_pass,3,75,144505912042,144505955399,12,0,GREEN,false,13,0,4,3,ASSASSIN:1;GOBLIN:11;MAGE:5,GOLEM:4;MAGE:5
4666,0,0,true,,,curriculum_pass,utility,3,75,144505912042,144505955399,15,0,BLUE,false,0,8,4,3,ASSASSIN:1;GOBLIN:11;MAGE:5,GOLEM:4;MAGE:5
4667,0,0,true,,,utility,curriculum_pass,3,75,144505919961,144505931636,24,0,,false,18,5,3,3,ARCHER:7;GOBLIN:11,ASSASSIN:5;GARGOYLE:5;SPIDER:1
4668,0,0,true,,,curriculum_pass,utility,3,75,144505919961,144505931636,77,0,BLUE,false,0,6,3,3,ARCHER:7;GOBLIN:11,ASSASSIN:5;GARGOYLE:5;SPIDER:1
4669,0,0,true,,,utility,curriculum_pass,3,75,144505927880,144505939557,22,0,GREEN,false,11,0,3,3,GARGOYLE:10;SPIDER:1,ARCHER:1;GOBLIN:23
4670,0,0,true,,,curriculum_pass,utility,3,75,144505927880,144505939557,10,0,,false,10,24,3,3,GARGOYLE:10;SPIDER:1,ARCHER:1;GOBLIN:23
4671,0,0,true,,,utility,curriculum_pass,3,75,144513831042,144513879599,36,0,,false,13,4,2,2,GARGOYLE:4;SPIDER:15,GARGOYLE:5;GOLEM:4
4672,0,0,true,,,curriculum_pass,utility,3,75,144513831042,144513879599,33,0,,false,12,7,2,2,GARGOYLE:4;SPIDER:15,GARGOYLE:5;GOLEM:4
4673,0,0,true,,,utility,curriculum_pass,3,75,144513838961,144513888732,10,0,,false,10,9,2,2,MAGE:7;SCORPION_RIDER:3,ASSASSIN:5;GOLEM:4
4674,0,0,true,,,curriculum_pass,utility,3,75,144513838961,144513888732,15,0,BLUE,false,0,7,2,2,MAGE:7;SCORPION_RIDER:3,ASSASSIN:5;GOLEM:4
4675,0,0,true,,,utility,curriculum_pass,3,75,144513846880,144513863885,24,0,GREEN,false,6,0,2,4,GARGOYLE:6;SCORPION_RIDER:4,GARGOYLE:1;GOBLIN:22
4676,0,0,true,,,curriculum_pass,utility,3,75,144513846880,144513863885,43,0,BLUE,false,0,12,2,4,GARGOYLE:6;SCORPION_RIDER:4,GARGOYLE:1;GOBLIN:22
4677,0,0,true,,,utility,curriculum_pass,3,75,144521750042,144521705655,8,0,GREEN,false,10,0,3,3,GOBLIN:6;MAGE:8,ARCHER:12;SPIDER:1
4678,0,0,true,,,curriculum_pass,utility,3,75,144521750042,144521705655,11,0,BLUE,false,0,12,3,3,GOBLIN:6;MAGE:8,ARCHER:12;SPIDER:1
4679,0,0,true,,,utility,curriculum_pass,3,75,144521757961,144521812900,10,0,,false,18,18,3,2,GOLEM:3;SPIDER:15,GOLEM:3;SPIDER:15
4680,0,0,true,,,curriculum_pass,utility,3,75,144521757961,144521812900,10,0,,false,18,18,3,2,GOLEM:3;SPIDER:15,GOLEM:3;SPIDER:15
4681,0,0,true,,,utility,curriculum_pass,3,75,144521765880,144521821525,18,0,GREEN,false,10,0,3,3,ARCHER:7;GOBLIN:1;GOLEM:3,GARGOYLE:6;GOLEM:3;SPIDER:1
4682,0,0,true,,,curriculum_pass,utility,3,75,144521765880,144521821525,27,0,,false,1,7,3,3,ARCHER:7;GOBLIN:1;GOLEM:3,GARGOYLE:6;GOLEM:3;SPIDER:1
4683,0,0,true,,,utility,curriculum_pass,3,75,144529669042,144529646879,10,0,,false,11,11,2,4,ARCHER:3;MAGE:8,ASSASSIN:7;MAGE:1;SCORPION_RIDER:2;SPIDER:1
4684,0,0,true,,,curriculum_pass,utility,3,75,144529669042,144529646879,9,0,BLUE,false,0,10,2,4,ARCHER:3;MAGE:8,ASSASSIN:7;MAGE:1;SCORPION_RIDER:2;SPIDER:1
4685,0,0,true,,,utility,curriculum_pass,3,75,144529676961,144529622028,8,0,GREEN,false,8,0,3,3,ARCHER:5;GOBLIN:1;SCORPION_RIDER:5,ARCHER:1;ASSASSIN:3;SCORPION_RIDER:6
4686,0,0,true,,,curriculum_pass,utility,3,75,144529676961,144529622028,11,0,BLUE,false,0,7,3,3,ARCHER:5;GOBLIN:1;SCORPION_RIDER:5,ARCHER:1;ASSASSIN:3;SCORPION_RIDER:6
4687,0,0,true,,,utility,curriculum_pass,3,75,144529684880,144529631037,6,0,GREEN,false,15,0,3,3,GOBLIN:8;SCORPION_RIDER:6;SPIDER:1,ARCHER:11;ASSASSIN:1
4688,0,0,true,,,curriculum_pass,utility,3,75,144529684880,144529631037,11,0,,false,6,12,3,3,GOBLIN:8;SCORPION_RIDER:6;SPIDER:1,ARCHER:11;ASSASSIN:1
4689,0,0,true,,,utility,curriculum_pass,3,75,105655298042,105655253335,18,0,,false,18,6,3,3,GOBLIN:15;GOLEM:3,ARCHER:4;SCORPION_RIDER:6;SPIDER:1
4690,0,0,true,,,curriculum_pass,utility,3,75,105655298042,105655253335,10,0,,false,18,11,3,3,GOBLIN:15;GOLEM:3,ARCHER:4;SCORPION_RIDER:6;SPIDER:1
4691,0,0,true,,,utility,curriculum_pass,3,75,105663217042,105663193919,10,0,GREEN,false,12,0,3,2,GOBLIN:9;SCORPION_RIDER:6,GARGOYLE:6;GOBLIN:11
4692,0,0,true,,,curriculum_pass,utility,3,75,105663217042,105663193919,23,0,BLUE,false,0,10,3,2,GOBLIN:9;SCORPION_RIDER:6,GARGOYLE:6;GOBLIN:11
4693,0,0,true,,,utility,curriculum_pass,3,75,105671136042,105671118215,24,0,GREEN,false,7,0,3,3,ARCHER:7;GARGOYLE:4;GOBLIN:1,ARCHER:7;GARGOYLE:4;SPIDER:1
4694,0,0,true,,,curriculum_pass,utility,3,75,105671136042,105671118215,47,0,,false,4,8,3,3,ARCHER:7;GARGOYLE:4;GOBLIN:1,ARCHER:7;GARGOYLE:4;SPIDER:1
4695,0,0,true,,,utility,curriculum_pass,3,75,105679055042,105679074927,14,0,GREEN,false,18,0,2,5,ARCHER:7;SPIDER:11,ASSASSIN:2;GOBLIN:6;GOLEM:4;SPIDER:1
4696,0,0,true,,,curriculum_pass,utility,3,75,105679055042,105679074927,10,0,,false,18,13,2,5,ARCHER:7;SPIDER:11,ASSASSIN:2;GOBLIN:6;GOLEM:4;SPIDER:1
4697,0,0,true,,,utility,curriculum_pass,3,75,105686974042,105687015671,6,0,GREEN,false,15,0,2,3,GOBLIN:11;SCORPION_RIDER:5,ASSASSIN:8;GOLEM:1;SPIDER:3
4698,0,0,true,,,curriculum_pass,utility,3,75,105686974042,105687015671,13,0,,false,11,4,2,3,GOBLIN:11;SCORPION_RIDER:5,ASSASSIN:8;GOLEM:1;SPIDER:3
4699,0,0,true,,,utility,curriculum_pass,3,75,105694893042,105694940511,12,0,GREEN,false,14,0,2,3,ARCHER:7;SPIDER:11,ARCHER:7;GOBLIN:1;GOLEM:3
4700,0,0,true,,,curriculum_pass,utility,3,75,105694893042,105694940511,11,0,BLUE,false,0,9,2,3,ARCHER:7;SPIDER:11,ARCHER:7;GOBLIN:1;GOLEM:3
4701,0,0,true,,,utility,curriculum_pass,3,75,145250298042,145250285079,10,0,GREEN,false,17,0,4,3,ASSASSIN:1;GOBLIN:11;SCORPION_RIDER:4;SPIDER:1,GARGOYLE:6;SPIDER:11
4702,0,0,true,,,curriculum_pass,utility,3,75,145250298042,145250285079,29,0,BLUE,false,0,17,4,3,ASSASSIN:1;GOBLIN:11;SCORPION_RIDER:4;SPIDER:1,GARGOYLE:6;SPIDER:11
4703,0,0,true,,,utility,curriculum_pass,3,75,145250305961,145250261252,10,0,,false,10,11,2,3,GARGOYLE:5;SCORPION_RIDER:5,ASSASSIN:8;GOBLIN:1;MAGE:2
4704,0,0,true,,,curriculum_pass,utility,3,75,145250305961,145250261252,31,0,BLUE,false,0,3,2,3,GARGOYLE:5;SCORPION_RIDER:5,ASSASSIN:8;GOBLIN:1;MAGE:2
4705,0,0,true,,,utility,curriculum_pass,3,75,145250313880,145250269237,8,0,GREEN,false,9,0,2,3,ASSASSIN:8;SPIDER:6,GOBLIN:2;SPIDER:23
4706,0,0,true,,,curriculum_pass,utility,3,75,145250313880,145250269237,10,0,,false,14,25,2,3,ASSASSIN:8;SPIDER:6,GOBLIN:2;SPIDER:23
4707,0,0,true,,,utility,curriculum_pass,3,75,145258217042,145258225919,30,0,GREEN,false,4,0,3,2,ASSASSIN:7;GARGOYLE:3;SPIDER:1,GOBLIN:11;SCORPION_RIDER:5
4708,0,0,true,,,curriculum_pass,utility,3,75,145258217042,145258225919,9,0,BLUE,false,0,16,3,2,ASSASSIN:7;GARGOYLE:3;SPIDER:1,GOBLIN:11;SCORPION_RIDER:5
4709,0,0,true,,,utility,curriculum_pass,3,75,145258224961,145258202092,96,0,,false,19,6,3,2,GARGOYLE:4;SPIDER:15,GOBLIN:11;MAGE:6
4710,0,0,true,,,curriculum_pass,utility,3,75,145258224961,145258202092,13,0,BLUE,false,0,16,3,2,GARGOYLE:4;SPIDER:15,GOBLIN:11;MAGE:6
4711,0,0,true,,,utility,curriculum_pass,3,75,145258232880,145258209949,18,0,GREEN,false,8,0,3,3,GOLEM:7;SPIDER:1,GOBLIN:10;MAGE:5;SPIDER:3
4712,0,0,true,,,curriculum_pass,utility,3,75,145258232880,145258209949,35,0,BLUE,false,0,18,3,3,GOLEM:7;SPIDER:1,GOBLIN:10;MAGE:5;SPIDER:3
4713,0,0,true,,,utility,curriculum_pass,3,75,145266136042,145266150727,10,0,,false,25,18,2,3,SPIDER:25,GOBLIN:13;MAGE:5
4714,0,0,true,,,curriculum_pass,utility,3,75,145266136042,145266150727,11,0,BLUE,false,0,18,2,3,SPIDER:25,GOBLIN:13;MAGE:5
4715,0,0,true,,,utility,curriculum_pass,3,75,145266143961,145266158708,10,0,,false,11,13,3,4,GARGOYLE:6;MAGE:4;SPIDER:1,ARCHER:8;ASSASSIN:3;GOBLIN:1;SPIDER:1
4716,0,0,true,,,curriculum_pass,utility,3,75,145266143961,145266158708,15,0,BLUE,false,0,11,3,4,GARGOYLE:6;MAGE:4;SPIDER:1,ARCHER:8;ASSASSIN:3;GOBLIN:1;SPIDER:1
4717,0,0,true,,,utility,curriculum_pass,3,75,145266151880,145266134885,10,0,GREEN,false,11,0,3,2,ARCHER:7;GARGOYLE:4;SPIDER:1,ARCHER:3;ASSASSIN:8
4718,0,0,true,,,curriculum_pass,utility,3,75,145266151880,145266134885,11,0,BLUE,false,0,8,3,2,ARCHER:7;GARGOYLE:4;SPIDER:1,ARCHER:3;ASSASSIN:8
4719,0,0,true,,,utility,curriculum_pass,3,75,145274055042,145274107695,12,0,GREEN,false,9,0,3,3,GOLEM:4;MAGE:5,SPIDER:25
4720,0,0,true,,,curriculum_pass,utility,3,75,145274055042,145274107695,10,0,,false,9,25,3,3,GOLEM:4;MAGE:5,SPIDER:25
4721,0,0,true,,,utility,curriculum_pass,3,75,145274062961,145274083036,10,0,GREEN,false,17,0,3,3,ARCHER:1;GOBLIN:12;SCORPION_RIDER:4,ARCHER:9;GARGOYLE:3
4722,0,0,true,,,curriculum_pass,utility,3,75,145274062961,145274083036,19,0,BLUE,false,0,12,3,3,ARCHER:1;GOBLIN:12;SCORPION_RIDER:4,ARCHER:9;GARGOYLE:3
4723,0,0,true,,,utility,curriculum_pass,3,75,145274070880,145274091981,12,0,GREEN,false,9,0,3,3,ARCHER:1;MAGE:3;SCORPION_RIDER:6,GOBLIN:1;SCORPION_RIDER:3;SPIDER:16
4724,0,0,true,,,curriculum_pass,utility,3,75,145274070880,145274091981,25,0,BLUE,false,0,17,3,3,ARCHER:1;MAGE:3;SCORPION_RIDER:6,GOBLIN:1;SCORPION_RIDER:3;SPIDER:16
4725,0,0,true,,,utility,curriculum_pass,3,75,145281974042,145281917367,14,0,GREEN,false,14,0,3,2,GOBLIN:1;SCORPION_RIDER:4;SPIDER:13,GOBLIN:11;GOLEM:4
4726,0,0,true,,,curriculum_pass,utility,3,75,145281974042,145281917367,17,0,BLUE,false,0,6,3,2,GOBLIN:1;SCORPION_RIDER:4;SPIDER:13,GOBLIN:11;GOLEM:4
4727,0,0,true,,,utility,curriculum_pass,3,75,145281981961,145282023588,10,0,GREEN,false,12,0,3,2,ARCHER:6;GARGOYLE:5;SPIDER:1,ASSASSIN:8;GOBLIN:6
4728,0,0,true,,,curriculum_pass,utility,3,75,145281981961,145282023588,11,0,BLUE,false,0,11,3,2,ARCHER:6;GARGOYLE:5;SPIDER:1,ASSASSIN:8;GOBLIN:6
4729,0,0,true,,,utility,curriculum_pass,3,75,145281989880,145282032213,18,0,,false,13,1,3,3,ARCHER:12;GOBLIN:1,ASSASSIN:8;SCORPION_RIDER:2;SPIDER:1
4730,0,0,true,,,curriculum_pass,utility,3,75,145281989880,145282032213,9,0,BLUE,false,0,9,3,3,ARCHER:12;GOBLIN:1,ASSASSIN:8;SCORPION_RIDER:2;SPIDER:1
4731,0,0,true,,,utility,curriculum_pass,3,75,145289893042,145289841183,10,0,GREEN,false,8,0,3,3,GOBLIN:1;GOLEM:4;SCORPION_RIDER:4,ARCHER:1;ASSASSIN:7;GOLEM:2
4732,0,0,true,,,curriculum_pass,utility,3,75,145289893042,145289841183,31,0,BLUE,false,0,1,3,3,GOBLIN:1;GOLEM:4;SCORPION_RIDER:4,ARCHER:1;ASSASSIN:7;GOLEM:2
4733,0,0,true,,,utility,curriculum_pass,3,75,145289900961,145289850124,6,0,GREEN,false,9,0,3,2,ASSASSIN:8;GARGOYLE:2;GOBLIN:1,ARCHER:7;SPIDER:11
4734,0,0,true,,,curriculum_pass,utility,3,75,145289900961,145289850124,9,0,BLUE,false,0,18,3,2,ASSASSIN:8;GARGOYLE:2;GOBLIN:1,ARCHER:7;SPIDER:11
4735,0,0,true,,,utility,curriculum_pass,3,75,145289908880,145289956413,22,0,GREEN,false,6,0,3,3,MAGE:10;SPIDER:1,GOBLIN:2;GOLEM:2;MAGE:7
4736,0,0,true,,,curriculum_pass,utility,3,75,145289908880,145289956413,21,0,,false,7,10,3,3,MAGE:10;SPIDER:1,GOBLIN:2;GOLEM:2;MAGE:7
4737,0,0,true,,,utility,curriculum_pass,3,75,145297812042,145297798375,10,0,,false,25,14,3,2,SPIDER:25,GOBLIN:6;MAGE:8
4738,0,0,true,,,curriculum_pass,utility,3,75,145297812042,145297798375,17,0,BLUE,false,0,14,3,2,SPIDER:25,GOBLIN:6;MAGE:8
4739,0,0,true,,,utility,curriculum_pass,3,75,145297819961,145297774484,10,0,,false,9,8,3,3,GOBLIN:1;SCORPION_RIDER:9,GOBLIN:1;GOLEM:4;SCORPION_RIDER:4
4740,0,0,true,,,curriculum_pass,utility,3,75,145297819961,145297774484,15,0,,false,7,8,3,3,GOBLIN:1;SCORPION_RIDER:9,GOBLIN:1;GOLEM:4;SCORPION_RIDER:4
4741,0,0,true,,,utility,curriculum_pass,3,75,145297827880,145297782405,10,0,GREEN,false,12,0,3,3,ARCHER:7;GOBLIN:1;MAGE:4,GARGOYLE:4;GOBLIN:1;SPIDER:14
4742,0,0,true,,,curriculum_pass,utility,3,75,145297827880,145297782405,13,0,BLUE,false,0,15,3,3,ARCHER:7;GOBLIN:1;MAGE:4,GARGOYLE:4;GOBLIN:1;SPIDER:14
4743,0,0,true,,,utility,curriculum_pass,3,75,145305731042,145305739599,10,0,,false,18,10,3,3,GOLEM:3;SPIDER:15,ASSASSIN:4;MAGE:1;SCORPION_RIDER:5
4744,0,0,true,,,curriculum_pass,utility,3,75,145305731042,145305739599,15,0,BLUE,false,0,6,3,3,GOLEM:3;SPIDER:15,ASSASSIN:4;MAGE:1;SCORPION_RIDER:5
4745,0,0,true,,,utility,curriculum_pass,3,75,145305738961,145305714812,10,0,,false,15,18,2,3,GOBLIN:11;GOLEM:4,GOBLIN:11;MAGE:5;SPIDER:2
4746,0,0,true,,,curriculum_pass,utility,3,75,145305738961,145305714812,27,0,BLUE,false,0,7,2,3,GOBLIN:11;GOLEM:4,GOBLIN:11;MAGE:5;SPIDER:2
4747,0,0,true,,,utility,curriculum_pass,3,75,145305746880,145305723757,8,0,GREEN,false,18,0,3,3,ARCHER:7;GOBLIN:10;SPIDER:1,ASSASSIN:7;GOLEM:2;SPIDER:2
4748,0,0,true,,,curriculum_pass,utility,3,75,145305746880,145305723757,19,0,BLUE,false,0,4,3,3,ARCHER:7;GOBLIN:10;SPIDER:1,ASSASSIN:7;GOLEM:2;SPIDER:2
4749,0,0,true,,,utility,curriculum_pass,3,75,145313650042,145313663959,10,0,GREEN,false,17,0,2,3,GARGOYLE:6;SPIDER:11,ASSASSIN:8;GOBLIN:1;SPIDER:5
4750,0,0,true,,,curriculum_pass,utility,3,75,145313650042,145313663959,17,0,,false,5,11,2,3,GARGOYLE:6;SPIDER:11,ASSASSIN:8;GOBLIN:1;SPIDER:5
4751,0,0,true,,,utility,curriculum_pass,3,75,145313657961,145313671876,10,0,,false,17,8,3,3,ASSASSIN:5;GARGOYLE:1;GOBLIN:11,GOLEM:4;SCORPION_RIDER:4;SPIDER:1
4752,0,0,true,,,curriculum_pass,utility,3,75,145313657961,145313671876,11,0,BLUE,false,0,7,3,3,ASSASSIN:5;GARGOYLE:1;GOBLIN:11,GOLEM:4;SCORPION_RIDER:4;SPIDER:1
4753,0,0,true,,,utility,curriculum_pass,3,75,145313665880,145313648117,10,0,GREEN,false,7,0,3,2,SCORPION_RIDER:9;SPIDER:1,GOBLIN:9;SCORPION_RIDER:6
4754,0,0,true,,,curriculum_pass,utility,3,75,145313665880,145313648117,13,0,BLUE,false,0,7,3,2,SCORPION_RIDER:9;SPIDER:1,GOBLIN:9;SCORPION_RIDER:6
4755,0,0,true,,,utility,curriculum_pass,3,75,145321569042,145321620927,10,0,,false,10,12,3,3,ARCHER:5;GOLEM:4;SPIDER:1,ARCHER:9;MAGE:3
4756,0,0,true,,,curriculum_pass,utility,3,75,145321569042,145321620927,21,0,BLUE,false,0,7,3,3,ARCHER:5;GOLEM:4;SPIDER:1,ARCHER:9;MAGE:3
4757,0,0,true,,,utility,curriculum_pass,3,75,145321576961,145321596076,8,0,GREEN,false,17,0,2,3,GARGOYLE:6;GOBLIN:11,ASSASSIN:2;MAGE:8;SPIDER:1
4758,0,0,true,,,curriculum_pass,utility,3,75,145321576961,145321596076,39,0,BLUE,false,0,8,2,3,GARGOYLE:6;GOBLIN:11,ASSASSIN:2;MAGE:8;SPIDER:1
4759,0,0,true,,,utility,curriculum_pass,3,75,145321584880,145321604701,12,0,GREEN,false,19,0,3,3,SCORPION_RIDER:3;SPIDER:17,GOBLIN:1;MAGE:10
4760,0,0,true,,,curriculum_pass,utility,3,75,145321584880,145321604701,37,0,BLUE,false,0,11,3,3,SCORPION_RIDER:3;SPIDER:17,GOBLIN:1;MAGE:10
4761,0,0,true,,,utility,curriculum_pass,3,75,106447198042,106447210999,8,0,GREEN,false,16,0,2,3,GOBLIN:11;SCORPION_RIDER:5,MAGE:10;SPIDER:1
4762,0,0,true,,,curriculum_pass,utility,3,75,106447198042,106447210999,99,0,BLUE,false,0,11,2,3,GOBLIN:11;SCORPION_RIDER:5,MAGE:10;SPIDER:1
4763,0,0,true,,,utility,curriculum_pass,3,75,106455117042,106455167583,60,0,,false,1,2,3,3,ASSASSIN:6;GOBLIN:10;SPIDER:1,GOBLIN:10;GOLEM:4;SPIDER:1
4764,0,0,true,,,curriculum_pass,utility,3,75,106455117042,106455167583,11,0,BLUE,false,0,13,3,3,ASSASSIN:6;GOBLIN:10;SPIDER:1,GOBLIN:10;GOLEM:4;SPIDER:1
4765,0,0,true,,,utility,curriculum_pass,3,75,106463036042,106463091751,28,0,GREEN,false,5,0,2,3,GARGOYLE:5;SCORPION_RIDER:5,GOBLIN:1;GOLEM:7
4766,0,0,true,,,curriculum_pass,utility,3,75,106463036042,106463091751,31,0,BLUE,false,0,3,2,3,GARGOYLE:5;SCORPION_RIDER:5,GOBLIN:1;GOLEM:7
4767,0,0,true,,,utility,curriculum_pass,3,75,106470955042,106470901391,8,0,GREEN,false,21,0,3,2,ARCHER:4;SPIDER:17,ASSASSIN:8;SPIDER:6
4768,0,0,true,,,curriculum_pass,utility,3,75,106470955042,106470901391,9,0,BLUE,false,0,13,3,2,ARCHER:4;SPIDER:17,ASSASSIN:8;SPIDER:6
4769,0,0,true,,,utility,curriculum_pass,3,75,106478874042,106478859031,22,0,GREEN,false,7,0,3,3,ARCHER:2;GARGOYLE:3;GOLEM:4,GOLEM:4;SPIDER:11
4770,0,0,true,,,curriculum_pass,utility,3,75,106478874042,106478859031,10,0,,false,9,15,3,3,ARCHER:2;GARGOYLE:3;GOLEM:4,GOLEM:4;SPIDER:11
4771,0,0,true,,,utility,curriculum_pass,3,75,106486793042,106486783487,10,0,,false,10,9,2,3,MAGE:5;SCORPION_RIDER:5,ARCHER:1;GARGOYLE:4;GOLEM:4
4772,0,0,true,,,curriculum_pass,utility,3,75,106486793042,106486783487,10,0,,false,10,9,2,3,MAGE:5;SCORPION_RIDER:5,ARCHER:1;GARGOYLE:4;GOLEM:4
4773,0,0,true,,,utility,curriculum_pass,3,75,146042198042,146042242743,20,0,,false,19,12,3,3,ARCHER:1;GOLEM:2;SPIDER:16,MAGE:3;SPIDER:18
4774,0,0,true,,,curriculum_pass,utility,3,75,146042198042,146042242743,15,0,BLUE,false,0,19,3,3,ARCHER:1;GOLEM:2;SPIDER:16,MAGE:3;SPIDER:18
4775,0,0,true,,,utility,curriculum_pass,3,75,146042205961,146042251684,10,0,GREEN,false,14,0,3,3,GOBLIN:5;MAGE:8;SPIDER:1,ASSASSIN:10;SPIDER:1
4776,0,0,true,,,curriculum_pass,utility,3,75,146042205961,146042251684,9,0,BLUE,false,0,10,3,3,GOBLIN:5;MAGE:8;SPIDER:1,ASSASSIN:10;SPIDER:1
4777,0,0,true,,,utility,curriculum_pass,3,75,146042213880,146042227541,10,0,GREEN,false,17,0,2,3,ARCHER:8;SPIDER:9,ASSASSIN:8;GARGOYLE:2;GOBLIN:1
4778,0,0,true,,,curriculum_pass,utility,3,75,146042213880,146042227541,11,0,BLUE,false,0,8,2,3,ARCHER:8;SPIDER:9,ASSASSIN:8;GARGOYLE:2;GOBLIN:1
4779,0,0,true,,,utility,curriculum_pass,3,75,146050117042,146050069279,14,0,GREEN,false,8,0,3,3,GARGOYLE:6;GOBLIN:1;MAGE:4,MAGE:10;SPIDER:1
4780,0,0,true,,,curriculum_pass,utility,3,75,146050117042,146050069279,21,0,BLUE,false,0,8,3,3,GARGOYLE:6;GOBLIN:1;MAGE:4,MAGE:10;SPIDER:1
4781,0,0,true,,,utility,curriculum_pass,3,75,146050124961,146050175500,18,0,GREEN,false,13,0,4,3,GOBLIN:11;SCORPION_RIDER:5,ASSASSIN:7;GARGOYLE:3;GOBLIN:1
4782,0,0,true,,,curriculum_pass,utility,3,75,146050124961,146050175500,29,0,BLUE,false,0,4,4,3,GOBLIN:11;SCORPION_RIDER:5,ASSASSIN:7;GARGOYLE:3;GOBLIN:1
4783,0,0,true,,,utility,curriculum_pass,3,75,146050132880,146050184509,8,0,GREEN,false,12,0,3,2,ASSASSIN:5;GOBLIN:11;MAGE:1,GARGOYLE:4;SPIDER:15
4784,0,0,true,,,curriculum_pass,utility,3,75,146050132880,146050184509,19,0,BLUE,false,0,19,3,2,ASSASSIN:5;GOBLIN:11;MAGE:1,GARGOYLE:4;SPIDER:15
4785,0,0,true,,,utility,curriculum_pass,3,75,207588666042,207588652055,8,0,GREEN,false,17,0,4,3,GOBLIN:12;MAGE:1;SCORPION_RIDER:4,GARGOYLE:5;GOLEM:1;MAGE:4
4786,0,0,true,,,curriculum_pass,utility,3,75,207588666042,207588652055,19,0,BLUE,false,0,10,4,3,GOBLIN:12;MAGE:1;SCORPION_RIDER:4,GARGOYLE:5;GOLEM:1;MAGE:4
4787,0,0,true,,,utility,curriculum_pass,3,75,207588673961,207588628228,14,0,GREEN,false,11,0,3,3,MAGE:10;SPIDER:1,ASSASSIN:6;GOBLIN:11
4788,0,0,true,,,curriculum_pass,utility,3,75,207588673961,207588628228,13,0,BLUE,false,0,16,3,3,MAGE:10;SPIDER:1,ASSASSIN:6;GOBLIN:11
4789,0,0,true,,,utility,curriculum_pass,3,75,207588681880,207588636213,16,0,,false,13,3,3,3,ASSASSIN:5;GOBLIN:11;SPIDER:2,ARCHER:9;GOLEM:2
4790,0,0,true,,,curriculum_pass,utility,3,75,207588681880,207588636213,10,0,,false,18,11,3,3,ASSASSIN:5;GOBLIN:11;SPIDER:2,ARCHER:9;GOLEM:2
4791,0,0,true,,,utility,curriculum_pass,3,75,207588689799,207588743466,12,0,GREEN,false,9,0,2,2,MAGE:7;SCORPION_RIDER:3,GOBLIN:8;MAGE:7
4792,0,0,true,,,curriculum_pass,utility,3,75,207588689799,207588743466,23,0,,false,3,3,2,2,MAGE:7;SCORPION_RIDER:3,GOBLIN:8;MAGE:7
4793,0,0,true,,,utility,curriculum_pass,3,75,146058036042,146057993703,8,0,GREEN,false,9,0,2,3,MAGE:7;SCORPION_RIDER:3,ASSASSIN:8;SPIDER:6
4794,0,0,true,,,curriculum_pass,utility,3,75,146058036042,146057993703,7,0,BLUE,false,0,10,2,3,MAGE:7;SCORPION_RIDER:3,ASSASSIN:8;SPIDER:6
4795,0,0,true,,,utility,curriculum_pass,3,75,146058043961,146058001556,16,0,,false,16,7,3,4,ASSASSIN:4;SPIDER:15,ASSASSIN:7;GOBLIN:1;SCORPION_RIDER:2;SPIDER:2
4796,0,0,true,,,curriculum_pass,utility,3,75,146058043961,146058001556,9,0,BLUE,false,0,7,3,4,ASSASSIN:4;SPIDER:15,ASSASSIN:7;GOBLIN:1;SCORPION_RIDER:2;SPIDER:2
4797,0,0,true,,,utility,curriculum_pass,3,75,146058051880,146058108805,12,0,GREEN,false,8,0,2,4,GOBLIN:9;SCORPION_RIDER:6,GOBLIN:21;SCORPION_RIDER:1;SPIDER:1
4798,0,0,true,,,curriculum_pass,utility,3,75,146058051880,146058108805,111,0,BLUE,false,0,10,2,4,GOBLIN:9;SCORPION_RIDER:6,GOBLIN:21;SCORPION_RIDER:1;SPIDER:1
4799,0,0,true,,,utility,curriculum_pass,3,75,146065955042,146065933903,24,0,GREEN,false,8,0,2,3,GARGOYLE:5;GOLEM:4,ASSASSIN:4;SPIDER:15
4800,0,0,true,,,curriculum_pass,utility,3,75,146065955042,146065933903,17,0,,false,4,13,2,3,GARGOYLE:5;GOLEM:4,ASSASSIN:4;SPIDER:15
4801,0,0,true,,,utility,curriculum_pass,3,75,146065962961,146065942908,10,0,GREEN,false,12,0,3,2,ARCHER:7;GARGOYLE:4;GOBLIN:1,ASSASSIN:6;SPIDER:11
4802,0,0,true,,,curriculum_pass,utility,3,75,146065962961,146065942908,13,0,,false,4,17,3,2,ARCHER:7;GARGOYLE:4;GOBLIN:1,ASSASSIN:6;SPIDER:11
4803,0,0,true,,,utility,curriculum_pass,3,75,146065970880,146065918061,16,0,,false,5,5,3,3,ASSASSIN:7;GOBLIN:2;GOLEM:2,GOBLIN:1;SCORPION_RIDER:9
4804,0,0,true,,,curriculum_pass,utility,3,75,146065970880,146065918061,10,0,,false,11,10,3,3,ASSASSIN:7;GOBLIN:2;GOLEM:2,GOBLIN:1;SCORPION_RIDER:9
4805,0,0,true,,,utility,curriculum_pass,3,75,146073874042,146073891031,22,0,GREEN,false,10,0,3,2,ARCHER:9;GARGOYLE:3,GARGOYLE:6;SCORPION_RIDER:4
4806,0,0,true,,,curriculum_pass,utility,3,75,146073874042,146073891031,13,0,BLUE,false,0,10,3,2,ARCHER:9;GARGOYLE:3,GARGOYLE:6;SCORPION_RIDER:4
4807,0,0,true,,,utility,curriculum_pass,3,75,146073881961,146073867204,8,0,GREEN,false,11,0,3,3,ARCHER:9;ASSASSIN:3,ASSASSIN:7;SPIDER:8
4808,0,0,true,,,curriculum_pass,utility,3,75,146073881961,146073867204,11,0,BLUE,false,0,13,3,3,ARCHER:9;ASSASSIN:3,ASSASSIN:7;SPIDER:8
4809,0,0,true,,,utility,curriculum_pass,3,75,146073889880,146073875189,10,0,,false,17,13,2,3,MAGE:6;SPIDER:11,GARGOYLE:9;SPIDER:4
4810,0,0,true,,,curriculum_pass,utility,3,75,146073889880,146073875189,10,0,,false,17,13,2,3,MAGE:6;SPIDER:11,GARGOYLE:9;SPIDER:4
4811,0,0,true,,,utility,curriculum_pass,3,75,146081793042,146081815231,20,0,GREEN,false,6,0,3,3,GOLEM:4;SCORPION_RIDER:4;SPIDER:1,GOBLIN:8;SPIDER:17
4812,0,0,true,,,curriculum_pass,utility,3,75,146081793042,146081815231,21,0,BLUE,false,0,25,3,3,GOLEM:4;SCORPION_RIDER:4;SPIDER:1,GOBLIN:8;SPIDER:17
4813,0,0,true,,,utility,curriculum_pass,3,75,146081800961,146081824172,14,0,,false,20,10,3,3,ARCHER:5;GOBLIN:1;SPIDER:14,ARCHER:5;GOBLIN:1;SCORPION_RIDER:5
4814,0,0,true,,,curriculum_pass,utility,3,75,146081800961,146081824172,7,0,BLUE,false,0,11,3,3,ARCHER:5;GOBLIN:1;SPIDER:14,ARCHER:5;GOBLIN:1;SCORPION_RIDER:5
4815,0,0,true,,,utility,curriculum_pass,3,75,146081808880,146081800029,22,0,GREEN,false,9,0,3,3,GARGOYLE:6;GOBLIN:1;GOLEM:3,GOBLIN:11;GOLEM:4
4816,0,0,true,,,curriculum_pass,utility,3,75,146081808880,146081800029,17,0,BLUE,false,0,9,3,3,GARGOYLE:6;GOBLIN:1;GOLEM:3,GOBLIN:11;GOLEM:4
4817,0,0,true,,,utility,curriculum_pass,3,75,146089712042,146089756423,34,0,GREEN,false,3,0,3,3,ASSASSIN:7;GARGOYLE:3;GOBLIN:1,GOBLIN:11;SCORPION_RIDER:5
4818,0,0,true,,,curriculum_pass,utility,3,75,146089712042,146089756423,11,0,BLUE,false,0,15,3,3,ASSASSIN:7;GARGOYLE:3;GOBLIN:1,GOBLIN:11;SCORPION_RIDER:5
4819,0,0,true,,,utility,curriculum_pass,3,75,146089719961,146089764404,10,0,,false,12,8,4,3,ARCHER:9;ASSASSIN:1;GARGOYLE:2,GOBLIN:1;GOLEM:3;SCORPION_RIDER:5
4820,0,0,true,,,curriculum_pass,utility,3,75,146089719961,146089764404,9,0,BLUE,false,0,9,4,3,ARCHER:9;ASSASSIN:1;GARGOYLE:2,GOBLIN:1;GOLEM:3;SCORPION_RIDER:5
4821,0,0,true,,,utility,curriculum_pass,3,75,146089727880,146089740581,12,0,GREEN,false,9,0,3,2,GOBLIN:1;SCORPION_RIDER:9,MAGE:7;SCORPION_RIDER:3
4822,0,0,true,,,curriculum_pass,utility,3,75,146089727880,146089740581,15,0,BLUE,false,0,7,3,2,GOBLIN:1;SCORPION_RIDER:9,MAGE:7;SCORPION_RIDER:3
4823,0,0,true,,,utility,curriculum_pass,3,75,146097631042,146097582575,14,0,GREEN,false,10,0,4,4,ARCHER:1;GOLEM:1;MAGE:8;SPIDER:1,ASSASSIN:4;GARGOYLE:1;GOBLIN:13
4824,0,0,true,,,curriculum_pass,utility,3,75,146097631042,146097582575,9,0,BLUE,false,0,18,4,4,ARCHER:1;GOLEM:1;MAGE:8;SPIDER:1,ASSASSIN:4;GARGOYLE:1;GOBLIN:13
4825,0,0,true,,,utility,curriculum_pass,3,75,146097638961,146097688732,6,0,GREEN,false,11,0,3,2,ASSASSIN:7;GARGOYLE:3;SPIDER:1,ARCHER:4;MAGE:7
4826,0,0,true,,,curriculum_pass,utility,3,75,146097638961,146097688732,13,0,BLUE,false,0,11,3,2,ASSASSIN:7;GARGOYLE:3;SPIDER:1,ARCHER:4;MAGE:7
4827,0,0,true,,,utility,curriculum_pass,3,75,146097646880,146097697677,14,0,GREEN,false,15,0,2,3,GOLEM:4;SPIDER:11,MAGE:10;SPIDER:1
4828,0,0,true,,,curriculum_pass,utility,3,75,146097646880,146097697677,23,0,BLUE,false,0,10,2,3,GOLEM:4;SPIDER:11,MAGE:10;SPIDER:1
4829,0,0,true,,,utility,curriculum_pass,3,75,207636180042,207636165351,26,0,,false,9,7,3,2,GOBLIN:1;MAGE:10,ARCHER:7;SPIDER:11
4830,0,0,true,,,curriculum_pass,utility,3,75,207636180042,207636165351,11,0,BLUE,false,0,17,3,2,GOBLIN:1;MAGE:10,ARCHER:7;SPIDER:11
4831,0,0,true,,,utility,curriculum_pass,3,75,207636187961,207636141460,22,0,GREEN,false,11,0,3,3,ASSASSIN:6;SPIDER:11,GOBLIN:1;GOLEM:7
4832,0,0,true,,,curriculum_pass,utility,3,75,207636187961,207636141460,13,0,BLUE,false,0,7,3,3,ASSASSIN:6;SPIDER:11,GOBLIN:1;GOLEM:7
4833,0,0,true,,,utility,curriculum_pass,3,75,207636195880,207636149381,12,0,GREEN,false,9,0,3,3,ARCHER:2;GOLEM:4;MAGE:3,GOLEM:4;MAGE:5
4834,0,0,true,,,curriculum_pass,utility,3,75,207636195880,207636149381,15,0,BLUE,false,0,7,3,3,ARCHER:2;GOLEM:4;MAGE:3,GOLEM:4;MAGE:5
4835,0,0,true,,,utility,curriculum_pass,3,75,207636203799,207636256698,18,0,GREEN,false,11,0,3,3,GARGOYLE:10;GOBLIN:1,GOBLIN:2;GOLEM:2;MAGE:7
4836,0,0,true,,,curriculum_pass,utility,3,75,207636203799,207636256698,35,0,BLUE,false,0,5,3,3,GARGOYLE:10;GOBLIN:1,GOBLIN:2;GOLEM:2;MAGE:7
4837,0,0,true,,,utility,curriculum_pass,3,75,146105550042,146105506423,10,0,GREEN,false,6,0,2,3,ASSASSIN:7;GOBLIN:8,ARCHER:7;GOBLIN:9;SPIDER:2
4838,0,0,true,,,curriculum_pass,utility,3,75,146105550042,146105506423,31,0,BLUE,false,0,9,2,3,ASSASSIN:7;GOBLIN:8,ARCHER:7;GOBLIN:9;SPIDER:2
4839,0,0,true,,,utility,curriculum_pass,3,75,146105557961,146105515364,16,0,GREEN,false,11,0,3,4,ARCHER:6;GARGOYLE:5;GOBLIN:1,GARGOYLE:1;GOBLIN:1;SCORPION_RIDER:2;SPIDER:16
4840,0,0,true,,,curriculum_pass,utility,3,75,146105557961,146105515364,19,0,,false,5,20,3,4,ARCHER:6;GARGOYLE:5;GOBLIN:1,GARGOYLE:1;GOBLIN:1;SCORPION_RIDER:2;SPIDER:16
4841,0,0,true,,,utility,curriculum_pass,3,75,146105565880,146105621525,8,0,GREEN,false,6,0,3,3,ASSASSIN:8;GOLEM:1;SCORPION_RIDER:1,ASSASSIN:4;GOBLIN:1;SPIDER:14
4842,0,0,true,,,curriculum_pass,utility,3,75,146105565880,146105621525,7,0,BLUE,false,0,16,3,3,ASSASSIN:8;GOLEM:1;SCORPION_RIDER:1,ASSASSIN:4;GOBLIN:1;SPIDER:14
4843,0,0,true,,,utility,curriculum_pass,3,75,146113469042,146113447135,54,0,GREEN,false,12,0,3,3,ARCHER:7;GARGOYLE:4;SPIDER:1,GOBLIN:10;GOLEM:4;SPIDER:1
4844,0,0,true,,,curriculum_pass,utility,3,75,146113469042,146113447135,25,0,BLUE,false,0,15,3,3,ARCHER:7;GARGOYLE:4;SPIDER:1,GOBLIN:10;GOLEM:4;SPIDER:1
4845,0,0,true,,,utility,curriculum_pass,3,75,146113476961,146113456076,12,0,GREEN,false,12,0,3,3,ARCHER:8;GOBLIN:6;MAGE:1,GOBLIN:2;GOLEM:4;SPIDER:9
4846,0,0,true,,,curriculum_pass,utility,3,75,146113476961,146113456076,11,0,BLUE,false,0,12,3,3,ARCHER:8;GOBLIN:6;MAGE:1,GOBLIN:2;GOLEM:4;SPIDER:9
4847,0,0,true,,,utility,curriculum_pass,3,75,146113484880,146113431293,8,0,GREEN,false,17,0,2,3,GOLEM:3;SPIDER:15,GARGOYLE:2;GOBLIN:1;MAGE:8
4848,0,0,true,,,curriculum_pass,utility,3,75,146113484880,146113431293,17,0,BLUE,false,0,10,2,3,GOLEM:3;SPIDER:15,GARGOYLE:2;GOBLIN:1;MAGE:8
4849,0,0,true,,,utility,curriculum_pass,3,75,207652018042,207652030935,18,0,GREEN,false,7,0,3,3,GOLEM:7;SPIDER:1,GARGOYLE:6;MAGE:4;SPIDER:1
4850,0,0,true,,,curriculum_pass,utility,3,75,207652018042,207652030935,25,0,BLUE,false,0,11,3,3,GOLEM:7;SPIDER:1,GARGOYLE:6;MAGE:4;SPIDER:1
4851,0,0,true,,,utility,curriculum_pass,3,75,207652025961,207652038852,12,0,GREEN,false,11,0,2,3,GOBLIN:6;MAGE:8,MAGE:3;SCORPION_RIDER:6;SPIDER:2
4852,0,0,true,,,curriculum_pass,utility,3,75,207652025961,207652038852,9,0,BLUE,false,0,11,2,3,GOBLIN:6;MAGE:8,MAGE:3;SCORPION_RIDER:6;SPIDER:2
4853,0,0,true,,,utility,curriculum_pass,3,75,207652033880,207652015093,10,0,GREEN,false,15,0,2,3,ARCHER:8;GOBLIN:9,GOBLIN:18;MAGE:3
4854,0,0,true,,,curriculum_pass,utility,3,75,207652033880,207652015093,7,0,BLUE,false,0,16,2,3,ARCHER:8;GOBLIN:9,GOBLIN:18;MAGE:3
4855,0,0,true,,,utility,curriculum_pass,3,75,207652041799,207652023018,10,0,,false,19,12,2,3,GARGOYLE:4;SPIDER:15,ARCHER:9;MAGE:3
4856,0,0,true,,,curriculum_pass,utility,3,75,207652041799,207652023018,13,0,BLUE,false,0,11,2,3,GARGOYLE:4;SPIDER:15,ARCHER:9;MAGE:3
4857,0,0,true,,,utility,curriculum_pass,3,75,107239098042,107239053335,12,0,GREEN,false,17,0,4,2,GOBLIN:1;SCORPION_RIDER:3;SPIDER:16,ASSASSIN:5;GOLEM:4
4858,0,0,true,,,curriculum_pass,utility,3,75,107239098042,107239053335,15,0,BLUE,false,0,6,4,2,GOBLIN:1;SCORPION_RIDER:3;SPIDER:16,ASSASSIN:5;GOLEM:4
4859,0,0,true,,,utility,curriculum_pass,3,75,107247017042,107246994175,12,0,GREEN,false,6,0,3,4,ARCHER:6;GOBLIN:1;MAGE:5,ARCHER:2;MAGE:7;SPIDER:4
4860,0,0,true,,,curriculum_pass,utility,3,75,107247017042,107246994175,15,0,,false,6,10,3,4,ARCHER:6;GOBLIN:1;MAGE:5,ARCHER:2;MAGE:7;SPIDER:4
4861,0,0,true,,,utility,curriculum_pass,3,75,107254936042,107254951751,10,0,GREEN,false,9,0,3,2,ARCHER:1;GARGOYLE:4;GOLEM:4,ARCHER:5;SPIDER:15
4862,0,0,true,,,curriculum_pass,utility,3,75,107254936042,107254951751,15,0,BLUE,false,0,19,3,2,ARCHER:1;GARGOYLE:4;GOLEM:4,ARCHER:5;SPIDER:15
4863,0,0,true,,,utility,curriculum_pass,3,75,107262855042,107262875951,20,0,GREEN,false,9,0,2,3,GARGOYLE:5;GOLEM:4,GARGOYLE:6;MAGE:4;SPIDER:1
4864,0,0,true,,,curriculum_pass,utility,3,75,107262855042,107262875951,99,0,BLUE,false,0,11,2,3,GARGOYLE:5;GOLEM:4,GARGOYLE:6;MAGE:4;SPIDER:1
4865,0,0,true,,,utility,curriculum_pass,3,75,107270774042,107270816695,14,0,,false,12,7,3,3,ARCHER:8;GOLEM:2;SPIDER:2,ARCHER:7;GOLEM:3;SPIDER:1
4866,0,0,true,,,curriculum_pass,utility,3,75,107270774042,107270816695,17,0,BLUE,false,0,9,3,3,ARCHER:8;GOLEM:2;SPIDER:2,ARCHER:7;GOLEM:3;SPIDER:1
4867,0,0,true,,,utility,curriculum_pass,3,75,107278693042,107278642207,14,0,GREEN,false,12,0,2,3,ARCHER:8;SPIDER:9,GARGOYLE:5;MAGE:5;SPIDER:1
4868,0,0,true,,,curriculum_pass,utility,3,75,107278693042,107278642207,13,0,BLUE,false,0,7,2,3,ARCHER:8;SPIDER:9,GARGOYLE:5;MAGE:5;SPIDER:1
4869,0,0,true,,,utility,curriculum_pass,3,75,146834098042,146834086359,14,0,GREEN,false,18,0,3,3,ARCHER:7;GOBLIN:11,ASSASSIN:8;GOLEM:1;MAGE:1
4870,0,0,true,,,curriculum_pass,utility,3,75,146834098042,146834086359,33,0,BLUE,false,0,1,3,3,ARCHER:7;GOBLIN:11,ASSASSIN:8;GOLEM:1;MAGE:1
4871,0,0,true,,,utility,curriculum_pass,3,75,146834105961,146834094276,8,0,GREEN,false,17,0,2,3,GARGOYLE:6;GOBLIN:11,MAGE:4;SPIDER:15
4872,0,0,true,,,curriculum_pass,utility,3,75,146834105961,146834094276,21,0,BLUE,false,0,10,2,3,GARGOYLE:6;GOBLIN:11,MAGE:4;SPIDER:15
4873,0,0,true,,,utility,curriculum_pass,3,75,146834113880,146834070517,10,0,GREEN,false,8,0,3,3,GARGOYLE:5;GOBLIN:2;SCORPION_RIDER:4,ARCHER:4;GOBLIN:1;SPIDER:16
4874,0,0,true,,,curriculum_pass,utility,3,75,146834113880,146834070517,41,0,BLUE,false,0,20,3,3,GARGOYLE:5;GOBLIN:2;SCORPION_RIDER:4,ARCHER:4;GOBLIN:1;SPIDER:16
4875,0,0,true,,,utility,curriculum_pass,3,75,208372647042,208372668975,12,0,GREEN,false,19,0,3,3,GOBLIN:9;SPIDER:16,ASSASSIN:10;GOBLIN:1
4876,0,0,true,,,curriculum_pass,utility,3,75,208372647042,208372668975,13,0,,false,15,2,3,3,GOBLIN:9;SPIDER:16,ASSASSIN:10;GOBLIN:1
4877,0,0,true,,,utility,curriculum_pass,3,75,208372654961,208372678108,12,0,GREEN,false,14,0,2,3,GOBLIN:11;GOLEM:4,GARGOYLE:4;GOLEM:1;MAGE:5
4878,0,0,true,,,curriculum_pass,utility,3,75,208372654961,208372678108,27,0,BLUE,false,0,10,2,3,GOBLIN:11;GOLEM:4,GARGOYLE:4;GOLEM:1;MAGE:5
4879,0,0,true,,,utility,curriculum_pass,3,75,208372662880,208372653261,16,0,GREEN,false,10,0,3,3,ARCHER:8;GARGOYLE:3;GOBLIN:2,ARCHER:5;GOLEM:4;SPIDER:1
4880,0,0,true,,,curriculum_pass,utility,3,75,208372662880,208372653261,17,0,BLUE,false,0,6,3,3,ARCHER:8;GARGOYLE:3;GOBLIN:2,ARCHER:5;GOLEM:4;SPIDER:1
4881,0,0,true,,,utility,curriculum_pass,3,75,208372670799,208372662242,14,0,GREEN,false,7,0,3,3,GARGOYLE:2;MAGE:8;SPIDER:1,GOBLIN:1;MAGE:10
4882,0,0,true,,,curriculum_pass,utility,3,75,208372670799,208372662242,17,0,BLUE,false,0,7,3,3,GARGOYLE:2;MAGE:8;SPIDER:1,GOBLIN:1;MAGE:10
4883,0,0,true,,,utility,curriculum_pass,3,75,146842017042,146842026943,10,0,,false,13,10,3,2,ARCHER:4;GARGOYLE:6;SPIDER:3,ASSASSIN:7;SCORPION_RIDER:3
4884,0,0,true,,,curriculum_pass,utility,3,75,146842017042,146842026943,21,0,,false,5,5,3,2,ARCHER:4;GARGOYLE:6;SPIDER:3,ASSASSIN:7;SCORPION_RIDER:3
4885,0,0,true,,,utility,curriculum_pass,3,75,146842024961,146842034860,10,0,GREEN,false,18,0,3,2,ARCHER:7;GOBLIN:11,SCORPION_RIDER:4;SPIDER:14
4886,0,0,true,,,curriculum_pass,utility,3,75,146842024961,146842034860,15,0,BLUE,false,0,18,3,2,ARCHER:7;GOBLIN:11,SCORPION_RIDER:4;SPIDER:14
4887,0,0,true,,,utility,curriculum_pass,3,75,146842032880,146842010717,30,0,GREEN,false,14,0,2,3,GOBLIN:8;MAGE:7,ASSASSIN:5;GARGOYLE:5;SPIDER:1
4888,0,0,true,,,curriculum_pass,utility,3,75,146842032880,146842010717,19,0,BLUE,false,0,6,2,3,GOBLIN:8;MAGE:7,ASSASSIN:5;GARGOYLE:5;SPIDER:1
4889,0,0,true,,,utility,curriculum_pass,3,75,146849936042,146849983495,16,0,GREEN,false,16,0,3,3,GOBLIN:11;MAGE:6,GOBLIN:2;MAGE:4;SPIDER:13
4890,0,0,true,,,curriculum_pass,utility,3,75,146849936042,146849983495,17,0,BLUE,false,0,15,3,3,GOBLIN:11;MAGE:6,GOBLIN:2;MAGE:4;SPIDER:13
4891,0,0,true,,,utility,curriculum_pass,3,75,146849943961,146849959732,12,0,GREEN,false,5,0,3,3,GOBLIN:9;GOLEM:4;SCORPION_RIDER:1,GARGOYLE:3;SCORPION_RIDER:6;SPIDER:2
4892,0,0,true,,,curriculum_pass,utility,3,75,146849943961,146849959732,17,0,BLUE,false,0,7,3,3,GOBLIN:9;GOLEM:4;SCORPION_RIDER:1,GARGOYLE:3;SCORPION_RIDER:6;SPIDER:2
4893,0,0,true,,,utility,curriculum_pass,3,75,146849951880,146849967653,10,0,GREEN,false,8,0,3,2,ASSASSIN:4;GARGOYLE:6;SPIDER:1,ASSASSIN:7;SPIDER:8
4894,0,0,true,,,curriculum_pass,utility,3,75,146849951880,146849967653,11,0,,false,7,11,3,2,ASSASSIN:4;GARGOYLE:6;SPIDER:1,ASSASSIN:7;SPIDER:8
4895,0,0,true,,,utility,curriculum_pass,3,75,146857855042,146857907951,12,0,GREEN,false,8,0,3,3,GOLEM:4;MAGE:5,GOBLIN:1;SCORPION_RIDER:9
4896,0,0,true,,,curriculum_pass,utility,3,75,146857855042,146857907951,9,0,BLUE,false,0,8,3,3,GOLEM:4;MAGE:5,GOBLIN:1;SCORPION_RIDER:9
4897,0,0,true,,,utility,curriculum_pass,3,75,146857862961,146857916828,28,0,GREEN,false,2,0,3,2,ASSASSIN:7;GOLEM:1;MAGE:2,GOBLIN:10;SPIDER:15
4898,0,0,true,,,curriculum_pass,utility,3,75,146857862961,146857916828,13,0,BLUE,false,0,23,3,2,ASSASSIN:7;GOLEM:1;MAGE:2,GOBLIN:10;SPIDER:15
4899,0,0,true,,,utility,curriculum_pass,3,75,146857870880,146857891981,32,0,GREEN,false,7,0,2,2,MAGE:7;SCORPION_RIDER:3,GOBLIN:11;GOLEM:4
4900,0,0,true,,,curriculum_pass,utility,3,75,146857870880,146857891981,19,0,BLUE,false,0,15,2,2,MAGE:7;SCORPION_RIDER:3,GOBLIN:11;GOLEM:4
4901,0,0,true,,,utility,curriculum_pass,3,75,208396404042,208396360679,86,0,GREEN,false,1,0,3,3,ASSASSIN:8;SCORPION_RIDER:2;SPIDER:1,SCORPION_RIDER:9;SPIDER:1
4902,0,0,true,,,curriculum_pass,utility,3,75,208396404042,208396360679,9,0,BLUE,false,0,9,3,3,ASSASSIN:8;SCORPION_RIDER:2;SPIDER:1,SCORPION_RIDER:9;SPIDER:1
4903,0,0,true,,,utility,curriculum_pass,3,75,208396411961,208396368532,14,0,GREEN,false,9,0,3,3,ARCHER:4;GOBLIN:1;SCORPION_RIDER:6,GOBLIN:2;MAGE:4;SCORPION_RIDER:5
4904,0,0,true,,,curriculum_pass,utility,3,75,208396411961,208396368532,29,0,BLUE,false,0,8,3,3,ARCHER:4;GOBLIN:1;SCORPION_RIDER:6,GOBLIN:2;MAGE:4;SCORPION_RIDER:5
4905,0,0,true,,,utility,curriculum_pass,3,75,208396419880,208396475781,6,0,GREEN,false,9,0,3,3,ARCHER:2;GARGOYLE:3;SCORPION_RIDER:5,ASSASSIN:10;GOBLIN:1
4906,0,0,true,,,curriculum_pass,utility,3,75,208396419880,208396475781,23,0,,false,6,3,3,3,ARCHER:2;GARGOYLE:3;SCORPION_RIDER:5,ASSASSIN:10;GOBLIN:1
4907,0,0,true,,,utility,curriculum_pass,3,75,208396427799,208396483770,24,0,GREEN,false,10,0,3,3,GARGOYLE:2;GOBLIN:1;MAGE:8,GOBLIN:1;GOLEM:4;SCORPION_RIDER:4
4908,0,0,true,,,curriculum_pass,utility,3,75,208396427799,208396483770,9,0,BLUE,false,0,9,3,3,GARGOYLE:2;GOBLIN:1;MAGE:8,GOBLIN:1;GOLEM:4;SCORPION_RIDER:4
4909,0,0,true,,,utility,curriculum_pass,3,75,146865774042,146865718135,10,0,GREEN,false,5,0,2,3,ASSASSIN:7;GOBLIN:8,GOBLIN:10;SPIDER:15
4910,0,0,true,,,curriculum_pass,utility,3,75,146865774042,146865718135,11,0,BLUE,false,0,22,2,3,ASSASSIN:7;GOBLIN:8,GOBLIN:10;SPIDER:15
4911,0,0,true,,,utility,curriculum_pass,3,75,146865781961,146865726052,8,0,GREEN,false,11,0,2,3,ARCHER:7;SCORPION_RIDER:4,GOBLIN:8;MAGE:7
4912,0,0,true,,,curriculum_pass,utility,3,75,146865781961,146865726052,11,0,BLUE,false,0,15,2,3,ARCHER:7;SCORPION_RIDER:4,GOBLIN:8;MAGE:7
4913,0,0,true,,,utility,curriculum_pass,3,75,146865789880,146865833237,14,0,GREEN,false,12,0,3,2,ARCHER:11;GARGOYLE:1,ASSASSIN:6;GOBLIN:11
4914,0,0,true,,,curriculum_pass,utility,3,75,146865789880,146865833237,11,0,BLUE,false,0,15,3,2,ARCHER:11;GARGOYLE:1,ASSASSIN:6;GOBLIN:11
4915,0,0,true,,,utility,curriculum_pass,3,75,208404323042,208404300879,18,0,GREEN,false,8,0,2,3,GOBLIN:6;MAGE:8,GOBLIN:12;MAGE:1;SCORPION_RIDER:4
4916,0,0,true,,,curriculum_pass,utility,3,75,208404323042,208404300879,11,0,BLUE,false,0,17,2,3,GOBLIN:6;MAGE:8,GOBLIN:12;MAGE:1;SCORPION_RIDER:4
4917,0,0,true,,,utility,curriculum_pass,3,75,208404330961,208404309884,12,0,GREEN,false,12,0,3,2,ARCHER:5;GARGOYLE:6;GOBLIN:1,ASSASSIN:6;GOBLIN:11
4918,0,0,true,,,curriculum_pass,utility,3,75,208404330961,208404309884,11,0,BLUE,false,0,12,3,2,ARCHER:5;GARGOYLE:6;GOBLIN:1,ASSASSIN:6;GOBLIN:11
4919,0,0,true,,,utility,curriculum_pass,3,75,208404338880,208404285037,6,0,GREEN,false,9,0,3,3,ARCHER:12;SPIDER:1,ARCHER:7;GOBLIN:1;MAGE:4
4920,0,0,true,,,curriculum_pass,utility,3,75,208404338880,208404285037,11,0,,false,12,12,3,3,ARCHER:12;SPIDER:1,ARCHER:7;GOBLIN:1;MAGE:4
4921,0,0,true,,,utility,curriculum_pass,3,75,208404346799,208404293890,12,0,GREEN,false,16,0,4,2,ARCHER:1;GOBLIN:12;GOLEM:3;SPIDER:1,ARCHER:7;SPIDER:11
4922,0,0,true,,,curriculum_pass,utility,3,75,208404346799,208404293890,15,0,BLUE,false,0,18,4,2,ARCHER:1;GOBLIN:12;GOLEM:3;SPIDER:1,ARCHER:7;SPIDER:11
4923,0,0,true,,,utility,curriculum_pass,3,75,146873693042,146873675231,12,0,GREEN,false,6,0,3,3,ASSASSIN:8;GOBLIN:3;GOLEM:1,GOBLIN:7;MAGE:7;SPIDER:1
4924,0,0,true,,,curriculum_pass,utility,3,75,146873693042,146873675231,13,0,BLUE,false,0,13,3,3,ASSASSIN:8;GOBLIN:3;GOLEM:1,GOBLIN:7;MAGE:7;SPIDER:1
4925,0,0,true,,,utility,curriculum_pass,3,75,146873700961,146873650380,32,0,,false,7,9,3,3,ARCHER:6;GARGOYLE:5;SPIDER:1,GOBLIN:1;SPIDER:24
4926,0,0,true,,,curriculum_pass,utility,3,75,146873700961,146873650380,21,0,,false,5,17,3,3,ARCHER:6;GARGOYLE:5;SPIDER:1,GOBLIN:1;SPIDER:24
4927,0,0,true,,,utility,curriculum_pass,3,75,146873708880,146873659389,6,0,GREEN,false,17,0,2,3,ARCHER:7;GOBLIN:11,ASSASSIN:2;MAGE:8;SPIDER:1
4928,0,0,true,,,curriculum_pass,utility,3,75,146873708880,146873659389,17,0,BLUE,false,0,4,2,3,ARCHER:7;GOBLIN:11,ASSASSIN:2;MAGE:8;SPIDER:1
4929,0,0,true,,,utility,curriculum_pass,3,75,146881612042,146881599399,8,0,GREEN,false,11,0,3,3,GARGOYLE:4;GOBLIN:2;SCORPION_RIDER:5,ARCHER:12;SPIDER:1
4930,0,0,true,,,curriculum_pass,utility,3,75,146881612042,146881599399,13,0,BLUE,false,0,13,3,3,GARGOYLE:4;GOBLIN:2;SCORPION_RIDER:5,ARCHER:12;SPIDER:1
4931,0,0,true,,,utility,curriculum_pass,3,75,146881619961,146881608020,24,0,GREEN,false,10,0,3,3,GARGOYLE:2;GOBLIN:1;MAGE:8,GOLEM:4;SCORPION_RIDER:4;SPIDER:1
4932,0,0,true,,,curriculum_pass,utility,3,75,146881619961,146881608020,11,0,BLUE,false,0,8,3,3,GARGOYLE:2;GOBLIN:1;MAGE:8,GOLEM:4;SCORPION_RIDER:4;SPIDER:1
4933,0,0,true,,,utility,curriculum_pass,3,75,146881627880,146881583173,10,0,GREEN,false,9,0,3,3,SCORPION_RIDER:9;SPIDER:1,GOBLIN:12;SPIDER:13
4934,0,0,true,,,curriculum_pass,utility,3,75,146881627880,146881583173,17,0,,false,4,20,3,3,SCORPION_RIDER:9;SPIDER:1,GOBLIN:12;SPIDER:13
4935,0,0,true,,,utility,curriculum_pass,3,75,146889531042,146889539599,14,0,,false,6,14,3,3,ASSASSIN:8;GOBLIN:5;SPIDER:1,GOBLIN:11;SCORPION_RIDER:4;SPIDER:3
4936,0,0,true,,,curriculum_pass,utility,3,75,146889531042,146889539599,19,0,BLUE,false,0,15,3,3,ASSASSIN:8;GOBLIN:5;SPIDER:1,GOBLIN:11;SCORPION_RIDER:4;SPIDER:3
4937,0,0,true,,,utility,curriculum_pass,3,75,146889538961,146889548604,10,0,GREEN,false,11,0,3,2,ARCHER:8;SCORPION_RIDER:3;SPIDER:1,GOLEM:4;SPIDER:11
4938,0,0,true,,,curriculum_pass,utility,3,75,146889538961,146889548604,19,0,BLUE,false,0,15,3,2,ARCHER:8;SCORPION_RIDER:3;SPIDER:1,GOLEM:4;SPIDER:11
4939,0,0,true,,,utility,curriculum_pass,3,75,146889546880,146889523757,8,0,GREEN,false,8,0,2,3,ARCHER:4;ASSASSIN:7,ARCHER:1;GARGOYLE:3;SPIDER:16
4940,0,0,true,,,curriculum_pass,utility,3,75,146889546880,146889523757,11,0,BLUE,false,0,19,2,3,ARCHER:4;ASSASSIN:7,ARCHER:1;GARGOYLE:3;SPIDER:16
4941,0,0,true,,,utility,curriculum_pass,3,75,146897450042,146897496727,8,0,GREEN,false,17,0,3,3,GOBLIN:12;MAGE:1;SCORPION_RIDER:4,ARCHER:7;ASSASSIN:4;SPIDER:1
4942,0,0,true,,,curriculum_pass,utility,3,75,146897450042,146897496727,13,0,BLUE,false,0,8,3,3,GOBLIN:12;MAGE:1;SCORPION_RIDER:4,ARCHER:7;ASSASSIN:4;SPIDER:1
4943,0,0,true,,,utility,curriculum_pass,3,75,146897457961,146897472900,16,0,GREEN,false,16,0,3,3,ARCHER:1;GOLEM:3;SPIDER:13,ARCHER:1;GARGOYLE:4;GOLEM:4
4944,0,0,true,,,curriculum_pass,utility,3,75,146897457961,146897472900,10,0,,false,17,9,3,3,ARCHER:1;GOLEM:3;SPIDER:13,ARCHER:1;GARGOYLE:4;GOLEM:4
4945,0,0,true,,,utility,curriculum_pass,3,75,146897465880,146897480885,22,0,,false,10,4,3,4,GOBLIN:7;MAGE:7;SPIDER:1,ARCHER:4;GARGOYLE:1;GOBLIN:1;GOLEM:4
4946,0,0,true,,,curriculum_pass,utility,3,75,146897465880,146897480885,29,0,,false,6,6,3,4,GOBLIN:7;MAGE:7;SPIDER:1,ARCHER:4;GARGOYLE:1;GOBLIN:1;GOLEM:4
4947,0,0,true,,,utility,curriculum_pass,3,75,146905369042,146905421695,8,0,GREEN,false,11,0,3,3,ARCHER:8;GOBLIN:1;SCORPION_RIDER:3,ARCHER:9;ASSASSIN:3
4948,0,0,true,,,curriculum_pass,utility,3,75,146905369042,146905421695,13,0,BLUE,false,0,6,3,3,ARCHER:8;GOBLIN:1;SCORPION_RIDER:3,ARCHER:9;ASSASSIN:3
4949,0,0,true,,,utility,curriculum_pass,3,75,146905376961,146905429612,12,0,,false,10,13,4,3,ARCHER:4;GOLEM:4;SCORPION_RIDER:1;SPIDER:1,GOBLIN:1;MAGE:7;SPIDER:7
4950,0,0,true,,,curriculum_pass,utility,3,75,146905376961,146905429612,15,0,,false,4,13,4,3,ARCHER:4;GOLEM:4;SCORPION_RIDER:1;SPIDER:1,GOBLIN:1;MAGE:7;SPIDER:7
4951,0,0,true,,,utility,curriculum_pass,3,75,146905384880,146905405725,16,0,GREEN,false,3,0,3,3,ASSASSIN:5;GOLEM:4,ARCHER:7;GOBLIN:11
4952,0,0,true,,,curriculum_pass,utility,3,75,146905384880,146905405725,15,0,BLUE,false,0,17,3,3,ASSASSIN:5;GOLEM:4,ARCHER:7;GOBLIN:11
4953,0,0,true,,,utility,curriculum_pass,3,75,108030998042,108031043767,46,0,GREEN,false,15,0,3,3,ARCHER:1;GOLEM:3;SPIDER:13,GOBLIN:11;GOLEM:4
4954,0,0,true,,,curriculum_pass,utility,3,75,108030998042,108031043767,15,0,BLUE,false,0,13,3,3,ARCHER:1;GOLEM:3;SPIDER:13,GOBLIN:11;GOLEM:4
4955,0,0,true,,,utility,curriculum_pass,3,75,108038917042,108038968607,10,0,,false,4,5,3,2,ASSASSIN:10;SPIDER:1,ASSASSIN:5;SCORPION_RIDER:5
4956,0,0,true,,,curriculum_pass,utility,3,75,108038917042,108038968607,11,0,BLUE,false,0,9,3,2,ASSASSIN:10;SPIDER:1,ASSASSIN:5;SCORPION_RIDER:5
4957,0,0,true,,,utility,curriculum_pass,3,75,108046836042,108046794727,10,0,GREEN,false,7,0,3,3,ASSASSIN:7;GARGOYLE:3;GOBLIN:1,GOLEM:2;MAGE:7;SPIDER:2
4958,0,0,true,,,curriculum_pass,utility,3,75,108046836042,108046794727,21,0,BLUE,false,0,11,3,3,ASSASSIN:7;GARGOYLE:3;GOBLIN:1,GOLEM:2;MAGE:7;SPIDER:2
4959,0,0,true,,,utility,curriculum_pass,3,75,108054755042,108054734927,10,0,,false,13,11,3,4,ARCHER:12;SPIDER:1,GARGOYLE:5;GOBLIN:1;MAGE:3;SCORPION_RIDER:2
4960,0,0,true,,,curriculum_pass,utility,3,75,108054755042,108054734927,21,0,,false,3,9,3,4,ARCHER:12;SPIDER:1,GARGOYLE:5;GOBLIN:1;MAGE:3;SCORPION_RIDER:2
4961,0,0,true,,,utility,curriculum_pass,3,75,108062674042,108062659287,20,0,GREEN,false,10,0,3,3,MAGE:10;SPIDER:1,GOBLIN:11;SPIDER:14
4962,0,0,true,,,curriculum_pass,utility,3,75,108062674042,108062659287,15,0,BLUE,false,0,23,3,3,MAGE:10;SPIDER:1,GOBLIN:11;SPIDER:14
4963,0,0,true,,,utility,curriculum_pass,3,75,108070593042,108070616255,12,0,,false,8,11,3,3,ASSASSIN:2;MAGE:8;SPIDER:1,MAGE:8;SCORPION_RIDER:2;SPIDER:1
4964,0,0,true,,,curriculum_pass,utility,3,75,108070593042,108070616255,27,0,BLUE,false,0,4,3,3,ASSASSIN:2;MAGE:8;SPIDER:1,MAGE:8;SCORPION_RIDER:2;SPIDER:1
4965,0,0,true,,,utility,curriculum_pass,3,75,147625998042,147625945207,10,0,,false,18,11,3,2,GOBLIN:1;GOLEM:3;SPIDER:14,ARCHER:4;ASSASSIN:7
4966,0,0,true,,,curriculum_pass,utility,3,75,147625998042,147625945207,19,0,BLUE,false,0,4,3,2,GOBLIN:1;GOLEM:3;SPIDER:14,ARCHER:4;ASSASSIN:7
4967,0,0,true,,,utility,curriculum_pass,3,75,147626005961,147626052452,24,0,GREEN,false,9,0,3,2,ASSASSIN:2;MAGE:8;SPIDER:1,GARGOYLE:5;SCORPION_RIDER:5
4968,0,0,true,,,curriculum_pass,utility,3,75,147626005961,147626052452,13,0,BLUE,false,0,10,3,2,ASSASSIN:2;MAGE:8;SPIDER:1,GARGOYLE:5;SCORPION_RIDER:5
4969,0,0,true,,,utility,curriculum_pass,3,75,147626013880,147626060309,18,0,GREEN,false,10,0,3,3,GARGOYLE:10;GOBLIN:1,ARCHER:1;ASSASSIN:4;GOLEM:4
4970,0,0,true,,,curriculum_pass,utility,3,75,147626013880,147626060309,31,0,BLUE,false,0,5,3,3,GARGOYLE:10;GOBLIN:1,ARCHER:1;ASSASSIN:4;GOLEM:4
4971,0,0,true,,,utility,curriculum_pass,3,75,147633917042,147633869535,10,0,GREEN,false,8,0,2,4,ASSASSIN:5;SCORPION_RIDER:5,ASSASSIN:2;GARGOYLE:5;GOLEM:1;MAGE:2
4972,0,0,true,,,curriculum_pass,utility,3,75,147633917042,147633869535,27,0,BLUE,false,0,7,2,4,ASSASSIN:5;SCORPION_RIDER:5,ASSASSIN:2;GARGOYLE:5;GOLEM:1;MAGE:2
4973,0,0,true,,,utility,curriculum_pass,3,75,147633924961,147633878476,34,0,GREEN,false,13,0,3,3,GOLEM:4;SPIDER:11,GARGOYLE:10;SPIDER:1
4974,0,0,true,,,curriculum_pass,utility,3,75,147633924961,147633878476,27,0,BLUE,false,0,11,3,3,GOLEM:4;SPIDER:11,GARGOYLE:10;SPIDER:1
4975,0,0,true,,,utility,curriculum_pass,3,75,147633932880,147633984765,56,0,,false,9,4,3,3,GOBLIN:2;MAGE:3;SCORPION_RIDER:6,GOLEM:4;SPIDER:11
4976,0,0,true,,,curriculum_pass,utility,3,75,147633932880,147633984765,27,0,BLUE,false,0,15,3,3,GOBLIN:2;MAGE:3;SCORPION_RIDER:6,GOLEM:4;SPIDER:11
4977,0,0,true,,,utility,curriculum_pass,3,75,147641836042,147641826471,14,0,GREEN,false,9,0,3,2,ARCHER:4;GOLEM:5,GARGOYLE:5;SPIDER:13
4978,0,0,true,,,curriculum_pass,utility,3,75,147641836042,147641826471,27,0,BLUE,false,0,17,3,2,ARCHER:4;GOLEM:5,GARGOYLE:5;SPIDER:13
4979,0,0,true,,,utility,curriculum_pass,3,75,147641843961,147641802324,12,0,GREEN,false,7,0,3,2,GOLEM:4;SCORPION_RIDER:4;SPIDER:1,ARCHER:7;SCORPION_RIDER:4
4980,0,0,true,,,curriculum_pass,utility,3,75,147641843961,147641802324,19,0,BLUE,false,0,7,3,2,GOLEM:4;SCORPION_RIDER:4;SPIDER:1,ARCHER:7;SCORPION_RIDER:4
4981,0,0,true,,,utility,curriculum_pass,3,75,147641851880,147641794885,10,0,,false,12,11,3,3,ARCHER:11;GARGOYLE:1,GARGOYLE:4;GOBLIN:2;SCORPION_RIDER:5
4982,0,0,true,,,curriculum_pass,utility,3,75,147641851880,147641794885,10,0,,false,12,11,3,3,ARCHER:11;GARGOYLE:1,GARGOYLE:4;GOBLIN:2;SCORPION_RIDER:5
4983,0,0,true,,,utility,curriculum_pass,3,75,147649755042,147649767695,10,0,GREEN,false,10,0,4,3,ARCHER:4;ASSASSIN:1;GOBLIN:1;GOLEM:4,ASSASSIN:4;GOBLIN:2;SPIDER:13
4984,0,0,true,,,curriculum_pass,utility,3,75,147649755042,147649767695,19,0,BLUE,false,0,12,4,3,ARCHER:4;ASSASSIN:1;GOBLIN:1;GOLEM:4,ASSASSIN:4;GOBLIN:2;SPIDER:13
4985,0,0,true,,,utility,curriculum_pass,3,75,147649762961,147649742908,24,0,GREEN,false,8,0,3,2,GARGOYLE:5;GOLEM:4,GARGOYLE:5;SPIDER:13
4986,0,0,true,,,curriculum_pass,utility,3,75,147649762961,147649742908,61,0,BLUE,false,0,18,3,2,GARGOYLE:5;GOLEM:4,GARGOYLE:5;SPIDER:13
4987,0,0,true,,,utility,curriculum_pass,3,75,147649770880,147649751853,12,0,,false,4,7,3,3,ASSASSIN:10;GOBLIN:1,ASSASSIN:4;GARGOYLE:6;GOBLIN:1
4988,0,0,true,,,curriculum_pass,utility,3,75,147649770880,147649751853,9,0,BLUE,false,0,9,3,3,ASSASSIN:10;GOBLIN:1,ASSASSIN:4;GARGOYLE:6;GOBLIN:1
4989,0,0,true,,,utility,curriculum_pass,3,75,147657674042,147657692055,24,0,,false,2,4,3,3,ASSASSIN:1;GOBLIN:12;SCORPION_RIDER:4,GARGOYLE:6;GOBLIN:11
4990,0,0,true,,,curriculum_pass,utility,3,75,147657674042,147657692055,19,0,BLUE,false,0,6,3,3,ASSASSIN:1;GOBLIN:12;SCORPION_RIDER:4,GARGOYLE:6;GOBLIN:11
4991,0,0,true,,,utility,curriculum_pass,3,75,147657681961,147657699972,10,0,,false,11,15,3,3,ARCHER:8;ASSASSIN:1;GOLEM:2,ASSASSIN:1;GOBLIN:9;SCORPION_RIDER:5
4992,0,0,true,,,curriculum_pass,utility,3,75,147657681961,147657699972,13,0,,false,10,15,3,3,ARCHER:8;ASSASSIN:1;GOLEM:2,ASSASSIN:1;GOBLIN:9;SCORPION_RIDER:5
4993,0,0,true,,,utility,curriculum_pass,3,75,147657689880,147657676213,20,0,GREEN,false,4,0,2,4,ASSASSIN:5;GOLEM:4,ARCHER:3;GOBLIN:12;MAGE:3
4994,0,0,true,,,curriculum_pass,utility,3,75,147657689880,147657676213,17,0,,false,4,13,2,4,ASSASSIN:5;GOLEM:4,ARCHER:3;GOBLIN:12;MAGE:3
4995,0,0,true,,,utility,curriculum_pass,3,75,147665593042,147665648767,14,0,GREEN,false,21,0,3,4,GOBLIN:6;MAGE:2;SPIDER:14,ARCHER:7;ASSASSIN:2;GARGOYLE:2;SPIDER:1
4996,0,0,true,,,curriculum_pass,utility,3,75,147665593042,147665648767,9,0,BLUE,false,0,9,3,4,GOBLIN:6;MAGE:2;SPIDER:14,ARCHER:7;ASSASSIN:2;GARGOYLE:2;SPIDER:1
4997,0,0,true,,,utility,curriculum_pass,3,75,147665600961,147665624940,8,0,GREEN,false,11,0,3,3,ARCHER:6;GOBLIN:1;MAGE:5,ASSASSIN:8;GOLEM:1;SCORPION_RIDER:1
4998,0,0,true,,,curriculum_pass,utility,3,75,147665600961,147665624940,5,0,BLUE,false,0,10,3,3,ARCHER:6;GOBLIN:1;MAGE:5,ASSASSIN:8;GOLEM:1;SCORPION_RIDER:1
4999,0,0,true,,,utility,curriculum_pass,3,75,147665608880,147665632797,18,0,GREEN,false,3,0,3,3,ASSASSIN:8;SCORPION_RIDER:2;SPIDER:1,ARCHER:7;GOBLIN:10;SPIDER:1
5000,0,0,true,,,curriculum_pass,utility,3,75,147665608880,147665632797,10,0,,false,11,18,3,3,ASSASSIN:8;SCORPION_RIDER:2;SPIDER:1,ARCHER:7;GOBLIN:10;SPIDER:1
5001,0,0,true,,,utility,curriculum_pass,3,75,147673512042,147673458375,10,0,,false,6,16,3,3,ASSASSIN:10;GOBLIN:1,GARGOYLE:1;GOBLIN:11;MAGE:5
5002,0,0,true,,,curriculum_pass,utility,3,75,147673512042,147673458375,9,0,BLUE,false,0,13,3,3,ASSASSIN:10;GOBLIN:1,GARGOYLE:1;GOBLIN:11;MAGE:5
5003,0,0,true,,,utility,curriculum_pass,3,75,147673519961,147673565684,10,0,,false,9,21,2,3,GARGOYLE:5;GOLEM:4,GARGOYLE:3;GOBLIN:2;SPIDER:16
5004,0,0,true,,,curriculum_pass,utility,3,75,147673519961,147673565684,27,0,BLUE,false,0,16,2,3,GARGOYLE:5;GOLEM:4,GARGOYLE:3;GOBLIN:2;SPIDER:16
5005,0,0,true,,,utility,curriculum_pass,3,75,147673527880,147673573605,10,0,GREEN,false,15,0,2,3,GOBLIN:11;SCORPION_RIDER:5,ARCHER:5;GOLEM:4;SPIDER:1
5006,0,0,true,,,curriculum_pass,utility,3,75,147673527880,147673573605,15,0,BLUE,false,0,8,2,3,GOBLIN:11;SCORPION_RIDER:5,ARCHER:5;GOLEM:4;SPIDER:1
5007,0,0,true,,,utility,curriculum_pass,3,75,147681431042,147681382575,16,0,GREEN,false,11,0,3,2,GOBLIN:2;GOLEM:2;MAGE:7,ASSASSIN:6;GOBLIN:11
5008,0,0,true,,,curriculum_pass,utility,3,75,147681431042,147681382575,9,0,BLUE,false,0,16,3,2,GOBLIN:2;GOLEM:2;MAGE:7,ASSASSIN:6;GOBLIN:11
5009,0,0,true,,,utility,curriculum_pass,3,75,147681438961,147681391196,80,0,,false,11,2,3,3,GARGOYLE:2;MAGE:8;SPIDER:1,ASSASSIN:8;GARGOYLE:2;GOBLIN:1
5010,0,0,true,,,curriculum_pass,utility,3,75,147681438961,147681391196,9,0,BLUE,false,0,11,3,3,GARGOYLE:2;MAGE:8;SPIDER:1,ASSASSIN:8;GARGOYLE:2;GOBLIN:1
5011,0,0,true,,,utility,curriculum_pass,3,75,147681446880,147681498445,10,0,,false,18,19,2,3,GARGOYLE:5;SPIDER:13,ARCHER:1;SCORPION_RIDER:3;SPIDER:15
5012,0,0,true,,,curriculum_pass,utility,3,75,147681446880,147681498445,10,0,,false,18,19,2,3,GARGOYLE:5;SPIDER:13,ARCHER:1;SCORPION_RIDER:3;SPIDER:15
5013,0,0,true,,,utility,curriculum_pass,3,75,147689350042,147689340215,14,0,GREEN,false,16,0,3,3,GARGOYLE:6;SPIDER:11,ARCHER:7;GOLEM:3;SPIDER:1
5014,0,0,true,,,curriculum_pass,utility,3,75,147689350042,147689340215,15,0,BLUE,false,0,9,3,3,GARGOYLE:6;SPIDER:11,ARCHER:7;GOLEM:3;SPIDER:1
5015,0,0,true,,,utility,curriculum_pass,3,75,147689357961,147689315364,10,0,,false,11,17,3,3,ARCHER:7;GOBLIN:1;GOLEM:3,GARGOYLE:6;GOBLIN:11
5016,0,0,true,,,curriculum_pass,utility,3,75,147689357961,147689315364,10,0,,false,11,17,3,3,ARCHER:7;GOBLIN:1;GOLEM:3,GARGOYLE:6;GOBLIN:11
5017,0,0,true,,,utility,curriculum_pass,3,75,147689365880,147689324501,14,0,GREEN,false,6,0,3,3,GOBLIN:10;SCORPION_RIDER:5;SPIDER:1,GOBLIN:11;SCORPION_RIDER:4;SPIDER:3
5018,0,0,true,,,curriculum_pass,utility,3,75,147689365880,147689324501,15,0,BLUE,false,0,7,3,3,GOBLIN:10;SCORPION_RIDER:5;SPIDER:1,GOBLIN:11;SCORPION_RIDER:4;SPIDER:3
5019,0,0,true,,,utility,curriculum_pass,3,75,147697269042,147697280927,10,0,,false,11,16,3,3,GARGOYLE:10;SPIDER:1,SCORPION_RIDER:5;SPIDER:11
5020,0,0,true,,,curriculum_pass,utility,3,75,147697269042,147697280927,13,0,,false,10,15,3,3,GARGOYLE:10;SPIDER:1,SCORPION_RIDER:5;SPIDER:11
5021,0,0,true,,,utility,curriculum_pass,3,75,147697276961,147697256076,22,0,,false,18,3,3,4,GOBLIN:12;SPIDER:13,GOBLIN:11;GOLEM:3;SCORPION_RIDER:1;SPIDER:1
5022,0,0,true,,,curriculum_pass,utility,3,75,147697276961,147697256076,19,0,BLUE,false,0,3,3,4,GOBLIN:12;SPIDER:13,GOBLIN:11;GOLEM:3;SCORPION_RIDER:1;SPIDER:1
5023,0,0,true,,,utility,curriculum_pass,3,75,147697284880,147697265085,14,0,GREEN,false,13,0,3,4,ARCHER:12;SPIDER:1,ASSASSIN:2;GOBLIN:2;MAGE:1;SCORPION_RIDER:6
5024,0,0,true,,,curriculum_pass,utility,3,75,147697284880,147697265085,9,0,BLUE,false,0,11,3,4,ARCHER:12;SPIDER:1,ASSASSIN:2;GOBLIN:2;MAGE:1;SCORPION_RIDER:6
5025,0,0,true,,,utility,curriculum_pass,3,75,108822898042,108822887383,10,0,,false,15,17,2,3,MAGE:7;SPIDER:8,ASSASSIN:6;GOBLIN:10;SPIDER:1
5026,0,0,true,,,curriculum_pass,utility,3,75,108822898042,108822887383,9,0,BLUE,false,0,17,2,3,MAGE:7;SPIDER:8,ASSASSIN:6;GOBLIN:10;SPIDER:1
5027,0,0,true,,,utility,curriculum_pass,3,75,108830817042,108830827967,6,0,GREEN,false,8,0,3,3,ASSASSIN:8;GOBLIN:1;SCORPION_RIDER:2,ARCHER:1;ASSASSIN:7;GOLEM:2
5028,0,0,true,,,curriculum_pass,utility,3,75,108830817042,108830827967,31,0,BLUE,false,0,5,3,3,ASSASSIN:8;GOBLIN:1;SCORPION_RIDER:2,ARCHER:1;ASSASSIN:7;GOLEM:2
5029,0,0,true,,,utility,curriculum_pass,3,75,108838736042,108838751751,10,0,,false,3,7,2,3,ASSASSIN:7;SCORPION_RIDER:3,GOBLIN:1;GOLEM:4;SCORPION_RIDER:4
5030,0,0,true,,,curriculum_pass,utility,3,75,108838736042,108838751751,19,0,,false,2,4,2,3,ASSASSIN:7;SCORPION_RIDER:3,GOBLIN:1;GOLEM:4;SCORPION_RIDER:4
5031,0,0,true,,,utility,curriculum_pass,3,75,108846655042,108846708975,32,0,GREEN,false,10,0,3,3,ARCHER:1;GARGOYLE:3;SCORPION_RIDER:6,ASSASSIN:4;GARGOYLE:6;GOBLIN:1
5032,0,0,true,,,curriculum_pass,utility,3,75,108846655042,108846708975,13,0,,false,9,10,3,3,ARCHER:1;GARGOYLE:3;SCORPION_RIDER:6,ASSASSIN:4;GARGOYLE:6;GOBLIN:1
5033,0,0,true,,,utility,curriculum_pass,3,75,108854574042,108854519159,8,0,GREEN,false,15,0,3,3,ASSASSIN:1;GOBLIN:11;MAGE:5,GOBLIN:8;SPIDER:17
5034,0,0,true,,,curriculum_pass,utility,3,75,108854574042,108854519159,13,0,BLUE,false,0,25,3,3,ASSASSIN:1;GOBLIN:11;MAGE:5,GOBLIN:8;SPIDER:17
5035,0,0,true,,,utility,curriculum_pass,3,75,108862493042,108862443487,12,0,GREEN,false,7,0,3,3,ARCHER:6;MAGE:4;SPIDER:3,MAGE:10;SPIDER:1
5036,0,0,true,,,curriculum_pass,utility,3,75,108862493042,108862443487,21,0,,false,2,2,3,3,ARCHER:6;MAGE:4;SPIDER:3,MAGE:10;SPIDER:1
5037,0,0,true,,,utility,curriculum_pass,3,75,148417898042,148417919127,20,0,GREEN,false,8,0,3,3,GARGOYLE:2;MAGE:8;SPIDER:1,ARCHER:7;GOBLIN:9;SPIDER:2
5038,0,0,true,,,curriculum_pass,utility,3,75,148417898042,148417919127,7,0,BLUE,false,0,17,3,3,GARGOYLE:2;MAGE:8;SPIDER:1,ARCHER:7;GOBLIN:9;SPIDER:2
5039,0,0,true,,,utility,curriculum_pass,3,75,148417905961,148417895300,16,0,GREEN,false,5,0,4,3,ASSASSIN:3;GOBLIN:14;SPIDER:4,GOBLIN:11;SCORPION_RIDER:5
5040,0,0,true,,,curriculum_pass,utility,3,75,148417905961,148417895300,11,0,BLUE,false,0,13,4,3,ASSASSIN:3;GOBLIN:14;SPIDER:4,GOBLIN:11;SCORPION_RIDER:5
5041,0,0,true,,,utility,curriculum_pass,3,75,148417913880,148417903285,28,0,,false,14,6,3,3,GARGOYLE:6;SPIDER:11,GARGOYLE:6;GOBLIN:1;SPIDER:10
5042,0,0,true,,,curriculum_pass,utility,3,75,148417913880,148417903285,45,0,BLUE,false,0,15,3,3,GARGOYLE:6;SPIDER:11,GARGOYLE:6;GOBLIN:1;SPIDER:10
5043,0,0,true,,,utility,curriculum_pass,3,75,148425817042,148425860479,12,0,GREEN,false,10,0,3,3,GARGOYLE:5;SPIDER:13,ARCHER:12;GOBLIN:1
5044,0,0,true,,,curriculum_pass,utility,3,75,148425817042,148425860479,21,0,BLUE,false,0,12,3,3,GARGOYLE:5;SPIDER:13,ARCHER:12;GOBLIN:1
5045,0,0,true,,,utility,curriculum_pass,3,75,148425824961,148425835628,16,0,GREEN,false,10,0,3,2,ASSASSIN:8;SPIDER:6,ASSASSIN:7;SCORPION_RIDER:3
5046,0,0,true,,,curriculum_pass,utility,3,75,148425824961,148425835628,9,0,BLUE,false,0,7,3,2,ASSASSIN:8;SPIDER:6,ASSASSIN:7;SCORPION_RIDER:3
5047,0,0,true,,,utility,curriculum_pass,3,75,148425832880,148425844509,8,0,GREEN,false,25,0,3,2,GOBLIN:25,ASSASSIN:4;SPIDER:15
5048,0,0,true,,,curriculum_pass,utility,3,75,148425832880,148425844509,15,0,BLUE,false,0,18,3,2,GOBLIN:25,ASSASSIN:4;SPIDER:15
5049,0,0,true,,,utility,curriculum_pass,3,75,209964366042,209964312183,16,0,GREEN,false,19,0,2,3,GARGOYLE:4;SPIDER:15,ARCHER:4;GOBLIN:1;SCORPION_RIDER:6
5050,0,0,true,,,curriculum_pass,utility,3,75,209964366042,209964312183,11,0,BLUE,false,0,10,2,3,GARGOYLE:4;SPIDER:15,ARCHER:4;GOBLIN:1;SCORPION_RIDER:6
5051,0,0,true,,,utility,curriculum_pass,3,75,209964373961,209964419428,12,0,GREEN,false,12,0,3,2,ARCHER:7;MAGE:4;SPIDER:1,GOBLIN:11;SPIDER:14
5052,0,0,true,,,curriculum_pass,utility,3,75,209964373961,209964419428,10,0,,false,12,25,3,2,ARCHER:7;MAGE:4;SPIDER:1,GOBLIN:11;SPIDER:14
5053,0,0,true,,,utility,curriculum_pass,3,75,209964381880,209964427285,20,0,,false,5,12,2,3,ASSASSIN:6;GOBLIN:11,ARCHER:1;GOBLIN:23
5054,0,0,true,,,curriculum_pass,utility,3,75,209964381880,209964427285,73,0,BLUE,false,0,24,2,3,ASSASSIN:6;GOBLIN:11,ARCHER:1;GOBLIN:23
5055,0,0,true,,,utility,curriculum_pass,3,75,209964389799,209964403466,10,0,GREEN,false,18,0,3,3,ARCHER:7;GOBLIN:9;SPIDER:2,ARCHER:7;ASSASSIN:4;SPIDER:1
5056,0,0,true,,,curriculum_pass,utility,3,75,209964389799,209964403466,71,0,BLUE,false,0,7,3,3,ARCHER:7;GOBLIN:9;SPIDER:2,ARCHER:7;ASSASSIN:4;SPIDER:1
5057,0,0,true,,,utility,curriculum_pass,3,75,148433736042,148433784775,8,0,GREEN,false,12,0,3,3,ASSASSIN:1;GOBLIN:9;SCORPION_RIDER:5,GOBLIN:1;GOLEM:3;SPIDER:14
5058,0,0,true,,,curriculum_pass,utility,3,75,148433736042,148433784775,10,0,,false,15,18,3,3,ASSASSIN:1;GOBLIN:9;SCORPION_RIDER:5,GOBLIN:1;GOLEM:3;SPIDER:14
5059,0,0,true,,,utility,curriculum_pass,3,75,148433743961,148433792756,12,0,GREEN,false,8,0,3,3,ARCHER:7;GOBLIN:1;GOLEM:3,GOBLIN:1;MAGE:10
5060,0,0,true,,,curriculum_pass,utility,3,75,148433743961,148433792756,15,0,,false,8,11,3,3,ARCHER:7;GOBLIN:1;GOLEM:3,GOBLIN:1;MAGE:10
5061,0,0,true,,,utility,curriculum_pass,3,75,148433751880,148433768933,18,0,GREEN,false,11,0,2,2,SCORPION_RIDER:5;SPIDER:11,GARGOYLE:5;GOLEM:4
5062,0,0,true,,,curriculum_pass,utility,3,75,148433751880,148433768933,27,0,BLUE,false,0,9,2,2,SCORPION_RIDER:5;SPIDER:11,GARGOYLE:5;GOLEM:4
5063,0,0,true,,,utility,curriculum_pass,3,75,148441655042,148441610671,20,0,GREEN,false,10,0,2,3,GOLEM:3;SPIDER:15,GARGOYLE:10;SPIDER:1
5064,0,0,true,,,curriculum_pass,utility,3,75,148441655042,148441610671,25,0,BLUE,false,0,11,2,3,GOLEM:3;SPIDER:15,GARGOYLE:10;SPIDER:1
5065,0,0,true,,,utility,curriculum_pass,3,75,148441662961,148441717596,12,0,GREEN,false,5,0,2,3,ARCHER:4;ASSASSIN:7,ARCHER:3;SCORPION_RIDER:7
5066,0,0,true,,,curriculum_pass,utility,3,75,148441662961,148441717596,5,0,BLUE,false,0,10,2,3,ARCHER:4;ASSASSIN:7,ARCHER:3;SCORPION_RIDER:7
5067,0,0,true,,,utility,curriculum_pass,3,75,148441670880,148441725517,10,0,GREEN,false,8,0,3,3,GOBLIN:12;MAGE:5;SPIDER:1,ARCHER:4;GOBLIN:1;SCORPION_RIDER:6
5068,0,0,true,,,curriculum_pass,utility,3,75,148441670880,148441725517,9,0,BLUE,false,0,8,3,3,GOBLIN:12;MAGE:5;SPIDER:1,ARCHER:4;GOBLIN:1;SCORPION_RIDER:6
5069,0,0,true,,,utility,curriculum_pass,3,75,209980204042,209980193447,16,0,GREEN,false,8,0,4,3,ARCHER:6;GARGOYLE:5;SPIDER:1,GARGOYLE:3;GOBLIN:1;MAGE:7
5070,0,0,true,,,curriculum_pass,utility,3,75,209980204042,209980193447,25,0,BLUE,false,0,10,4,3,ARCHER:6;GARGOYLE:5;SPIDER:1,GARGOYLE:3;GOBLIN:1;MAGE:7
5071,0,0,true,,,utility,curriculum_pass,3,75,209980211961,209980169300,18,0,,false,17,5,3,3,GARGOYLE:1;GOBLIN:12;SCORPION_RIDER:4,GARGOYLE:5;GOLEM:4
5072,0,0,true,,,curriculum_pass,utility,3,75,209980211961,209980169300,10,0,,false,17,9,3,3,GARGOYLE:1;GOBLIN:12;SCORPION_RIDER:4,GARGOYLE:5;GOLEM:4
5073,0,0,true,,,utility,curriculum_pass,3,75,209980219880,209980178245,10,0,GREEN,false,13,0,3,3,ASSASSIN:7;GOBLIN:7;SPIDER:1,ARCHER:12;SPIDER:1
5074,0,0,true,,,curriculum_pass,utility,3,75,209980219880,209980178245,9,0,BLUE,false,0,13,3,3,ASSASSIN:7;GOBLIN:7;SPIDER:1,ARCHER:12;SPIDER:1
5075,0,0,true,,,utility,curriculum_pass,3,75,209980227799,209980284538,10,0,GREEN,false,12,0,4,3,ARCHER:4;GOBLIN:13;GOLEM:1,GOBLIN:1;GOLEM:4;SPIDER:10
5076,0,0,true,,,curriculum_pass,utility,3,75,209980227799,209980284538,35,0,BLUE,false,0,12,4,3,ARCHER:4;GOBLIN:13;GOLEM:1,GOBLIN:1;GOLEM:4;SPIDER:10
5077,0,0,true,,,utility,curriculum_pass,3,75,148449574042,148449550903,16,0,GREEN,false,12,0,3,2,ARCHER:6;GARGOYLE:5;SPIDER:1,GOBLIN:9;SCORPION_RIDER:6
5078,0,0,true,,,curriculum_pass,utility,3,75,148449574042,148449550903,13,0,BLUE,false,0,14,3,2,ARCHER:6;GARGOYLE:5;SPIDER:1,GOBLIN:9;SCORPION_RIDER:6
5079,0,0,true,,,utility,curriculum_pass,3,75,148449581961,148449527076,16,0,,false,9,11,3,3,ASSASSIN:10;SPIDER:1,ASSASSIN:5;GARGOYLE:1;GOBLIN:11
5080,0,0,true,,,curriculum_pass,utility,3,75,148449581961,148449527076,47,0,BLUE,false,0,16,3,3,ASSASSIN:10;SPIDER:1,ASSASSIN:5;GARGOYLE:1;GOBLIN:11
5081,0,0,true,,,utility,curriculum_pass,3,75,148449589880,148449535189,12,0,,false,15,9,3,3,GOBLIN:10;GOLEM:4;SPIDER:1,SCORPION_RIDER:9;SPIDER:1
5082,0,0,true,,,curriculum_pass,utility,3,75,148449589880,148449535189,13,0,BLUE,false,0,6,3,3,GOBLIN:10;GOLEM:4;SPIDER:1,SCORPION_RIDER:9;SPIDER:1
5083,0,0,true,,,utility,curriculum_pass,3,75,148457493042,148457475231,16,0,,false,9,5,2,3,GARGOYLE:5;GOLEM:4,GOLEM:7;SPIDER:1
5084,0,0,true,,,curriculum_pass,utility,3,75,148457493042,148457475231,19,0,BLUE,false,0,7,2,3,GARGOYLE:5;GOLEM:4,GOLEM:7;SPIDER:1
5085,0,0,true,,,utility,curriculum_pass,3,75,148457500961,148457484172,12,0,,false,9,10,3,3,ASSASSIN:7;GARGOYLE:3;GOBLIN:1,ARCHER:7;GOBLIN:10;SPIDER:1
5086,0,0,true,,,curriculum_pass,utility,3,75,148457500961,148457484172,15,0,BLUE,false,0,17,3,3,ASSASSIN:7;GARGOYLE:3;GOBLIN:1,ARCHER:7;GOBLIN:10;SPIDER:1
5087,0,0,true,,,utility,curriculum_pass,3,75,148457508880,148457459389,14,0,GREEN,false,8,0,2,3,GOLEM:4;MAGE:5,GARGOYLE:5;GOBLIN:1;MAGE:5
5088,0,0,true,,,curriculum_pass,utility,3,75,148457508880,148457459389,31,0,BLUE,false,0,6,2,3,GOLEM:4;MAGE:5,GARGOYLE:5;GOBLIN:1;MAGE:5
5089,0,0,true,,,utility,curriculum_pass,3,75,148465412042,148465432935,20,0,GREEN,false,25,0,4,3,GOBLIN:1;SPIDER:24,GOBLIN:12;MAGE:5;SPIDER:1
5090,0,0,true,,,curriculum_pass,utility,3,75,148465412042,148465432935,27,0,BLUE,false,0,17,4,3,GOBLIN:1;SPIDER:24,GOBLIN:12;MAGE:5;SPIDER:1
5091,0,0,true,,,utility,curriculum_pass,3,75,148465419961,148465408020,8,0,GREEN,false,10,0,3,4,ASSASSIN:10;GOBLIN:1,ARCHER:8;GARGOYLE:3;SPIDER:2
5092,0,0,true,,,curriculum_pass,utility,3,75,148465419961,148465408020,9,0,BLUE,false,0,13,3,4,ASSASSIN:10;GOBLIN:1,ARCHER:8;GARGOYLE:3;SPIDER:2
5093,0,0,true,,,utility,curriculum_pass,3,75,148465427880,148465416965,14,0,GREEN,false,12,0,3,3,ARCHER:9;GARGOYLE:3,GOBLIN:1;GOLEM:4;SPIDER:10
5094,0,0,true,,,curriculum_pass,utility,3,75,148465427880,148465416965,13,0,BLUE,false,0,11,3,3,ARCHER:9;GARGOYLE:3,GOBLIN:1;GOLEM:4;SPIDER:10
5095,0,0,true,,,utility,curriculum_pass,3,75,210003961042,210004015743,38,0,GREEN,false,9,0,3,3,ASSASSIN:4;GARGOYLE:6;SPIDER:1,GARGOYLE:9;GOBLIN:4
5096,0,0,true,,,curriculum_pass,utility,3,75,210003961042,210004015743,95,0,,false,5,4,3,3,ASSASSIN:4;GARGOYLE:6;SPIDER:1,GARGOYLE:9;GOBLIN:4
5097,0,0,true,,,utility,curriculum_pass,3,75,210003968961,210003991916,12,0,GREEN,false,8,0,3,3,ARCHER:4;SCORPION_RIDER:5;SPIDER:3,ARCHER:5;GOLEM:4;SPIDER:1
5098,0,0,true,,,curriculum_pass,utility,3,75,210003968961,210003991916,17,0,BLUE,false,0,9,3,3,ARCHER:4;SCORPION_RIDER:5;SPIDER:3,ARCHER:5;GOLEM:4;SPIDER:1
5099,0,0,true,,,utility,curriculum_pass,3,75,210003976880,210003999773,12,0,GREEN,false,8,0,3,2,GOLEM:7;SPIDER:1,MAGE:7;SCORPION_RIDER:3
5100,0,0,true,,,curriculum_pass,utility,3,75,210003976880,210003999773,33,0,BLUE,false,0,7,3,2,GOLEM:7;SPIDER:1,MAGE:7;SCORPION_RIDER:3
5101,0,0,true,,,utility,curriculum_pass,3,75,210003984799,210003975986,18,0,GREEN,false,11,0,3,3,GARGOYLE:4;GOBLIN:1;SPIDER:14,ARCHER:8;ASSASSIN:3;SPIDER:2
5102,0,0,true,,,curriculum_pass,utility,3,75,210003984799,210003975986,13,0,BLUE,false,0,10,3,3,GARGOYLE:4;GOBLIN:1;SPIDER:14,ARCHER:8;ASSASSIN:3;SPIDER:2
5103,0,0,true,,,utility,curriculum_pass,3,75,148473331042,148473373647,16,0,GREEN,false,21,0,3,3,GARGOYLE:3;SPIDER:18,GOBLIN:11;GOLEM:4
5104,0,0,true,,,curriculum_pass,utility,3,75,148473331042,148473373647,10,0,,false,21,15,3,3,GARGOYLE:3;SPIDER:18,GOBLIN:11;GOLEM:4
5105,0,0,true,,,utility,curriculum_pass,3,75,148473338961,148473348860,10,0,,false,11,25,3,3,GARGOYLE:10;SPIDER:1,GOBLIN:12;SPIDER:13
5106,0,0,true,,,curriculum_pass,utility,3,75,148473338961,148473348860,25,0,,false,6,18,3,3,GARGOYLE:10;SPIDER:1,GOBLIN:12;SPIDER:13
5107,0,0,true,,,utility,curriculum_pass,3,75,148473346880,148473357805,12,0,GREEN,false,18,0,3,3,GOBLIN:12;GOLEM:3;SPIDER:3,MAGE:3;SPIDER:18
5108,0,0,true,,,curriculum_pass,utility,3,75,148473346880,148473357805,39,0,BLUE,false,0,21,3,3,GOBLIN:12;GOLEM:3;SPIDER:3,MAGE:3;SPIDER:18
5109,0,0,true,,,utility,curriculum_pass,3,75,148481250042,148481297495,12,0,GREEN,false,10,0,2,3,ARCHER:4;ASSASSIN:7,GOBLIN:11;MAGE:6
5110,0,0,true,,,curriculum_pass,utility,3,75,148481250042,148481297495,13,0,BLUE,false,0,14,2,3,ARCHER:4;ASSASSIN:7,GOBLIN:11;MAGE:6
5111,0,0,true,,,utility,curriculum_pass,3,75,148481257961,148481306436,12,0,GREEN,false,8,0,2,3,GOLEM:4;MAGE:5,GARGOYLE:1;MAGE:4;SCORPION_RIDER:5
5112,0,0,true,,,curriculum_pass,utility,3,75,148481257961,148481306436,9,0,BLUE,false,0,9,2,3,GOLEM:4;MAGE:5,GARGOYLE:1;MAGE:4;SCORPION_RIDER:5
5113,0,0,true,,,utility,curriculum_pass,3,75,148481265880,148481281653,10,0,GREEN,false,15,0,2,3,MAGE:7;SPIDER:8,ASSASSIN:10;SPIDER:1
5114,0,0,true,,,curriculum_pass,utility,3,75,148481265880,148481281653,7,0,BLUE,false,0,9,2,3,MAGE:7;SPIDER:8,ASSASSIN:10;SPIDER:1
5115,0,0,true,,,utility,curriculum_pass,3,75,210019799042,210019749551,10,0,GREEN,false,11,0,2,2,SCORPION_RIDER:5;SPIDER:11,GARGOYLE:6;SPIDER:11
5116,0,0,true,,,curriculum_pass,utility,3,75,210019799042,210019749551,21,0,BLUE,false,0,17,2,2,SCORPION_RIDER:5;SPIDER:11,GARGOYLE:6;SPIDER:11
5117,0,0,true,,,utility,curriculum_pass,3,75,210019806961,210019758172,20,0,,false,11,8,3,3,GARGOYLE:5;GOBLIN:1;MAGE:5,ARCHER:8;GOLEM:2;MAGE:1
5118,0,0,true,,,curriculum_pass,utility,3,75,210019806961,210019758172,19,0,BLUE,false,0,7,3,3,GARGOYLE:5;GOBLIN:1;MAGE:5,ARCHER:8;GOLEM:2;MAGE:1
5119,0,0,true,,,utility,curriculum_pass,3,75,210019814880,210019865421,16,0,GREEN,false,11,0,4,3,ARCHER:5;SCORPION_RIDER:5;SPIDER:1,SCORPION_RIDER:5;SPIDER:11
5120,0,0,true,,,curriculum_pass,utility,3,75,210019814880,210019865421,11,0,BLUE,false,0,14,4,3,ARCHER:5;SCORPION_RIDER:5;SPIDER:1,SCORPION_RIDER:5;SPIDER:11
5121,0,0,true,,,utility,curriculum_pass,3,75,210019822799,210019873378,12,0,GREEN,false,11,0,3,3,ARCHER:7;GARGOYLE:4;SPIDER:1,GOBLIN:15;SPIDER:10
5122,0,0,true,,,curriculum_pass,utility,3,75,210019822799,210019873378,11,0,BLUE,false,0,21,3,3,ARCHER:7;GARGOYLE:4;SPIDER:1,GOBLIN:15;SPIDER:10
5123,0,0,true,,,utility,curriculum_pass,3,75,148489169042,148489123391,14,0,GREEN,false,20,0,3,3,SCORPION_RIDER:3;SPIDER:17,GARGOYLE:1;GOBLIN:12;GOLEM:3
5124,0,0,true,,,curriculum_pass,utility,3,75,148489169042,148489123391,13,0,BLUE,false,0,10,3,3,SCORPION_RIDER:3;SPIDER:17,GARGOYLE:1;GOBLIN:12;GOLEM:3
5125,0,0,true,,,utility,curriculum_pass,3,75,148489176961,148489230636,14,0,,false,18,18,2,4,ARCHER:7;SPIDER:11,GARGOYLE:3;GOBLIN:1;SPIDER:17
5126,0,0,true,,,curriculum_pass,utility,3,75,148489176961,148489230636,13,0,,false,18,20,2,4,ARCHER:7;SPIDER:11,GARGOYLE:3;GOBLIN:1;SPIDER:17
5127,0,0,true,,,utility,curriculum_pass,3,75,148489184880,148489238749,14,0,,false,7,15,3,3,GOBLIN:1;GOLEM:7,GOBLIN:11;SCORPION_RIDER:5
5128,0,0,true,,,curriculum_pass,utility,3,75,148489184880,148489238749,19,0,,false,4,14,3,3,GOBLIN:1;GOLEM:7,GOBLIN:11;SCORPION_RIDER:5
5129,0,0,true,,,utility,curriculum_pass,3,75,109614798042,109614844535,8,0,GREEN,false,12,0,4,3,ARCHER:8;GOBLIN:1;MAGE:3;SPIDER:1,SCORPION_RIDER:3;SPIDER:17
5130,0,0,true,,,curriculum_pass,utility,3,75,109614798042,109614844535,9,0,BLUE,false,0,19,4,3,ARCHER:8;GOBLIN:1;MAGE:3;SPIDER:1,SCORPION_RIDER:3;SPIDER:17
5131,0,0,true,,,utility,curriculum_pass,3,75,109622717042,109622670559,26,0,,false,11,11,3,2,ARCHER:7;GOLEM:3;SPIDER:1,GARGOYLE:6;GOBLIN:11
5132,0,0,true,,,curriculum_pass,utility,3,75,109622717042,109622670559,10,0,,false,11,17,3,2,ARCHER:7;GOLEM:3;SPIDER:1,GARGOYLE:6;GOBLIN:11
5133,0,0,true,,,utility,curriculum_pass,3,75,109630636042,109630594727,8,0,GREEN,false,9,0,3,3,ASSASSIN:7;GOBLIN:7;SPIDER:1,ASSASSIN:8;GARGOYLE:2;GOBLIN:1
5134,0,0,true,,,curriculum_pass,utility,3,75,109630636042,109630594727,13,0,,false,7,8,3,3,ASSASSIN:7;GOBLIN:7;SPIDER:1,ASSASSIN:8;GARGOYLE:2;GOBLIN:1
5135,0,0,true,,,utility,curriculum_pass,3,75,109638555042,109638535951,8,0,GREEN,false,10,0,2,2,MAGE:5;SCORPION_RIDER:5,GOBLIN:6;MAGE:8
5136,0,0,true,,,curriculum_pass,utility,3,75,109638555042,109638535951,9,0,BLUE,false,0,14,2,2,MAGE:5;SCORPION_RIDER:5,GOBLIN:6;MAGE:8
5137,0,0,true,,,utility,curriculum_pass,3,75,109646474042,109646493079,10,0,,false,18,4,3,3,ASSASSIN:3;GOLEM:1;SPIDER:14,GOLEM:4;MAGE:4;SPIDER:2
5138,0,0,true,,,curriculum_pass,utility,3,75,109646474042,109646493079,17,0,BLUE,false,0,8,3,3,ASSASSIN:3;GOLEM:1;SPIDER:14,GOLEM:4;MAGE:4;SPIDER:2
5139,0,0,true,,,utility,curriculum_pass,3,75,109654393042,109654417023,16,0,,false,24,8,3,3,ARCHER:1;SPIDER:23,ARCHER:8;GOBLIN:2;MAGE:3
5140,0,0,true,,,curriculum_pass,utility,3,75,109654393042,109654417023,17,0,,false,21,12,3,3,ARCHER:1;SPIDER:23,ARCHER:8;GOBLIN:2;MAGE:3
5141,0,0,true,,,utility,curriculum_pass,3,75,149209798042,149209746231,16,0,,false,11,8,2,3,ARCHER:4;MAGE:7,ARCHER:8;ASSASSIN:3;GOBLIN:2
5142,0,0,true,,,curriculum_pass,utility,3,75,149209798042,149209746231,7,0,BLUE,false,0,9,2,3,ARCHER:4;MAGE:7,ARCHER:8;ASSASSIN:3;GOBLIN:2
5143,0,0,true,,,utility,curriculum_pass,3,75,149209805961,149209754148,8,0,GREEN,false,18,0,2,3,ASSASSIN:4;SPIDER:15,ASSASSIN:8;GOBLIN:1;MAGE:2
5144,0,0,true,,,curriculum_pass,utility,3,75,149209805961,149209754148,7,0,BLUE,false,0,6,2,3,ASSASSIN:4;SPIDER:15,ASSASSIN:8;GOBLIN:1;MAGE:2
5145,0,0,true,,,utility,curriculum_pass,3,75,149209813880,149209861589,8,0,GREEN,false,11,0,3,3,ARCHER:7;ASSASSIN:4;SPIDER:1,ASSASSIN:8;SPIDER:6
5146,0,0,true,,,curriculum_pass,utility,3,75,149209813880,149209861589,5,0,BLUE,false,0,12,3,3,ARCHER:7;ASSASSIN:4;SPIDER:1,ASSASSIN:8;SPIDER:6
5147,0,0,true,,,utility,curriculum_pass,3,75,149217717042,149217703327,10,0,,false,25,25,3,3,GOBLIN:9;SPIDER:16,SPIDER:25
5148,0,0,true,,,curriculum_pass,utility,3,75,149217717042,149217703327,27,0,,false,1,8,3,3,GOBLIN:9;SPIDER:16,SPIDER:25
5149,0,0,true,,,utility,curriculum_pass,3,75,149217724961,149217678476,26,0,GREEN,false,7,0,3,2,GARGOYLE:3;MAGE:7;SPIDER:1,GARGOYLE:6;SCORPION_RIDER:4
5150,0,0,true,,,curriculum_pass,utility,3,75,149217724961,149217678476,11,0,BLUE,false,0,10,3,2,GARGOYLE:3;MAGE:7;SPIDER:1,GARGOYLE:6;SCORPION_RIDER:4
5151,0,0,true,,,utility,curriculum_pass,3,75,149217732880,149217687485,16,0,GREEN,false,9,0,3,3,ARCHER:4;GOBLIN:3;GOLEM:4,GARGOYLE:6;GOBLIN:10;SPIDER:1
5152,0,0,true,,,curriculum_pass,utility,3,75,149217732880,149217687485,31,0,BLUE,false,0,7,3,3,ARCHER:4;GOBLIN:3;GOLEM:4,GARGOYLE:6;GOBLIN:10;SPIDER:1
5153,0,0,true,,,utility,curriculum_pass,3,75,149225636042,149225627239,14,0,GREEN,false,5,0,3,3,ASSASSIN:7;GARGOYLE:3;GOBLIN:1,ARCHER:8;SCORPION_RIDER:3;SPIDER:1
5154,0,0,true,,,curriculum_pass,utility,3,75,149225636042,149225627239,11,0,BLUE,false,0,11,3,3,ASSASSIN:7;GARGOYLE:3;GOBLIN:1,ARCHER:8;SCORPION_RIDER:3;SPIDER:1
5155,0,0,true,,,utility,curriculum_pass,3,75,149225643961,149225619732,12,0,GREEN,false,18,0,3,3,ASSASSIN:1;GOBLIN:10;SPIDER:12,ASSASSIN:1;GOLEM:4;MAGE:4
5156,0,0,true,,,curriculum_pass,utility,3,75,149225643961,149225619732,21,0,,false,10,8,3,3,ASSASSIN:1;GOBLIN:10;SPIDER:12,ASSASSIN:1;GOLEM:4;MAGE:4
5157,0,0,true,,,utility,curriculum_pass,3,75,149225651880,149225627653,8,0,GREEN,false,17,0,3,3,GOBLIN:11;SCORPION_RIDER:4;SPIDER:3,ARCHER:8;GARGOYLE:1;GOLEM:2
5158,0,0,true,,,curriculum_pass,utility,3,75,149225651880,149225627653,13,0,BLUE,false,0,10,3,3,GOBLIN:11;SCORPION_RIDER:4;SPIDER:3,ARCHER:8;GARGOYLE:1;GOLEM:2
5159,0,0,true,,,utility,curriculum_pass,3,75,149233555042,149233567951,8,0,GREEN,false,7,0,3,3,ASSASSIN:8;GARGOYLE:2;SPIDER:1,ASSASSIN:7;MAGE:3;SPIDER:1
5160,0,0,true,,,curriculum_pass,utility,3,75,149233555042,149233567951,15,0,,false,8,6,3,3,ASSASSIN:8;GARGOYLE:2;SPIDER:1,ASSASSIN:7;MAGE:3;SPIDER:1
5161,0,0,true,,,utility,curriculum_pass,3,75,149233562961,149233576956,10,0,,false,17,17,3,3,ARCHER:8;GOBLIN:8;SPIDER:1,GARGOYLE:6;GOBLIN:10;SPIDER:1
5162,0,0,true,,,curriculum_pass,utility,3,75,149233562961,149233576956,10,0,,false,17,17,3,3,ARCHER:8;GOBLIN:8;SPIDER:1,GARGOYLE:6;GOBLIN:10;SPIDER:1
5163,0,0,true,,,utility,curriculum_pass,3,75,149233570880,149233552109,8,0,GREEN,false,10,0,3,3,ARCHER:8;ASSASSIN:3;GOBLIN:2,ARCHER:8;GARGOYLE:3;SPIDER:2
5164,0,0,true,,,curriculum_pass,utility,3,75,149233570880,149233552109,11,0,BLUE,false,0,10,3,3,ARCHER:8;ASSASSIN:3;GOBLIN:2,ARCHER:8;GARGOYLE:3;SPIDER:2
5165,0,0,true,,,utility,curriculum_pass,3,75,149241474042,149241525591,20,0,GREEN,false,9,0,3,2,GOBLIN:8;SPIDER:17,SPIDER:25
5166,0,0,true,,,curriculum_pass,utility,3,75,149241474042,149241525591,15,0,BLUE,false,0,17,3,2,GOBLIN:8;SPIDER:17,SPIDER:25
5167,0,0,true,,,utility,curriculum_pass,3,75,149241481961,149241500740,10,0,GREEN,false,13,0,2,3,GOBLIN:8;MAGE:7,GOBLIN:1;MAGE:8;SPIDER:5
5168,0,0,true,,,curriculum_pass,utility,3,75,149241481961,149241500740,13,0,BLUE,false,0,13,2,3,GOBLIN:8;MAGE:7,GOBLIN:1;MAGE:8;SPIDER:5
5169,0,0,true,,,utility,curriculum_pass,3,75,149241489880,149241509749,12,0,GREEN,false,25,0,3,2,SPIDER:25,ASSASSIN:7;SCORPION_RIDER:3
5170,0,0,true,,,curriculum_pass,utility,3,75,149241489880,149241509749,9,0,BLUE,false,0,9,3,2,SPIDER:25,ASSASSIN:7;SCORPION_RIDER:3
5171,0,0,true,,,utility,curriculum_pass,3,75,210780023042,210779977647,18,0,GREEN,false,14,0,3,2,MAGE:7;SPIDER:8,ASSASSIN:7;SPIDER:8
5172,0,0,true,,,curriculum_pass,utility,3,75,210780023042,210779977647,7,0,BLUE,false,0,14,3,2,MAGE:7;SPIDER:8,ASSASSIN:7;SPIDER:8
5173,0,0,true,,,utility,curriculum_pass,3,75,210780030961,210780084572,22,0,GREEN,false,14,0,3,4,GARGOYLE:1;GOLEM:4;SPIDER:9,GOBLIN:25
5174,0,0,true,,,curriculum_pass,utility,3,75,210780030961,210780084572,9,0,BLUE,false,0,22,3,4,GARGOYLE:1;GOLEM:4;SPIDER:9,GOBLIN:25
5175,0,0,true,,,utility,curriculum_pass,3,75,210780038880,210780092493,22,0,GREEN,false,11,0,3,3,ARCHER:4;ASSASSIN:1;GARGOYLE:6,GOBLIN:1;GOLEM:7
5176,0,0,true,,,curriculum_pass,utility,3,75,210780038880,210780092493,17,0,BLUE,false,0,7,3,3,ARCHER:4;ASSASSIN:1;GARGOYLE:6,GOBLIN:1;GOLEM:7
5177,0,0,true,,,utility,curriculum_pass,3,75,210780046799,210780068706,10,0,,false,12,15,3,3,ARCHER:7;GARGOYLE:4;SPIDER:1,GOBLIN:1;SCORPION_RIDER:6;SPIDER:8
5178,0,0,true,,,curriculum_pass,utility,3,75,210780046799,210780068706,15,0,BLUE,false,0,15,3,3,ARCHER:7;GARGOYLE:4;SPIDER:1,GOBLIN:1;SCORPION_RIDER:6;SPIDER:8
5179,0,0,true,,,utility,curriculum_pass,3,75,149249393042,149249449791,16,0,GREEN,false,11,0,4,3,ARCHER:1;MAGE:8;SCORPION_RIDER:1;SPIDER:1,SCORPION_RIDER:4;SPIDER:14
5180,0,0,true,,,curriculum_pass,utility,3,75,149249393042,149249449791,9,0,BLUE,false,0,16,4,3,ARCHER:1;MAGE:8;SCORPION_RIDER:1;SPIDER:1,SCORPION_RIDER:4;SPIDER:14
5181,0,0,true,,,utility,curriculum_pass,3,75,149249400961,149249457708,8,0,GREEN,false,10,0,3,3,ASSASSIN:7;MAGE:3;SPIDER:1,ASSASSIN:3;GOBLIN:1;MAGE:7
5182,0,0,true,,,curriculum_pass,utility,3,75,149249400961,149249457708,11,0,,false,7,11,3,3,ASSASSIN:7;MAGE:3;SPIDER:1,ASSASSIN:3;GOBLIN:1;MAGE:7
5183,0,0,true,,,utility,curriculum_pass,3,75,149249408880,149249450461,10,0,,false,11,19,3,2,GARGOYLE:6;MAGE:4;SPIDER:1,GARGOYLE:4;SPIDER:15
5184,0,0,true,,,curriculum_pass,utility,3,75,149249408880,149249450461,27,0,BLUE,false,0,8,3,2,GARGOYLE:6;MAGE:4;SPIDER:1,GARGOYLE:4;SPIDER:15
5185,0,0,true,,,utility,curriculum_pass,3,75,149257312042,149257259399,10,0,GREEN,false,6,0,2,3,ASSASSIN:5;SCORPION_RIDER:5,ASSASSIN:10;SPIDER:1
5186,0,0,true,,,curriculum_pass,utility,3,75,149257312042,149257259399,55,0,BLUE,false,0,1,2,3,ASSASSIN:5;SCORPION_RIDER:5,ASSASSIN:10;SPIDER:1
5187,0,0,true,,,utility,curriculum_pass,3,75,149257319961,149257267380,8,0,GREEN,false,10,0,4,2,ASSASSIN:1;GOBLIN:2;GOLEM:3;SCORPION_RIDER:4,ARCHER:3;MAGE:8
5188,0,0,true,,,curriculum_pass,utility,3,75,149257319961,149257267380,17,0,BLUE,false,0,11,4,2,ASSASSIN:1;GOBLIN:2;GOLEM:3;SCORPION_RIDER:4,ARCHER:3;MAGE:8
5189,0,0,true,,,utility,curriculum_pass,3,75,149257327880,149257374629,10,0,GREEN,false,10,0,3,3,SCORPION_RIDER:9;SPIDER:1,GARGOYLE:2;GOBLIN:1;MAGE:8
5190,0,0,true,,,curriculum_pass,utility,3,75,149257327880,149257374629,10,0,,false,10,11,3,3,SCORPION_RIDER:9;SPIDER:1,GARGOYLE:2;GOBLIN:1;MAGE:8
5191,0,0,true,,,utility,curriculum_pass,3,75,149265231042,149265216111,16,0,GREEN,false,11,0,2,3,ARCHER:4;MAGE:7,GARGOYLE:6;GOBLIN:1;SPIDER:10
5192,0,0,true,,,curriculum_pass,utility,3,75,149265231042,149265216111,9,0,BLUE,false,0,16,2,3,ARCHER:4;MAGE:7,GARGOYLE:6;GOBLIN:1;SPIDER:10
5193,0,0,true,,,utility,curriculum_pass,3,75,149265238961,149265192220,16,0,GREEN,false,15,0,2,3,GOBLIN:11;GOLEM:4,ARCHER:4;SPIDER:17
5194,0,0,true,,,curriculum_pass,utility,3,75,149265238961,149265192220,10,0,,false,15,21,2,3,GOBLIN:11;GOLEM:4,ARCHER:4;SPIDER:17
5195,0,0,true,,,utility,curriculum_pass,3,75,149265246880,149265200141,10,0,,false,8,15,3,2,GOBLIN:1;GOLEM:7,ASSASSIN:7;SPIDER:8
5196,0,0,true,,,curriculum_pass,utility,3,75,149265246880,149265200141,17,0,,false,4,11,3,2,GOBLIN:1;GOLEM:7,ASSASSIN:7;SPIDER:8
5197,0,0,true,,,utility,curriculum_pass,3,75,149273150042,149273140471,8,0,GREEN,false,11,0,4,3,ARCHER:4;GOBLIN:1;SCORPION_RIDER:6,ASSASSIN:2;MAGE:8;SPIDER:1
5198,0,0,true,,,curriculum_pass,utility,3,75,149273150042,149273140471,95,0,BLUE,false,0,8,4,3,ARCHER:4;GOBLIN:1;SCORPION_RIDER:6,ASSASSIN:2;MAGE:8;SPIDER:1
5199,0,0,true,,,utility,curriculum_pass,3,75,149273157961,149273149412,12,0,GREEN,false,18,0,3,3,ARCHER:5;GOBLIN:2;SPIDER:13,GARGOYLE:1;MAGE:4;SCORPION_RIDER:5
5200,0,0,true,,,curriculum_pass,utility,3,75,149273157961,149273149412,9,0,BLUE,false,0,10,3,3,ARCHER:5;GOBLIN:2;SPIDER:13,GARGOYLE:1;MAGE:4;SCORPION_RIDER:5
5201,0,0,true,,,utility,curriculum_pass,3,75,149273165880,149273124501,24,0,GREEN,false,15,0,2,3,GOLEM:4;SPIDER:11,GOBLIN:1;GOLEM:7
5202,0,0,true,,,curriculum_pass,utility,3,75,149273165880,149273124501,15,0,BLUE,false,0,5,2,3,GOLEM:4;SPIDER:11,GOBLIN:1;GOLEM:7
5203,0,0,true,,,utility,curriculum_pass,3,75,210811699042,210811740623,10,0,,false,19,10,3,3,ARCHER:6;GOBLIN:13,GARGOYLE:5;SCORPION_RIDER:5
5204,0,0,true,,,curriculum_pass,utility,3,75,210811699042,210811740623,13,0,BLUE,false,0,7,3,3,ARCHER:6;GOBLIN:13,GARGOYLE:5;SCORPION_RIDER:5
5205,0,0,true,,,utility,curriculum_pass,3,75,210811706961,210811715836,10,0,GREEN,false,7,0,3,3,ARCHER:7;ASSASSIN:4;SPIDER:1,GOBLIN:10;MAGE:6;SPIDER:1
5206,0,0,true,,,curriculum_pass,utility,3,75,210811706961,210811715836,11,0,BLUE,false,0,14,3,3,ARCHER:7;ASSASSIN:4;SPIDER:1,GOBLIN:10;MAGE:6;SPIDER:1
5207,0,0,true,,,utility,curriculum_pass,3,75,210811714880,210811724781,22,0,GREEN,false,8,0,3,3,ARCHER:4;GOLEM:4;SPIDER:3,ARCHER:1;GARGOYLE:6;SPIDER:9
5208,0,0,true,,,curriculum_pass,utility,3,75,210811714880,210811724781,23,0,BLUE,false,0,12,3,3,ARCHER:4;GOLEM:4;SPIDER:3,ARCHER:1;GARGOYLE:6;SPIDER:9
5209,0,0,true,,,utility,curriculum_pass,3,75,210811722799,210811699842,22,0,GREEN,false,8,0,3,3,GARGOYLE:6;GOBLIN:1;GOLEM:3,GARGOYLE:6;GOBLIN:11
5210,0,0,true,,,curriculum_pass,utility,3,75,210811722799,210811699842,47,0,BLUE,false,0,16,3,3,GARGOYLE:6;GOBLIN:1;GOLEM:3,GARGOYLE:6;GOBLIN:11
5211,0,0,true,,,utility,curriculum_pass,3,75,149281069042,149281081695,20,0,GREEN,false,17,0,4,3,ARCHER:1;GOBLIN:12;GOLEM:3;SPIDER:1,ARCHER:12;GOBLIN:1
5212,0,0,true,,,curriculum_pass,utility,3,75,149281069042,149281081695,15,0,,false,12,12,4,3,ARCHER:1;GOBLIN:12;GOLEM:3;SPIDER:1,ARCHER:12;GOBLIN:1
5213,0,0,true,,,utility,curriculum_pass,3,75,149281076961,149281089612,4,0,GREEN,false,11,0,3,2,ASSASSIN:8;MAGE:2;SPIDER:1,ARCHER:4;MAGE:7
5214,0,0,true,,,curriculum_pass,utility,3,75,149281076961,149281089612,9,0,BLUE,false,0,11,3,2,ASSASSIN:8;MAGE:2;SPIDER:1,ARCHER:4;MAGE:7
5215,0,0,true,,,utility,curriculum_pass,3,75,149281084880,149281065853,26,0,GREEN,false,17,0,2,3,GARGOYLE:5;SPIDER:13,GOBLIN:9;SPIDER:16
5216,0,0,true,,,curriculum_pass,utility,3,75,149281084880,149281065853,11,0,BLUE,false,0,17,2,3,GARGOYLE:5;SPIDER:13,GOBLIN:9;SPIDER:16
5217,0,0,true,,,utility,curriculum_pass,3,75,110406698042,110406687383,14,0,GREEN,false,9,0,3,3,ARCHER:7;GOBLIN:11,ASSASSIN:8;GOBLIN:6
5218,0,0,true,,,curriculum_pass,utility,3,75,110406698042,110406687383,15,0,,false,9,9,3,3,ARCHER:7;GOBLIN:11,ASSASSIN:8;GOBLIN:6
5219,0,0,true,,,utility,curriculum_pass,3,75,110414617042,110414628735,16,0,GREEN,false,17,0,3,3,SCORPION_RIDER:3;SPIDER:17,GOBLIN:8;MAGE:7
5220,0,0,true,,,curriculum_pass,utility,3,75,110414617042,110414628735,13,0,BLUE,false,0,14,3,3,SCORPION_RIDER:3;SPIDER:17,GOBLIN:8;MAGE:7
5221,0,0,true,,,utility,curriculum_pass,3,75,110422536042,110422585799,6,0,GREEN,false,16,0,3,2,ASSASSIN:6;GOBLIN:10;SPIDER:1,ARCHER:3;MAGE:8
5222,0,0,true,,,curriculum_pass,utility,3,75,110422536042,110422585799,13,0,,false,7,11,3,2,ASSASSIN:6;GOBLIN:10;SPIDER:1,ARCHER:3;MAGE:8
5223,0,0,true,,,utility,curriculum_pass,3,75,110430455042,110430509999,12,0,GREEN,false,4,0,3,3,GOBLIN:1;SCORPION_RIDER:9,ARCHER:1;GARGOYLE:3;SCORPION_RIDER:6
5224,0,0,true,,,curriculum_pass,utility,3,75,110430455042,110430509999,19,0,BLUE,false,0,10,3,3,GOBLIN:1;SCORPION_RIDER:9,ARCHER:1;GARGOYLE:3;SCORPION_RIDER:6
5225,0,0,true,,,utility,curriculum_pass,3,75,110438374042,110438319159,10,0,GREEN,false,9,0,2,4,GARGOYLE:5;GOLEM:4,ASSASSIN:1;MAGE:8;SCORPION_RIDER:1;SPIDER:1
5226,0,0,true,,,curriculum_pass,utility,3,75,110438374042,110438319159,27,0,BLUE,false,0,9,2,4,GARGOYLE:5;GOLEM:4,ASSASSIN:1;MAGE:8;SCORPION_RIDER:1;SPIDER:1
5227,0,0,true,,,utility,curriculum_pass,3,75,110446293042,110446276255,16,0,GREEN,false,5,0,3,2,ARCHER:9;MAGE:3,ARCHER:3;MAGE:8
5228,0,0,true,,,curriculum_pass,utility,3,75,110446293042,110446276255,19,0,,false,7,5,3,2,ARCHER:9;MAGE:3,ARCHER:3;MAGE:8
5229,0,0,true,,,utility,curriculum_pass,3,75,150001698042,150001719895,8,0,GREEN,false,10,0,3,4,ARCHER:9;ASSASSIN:3,ARCHER:1;GOBLIN:13;MAGE:4
5230,0,0,true,,,curriculum_pass,utility,3,75,150001698042,150001719895,13,0,BLUE,false,0,16,3,4,ARCHER:9;ASSASSIN:3,ARCHER:1;GOBLIN:13;MAGE:4
5231,0,0,true,,,utility,curriculum_pass,3,75,150001705961,150001728836,14,0,GREEN,false,9,0,4,3,GOBLIN:11;MAGE:6,GOBLIN:1;GOLEM:4;SCORPION_RIDER:4
5232,0,0,true,,,curriculum_pass,utility,3,75,150001705961,150001728836,13,0,BLUE,false,0,9,4,3,GOBLIN:11;MAGE:6,GOBLIN:1;GOLEM:4;SCORPION_RIDER:4
5233,0,0,true,,,utility,curriculum_pass,3,75,150001713880,150001704053,10,0,GREEN,false,16,0,3,2,GOBLIN:11;SCORPION_RIDER:5,MAGE:4;SPIDER:15
5234,0,0,true,,,curriculum_pass,utility,3,75,150001713880,150001704053,25,0,,false,10,19,3,2,GOBLIN:11;SCORPION_RIDER:5,MAGE:4;SPIDER:15
5235,0,0,true,,,utility,curriculum_pass,3,75,150009617042,150009660479,54,0,GREEN,false,5,0,3,3,GARGOYLE:2;GOLEM:4;MAGE:3,GARGOYLE:4;GOLEM:4;SPIDER:2
5236,0,0,true,,,curriculum_pass,utility,3,75,150009617042,150009660479,19,0,BLUE,false,0,10,3,3,GARGOYLE:2;GOLEM:4;MAGE:3,GARGOYLE:4;GOLEM:4;SPIDER:2
5237,0,0,true,,,utility,curriculum_pass,3,75,150009624961,150009669420,10,0,GREEN,false,7,0,3,2,ASSASSIN:6;GOBLIN:11,ARCHER:7;GOBLIN:11
5238,0,0,true,,,curriculum_pass,utility,3,75,150009624961,150009669420,11,0,BLUE,false,0,18,3,2,ASSASSIN:6;GOBLIN:11,ARCHER:7;GOBLIN:11
5239,0,0,true,,,utility,curriculum_pass,3,75,150009632880,150009644765,18,0,GREEN,false,17,0,3,3,GOBLIN:13;MAGE:5,SCORPION_RIDER:4;SPIDER:14
5240,0,0,true,,,curriculum_pass,utility,3,75,150009632880,150009644765,17,0,BLUE,false,0,18,3,3,GOBLIN:13;MAGE:5,SCORPION_RIDER:4;SPIDER:14
5241,0,0,true,,,utility,curriculum_pass,3,75,211548166042,211548113207,8,0,GREEN,false,10,0,3,3,GOBLIN:1;SCORPION_RIDER:9,ASSASSIN:4;GARGOYLE:6;SPIDER:1
5242,0,0,true,,,curriculum_pass,utility,3,75,211548166042,211548113207,21,0,BLUE,false,0,7,3,3,GOBLIN:1;SCORPION_RIDER:9,ASSASSIN:4;GARGOYLE:6;SPIDER:1
5243,0,0,true,,,utility,curriculum_pass,3,75,211548173961,211548121124,10,0,,false,10,10,3,2,GARGOYLE:6;GOBLIN:1;GOLEM:3,ASSASSIN:7;SCORPION_RIDER:3
5244,0,0,true,,,curriculum_pass,utility,3,75,211548173961,211548121124,19,0,,false,6,4,3,2,GARGOYLE:6;GOBLIN:1;GOLEM:3,ASSASSIN:7;SCORPION_RIDER:3
5245,0,0,true,,,utility,curriculum_pass,3,75,211548181880,211548228565,16,0,GREEN,false,9,0,2,2,GOLEM:4;MAGE:5,ARCHER:3;ASSASSIN:8
5246,0,0,true,,,curriculum_pass,utility,3,75,211548181880,211548228565,21,0,BLUE,false,0,3,2,2,GOLEM:4;MAGE:5,ARCHER:3;ASSASSIN:8
5247,0,0,true,,,utility,curriculum_pass,3,75,211548189799,211548236490,6,0,GREEN,false,12,0,4,3,ARCHER:8;GARGOYLE:1;SCORPION_RIDER:2;SPIDER:1,MAGE:10;SPIDER:1
5248,0,0,true,,,curriculum_pass,utility,3,75,211548189799,211548236490,21,0,,false,8,7,4,3,ARCHER:8;GARGOYLE:1;SCORPION_RIDER:2;SPIDER:1,MAGE:10;SPIDER:1
5249,0,0,true,,,utility,curriculum_pass,3,75,150017536042,150017486471,22,0,GREEN,false,4,0,3,2,GOBLIN:1;MAGE:8;SCORPION_RIDER:2,ARCHER:3;MAGE:8
5250,0,0,true,,,curriculum_pass,utility,3,75,150017536042,150017486471,47,0,BLUE,false,0,4,3,2,GOBLIN:1;MAGE:8;SCORPION_RIDER:2,ARCHER:3;MAGE:8
5251,0,0,true,,,utility,curriculum_pass,3,75,150017543961,150017593780,16,0,,false,9,5,3,3,ASSASSIN:5;GOBLIN:11;MAGE:1,GARGOYLE:5;GOBLIN:13
5252,0,0,true,,,curriculum_pass,utility,3,75,150017543961,150017593780,13,0,BLUE,false,0,12,3,3,ASSASSIN:5;GOBLIN:11;MAGE:1,GARGOYLE:5;GOBLIN:13
5253,0,0,true,,,utility,curriculum_pass,3,75,150017551880,150017601701,24,0,GREEN,false,10,0,2,3,GARGOYLE:5;SCORPION_RIDER:5,ARCHER:5;GOBLIN:12;SPIDER:3
5254,0,0,true,,,curriculum_pass,utility,3,75,150017551880,150017601701,15,0,BLUE,false,0,13,2,3,GARGOYLE:5;SCORPION_RIDER:5,ARCHER:5;GOBLIN:12;SPIDER:3
5255,0,0,true,,,utility,curriculum_pass,3,75,150025455042,150025411439,10,0,,false,13,11,3,3,ARCHER:8;GARGOYLE:3;GOBLIN:2,ASSASSIN:3;SCORPION_RIDER:6;SPIDER:2
5256,0,0,true,,,curriculum_pass,utility,3,75,150025455042,150025411439,13,0,BLUE,false,0,10,3,3,ARCHER:8;GARGOYLE:3;GOBLIN:2,ASSASSIN:3;SCORPION_RIDER:6;SPIDER:2
5257,0,0,true,,,utility,curriculum_pass,3,75,150025462961,150025419292,12,0,GREEN,false,17,0,3,2,GARGOYLE:6;SPIDER:11,GOBLIN:8;MAGE:7
5258,0,0,true,,,curriculum_pass,utility,3,75,150025462961,150025419292,13,0,BLUE,false,0,15,3,2,GARGOYLE:6;SPIDER:11,GOBLIN:8;MAGE:7
5259,0,0,true,,,utility,curriculum_pass,3,75,150025470880,150025526541,24,0,GREEN,false,9,0,3,3,MAGE:8;SCORPION_RIDER:2;SPIDER:1,GARGOYLE:5;GOBLIN:12;SPIDER:1
5260,0,0,true,,,curriculum_pass,utility,3,75,150025470880,150025526541,9,0,BLUE,false,0,16,3,3,MAGE:8;SCORPION_RIDER:2;SPIDER:1,GARGOYLE:5;GOBLIN:12;SPIDER:1
5261,0,0,true,,,utility,curriculum_pass,3,75,150033374042,150033352183,10,0,,false,17,15,3,3,GARGOYLE:6;GOBLIN:10;SPIDER:1,GARGOYLE:1;SCORPION_RIDER:5;SPIDER:9
5262,0,0,true,,,curriculum_pass,utility,3,75,150033374042,150033352183,15,0,BLUE,false,0,10,3,3,GARGOYLE:6;GOBLIN:10;SPIDER:1,GARGOYLE:1;SCORPION_RIDER:5;SPIDER:9
5263,0,0,true,,,utility,curriculum_pass,3,75,150033381961,150033360100,26,0,GREEN,false,9,0,3,3,ARCHER:1;GARGOYLE:3;SCORPION_RIDER:6,GOBLIN:1;MAGE:8;SCORPION_RIDER:2
5264,0,0,true,,,curriculum_pass,utility,3,75,150033381961,150033360100,23,0,BLUE,false,0,11,3,3,ARCHER:1;GARGOYLE:3;SCORPION_RIDER:6,GOBLIN:1;MAGE:8;SCORPION_RIDER:2
5265,0,0,true,,,utility,curriculum_pass,3,75,150033389880,150033336213,12,0,,false,9,9,2,4,ASSASSIN:7;SCORPION_RIDER:3,ASSASSIN:4;GOBLIN:12;SCORPION_RIDER:1;SPIDER:1
5266,0,0,true,,,curriculum_pass,utility,3,75,150033389880,150033336213,10,0,,false,10,18,2,4,ASSASSIN:7;SCORPION_RIDER:3,ASSASSIN:4;GOBLIN:12;SCORPION_RIDER:1;SPIDER:1
5267,0,0,true,,,utility,curriculum_pass,3,75,150041293042,150041308767,10,0,,false,9,9,2,3,GARGOYLE:5;GOLEM:4,ASSASSIN:5;GOLEM:4
5268,0,0,true,,,curriculum_pass,utility,3,75,150041293042,150041308767,10,0,,false,9,9,2,3,GARGOYLE:5;GOLEM:4,ASSASSIN:5;GOLEM:4
5269,0,0,true,,,utility,curriculum_pass,3,75,150041300961,150041284940,20,0,GREEN,false,18,0,3,3,GARGOYLE:5;GOBLIN:13,MAGE:8;SCORPION_RIDER:2;SPIDER:1
5270,0,0,true,,,curriculum_pass,utility,3,75,150041300961,150041284940,19,0,BLUE,false,0,9,3,3,GARGOYLE:5;GOBLIN:13,MAGE:8;SCORPION_RIDER:2;SPIDER:1
5271,0,0,true,,,utility,curriculum_pass,3,75,150041308880,150041292925,14,0,GREEN,false,12,0,3,3,GOLEM:2;MAGE:1;SPIDER:16,ARCHER:4;GOBLIN:2;SPIDER:15
5272,0,0,true,,,curriculum_pass,utility,3,75,150041308880,150041292925,9,0,BLUE,false,0,21,3,3,GOLEM:2;MAGE:1;SPIDER:16,ARCHER:4;GOBLIN:2;SPIDER:15
5273,0,0,true,,,utility,curriculum_pass,3,75,150049212042,150049232935,48,0,,false,17,7,4,3,ARCHER:1;GARGOYLE:5;GOBLIN:1;SPIDER:10,GOBLIN:11;MAGE:6
5274,0,0,true,,,curriculum_pass,utility,3,75,150049212042,150049232935,15,0,BLUE,false,0,9,4,3,ARCHER:1;GARGOYLE:5;GOBLIN:1;SPIDER:10,GOBLIN:11;MAGE:6
5275,0,0,true,,,utility,curriculum_pass,3,75,150049219961,150049242068,10,0,GREEN,false,19,0,3,3,MAGE:4;SPIDER:15,ASSASSIN:8;SCORPION_RIDER:2;SPIDER:1
5276,0,0,true,,,curriculum_pass,utility,3,75,150049219961,150049242068,7,0,BLUE,false,0,11,3,3,MAGE:4;SPIDER:15,ASSASSIN:8;SCORPION_RIDER:2;SPIDER:1
5277,0,0,true,,,utility,curriculum_pass,3,75,150049227880,150049217221,26,0,GREEN,false,18,0,3,3,GOBLIN:1;GOLEM:3;SPIDER:14,ARCHER:8;SPIDER:9
5278,0,0,true,,,curriculum_pass,utility,3,75,150049227880,150049217221,10,0,,false,18,17,3,3,GOBLIN:1;GOLEM:3;SPIDER:14,ARCHER:8;SPIDER:9
5279,0,0,true,,,utility,curriculum_pass,3,75,150057131042,150057173647,12,0,GREEN,false,16,0,3,3,GARGOYLE:6;SPIDER:11,MAGE:4;SCORPION_RIDER:5;SPIDER:2
5280,0,0,true,,,curriculum_pass,utility,3,75,150057131042,150057173647,15,0,BLUE,false,0,9,3,3,GARGOYLE:6;SPIDER:11,MAGE:4;SCORPION_RIDER:5;SPIDER:2
5281,0,0,true,,,utility,curriculum_pass,3,75,150057138961,150057182652,10,0,GREEN,false,11,0,3,3,ARCHER:4;GOBLIN:1;SCORPION_RIDER:6,ASSASSIN:1;GARGOYLE:4;GOLEM:4
5282,0,0,true,,,curriculum_pass,utility,3,75,150057138961,150057182652,17,0,BLUE,false,0,7,3,3,ARCHER:4;GOBLIN:1;SCORPION_RIDER:6,ASSASSIN:1;GARGOYLE:4;GOLEM:4
5283,0,0,true,,,utility,curriculum_pass,3,75,150057146880,150057157805,10,0,,false,9,4,3,4,ASSASSIN:10;GOBLIN:1,GOLEM:5;SPIDER:8
5284,0,0,true,,,curriculum_pass,utility,3,75,150057146880,150057157805,71,0,BLUE,false,0,13,3,4,ASSASSIN:10;GOBLIN:1,GOLEM:5;SPIDER:8
5285,0,0,true,,,utility,curriculum_pass,3,75,150065050042,150065000215,34,0,GREEN,false,9,0,2,3,GOLEM:4;MAGE:5,GARGOYLE:3;SCORPION_RIDER:6;SPIDER:2
5286,0,0,true,,,curriculum_pass,utility,3,75,150065050042,150065000215,13,0,BLUE,false,0,9,2,3,GOLEM:4;MAGE:5,GARGOYLE:3;SCORPION_RIDER:6;SPIDER:2
5287,0,0,true,,,utility,curriculum_pass,3,75,150065057961,150065106436,16,0,,false,19,8,3,2,ARCHER:6;SPIDER:13,ASSASSIN:8;GOBLIN:6
5288,0,0,true,,,curriculum_pass,utility,3,75,150065057961,150065106436,7,0,BLUE,false,0,13,3,2,ARCHER:6;SPIDER:13,ASSASSIN:8;GOBLIN:6
5289,0,0,true,,,utility,curriculum_pass,3,75,150065065880,150065115445,24,0,GREEN,false,8,0,3,4,ASSASSIN:3;MAGE:7;SPIDER:1,GARGOYLE:5;GOBLIN:11;MAGE:1
5290,0,0,true,,,curriculum_pass,utility,3,75,150065065880,150065115445,7,0,BLUE,false,0,16,3,4,ASSASSIN:3;MAGE:7;SPIDER:1,GARGOYLE:5;GOBLIN:11;MAGE:1
5291,0,0,true,,,utility,curriculum_pass,3,75,150072969042,150072924671,18,0,GREEN,false,9,0,3,3,GARGOYLE:2;MAGE:8;SPIDER:1,ARCHER:1;SCORPION_RIDER:3;SPIDER:15
5292,0,0,true,,,curriculum_pass,utility,3,75,150072969042,150072924671,11,0,BLUE,false,0,18,3,3,GARGOYLE:2;MAGE:8;SPIDER:1,ARCHER:1;SCORPION_RIDER:3;SPIDER:15
5293,0,0,true,,,utility,curriculum_pass,3,75,150072976961,150072932588,16,0,GREEN,false,11,0,3,3,GARGOYLE:10;GOBLIN:1,ASSASSIN:8;GOBLIN:3;GOLEM:1
5294,0,0,true,,,curriculum_pass,utility,3,75,150072976961,150072932588,21,0,,false,6,5,3,3,GARGOYLE:10;GOBLIN:1,ASSASSIN:8;GOBLIN:3;GOLEM:1
5295,0,0,true,,,utility,curriculum_pass,3,75,150072984880,150073039773,10,0,GREEN,false,22,0,4,3,ASSASSIN:1;GOBLIN:21;SPIDER:1,MAGE:10;SPIDER:1
5296,0,0,true,,,curriculum_pass,utility,3,75,150072984880,150073039773,10,0,,false,23,11,4,3,ASSASSIN:1;GOBLIN:21;SPIDER:1,MAGE:10;SPIDER:1
5297,0,0,true,,,utility,curriculum_pass,3,75,69465468042,69465420327,16,0,GREEN,false,5,0,2,3,GARGOYLE:5;SCORPION_RIDER:5,GARGOYLE:3;GOBLIN:2;SCORPION_RIDER:6
5298,0,0,true,,,curriculum_pass,utility,3,75,69465468042,69465420327,23,0,,false,10,7,2,3,GARGOYLE:5;SCORPION_RIDER:5,GARGOYLE:3;GOBLIN:2;SCORPION_RIDER:6
5299,0,0,true,,,utility,curriculum_pass,3,75,69465475961,69465527764,12,0,,false,12,6,3,3,ASSASSIN:5;GOBLIN:12;SPIDER:1,GOBLIN:1;SCORPION_RIDER:6;SPIDER:8
5300,0,0,true,,,curriculum_pass,utility,3,75,69465475961,69465527764,10,0,,false,18,15,3,3,ASSASSIN:5;GOBLIN:12;SPIDER:1,GOBLIN:1;SCORPION_RIDER:6;SPIDER:8
5301,0,0,true,,,utility,utility,3,75,69600091042,69600134415,34,0,GREEN,false,5,0,3,3,GARGOYLE:10;GOBLIN:1,GOLEM:3;SCORPION_RIDER:5;SPIDER:1
5302,0,0,true,,,utility,utility,3,75,69600091042,69600134415,38,0,GREEN,false,5,0,3,3,GARGOYLE:10;GOBLIN:1,GOLEM:3;SCORPION_RIDER:5;SPIDER:1
5303,0,0,true,,,utility,utility,3,75,69600098961,69600142396,23,0,BLUE,false,0,9,3,2,GOLEM:4;SCORPION_RIDER:4;SPIDER:1,GARGOYLE:6;SCORPION_RIDER:4
5304,0,0,true,,,utility,utility,3,75,69600098961,69600142396,23,0,BLUE,false,0,9,3,2,GOLEM:4;SCORPION_RIDER:4;SPIDER:1,GARGOYLE:6;SCORPION_RIDER:4
5305,0,0,true,,,utility,utility,3,75,69734714042,69734732823,14,0,GREEN,false,4,0,3,3,GOLEM:4;SPIDER:11,SPIDER:25
5306,0,0,true,,,utility,utility,3,75,69734714042,69734732823,14,0,GREEN,false,4,0,3,3,GOLEM:4;SPIDER:11,SPIDER:25
5307,0,0,true,,,utility,utility,3,75,69734721961,69734741764,10,0,GREEN,false,5,0,3,2,ARCHER:5;GARGOYLE:5;SPIDER:3,ARCHER:4;MAGE:7
5308,0,0,true,,,utility,utility,3,75,69734721961,69734741764,10,0,GREEN,false,5,0,3,2,ARCHER:5;GARGOYLE:5;SPIDER:3,ARCHER:4;MAGE:7
5309,0,0,true,,,utility,utility,3,75,69869337042,69869348735,9,0,BLUE,false,0,9,3,3,GARGOYLE:8;SPIDER:6,ARCHER:8;MAGE:3;SPIDER:2
5310,0,0,true,,,utility,utility,3,75,69869337042,69869348735,9,0,BLUE,false,0,8,3,3,GARGOYLE:8;SPIDER:6,ARCHER:8;MAGE:3;SPIDER:2
5311,0,0,true,,,utility,utility,3,75,69869344961,69869323884,8,0,GREEN,false,6,0,3,3,GARGOYLE:6;GOBLIN:1;GOLEM:3,ASSASSIN:8;GOLEM:1;MAGE:1
5312,0,0,true,,,utility,utility,3,75,69869344961,69869323884,8,0,GREEN,false,6,0,3,3,GARGOYLE:6;GOBLIN:1;GOLEM:3,ASSASSIN:8;GOLEM:1;MAGE:1
