game_id,pair_index,mirror_index,a_is_green,brain_a,brain_b,green_brain,blue_brain,map_size,budget,map_seed,combat_seed,team_turns,elapsed_ms,winner,timed_out,survivors_green,survivors_blue,green_legions,blue_legions,green_draft,blue_draft
1,0,0,true,,,utility,cascade,3,75,332598042,332649911,8,0,GREEN,false,10,0,2,2,GOLEM:3;SPIDER:15,MAGE:7;SCORPION_RIDER:3
2,0,0,true,,,cascade,utility,3,75,332598042,332649911,10,0,GREEN,false,15,0,2,2,GOLEM:3;SPIDER:15,MAGE:7;SCORPION_RIDER:3
3,0,0,true,,,utility,cascade,3,75,332605961,332657828,15,0,BLUE,false,0,5,3,3,GOBLIN:12;GOLEM:1;MAGE:4,ARCHER:6;SPIDER:13
4,0,0,true,,,cascade,utility,3,75,332605961,332657828,13,0,BLUE,false,0,8,3,3,GOBLIN:12;GOLEM:1;MAGE:4,ARCHER:6;SPIDER:13
5,0,0,true,,,utility,cascade,3,75,340517042,340475423,6,0,GREEN,false,15,0,3,3,GOBLIN:1;SCORPION_RIDER:6;SPIDER:8,ARCHER:8;GOBLIN:2;MAGE:3
6,0,0,true,,,cascade,utility,3,75,340517042,340475423,9,0,BLUE,false,0,7,3,3,GOBLIN:1;SCORPION_RIDER:6;SPIDER:8,ARCHER:8;GOBLIN:2;MAGE:3
7,0,0,true,,,utility,cascade,3,75,340524961,340467980,21,0,GREEN,false,3,0,3,3,GARGOYLE:10;SPIDER:1,GARGOYLE:3;SCORPION_RIDER:6;SPIDER:2
8,0,0,true,,,cascade,utility,3,75,340524961,340467980,20,0,GREEN,false,8,0,3,3,GARGOYLE:10;SPIDER:1,GARGOYLE:3;SCORPION_RIDER:6;SPIDER:2
9,0,0,true,,,utility,cascade,3,75,348436042,348416231,12,0,GREEN,false,6,0,2,3,MAGE:5;SCORPION_RIDER:5,ASSASSIN:1;MAGE:4;SPIDER:13
10,0,0,true,,,cascade,utility,3,75,348436042,348416231,10,0,GREEN,false,8,0,2,3,MAGE:5;SCORPION_RIDER:5,ASSASSIN:1;MAGE:4;SPIDER:13
11,0,0,true,,,utility,cascade,3,75,348443961,348392340,4,0,GREEN,false,12,0,3,2,ARCHER:12;GOBLIN:1,SPIDER:25
12,0,0,true,,,cascade,utility,3,75,348443961,348392340,8,0,GREEN,false,8,0,3,2,ARCHER:12;GOBLIN:1,SPIDER:25
13,0,0,true,,,utility,cascade,3,75,356355042,356341071,9,0,BLUE,false,0,10,3,3,MAGE:4;SPIDER:15,GOBLIN:15;MAGE:4
14,0,0,true,,,cascade,utility,3,75,356355042,356341071,7,0,BLUE,false,0,17,3,3,MAGE:4;SPIDER:15,GOBLIN:15;MAGE:4
15,0,0,true,,,utility,cascade,3,75,356362961,356349052,6,0,GREEN,false,12,0,3,3,GOBLIN:7;GOLEM:4;MAGE:2,GOBLIN:6;MAGE:8
16,0,0,true,,,cascade,utility,3,75,356362961,356349052,8,0,GREEN,false,9,0,3,3,GOBLIN:7;GOLEM:4;MAGE:2,GOBLIN:6;MAGE:8
17,0,0,true,,,utility,cascade,3,75,364274042,364298199,19,0,GREEN,false,3,0,3,4,GARGOYLE:3;SCORPION_RIDER:6;SPIDER:2,GOLEM:4;SCORPION_RIDER:1;SPIDER:9
18,0,0,true,,,cascade,utility,3,75,364274042,364298199,16,0,GREEN,false,4,0,3,4,GARGOYLE:3;SCORPION_RIDER:6;SPIDER:2,GOLEM:4;SCORPION_RIDER:1;SPIDER:9
19,0,0,true,,,utility,cascade,3,75,364281961,364273348,38,0,GREEN,false,5,0,2,3,GARGOYLE:5;GOLEM:4,ARCHER:3;SCORPION_RIDER:5;SPIDER:5
20,0,0,true,,,cascade,utility,3,75,364281961,364273348,16,0,GREEN,false,7,0,2,3,GARGOYLE:5;GOLEM:4,ARCHER:3;SCORPION_RIDER:5;SPIDER:5
21,0,0,true,,,utility,cascade,3,75,372193042,372238783,9,0,BLUE,false,0,15,3,3,ASSASSIN:7;GOBLIN:1;MAGE:3,SPIDER:25
22,0,0,true,,,cascade,utility,3,75,372193042,372238783,7,0,BLUE,false,0,14,3,3,ASSASSIN:7;GOBLIN:1;MAGE:3,SPIDER:25
23,0,0,true,,,utility,cascade,3,75,372200961,372213932,23,0,GREEN,false,5,0,2,3,GARGOYLE:6;GOBLIN:11,ARCHER:7;GOBLIN:1;GOLEM:3
24,0,0,true,,,cascade,utility,3,75,372200961,372213932,18,0,GREEN,false,6,0,2,3,GARGOYLE:6;GOBLIN:11,ARCHER:7;GOBLIN:1;GOLEM:3
25,0,0,true,,,utility,cascade,3,75,380112042,380162567,7,0,BLUE,false,0,9,2,2,MAGE:7;SCORPION_RIDER:3,ASSASSIN:8;GOBLIN:6
26,0,0,true,,,cascade,utility,3,75,380112042,380162567,7,0,BLUE,false,0,5,2,2,MAGE:7;SCORPION_RIDER:3,ASSASSIN:8;GOBLIN:6
27,0,0,true,,,utility,cascade,3,75,380119961,380171572,7,0,BLUE,false,0,11,3,3,MAGE:10;SPIDER:1,GARGOYLE:3;GOBLIN:2;SCORPION_RIDER:6
28,0,0,true,,,cascade,utility,3,75,380119961,380171572,13,0,BLUE,false,0,7,3,3,MAGE:10;SPIDER:1,GARGOYLE:3;GOBLIN:2;SCORPION_RIDER:6
29,0,0,true,,,utility,utility,3,75,388031042,387988719,7,0,BLUE,false,0,13,2,3,ASSASSIN:6;SCORPION_RIDER:4,GARGOYLE:6;GOBLIN:11
30,0,0,true,,,utility,utility,3,75,388031042,387988719,7,0,BLUE,false,0,13,2,3,ASSASSIN:6;SCORPION_RIDER:4,GARGOYLE:6;GOBLIN:11
31,0,0,true,,,utility,utility,3,75,388038961,388095900,17,0,,false,12,6,3,3,ARCHER:12;SPIDER:1,GARGOYLE:2;MAGE:7;SPIDER:4
32,0,0,true,,,utility,utility,3,75,388038961,388095900,17,0,,false,12,6,3,3,ARCHER:12;SPIDER:1,GARGOYLE:2;MAGE:7;SPIDER:4
33,0,0,true,,,utility,cascade,3,75,332598042,332649911,8,0,GREEN,false,10,0,2,2,GOLEM:3;SPIDER:15,MAGE:7;SCORPION_RIDER:3
34,0,0,true,,,cascade,utility,3,75,332598042,332649911,10,0,GREEN,false,16,0,2,2,GOLEM:3;SPIDER:15,MAGE:7;SCORPION_RIDER:3
35,0,0,true,,,utility,cascade,3,75,332605961,332657828,15,0,BLUE,false,0,5,3,3,GOBLIN:12;GOLEM:1;MAGE:4,ARCHER:6;SPIDER:13
36,0,0,true,,,cascade,utility,3,75,332605961,332657828,13,0,BLUE,false,0,8,3,3,GOBLIN:12;GOLEM:1;MAGE:4,ARCHER:6;SPIDER:13
37,0,0,true,,,utility,utility,3,75,601844042,601864167,22,0,GREEN,false,4,0,3,3,GARGOYLE:10;SPIDER:1,MAGE:4;SCORPION_RIDER:5;SPIDER:2
38,0,0,true,,,utility,utility,3,75,601844042,601864167,24,0,GREEN,false,4,0,3,3,GARGOYLE:10;SPIDER:1,MAGE:4;SCORPION_RIDER:5;SPIDER:2
39,0,0,true,,,utility,utility,3,75,601851961,601839252,31,0,BLUE,false,0,7,2,3,ASSASSIN:4;SPIDER:15,ARCHER:1;ASSASSIN:3;SCORPION_RIDER:6
40,0,0,true,,,utility,utility,3,75,601851961,601839252,23,0,BLUE,false,0,7,2,3,ASSASSIN:4;SPIDER:15,ARCHER:1;ASSASSIN:3;SCORPION_RIDER:6
41,0,0,true,,,utility,utility,3,75,736467042,736446159,23,0,,false,15,12,3,3,ARCHER:6;GOBLIN:13,ARCHER:5;MAGE:1;SPIDER:12
42,0,0,true,,,utility,utility,3,75,736467042,736446159,23,0,,false,15,12,3,3,ARCHER:6;GOBLIN:13,ARCHER:5;MAGE:1;SPIDER:12
43,0,0,true,,,utility,utility,3,75,736474961,736455164,22,0,,false,10,9,3,3,GOBLIN:8;SPIDER:17,ARCHER:4;GARGOYLE:6;GOBLIN:3
44,0,0,true,,,utility,utility,3,75,736474961,736455164,22,0,,false,10,9,3,3,GOBLIN:8;SPIDER:17,ARCHER:4;GARGOYLE:6;GOBLIN:3
45,0,0,true,,,utility,utility,3,75,79522598042,79522583095,10,0,GREEN,false,7,0,3,3,GARGOYLE:5;SCORPION_RIDER:4;SPIDER:2,ASSASSIN:4;SPIDER:15
46,0,0,true,,,utility,utility,3,75,79522598042,79522583095,10,0,GREEN,false,7,0,3,3,GARGOYLE:5;SCORPION_RIDER:4;SPIDER:2,ASSASSIN:4;SPIDER:15
47,0,0,true,,,utility,utility,3,75,79522605961,79522592036,10,0,GREEN,false,5,0,3,3,ARCHER:8;GOBLIN:2;MAGE:3,ARCHER:1;SCORPION_RIDER:3;SPIDER:15
48,0,0,true,,,utility,utility,3,75,79522605961,79522592036,10,0,GREEN,false,5,0,3,3,ARCHER:8;GOBLIN:2;MAGE:3,ARCHER:1;SCORPION_RIDER:3;SPIDER:15
49,0,0,true,,,utility,utility,3,75,79530517042,79530540191,21,0,BLUE,false,0,4,3,3,ARCHER:7;GARGOYLE:4;GOBLIN:1,GOBLIN:10;GOLEM:4;SPIDER:1
50,0,0,true,,,utility,utility,3,75,79530517042,79530540191,28,0,GREEN,false,7,0,3,3,ARCHER:7;GARGOYLE:4;GOBLIN:1,GOBLIN:10;GOLEM:4;SPIDER:1
51,0,0,true,,,utility,utility,3,75,79530524961,79530516364,14,0,,false,9,11,3,3,ASSASSIN:1;GOLEM:1;MAGE:8,GOBLIN:1;MAGE:10
52,0,0,true,,,utility,utility,3,75,79530524961,79530516364,14,0,GREEN,false,1,0,3,3,ASSASSIN:1;GOLEM:1;MAGE:8,GOBLIN:1;MAGE:10
53,0,0,true,,,utility,cascade,3,75,79538436042,79538481511,13,0,BLUE,false,0,4,3,3,ARCHER:6;GARGOYLE:5;GOBLIN:1,GOBLIN:1;SCORPION_RIDER:6;SPIDER:8
54,0,0,true,,,cascade,utility,3,75,79538436042,79538481511,12,0,GREEN,false,5,0,3,3,ARCHER:6;GARGOYLE:5;GOBLIN:1,GOBLIN:1;SCORPION_RIDER:6;SPIDER:8
55,0,0,true,,,utility,cascade,3,75,79538443961,79538456596,15,0,BLUE,false,0,6,2,2,ASSASSIN:5;GOLEM:4,GARGOYLE:5;GOLEM:4
56,0,0,true,,,cascade,utility,3,75,79538443961,79538456596,16,0,BLUE,false,0,4,2,2,ASSASSIN:5;GOLEM:4,GARGOYLE:5;GOLEM:4
57,0,0,true,,,utility,cascade,3,75,79546355042,79546405839,14,0,GREEN,false,5,0,3,2,GOLEM:1;MAGE:8;SPIDER:3,MAGE:7;SPIDER:8
58,0,0,true,,,cascade,utility,3,75,79546355042,79546405839,7,0,GREEN,false,6,0,3,2,GOLEM:1;MAGE:8;SPIDER:3,MAGE:7;SPIDER:8
59,0,0,true,,,utility,cascade,3,75,79546362961,79546413820,10,0,GREEN,false,3,0,3,3,ARCHER:7;GOLEM:3;SPIDER:1,ARCHER:8;GARGOYLE:3;GOBLIN:2
60,0,0,true,,,cascade,utility,3,75,79546362961,79546413820,9,0,BLUE,false,0,2,3,3,ARCHER:7;GOLEM:3;SPIDER:1,ARCHER:8;GARGOYLE:3;GOBLIN:2
61,0,0,true,,,utility,utility,3,75,79554274042,79554231383,14,0,GREEN,false,4,0,3,3,ARCHER:12;SPIDER:1,GARGOYLE:5;GOBLIN:13
62,0,0,true,,,utility,utility,3,75,79554274042,79554231383,14,0,GREEN,false,4,0,3,3,ARCHER:12;SPIDER:1,GARGOYLE:5;GOBLIN:13
63,0,0,true,,,utility,utility,3,75,79554281961,79554338628,30,0,,false,11,11,3,3,GOBLIN:1;SCORPION_RIDER:5;SPIDER:10,GARGOYLE:3;MAGE:7;SPIDER:1
64,0,0,true,,,utility,utility,3,75,79554281961,79554338628,24,0,,false,11,11,3,3,GOBLIN:1;SCORPION_RIDER:5;SPIDER:10,GARGOYLE:3;MAGE:7;SPIDER:1
65,0,0,true,,,utility,utility,3,75,79562193042,79562171967,15,0,BLUE,false,0,5,3,3,GARGOYLE:6;GOBLIN:1;MAGE:4,ARCHER:6;GARGOYLE:5;SPIDER:1
66,0,0,true,,,utility,utility,3,75,79562193042,79562171967,15,0,BLUE,false,0,5,3,3,GARGOYLE:6;GOBLIN:1;MAGE:4,ARCHER:6;GARGOYLE:5;SPIDER:1
67,0,0,true,,,utility,utility,3,75,79562200961,79562148140,15,0,,false,12,14,3,3,ARCHER:7;GARGOYLE:4;GOBLIN:1,GOBLIN:10;GOLEM:4;SPIDER:1
68,0,0,true,,,utility,utility,3,75,79562200961,79562148140,15,0,,false,12,14,3,3,ARCHER:7;GARGOYLE:4;GOBLIN:1,GOBLIN:10;GOLEM:4;SPIDER:1
69,0,0,true,,,utility,utility,3,75,79570112042,79570096263,51,0,,false,13,5,3,4,GOBLIN:13;SPIDER:12,ARCHER:6;GARGOYLE:5;GOBLIN:1
70,0,0,true,,,utility,utility,3,75,79570112042,79570096263,51,0,,false,13,5,3,4,GOBLIN:13;SPIDER:12,ARCHER:6;GARGOYLE:5;GOBLIN:1
71,0,0,true,,,utility,utility,3,75,79570119961,79570105268,17,0,BLUE,false,0,4,3,4,ASSASSIN:8;GARGOYLE:2;SPIDER:1,ARCHER:5;GOBLIN:1;GOLEM:4
72,0,0,true,,,utility,utility,3,75,79570119961,79570105268,17,0,BLUE,false,0,4,3,4,ASSASSIN:8;GARGOYLE:2;SPIDER:1,ARCHER:5;GOBLIN:1;GOLEM:4
73,0,0,true,,,utility,utility,3,75,79578031042,79578053999,15,0,,false,23,7,3,2,ARCHER:1;GOBLIN:23,ARCHER:7;SPIDER:11
74,0,0,true,,,utility,utility,3,75,79578031042,79578053999,15,0,,false,23,7,3,2,ARCHER:1;GOBLIN:23,ARCHER:7;SPIDER:11
75,0,0,true,,,utility,utility,3,75,79578038961,79578029084,17,0,,false,12,1,3,3,GOBLIN:12;MAGE:1;SCORPION_RIDER:4,ASSASSIN:10;SPIDER:1
76,0,0,true,,,utility,utility,3,75,79578038961,79578029084,17,0,,false,12,1,3,3,GOBLIN:12;MAGE:1;SCORPION_RIDER:4,ASSASSIN:10;SPIDER:1
77,0,0,true,,,utility,cascade,3,75,1100741042,1100687135,6,0,GREEN,false,8,0,3,3,ARCHER:2;GARGOYLE:9,ASSASSIN:10;SPIDER:1
78,0,0,true,,,cascade,utility,3,75,1100741042,1100687135,8,0,GREEN,false,9,0,3,3,ARCHER:2;GARGOYLE:9,ASSASSIN:10;SPIDER:1
79,0,0,true,,,utility,cascade,3,75,1100748961,1100793356,30,0,GREEN,false,13,0,2,2,GOBLIN:11;MAGE:6,GARGOYLE:4;SPIDER:15
80,0,0,true,,,cascade,utility,3,75,1100748961,1100793356,12,0,GREEN,false,7,0,2,2,GOBLIN:11;MAGE:6,GARGOYLE:4;SPIDER:15
81,0,0,true,,,utility,utility,3,75,1369987042,1369999695,8,0,GREEN,false,9,0,3,3,GOBLIN:11;GOLEM:4,ASSASSIN:8;SCORPION_RIDER:2;SPIDER:1
82,0,0,true,,,utility,utility,3,75,1369987042,1369999695,6,0,GREEN,false,8,0,3,3,GOBLIN:11;GOLEM:4,ASSASSIN:8;SCORPION_RIDER:2;SPIDER:1
83,0,0,true,,,utility,utility,3,75,1369994961,1370007676,18,0,GREEN,false,9,0,3,3,GARGOYLE:6;GOLEM:3;SPIDER:1,GOBLIN:15;MAGE:4
84,0,0,true,,,utility,utility,3,75,1369994961,1370007676,18,0,GREEN,false,9,0,3,3,GARGOYLE:6;GOLEM:3;SPIDER:1,GOBLIN:15;MAGE:4
85,0,0,true,,,utility,utility,3,75,1504610042,1504598103,22,0,,false,7,13,3,3,GOBLIN:1;GOLEM:3;SCORPION_RIDER:5,ARCHER:8;GARGOYLE:3;SPIDER:2
86,0,0,true,,,utility,utility,3,75,1504610042,1504598103,22,0,,false,7,13,3,3,GOBLIN:1;GOLEM:3;SCORPION_RIDER:5,ARCHER:8;GARGOYLE:3;SPIDER:2
87,0,0,true,,,utility,utility,3,75,1504617961,1504607044,15,0,BLUE,false,0,6,4,3,ARCHER:1;GOLEM:1;MAGE:7;SCORPION_RIDER:1,GOBLIN:1;SCORPION_RIDER:9
88,0,0,true,,,utility,utility,3,75,1504617961,1504607044,11,0,BLUE,false,0,9,4,3,ARCHER:1;GOLEM:1;MAGE:7;SCORPION_RIDER:1,GOBLIN:1;SCORPION_RIDER:9
89,0,0,true,,,utility,cascade,3,75,80314498042,80314443095,14,0,GREEN,false,6,0,3,2,GOBLIN:1;GOLEM:7,SCORPION_RIDER:6;SPIDER:9
90,0,0,true,,,cascade,utility,3,75,80314498042,80314443095,16,0,BLUE,false,0,3,3,2,GOBLIN:1;GOLEM:7,SCORPION_RIDER:6;SPIDER:9
91,0,0,true,,,utility,cascade,3,75,80314505961,80314549316,13,0,BLUE,false,0,7,3,3,GOLEM:4;MAGE:4;SPIDER:2,ARCHER:8;GOLEM:2;SPIDER:2
92,0,0,true,,,cascade,utility,3,75,80314505961,80314549316,16,0,GREEN,false,4,0,3,3,GOLEM:4;MAGE:4;SPIDER:2,ARCHER:8;GOLEM:2;SPIDER:2
93,0,0,true,,,utility,cascade,3,75,80322417042,80322367295,11,0,BLUE,false,0,9,3,3,ASSASSIN:3;GOBLIN:1;MAGE:7,GARGOYLE:6;GOLEM:3;SPIDER:1
94,0,0,true,,,cascade,utility,3,75,80322417042,80322367295,23,0,BLUE,false,0,8,3,3,ASSASSIN:3;GOBLIN:1;MAGE:7,GARGOYLE:6;GOLEM:3;SPIDER:1
95,0,0,true,,,utility,cascade,3,75,80322424961,80322375212,14,0,GREEN,false,3,0,3,3,ARCHER:1;ASSASSIN:4;GOLEM:4,ARCHER:1;GOLEM:3;SPIDER:13
96,0,0,true,,,cascade,utility,3,75,80322424961,80322375212,12,0,BLUE,false,0,7,3,3,ARCHER:1;ASSASSIN:4;GOLEM:4,ARCHER:1;GOLEM:3;SPIDER:13
97,0,0,true,,,utility,cascade,3,75,80330336042,80330324359,14,0,GREEN,false,4,0,4,3,ASSASSIN:4;GOBLIN:2;GOLEM:4,GARGOYLE:1;GOLEM:2;SPIDER:16
98,0,0,true,,,cascade,utility,3,75,80330336042,80330324359,16,0,GREEN,false,3,0,4,3,ASSASSIN:4;GOBLIN:2;GOLEM:4,GARGOYLE:1;GOLEM:2;SPIDER:16
99,0,0,true,,,utility,cascade,3,75,80330343961,80330299572,10,0,GREEN,false,9,0,2,3,ARCHER:8;GOBLIN:9,ARCHER:7;SPIDER:11
100,0,0,true,,,cascade,utility,3,75,80330343961,80330299572,6,0,GREEN,false,16,0,2,3,ARCHER:8;GOBLIN:9,ARCHER:7;SPIDER:11
101,0,0,true,,,utility,cascade,3,75,80338255042,80338264687,3,0,BLUE,false,0,12,2,3,ASSASSIN:5;SPIDER:13,ARCHER:12;GOBLIN:1
102,0,0,true,,,cascade,utility,3,75,80338255042,80338264687,9,0,BLUE,false,0,8,2,3,ASSASSIN:5;SPIDER:13,ARCHER:12;GOBLIN:1
103,0,0,true,,,utility,cascade,3,75,80338262961,80338240796,11,0,BLUE,false,0,12,3,3,ARCHER:7;GOLEM:3;SPIDER:1,ARCHER:6;GOBLIN:12;SPIDER:1
104,0,0,true,,,cascade,utility,3,75,80338262961,80338240796,8,0,BLUE,false,0,10,3,3,ARCHER:7;GOLEM:3;SPIDER:1,ARCHER:6;GOBLIN:12;SPIDER:1
105,0,0,true,,,utility,utility,3,75,80346174042,80346189047,6,0,GREEN,false,19,0,3,2,ARCHER:1;GOBLIN:23,ASSASSIN:7;SPIDER:8
106,0,0,true,,,utility,utility,3,75,80346174042,80346189047,6,0,GREEN,false,19,0,3,2,ARCHER:1;GOBLIN:23,ASSASSIN:7;SPIDER:8
107,0,0,true,,,utility,utility,3,75,80346181961,80346197988,16,0,GREEN,false,4,0,3,3,GARGOYLE:10;GOBLIN:1,MAGE:8;SPIDER:6
108,0,0,true,,,utility,utility,3,75,80346181961,80346197988,16,0,GREEN,false,9,0,3,3,GARGOYLE:10;GOBLIN:1,MAGE:8;SPIDER:6
109,0,0,true,,,utility,utility,3,75,80354093042,80354146655,23,0,,false,7,2,3,3,GARGOYLE:4;GOBLIN:2;GOLEM:4,ASSASSIN:4;GOBLIN:2;GOLEM:4
110,0,0,true,,,utility,utility,3,75,80354093042,80354146655,14,0,GREEN,false,7,0,3,3,GARGOYLE:4;GOBLIN:2;GOLEM:4,ASSASSIN:4;GOBLIN:2;GOLEM:4
111,0,0,true,,,utility,utility,3,75,80354100961,80354121804,24,0,,false,11,11,2,4,GOBLIN:11;GOLEM:4,ARCHER:12;GOBLIN:1
112,0,0,true,,,utility,utility,3,75,80354100961,80354121804,12,0,,false,15,13,2,4,GOBLIN:11;GOLEM:4,ARCHER:12;GOBLIN:1
113,0,0,true,,,utility,utility,3,75,80362012042,80361956135,23,0,,false,6,2,3,3,GOBLIN:9;SPIDER:16,ASSASSIN:8;GOBLIN:5;SPIDER:1
114,0,0,true,,,utility,utility,3,75,80362012042,80361956135,23,0,,false,6,2,3,3,GOBLIN:9;SPIDER:16,ASSASSIN:8;GOBLIN:5;SPIDER:1
115,0,0,true,,,utility,utility,3,75,80362019961,80362062548,9,0,BLUE,false,0,23,3,3,ARCHER:1;ASSASSIN:7;GOLEM:2,GOBLIN:21;SPIDER:4
116,0,0,true,,,utility,utility,3,75,80362019961,80362062548,9,0,BLUE,false,0,23,3,3,ARCHER:1;ASSASSIN:7;GOLEM:2,GOBLIN:21;SPIDER:4
117,0,0,true,,,utility,utility,3,75,80369931042,80369880463,12,0,,false,10,10,2,3,GARGOYLE:5;SCORPION_RIDER:5,GOBLIN:1;SCORPION_RIDER:9
118,0,0,true,,,utility,utility,3,75,80369931042,80369880463,12,0,,false,10,10,2,3,GARGOYLE:5;SCORPION_RIDER:5,GOBLIN:1;SCORPION_RIDER:9
119,0,0,true,,,utility,utility,3,75,80369938961,80369888444,8,0,GREEN,false,4,0,3,2,GOBLIN:1;MAGE:8;SPIDER:5,ARCHER:4;ASSASSIN:7
120,0,0,true,,,utility,utility,3,75,80369938961,80369888444,8,0,GREEN,false,4,0,3,2,GOBLIN:1;MAGE:8;SPIDER:5,ARCHER:4;ASSASSIN:7
121,0,0,true,,,utility,cascade,3,75,1868884042,1868838631,7,0,GREEN,false,8,0,3,3,ARCHER:6;ASSASSIN:1;GOBLIN:10,ASSASSIN:8;GOBLIN:3;GOLEM:1
122,0,0,true,,,cascade,utility,3,75,1868884042,1868838631,10,0,GREEN,false,15,0,3,3,ARCHER:6;ASSASSIN:1;GOBLIN:10,ASSASSIN:8;GOBLIN:3;GOLEM:1
123,0,0,true,,,utility,cascade,3,75,1868891961,1868945812,10,0,GREEN,false,5,0,3,3,ARCHER:5;GOBLIN:1;GOLEM:4,MAGE:8;SPIDER:6
124,0,0,true,,,cascade,utility,3,75,1868891961,1868945812,14,0,GREEN,false,4,0,3,3,ARCHER:5;GOBLIN:1;GOLEM:4,MAGE:8;SPIDER:6
125,0,0,true,,,utility,utility,3,75,2138130042,2138151127,18,0,,false,2,2,2,2,ARCHER:3;ASSASSIN:8,GOLEM:4;SPIDER:11
126,0,0,true,,,utility,utility,3,75,2138130042,2138151127,18,0,,false,2,2,2,2,ARCHER:3;ASSASSIN:8,GOLEM:4;SPIDER:11
127,0,0,true,,,utility,utility,3,75,2138137961,2138160068,14,0,,false,10,12,3,3,ARCHER:8;GOLEM:2;SPIDER:2,ARCHER:6;GARGOYLE:5;SPIDER:1
128,0,0,true,,,utility,utility,3,75,2138137961,2138160068,14,0,,false,10,12,3,3,ARCHER:8;GOLEM:2;SPIDER:2,ARCHER:6;GARGOYLE:5;SPIDER:1
129,0,0,true,,,utility,utility,3,75,2272753042,2272766783,9,0,BLUE,false,0,10,2,3,ARCHER:3;ASSASSIN:8,ARCHER:8;GOLEM:2;MAGE:1
130,0,0,true,,,utility,utility,3,75,2272753042,2272766783,9,0,BLUE,false,0,10,2,3,ARCHER:3;ASSASSIN:8,ARCHER:8;GOLEM:2;MAGE:1
131,0,0,true,,,utility,utility,3,75,2272760961,2272741932,20,0,,false,4,12,3,4,ASSASSIN:7;GOBLIN:2;GOLEM:2,GARGOYLE:2;GOBLIN:13;MAGE:3
132,0,0,true,,,utility,utility,3,75,2272760961,2272741932,20,0,,false,4,12,3,4,ASSASSIN:7;GOBLIN:2;GOLEM:2,GARGOYLE:2;GOBLIN:13;MAGE:3
133,0,0,true,,,utility,utility,3,75,81106398042,81106417143,17,0,,false,16,3,4,3,ASSASSIN:1;GOBLIN:12;SCORPION_RIDER:4,ASSASSIN:8;MAGE:2;SPIDER:1
134,0,0,true,,,utility,utility,3,75,81106398042,81106417143,6,0,GREEN,false,14,0,4,3,ASSASSIN:1;GOBLIN:12;SCORPION_RIDER:4,ASSASSIN:8;MAGE:2;SPIDER:1
135,0,0,true,,,utility,utility,3,75,81106405961,81106392292,23,0,,false,13,5,3,3,ARCHER:8;GOBLIN:2;MAGE:3,GARGOYLE:5;SPIDER:13
136,0,0,true,,,utility,utility,3,75,81106405961,81106392292,23,0,,false,13,5,3,3,ARCHER:8;GOBLIN:2;MAGE:3,GARGOYLE:5;SPIDER:13
137,0,0,true,,,utility,cascade,3,75,81114317042,81114340959,14,0,GREEN,false,7,0,2,3,GARGOYLE:5;SCORPION_RIDER:5,GOLEM:4;SCORPION_RIDER:4;SPIDER:1
138,0,0,true,,,cascade,utility,3,75,81114317042,81114340959,18,0,GREEN,false,5,0,2,3,GARGOYLE:5;SCORPION_RIDER:5,GOLEM:4;SCORPION_RIDER:4;SPIDER:1
139,0,0,true,,,utility,cascade,3,75,81114324961,81114333516,8,0,GREEN,false,4,0,3,3,GOBLIN:1;SCORPION_RIDER:4;SPIDER:13,ARCHER:4;ASSASSIN:1;SPIDER:14
140,0,0,true,,,cascade,utility,3,75,81114324961,81114333516,10,0,GREEN,false,4,0,3,3,GOBLIN:1;SCORPION_RIDER:4;SPIDER:13,ARCHER:4;ASSASSIN:1;SPIDER:14
141,0,0,true,,,utility,utility,3,75,81122236042,81122281511,18,0,GREEN,false,6,0,3,3,ARCHER:4;SCORPION_RIDER:6;SPIDER:1,ASSASSIN:7;GARGOYLE:3;GOBLIN:1
142,0,0,true,,,utility,utility,3,75,81122236042,81122281511,21,0,,false,6,1,3,3,ARCHER:4;SCORPION_RIDER:6;SPIDER:1,ASSASSIN:7;GARGOYLE:3;GOBLIN:1
143,0,0,true,,,utility,utility,3,75,81122243961,81122290644,22,0,,false,8,10,3,2,ASSASSIN:7;GOBLIN:1;SPIDER:7,GARGOYLE:6;SCORPION_RIDER:4
144,0,0,true,,,utility,utility,3,75,81122243961,81122290644,22,0,,false,8,10,3,2,ASSASSIN:7;GOBLIN:1;SPIDER:7,GARGOYLE:6;SCORPION_RIDER:4
145,0,0,true,,,utility,cascade,3,75,81130155042,81130107535,13,0,BLUE,false,0,6,4,3,ASSASSIN:4;GOBLIN:13;MAGE:1,ASSASSIN:3;GOBLIN:18
146,0,0,true,,,cascade,utility,3,75,81130155042,81130107535,15,0,BLUE,false,0,4,4,3,ASSASSIN:4;GOBLIN:13;MAGE:1,ASSASSIN:3;GOBLIN:18
147,0,0,true,,,utility,cascade,3,75,81130162961,81130214844,7,0,GREEN,false,14,0,3,3,ARCHER:1;SCORPION_RIDER:3;SPIDER:15,ASSASSIN:7;GOBLIN:2;GOLEM:2
148,0,0,true,,,cascade,utility,3,75,81130162961,81130214844,8,0,GREEN,false,12,0,3,3,ARCHER:1;SCORPION_RIDER:3;SPIDER:15,ASSASSIN:7;GOBLIN:2;GOLEM:2
149,0,0,true,,,utility,cascade,3,75,81138074042,81138032407,17,0,BLUE,false,0,5,3,3,GOLEM:2;MAGE:1;SCORPION_RIDER:6,GARGOYLE:6;GOBLIN:9;SPIDER:2
150,0,0,true,,,cascade,utility,3,75,81138074042,81138032407,25,0,BLUE,false,0,1,3,3,GOLEM:2;MAGE:1;SCORPION_RIDER:6,GARGOYLE:6;GOBLIN:9;SPIDER:2
151,0,0,true,,,utility,cascade,3,75,81138081961,81138040324,8,0,GREEN,false,17,0,3,3,GARGOYLE:6;GOBLIN:2;SPIDER:9,ASSASSIN:8;GARGOYLE:1;GOLEM:1
152,0,0,true,,,cascade,utility,3,75,81138081961,81138040324,14,0,GREEN,false,9,0,3,3,GARGOYLE:6;GOBLIN:2;SPIDER:9,ASSASSIN:8;GARGOYLE:1;GOLEM:1
153,0,0,true,,,utility,cascade,3,75,81145993042,81145973247,7,0,GREEN,false,6,0,3,2,GARGOYLE:5;SPIDER:13,ASSASSIN:5;SPIDER:13
154,0,0,true,,,cascade,utility,3,75,81145993042,81145973247,8,0,GREEN,false,5,0,3,2,GARGOYLE:5;SPIDER:13,ASSASSIN:5;SPIDER:13
155,0,0,true,,,utility,cascade,3,75,81146000961,81145981164,10,0,GREEN,false,6,0,3,3,ASSASSIN:4;GOBLIN:2;SCORPION_RIDER:5,ASSASSIN:7;GARGOYLE:3;SPIDER:1
156,0,0,true,,,cascade,utility,3,75,81146000961,81145981164,8,0,GREEN,false,5,0,3,3,ASSASSIN:4;GOBLIN:2;SCORPION_RIDER:5,ASSASSIN:7;GARGOYLE:3;SPIDER:1
157,0,0,true,,,utility,cascade,3,75,81153912042,81153929799,14,0,GREEN,false,5,0,3,3,ARCHER:1;GOBLIN:9;GOLEM:4,ASSASSIN:2;MAGE:8;SPIDER:1
158,0,0,true,,,cascade,utility,3,75,81153912042,81153929799,12,0,GREEN,false,4,0,3,3,ARCHER:1;GOBLIN:9;GOLEM:4,ASSASSIN:2;MAGE:8;SPIDER:1
159,0,0,true,,,utility,cascade,3,75,81153919961,81153906036,31,0,BLUE,false,0,6,3,3,ARCHER:4;ASSASSIN:1;GARGOYLE:6,GARGOYLE:6;GOBLIN:10;SPIDER:1
160,0,0,true,,,cascade,utility,3,75,81153919961,81153906036,24,0,GREEN,false,3,0,3,3,ARCHER:4;ASSASSIN:1;GARGOYLE:6,GARGOYLE:6;GOBLIN:10;SPIDER:1
161,0,0,true,,,utility,cascade,3,75,81161831042,81161853999,10,0,GREEN,false,9,0,3,3,GARGOYLE:10;SPIDER:1,GOBLIN:11;SCORPION_RIDER:5
162,0,0,true,,,cascade,utility,3,75,81161831042,81161853999,18,0,GREEN,false,6,0,3,3,GARGOYLE:10;SPIDER:1,GOBLIN:11;SCORPION_RIDER:5
163,0,0,true,,,utility,cascade,3,75,81161838961,81161863132,9,0,BLUE,false,0,9,3,3,ASSASSIN:7;SCORPION_RIDER:1;SPIDER:6,ARCHER:6;ASSASSIN:1;GOBLIN:10
164,0,0,true,,,cascade,utility,3,75,81161838961,81161863132,6,0,BLUE,false,0,7,3,3,ASSASSIN:7;SCORPION_RIDER:1;SPIDER:6,ARCHER:6;ASSASSIN:1;GOBLIN:10
165,0,0,true,,,utility,cascade,3,75,2637027042,2636974159,29,0,GREEN,false,5,0,3,3,ARCHER:2;GARGOYLE:9,GARGOYLE:5;MAGE:5;SPIDER:1
166,0,0,true,,,cascade,utility,3,75,2637027042,2636974159,18,0,GREEN,false,10,0,3,3,ARCHER:2;GARGOYLE:9,GARGOYLE:5;MAGE:5;SPIDER:1
167,0,0,true,,,utility,cascade,3,75,2637034961,2636983164,6,0,GREEN,false,14,0,4,3,ARCHER:1;GARGOYLE:1;GOBLIN:10;SCORPION_RIDER:4,MAGE:10;SPIDER:1
168,0,0,true,,,cascade,utility,3,75,2637034961,2636983164,10,0,GREEN,false,14,0,4,3,ARCHER:1;GARGOYLE:1;GOBLIN:10;SCORPION_RIDER:4,MAGE:10;SPIDER:1
169,0,0,true,,,utility,utility,3,75,2906273042,2906319807,5,0,BLUE,false,0,15,2,3,SPIDER:25,GARGOYLE:5;GOBLIN:10;GOLEM:1
170,0,0,true,,,utility,utility,3,75,2906273042,2906319807,5,0,BLUE,false,0,15,2,3,SPIDER:25,GARGOYLE:5;GOBLIN:10;GOLEM:1
171,0,0,true,,,utility,utility,3,75,2906280961,2906294956,21,0,,false,6,1,3,3,GOBLIN:1;MAGE:8;SCORPION_RIDER:2,ASSASSIN:10;SPIDER:1
172,0,0,true,,,utility,utility,3,75,2906280961,2906294956,10,0,GREEN,false,7,0,3,3,GOBLIN:1;MAGE:8;SCORPION_RIDER:2,ASSASSIN:10;SPIDER:1
173,0,0,true,,,utility,utility,3,75,3040896042,3040918151,5,0,BLUE,false,0,14,3,3,ASSASSIN:4;SPIDER:15,GOBLIN:1;MAGE:4;SPIDER:14
174,0,0,true,,,utility,utility,3,75,3040896042,3040918151,7,0,BLUE,false,0,11,3,3,ASSASSIN:4;SPIDER:15,GOBLIN:1;MAGE:4;SPIDER:14
175,0,0,true,,,utility,utility,3,75,3040903961,3040894388,17,0,BLUE,false,0,6,3,2,GOBLIN:13;MAGE:5,GARGOYLE:6;GOBLIN:11
176,0,0,true,,,utility,utility,3,75,3040903961,3040894388,9,0,BLUE,false,0,6,3,2,GOBLIN:13;MAGE:5,GARGOYLE:6;GOBLIN:11
177,0,0,true,,,utility,utility,3,75,3175519042,3175501295,20,0,,false,8,8,4,3,GOBLIN:1;GOLEM:5;MAGE:3,ASSASSIN:1;GARGOYLE:4;GOLEM:4
178,0,0,true,,,utility,utility,3,75,3175519042,3175501295,15,0,,false,9,8,4,3,GOBLIN:1;GOLEM:5;MAGE:3,ASSASSIN:1;GARGOYLE:4;GOLEM:4
179,0,0,true,,,utility,utility,3,75,3175526961,3175509148,9,0,BLUE,false,0,7,3,3,GOBLIN:10;GOLEM:4;SPIDER:1,ARCHER:4;SCORPION_RIDER:6;SPIDER:1
180,0,0,true,,,utility,utility,3,75,3175526961,3175509148,9,0,BLUE,false,0,5,3,3,GOBLIN:10;GOLEM:4;SPIDER:1,ARCHER:4;SCORPION_RIDER:6;SPIDER:1
181,0,0,true,,,utility,cascade,3,75,81898298042,81898243095,11,0,BLUE,false,0,6,3,2,ASSASSIN:10;SPIDER:1,ASSASSIN:7;SCORPION_RIDER:3
182,0,0,true,,,cascade,utility,3,75,81898298042,81898243095,5,0,BLUE,false,0,5,3,2,ASSASSIN:10;SPIDER:1,ASSASSIN:7;SCORPION_RIDER:3
183,0,0,true,,,utility,cascade,3,75,81898305961,81898252036,11,0,BLUE,false,0,4,2,3,ARCHER:8;GOBLIN:9,GOBLIN:11;GOLEM:4
184,0,0,true,,,cascade,utility,3,75,81898305961,81898252036,14,0,GREEN,false,7,0,2,3,ARCHER:8;GOBLIN:9,GOBLIN:11;GOLEM:4
185,0,0,true,,,utility,utility,3,75,81906217042,81906200319,7,0,BLUE,false,0,15,3,2,ASSASSIN:3;GOBLIN:1;MAGE:7,ASSASSIN:4;SPIDER:15
186,0,0,true,,,utility,utility,3,75,81906217042,81906200319,7,0,BLUE,false,0,15,3,2,ASSASSIN:3;GOBLIN:1;MAGE:7,ASSASSIN:4;SPIDER:15
187,0,0,true,,,utility,utility,3,75,81906224961,81906176492,10,0,GREEN,false,8,0,3,3,ASSASSIN:3;GOBLIN:2;SCORPION_RIDER:6,ARCHER:7;SPIDER:11
188,0,0,true,,,utility,utility,3,75,81906224961,81906176492,10,0,GREEN,false,8,0,3,3,ASSASSIN:3;GOBLIN:2;SCORPION_RIDER:6,ARCHER:7;SPIDER:11
189,0,0,true,,,utility,cascade,3,75,81914136042,81914125127,11,0,BLUE,false,0,5,3,3,ASSASSIN:2;GOBLIN:1;MAGE:8,GOBLIN:5;MAGE:8;SPIDER:1
190,0,0,true,,,cascade,utility,3,75,81914136042,81914125127,11,0,BLUE,false,0,6,3,3,ASSASSIN:2;GOBLIN:1;MAGE:8,GOBLIN:5;MAGE:8;SPIDER:1
191,0,0,true,,,utility,cascade,3,75,81914143961,81914133108,8,0,GREEN,false,5,0,3,2,GARGOYLE:4;GOBLIN:1;SPIDER:14,ARCHER:3;ASSASSIN:8
192,0,0,true,,,cascade,utility,3,75,81914143961,81914133108,14,0,GREEN,false,4,0,3,2,GARGOYLE:4;GOBLIN:1;SPIDER:14,ARCHER:3;ASSASSIN:8
193,0,0,true,,,utility,cascade,3,75,81922055042,81922065711,7,0,BLUE,false,0,6,3,3,ARCHER:8;ASSASSIN:3;SPIDER:2,ARCHER:12;SPIDER:1
194,0,0,true,,,cascade,utility,3,75,81922055042,81922065711,6,0,BLUE,false,0,4,3,3,ARCHER:8;ASSASSIN:3;SPIDER:2,ARCHER:12;SPIDER:1
195,0,0,true,,,utility,cascade,3,75,81922062961,81922073820,9,0,BLUE,false,0,9,3,3,GOLEM:1;MAGE:8;SPIDER:3,ASSASSIN:8;GARGOYLE:2;SPIDER:1
196,0,0,true,,,cascade,utility,3,75,81922062961,81922073820,14,0,GREEN,false,5,0,3,3,GOLEM:1;MAGE:8;SPIDER:3,ASSASSIN:8;GARGOYLE:2;SPIDER:1
197,0,0,true,,,utility,cascade,3,75,81929974042,81930022839,8,0,GREEN,false,12,0,2,3,GARGOYLE:6;GOBLIN:11,GOBLIN:11;MAGE:6
198,0,0,true,,,cascade,utility,3,75,81929974042,81930022839,8,0,GREEN,false,15,0,2,3,GARGOYLE:6;GOBLIN:11,GOBLIN:11;MAGE:6
199,0,0,true,,,utility,cascade,3,75,81929981961,81929997988,23,0,BLUE,false,0,5,3,3,GOBLIN:2;GOLEM:3;SPIDER:13,MAGE:3;SCORPION_RIDER:6;SPIDER:2
200,0,0,true,,,cascade,utility,3,75,81929981961,81929997988,11,0,BLUE,false,0,6,3,3,GOBLIN:2;GOLEM:3;SPIDER:13,MAGE:3;SCORPION_RIDER:6;SPIDER:2
201,0,0,true,,,utility,utility,3,75,81937893042,81937946655,18,0,,false,18,11,3,3,MAGE:3;SPIDER:18,ARCHER:4;SCORPION_RIDER:6;SPIDER:1
202,0,0,true,,,utility,utility,3,75,81937893042,81937946655,18,0,,false,18,11,3,3,MAGE:3;SPIDER:18,ARCHER:4;SCORPION_RIDER:6;SPIDER:1
203,0,0,true,,,utility,utility,3,75,81937900961,81937955596,10,0,GREEN,false,4,0,3,3,ASSASSIN:8;GOLEM:1;SCORPION_RIDER:1,ASSASSIN:7;GOLEM:2;SPIDER:2
204,0,0,true,,,utility,utility,3,75,81937900961,81937955596,10,0,GREEN,false,4,0,3,3,ASSASSIN:8;GOLEM:1;SCORPION_RIDER:1,ASSASSIN:7;GOLEM:2;SPIDER:2
205,0,0,true,,,utility,cascade,3,75,81945812042,81945756391,13,0,BLUE,false,0,4,3,3,ARCHER:7;GOLEM:3;SPIDER:1,GOBLIN:1;GOLEM:7
206,0,0,true,,,cascade,utility,3,75,81945812042,81945756391,20,0,GREEN,false,2,0,3,3,ARCHER:7;GOLEM:3;SPIDER:1,GOBLIN:1;GOLEM:7
207,0,0,true,,,utility,cascade,3,75,81945819961,81945765268,5,0,GREEN,false,7,0,3,2,GARGOYLE:1;GOLEM:2;SCORPION_RIDER:6,ARCHER:4;ASSASSIN:7
208,0,0,true,,,cascade,utility,3,75,81945819961,81945765268,8,0,GREEN,false,8,0,3,2,GARGOYLE:1;GOLEM:2;SCORPION_RIDER:6,ARCHER:4;ASSASSIN:7
209,0,0,true,,,utility,cascade,3,75,81953731042,81953713999,8,0,GREEN,false,9,0,3,3,ARCHER:8;GOBLIN:7;SPIDER:2,ARCHER:8;SPIDER:9
210,0,0,true,,,cascade,utility,3,75,81953731042,81953713999,8,0,GREEN,false,7,0,3,3,ARCHER:8;GOBLIN:7;SPIDER:2,ARCHER:8;SPIDER:9
211,0,0,true,,,utility,cascade,3,75,81953738961,81953689212,13,0,BLUE,false,0,8,3,3,GOBLIN:1;MAGE:7;SPIDER:7,ASSASSIN:3;GOBLIN:11;MAGE:3
212,0,0,true,,,cascade,utility,3,75,81953738961,81953689212,11,0,BLUE,false,0,10,3,3,GOBLIN:1;MAGE:7;SPIDER:7,ASSASSIN:3;GOBLIN:11;MAGE:3
213,0,0,true,,,utility,cascade,3,75,3405170042,3405126615,11,0,BLUE,false,0,4,3,3,GOBLIN:12;SPIDER:13,ASSASSIN:5;SCORPION_RIDER:5
214,0,0,true,,,cascade,utility,3,75,3405170042,3405126615,10,0,BLUE,false,0,1,3,3,GOBLIN:12;SPIDER:13,ASSASSIN:5;SCORPION_RIDER:5
215,0,0,true,,,utility,cascade,3,75,3405177961,3405134532,9,0,GREEN,false,7,0,3,3,GOBLIN:1;SCORPION_RIDER:3;SPIDER:16,GOBLIN:12;GOLEM:1;MAGE:4
216,0,0,true,,,cascade,utility,3,75,3405177961,3405134532,11,0,BLUE,false,0,4,3,3,GOBLIN:1;SCORPION_RIDER:3;SPIDER:16,GOBLIN:12;GOLEM:1;MAGE:4
217,0,0,true,,,utility,utility,3,75,3674416042,3674471687,22,0,,false,6,8,2,3,GARGOYLE:6;SCORPION_RIDER:4,ASSASSIN:2;GOBLIN:1;MAGE:8
218,0,0,true,,,utility,utility,3,75,3674416042,3674471687,6,0,GREEN,false,9,0,2,3,GARGOYLE:6;SCORPION_RIDER:4,ASSASSIN:2;GOBLIN:1;MAGE:8
219,0,0,true,,,utility,utility,3,75,3674423961,3674446900,12,0,,false,9,9,3,2,GARGOYLE:5;GOLEM:4,GOLEM:4;MAGE:5
220,0,0,true,,,utility,utility,3,75,3674423961,3674446900,12,0,,false,9,9,3,2,GARGOYLE:5;GOLEM:4,GOLEM:4;MAGE:5
221,0,0,true,,,utility,utility,3,75,3809039042,3809053807,13,0,BLUE,false,0,11,3,3,ASSASSIN:4;GARGOYLE:6;SPIDER:1,ARCHER:8;GOBLIN:9
222,0,0,true,,,utility,utility,3,75,3809039042,3809053807,13,0,BLUE,false,0,11,3,3,ASSASSIN:4;GARGOYLE:6;SPIDER:1,ARCHER:8;GOBLIN:9
223,0,0,true,,,utility,utility,3,75,3809046961,3809062684,19,0,,false,8,9,3,3,ARCHER:7;ASSASSIN:4;SPIDER:1,SCORPION_RIDER:9;SPIDER:1
224,0,0,true,,,utility,utility,3,75,3809046961,3809062684,14,0,,false,8,10,3,3,ARCHER:7;ASSASSIN:4;SPIDER:1,SCORPION_RIDER:9;SPIDER:1
225,0,0,true,,,utility,utility,3,75,3943662042,3943653239,6,0,GREEN,false,8,0,3,3,ARCHER:9;GARGOYLE:3,ASSASSIN:7;MAGE:3;SPIDER:1
226,0,0,true,,,utility,utility,3,75,3943662042,3943653239,8,0,GREEN,false,8,0,3,3,ARCHER:9;GARGOYLE:3,ASSASSIN:7;MAGE:3;SPIDER:1
227,0,0,true,,,utility,utility,3,75,3943669961,3943661156,16,0,,false,8,24,2,3,ASSASSIN:7;SPIDER:8,SPIDER:25
228,0,0,true,,,utility,utility,3,75,3943669961,3943661156,16,0,,false,8,24,2,3,ASSASSIN:7;SPIDER:8,SPIDER:25
229,0,0,true,,,utility,utility,3,75,82690198042,82690217143,17,0,,false,16,11,2,3,GOBLIN:11;MAGE:6,GOBLIN:12;SPIDER:13
230,0,0,true,,,utility,utility,3,75,82690198042,82690217143,17,0,,false,16,11,2,3,GOBLIN:11;MAGE:6,GOBLIN:12;SPIDER:13
231,0,0,true,,,utility,utility,3,75,82690205961,82690226084,29,0,,false,4,5,2,3,MAGE:7;SCORPION_RIDER:3,GARGOYLE:10;GOBLIN:1
232,0,0,true,,,utility,utility,3,75,82690205961,82690226084,29,0,,false,4,5,2,3,MAGE:7;SCORPION_RIDER:3,GARGOYLE:10;GOBLIN:1
233,0,0,true,,,utility,cascade,3,75,82698117042,82698158367,17,0,GREEN,false,7,0,4,3,GOBLIN:1;MAGE:1;SCORPION_RIDER:2;SPIDER:16,ARCHER:1;GOLEM:2;MAGE:7
234,0,0,true,,,cascade,utility,3,75,82698117042,82698158367,12,0,BLUE,false,0,6,4,3,GOBLIN:1;MAGE:1;SCORPION_RIDER:2;SPIDER:16,ARCHER:1;GOLEM:2;MAGE:7
235,0,0,true,,,utility,cascade,3,75,82698124961,82698166284,9,0,GREEN,false,7,0,2,2,MAGE:5;SCORPION_RIDER:5,ASSASSIN:5;GOLEM:4
236,0,0,true,,,cascade,utility,3,75,82698124961,82698166284,7,0,BLUE,false,0,5,2,2,MAGE:5;SCORPION_RIDER:5,ASSASSIN:5;GOLEM:4
237,0,0,true,,,utility,cascade,3,75,82706036042,82705984487,11,0,BLUE,false,0,7,3,2,ASSASSIN:7;GARGOYLE:3;SPIDER:1,GOBLIN:6;MAGE:8
238,0,0,true,,,cascade,utility,3,75,82706036042,82705984487,16,0,GREEN,false,3,0,3,2,ASSASSIN:7;GARGOYLE:3;SPIDER:1,GOBLIN:6;MAGE:8
239,0,0,true,,,utility,cascade,3,75,82706043961,82706090644,20,0,GREEN,false,7,0,3,3,ARCHER:7;GOBLIN:10;SPIDER:1,GOLEM:2;MAGE:7;SPIDER:2
240,0,0,true,,,cascade,utility,3,75,82706043961,82706090644,20,0,GREEN,false,6,0,3,3,ARCHER:7;GOBLIN:10;SPIDER:1,GOLEM:2;MAGE:7;SPIDER:2
241,0,0,true,,,utility,cascade,3,75,82713955042,82713908303,13,0,BLUE,false,0,7,3,3,ASSASSIN:8;GOLEM:1;SPIDER:3,GOBLIN:11;MAGE:6
242,0,0,true,,,cascade,utility,3,75,82713955042,82713908303,9,0,BLUE,false,0,8,3,3,ASSASSIN:8;GOLEM:1;SPIDER:3,GOBLIN:11;MAGE:6
243,0,0,true,,,utility,cascade,3,75,82713962961,82713917308,7,0,BLUE,false,0,15,3,3,ASSASSIN:8;SCORPION_RIDER:2;SPIDER:1,GARGOYLE:5;GOBLIN:13
244,0,0,true,,,cascade,utility,3,75,82713962961,82713917308,5,0,BLUE,false,0,15,3,3,ASSASSIN:8;SCORPION_RIDER:2;SPIDER:1,GARGOYLE:5;GOBLIN:13
245,0,0,true,,,utility,utility,3,75,82721874042,82721865431,10,0,GREEN,false,7,0,2,3,GARGOYLE:5;SCORPION_RIDER:5,GARGOYLE:1;GOBLIN:11;SPIDER:11
246,0,0,true,,,utility,utility,3,75,82721874042,82721865431,8,0,GREEN,false,7,0,2,3,GARGOYLE:5;SCORPION_RIDER:5,GARGOYLE:1;GOBLIN:11;SPIDER:11
247,0,0,true,,,utility,utility,3,75,82721881961,82721857988,29,0,,false,11,10,3,3,MAGE:10;SPIDER:1,ARCHER:1;GOLEM:4;SPIDER:9
248,0,0,true,,,utility,utility,3,75,82721881961,82721857988,29,0,,false,11,10,3,3,MAGE:10;SPIDER:1,ARCHER:1;GOLEM:4;SPIDER:9
249,0,0,true,,,utility,cascade,3,75,82729793042,82729806015,9,0,GREEN,false,10,0,3,4,GARGOYLE:10;SPIDER:1,GARGOYLE:1;GOBLIN:1;MAGE:9
250,0,0,true,,,cascade,utility,3,75,82729793042,82729806015,19,0,BLUE,false,0,8,3,4,GARGOYLE:10;SPIDER:1,GARGOYLE:1;GOBLIN:1;MAGE:9
251,0,0,true,,,utility,cascade,3,75,82729800961,82729782188,13,0,BLUE,false,0,3,3,3,ASSASSIN:8;GOBLIN:5;SPIDER:1,GOBLIN:1;GOLEM:4;SCORPION_RIDER:4
252,0,0,true,,,cascade,utility,3,75,82729800961,82729782188,6,0,BLUE,false,0,4,3,3,ASSASSIN:8;GOBLIN:5;SPIDER:1,GOBLIN:1;GOLEM:4;SCORPION_RIDER:4
253,0,0,true,,,utility,cascade,3,75,82737712042,82737730823,14,0,GREEN,false,4,0,2,3,GOBLIN:11;GOLEM:4,ARCHER:8;GOBLIN:2;MAGE:3
254,0,0,true,,,cascade,utility,3,75,82737712042,82737730823,19,0,BLUE,false,0,5,2,3,GOBLIN:11;GOLEM:4,ARCHER:8;GOBLIN:2;MAGE:3
255,0,0,true,,,utility,cascade,3,75,82737719961,82737738804,15,0,BLUE,false,0,5,2,2,ASSASSIN:5;GOLEM:4,MAGE:7;SCORPION_RIDER:3
256,0,0,true,,,cascade,utility,3,75,82737719961,82737738804,45,0,BLUE,false,0,5,2,2,ASSASSIN:5;GOLEM:4,MAGE:7;SCORPION_RIDER:3
257,0,0,true,,,utility,utility,3,75,82745631042,82745688047,11,0,BLUE,false,0,11,2,3,MAGE:7;SCORPION_RIDER:3,GOBLIN:12;GOLEM:3;MAGE:1
258,0,0,true,,,utility,utility,3,75,82745631042,82745688047,18,0,,false,7,15,2,3,MAGE:7;SCORPION_RIDER:3,GOBLIN:12;GOLEM:3;MAGE:1
259,0,0,true,,,utility,utility,3,75,82745638961,82745663132,6,0,GREEN,false,12,0,2,2,GARGOYLE:4;SPIDER:15,ASSASSIN:6;SPIDER:11
260,0,0,true,,,utility,utility,3,75,82745638961,82745663132,8,0,GREEN,false,13,0,2,2,GARGOYLE:4;SPIDER:15,ASSASSIN:6;SPIDER:11
261,0,0,true,,,utility,cascade,3,75,4173313042,4173294271,14,0,GREEN,false,10,0,4,3,ASSASSIN:1;GOBLIN:10;MAGE:5;SPIDER:1,ASSASSIN:7;SPIDER:8
262,0,0,true,,,cascade,utility,3,75,4173313042,4173294271,10,0,GREEN,false,6,0,4,3,ASSASSIN:1;GOBLIN:10;MAGE:5;SPIDER:1,ASSASSIN:7;SPIDER:8
263,0,0,true,,,utility,cascade,3,75,4173320961,4173270444,21,0,BLUE,false,0,3,3,3,GARGOYLE:5;MAGE:1;SPIDER:11,GARGOYLE:6;GOBLIN:1;GOLEM:3
264,0,0,true,,,cascade,utility,3,75,4173320961,4173270444,18,0,BLUE,false,0,6,3,3,GARGOYLE:5;MAGE:1;SPIDER:11,GARGOYLE:6;GOBLIN:1;GOLEM:3
265,0,0,true,,,utility,utility,3,75,4442559042,4442606831,27,0,,false,14,4,3,3,GOBLIN:11;GOLEM:4,ARCHER:11;MAGE:1
266,0,0,true,,,utility,utility,3,75,4442559042,4442606831,27,0,,false,14,4,3,3,GOBLIN:11;GOLEM:4,ARCHER:11;MAGE:1
267,0,0,true,,,utility,utility,3,75,4442566961,4442615708,17,0,,false,25,10,3,3,GOBLIN:22;SPIDER:3,GARGOYLE:5;MAGE:5;SPIDER:1
268,0,0,true,,,utility,utility,3,75,4442566961,4442615708,17,0,,false,25,10,3,3,GOBLIN:22;SPIDER:3,GARGOYLE:5;MAGE:5;SPIDER:1
269,0,0,true,,,utility,utility,3,75,4577182042,4577206263,15,0,BLUE,false,0,18,3,3,GOBLIN:2;SPIDER:23,ARCHER:7;GOBLIN:9;SPIDER:2
270,0,0,true,,,utility,utility,3,75,4577182042,4577206263,15,0,BLUE,false,0,18,3,3,GOBLIN:2;SPIDER:23,ARCHER:7;GOBLIN:9;SPIDER:2
271,0,0,true,,,utility,utility,3,75,4577189961,4577214180,17,0,,false,11,6,4,4,ARCHER:5;GARGOYLE:5;MAGE:1;SPIDER:1,ARCHER:2;GOBLIN:1;GOLEM:6
272,0,0,true,,,utility,utility,3,75,4577189961,4577214180,17,0,,false,11,6,4,4,ARCHER:5;GARGOYLE:5;MAGE:1;SPIDER:1,ARCHER:2;GOBLIN:1;GOLEM:6
273,0,0,true,,,utility,utility,3,75,4711805042,4711821023,18,0,,false,14,25,3,3,ASSASSIN:1;GARGOYLE:6;GOBLIN:8,GOBLIN:11;SPIDER:14
274,0,0,true,,,utility,utility,3,75,4711805042,4711821023,18,0,,false,14,25,3,3,ASSASSIN:1;GARGOYLE:6;GOBLIN:8,GOBLIN:11;SPIDER:14
275,0,0,true,,,utility,utility,3,75,4711812961,4711797196,14,0,GREEN,false,7,0,2,3,GOBLIN:10;SPIDER:15,ASSASSIN:8;GOBLIN:1;SCORPION_RIDER:2
276,0,0,true,,,utility,utility,3,75,4711812961,4711797196,14,0,GREEN,false,7,0,2,3,GOBLIN:10;SPIDER:15,ASSASSIN:8;GOBLIN:1;SCORPION_RIDER:2
277,0,0,true,,,utility,utility,3,75,83482098042,83482077143,19,0,,false,8,1,3,3,ARCHER:7;GOBLIN:1;MAGE:4,ASSASSIN:7;SPIDER:8
278,0,0,true,,,utility,utility,3,75,83482098042,83482077143,10,0,GREEN,false,8,0,3,3,ARCHER:7;GOBLIN:1;MAGE:4,ASSASSIN:7;SPIDER:8
279,0,0,true,,,utility,utility,3,75,83482105961,83482052292,9,0,BLUE,false,0,8,3,3,GARGOYLE:2;MAGE:8;SPIDER:1,ASSASSIN:8;GARGOYLE:2;SPIDER:1
280,0,0,true,,,utility,utility,3,75,83482105961,83482052292,9,0,BLUE,false,0,8,3,3,GARGOYLE:2;MAGE:8;SPIDER:1,ASSASSIN:8;GARGOYLE:2;SPIDER:1
281,0,0,true,,,utility,cascade,3,75,83490017042,83490001343,8,0,GREEN,false,10,0,3,4,GOBLIN:21;GOLEM:1,ASSASSIN:4;GOBLIN:13;MAGE:1
282,0,0,true,,,cascade,utility,3,75,83490017042,83490001343,12,0,GREEN,false,10,0,3,4,GOBLIN:21;GOLEM:1,ASSASSIN:4;GOBLIN:13;MAGE:1
283,0,0,true,,,utility,cascade,3,75,83490024961,83490009260,18,0,GREEN,false,4,0,3,3,GOBLIN:1;GOLEM:4;SCORPION_RIDER:4,ARCHER:8;GOBLIN:1;SPIDER:8
284,0,0,true,,,cascade,utility,3,75,83490024961,83490009260,14,0,GREEN,false,4,0,3,3,GOBLIN:1;GOLEM:4;SCORPION_RIDER:4,ARCHER:8;GOBLIN:1;SPIDER:8
285,0,0,true,,,utility,utility,3,75,83497936042,83497957895,17,0,BLUE,false,0,7,3,3,GARGOYLE:5;GOBLIN:1;MAGE:5,ARCHER:1;GOLEM:2;SCORPION_RIDER:6
286,0,0,true,,,utility,utility,3,75,83497936042,83497957895,17,0,BLUE,false,0,7,3,3,GARGOYLE:5;GOBLIN:1;MAGE:5,ARCHER:1;GOLEM:2;SCORPION_RIDER:6
287,0,0,true,,,utility,utility,3,75,83497943961,83497934132,13,0,BLUE,false,0,9,3,3,ASSASSIN:8;GOBLIN:1;MAGE:2,ARCHER:6;GARGOYLE:5;GOBLIN:1
288,0,0,true,,,utility,utility,3,75,83497943961,83497934132,13,0,BLUE,false,0,9,3,3,ASSASSIN:8;GOBLIN:1;MAGE:2,ARCHER:6;GARGOYLE:5;GOBLIN:1
289,0,0,true,,,utility,cascade,3,75,83505855042,83505898735,14,0,GREEN,false,3,0,4,3,ARCHER:4;GOLEM:4;MAGE:1;SPIDER:1,MAGE:8;SCORPION_RIDER:2;SPIDER:1
290,0,0,true,,,cascade,utility,3,75,83505855042,83505898735,22,0,GREEN,false,4,0,4,3,ARCHER:4;GOLEM:4;MAGE:1;SPIDER:1,MAGE:8;SCORPION_RIDER:2;SPIDER:1
291,0,0,true,,,utility,cascade,3,75,83505862961,83505874844,9,0,BLUE,false,0,3,3,2,ARCHER:9;ASSASSIN:3,ASSASSIN:7;SCORPION_RIDER:3
292,0,0,true,,,cascade,utility,3,75,83505862961,83505874844,5,0,BLUE,false,0,6,3,2,ARCHER:9;ASSASSIN:3,ASSASSIN:7;SCORPION_RIDER:3
293,0,0,true,,,utility,cascade,3,75,83513774042,83513823607,21,0,BLUE,false,0,5,3,3,GOLEM:3;SPIDER:15,GARGOYLE:6;SPIDER:11
294,0,0,true,,,cascade,utility,3,75,83513774042,83513823607,19,0,BLUE,false,0,6,3,3,GOLEM:3;SPIDER:15,GARGOYLE:6;SPIDER:11
295,0,0,true,,,utility,cascade,3,75,83513781961,83513831524,9,0,GREEN,false,8,0,2,3,GOLEM:4;MAGE:5,GARGOYLE:2;MAGE:8;SPIDER:1
296,0,0,true,,,cascade,utility,3,75,83513781961,83513831524,12,0,GREEN,false,4,0,2,3,GOLEM:4;MAGE:5,GARGOYLE:2;MAGE:8;SPIDER:1
297,0,0,true,,,utility,utility,3,75,83521693042,83521649631,17,0,,false,17,6,3,3,GARGOYLE:6;GOBLIN:11,ARCHER:1;GARGOYLE:6;SPIDER:9
298,0,0,true,,,utility,utility,3,75,83521693042,83521649631,19,0,,false,16,6,3,3,GARGOYLE:6;GOBLIN:11,ARCHER:1;GARGOYLE:6;SPIDER:9
299,0,0,true,,,utility,utility,3,75,83521700961,83521755852,6,0,GREEN,false,16,0,3,3,ARCHER:6;GOBLIN:13,ASSASSIN:8;GOBLIN:1;MAGE:2
300,0,0,true,,,utility,utility,3,75,83521700961,83521755852,6,0,GREEN,false,19,0,3,3,ARCHER:6;GOBLIN:13,ASSASSIN:8;GOBLIN:1;MAGE:2
301,0,0,true,,,utility,cascade,3,75,83529612042,83529590183,13,0,BLUE,false,0,3,2,3,ASSASSIN:7;GOBLIN:8,GARGOYLE:2;GOBLIN:1;MAGE:8
302,0,0,true,,,cascade,utility,3,75,83529612042,83529590183,12,0,GREEN,false,7,0,2,3,ASSASSIN:7;GOBLIN:8,GARGOYLE:2;GOBLIN:1;MAGE:8
303,0,0,true,,,utility,cascade,3,75,83529619961,83529566036,14,0,GREEN,false,6,0,3,3,GOBLIN:2;SCORPION_RIDER:6;SPIDER:7,GARGOYLE:5;SPIDER:13
304,0,0,true,,,cascade,utility,3,75,83529619961,83529566036,12,0,GREEN,false,4,0,3,3,GOBLIN:2;SCORPION_RIDER:6;SPIDER:7,GARGOYLE:5;SPIDER:13
305,0,0,true,,,utility,cascade,3,75,83537531042,83537513999,10,0,GREEN,false,10,0,3,3,ARCHER:6;GOBLIN:12;SPIDER:1,ARCHER:4;SPIDER:17
306,0,0,true,,,cascade,utility,3,75,83537531042,83537513999,10,0,GREEN,false,12,0,3,3,ARCHER:6;GOBLIN:12;SPIDER:1,ARCHER:4;SPIDER:17
307,0,0,true,,,utility,cascade,3,75,83537538961,83537523004,8,0,GREEN,false,6,0,2,3,ARCHER:7;SPIDER:11,ASSASSIN:8;GARGOYLE:2;GOBLIN:1
308,0,0,true,,,cascade,utility,3,75,83537538961,83537523004,12,0,GREEN,false,7,0,2,3,ARCHER:7;SPIDER:11,ASSASSIN:8;GARGOYLE:2;GOBLIN:1
309,0,0,true,,,utility,cascade,3,75,4941456042,4941446151,8,0,GREEN,false,4,0,2,3,ARCHER:3;ASSASSIN:8,ASSASSIN:3;GOBLIN:1;MAGE:7
310,0,0,true,,,cascade,utility,3,75,4941456042,4941446151,10,0,GREEN,false,8,0,2,3,ARCHER:3;ASSASSIN:8,ASSASSIN:3;GOBLIN:1;MAGE:7
311,0,0,true,,,utility,cascade,3,75,4941463961,4941422388,11,0,BLUE,false,0,19,5,2,ARCHER:1;ASSASSIN:6;GARGOYLE:3;GOBLIN:1;SPIDER:1,GOBLIN:11;SPIDER:14
312,0,0,true,,,cascade,utility,3,75,4941463961,4941422388,11,0,BLUE,false,0,14,5,2,ARCHER:1;ASSASSIN:6;GARGOYLE:3;GOBLIN:1;SPIDER:1,GOBLIN:11;SPIDER:14
313,0,0,true,,,utility,utility,3,75,5210702042,5210758775,28,0,,false,4,9,3,2,GARGOYLE:4;GOBLIN:1;SPIDER:14,GOLEM:4;MAGE:5
314,0,0,true,,,utility,utility,3,75,5210702042,5210758775,17,0,BLUE,false,0,7,3,2,GARGOYLE:4;GOBLIN:1;SPIDER:14,GOLEM:4;MAGE:5
315,0,0,true,,,utility,utility,3,75,5210709961,5210751332,31,0,,false,7,1,3,3,GOBLIN:11;SCORPION_RIDER:5,GOBLIN:1;GOLEM:7
316,0,0,true,,,utility,utility,3,75,5210709961,5210751332,20,0,GREEN,false,7,0,3,3,GOBLIN:11;SCORPION_RIDER:5,GOBLIN:1;GOLEM:7
317,0,0,true,,,utility,utility,3,75,5345325042,5345374559,14,0,,false,7,17,3,4,ASSASSIN:4;GARGOYLE:6;GOBLIN:1,ASSASSIN:1;GOBLIN:13;MAGE:4
318,0,0,true,,,utility,utility,3,75,5345325042,5345374559,14,0,,false,7,17,3,4,ASSASSIN:4;GARGOYLE:6;GOBLIN:1,ASSASSIN:1;GOBLIN:13;MAGE:4
319,0,0,true,,,utility,utility,3,75,5345332961,5345349708,4,0,GREEN,false,10,0,2,2,GARGOYLE:6;SCORPION_RIDER:4,ARCHER:4;ASSASSIN:7
320,0,0,true,,,utility,utility,3,75,5345332961,5345349708,4,0,GREEN,false,10,0,2,2,GARGOYLE:6;SCORPION_RIDER:4,ARCHER:4;ASSASSIN:7
321,0,0,true,,,utility,utility,3,75,5479948042,5479956903,14,0,GREEN,false,6,0,3,3,ASSASSIN:5;GARGOYLE:5;GOBLIN:1,GOBLIN:1;MAGE:8;SCORPION_RIDER:2
322,0,0,true,,,utility,utility,3,75,5479948042,5479956903,16,0,GREEN,false,6,0,3,3,ASSASSIN:5;GARGOYLE:5;GOBLIN:1,GOBLIN:1;MAGE:8;SCORPION_RIDER:2
323,0,0,true,,,utility,utility,3,75,5479955961,5479965524,19,0,BLUE,false,0,13,3,3,ASSASSIN:1;GOLEM:4;SPIDER:9,ARCHER:8;GARGOYLE:3;SPIDER:2
324,0,0,true,,,utility,utility,3,75,5479955961,5479965524,16,0,,false,5,13,3,3,ASSASSIN:1;GOLEM:4;SPIDER:9,ARCHER:8;GARGOYLE:3;SPIDER:2
325,0,0,true,,,utility,utility,3,75,84273998042,84274050679,18,0,,false,3,6,3,3,ASSASSIN:8;MAGE:2;SPIDER:1,ARCHER:4;SCORPION_RIDER:6;SPIDER:1
326,0,0,true,,,utility,utility,3,75,84273998042,84274050679,18,0,,false,3,6,3,3,ASSASSIN:8;MAGE:2;SPIDER:1,ARCHER:4;SCORPION_RIDER:6;SPIDER:1
327,0,0,true,,,utility,utility,3,75,84274005961,84274026852,24,0,,false,9,9,3,4,ARCHER:1;GARGOYLE:4;SCORPION_RIDER:5,ARCHER:4;GOLEM:4;MAGE:1;SPIDER:1
328,0,0,true,,,utility,utility,3,75,84274005961,84274026852,38,0,,false,9,8,3,4,ARCHER:1;GARGOYLE:4;SCORPION_RIDER:5,ARCHER:4;GOLEM:4;MAGE:1;SPIDER:1
329,0,0,true,,,utility,cascade,3,75,84281917042,84281860319,11,0,BLUE,false,0,8,3,3,GOBLIN:1;SCORPION_RIDER:6;SPIDER:8,ARCHER:8;SPIDER:9
330,0,0,true,,,cascade,utility,3,75,84281917042,84281860319,11,0,BLUE,false,0,8,3,3,GOBLIN:1;SCORPION_RIDER:6;SPIDER:8,ARCHER:8;SPIDER:9
331,0,0,true,,,utility,cascade,3,75,84281924961,84281967564,17,0,GREEN,false,8,0,3,2,ARCHER:6;SPIDER:13,GOBLIN:6;MAGE:8
332,0,0,true,,,cascade,utility,3,75,84281924961,84281967564,21,0,BLUE,false,0,3,3,2,ARCHER:6;SPIDER:13,GOBLIN:6;MAGE:8
333,0,0,true,,,utility,utility,3,75,84289836042,84289784487,22,0,GREEN,false,3,0,2,4,GOBLIN:12;SPIDER:13,ARCHER:4;GARGOYLE:1;GOLEM:4;SPIDER:1
334,0,0,true,,,utility,utility,3,75,84289836042,84289784487,22,0,GREEN,false,3,0,2,4,GOBLIN:12;SPIDER:13,ARCHER:4;GARGOYLE:1;GOLEM:4;SPIDER:1
335,0,0,true,,,utility,utility,3,75,84289843961,84289793108,25,0,,false,10,11,4,4,ARCHER:8;GOBLIN:1;GOLEM:2;SPIDER:1,ASSASSIN:3;GARGOYLE:3;GOBLIN:11
336,0,0,true,,,utility,utility,3,75,84289843961,84289793108,25,0,,false,10,11,4,4,ARCHER:8;GOBLIN:1;GOLEM:2;SPIDER:1,ASSASSIN:3;GARGOYLE:3;GOBLIN:11
337,0,0,true,,,utility,cascade,3,75,84297755042,84297742095,10,0,GREEN,false,4,0,2,2,ARCHER:4;MAGE:7,ARCHER:3;MAGE:8
338,0,0,true,,,cascade,utility,3,75,84297755042,84297742095,8,0,GREEN,false,3,0,2,2,ARCHER:4;MAGE:7,ARCHER:3;MAGE:8
339,0,0,true,,,utility,cascade,3,75,84297762961,84297717308,7,0,BLUE,false,0,6,3,3,ASSASSIN:8;SCORPION_RIDER:2;SPIDER:1,GARGOYLE:6;GOBLIN:4;MAGE:3
340,0,0,true,,,cascade,utility,3,75,84297762961,84297717308,7,0,BLUE,false,0,7,3,3,ASSASSIN:8;SCORPION_RIDER:2;SPIDER:1,GARGOYLE:6;GOBLIN:4;MAGE:3
341,0,0,true,,,utility,cascade,3,75,84305674042,84305682839,15,0,BLUE,false,0,8,3,2,GOLEM:4;SPIDER:11,GOBLIN:11;SPIDER:14
342,0,0,true,,,cascade,utility,3,75,84305674042,84305682839,15,0,BLUE,false,0,4,3,2,GOLEM:4;SPIDER:11,GOBLIN:11;SPIDER:14
343,0,0,true,,,utility,cascade,3,75,84305681961,84305657988,23,0,BLUE,false,0,4,3,2,GARGOYLE:5;GOBLIN:13,GOBLIN:11;GOLEM:4
344,0,0,true,,,cascade,utility,3,75,84305681961,84305657988,10,0,GREEN,false,8,0,3,2,GARGOYLE:5;GOBLIN:13,GOBLIN:11;GOLEM:4
345,0,0,true,,,utility,cascade,3,75,84313593042,84313606783,8,0,GREEN,false,9,0,3,4,GOBLIN:1;SCORPION_RIDER:9,ARCHER:1;GOLEM:1;MAGE:8;SPIDER:1
346,0,0,true,,,cascade,utility,3,75,84313593042,84313606783,10,0,GREEN,false,9,0,3,4,GOBLIN:1;SCORPION_RIDER:9,ARCHER:1;GOLEM:1;MAGE:8;SPIDER:1
347,0,0,true,,,utility,cascade,3,75,84313600961,84313615724,13,0,BLUE,false,0,3,2,3,GOBLIN:11;MAGE:6,ASSASSIN:5;GOLEM:4
348,0,0,true,,,cascade,utility,3,75,84313600961,84313615724,14,0,GREEN,false,10,0,2,3,GOBLIN:11;MAGE:6,ASSASSIN:5;GOLEM:4
349,0,0,true,,,utility,utility,3,75,84321512042,84321563847,27,0,BLUE,false,0,7,3,3,GARGOYLE:5;SPIDER:13,GARGOYLE:5;SCORPION_RIDER:4;SPIDER:2
350,0,0,true,,,utility,utility,3,75,84321512042,84321563847,32,0,,false,1,7,3,3,GARGOYLE:5;SPIDER:13,GARGOYLE:5;SCORPION_RIDER:4;SPIDER:2
351,0,0,true,,,utility,utility,3,75,84321519961,84321540084,19,0,,false,5,11,3,3,ASSASSIN:5;GARGOYLE:5;GOBLIN:1,ASSASSIN:5;GOBLIN:10;GOLEM:1
352,0,0,true,,,utility,utility,3,75,84321519961,84321540084,16,0,GREEN,false,4,0,3,3,ASSASSIN:5;GARGOYLE:5;GOBLIN:1,ASSASSIN:5;GOBLIN:10;GOLEM:1
353,0,0,true,,,utility,cascade,3,75,84329431042,84329488047,12,0,GREEN,false,6,0,3,3,ARCHER:6;GOLEM:3;SCORPION_RIDER:1,ASSASSIN:5;GARGOYLE:5;GOBLIN:1
354,0,0,true,,,cascade,utility,3,75,84329431042,84329488047,14,0,GREEN,false,3,0,3,3,ARCHER:6;GOLEM:3;SCORPION_RIDER:1,ASSASSIN:5;GARGOYLE:5;GOBLIN:1
355,0,0,true,,,utility,cascade,3,75,84329438961,84329480284,16,0,GREEN,false,7,0,3,3,ARCHER:7;GOBLIN:1;MAGE:4,ASSASSIN:5;GARGOYLE:5;SPIDER:1
356,0,0,true,,,cascade,utility,3,75,84329438961,84329480284,14,0,BLUE,false,0,6,3,3,ARCHER:7;GOBLIN:1;MAGE:4,ASSASSIN:5;GARGOYLE:5;SPIDER:1
357,0,0,true,,,utility,cascade,3,75,5709599042,5709582319,13,0,GREEN,false,6,0,3,3,GARGOYLE:6;GOBLIN:10;SPIDER:1,GOLEM:2;MAGE:1;SCORPION_RIDER:6
358,0,0,true,,,cascade,utility,3,75,5709599042,5709582319,14,0,GREEN,false,5,0,3,3,GARGOYLE:6;GOBLIN:10;SPIDER:1,GOLEM:2;MAGE:1;SCORPION_RIDER:6
359,0,0,true,,,utility,cascade,3,75,5709606961,5709590172,6,0,GREEN,false,11,0,3,2,GOBLIN:1;SCORPION_RIDER:3;SPIDER:16,ASSASSIN:7;SCORPION_RIDER:3
360,0,0,true,,,cascade,utility,3,75,5709606961,5709590172,6,0,GREEN,false,13,0,3,2,GOBLIN:1;SCORPION_RIDER:3;SPIDER:16,ASSASSIN:7;SCORPION_RIDER:3
361,0,0,true,,,utility,utility,3,75,5978845042,5978796511,21,0,,false,11,9,3,3,ARCHER:1;GOLEM:3;SPIDER:13,GARGOYLE:1;GOLEM:1;MAGE:8
362,0,0,true,,,utility,utility,3,75,5978845042,5978796511,21,0,,false,11,9,3,3,ARCHER:1;GOLEM:3;SPIDER:13,GARGOYLE:1;GOLEM:1;MAGE:8
363,0,0,true,,,utility,utility,3,75,5978852961,5978902732,40,0,,false,3,10,3,2,GOBLIN:1;GOLEM:7,MAGE:7;SCORPION_RIDER:3
364,0,0,true,,,utility,utility,3,75,5978852961,5978902732,40,0,,false,3,10,3,2,GOBLIN:1;GOLEM:7,MAGE:7;SCORPION_RIDER:3
365,0,0,true,,,utility,utility,3,75,6113468042,6113509415,8,0,GREEN,false,4,0,3,3,ASSASSIN:2;GOBLIN:1;MAGE:8,ASSASSIN:10;SPIDER:1
366,0,0,true,,,utility,utility,3,75,6113468042,6113509415,8,0,GREEN,false,4,0,3,3,ASSASSIN:2;GOBLIN:1;MAGE:8,ASSASSIN:10;SPIDER:1
367,0,0,true,,,utility,utility,3,75,6113475961,6113518548,21,0,,false,8,1,4,3,GOLEM:2;MAGE:1;SCORPION_RIDER:6,ASSASSIN:10;GOBLIN:1
368,0,0,true,,,utility,utility,3,75,6113475961,6113518548,21,0,,false,8,1,4,3,GOLEM:2;MAGE:1;SCORPION_RIDER:6,ASSASSIN:10;GOBLIN:1
369,0,0,true,,,utility,utility,3,75,6248091042,6248108815,8,0,GREEN,false,6,0,2,3,SCORPION_RIDER:6;SPIDER:9,ASSASSIN:8;GARGOYLE:2;SPIDER:1
370,0,0,true,,,utility,utility,3,75,6248091042,6248108815,8,0,GREEN,false,6,0,2,3,SCORPION_RIDER:6;SPIDER:9,ASSASSIN:8;GARGOYLE:2;SPIDER:1
371,0,0,true,,,utility,utility,3,75,6248098961,6248116796,14,0,GREEN,false,2,0,3,3,GOBLIN:1;GOLEM:7,ASSASSIN:4;GARGOYLE:1;GOLEM:4
372,0,0,true,,,utility,utility,3,75,6248098961,6248116796,10,0,GREEN,false,6,0,3,3,GOBLIN:1;GOLEM:7,ASSASSIN:4;GARGOYLE:1;GOLEM:4
373,0,0,true,,,utility,cascade,3,75,85065898042,85065877143,23,0,BLUE,false,0,5,3,2,GOBLIN:1;GOLEM:4;SPIDER:10,SPIDER:25
374,0,0,true,,,cascade,utility,3,75,85065898042,85065877143,18,0,GREEN,false,10,0,3,2,GOBLIN:1;GOLEM:4;SPIDER:10,SPIDER:25
375,0,0,true,,,utility,cascade,3,75,85065905961,85065886084,6,0,GREEN,false,8,0,3,3,GOLEM:4;SCORPION_RIDER:4;SPIDER:1,MAGE:10;SPIDER:1
376,0,0,true,,,cascade,utility,3,75,85065905961,85065886084,12,0,GREEN,false,4,0,3,3,GOLEM:4;SCORPION_RIDER:4;SPIDER:1,MAGE:10;SPIDER:1
377,0,0,true,,,utility,cascade,3,75,85073817042,85073834879,17,0,BLUE,false,0,3,3,3,ARCHER:7;GARGOYLE:1;GOBLIN:8,GOLEM:7;SPIDER:1
378,0,0,true,,,cascade,utility,3,75,85073817042,85073834879,9,0,BLUE,false,0,4,3,3,ARCHER:7;GARGOYLE:1;GOBLIN:8,GOLEM:7;SPIDER:1
379,0,0,true,,,utility,cascade,3,75,85073824961,85073810028,6,0,GREEN,false,11,0,3,2,ASSASSIN:8;GOBLIN:6,ARCHER:4;MAGE:7
380,0,0,true,,,cascade,utility,3,75,85073824961,85073810028,6,0,GREEN,false,8,0,3,2,ASSASSIN:8;GOBLIN:6,ARCHER:4;MAGE:7
381,0,0,true,,,utility,utility,3,75,85081736042,85081759175,12,0,GREEN,false,5,0,4,3,ARCHER:6;GARGOYLE:5;SPIDER:1,ASSASSIN:8;GOBLIN:3;GOLEM:1
382,0,0,true,,,utility,utility,3,75,85081736042,85081759175,12,0,GREEN,false,5,0,4,3,ARCHER:6;GARGOYLE:5;SPIDER:1,ASSASSIN:8;GOBLIN:3;GOLEM:1
383,0,0,true,,,utility,utility,3,75,85081743961,85081767156,21,0,,false,3,9,3,3,ARCHER:8;GOLEM:2;MAGE:1,GARGOYLE:5;MAGE:1;SCORPION_RIDER:4
384,0,0,true,,,utility,utility,3,75,85081743961,85081767156,16,0,,false,3,9,3,3,ARCHER:8;GOLEM:2;MAGE:1,GARGOYLE:5;MAGE:1;SCORPION_RIDER:4
385,0,0,true,,,utility,cascade,3,75,85089655042,85089699759,19,0,BLUE,false,0,7,3,2,ARCHER:1;SCORPION_RIDER:3;SPIDER:15,GARGOYLE:5;SCORPION_RIDER:5
386,0,0,true,,,cascade,utility,3,75,85089655042,85089699759,13,0,GREEN,false,9,0,3,2,ARCHER:1;SCORPION_RIDER:3;SPIDER:15,GARGOYLE:5;SCORPION_RIDER:5
387,0,0,true,,,utility,cascade,3,75,85089662961,85089708380,9,0,GREEN,false,10,0,3,3,GARGOYLE:6;GOBLIN:1;MAGE:4,ARCHER:1;MAGE:4;SCORPION_RIDER:5
388,0,0,true,,,cascade,utility,3,75,85089662961,85089708380,11,0,BLUE,false,0,8,3,3,GARGOYLE:6;GOBLIN:1;MAGE:4,ARCHER:1;MAGE:4;SCORPION_RIDER:5
389,0,0,true,,,utility,utility,3,75,85097574042,85097525303,22,0,,false,25,10,2,3,GOBLIN:11;SPIDER:14,GARGOYLE:3;MAGE:2;SCORPION_RIDER:5
390,0,0,true,,,utility,utility,3,75,85097574042,85097525303,20,0,,false,25,10,2,3,GOBLIN:11;SPIDER:14,GARGOYLE:3;MAGE:2;SCORPION_RIDER:5
391,0,0,true,,,utility,utility,3,75,85097581961,85097632548,15,0,BLUE,false,0,2,3,3,ASSASSIN:3;SPIDER:18,SCORPION_RIDER:9;SPIDER:1
392,0,0,true,,,utility,utility,3,75,85097581961,85097632548,15,0,BLUE,false,0,2,3,3,ASSASSIN:3;SPIDER:18,SCORPION_RIDER:9;SPIDER:1
393,0,0,true,,,utility,cascade,3,75,85105493042,85105449631,13,0,BLUE,false,0,7,4,3,ARCHER:1;GOBLIN:1;GOLEM:1;MAGE:8,ASSASSIN:10;GOBLIN:1
394,0,0,true,,,cascade,utility,3,75,85105493042,85105449631,5,0,BLUE,false,0,10,4,3,ARCHER:1;GOBLIN:1;GOLEM:1;MAGE:8,ASSASSIN:10;GOBLIN:1
395,0,0,true,,,utility,cascade,3,75,85105500961,85105458572,12,0,GREEN,false,5,0,3,4,ASSASSIN:3;GOBLIN:11;MAGE:3,GARGOYLE:3;GOBLIN:1;MAGE:1;SPIDER:14
396,0,0,true,,,cascade,utility,3,75,85105500961,85105458572,12,0,GREEN,false,9,0,3,4,ASSASSIN:3;GOBLIN:11;MAGE:3,GARGOYLE:3;GOBLIN:1;MAGE:1;SPIDER:14
397,0,0,true,,,utility,cascade,3,75,85113412042,85113390951,21,0,BLUE,false,0,2,3,3,GARGOYLE:4;SPIDER:15,ASSASSIN:4;GARGOYLE:1;GOLEM:4
398,0,0,true,,,cascade,utility,3,75,85113412042,85113390951,17,0,BLUE,false,0,3,3,3,GARGOYLE:4;SPIDER:15,ASSASSIN:4;GARGOYLE:1;GOLEM:4
399,0,0,true,,,utility,cascade,3,75,85113419961,85113398804,27,0,BLUE,false,0,1,2,2,ARCHER:4;ASSASSIN:7,GOLEM:4;MAGE:5
400,0,0,true,,,cascade,utility,3,75,85113419961,85113398804,9,0,BLUE,false,0,3,2,2,ARCHER:4;ASSASSIN:7,GOLEM:4;MAGE:5
401,0,0,true,,,utility,utility,3,75,85121331042,85121348047,17,0,,false,7,22,3,4,ASSASSIN:4;GARGOYLE:6;GOBLIN:1,ARCHER:2;GOBLIN:20;SPIDER:1
402,0,0,true,,,utility,utility,3,75,85121331042,85121348047,14,0,,false,7,23,3,4,ASSASSIN:4;GARGOYLE:6;GOBLIN:1,ARCHER:2;GOBLIN:20;SPIDER:1
403,0,0,true,,,utility,utility,3,75,85121338961,85121323260,12,0,,false,18,18,3,3,GARGOYLE:5;GOBLIN:12;SPIDER:1,GOBLIN:11;MAGE:5;SPIDER:2
404,0,0,true,,,utility,utility,3,75,85121338961,85121323260,20,0,,false,12,18,3,3,GARGOYLE:5;GOBLIN:12;SPIDER:1,GOBLIN:11;MAGE:5;SPIDER:2
405,0,0,true,,,utility,cascade,3,75,6477742042,6477750647,9,0,GREEN,false,9,0,3,3,ARCHER:8;ASSASSIN:3;SPIDER:2,GARGOYLE:2;GOBLIN:1;MAGE:8
406,0,0,true,,,cascade,utility,3,75,6477742042,6477750647,12,0,GREEN,false,6,0,3,3,ARCHER:8;ASSASSIN:3;SPIDER:2,GARGOYLE:2;GOBLIN:1;MAGE:8
407,0,0,true,,,utility,cascade,3,75,6477749961,6477725796,15,0,BLUE,false,0,8,3,3,GOBLIN:1;GOLEM:4;SPIDER:10,ARCHER:8;ASSASSIN:1;GOLEM:2
408,0,0,true,,,cascade,utility,3,75,6477749961,6477725796,13,0,BLUE,false,0,6,3,3,GOBLIN:1;GOLEM:4;SPIDER:10,ARCHER:8;ASSASSIN:1;GOLEM:2
409,0,0,true,,,utility,utility,3,75,6746988042,6746931367,9,0,BLUE,false,0,5,2,3,ARCHER:4;MAGE:7,ARCHER:5;GOLEM:4;SPIDER:1
410,0,0,true,,,utility,utility,3,75,6746988042,6746931367,9,0,BLUE,false,0,5,2,3,ARCHER:4;MAGE:7,ARCHER:5;GOLEM:4;SPIDER:1
411,0,0,true,,,utility,utility,3,75,6746995961,6746939988,19,0,,false,8,6,3,3,GOBLIN:1;GOLEM:3;SCORPION_RIDER:5,GARGOYLE:6;GOLEM:3;SPIDER:1
412,0,0,true,,,utility,utility,3,75,6746995961,6746939988,19,0,,false,8,6,3,3,GOBLIN:1;GOLEM:3;SCORPION_RIDER:5,GARGOYLE:6;GOLEM:3;SPIDER:1
413,0,0,true,,,utility,utility,3,75,6881611042,6881661839,18,0,,false,6,8,2,3,MAGE:7;SCORPION_RIDER:3,ARCHER:9;ASSASSIN:3
414,0,0,true,,,utility,utility,3,75,6881611042,6881661839,18,0,,false,6,5,2,3,MAGE:7;SCORPION_RIDER:3,ARCHER:9;ASSASSIN:3
415,0,0,true,,,utility,utility,3,75,6881618961,6881669820,26,0,GREEN,false,2,0,3,3,GOBLIN:12;SPIDER:13,GOBLIN:1;GOLEM:7
416,0,0,true,,,utility,utility,3,75,6881618961,6881669820,26,0,GREEN,false,2,0,3,3,GOBLIN:12;SPIDER:13,GOBLIN:1;GOLEM:7
417,0,0,true,,,utility,utility,3,75,7016234042,7016276631,11,0,BLUE,false,0,11,4,3,GARGOYLE:1;MAGE:9;SPIDER:1,ASSASSIN:8;GOBLIN:5;SPIDER:1
418,0,0,true,,,utility,utility,3,75,7016234042,7016276631,13,0,BLUE,false,0,12,4,3,GARGOYLE:1;MAGE:9;SPIDER:1,ASSASSIN:8;GOBLIN:5;SPIDER:1
419,0,0,true,,,utility,utility,3,75,7016241961,7016252804,28,0,,false,11,5,2,3,GARGOYLE:6;GOBLIN:11,GOBLIN:1;GOLEM:4;SCORPION_RIDER:4
420,0,0,true,,,utility,utility,3,75,7016241961,7016252804,28,0,,false,11,5,2,3,GARGOYLE:6;GOBLIN:11,GOBLIN:1;GOLEM:4;SCORPION_RIDER:4
421,0,0,true,,,utility,cascade,3,75,85857798042,85857851703,13,0,BLUE,false,0,9,2,3,GARGOYLE:5;SPIDER:13,ASSASSIN:5;GOBLIN:13
422,0,0,true,,,cascade,utility,3,75,85857798042,85857851703,9,0,BLUE,false,0,10,2,3,GARGOYLE:5;SPIDER:13,ASSASSIN:5;GOBLIN:13
423,0,0,true,,,utility,cascade,3,75,85857805961,85857859620,14,0,BLUE,false,0,2,3,3,GOBLIN:11;SCORPION_RIDER:5,ARCHER:4;GOLEM:5
424,0,0,true,,,cascade,utility,3,75,85857805961,85857859620,8,0,GREEN,false,12,0,3,3,GOBLIN:11;SCORPION_RIDER:5,ARCHER:4;GOLEM:5
425,0,0,true,,,utility,cascade,3,75,85865717042,85865661343,9,0,BLUE,false,0,4,3,4,GARGOYLE:1;MAGE:4;SCORPION_RIDER:5,ASSASSIN:3;GOBLIN:2;GOLEM:4;SCORPION_RIDER:1
426,0,0,true,,,cascade,utility,3,75,85865717042,85865661343,9,0,BLUE,false,0,3,3,4,GARGOYLE:1;MAGE:4;SCORPION_RIDER:5,ASSASSIN:3;GOBLIN:2;GOLEM:4;SCORPION_RIDER:1
427,0,0,true,,,utility,cascade,3,75,85865724961,85865669260,11,0,BLUE,false,0,4,3,3,GOBLIN:11;MAGE:1;SPIDER:11,GOBLIN:11;GOLEM:4
428,0,0,true,,,cascade,utility,3,75,85865724961,85865669260,24,0,GREEN,false,4,0,3,3,GOBLIN:11;MAGE:1;SPIDER:11,GOBLIN:11;GOLEM:4
429,0,0,true,,,utility,cascade,3,75,85873636042,85873618023,21,0,GREEN,false,5,0,4,4,GARGOYLE:5;GOBLIN:1;MAGE:4;SCORPION_RIDER:1,ARCHER:1;GOLEM:1;MAGE:8;SPIDER:1
430,0,0,true,,,cascade,utility,3,75,85873636042,85873618023,19,0,BLUE,false,0,9,4,4,GARGOYLE:5;GOBLIN:1;MAGE:4;SCORPION_RIDER:1,ARCHER:1;GOLEM:1;MAGE:8;SPIDER:1
431,0,0,true,,,utility,cascade,3,75,85873643961,85873594132,7,0,BLUE,false,0,3,2,2,MAGE:7;SCORPION_RIDER:3,ARCHER:3;ASSASSIN:8
432,0,0,true,,,cascade,utility,3,75,85873643961,85873594132,6,0,BLUE,false,0,3,2,2,MAGE:7;SCORPION_RIDER:3,ARCHER:3;ASSASSIN:8
433,0,0,true,,,utility,utility,3,75,85881555042,85881542351,20,0,,false,4,3,3,3,ARCHER:7;GOBLIN:1;MAGE:4,SCORPION_RIDER:3;SPIDER:17
434,0,0,true,,,utility,utility,3,75,85881555042,85881542351,20,0,,false,4,3,3,3,ARCHER:7;GOBLIN:1;MAGE:4,SCORPION_RIDER:3;SPIDER:17
435,0,0,true,,,utility,utility,3,75,85881562961,85881551356,8,0,GREEN,false,8,0,3,3,SCORPION_RIDER:9;SPIDER:1,ARCHER:8;ASSASSIN:3;SPIDER:2
436,0,0,true,,,utility,utility,3,75,85881562961,85881551356,8,0,GREEN,false,8,0,3,3,SCORPION_RIDER:9;SPIDER:1,ARCHER:8;ASSASSIN:3;SPIDER:2
437,0,0,true,,,utility,utility,3,75,85889474042,85889483607,10,0,GREEN,false,6,0,3,3,SPIDER:25,ARCHER:1;ASSASSIN:3;SCORPION_RIDER:6
438,0,0,true,,,utility,utility,3,75,85889474042,85889483607,13,0,BLUE,false,0,6,3,3,SPIDER:25,ARCHER:1;ASSASSIN:3;SCORPION_RIDER:6
439,0,0,true,,,utility,utility,3,75,85889481961,85889491524,14,0,,false,4,25,3,3,ASSASSIN:7;GOLEM:2;SPIDER:2,GOBLIN:12;SPIDER:13
440,0,0,true,,,utility,utility,3,75,85889481961,85889491524,14,0,,false,4,25,3,3,ASSASSIN:7;GOLEM:2;SPIDER:2,GOBLIN:12;SPIDER:13
441,0,0,true,,,utility,utility,3,75,85897393042,85897440575,22,0,GREEN,false,4,0,3,3,GARGOYLE:2;GOBLIN:1;MAGE:8,ASSASSIN:10;GOBLIN:1
442,0,0,true,,,utility,utility,3,75,85897393042,85897440575,22,0,GREEN,false,4,0,3,3,GARGOYLE:2;GOBLIN:1;MAGE:8,ASSASSIN:10;GOBLIN:1
443,0,0,true,,,utility,utility,3,75,85897400961,85897415724,12,0,,false,17,10,3,3,GARGOYLE:6;GOBLIN:1;SPIDER:10,GARGOYLE:4;GOBLIN:2;GOLEM:4
444,0,0,true,,,utility,utility,3,75,85897400961,85897415724,12,0,,false,17,10,3,3,GARGOYLE:6;GOBLIN:1;SPIDER:10,GARGOYLE:4;GOBLIN:2;GOLEM:4
445,0,0,true,,,utility,cascade,3,75,85905312042,85905364871,23,0,BLUE,false,0,4,4,2,ASSASSIN:2;GOBLIN:7;GOLEM:4,GOLEM:4;SPIDER:11
446,0,0,true,,,cascade,utility,3,75,85905312042,85905364871,10,0,GREEN,false,6,0,4,2,ASSASSIN:2;GOBLIN:7;GOLEM:4,GOLEM:4;SPIDER:11
447,0,0,true,,,utility,cascade,3,75,85905319961,85905372852,16,0,GREEN,false,3,0,3,3,GOLEM:7;SPIDER:1,ARCHER:5;GOBLIN:1;GOLEM:4
448,0,0,true,,,cascade,utility,3,75,85905319961,85905372852,16,0,BLUE,false,0,5,3,3,GOLEM:7;SPIDER:1,ARCHER:5;GOBLIN:1;GOLEM:4
449,0,0,true,,,utility,cascade,3,75,85913231042,85913174127,14,0,GREEN,false,8,0,3,2,GOBLIN:2;GOLEM:2;SCORPION_RIDER:6,GARGOYLE:4;SPIDER:15
450,0,0,true,,,cascade,utility,3,75,85913231042,85913174127,10,0,GREEN,false,5,0,3,2,GOBLIN:2;GOLEM:2;SCORPION_RIDER:6,GARGOYLE:4;SPIDER:15
451,0,0,true,,,utility,cascade,3,75,85913238961,85913183004,11,0,BLUE,false,0,4,3,2,ASSASSIN:7;GOBLIN:1;SPIDER:7,GOLEM:4;SPIDER:11
452,0,0,true,,,cascade,utility,3,75,85913238961,85913183004,13,0,BLUE,false,0,3,3,2,ASSASSIN:7;GOBLIN:1;SPIDER:7,GOLEM:4;SPIDER:11
453,0,0,true,,,utility,cascade,3,75,7245885042,7245902047,7,0,BLUE,false,0,13,3,2,MAGE:4;SCORPION_RIDER:5;SPIDER:2,GOBLIN:12;SPIDER:13
454,0,0,true,,,cascade,utility,3,75,7245885042,7245902047,8,0,BLUE,false,0,6,3,2,MAGE:4;SCORPION_RIDER:5;SPIDER:2,GOBLIN:12;SPIDER:13
455,0,0,true,,,utility,cascade,3,75,7245892961,7245878220,17,0,GREEN,false,9,0,3,3,ARCHER:8;GOBLIN:9,ASSASSIN:5;GOBLIN:12;SPIDER:1
456,0,0,true,,,cascade,utility,3,75,7245892961,7245878220,10,0,GREEN,false,6,0,3,3,ARCHER:8;GOBLIN:9,ASSASSIN:5;GOBLIN:12;SPIDER:1
457,0,0,true,,,utility,utility,3,75,7515131042,7515083279,5,0,BLUE,false,0,13,2,3,ARCHER:3;ASSASSIN:8,GOBLIN:9;SCORPION_RIDER:6
458,0,0,true,,,utility,utility,3,75,7515131042,7515083279,5,0,BLUE,false,0,13,2,3,ARCHER:3;ASSASSIN:8,GOBLIN:9;SCORPION_RIDER:6
459,0,0,true,,,utility,utility,3,75,7515138961,7515092284,16,0,,false,21,25,4,2,GOBLIN:21;GOLEM:1,GOBLIN:11;SPIDER:14
460,0,0,true,,,utility,utility,3,75,7515138961,7515092284,16,0,,false,21,25,4,2,GOBLIN:21;GOLEM:1,GOBLIN:11;SPIDER:14
461,0,0,true,,,utility,utility,3,75,7649754042,7649699095,16,0,,false,11,3,3,3,GOBLIN:2;GOLEM:3;SPIDER:13,ASSASSIN:8;GOBLIN:1;SCORPION_RIDER:2
462,0,0,true,,,utility,utility,3,75,7649754042,7649699095,19,0,,false,13,3,3,3,GOBLIN:2;GOLEM:3;SPIDER:13,ASSASSIN:8;GOBLIN:1;SCORPION_RIDER:2
463,0,0,true,,,utility,utility,3,75,7649761961,7649805316,12,0,,false,17,16,3,3,GARGOYLE:6;SPIDER:11,GARGOYLE:1;GOBLIN:12;GOLEM:3
464,0,0,true,,,utility,utility,3,75,7649761961,7649805316,12,0,,false,17,16,3,3,GARGOYLE:6;SPIDER:11,GARGOYLE:1;GOBLIN:12;GOLEM:3
465,0,0,true,,,utility,utility,3,75,7784377042,7784428671,34,0,GREEN,false,10,0,3,3,ARCHER:4;ASSASSIN:1;GARGOYLE:6,GARGOYLE:5;SPIDER:13
466,0,0,true,,,utility,utility,3,75,7784377042,7784428671,201,0,,true,10,3,3,3,ARCHER:4;ASSASSIN:1;GARGOYLE:6,GARGOYLE:5;SPIDER:13
467,0,0,true,,,utility,utility,3,75,7784384961,7784404844,20,0,,false,5,9,3,3,GOLEM:7;SPIDER:1,ARCHER:8;GOLEM:2;MAGE:1
468,0,0,true,,,utility,utility,3,75,7784384961,7784404844,20,0,,false,5,9,3,3,GOLEM:7;SPIDER:1,ARCHER:8;GOLEM:2;MAGE:1
469,0,0,true,,,utility,cascade,3,75,86649698042,86649710679,10,0,GREEN,false,8,0,3,3,GOBLIN:2;GOLEM:4;MAGE:4,ARCHER:8;SPIDER:9
470,0,0,true,,,cascade,utility,3,75,86649698042,86649710679,11,0,BLUE,false,0,6,3,3,GOBLIN:2;GOLEM:4;MAGE:4,ARCHER:8;SPIDER:9
471,0,0,true,,,utility,cascade,3,75,86649705961,86649686852,5,0,BLUE,false,0,7,3,3,ASSASSIN:2;MAGE:8;SPIDER:1,ARCHER:4;GOBLIN:3;GOLEM:4
472,0,0,true,,,cascade,utility,3,75,86649705961,86649686852,7,0,BLUE,false,0,9,3,3,ASSASSIN:2;MAGE:8;SPIDER:1,ARCHER:4;GOBLIN:3;GOLEM:4
473,0,0,true,,,utility,cascade,3,75,86657617042,86657634879,7,0,BLUE,false,0,5,2,3,ARCHER:7;SCORPION_RIDER:4,ARCHER:1;GARGOYLE:6;GOBLIN:9
474,0,0,true,,,cascade,utility,3,75,86657617042,86657634879,23,0,,false,6,9,2,3,ARCHER:7;SCORPION_RIDER:4,ARCHER:1;GARGOYLE:6;GOBLIN:9
475,0,0,true,,,utility,cascade,3,75,86657624961,86657643820,8,0,GREEN,false,14,0,3,3,ARCHER:7;GOBLIN:11,GOLEM:3;SPIDER:15
476,0,0,true,,,cascade,utility,3,75,86657624961,86657643820,8,0,GREEN,false,17,0,3,3,ARCHER:7;GOBLIN:11,GOLEM:3;SPIDER:15
477,0,0,true,,,utility,cascade,3,75,86665536042,86665591943,11,0,GREEN,false,7,0,3,3,ARCHER:1;GOBLIN:8;SPIDER:15,GOLEM:2;SCORPION_RIDER:6;SPIDER:2
478,0,0,true,,,cascade,utility,3,75,86665536042,86665591943,12,0,GREEN,false,6,0,3,3,ARCHER:1;GOBLIN:8;SPIDER:15,GOLEM:2;SCORPION_RIDER:6;SPIDER:2
479,0,0,true,,,utility,cascade,3,75,86665543961,86665568180,4,0,GREEN,false,12,0,3,3,GOBLIN:13;MAGE:5,ASSASSIN:7;MAGE:3;SPIDER:1
480,0,0,true,,,cascade,utility,3,75,86665543961,86665568180,16,0,GREEN,false,11,0,3,3,GOBLIN:13;MAGE:5,ASSASSIN:7;MAGE:3;SPIDER:1
481,0,0,true,,,utility,cascade,3,75,86673455042,86673402223,3,0,BLUE,false,0,7,2,3,ASSASSIN:8;SPIDER:6,GOBLIN:1;GOLEM:4;SCORPION_RIDER:4
482,0,0,true,,,cascade,utility,3,75,86673455042,86673402223,4,0,BLUE,false,0,7,2,3,ASSASSIN:8;SPIDER:6,GOBLIN:1;GOLEM:4;SCORPION_RIDER:4
483,0,0,true,,,utility,cascade,3,75,86673462961,86673508380,12,0,GREEN,false,2,0,3,2,GOLEM:2;SPIDER:18,ARCHER:4;ASSASSIN:7
484,0,0,true,,,cascade,utility,3,75,86673462961,86673508380,14,0,GREEN,false,11,0,3,2,GOLEM:2;SPIDER:18,ARCHER:4;ASSASSIN:7
485,0,0,true,,,utility,cascade,3,75,86681374042,86681326583,11,0,GREEN,false,4,0,3,3,GARGOYLE:4;SPIDER:15,ASSASSIN:8;GARGOYLE:2;GOBLIN:1
486,0,0,true,,,cascade,utility,3,75,86681374042,86681326583,10,0,GREEN,false,4,0,3,3,GARGOYLE:4;SPIDER:15,ASSASSIN:8;GARGOYLE:2;GOBLIN:1
487,0,0,true,,,utility,cascade,3,75,86681381961,86681334500,16,0,GREEN,false,8,0,4,3,GARGOYLE:10;GOBLIN:1,GOLEM:4;SCORPION_RIDER:4;SPIDER:1
488,0,0,true,,,cascade,utility,3,75,86681381961,86681334500,16,0,GREEN,false,7,0,4,3,GARGOYLE:10;GOBLIN:1,GOLEM:4;SCORPION_RIDER:4;SPIDER:1
489,0,0,true,,,utility,utility,3,75,86689293042,86689283167,7,0,BLUE,false,0,13,2,4,ASSASSIN:6;SCORPION_RIDER:4,ARCHER:1;GOBLIN:22;SPIDER:1
490,0,0,true,,,utility,utility,3,75,86689293042,86689283167,7,0,BLUE,false,0,13,2,4,ASSASSIN:6;SCORPION_RIDER:4,ARCHER:1;GOBLIN:22;SPIDER:1
491,0,0,true,,,utility,utility,3,75,86689300961,86689259340,10,0,GREEN,false,8,0,2,3,GARGOYLE:6;SCORPION_RIDER:4,MAGE:10;SPIDER:1
492,0,0,true,,,utility,utility,3,75,86689300961,86689259340,10,0,GREEN,false,8,0,2,3,GARGOYLE:6;SCORPION_RIDER:4,MAGE:10;SPIDER:1
493,0,0,true,,,utility,utility,3,75,86697212042,86697223719,14,0,GREEN,false,2,0,4,4,ARCHER:8;GOLEM:2;MAGE:1,ARCHER:1;GARGOYLE:2;MAGE:1;SPIDER:16
494,0,0,true,,,utility,utility,3,75,86697212042,86697223719,14,0,GREEN,false,2,0,4,4,ARCHER:8;GOLEM:2;MAGE:1,ARCHER:1;GARGOYLE:2;MAGE:1;SPIDER:16
495,0,0,true,,,utility,utility,3,75,86697219961,86697200084,13,0,BLUE,false,0,3,2,3,ARCHER:7;SCORPION_RIDER:4,GOBLIN:1;GOLEM:3;SCORPION_RIDER:5
496,0,0,true,,,utility,utility,3,75,86697219961,86697200084,13,0,BLUE,false,0,3,2,3,ARCHER:7;SCORPION_RIDER:4,GOBLIN:1;GOLEM:3;SCORPION_RIDER:5
497,0,0,true,,,utility,utility,3,75,86705131042,86705148047,7,0,BLUE,false,0,5,2,3,ARCHER:3;ASSASSIN:8,GOLEM:3;SCORPION_RIDER:5;SPIDER:1
498,0,0,true,,,utility,utility,3,75,86705131042,86705148047,7,0,BLUE,false,0,5,2,3,ARCHER:3;ASSASSIN:8,GOLEM:3;SCORPION_RIDER:5;SPIDER:1
499,0,0,true,,,utility,utility,3,75,86705138961,86705157052,21,0,,false,5,1,2,3,MAGE:5;SPIDER:13,ASSASSIN:8;GOLEM:1;MAGE:1
500,0,0,true,,,utility,utility,3,75,86705138961,86705157052,52,0,GREEN,false,9,0,2,3,MAGE:5;SPIDER:13,ASSASSIN:8;GOLEM:1;MAGE:1
501,0,0,true,,,utility,cascade,3,75,8014028042,8014037927,7,0,BLUE,false,0,11,3,3,ASSASSIN:10;SPIDER:1,GOBLIN:15;SPIDER:10
502,0,0,true,,,cascade,utility,3,75,8014028042,8014037927,4,0,BLUE,false,0,12,3,3,ASSASSIN:10;SPIDER:1,GOBLIN:15;SPIDER:10
503,0,0,true,,,utility,cascade,3,75,8014035961,8014046548,9,0,BLUE,false,0,11,2,2,ASSASSIN:4;SPIDER:15,GOBLIN:11;GOLEM:4
504,0,0,true,,,cascade,utility,3,75,8014035961,8014046548,5,0,BLUE,false,0,14,2,2,ASSASSIN:4;SPIDER:15,GOBLIN:11;GOLEM:4
505,0,0,true,,,utility,utility,3,75,8283274042,8283252119,12,0,,false,24,9,3,2,ARCHER:1;SPIDER:23,GOLEM:4;MAGE:5
506,0,0,true,,,utility,utility,3,75,8283274042,8283252119,12,0,,false,24,9,3,2,ARCHER:1;SPIDER:23,GOLEM:4;MAGE:5
507,0,0,true,,,utility,utility,3,75,8283281961,8283227268,14,0,,false,3,14,3,2,ASSASSIN:8;SCORPION_RIDER:2;SPIDER:1,GOBLIN:9;SCORPION_RIDER:6
508,0,0,true,,,utility,utility,3,75,8283281961,8283227268,14,0,,false,3,14,3,2,ASSASSIN:8;SCORPION_RIDER:2;SPIDER:1,GOBLIN:9;SCORPION_RIDER:6
509,0,0,true,,,utility,utility,3,75,8417897042,8417850623,12,0,GREEN,false,7,0,2,3,GOBLIN:11;SPIDER:14,ASSASSIN:1;GOBLIN:9;GOLEM:4
510,0,0,true,,,utility,utility,3,75,8417897042,8417850623,12,0,GREEN,false,7,0,2,3,GOBLIN:11;SPIDER:14,ASSASSIN:1;GOBLIN:9;GOLEM:4
511,0,0,true,,,utility,utility,3,75,8417904961,8417957868,17,0,BLUE,false,0,1,3,3,GARGOYLE:3;MAGE:7;SPIDER:1,GOBLIN:1;MAGE:10
512,0,0,true,,,utility,utility,3,75,8417904961,8417957868,14,0,GREEN,false,3,0,3,3,GARGOYLE:3;MAGE:7;SPIDER:1,GOBLIN:1;MAGE:10
513,0,0,true,,,utility,utility,3,75,8552520042,8552564679,13,0,BLUE,false,0,9,2,3,MAGE:5;SPIDER:13,GARGOYLE:5;GOBLIN:10;GOLEM:1
514,0,0,true,,,utility,utility,3,75,8552520042,8552564679,13,0,BLUE,false,0,9,2,3,MAGE:5;SPIDER:13,GARGOYLE:5;GOBLIN:10;GOLEM:1
515,0,0,true,,,utility,utility,3,75,8552527961,8552572660,33,0,,false,11,11,3,3,GARGOYLE:5;GOBLIN:1;MAGE:5,GOBLIN:11;SPIDER:14
516,0,0,true,,,utility,utility,3,75,8552527961,8552572660,33,0,,false,11,11,3,3,GARGOYLE:5;GOBLIN:1;MAGE:5,GOBLIN:11;SPIDER:14
517,0,0,true,,,utility,cascade,3,75,87441598042,87441553655,10,0,GREEN,false,3,0,3,3,GARGOYLE:3;GOBLIN:2;SCORPION_RIDER:6,ASSASSIN:3;SCORPION_RIDER:6;SPIDER:2
518,0,0,true,,,cascade,utility,3,75,87441598042,87441553655,10,0,GREEN,false,2,0,3,3,GARGOYLE:3;GOBLIN:2;SCORPION_RIDER:6,ASSASSIN:3;SCORPION_RIDER:6;SPIDER:2
519,0,0,true,,,utility,cascade,3,75,87441605961,87441660900,7,0,BLUE,false,0,4,2,3,MAGE:5;SCORPION_RIDER:5,ARCHER:5;GOBLIN:1;GOLEM:4
520,0,0,true,,,cascade,utility,3,75,87441605961,87441660900,9,0,BLUE,false,0,1,2,3,MAGE:5;SCORPION_RIDER:5,ARCHER:5;GOBLIN:1;GOLEM:4
521,0,0,true,,,utility,cascade,3,75,87449517042,87449494879,11,0,BLUE,false,0,3,2,3,ARCHER:4;ASSASSIN:7,GOBLIN:2;GOLEM:3;SPIDER:13
522,0,0,true,,,cascade,utility,3,75,87449517042,87449494879,8,0,BLUE,false,0,7,2,3,ARCHER:4;ASSASSIN:7,GOBLIN:2;GOLEM:3;SPIDER:13
523,0,0,true,,,utility,cascade,3,75,87449524961,87449470028,6,0,GREEN,false,4,0,2,2,ARCHER:3;ASSASSIN:8,ASSASSIN:5;SPIDER:13
524,0,0,true,,,cascade,utility,3,75,87449524961,87449470028,6,0,GREEN,false,5,0,2,2,ARCHER:3;ASSASSIN:8,ASSASSIN:5;SPIDER:13
525,0,0,true,,,utility,cascade,3,75,87457436042,87457419047,9,0,GREEN,false,4,0,3,3,GARGOYLE:1;GOBLIN:9;GOLEM:4,ASSASSIN:8;GOBLIN:1;SCORPION_RIDER:2
526,0,0,true,,,cascade,utility,3,75,87457436042,87457419047,10,0,GREEN,false,4,0,3,3,GARGOYLE:1;GOBLIN:9;GOLEM:4,ASSASSIN:8;GOBLIN:1;SCORPION_RIDER:2
527,0,0,true,,,utility,cascade,3,75,87457443961,87457427156,6,0,GREEN,false,11,0,3,2,ASSASSIN:5;GARGOYLE:5;SPIDER:1,ARCHER:4;ASSASSIN:7
528,0,0,true,,,cascade,utility,3,75,87457443961,87457427156,14,0,GREEN,false,5,0,3,2,ASSASSIN:5;GARGOYLE:5;SPIDER:1,ARCHER:4;ASSASSIN:7
529,0,0,true,,,utility,cascade,3,75,87465355042,87465376143,18,0,GREEN,false,8,0,2,2,ARCHER:8;SPIDER:9,GARGOYLE:5;GOLEM:4
530,0,0,true,,,cascade,utility,3,75,87465355042,87465376143,15,0,BLUE,false,0,4,2,2,ARCHER:8;SPIDER:9,GARGOYLE:5;GOLEM:4
531,0,0,true,,,utility,cascade,3,75,87465362961,87465351356,6,0,GREEN,false,6,0,3,2,ASSASSIN:10;GOBLIN:1,ARCHER:3;MAGE:8
532,0,0,true,,,cascade,utility,3,75,87465362961,87465351356,8,0,GREEN,false,8,0,3,2,ASSASSIN:10;GOBLIN:1,ARCHER:3;MAGE:8
533,0,0,true,,,utility,utility,3,75,87473274042,87473316375,8,0,GREEN,false,8,0,3,2,ASSASSIN:4;GOBLIN:15,ASSASSIN:7;GOBLIN:8
534,0,0,true,,,utility,utility,3,75,87473274042,87473316375,6,0,GREEN,false,9,0,3,2,ASSASSIN:4;GOBLIN:15,ASSASSIN:7;GOBLIN:8
535,0,0,true,,,utility,utility,3,75,87473281961,87473292548,7,0,BLUE,false,0,6,3,3,GARGOYLE:2;MAGE:8;SPIDER:1,ARCHER:1;ASSASSIN:3;SCORPION_RIDER:6
536,0,0,true,,,utility,utility,3,75,87473281961,87473292548,7,0,BLUE,false,0,6,3,3,GARGOYLE:2;MAGE:8;SPIDER:1,ARCHER:1;ASSASSIN:3;SCORPION_RIDER:6
537,0,0,true,,,utility,utility,3,75,87481193042,87481240831,6,0,GREEN,false,9,0,3,3,GOBLIN:1;SCORPION_RIDER:9,ASSASSIN:10;SPIDER:1
538,0,0,true,,,utility,utility,3,75,87481193042,87481240831,6,0,GREEN,false,9,0,3,3,GOBLIN:1;SCORPION_RIDER:9,ASSASSIN:10;SPIDER:1
539,0,0,true,,,utility,utility,3,75,87481200961,87481249772,26,0,,false,6,1,2,3,GARGOYLE:6;SCORPION_RIDER:4,ARCHER:7;GOBLIN:11
540,0,0,true,,,utility,utility,3,75,87481200961,87481249772,12,0,GREEN,false,9,0,2,3,GARGOYLE:6;SCORPION_RIDER:4,ARCHER:7;GOBLIN:11
541,0,0,true,,,utility,utility,3,75,87489112042,87489067335,12,0,GREEN,false,8,0,3,3,ARCHER:4;SPIDER:17,ASSASSIN:7;GOBLIN:8
542,0,0,true,,,utility,utility,3,75,87489112042,87489067335,10,0,GREEN,false,12,0,3,3,ARCHER:4;SPIDER:17,ASSASSIN:7;GOBLIN:8
543,0,0,true,,,utility,utility,3,75,87489119961,87489173620,24,0,GREEN,false,6,0,4,3,ARCHER:7;ASSASSIN:3;GOBLIN:1;SCORPION_RIDER:1,ASSASSIN:1;GARGOYLE:4;GOLEM:4
544,0,0,true,,,utility,utility,3,75,87489119961,87489173620,21,0,,false,8,4,4,3,ARCHER:7;ASSASSIN:3;GOBLIN:1;SCORPION_RIDER:1,ASSASSIN:1;GARGOYLE:4;GOLEM:4
545,0,0,true,,,utility,cascade,3,75,87497031042,87497007919,6,0,GREEN,false,11,0,3,3,ARCHER:8;SCORPION_RIDER:3;SPIDER:1,GOBLIN:1;SCORPION_RIDER:4;SPIDER:13
546,0,0,true,,,cascade,utility,3,75,87497031042,87497007919,12,0,GREEN,false,4,0,3,3,ARCHER:8;SCORPION_RIDER:3;SPIDER:1,GOBLIN:1;SCORPION_RIDER:4;SPIDER:13
547,0,0,true,,,utility,cascade,3,75,87497038961,87496983260,6,0,GREEN,false,7,0,2,2,ASSASSIN:7;SCORPION_RIDER:3,ARCHER:4;ASSASSIN:7
548,0,0,true,,,cascade,utility,3,75,87497038961,87496983260,6,0,BLUE,false,0,4,2,2,ASSASSIN:7;SCORPION_RIDER:3,ARCHER:4;ASSASSIN:7
549,0,0,true,,,utility,cascade,3,75,8782171042,8782189839,8,0,GREEN,false,10,0,3,3,ARCHER:9;GOLEM:2,MAGE:8;SCORPION_RIDER:2;SPIDER:1
550,0,0,true,,,cascade,utility,3,75,8782171042,8782189839,10,0,GREEN,false,10,0,3,3,ARCHER:9;GOLEM:2,MAGE:8;SCORPION_RIDER:2;SPIDER:1
551,0,0,true,,,utility,cascade,3,75,8782178961,8782197820,21,0,BLUE,false,0,9,3,4,GOBLIN:1;MAGE:4;SPIDER:14,GARGOYLE:6;GOBLIN:11
552,0,0,true,,,cascade,utility,3,75,8782178961,8782197820,20,0,BLUE,false,0,7,3,4,GOBLIN:1;MAGE:4;SPIDER:14,GARGOYLE:6;GOBLIN:11
553,0,0,true,,,utility,utility,3,75,9051417042,9051404159,19,0,,false,10,3,3,4,GOBLIN:8;GOLEM:1;SCORPION_RIDER:5,ARCHER:1;ASSASSIN:7;GARGOYLE:2;GOBLIN:2
554,0,0,true,,,utility,utility,3,75,9051417042,9051404159,27,0,,false,11,2,3,4,GOBLIN:8;GOLEM:1;SCORPION_RIDER:5,ARCHER:1;ASSASSIN:7;GARGOYLE:2;GOBLIN:2
555,0,0,true,,,utility,utility,3,75,9051424961,9051379308,5,0,BLUE,false,0,9,2,3,ARCHER:3;ASSASSIN:8,ARCHER:9;GOLEM:2
556,0,0,true,,,utility,utility,3,75,9051424961,9051379308,5,0,BLUE,false,0,9,2,3,ARCHER:3;ASSASSIN:8,ARCHER:9;GOLEM:2
557,0,0,true,,,utility,utility,3,75,9186040042,9185986119,7,0,BLUE,false,0,10,3,3,ARCHER:6;GARGOYLE:5;SPIDER:1,ARCHER:4;GOBLIN:1;SCORPION_RIDER:6
558,0,0,true,,,utility,utility,3,75,9186040042,9185986119,7,0,BLUE,false,0,8,3,3,ARCHER:6;GARGOYLE:5;SPIDER:1,ARCHER:4;GOBLIN:1;SCORPION_RIDER:6
559,0,0,true,,,utility,utility,3,75,9186047961,9185995124,8,0,GREEN,false,5,0,3,3,ASSASSIN:2;GOBLIN:1;MAGE:8,ASSASSIN:10;SPIDER:1
560,0,0,true,,,utility,utility,3,75,9186047961,9185995124,8,0,GREEN,false,6,0,3,3,ASSASSIN:2;GOBLIN:1;MAGE:8,ASSASSIN:10;SPIDER:1
561,0,0,true,,,utility,utility,3,75,9320663042,9320715951,23,0,,false,6,5,3,3,ASSASSIN:4;GARGOYLE:6;GOBLIN:1,ARCHER:1;GARGOYLE:5;GOBLIN:11
562,0,0,true,,,utility,utility,3,75,9320663042,9320715951,25,0,,false,6,5,3,3,ASSASSIN:4;GARGOYLE:6;GOBLIN:1,ARCHER:1;GARGOYLE:5;GOBLIN:11
563,0,0,true,,,utility,utility,3,75,9320670961,9320724572,12,0,GREEN,false,4,0,3,3,GOLEM:4;SCORPION_RIDER:4;SPIDER:1,ASSASSIN:8;GARGOYLE:2;SPIDER:1
564,0,0,true,,,utility,utility,3,75,9320670961,9320724572,12,0,GREEN,false,4,0,3,3,GOLEM:4;SCORPION_RIDER:4;SPIDER:1,ASSASSIN:8;GARGOYLE:2;SPIDER:1
565,0,0,true,,,utility,cascade,3,75,88233498042,88233511703,13,0,GREEN,false,6,0,3,4,ARCHER:4;GARGOYLE:7,ASSASSIN:6;GOLEM:2;SCORPION_RIDER:1;SPIDER:1
566,0,0,true,,,cascade,utility,3,75,88233498042,88233511703,16,0,GREEN,false,6,0,3,4,ARCHER:4;GARGOYLE:7,ASSASSIN:6;GOLEM:2;SCORPION_RIDER:1;SPIDER:1
567,0,0,true,,,utility,cascade,3,75,88233505961,88233519620,21,0,BLUE,false,0,2,3,2,ARCHER:1;GOBLIN:12;SPIDER:11,GARGOYLE:5;SPIDER:13
568,0,0,true,,,cascade,utility,3,75,88233505961,88233519620,13,0,BLUE,false,0,4,3,2,ARCHER:1;GOBLIN:12;SPIDER:11,GARGOYLE:5;SPIDER:13
569,0,0,true,,,utility,utility,3,75,88241417042,88241468927,11,0,BLUE,false,0,12,3,3,ASSASSIN:8;SCORPION_RIDER:2;SPIDER:1,GOBLIN:14;SCORPION_RIDER:4
570,0,0,true,,,utility,utility,3,75,88241417042,88241468927,7,0,BLUE,false,0,13,3,3,ASSASSIN:8;SCORPION_RIDER:2;SPIDER:1,GOBLIN:14;SCORPION_RIDER:4
571,0,0,true,,,utility,utility,3,75,88241424961,88241444076,18,0,GREEN,false,4,0,3,3,GARGOYLE:1;GOLEM:4;MAGE:4,GOLEM:2;MAGE:7;SPIDER:2
572,0,0,true,,,utility,utility,3,75,88241424961,88241444076,18,0,GREEN,false,4,0,3,3,GARGOYLE:1;GOLEM:4;MAGE:4,GOLEM:2;MAGE:7;SPIDER:2
573,0,0,true,,,utility,utility,3,75,88249336042,88249392711,8,0,GREEN,false,10,0,3,2,GOBLIN:11;SCORPION_RIDER:4;SPIDER:3,ASSASSIN:4;SPIDER:15
574,0,0,true,,,utility,utility,3,75,88249336042,88249392711,16,0,,false,10,11,3,2,GOBLIN:11;SCORPION_RIDER:4;SPIDER:3,ASSASSIN:4;SPIDER:15
575,0,0,true,,,utility,utility,3,75,88249343961,88249385332,19,0,,false,19,5,3,3,GOBLIN:1;SCORPION_RIDER:3;SPIDER:16,ASSASSIN:5;SCORPION_RIDER:5
576,0,0,true,,,utility,utility,3,75,88249343961,88249385332,10,0,GREEN,false,2,0,3,3,GOBLIN:1;SCORPION_RIDER:3;SPIDER:16,ASSASSIN:5;SCORPION_RIDER:5
577,0,0,true,,,utility,cascade,3,75,88257255042,88257202223,8,0,BLUE,false,0,2,3,3,ASSASSIN:8;GARGOYLE:2;SPIDER:1,ASSASSIN:7;GARGOYLE:3;GOBLIN:1
578,0,0,true,,,cascade,utility,3,75,88257255042,88257202223,7,0,GREEN,false,2,0,3,3,ASSASSIN:8;GARGOYLE:2;SPIDER:1,ASSASSIN:7;GARGOYLE:3;GOBLIN:1
579,0,0,true,,,utility,cascade,3,75,88257262961,88257211356,7,0,BLUE,false,0,19,2,2,MAGE:7;SCORPION_RIDER:3,GOBLIN:12;SPIDER:13
580,0,0,true,,,cascade,utility,3,75,88257262961,88257211356,11,0,BLUE,false,0,8,2,2,MAGE:7;SCORPION_RIDER:3,GOBLIN:12;SPIDER:13
581,0,0,true,,,utility,cascade,3,75,88265174042,88265159351,9,0,BLUE,false,0,5,3,3,ARCHER:3;SCORPION_RIDER:2;SPIDER:13,ASSASSIN:8;GARGOYLE:2;SPIDER:1
582,0,0,true,,,cascade,utility,3,75,88265174042,88265159351,9,0,GREEN,false,5,0,3,3,ARCHER:3;SCORPION_RIDER:2;SPIDER:13,ASSASSIN:8;GARGOYLE:2;SPIDER:1
583,0,0,true,,,utility,cascade,3,75,88265181961,88265135524,4,0,GREEN,false,20,0,3,3,GOBLIN:24;SPIDER:1,ASSASSIN:10;GOBLIN:1
584,0,0,true,,,cascade,utility,3,75,88265181961,88265135524,8,0,GREEN,false,21,0,3,3,GOBLIN:24;SPIDER:1,ASSASSIN:10;GOBLIN:1
585,0,0,true,,,utility,utility,3,75,88273093042,88273084191,201,0,,true,6,18,3,2,ARCHER:1;MAGE:3;SCORPION_RIDER:6,MAGE:4;SPIDER:15
586,0,0,true,,,utility,utility,3,75,88273093042,88273084191,201,0,,true,6,18,3,2,ARCHER:1;MAGE:3;SCORPION_RIDER:6,MAGE:4;SPIDER:15
587,0,0,true,,,utility,utility,3,75,88273100961,88273092108,11,0,BLUE,false,0,16,3,3,ARCHER:8;GARGOYLE:3;SPIDER:2,ASSASSIN:1;GOBLIN:12;SCORPION_RIDER:4
588,0,0,true,,,utility,utility,3,75,88273100961,88273092108,11,0,BLUE,false,0,16,3,3,ARCHER:8;GARGOYLE:3;SPIDER:2,ASSASSIN:1;GOBLIN:12;SCORPION_RIDER:4
589,0,0,true,,,utility,utility,3,75,88281012042,88281024999,201,0,,true,2,8,4,2,ARCHER:2;GOBLIN:1;SPIDER:20,GARGOYLE:6;SCORPION_RIDER:4
590,0,0,true,,,utility,utility,3,75,88281012042,88281024999,201,0,,true,2,7,4,2,ARCHER:2;GOBLIN:1;SPIDER:20,GARGOYLE:6;SCORPION_RIDER:4
591,0,0,true,,,utility,utility,3,75,88281019961,88281032852,17,0,,false,9,4,2,3,GARGOYLE:5;GOLEM:4,ASSASSIN:6;GOLEM:3;SPIDER:1
592,0,0,true,,,utility,utility,3,75,88281019961,88281032852,17,0,,false,9,4,2,3,GARGOYLE:5;GOLEM:4,ASSASSIN:6;GOLEM:3;SPIDER:1
593,0,0,true,,,utility,utility,3,75,88288931042,88288981583,12,0,GREEN,false,4,0,3,3,GOBLIN:1;GOLEM:7,MAGE:8;SCORPION_RIDER:2;SPIDER:1
594,0,0,true,,,utility,utility,3,75,88288931042,88288981583,12,0,GREEN,false,4,0,3,3,GOBLIN:1;GOLEM:7,MAGE:8;SCORPION_RIDER:2;SPIDER:1
595,0,0,true,,,utility,utility,3,75,88288938961,88288957820,5,0,BLUE,false,0,10,3,2,ASSASSIN:1;GOLEM:4;MAGE:4,GOBLIN:11;GOLEM:4
596,0,0,true,,,utility,utility,3,75,88288938961,88288957820,5,0,BLUE,false,0,10,3,2,ASSASSIN:1;GOLEM:4;MAGE:4,GOBLIN:11;GOLEM:4
597,0,0,true,,,utility,cascade,3,75,9550314042,9550357655,19,0,BLUE,false,0,5,3,4,ARCHER:8;GARGOYLE:3;SPIDER:2,ASSASSIN:4;GARGOYLE:5;GOBLIN:1;MAGE:1
598,0,0,true,,,cascade,utility,3,75,9550314042,9550357655,24,0,GREEN,false,3,0,3,4,ARCHER:8;GARGOYLE:3;SPIDER:2,ASSASSIN:4;GARGOYLE:5;GOBLIN:1;MAGE:1
599,0,0,true,,,utility,cascade,3,75,9550321961,9550333828,17,0,BLUE,false,0,4,3,2,ARCHER:8;ASSASSIN:3;SPIDER:2,GARGOYLE:5;GOLEM:4
600,0,0,true,,,cascade,utility,3,75,9550321961,9550333828,13,0,BLUE,false,0,7,3,2,ARCHER:8;ASSASSIN:3;SPIDER:2,GARGOYLE:5;GOLEM:4
601,0,0,true,,,utility,utility,3,75,9819560042,9819539143,6,0,GREEN,false,9,0,3,2,ARCHER:7;GOLEM:3;SPIDER:1,ARCHER:3;ASSASSIN:8
602,0,0,true,,,utility,utility,3,75,9819560042,9819539143,6,0,GREEN,false,8,0,3,2,ARCHER:7;GOLEM:3;SPIDER:1,ARCHER:3;ASSASSIN:8
603,0,0,true,,,utility,utility,3,75,9819567961,9819548148,17,0,,false,17,8,4,3,ARCHER:1;GOBLIN:13;GOLEM:3,GARGOYLE:1;GOLEM:1;MAGE:8
604,0,0,true,,,utility,utility,3,75,9819567961,9819548148,17,0,,false,17,8,4,3,ARCHER:1;GOBLIN:13;GOLEM:3,GARGOYLE:1;GOLEM:1;MAGE:8
605,0,0,true,,,utility,utility,3,75,9954183042,9954138415,8,0,GREEN,false,4,0,2,3,ASSASSIN:5;SCORPION_RIDER:5,ASSASSIN:10;SPIDER:1
606,0,0,true,,,utility,utility,3,75,9954183042,9954138415,8,0,GREEN,false,4,0,2,3,ASSASSIN:5;SCORPION_RIDER:5,ASSASSIN:10;SPIDER:1
607,0,0,true,,,utility,utility,3,75,9954190961,9954146524,30,0,GREEN,false,2,0,3,3,GARGOYLE:10;GOBLIN:1,GARGOYLE:4;MAGE:6;SPIDER:1
608,0,0,true,,,utility,utility,3,75,9954190961,9954146524,26,0,GREEN,false,4,0,3,3,GARGOYLE:10;GOBLIN:1,GARGOYLE:4;MAGE:6;SPIDER:1
609,0,0,true,,,utility,utility,3,75,10088806042,10088753207,12,0,,false,17,10,3,3,GARGOYLE:6;GOBLIN:11,SCORPION_RIDER:9;SPIDER:1
610,0,0,true,,,utility,utility,3,75,10088806042,10088753207,12,0,,false,17,10,3,3,GARGOYLE:6;GOBLIN:11,SCORPION_RIDER:9;SPIDER:1
611,0,0,true,,,utility,utility,3,75,10088813961,10088860452,13,0,BLUE,false,0,7,3,2,GARGOYLE:6;GOBLIN:6;MAGE:2,ARCHER:8;GOBLIN:9
612,0,0,true,,,utility,utility,3,75,10088813961,10088860452,13,0,BLUE,false,0,7,3,2,GARGOYLE:6;GOBLIN:6;MAGE:2,ARCHER:8;GOBLIN:9
613,0,0,true,,,utility,utility,3,75,89025398042,89025354679,26,0,,false,4,9,3,3,GOLEM:2;MAGE:7;SPIDER:2,MAGE:10;SPIDER:1
614,0,0,true,,,utility,utility,3,75,89025398042,89025354679,24,0,,false,4,10,3,3,GOLEM:2;MAGE:7;SPIDER:2,MAGE:10;SPIDER:1
615,0,0,true,,,utility,utility,3,75,89025405961,89025362596,19,0,,false,9,8,3,3,GARGOYLE:2;GOBLIN:1;MAGE:8,ASSASSIN:2;MAGE:8;SPIDER:1
616,0,0,true,,,utility,utility,3,75,89025405961,89025362596,20,0,,false,3,7,3,3,GARGOYLE:2;GOBLIN:1;MAGE:8,ASSASSIN:2;MAGE:8;SPIDER:1
617,0,0,true,,,utility,utility,3,75,89033317042,89033294879,27,0,,false,8,11,2,3,GARGOYLE:5;GOLEM:4,SCORPION_RIDER:5;SPIDER:11
618,0,0,true,,,utility,utility,3,75,89033317042,89033294879,27,0,,false,8,11,2,3,GARGOYLE:5;GOLEM:4,SCORPION_RIDER:5;SPIDER:11
619,0,0,true,,,utility,utility,3,75,89033324961,89033303820,13,0,BLUE,false,0,9,3,3,SCORPION_RIDER:6;SPIDER:9,ARCHER:4;GOBLIN:2;SPIDER:15
620,0,0,true,,,utility,utility,3,75,89033324961,89033303820,13,0,BLUE,false,0,9,3,3,SCORPION_RIDER:6;SPIDER:9,ARCHER:4;GOBLIN:2;SPIDER:15
621,0,0,true,,,utility,cascade,3,75,89041236042,89041252071,21,0,GREEN,false,5,0,3,4,GARGOYLE:5;GOLEM:3;SPIDER:3,GARGOYLE:6;GOLEM:2;SPIDER:4
622,0,0,true,,,cascade,utility,3,75,89041236042,89041252071,20,0,GREEN,false,3,0,3,4,GARGOYLE:5;GOLEM:3;SPIDER:3,GARGOYLE:6;GOLEM:2;SPIDER:4
623,0,0,true,,,utility,cascade,3,75,89041243961,89041228180,6,0,GREEN,false,11,0,3,3,ARCHER:8;GARGOYLE:3;GOBLIN:2,ARCHER:1;ASSASSIN:7;GOLEM:2
624,0,0,true,,,cascade,utility,3,75,89041243961,89041228180,12,0,GREEN,false,8,0,3,3,ARCHER:8;GARGOYLE:3;GOBLIN:2,ARCHER:1;ASSASSIN:7;GOLEM:2
625,0,0,true,,,utility,cascade,3,75,89049155042,89049176911,13,0,BLUE,false,0,6,3,4,ARCHER:2;ASSASSIN:2;MAGE:7,GOLEM:6;SPIDER:5
626,0,0,true,,,cascade,utility,3,75,89049155042,89049176911,17,0,BLUE,false,0,6,3,4,ARCHER:2;ASSASSIN:2;MAGE:7,GOLEM:6;SPIDER:5
627,0,0,true,,,utility,cascade,3,75,89049162961,89049184892,11,0,BLUE,false,0,5,2,3,ARCHER:7;GOBLIN:11,GOBLIN:9;SCORPION_RIDER:6
628,0,0,true,,,cascade,utility,3,75,89049162961,89049184892,9,0,BLUE,false,0,5,2,3,ARCHER:7;GOBLIN:11,GOBLIN:9;SCORPION_RIDER:6
629,0,0,true,,,utility,cascade,3,75,89057074042,89057117655,6,0,GREEN,false,14,0,3,4,GOBLIN:15;GOLEM:3,ARCHER:1;ASSASSIN:8;GOLEM:1;SPIDER:1
630,0,0,true,,,cascade,utility,3,75,89057074042,89057117655,10,0,GREEN,false,11,0,3,4,GOBLIN:15;GOLEM:3,ARCHER:1;ASSASSIN:8;GOLEM:1;SPIDER:1
631,0,0,true,,,utility,cascade,3,75,89057081961,89057125572,7,0,GREEN,false,4,0,2,2,GOLEM:4;SPIDER:11,ASSASSIN:7;SCORPION_RIDER:3
632,0,0,true,,,cascade,utility,3,75,89057081961,89057125572,14,0,GREEN,false,4,0,2,2,GOLEM:4;SPIDER:11,ASSASSIN:7;SCORPION_RIDER:3
633,0,0,true,,,utility,cascade,3,75,89064993042,89064943551,9,0,BLUE,false,0,16,2,3,MAGE:7;SCORPION_RIDER:3,GOBLIN:2;SCORPION_RIDER:3;SPIDER:15
634,0,0,true,,,cascade,utility,3,75,89064993042,89064943551,21,0,BLUE,false,0,2,2,3,MAGE:7;SCORPION_RIDER:3,GOBLIN:2;SCORPION_RIDER:3;SPIDER:15
635,0,0,true,,,utility,cascade,3,75,89065000961,89065049772,6,0,GREEN,false,7,0,2,3,GOBLIN:11;MAGE:6,ASSASSIN:8;GOBLIN:5;SPIDER:1
636,0,0,true,,,cascade,utility,3,75,89065000961,89065049772,8,0,GREEN,false,4,0,2,3,GOBLIN:11;MAGE:6,ASSASSIN:8;GOBLIN:5;SPIDER:1
637,0,0,true,,,utility,cascade,3,75,89072912042,89072867335,6,0,GREEN,false,6,0,4,3,ASSASSIN:3;GOBLIN:1;GOLEM:1;SCORPION_RIDER:5,ARCHER:7;ASSASSIN:4;SPIDER:1
638,0,0,true,,,cascade,utility,3,75,89072912042,89072867335,8,0,GREEN,false,5,0,4,3,ASSASSIN:3;GOBLIN:1;GOLEM:1;SCORPION_RIDER:5,ARCHER:7;ASSASSIN:4;SPIDER:1
639,0,0,true,,,utility,cascade,3,75,89072919961,89072876340,9,0,BLUE,false,0,11,3,3,MAGE:10;SPIDER:1,GOBLIN:11;MAGE:6
640,0,0,true,,,cascade,utility,3,75,89072919961,89072876340,13,0,BLUE,false,0,10,3,3,MAGE:10;SPIDER:1,GOBLIN:11;MAGE:6
641,0,0,true,,,utility,utility,3,75,89080831042,89080808175,26,0,,false,4,8,3,2,MAGE:4;SPIDER:15,GARGOYLE:5;GOLEM:4
642,0,0,true,,,utility,utility,3,75,89080831042,89080808175,26,0,,false,4,8,3,2,MAGE:4;SPIDER:15,GARGOYLE:5;GOLEM:4
643,0,0,true,,,utility,utility,3,75,89080838961,89080817052,12,0,,false,11,14,3,2,ARCHER:7;GOBLIN:1;GOLEM:3,MAGE:8;SPIDER:6
644,0,0,true,,,utility,utility,3,75,89080838961,89080817052,12,0,,false,11,14,3,2,ARCHER:7;GOBLIN:1;GOLEM:3,MAGE:8;SPIDER:6
645,0,0,true,,,utility,cascade,3,75,10318457042,10318509695,19,0,BLUE,false,0,6,3,4,ASSASSIN:4;GARGOYLE:5;SPIDER:4,ARCHER:1;GARGOYLE:6;GOLEM:2;SPIDER:2
646,0,0,true,,,cascade,utility,3,75,10318457042,10318509695,12,0,BLUE,false,0,9,3,4,ASSASSIN:4;GARGOYLE:5;SPIDER:4,ARCHER:1;GARGOYLE:6;GOLEM:2;SPIDER:2
647,0,0,true,,,utility,cascade,3,75,10318464961,10318485868,16,0,GREEN,false,16,0,3,2,GARGOYLE:6;GOBLIN:11,ARCHER:3;MAGE:8
648,0,0,true,,,cascade,utility,3,75,10318464961,10318485868,12,0,GREEN,false,14,0,3,2,GARGOYLE:6;GOBLIN:11,ARCHER:3;MAGE:8
649,0,0,true,,,utility,utility,3,75,10587703042,10587691439,14,0,GREEN,false,8,0,3,3,ARCHER:8;MAGE:3;SPIDER:2,GARGOYLE:6;MAGE:1;SPIDER:8
650,0,0,true,,,utility,utility,3,75,10587703042,10587691439,14,0,GREEN,false,8,0,3,3,ARCHER:8;MAGE:3;SPIDER:2,GARGOYLE:6;MAGE:1;SPIDER:8
651,0,0,true,,,utility,utility,3,75,10587710961,10587700060,12,0,GREEN,false,7,0,3,2,GARGOYLE:9;SPIDER:4,ASSASSIN:7;SPIDER:8
652,0,0,true,,,utility,utility,3,75,10587710961,10587700060,10,0,GREEN,false,7,0,3,2,GARGOYLE:9;SPIDER:4,ASSASSIN:7;SPIDER:8
653,0,0,true,,,utility,utility,3,75,10722326042,10722306231,21,0,BLUE,false,0,8,4,3,GOBLIN:20;GOLEM:1;SPIDER:1,GARGOYLE:3;GOBLIN:2;SCORPION_RIDER:6
654,0,0,true,,,utility,utility,3,75,10722326042,10722306231,21,0,BLUE,false,0,8,4,3,GOBLIN:20;GOLEM:1;SPIDER:1,GARGOYLE:3;GOBLIN:2;SCORPION_RIDER:6
655,0,0,true,,,utility,utility,3,75,10722333961,10722282404,11,0,BLUE,false,0,9,2,2,SCORPION_RIDER:4;SPIDER:14,GOBLIN:9;SCORPION_RIDER:6
656,0,0,true,,,utility,utility,3,75,10722333961,10722282404,11,0,BLUE,false,0,9,2,2,SCORPION_RIDER:4;SPIDER:14,GOBLIN:9;SCORPION_RIDER:6
657,0,0,true,,,utility,utility,3,75,10856949042,10856905631,28,0,,false,5,4,3,3,SCORPION_RIDER:9;SPIDER:1,GOLEM:4;SCORPION_RIDER:4;SPIDER:1
658,0,0,true,,,utility,utility,3,75,10856949042,10856905631,26,0,,false,7,7,3,3,SCORPION_RIDER:9;SPIDER:1,GOLEM:4;SCORPION_RIDER:4;SPIDER:1
659,0,0,true,,,utility,utility,3,75,10856956961,10857011852,21,0,,false,18,4,3,2,ARCHER:7;GOBLIN:10;SPIDER:1,SCORPION_RIDER:4;SPIDER:14
660,0,0,true,,,utility,utility,3,75,10856956961,10857011852,21,0,,false,18,4,3,2,ARCHER:7;GOBLIN:10;SPIDER:1,SCORPION_RIDER:4;SPIDER:14
661,0,0,true,,,utility,utility,3,75,89817298042,89817344727,16,0,,false,23,9,3,3,ARCHER:1;GOBLIN:11;SPIDER:12,ARCHER:1;GOLEM:4;MAGE:4
662,0,0,true,,,utility,utility,3,75,89817298042,89817344727,16,0,,false,23,9,3,3,ARCHER:1;GOBLIN:11;SPIDER:12,ARCHER:1;GOLEM:4;MAGE:4
663,0,0,true,,,utility,utility,3,75,89817305961,89817320900,29,0,,false,4,5,3,2,GOBLIN:2;GOLEM:4;SPIDER:9,GARGOYLE:5;GOLEM:4
664,0,0,true,,,utility,utility,3,75,89817305961,89817320900,12,0,,false,15,9,3,2,GOBLIN:2;GOLEM:4;SPIDER:9,GARGOYLE:5;GOLEM:4
665,0,0,true,,,utility,cascade,3,75,89825217042,89825268927,5,0,BLUE,false,0,10,3,3,ASSASSIN:8;GOBLIN:1;MAGE:2,GOBLIN:11;GOLEM:4
666,0,0,true,,,cascade,utility,3,75,89825217042,89825268927,3,0,BLUE,false,0,9,3,3,ASSASSIN:8;GOBLIN:1;MAGE:2,GOBLIN:11;GOLEM:4
667,0,0,true,,,utility,cascade,3,75,89825224961,89825277868,9,0,GREEN,false,10,0,3,3,ARCHER:7;GOBLIN:11,ASSASSIN:7;MAGE:3;SPIDER:1
668,0,0,true,,,cascade,utility,3,75,89825224961,89825277868,4,0,GREEN,false,16,0,3,3,ARCHER:7;GOBLIN:11,ASSASSIN:7;MAGE:3;SPIDER:1
669,0,0,true,,,utility,utility,3,75,89833136042,89833079047,9,0,BLUE,false,0,8,3,3,ASSASSIN:8;GOLEM:1;MAGE:1,GOLEM:2;MAGE:1;SCORPION_RIDER:6
670,0,0,true,,,utility,utility,3,75,89833136042,89833079047,7,0,BLUE,false,0,9,3,3,ASSASSIN:8;GOLEM:1;MAGE:1,GOLEM:2;MAGE:1;SCORPION_RIDER:6
671,0,0,true,,,utility,utility,3,75,89833143961,89833087028,9,0,BLUE,false,0,10,4,3,ASSASSIN:5;GARGOYLE:1;GOBLIN:11,GOBLIN:1;SCORPION_RIDER:9
672,0,0,true,,,utility,utility,3,75,89833143961,89833087028,17,0,BLUE,false,0,7,4,3,ASSASSIN:5;GARGOYLE:1;GOBLIN:11,GOBLIN:1;SCORPION_RIDER:9
673,0,0,true,,,utility,cascade,3,75,89841055042,89841036271,10,0,GREEN,false,7,0,3,3,GOBLIN:1;GOLEM:3;SCORPION_RIDER:5,GARGOYLE:3;GOBLIN:1;MAGE:7
674,0,0,true,,,cascade,utility,3,75,89841055042,89841036271,8,0,GREEN,false,8,0,3,3,GOBLIN:1;GOLEM:3;SCORPION_RIDER:5,GARGOYLE:3;GOBLIN:1;MAGE:7
675,0,0,true,,,utility,cascade,3,75,89841062961,89841011356,15,0,GREEN,false,5,0,3,3,GARGOYLE:6;SPIDER:11,GOLEM:3;SPIDER:15
676,0,0,true,,,cascade,utility,3,75,89841062961,89841011356,14,0,GREEN,false,5,0,3,3,GARGOYLE:6;SPIDER:11,GOLEM:3;SPIDER:15
677,0,0,true,,,utility,cascade,3,75,89848974042,89848960119,7,0,GREEN,false,12,0,3,3,ARCHER:12;GOBLIN:1,MAGE:3;SPIDER:18
678,0,0,true,,,cascade,utility,3,75,89848974042,89848960119,8,0,GREEN,false,8,0,3,3,ARCHER:12;GOBLIN:1,MAGE:3;SPIDER:18
679,0,0,true,,,utility,cascade,3,75,89848981961,89848969060,17,0,BLUE,false,0,9,2,3,SPIDER:25,GARGOYLE:10;GOBLIN:1
680,0,0,true,,,cascade,utility,3,75,89848981961,89848969060,11,0,BLUE,false,0,7,2,3,SPIDER:25,GARGOYLE:10;GOBLIN:1
681,0,0,true,,,utility,cascade,3,75,89856893042,89856917215,25,0,BLUE,false,0,4,3,3,GARGOYLE:4;GOBLIN:2;SCORPION_RIDER:5,GOBLIN:1;GOLEM:7
682,0,0,true,,,cascade,utility,3,75,89856893042,89856917215,21,0,BLUE,false,0,4,3,3,GARGOYLE:4;GOBLIN:2;SCORPION_RIDER:5,GOBLIN:1;GOLEM:7
683,0,0,true,,,utility,cascade,3,75,89856900961,89856909772,8,0,GREEN,false,18,0,4,3,ARCHER:1;GOBLIN:20;SCORPION_RIDER:1,ARCHER:7;GARGOYLE:4;GOBLIN:1
684,0,0,true,,,cascade,utility,3,75,89856900961,89856909772,21,0,BLUE,false,0,2,4,3,ARCHER:1;GOBLIN:20;SCORPION_RIDER:1,ARCHER:7;GARGOYLE:4;GOBLIN:1
685,0,0,true,,,utility,utility,3,75,89864812042,89864857767,201,0,,true,15,12,3,3,SCORPION_RIDER:6;SPIDER:9,ARCHER:8;GOBLIN:1;SCORPION_RIDER:3
686,0,0,true,,,utility,utility,3,75,89864812042,89864857767,201,0,,true,15,12,3,3,SCORPION_RIDER:6;SPIDER:9,ARCHER:8;GOBLIN:1;SCORPION_RIDER:3
687,0,0,true,,,utility,utility,3,75,89864819961,89864833620,12,0,,false,11,25,3,3,GARGOYLE:10;GOBLIN:1,GOBLIN:12;SPIDER:13
688,0,0,true,,,utility,utility,3,75,89864819961,89864833620,12,0,,false,11,25,3,3,GARGOYLE:10;GOBLIN:1,GOBLIN:12;SPIDER:13
689,0,0,true,,,utility,cascade,3,75,89872731042,89872782607,13,0,BLUE,false,0,19,2,2,SPIDER:25,GOBLIN:12;SPIDER:13
690,0,0,true,,,cascade,utility,3,75,89872731042,89872782607,9,0,BLUE,false,0,21,2,2,SPIDER:25,GOBLIN:12;SPIDER:13
691,0,0,true,,,utility,cascade,3,75,89872738961,89872790588,23,0,BLUE,false,0,6,3,3,GOBLIN:12;GOLEM:3;SCORPION_RIDER:1,GARGOYLE:6;GOBLIN:11
692,0,0,true,,,cascade,utility,3,75,89872738961,89872790588,16,0,BLUE,false,0,6,3,3,GOBLIN:12;GOLEM:3;SCORPION_RIDER:1,GARGOYLE:6;GOBLIN:11
693,0,0,true,,,utility,cascade,3,75,11086600042,11086645703,9,0,BLUE,false,0,4,2,4,GOBLIN:10;SPIDER:15,ARCHER:4;GOBLIN:1;GOLEM:4;SCORPION_RIDER:1
694,0,0,true,,,cascade,utility,3,75,11086600042,11086645703,8,0,GREEN,false,12,0,2,4,GOBLIN:10;SPIDER:15,ARCHER:4;GOBLIN:1;GOLEM:4;SCORPION_RIDER:1
695,0,0,true,,,utility,cascade,3,75,11086607961,11086653684,11,0,BLUE,false,0,4,2,3,MAGE:7;SCORPION_RIDER:3,GARGOYLE:2;MAGE:8;SPIDER:1
696,0,0,true,,,cascade,utility,3,75,11086607961,11086653684,9,0,BLUE,false,0,6,2,3,MAGE:7;SCORPION_RIDER:3,GARGOYLE:2;MAGE:8;SPIDER:1
697,0,0,true,,,utility,utility,3,75,11355846042,11355859767,9,0,BLUE,false,0,9,3,3,GOBLIN:1;MAGE:8;SPIDER:5,ASSASSIN:7;GARGOYLE:3;GOBLIN:1
698,0,0,true,,,utility,utility,3,75,11355846042,11355859767,9,0,BLUE,false,0,9,3,3,GOBLIN:1;MAGE:8;SPIDER:5,ASSASSIN:7;GARGOYLE:3;GOBLIN:1
699,0,0,true,,,utility,utility,3,75,11355853961,11355834916,24,0,,false,14,6,3,3,ARCHER:1;GARGOYLE:5;SPIDER:11,ASSASSIN:3;GOBLIN:2;SCORPION_RIDER:6
700,0,0,true,,,utility,utility,3,75,11355853961,11355834916,25,0,,false,16,6,3,3,ARCHER:1;GARGOYLE:5;SPIDER:11,ASSASSIN:3;GOBLIN:2;SCORPION_RIDER:6
701,0,0,true,,,utility,utility,3,75,11490469042,11490458143,24,0,,false,15,8,3,3,GARGOYLE:4;GOBLIN:1;SPIDER:14,GOLEM:3;SCORPION_RIDER:5;SPIDER:1
702,0,0,true,,,utility,utility,3,75,11490469042,11490458143,24,0,,false,15,8,3,3,GARGOYLE:4;GOBLIN:1;SPIDER:14,GOLEM:3;SCORPION_RIDER:5;SPIDER:1
703,0,0,true,,,utility,utility,3,75,11490476961,11490434316,20,0,,false,5,15,3,2,GARGOYLE:5;GOBLIN:1;MAGE:5,MAGE:7;SPIDER:8
704,0,0,true,,,utility,utility,3,75,11490476961,11490434316,18,0,,false,5,14,3,2,GARGOYLE:5;GOBLIN:1;MAGE:5,MAGE:7;SPIDER:8
705,0,0,true,,,utility,utility,3,75,11625092042,11625041255,13,0,BLUE,false,0,5,2,4,GARGOYLE:6;SPIDER:11,ASSASSIN:2;GOBLIN:2;MAGE:1;SCORPION_RIDER:6
706,0,0,true,,,utility,utility,3,75,11625092042,11625041255,20,0,GREEN,false,6,0,2,4,GARGOYLE:6;SPIDER:11,ASSASSIN:2;GOBLIN:2;MAGE:1;SCORPION_RIDER:6
707,0,0,true,,,utility,utility,3,75,11625099961,11625049108,17,0,BLUE,false,0,2,2,3,SCORPION_RIDER:4;SPIDER:14,GOLEM:3;SPIDER:15
708,0,0,true,,,utility,utility,3,75,11625099961,11625049108,18,0,BLUE,false,0,4,2,3,SCORPION_RIDER:4;SPIDER:14,GOLEM:3;SPIDER:15
709,0,0,true,,,utility,cascade,3,75,90609198042,90609188215,15,0,BLUE,false,0,12,3,3,ARCHER:8;GOBLIN:1;SCORPION_RIDER:3,GOBLIN:13;SPIDER:12
710,0,0,true,,,cascade,utility,3,75,90609198042,90609188215,14,0,GREEN,false,6,0,3,3,ARCHER:8;GOBLIN:1;SCORPION_RIDER:3,GOBLIN:13;SPIDER:12
711,0,0,true,,,utility,cascade,3,75,90609205961,90609163364,16,0,GREEN,false,3,0,2,3,GOBLIN:12;SPIDER:13,GARGOYLE:1;GOBLIN:9;GOLEM:4
712,0,0,true,,,cascade,utility,3,75,90609205961,90609163364,10,0,GREEN,false,13,0,2,3,GOBLIN:12;SPIDER:13,GARGOYLE:1;GOBLIN:9;GOLEM:4
713,0,0,true,,,utility,cascade,3,75,90617117042,90617128927,14,0,GREEN,false,7,0,3,2,ARCHER:7;ASSASSIN:4;GOBLIN:1,MAGE:7;SCORPION_RIDER:3
714,0,0,true,,,cascade,utility,3,75,90617117042,90617128927,9,0,BLUE,false,0,3,3,2,ARCHER:7;ASSASSIN:4;GOBLIN:1,MAGE:7;SCORPION_RIDER:3
715,0,0,true,,,utility,cascade,3,75,90617124961,90617104076,19,0,BLUE,false,0,5,2,2,MAGE:8;SPIDER:6,GOLEM:4;SPIDER:11
716,0,0,true,,,cascade,utility,3,75,90617124961,90617104076,23,0,BLUE,false,0,10,2,2,MAGE:8;SPIDER:6,GOLEM:4;SPIDER:11
717,0,0,true,,,utility,cascade,3,75,90625036042,90625053095,7,0,BLUE,false,0,5,3,2,ASSASSIN:9;GOBLIN:4,GOBLIN:11;MAGE:6
718,0,0,true,,,cascade,utility,3,75,90625036042,90625053095,6,0,BLUE,false,0,5,3,2,ASSASSIN:9;GOBLIN:4,GOBLIN:11;MAGE:6
719,0,0,true,,,utility,cascade,3,75,90625043961,90625061716,6,0,GREEN,false,11,0,3,3,ASSASSIN:1;GARGOYLE:5;GOBLIN:11,ASSASSIN:7;GOLEM:2;SPIDER:2
720,0,0,true,,,cascade,utility,3,75,90625043961,90625061716,14,0,GREEN,false,14,0,3,3,ASSASSIN:1;GARGOYLE:5;GOBLIN:11,ASSASSIN:7;GOLEM:2;SPIDER:2
721,0,0,true,,,utility,utility,3,75,90632955042,90633009679,20,0,,false,5,10,3,3,ASSASSIN:5;GARGOYLE:5;SPIDER:1,GARGOYLE:2;MAGE:8;SPIDER:1
722,0,0,true,,,utility,utility,3,75,90632955042,90633009679,20,0,,false,5,10,3,3,ASSASSIN:5;GARGOYLE:5;SPIDER:1,GARGOYLE:2;MAGE:8;SPIDER:1
723,0,0,true,,,utility,utility,3,75,90632962961,90632985916,11,0,BLUE,false,0,8,2,2,ARCHER:3;MAGE:8,GOBLIN:8;MAGE:7
724,0,0,true,,,utility,utility,3,75,90632962961,90632985916,11,0,BLUE,false,0,5,2,2,ARCHER:3;MAGE:8,GOBLIN:8;MAGE:7
725,0,0,true,,,utility,utility,3,75,90640874042,90640819351,6,0,GREEN,false,9,0,3,3,ASSASSIN:8;GOBLIN:1;SCORPION_RIDER:2,ASSASSIN:2;MAGE:8;SPIDER:1
726,0,0,true,,,utility,utility,3,75,90640874042,90640819351,6,0,GREEN,false,9,0,3,3,ASSASSIN:8;GOBLIN:1;SCORPION_RIDER:2,ASSASSIN:2;MAGE:8;SPIDER:1
727,0,0,true,,,utility,utility,3,75,90640881961,90640926596,12,0,,false,15,25,2,2,GOBLIN:11;GOLEM:4,GOBLIN:12;SPIDER:13
728,0,0,true,,,utility,utility,3,75,90640881961,90640926596,12,0,,false,15,25,2,2,GOBLIN:11;GOLEM:4,GOBLIN:12;SPIDER:13
729,0,0,true,,,utility,cascade,3,75,90648793042,90648744319,33,0,BLUE,false,0,4,3,2,GOLEM:7;SPIDER:1,GARGOYLE:5;GOLEM:4
730,0,0,true,,,cascade,utility,3,75,90648793042,90648744319,25,0,BLUE,false,0,5,3,2,GOLEM:7;SPIDER:1,GARGOYLE:5;GOLEM:4
731,0,0,true,,,utility,cascade,3,75,90648800961,90648752236,7,0,GREEN,false,9,0,2,3,GOBLIN:11;SPIDER:14,ASSASSIN:7;GOBLIN:2;GOLEM:2
732,0,0,true,,,cascade,utility,3,75,90648800961,90648752236,8,0,GREEN,false,9,0,2,3,GOBLIN:11;SPIDER:14,ASSASSIN:7;GOBLIN:2;GOLEM:2
733,0,0,true,,,utility,utility,3,75,90656712042,90656701383,12,0,GREEN,false,5,0,3,2,ARCHER:4;GARGOYLE:6;SCORPION_RIDER:1,ARCHER:7;SCORPION_RIDER:4
734,0,0,true,,,utility,utility,3,75,90656712042,90656701383,12,0,GREEN,false,5,0,3,2,ARCHER:4;GARGOYLE:6;SCORPION_RIDER:1,ARCHER:7;SCORPION_RIDER:4
735,0,0,true,,,utility,utility,3,75,90656719961,90656676596,40,0,,false,1,5,3,2,ARCHER:1;GARGOYLE:3;SPIDER:16,GARGOYLE:5;GOLEM:4
736,0,0,true,,,utility,utility,3,75,90656719961,90656676596,38,0,,false,1,6,3,2,ARCHER:1;GARGOYLE:3;SPIDER:16,GARGOYLE:5;GOLEM:4
737,0,0,true,,,utility,utility,3,75,90664631042,90664641967,12,0,GREEN,false,4,0,3,2,ARCHER:5;GOLEM:4;SPIDER:1,MAGE:5;SPIDER:13
738,0,0,true,,,utility,utility,3,75,90664631042,90664641967,10,0,GREEN,false,4,0,3,2,ARCHER:5;GOLEM:4;SPIDER:1,MAGE:5;SPIDER:13
739,0,0,true,,,utility,utility,3,75,90664638961,90664617820,16,0,GREEN,false,11,0,3,3,GOBLIN:11;SCORPION_RIDER:5,GARGOYLE:3;MAGE:7;SPIDER:1
740,0,0,true,,,utility,utility,3,75,90664638961,90664617820,16,0,GREEN,false,11,0,3,3,GOBLIN:11;SCORPION_RIDER:5,GARGOYLE:3;MAGE:7;SPIDER:1
741,0,0,true,,,utility,cascade,3,75,11854743042,11854796975,16,0,GREEN,false,3,0,2,3,ASSASSIN:8;GOBLIN:6,ARCHER:3;ASSASSIN:7;GOBLIN:2
742,0,0,true,,,cascade,utility,3,75,11854743042,11854796975,10,0,GREEN,false,5,0,2,3,ASSASSIN:8;GOBLIN:6,ARCHER:3;ASSASSIN:7;GOBLIN:2
743,0,0,true,,,utility,cascade,3,75,11854750961,11854805596,19,0,BLUE,false,0,1,3,3,GOBLIN:10;GOLEM:4;SPIDER:1,ARCHER:1;GOBLIN:12;SCORPION_RIDER:4
744,0,0,true,,,cascade,utility,3,75,11854750961,11854805596,14,0,GREEN,false,3,0,3,3,GOBLIN:10;GOLEM:4;SPIDER:1,ARCHER:1;GOBLIN:12;SCORPION_RIDER:4
745,0,0,true,,,utility,utility,3,75,12123989042,12124011167,8,0,GREEN,false,9,0,2,3,GARGOYLE:5;SCORPION_RIDER:5,MAGE:10;SPIDER:1
746,0,0,true,,,utility,utility,3,75,12123989042,12124011167,6,0,GREEN,false,10,0,2,3,GARGOYLE:5;SCORPION_RIDER:5,MAGE:10;SPIDER:1
747,0,0,true,,,utility,utility,3,75,12123996961,12123987340,15,0,,false,10,9,3,3,ARCHER:5;GOLEM:4;SPIDER:1,ASSASSIN:2;GOBLIN:1;MAGE:8
748,0,0,true,,,utility,utility,3,75,12123996961,12123987340,15,0,,false,10,9,3,3,ARCHER:5;GOLEM:4;SPIDER:1,ASSASSIN:2;GOBLIN:1;MAGE:8
749,0,0,true,,,utility,utility,3,75,12258612042,12258594279,5,0,BLUE,false,0,9,4,3,ARCHER:1;ASSASSIN:8;GOLEM:1;SPIDER:1,ARCHER:4;GOBLIN:1;SCORPION_RIDER:6
750,0,0,true,,,utility,utility,3,75,12258612042,12258594279,5,0,BLUE,false,0,9,4,3,ARCHER:1;ASSASSIN:8;GOLEM:1;SPIDER:1,ARCHER:4;GOBLIN:1;SCORPION_RIDER:6
751,0,0,true,,,utility,utility,3,75,12258619961,12258602132,11,0,GREEN,false,5,0,3,3,GOBLIN:1;SPIDER:24,ARCHER:1;SPIDER:23
752,0,0,true,,,utility,utility,3,75,12258619961,12258602132,11,0,BLUE,false,0,2,3,3,GOBLIN:1;SPIDER:24,ARCHER:1;SPIDER:23
753,0,0,true,,,utility,utility,3,75,12393235042,12393192655,7,0,BLUE,false,0,4,3,2,ARCHER:8;ASSASSIN:3;SPIDER:2,ASSASSIN:5;SCORPION_RIDER:5
754,0,0,true,,,utility,utility,3,75,12393235042,12393192655,7,0,BLUE,false,0,4,3,2,ARCHER:8;ASSASSIN:3;SPIDER:2,ASSASSIN:5;SCORPION_RIDER:5
755,0,0,true,,,utility,utility,3,75,12393242961,12393201660,21,0,,false,3,15,3,2,GOLEM:3;MAGE:6;SPIDER:1,GOBLIN:10;SPIDER:15
756,0,0,true,,,utility,utility,3,75,12393242961,12393201660,13,0,BLUE,false,0,16,3,2,GOLEM:3;MAGE:6;SPIDER:1,GOBLIN:10;SPIDER:15
757,0,0,true,,,utility,cascade,3,75,91401098042,91401145751,5,0,GREEN,false,17,0,2,2,ARCHER:7;GOBLIN:11,GOBLIN:8;MAGE:7
758,0,0,true,,,cascade,utility,3,75,91401098042,91401145751,6,0,GREEN,false,15,0,2,2,ARCHER:7;GOBLIN:11,GOBLIN:8;MAGE:7
759,0,0,true,,,utility,cascade,3,75,91401105961,91401153668,10,0,GREEN,false,9,0,3,3,ARCHER:7;GARGOYLE:4;GOBLIN:1,ASSASSIN:1;GOLEM:2;SCORPION_RIDER:6
760,0,0,true,,,cascade,utility,3,75,91401105961,91401153668,14,0,GREEN,false,6,0,3,3,ARCHER:7;GARGOYLE:4;GOBLIN:1,ASSASSIN:1;GOLEM:2;SCORPION_RIDER:6
761,0,0,true,,,utility,utility,3,75,91409017042,91408971391,17,0,,false,10,8,3,3,ARCHER:8;ASSASSIN:3;SPIDER:2,ASSASSIN:3;GOBLIN:1;MAGE:7
762,0,0,true,,,utility,utility,3,75,91409017042,91408971391,10,0,GREEN,false,7,0,3,3,ARCHER:8;ASSASSIN:3;SPIDER:2,ASSASSIN:3;GOBLIN:1;MAGE:7
763,0,0,true,,,utility,utility,3,75,91409024961,91409078636,4,0,GREEN,false,15,0,2,3,ARCHER:6;SPIDER:13,ASSASSIN:4;SCORPION_RIDER:1;SPIDER:13
764,0,0,true,,,utility,utility,3,75,91409024961,91409078636,4,0,GREEN,false,15,0,2,3,ARCHER:6;SPIDER:13,ASSASSIN:4;SCORPION_RIDER:1;SPIDER:13
765,0,0,true,,,utility,utility,3,75,91416936042,91416912071,12,0,,false,12,12,4,3,MAGE:1;SCORPION_RIDER:7;SPIDER:4,ARCHER:9;MAGE:3
766,0,0,true,,,utility,utility,3,75,91416936042,91416912071,12,0,,false,12,12,4,3,MAGE:1;SCORPION_RIDER:7;SPIDER:4,ARCHER:9;MAGE:3
767,0,0,true,,,utility,utility,3,75,91416943961,91416888308,15,0,,false,13,11,3,3,ARCHER:8;MAGE:3;SPIDER:2,ARCHER:8;GARGOYLE:3;GOBLIN:2
768,0,0,true,,,utility,utility,3,75,91416943961,91416888308,15,0,,false,13,11,3,3,ARCHER:8;MAGE:3;SPIDER:2,ARCHER:8;GARGOYLE:3;GOBLIN:2
769,0,0,true,,,utility,utility,3,75,91424855042,91424836271,18,0,,false,10,18,3,2,ARCHER:8;GOBLIN:2;MAGE:3,ARCHER:7;GOBLIN:11
770,0,0,true,,,utility,utility,3,75,91424855042,91424836271,24,0,,false,8,18,3,2,ARCHER:8;GOBLIN:2;MAGE:3,ARCHER:7;GOBLIN:11
771,0,0,true,,,utility,utility,3,75,91424862961,91424844892,15,0,BLUE,false,0,11,2,3,SCORPION_RIDER:5;SPIDER:11,GOBLIN:10;SPIDER:15
772,0,0,true,,,utility,utility,3,75,91424862961,91424844892,23,0,,false,10,11,2,3,SCORPION_RIDER:5;SPIDER:11,GOBLIN:10;SPIDER:15
773,0,0,true,,,utility,utility,3,75,91432774042,91432793911,19,0,BLUE,false,0,5,2,3,ARCHER:5;SPIDER:15,GARGOYLE:6;SCORPION_RIDER:4
774,0,0,true,,,utility,utility,3,75,91432774042,91432793911,17,0,BLUE,false,0,5,2,3,ARCHER:5;SPIDER:15,GARGOYLE:6;SCORPION_RIDER:4
775,0,0,true,,,utility,utility,3,75,91432781961,91432769060,11,0,BLUE,false,0,18,3,2,GARGOYLE:3;GOBLIN:1;MAGE:7,ARCHER:7;SPIDER:11
776,0,0,true,,,utility,utility,3,75,91432781961,91432769060,16,0,,false,7,18,3,2,GARGOYLE:3;GOBLIN:1;MAGE:7,ARCHER:7;SPIDER:11
777,0,0,true,,,utility,utility,3,75,91440693042,91440734623,11,0,BLUE,false,0,4,3,2,ARCHER:12;GOBLIN:1,ARCHER:7;SCORPION_RIDER:4
778,0,0,true,,,utility,utility,3,75,91440693042,91440734623,11,0,BLUE,false,0,4,3,2,ARCHER:12;GOBLIN:1,ARCHER:7;SCORPION_RIDER:4
779,0,0,true,,,utility,utility,3,75,91440700961,91440709772,8,0,GREEN,false,13,0,3,3,GOBLIN:10;SCORPION_RIDER:5;SPIDER:1,ASSASSIN:8;GOBLIN:1;MAGE:2
780,0,0,true,,,utility,utility,3,75,91440700961,91440709772,8,0,GREEN,false,15,0,3,3,GOBLIN:10;SCORPION_RIDER:5;SPIDER:1,ASSASSIN:8;GOBLIN:1;MAGE:2
781,0,0,true,,,utility,cascade,3,75,91448612042,91448658535,22,0,GREEN,false,7,0,3,3,GARGOYLE:3;MAGE:7;SPIDER:1,ARCHER:1;GARGOYLE:3;SPIDER:16
782,0,0,true,,,cascade,utility,3,75,91448612042,91448658535,11,0,BLUE,false,0,10,3,3,GARGOYLE:3;MAGE:7;SPIDER:1,ARCHER:1;GARGOYLE:3;SPIDER:16
783,0,0,true,,,utility,cascade,3,75,91448619961,91448667412,21,0,GREEN,false,7,0,3,3,GARGOYLE:10;SPIDER:1,ARCHER:1;GOLEM:3;SPIDER:13
784,0,0,true,,,cascade,utility,3,75,91448619961,91448667412,24,0,GREEN,false,6,0,3,3,GARGOYLE:10;SPIDER:1,ARCHER:1;GOLEM:3;SPIDER:13
785,0,0,true,,,utility,utility,3,75,91456531042,91456484559,10,0,GREEN,false,4,0,3,3,ASSASSIN:1;SCORPION_RIDER:5;SPIDER:9,ASSASSIN:8;GOLEM:1;MAGE:1
786,0,0,true,,,utility,utility,3,75,91456531042,91456484559,10,0,GREEN,false,4,0,3,3,ASSASSIN:1;SCORPION_RIDER:5;SPIDER:9,ASSASSIN:8;GOLEM:1;MAGE:1
787,0,0,true,,,utility,utility,3,75,91456538961,91456591868,14,0,,false,24,17,3,2,GOBLIN:11;SPIDER:14,GARGOYLE:6;GOBLIN:11
788,0,0,true,,,utility,utility,3,75,91456538961,91456591868,14,0,,false,24,17,3,2,GOBLIN:11;SPIDER:14,GARGOYLE:6;GOBLIN:11
789,0,0,true,,,utility,cascade,3,75,12622886042,12622834231,15,0,BLUE,false,0,6,3,3,GOBLIN:6;MAGE:8,ARCHER:5;GOBLIN:1;GOLEM:4
790,0,0,true,,,cascade,utility,3,75,12622886042,12622834231,9,0,BLUE,false,0,6,3,3,GOBLIN:6;MAGE:8,ARCHER:5;GOBLIN:1;GOLEM:4
791,0,0,true,,,utility,cascade,3,75,12622893961,12622941476,18,0,GREEN,false,6,0,3,3,ARCHER:6;GOBLIN:12;SPIDER:1,ARCHER:8;SPIDER:9
792,0,0,true,,,cascade,utility,3,75,12622893961,12622941476,12,0,GREEN,false,15,0,3,3,ARCHER:6;GOBLIN:12;SPIDER:1,ARCHER:8;SPIDER:9
793,0,0,true,,,utility,utility,3,75,12892132042,12892146791,24,0,,false,3,3,3,3,GOBLIN:1;GOLEM:3;SPIDER:14,ARCHER:1;MAGE:4;SCORPION_RIDER:5
794,0,0,true,,,utility,utility,3,75,12892132042,12892146791,24,0,,false,3,3,3,3,GOBLIN:1;GOLEM:3;SPIDER:14,ARCHER:1;MAGE:4;SCORPION_RIDER:5
795,0,0,true,,,utility,utility,3,75,12892139961,12892155668,18,0,,false,1,18,3,4,ASSASSIN:10;SPIDER:1,GOBLIN:21;SCORPION_RIDER:1;SPIDER:1
796,0,0,true,,,utility,utility,3,75,12892139961,12892155668,18,0,,false,1,18,3,4,ASSASSIN:10;SPIDER:1,GOBLIN:21;SCORPION_RIDER:1;SPIDER:1
797,0,0,true,,,utility,utility,3,75,13026755042,13026746191,24,0,GREEN,false,11,0,2,3,GARGOYLE:5;SPIDER:13,GARGOYLE:6;SCORPION_RIDER:4
798,0,0,true,,,utility,utility,3,75,13026755042,13026746191,24,0,GREEN,false,11,0,2,3,GARGOYLE:5;SPIDER:13,GARGOYLE:6;SCORPION_RIDER:4
799,0,0,true,,,utility,utility,3,75,13026762961,13026754172,14,0,GREEN,false,3,0,2,3,GOLEM:3;SPIDER:15,ASSASSIN:7;MAGE:3;SPIDER:1
800,0,0,true,,,utility,utility,3,75,13026762961,13026754172,12,0,GREEN,false,3,0,2,3,GOLEM:3;SPIDER:15,ASSASSIN:7;MAGE:3;SPIDER:1
801,0,0,true,,,utility,utility,3,75,13161378042,13161360983,20,0,,false,1,4,3,4,ASSASSIN:8;MAGE:2;SPIDER:1,ARCHER:4;GOBLIN:1;GOLEM:4;SCORPION_RIDER:1
802,0,0,true,,,utility,utility,3,75,13161378042,13161360983,18,0,,false,1,8,3,4,ASSASSIN:8;MAGE:2;SPIDER:1,ARCHER:4;GOBLIN:1;GOLEM:4;SCORPION_RIDER:1
803,0,0,true,,,utility,utility,3,75,13161385961,13161337156,35,0,BLUE,false,0,2,3,2,ARCHER:2;ASSASSIN:8;GOBLIN:2,GARGOYLE:5;SPIDER:13
804,0,0,true,,,utility,utility,3,75,13161385961,13161337156,32,0,GREEN,false,1,0,3,2,ARCHER:2;ASSASSIN:8;GOBLIN:2,GARGOYLE:5;SPIDER:13
805,0,0,true,,,utility,cascade,3,75,92192998042,92192988215,8,0,GREEN,false,9,0,2,3,SPIDER:25,ASSASSIN:7;GOBLIN:1;MAGE:3
806,0,0,true,,,cascade,utility,3,75,92192998042,92192988215,21,0,BLUE,false,0,3,2,3,SPIDER:25,ASSASSIN:7;GOBLIN:1;MAGE:3
807,0,0,true,,,utility,cascade,3,75,92193005961,92192997156,10,0,GREEN,false,14,0,4,3,ARCHER:1;GOBLIN:12;SCORPION_RIDER:4,MAGE:4;SPIDER:15
808,0,0,true,,,cascade,utility,3,75,92193005961,92192997156,10,0,GREEN,false,11,0,4,3,ARCHER:1;GOBLIN:12;SCORPION_RIDER:4,MAGE:4;SPIDER:15
809,0,0,true,,,utility,cascade,3,75,92200917042,92200928927,6,0,GREEN,false,8,0,2,3,GARGOYLE:5;SCORPION_RIDER:5,ARCHER:8;SCORPION_RIDER:3;SPIDER:1
810,0,0,true,,,cascade,utility,3,75,92200917042,92200928927,18,0,GREEN,false,5,0,2,3,GARGOYLE:5;SCORPION_RIDER:5,ARCHER:8;SCORPION_RIDER:3;SPIDER:1
811,0,0,true,,,utility,cascade,3,75,92200924961,92200937868,6,0,GREEN,false,15,0,3,3,GOBLIN:12;GOLEM:3;SCORPION_RIDER:1,ASSASSIN:8;GOBLIN:1;MAGE:2
812,0,0,true,,,cascade,utility,3,75,92200924961,92200937868,10,0,GREEN,false,12,0,3,3,GOBLIN:12;GOLEM:3;SCORPION_RIDER:1,ASSASSIN:8;GOBLIN:1;MAGE:2
813,0,0,true,,,utility,cascade,3,75,92208836042,92208886631,9,0,GREEN,false,4,0,3,2,ARCHER:6;GOBLIN:10;MAGE:1,ASSASSIN:5;SCORPION_RIDER:5
814,0,0,true,,,cascade,utility,3,75,92208836042,92208886631,6,0,BLUE,false,0,5,3,2,ARCHER:6;GOBLIN:10;MAGE:1,ASSASSIN:5;SCORPION_RIDER:5
815,0,0,true,,,utility,cascade,3,75,92208843961,92208861716,16,0,GREEN,false,3,0,3,3,ASSASSIN:1;GOBLIN:12;SCORPION_RIDER:4,SCORPION_RIDER:3;SPIDER:17
816,0,0,true,,,cascade,utility,3,75,92208843961,92208861716,6,0,GREEN,false,11,0,3,3,ASSASSIN:1;GOBLIN:12;SCORPION_RIDER:4,SCORPION_RIDER:3;SPIDER:17
817,0,0,true,,,utility,cascade,3,75,92216755042,92216810959,12,0,GREEN,false,4,0,3,2,GOLEM:4;SCORPION_RIDER:1;SPIDER:9,ASSASSIN:4;SPIDER:15
818,0,0,true,,,cascade,utility,3,75,92216755042,92216810959,12,0,GREEN,false,5,0,3,2,GOLEM:4;SCORPION_RIDER:1;SPIDER:9,ASSASSIN:4;SPIDER:15
819,0,0,true,,,utility,cascade,3,75,92216762961,92216818940,6,0,GREEN,false,10,0,3,3,GARGOYLE:1;GOBLIN:9;GOLEM:4,ASSASSIN:7;GOBLIN:1;SPIDER:7
820,0,0,true,,,cascade,utility,3,75,92216762961,92216818940,14,0,GREEN,false,10,0,3,3,GARGOYLE:1;GOBLIN:9;GOLEM:4,ASSASSIN:7;GOBLIN:1;SPIDER:7
821,0,0,true,,,utility,utility,3,75,92224674042,92224620119,9,0,BLUE,false,0,9,3,3,ARCHER:6;GARGOYLE:5;SPIDER:1,GOLEM:2;MAGE:1;SCORPION_RIDER:6
822,0,0,true,,,utility,utility,3,75,92224674042,92224620119,11,0,BLUE,false,0,6,3,3,ARCHER:6;GARGOYLE:5;SPIDER:1,GOLEM:2;MAGE:1;SCORPION_RIDER:6
823,0,0,true,,,utility,utility,3,75,92224681961,92224629060,24,0,,false,2,10,3,3,GARGOYLE:2;GOBLIN:1;MAGE:8,ARCHER:8;GARGOYLE:3;SPIDER:2
824,0,0,true,,,utility,utility,3,75,92224681961,92224629060,17,0,BLUE,false,0,9,3,3,GARGOYLE:2;GOBLIN:1;MAGE:8,ARCHER:8;GARGOYLE:3;SPIDER:2
825,0,0,true,,,utility,utility,3,75,92232593042,92232577087,7,0,BLUE,false,0,11,3,2,ASSASSIN:8;GARGOYLE:2;GOBLIN:1,GOBLIN:11;GOLEM:4
826,0,0,true,,,utility,utility,3,75,92232593042,92232577087,7,0,BLUE,false,0,10,3,2,ASSASSIN:8;GARGOYLE:2;GOBLIN:1,GOBLIN:11;GOLEM:4
827,0,0,true,,,utility,utility,3,75,92232600961,92232553260,15,0,BLUE,false,0,4,3,2,ARCHER:7;GOBLIN:2;SPIDER:9,GOLEM:4;MAGE:5
828,0,0,true,,,utility,utility,3,75,92232600961,92232553260,15,0,BLUE,false,0,4,3,2,ARCHER:7;GOBLIN:2;SPIDER:9,GOLEM:4;MAGE:5
829,0,0,true,,,utility,utility,3,75,92240512042,92240501383,18,0,,false,5,17,3,3,GOBLIN:1;GOLEM:4;SPIDER:10,GOBLIN:13;MAGE:5
830,0,0,true,,,utility,utility,3,75,92240512042,92240501383,18,0,,false,5,17,3,3,GOBLIN:1;GOLEM:4;SPIDER:10,GOBLIN:13;MAGE:5
831,0,0,true,,,utility,utility,3,75,92240519961,92240510388,10,0,GREEN,false,4,0,3,3,ASSASSIN:4;MAGE:1;SCORPION_RIDER:5,ARCHER:1;ASSASSIN:7;GOLEM:2
832,0,0,true,,,utility,utility,3,75,92240519961,92240510388,18,0,GREEN,false,4,0,3,3,ASSASSIN:4;MAGE:1;SCORPION_RIDER:5,ARCHER:1;ASSASSIN:7;GOLEM:2
833,0,0,true,,,utility,utility,3,75,92248431042,92248442735,12,0,GREEN,false,10,0,2,2,GARGOYLE:5;SCORPION_RIDER:5,ARCHER:4;MAGE:7
834,0,0,true,,,utility,utility,3,75,92248431042,92248442735,12,0,GREEN,false,10,0,2,2,GARGOYLE:5;SCORPION_RIDER:5,ARCHER:4;MAGE:7
835,0,0,true,,,utility,utility,3,75,92248438961,92248450588,30,0,,false,9,8,3,2,GARGOYLE:6;SPIDER:11,ARCHER:8;GOBLIN:9
836,0,0,true,,,utility,utility,3,75,92248438961,92248450588,34,0,,false,9,8,3,2,GARGOYLE:6;SPIDER:11,ARCHER:8;GOBLIN:9
837,0,0,true,,,utility,cascade,3,75,92984898042,92984848215,9,0,BLUE,false,0,6,3,3,ASSASSIN:8;GOLEM:1;SPIDER:3,GOBLIN:2;SCORPION_RIDER:6;SPIDER:7
838,0,0,true,,,cascade,utility,3,75,92984898042,92984848215,7,0,BLUE,false,0,6,3,3,ASSASSIN:8;GOLEM:1;SPIDER:3,GOBLIN:2;SCORPION_RIDER:6;SPIDER:7
839,0,0,true,,,utility,cascade,3,75,92984905961,92984954436,13,0,BLUE,false,0,5,3,3,ARCHER:1;GOBLIN:9;GOLEM:4,GOBLIN:7;SCORPION_RIDER:6;SPIDER:2
840,0,0,true,,,cascade,utility,3,75,92984905961,92984954436,14,0,BLUE,false,0,8,3,3,ARCHER:1;GOBLIN:9;GOLEM:4,GOBLIN:7;SCORPION_RIDER:6;SPIDER:2
841,0,0,true,,,utility,cascade,3,75,92992817042,92992772415,5,0,BLUE,false,0,16,3,3,MAGE:8;SPIDER:6,GARGOYLE:6;GOBLIN:10;SPIDER:1
842,0,0,true,,,cascade,utility,3,75,92992817042,92992772415,5,0,BLUE,false,0,16,3,3,MAGE:8;SPIDER:6,GARGOYLE:6;GOBLIN:10;SPIDER:1
843,0,0,true,,,utility,cascade,3,75,92992824961,92992780332,8,0,GREEN,false,9,0,3,3,ARCHER:4;GOBLIN:1;SCORPION_RIDER:6,GOBLIN:1;SPIDER:24
844,0,0,true,,,cascade,utility,3,75,92992824961,92992780332,6,0,GREEN,false,9,0,3,3,ARCHER:4;GOBLIN:1;SCORPION_RIDER:6,GOBLIN:1;SPIDER:24
845,0,0,true,,,utility,cascade,3,75,93000736042,93000713095,13,0,BLUE,false,0,8,2,3,ARCHER:3;MAGE:8,GARGOYLE:1;GOLEM:2;SCORPION_RIDER:6
846,0,0,true,,,cascade,utility,3,75,93000736042,93000713095,5,0,BLUE,false,0,9,2,3,ARCHER:3;MAGE:8,GARGOYLE:1;GOLEM:2;SCORPION_RIDER:6
847,0,0,true,,,utility,cascade,3,75,93000743961,93000721076,6,0,GREEN,false,8,0,3,2,ASSASSIN:10;SPIDER:1,SPIDER:25
848,0,0,true,,,cascade,utility,3,75,93000743961,93000721076,7,0,BLUE,false,0,5,3,2,ASSASSIN:10;SPIDER:1,SPIDER:25
849,0,0,true,,,utility,cascade,3,75,93008655042,93008669807,10,0,GREEN,false,9,0,3,3,SCORPION_RIDER:6;SPIDER:9,GARGOYLE:6;MAGE:4;SPIDER:1
850,0,0,true,,,cascade,utility,3,75,93008655042,93008669807,10,0,GREEN,false,6,0,3,3,SCORPION_RIDER:6;SPIDER:9,GARGOYLE:6;MAGE:4;SPIDER:1
851,0,0,true,,,utility,cascade,3,75,93008662961,93008645916,9,0,BLUE,false,0,16,3,3,ARCHER:8;GARGOYLE:3;SPIDER:2,GARGOYLE:1;GOBLIN:12;SCORPION_RIDER:4
852,0,0,true,,,cascade,utility,3,75,93008662961,93008645916,9,0,BLUE,false,0,5,3,3,ARCHER:8;GARGOYLE:3;SPIDER:2,GARGOYLE:1;GOBLIN:12;SCORPION_RIDER:4
853,0,0,true,,,utility,utility,3,75,93016574042,93016594167,19,0,,false,15,9,3,3,GOBLIN:11;GOLEM:4,GARGOYLE:6;MAGE:1;SCORPION_RIDER:3
854,0,0,true,,,utility,utility,3,75,93016574042,93016594167,23,0,,false,9,6,3,3,GOBLIN:11;GOLEM:4,GARGOYLE:6;MAGE:1;SCORPION_RIDER:3
855,0,0,true,,,utility,utility,3,75,93016581961,93016603108,9,0,BLUE,false,0,5,2,2,ASSASSIN:7;SCORPION_RIDER:3,GARGOYLE:5;SPIDER:13
856,0,0,true,,,utility,utility,3,75,93016581961,93016603108,9,0,BLUE,false,0,5,2,2,ASSASSIN:7;SCORPION_RIDER:3,GARGOYLE:5;SPIDER:13
857,0,0,true,,,utility,utility,3,75,93024493042,93024535391,9,0,BLUE,false,0,3,3,2,ARCHER:7;GOBLIN:2;SPIDER:9,ASSASSIN:7;SCORPION_RIDER:3
858,0,0,true,,,utility,utility,3,75,93024493042,93024535391,9,0,BLUE,false,0,3,3,2,ARCHER:7;GOBLIN:2;SPIDER:9,ASSASSIN:7;SCORPION_RIDER:3
859,0,0,true,,,utility,utility,3,75,93024500961,93024543308,20,0,,false,5,6,3,4,MAGE:3;SCORPION_RIDER:6;SPIDER:2,GOBLIN:1;SCORPION_RIDER:9
860,0,0,true,,,utility,utility,3,75,93024500961,93024543308,20,0,,false,5,6,3,4,MAGE:3;SCORPION_RIDER:6;SPIDER:2,GOBLIN:1;SCORPION_RIDER:9
861,0,0,true,,,utility,utility,3,75,93032412042,93032361255,9,0,BLUE,false,0,13,3,3,SCORPION_RIDER:3;SPIDER:17,ARCHER:1;GARGOYLE:6;GOBLIN:9
862,0,0,true,,,utility,utility,3,75,93032412042,93032361255,9,0,BLUE,false,0,13,3,3,SCORPION_RIDER:3;SPIDER:17,ARCHER:1;GARGOYLE:6;GOBLIN:9
863,0,0,true,,,utility,utility,3,75,93032419961,93032467668,15,0,BLUE,false,0,7,3,3,ASSASSIN:8;GOBLIN:6,ARCHER:7;ASSASSIN:4;SPIDER:1
864,0,0,true,,,utility,utility,3,75,93032419961,93032467668,13,0,BLUE,false,0,7,3,3,ASSASSIN:8;GOBLIN:6,ARCHER:7;ASSASSIN:4;SPIDER:1
865,0,0,true,,,utility,utility,3,75,93040331042,93040285583,10,0,GREEN,false,8,0,3,3,GOBLIN:2;GOLEM:2;SPIDER:16,MAGE:10;SPIDER:1
866,0,0,true,,,utility,utility,3,75,93040331042,93040285583,10,0,GREEN,false,8,0,3,3,GOBLIN:2;GOLEM:2;SPIDER:16,MAGE:10;SPIDER:1
867,0,0,true,,,utility,utility,3,75,93040338961,93040293564,17,0,BLUE,false,0,3,3,3,GARGOYLE:4;GOLEM:4;MAGE:1,ARCHER:1;ASSASSIN:3;SCORPION_RIDER:6
868,0,0,true,,,utility,utility,3,75,93040338961,93040293564,15,0,BLUE,false,0,3,3,3,GARGOYLE:4;GOLEM:4;MAGE:1,ARCHER:1;ASSASSIN:3;SCORPION_RIDER:6
869,0,0,true,,,utility,cascade,3,75,93776798042,93776822263,29,0,BLUE,false,0,6,3,3,GOBLIN:1;GOLEM:7,GARGOYLE:10;GOBLIN:1
870,0,0,true,,,cascade,utility,3,75,93776798042,93776822263,22,0,GREEN,false,3,0,3,3,GOBLIN:1;GOLEM:7,GARGOYLE:10;GOBLIN:1
871,0,0,true,,,utility,cascade,3,75,93776805961,93776797412,15,0,BLUE,false,0,6,3,3,ASSASSIN:8;SPIDER:6,GARGOYLE:6;SPIDER:11
872,0,0,true,,,cascade,utility,3,75,93776805961,93776797412,14,0,BLUE,false,0,6,3,3,ASSASSIN:8;SPIDER:6,GARGOYLE:6;SPIDER:11
873,0,0,true,,,utility,cascade,3,75,93784717042,93784762463,9,0,BLUE,false,0,6,2,3,ARCHER:3;MAGE:8,ARCHER:7;SPIDER:11
874,0,0,true,,,cascade,utility,3,75,93784717042,93784762463,4,0,BLUE,false,0,15,2,3,ARCHER:3;MAGE:8,ARCHER:7;SPIDER:11
875,0,0,true,,,utility,cascade,3,75,93784724961,93784738636,13,0,BLUE,false,0,6,4,3,ARCHER:8;GOBLIN:1;MAGE:3;SPIDER:1,ASSASSIN:1;GOBLIN:12;SPIDER:10
876,0,0,true,,,cascade,utility,3,75,93784724961,93784738636,9,0,BLUE,false,0,15,4,3,ARCHER:8;GOBLIN:1;MAGE:3;SPIDER:1,ASSASSIN:1;GOBLIN:12;SPIDER:10
877,0,0,true,,,utility,cascade,3,75,93792636042,93792686631,12,0,GREEN,false,3,0,3,3,GARGOYLE:4;MAGE:1;SCORPION_RIDER:5,ARCHER:8;SPIDER:9
878,0,0,true,,,cascade,utility,3,75,93792636042,93792686631,11,0,BLUE,false,0,8,3,3,GARGOYLE:4;MAGE:1;SCORPION_RIDER:5,ARCHER:8;SPIDER:9
879,0,0,true,,,utility,cascade,3,75,93792643961,93792695764,9,0,BLUE,false,0,16,3,2,MAGE:10;SPIDER:1,SCORPION_RIDER:5;SPIDER:11
880,0,0,true,,,cascade,utility,3,75,93792643961,93792695764,14,0,GREEN,false,8,0,3,2,MAGE:10;SPIDER:1,SCORPION_RIDER:5;SPIDER:11
881,0,0,true,,,utility,utility,3,75,93800555042,93800512655,20,0,,false,13,14,3,3,ASSASSIN:4;SCORPION_RIDER:1;SPIDER:13,GARGOYLE:6;GOBLIN:11
882,0,0,true,,,utility,utility,3,75,93800555042,93800512655,18,0,,false,13,16,3,3,ASSASSIN:4;SCORPION_RIDER:1;SPIDER:13,GARGOYLE:6;GOBLIN:11
883,0,0,true,,,utility,utility,3,75,93800562961,93800619964,6,0,GREEN,false,4,0,2,2,SCORPION_RIDER:5;SPIDER:11,ARCHER:3;ASSASSIN:8
884,0,0,true,,,utility,utility,3,75,93800562961,93800619964,6,0,GREEN,false,4,0,2,2,SCORPION_RIDER:5;SPIDER:11,ARCHER:3;ASSASSIN:8
885,0,0,true,,,utility,cascade,3,75,93808474042,93808453911,9,0,BLUE,false,0,6,2,3,GOBLIN:11;MAGE:6,ARCHER:1;GARGOYLE:6;GOBLIN:9
886,0,0,true,,,cascade,utility,3,75,93808474042,93808453911,10,0,GREEN,false,9,0,2,3,GOBLIN:11;MAGE:6,ARCHER:1;GARGOYLE:6;GOBLIN:9
887,0,0,true,,,utility,cascade,3,75,93808481961,93808429060,42,0,GREEN,false,10,0,3,2,GARGOYLE:6;MAGE:4;SPIDER:1,ASSASSIN:4;SPIDER:15
888,0,0,true,,,cascade,utility,3,75,93808481961,93808429060,10,0,GREEN,false,10,0,3,2,GARGOYLE:6;MAGE:4;SPIDER:1,ASSASSIN:4;SPIDER:15
889,0,0,true,,,utility,cascade,3,75,93816393042,93816378367,6,0,GREEN,false,11,0,3,3,GOBLIN:7;MAGE:7;SPIDER:1,ASSASSIN:7;MAGE:3;SPIDER:1
890,0,0,true,,,cascade,utility,3,75,93816393042,93816378367,10,0,GREEN,false,7,0,3,3,GOBLIN:7;MAGE:7;SPIDER:1,ASSASSIN:7;MAGE:3;SPIDER:1
891,0,0,true,,,utility,cascade,3,75,93816400961,93816386284,13,0,BLUE,false,0,8,3,4,GOLEM:4;MAGE:5,ASSASSIN:2;GARGOYLE:2;GOBLIN:10;SCORPION_RIDER:2
892,0,0,true,,,cascade,utility,3,75,93816400961,93816386284,9,0,BLUE,false,0,10,3,4,GOLEM:4;MAGE:5,ASSASSIN:2;GARGOYLE:2;GOBLIN:10;SCORPION_RIDER:2
893,0,0,true,,,utility,utility,3,75,93824312042,93824334919,12,0,GREEN,false,4,0,3,3,ARCHER:5;GARGOYLE:5;SPIDER:3,ARCHER:2;ASSASSIN:7;SPIDER:4
894,0,0,true,,,utility,utility,3,75,93824312042,93824334919,10,0,GREEN,false,5,0,3,3,ARCHER:5;GARGOYLE:5;SPIDER:3,ARCHER:2;ASSASSIN:7;SPIDER:4
895,0,0,true,,,utility,utility,3,75,93824319961,93824311156,16,0,GREEN,false,5,0,3,3,ARCHER:5;SCORPION_RIDER:5;SPIDER:1,ARCHER:1;MAGE:4;SPIDER:13
896,0,0,true,,,utility,utility,3,75,93824319961,93824311156,20,0,,false,5,16,3,3,ARCHER:5;SCORPION_RIDER:5;SPIDER:1,ARCHER:1;MAGE:4;SPIDER:13
897,0,0,true,,,utility,utility,3,75,93832231042,93832275503,7,0,BLUE,false,0,14,2,3,ARCHER:3;MAGE:8,SCORPION_RIDER:6;SPIDER:9
898,0,0,true,,,utility,utility,3,75,93832231042,93832275503,7,0,BLUE,false,0,14,2,3,ARCHER:3;MAGE:8,SCORPION_RIDER:6;SPIDER:9
899,0,0,true,,,utility,utility,3,75,93832238961,93832251868,16,0,GREEN,false,14,0,3,3,GARGOYLE:6;GOBLIN:11,GOLEM:4;SPIDER:11
900,0,0,true,,,utility,utility,3,75,93832238961,93832251868,16,0,GREEN,false,14,0,3,3,GARGOYLE:6;GOBLIN:11,GOLEM:4;SPIDER:11
901,0,0,true,,,utility,cascade,3,75,94568698042,94568648215,10,0,GREEN,false,5,0,2,2,ASSASSIN:7;GOBLIN:8,ARCHER:4;ASSASSIN:7
902,0,0,true,,,cascade,utility,3,75,94568698042,94568648215,10,0,GREEN,false,7,0,2,2,ASSASSIN:7;GOBLIN:8,ARCHER:4;ASSASSIN:7
903,0,0,true,,,utility,cascade,3,75,94568705961,94568657156,14,0,GREEN,false,6,0,3,3,ARCHER:4;GOBLIN:2;SPIDER:15,ARCHER:7;GARGOYLE:3;SPIDER:4
904,0,0,true,,,cascade,utility,3,75,94568705961,94568657156,13,0,BLUE,false,0,8,3,3,ARCHER:4;GOBLIN:2;SPIDER:15,ARCHER:7;GARGOYLE:3;SPIDER:4
905,0,0,true,,,utility,utility,3,75,94576617042,94576605439,20,0,GREEN,false,4,0,3,3,ARCHER:4;SCORPION_RIDER:5;SPIDER:3,GOBLIN:11;GOLEM:4
906,0,0,true,,,utility,utility,3,75,94576617042,94576605439,26,0,,false,3,7,3,3,ARCHER:4;SCORPION_RIDER:5;SPIDER:3,GOBLIN:11;GOLEM:4
907,0,0,true,,,utility,utility,3,75,94576624961,94576581612,23,0,,false,13,9,3,3,GOBLIN:2;GOLEM:3;SPIDER:13,ASSASSIN:1;SCORPION_RIDER:5;SPIDER:9
908,0,0,true,,,utility,utility,3,75,94576624961,94576581612,23,0,BLUE,false,0,1,3,3,GOBLIN:2;GOLEM:3;SPIDER:13,ASSASSIN:1;SCORPION_RIDER:5;SPIDER:9
909,0,0,true,,,utility,cascade,3,75,94584536042,94584546631,9,0,BLUE,false,0,15,3,3,MAGE:10;SPIDER:1,GOBLIN:10;MAGE:3;SCORPION_RIDER:3
910,0,0,true,,,cascade,utility,3,75,94584536042,94584546631,9,0,BLUE,false,0,16,3,3,MAGE:10;SPIDER:1,GOBLIN:10;MAGE:3;SCORPION_RIDER:3
911,0,0,true,,,utility,cascade,3,75,94584543961,94584521844,13,0,BLUE,false,0,10,3,3,ARCHER:8;GOBLIN:1;SCORPION_RIDER:3,GOBLIN:11;SCORPION_RIDER:5
912,0,0,true,,,cascade,utility,3,75,94584543961,94584521844,10,0,GREEN,false,7,0,3,3,ARCHER:8;GOBLIN:1;SCORPION_RIDER:3,GOBLIN:11;SCORPION_RIDER:5
913,0,0,true,,,utility,cascade,3,75,94592455042,94592470831,16,0,GREEN,false,7,0,3,3,GOBLIN:12;GOLEM:3;SCORPION_RIDER:1,GARGOYLE:3;MAGE:7;SPIDER:1
914,0,0,true,,,cascade,utility,3,75,94592455042,94592470831,16,0,GREEN,false,12,0,3,3,GOBLIN:12;GOLEM:3;SCORPION_RIDER:1,GARGOYLE:3;MAGE:7;SPIDER:1
915,0,0,true,,,utility,cascade,3,75,94592462961,94592478940,17,0,BLUE,false,0,3,3,2,ARCHER:12;SPIDER:1,GOLEM:4;MAGE:5
916,0,0,true,,,cascade,utility,3,75,94592462961,94592478940,11,0,BLUE,false,0,4,3,2,ARCHER:12;SPIDER:1,GOLEM:4;MAGE:5
917,0,0,true,,,utility,cascade,3,75,94600374042,94600427959,7,0,GREEN,false,10,0,3,3,GOBLIN:10;GOLEM:4;SPIDER:1,ASSASSIN:7;GARGOYLE:3;SPIDER:1
918,0,0,true,,,cascade,utility,3,75,94600374042,94600427959,10,0,GREEN,false,12,0,3,3,GOBLIN:10;GOLEM:4;SPIDER:1,ASSASSIN:7;GARGOYLE:3;SPIDER:1
919,0,0,true,,,utility,cascade,3,75,94600381961,94600403108,9,0,BLUE,false,0,3,2,2,SCORPION_RIDER:4;SPIDER:14,ASSASSIN:6;GOBLIN:11
920,0,0,true,,,cascade,utility,3,75,94600381961,94600403108,6,0,GREEN,false,6,0,2,2,SCORPION_RIDER:4;SPIDER:14,ASSASSIN:6;GOBLIN:11
921,0,0,true,,,utility,utility,3,75,94608293042,94608237087,11,0,BLUE,false,0,2,2,2,GOBLIN:8;MAGE:7,ASSASSIN:7;SCORPION_RIDER:3
922,0,0,true,,,utility,utility,3,75,94608293042,94608237087,7,0,BLUE,false,0,3,2,2,GOBLIN:8;MAGE:7,ASSASSIN:7;SCORPION_RIDER:3
923,0,0,true,,,utility,utility,3,75,94608300961,94608344332,21,0,,false,10,3,3,2,GARGOYLE:10;GOBLIN:1,ARCHER:3;ASSASSIN:8
924,0,0,true,,,utility,utility,3,75,94608300961,94608344332,21,0,,false,10,3,3,2,GARGOYLE:10;GOBLIN:1,ARCHER:3;ASSASSIN:8
925,0,0,true,,,utility,cascade,3,75,94616212042,94616161511,11,0,BLUE,false,0,7,2,3,GOLEM:3;SPIDER:15,ARCHER:4;SCORPION_RIDER:6;SPIDER:1
926,0,0,true,,,cascade,utility,3,75,94616212042,94616161511,9,0,BLUE,false,0,10,2,3,GOLEM:3;SPIDER:15,ARCHER:4;SCORPION_RIDER:6;SPIDER:1
927,0,0,true,,,utility,cascade,3,75,94616219961,94616170388,14,0,GREEN,false,9,0,2,3,ARCHER:7;SCORPION_RIDER:4,ASSASSIN:8;GARGOYLE:2;SPIDER:1
928,0,0,true,,,cascade,utility,3,75,94616219961,94616170388,8,0,GREEN,false,9,0,2,3,ARCHER:7;SCORPION_RIDER:4,ASSASSIN:8;GARGOYLE:2;SPIDER:1
929,0,0,true,,,utility,cascade,3,75,94624131042,94624119119,12,0,GREEN,false,14,0,2,3,GARGOYLE:4;SPIDER:15,GOBLIN:2;GOLEM:2;MAGE:7
930,0,0,true,,,cascade,utility,3,75,94624131042,94624119119,20,0,GREEN,false,4,0,2,3,GARGOYLE:4;SPIDER:15,GOBLIN:2;GOLEM:2;MAGE:7
931,0,0,true,,,utility,cascade,3,75,94624138961,94624094332,26,0,GREEN,false,2,0,3,3,ARCHER:1;GOBLIN:10;SPIDER:13,GARGOYLE:4;GOBLIN:1;SPIDER:14
932,0,0,true,,,cascade,utility,3,75,94624138961,94624094332,16,0,GREEN,false,7,0,3,3,ARCHER:1;GOBLIN:10;SPIDER:13,GARGOYLE:4;GOBLIN:1;SPIDER:14
933,0,0,true,,,utility,cascade,3,75,15695458042,15695442007,13,0,BLUE,false,0,3,3,4,ASSASSIN:5;SPIDER:13,GARGOYLE:1;GOLEM:1;SCORPION_RIDER:7
934,0,0,true,,,cascade,utility,3,75,15695458042,15695442007,11,0,BLUE,false,0,8,3,4,ASSASSIN:5;SPIDER:13,GARGOYLE:1;GOLEM:1;SCORPION_RIDER:7
935,0,0,true,,,utility,cascade,3,75,15695465961,15695418180,14,0,GREEN,false,7,0,3,3,ARCHER:7;MAGE:4;SPIDER:1,GARGOYLE:4;SPIDER:15
936,0,0,true,,,cascade,utility,3,75,15695465961,15695418180,12,0,GREEN,false,7,0,3,3,ARCHER:7;MAGE:4;SPIDER:1,GARGOYLE:4;SPIDER:15
937,0,0,true,,,utility,utility,3,75,15964704042,15964754823,12,0,,false,11,11,3,4,ARCHER:4;GARGOYLE:6;SCORPION_RIDER:1,GARGOYLE:10;GOBLIN:1
938,0,0,true,,,utility,utility,3,75,15964704042,15964754823,12,0,,false,11,11,3,4,ARCHER:4;GARGOYLE:6;SCORPION_RIDER:1,GARGOYLE:10;GOBLIN:1
939,0,0,true,,,utility,utility,3,75,15964711961,15964762804,25,0,,false,4,1,3,3,ASSASSIN:4;GOLEM:4;SPIDER:2,ARCHER:7;GOBLIN:1;MAGE:4
940,0,0,true,,,utility,utility,3,75,15964711961,15964762804,25,0,,false,4,1,3,3,ASSASSIN:4;GOLEM:4;SPIDER:2,ARCHER:7;GOBLIN:1;MAGE:4
941,0,0,true,,,utility,utility,3,75,16099327042,16099369711,7,0,GREEN,false,2,0,3,3,ASSASSIN:10;GOBLIN:1,ARCHER:7;ASSASSIN:4;GOBLIN:1
942,0,0,true,,,utility,utility,3,75,16099327042,16099369711,7,0,BLUE,false,0,2,3,3,ASSASSIN:10;GOBLIN:1,ARCHER:7;ASSASSIN:4;GOBLIN:1
943,0,0,true,,,utility,utility,3,75,16099334961,16099345820,11,0,BLUE,false,0,5,3,3,GARGOYLE:3;GOBLIN:1;MAGE:7,GOBLIN:2;MAGE:4;SCORPION_RIDER:5
944,0,0,true,,,utility,utility,3,75,16099334961,16099345820,11,0,BLUE,false,0,5,3,3,GARGOYLE:3;GOBLIN:1;MAGE:7,GOBLIN:2;MAGE:4;SCORPION_RIDER:5
945,0,0,true,,,utility,utility,3,75,16233950042,16233969143,24,0,,false,6,3,2,4,GARGOYLE:6;SCORPION_RIDER:4,ARCHER:5;GOBLIN:1;GOLEM:4
946,0,0,true,,,utility,utility,3,75,16233950042,16233969143,24,0,,false,6,3,2,4,GARGOYLE:6;SCORPION_RIDER:4,ARCHER:5;GOBLIN:1;GOLEM:4
947,0,0,true,,,utility,utility,3,75,16233957961,16233944292,18,0,,false,4,15,4,4,ASSASSIN:5;GOLEM:4,ARCHER:3;GOBLIN:11;MAGE:3;SPIDER:1
948,0,0,true,,,utility,utility,3,75,16233957961,16233944292,18,0,,false,4,15,4,4,ASSASSIN:5;GOLEM:4,ARCHER:3;GOBLIN:11;MAGE:3;SPIDER:1
949,0,0,true,,,utility,utility,3,75,95360598042,95360622263,16,0,GREEN,false,2,0,4,2,ARCHER:3;GOLEM:4;SPIDER:5,ARCHER:8;SPIDER:9
950,0,0,true,,,utility,utility,3,75,95360598042,95360622263,13,0,BLUE,false,0,5,4,2,ARCHER:3;GOLEM:4;SPIDER:5,ARCHER:8;SPIDER:9
951,0,0,true,,,utility,utility,3,75,95360605961,95360614820,9,0,BLUE,false,0,6,3,3,ARCHER:8;GOBLIN:9,ARCHER:11;SCORPION_RIDER:1
952,0,0,true,,,utility,utility,3,75,95360605961,95360614820,9,0,BLUE,false,0,6,3,3,ARCHER:8;GOBLIN:9,ARCHER:11;SCORPION_RIDER:1
953,0,0,true,,,utility,utility,3,75,95368517042,95368563487,8,0,GREEN,false,6,0,4,3,ARCHER:1;GOBLIN:12;MAGE:4;SPIDER:1,GOBLIN:1;SCORPION_RIDER:4;SPIDER:13
954,0,0,true,,,utility,utility,3,75,95368517042,95368563487,8,0,GREEN,false,6,0,4,3,ARCHER:1;GOBLIN:12;MAGE:4;SPIDER:1,GOBLIN:1;SCORPION_RIDER:4;SPIDER:13
955,0,0,true,,,utility,utility,3,75,95368524961,95368571404,8,0,GREEN,false,7,0,2,3,ASSASSIN:6;GOBLIN:11,ARCHER:6;GOLEM:3;SPIDER:3
956,0,0,true,,,utility,utility,3,75,95368524961,95368571404,8,0,GREEN,false,7,0,2,3,ASSASSIN:6;GOBLIN:11,ARCHER:6;GOLEM:3;SPIDER:3
957,0,0,true,,,utility,utility,3,75,95376436042,95376389607,15,0,BLUE,false,0,2,3,3,SCORPION_RIDER:3;SPIDER:17,GOLEM:2;SPIDER:18
958,0,0,true,,,utility,utility,3,75,95376436042,95376389607,11,0,BLUE,false,0,3,3,3,SCORPION_RIDER:3;SPIDER:17,GOLEM:2;SPIDER:18
959,0,0,true,,,utility,utility,3,75,95376443961,95376495764,7,0,BLUE,false,0,14,2,3,ASSASSIN:5;SPIDER:13,GOBLIN:1;SCORPION_RIDER:4;SPIDER:13
960,0,0,true,,,utility,utility,3,75,95376443961,95376495764,14,0,,false,13,18,2,3,ASSASSIN:5;SPIDER:13,GOBLIN:1;SCORPION_RIDER:4;SPIDER:13
961,0,0,true,,,utility,utility,3,75,95384355042,95384313423,12,0,,false,11,17,3,3,GARGOYLE:3;MAGE:7;SPIDER:1,GARGOYLE:6;GOBLIN:11
962,0,0,true,,,utility,utility,3,75,95384355042,95384313423,21,0,,false,4,16,3,3,GARGOYLE:3;MAGE:7;SPIDER:1,GARGOYLE:6;GOBLIN:11
963,0,0,true,,,utility,utility,3,75,95384362961,95384306044,12,0,,false,18,25,3,3,ARCHER:7;GOBLIN:10;SPIDER:1,SPIDER:25
964,0,0,true,,,utility,utility,3,75,95384362961,95384306044,12,0,,false,18,25,3,3,ARCHER:7;GOBLIN:10;SPIDER:1,SPIDER:25
965,0,0,true,,,utility,utility,3,75,95392274042,95392254167,10,0,GREEN,false,6,0,3,3,ARCHER:4;GOBLIN:1;SCORPION_RIDER:6,GARGOYLE:5;GOBLIN:12;SPIDER:1
966,0,0,true,,,utility,utility,3,75,95392274042,95392254167,10,0,GREEN,false,7,0,3,3,ARCHER:4;GOBLIN:1;SCORPION_RIDER:6,GARGOYLE:5;GOBLIN:12;SPIDER:1
967,0,0,true,,,utility,utility,3,75,95392281961,95392263108,10,0,GREEN,false,16,0,3,3,ARCHER:6;GOBLIN:13,ASSASSIN:2;GOLEM:4;SPIDER:7
968,0,0,true,,,utility,utility,3,75,95392281961,95392263108,30,0,GREEN,false,19,0,3,3,ARCHER:6;GOBLIN:13,ASSASSIN:2;GOLEM:4;SPIDER:7
969,0,0,true,,,utility,cascade,3,75,95400193042,95400211135,14,0,GREEN,false,6,0,3,3,GOLEM:7;SPIDER:1,ARCHER:7;ASSASSIN:4;SPIDER:1
970,0,0,true,,,cascade,utility,3,75,95400193042,95400211135,10,0,GREEN,false,6,0,3,3,GOLEM:7;SPIDER:1,ARCHER:7;ASSASSIN:4;SPIDER:1
971,0,0,true,,,utility,cascade,3,75,95400200961,95400187308,6,0,GREEN,false,10,0,3,3,GOBLIN:2;GOLEM:4;MAGE:4,ASSASSIN:8;GOBLIN:5;SPIDER:1
972,0,0,true,,,cascade,utility,3,75,95400200961,95400187308,16,0,GREEN,false,3,0,3,3,GOBLIN:2;GOLEM:4;MAGE:4,ASSASSIN:8;GOBLIN:5;SPIDER:1
973,0,0,true,,,utility,utility,3,75,95408112042,95408135943,12,0,,false,14,25,3,2,ARCHER:1;GOBLIN:7;SCORPION_RIDER:6,SPIDER:25
974,0,0,true,,,utility,utility,3,75,95408112042,95408135943,12,0,,false,14,25,3,2,ARCHER:1;GOBLIN:7;SCORPION_RIDER:6,SPIDER:25
975,0,0,true,,,utility,utility,3,75,95408119961,95408143924,20,0,,false,5,8,2,2,MAGE:5;SCORPION_RIDER:5,ARCHER:3;MAGE:8
976,0,0,true,,,utility,utility,3,75,95408119961,95408143924,20,0,,false,5,8,2,2,MAGE:5;SCORPION_RIDER:5,ARCHER:3;MAGE:8
977,0,0,true,,,utility,cascade,3,75,95416031042,95416076783,12,0,GREEN,false,4,0,4,4,GARGOYLE:1;GOLEM:6;SCORPION_RIDER:1,ARCHER:4;ASSASSIN:1;SCORPION_RIDER:5;SPIDER:1
978,0,0,true,,,cascade,utility,3,75,95416031042,95416076783,16,0,GREEN,false,3,0,4,4,GARGOYLE:1;GOLEM:6;SCORPION_RIDER:1,ARCHER:4;ASSASSIN:1;SCORPION_RIDER:5;SPIDER:1
979,0,0,true,,,utility,cascade,3,75,95416038961,95416084636,17,0,BLUE,false,0,9,2,3,GOLEM:4;MAGE:5,GOBLIN:13;MAGE:5
980,0,0,true,,,cascade,utility,3,75,95416038961,95416084636,8,0,BLUE,false,0,14,2,3,GOLEM:4;MAGE:5,GOBLIN:13;MAGE:5
981,0,0,true,,,utility,cascade,3,75,96152498042,96152482263,7,0,BLUE,false,0,15,3,3,GOBLIN:10;SPIDER:15,ARCHER:8;GOBLIN:9
982,0,0,true,,,cascade,utility,3,75,96152498042,96152482263,10,0,GREEN,false,8,0,3,3,GOBLIN:10;SPIDER:15,ARCHER:8;GOBLIN:9
983,0,0,true,,,utility,cascade,3,75,96152505961,96152457412,17,0,BLUE,false,0,2,3,3,ARCHER:1;ASSASSIN:4;GOLEM:4,ASSASSIN:3;SCORPION_RIDER:6;SPIDER:2
984,0,0,true,,,cascade,utility,3,75,96152505961,96152457412,5,0,BLUE,false,0,10,3,3,ARCHER:1;ASSASSIN:4;GOLEM:4,ASSASSIN:3;SCORPION_RIDER:6;SPIDER:2
985,0,0,true,,,utility,cascade,3,75,96160417042,96160406463,7,0,GREEN,false,1,0,3,3,GOBLIN:1;SCORPION_RIDER:9,ASSASSIN:3;SCORPION_RIDER:6;SPIDER:2
986,0,0,true,,,cascade,utility,3,75,96160417042,96160406463,8,0,GREEN,false,2,0,3,3,GOBLIN:1;SCORPION_RIDER:9,ASSASSIN:3;SCORPION_RIDER:6;SPIDER:2
987,0,0,true,,,utility,cascade,3,75,96160424961,96160414380,11,0,BLUE,false,0,14,3,3,GOBLIN:2;GOLEM:3;SPIDER:13,ARCHER:8;SPIDER:9
988,0,0,true,,,cascade,utility,3,75,96160424961,96160414380,14,0,BLUE,false,0,8,3,3,GOBLIN:2;GOLEM:3;SPIDER:13,ARCHER:8;SPIDER:9
989,0,0,true,,,utility,cascade,3,75,96168336042,96168346631,12,0,GREEN,false,5,0,3,3,ARCHER:11;SCORPION_RIDER:1,ASSASSIN:4;GARGOYLE:1;GOLEM:4
990,0,0,true,,,cascade,utility,3,75,96168336042,96168346631,14,0,GREEN,false,3,0,3,3,ARCHER:11;SCORPION_RIDER:1,ASSASSIN:4;GARGOYLE:1;GOLEM:4
991,0,0,true,,,utility,cascade,3,75,96168343961,96168355636,15,0,BLUE,false,0,5,3,3,GOBLIN:14;SCORPION_RIDER:4,GARGOYLE:5;GOBLIN:2;SCORPION_RIDER:4
992,0,0,true,,,cascade,utility,3,75,96168343961,96168355636,9,0,GREEN,false,12,0,3,3,GOBLIN:14;SCORPION_RIDER:4,GARGOYLE:5;GOBLIN:2;SCORPION_RIDER:4
993,0,0,true,,,utility,cascade,3,75,96176255042,96176303855,15,0,BLUE,false,0,9,3,4,GARGOYLE:3;MAGE:7;SPIDER:1,GOBLIN:10;MAGE:6;SPIDER:1
994,0,0,true,,,cascade,utility,3,75,96176255042,96176303855,11,0,BLUE,false,0,14,3,4,GARGOYLE:3;MAGE:7;SPIDER:1,GOBLIN:10;MAGE:6;SPIDER:1
995,0,0,true,,,utility,cascade,3,75,96176262961,96176279964,6,0,GREEN,false,5,0,3,3,ARCHER:8;SCORPION_RIDER:3;SPIDER:1,ARCHER:7;GOBLIN:1;MAGE:4
996,0,0,true,,,cascade,utility,3,75,96176262961,96176279964,8,0,GREEN,false,3,0,3,3,ARCHER:8;SCORPION_RIDER:3;SPIDER:1,ARCHER:7;GOBLIN:1;MAGE:4
997,0,0,true,,,utility,cascade,3,75,96184174042,96184228727,9,0,BLUE,false,0,13,3,3,GOBLIN:1;MAGE:7;SPIDER:7,GOBLIN:11;GOLEM:4
998,0,0,true,,,cascade,utility,3,75,96184174042,96184228727,11,0,BLUE,false,0,14,3,3,GOBLIN:1;MAGE:7;SPIDER:7,GOBLIN:11;GOLEM:4
999,0,0,true,,,utility,cascade,3,75,96184181961,96184236644,11,0,BLUE,false,0,8,4,3,ASSASSIN:1;GARGOYLE:5;MAGE:4;SPIDER:1,GARGOYLE:3;GOBLIN:2;SCORPION_RIDER:6
1000,0,0,true,,,cascade,utility,3,75,96184181961,96184236644,11,0,BLUE,false,0,7,4,3,ASSASSIN:1;GARGOYLE:5;MAGE:4;SPIDER:1,GARGOYLE:3;GOBLIN:2;SCORPION_RIDER:6
1001,0,0,true,,,utility,cascade,3,75,96192093042,96192038367,15,0,BLUE,false,0,7,3,4,ARCHER:1;GARGOYLE:3;SCORPION_RIDER:6,GARGOYLE:5;GOBLIN:5;GOLEM:2;SPIDER:1
1002,0,0,true,,,cascade,utility,3,75,96192093042,96192038367,20,0,GREEN,false,6,0,3,4,ARCHER:1;GARGOYLE:3;SCORPION_RIDER:6,GARGOYLE:5;GOBLIN:5;GOLEM:2;SPIDER:1
1003,0,0,true,,,utility,cascade,3,75,96192100961,96192046284,12,0,GREEN,false,7,0,3,3,ASSASSIN:4;GARGOYLE:6;GOBLIN:1,GOBLIN:12;SPIDER:13
1004,0,0,true,,,cascade,utility,3,75,96192100961,96192046284,9,0,BLUE,false,0,13,3,3,ASSASSIN:4;GARGOYLE:6;GOBLIN:1,GOBLIN:12;SPIDER:13
1005,0,0,true,,,utility,utility,3,75,96200012042,96199995303,13,0,BLUE,false,0,12,4,3,GARGOYLE:4;GOBLIN:15,ARCHER:7;GOBLIN:11
1006,0,0,true,,,utility,utility,3,75,96200012042,96199995303,11,0,BLUE,false,0,12,4,3,GARGOYLE:4;GOBLIN:15,ARCHER:7;GOBLIN:11
1007,0,0,true,,,utility,utility,3,75,96200019961,96199971156,33,0,,false,11,4,4,3,ARCHER:5;ASSASSIN:1;GARGOYLE:5;SPIDER:1,SCORPION_RIDER:9;SPIDER:1
1008,0,0,true,,,utility,utility,3,75,96200019961,96199971156,41,0,,false,11,1,4,3,ARCHER:5;ASSASSIN:1;GARGOYLE:5;SPIDER:1,SCORPION_RIDER:9;SPIDER:1
1009,0,0,true,,,utility,utility,3,75,96207931042,96207919119,7,0,BLUE,false,0,1,3,3,ASSASSIN:10;GOBLIN:1,ASSASSIN:8;GOLEM:1;SPIDER:3
1010,0,0,true,,,utility,utility,3,75,96207931042,96207919119,7,0,BLUE,false,0,4,3,3,ASSASSIN:10;GOBLIN:1,ASSASSIN:8;GOLEM:1;SPIDER:3
1011,0,0,true,,,utility,utility,3,75,96207938961,96207928124,9,0,BLUE,false,0,4,3,3,ARCHER:4;GOBLIN:12;MAGE:2,GOBLIN:13;SPIDER:12
1012,0,0,true,,,utility,utility,3,75,96207938961,96207928124,9,0,BLUE,false,0,4,3,3,ARCHER:4;GOBLIN:12;MAGE:2,GOBLIN:13;SPIDER:12
1013,0,0,true,,,utility,utility,3,75,96944398042,96944439415,16,0,GREEN,false,12,0,2,3,GOBLIN:11;GOLEM:4,ARCHER:1;SPIDER:23
1014,0,0,true,,,utility,utility,3,75,96944398042,96944439415,8,0,GREEN,false,14,0,2,3,GOBLIN:11;GOLEM:4,ARCHER:1;SPIDER:23
1015,0,0,true,,,utility,utility,3,75,96944405961,96944448356,17,0,BLUE,false,0,10,3,3,ARCHER:9;GOBLIN:7,ARCHER:4;GOLEM:1;SCORPION_RIDER:5
1016,0,0,true,,,utility,utility,3,75,96944405961,96944448356,17,0,BLUE,false,0,10,3,3,ARCHER:9;GOBLIN:7,ARCHER:4;GOLEM:1;SCORPION_RIDER:5
1017,0,0,true,,,utility,cascade,3,75,96952317042,96952265439,17,0,BLUE,false,0,5,3,2,MAGE:7;SPIDER:8,ASSASSIN:7;SCORPION_RIDER:3
1018,0,0,true,,,cascade,utility,3,75,96952317042,96952265439,5,0,BLUE,false,0,10,3,2,MAGE:7;SPIDER:8,ASSASSIN:7;SCORPION_RIDER:3
1019,0,0,true,,,utility,cascade,3,75,96952324961,96952372684,22,0,GREEN,false,6,0,3,3,ARCHER:6;SPIDER:13,GARGOYLE:5;SCORPION_RIDER:5
1020,0,0,true,,,cascade,utility,3,75,96952324961,96952372684,10,0,BLUE,false,0,5,3,3,ARCHER:6;SPIDER:13,GARGOYLE:5;SCORPION_RIDER:5
1021,0,0,true,,,utility,cascade,3,75,96960236042,96960189607,10,0,GREEN,false,8,0,3,3,GOBLIN:1;GOLEM:3;SCORPION_RIDER:5,GOBLIN:1;MAGE:10
1022,0,0,true,,,cascade,utility,3,75,96960236042,96960189607,16,0,GREEN,false,5,0,3,3,GOBLIN:1;GOLEM:3;SCORPION_RIDER:5,GOBLIN:1;MAGE:10
1023,0,0,true,,,utility,cascade,3,75,96960243961,96960198228,13,0,BLUE,false,0,7,3,3,GOBLIN:1;SCORPION_RIDER:4;SPIDER:13,GARGOYLE:9;GOLEM:1
1024,0,0,true,,,cascade,utility,3,75,96960243961,96960198228,9,0,BLUE,false,0,8,3,3,GOBLIN:1;SCORPION_RIDER:4;SPIDER:13,GARGOYLE:9;GOLEM:1
1025,0,0,true,,,utility,cascade,3,75,96968155042,96968130831,13,0,BLUE,false,0,5,2,3,MAGE:4;SPIDER:15,GARGOYLE:6;MAGE:4;SPIDER:1
1026,0,0,true,,,cascade,utility,3,75,96968155042,96968130831,18,0,GREEN,false,4,0,2,3,MAGE:4;SPIDER:15,GARGOYLE:6;MAGE:4;SPIDER:1
1027,0,0,true,,,utility,cascade,3,75,96968162961,96968138812,13,0,GREEN,false,3,0,3,3,ARCHER:1;GARGOYLE:5;SCORPION_RIDER:4,ARCHER:8;GOBLIN:1;SPIDER:8
1028,0,0,true,,,cascade,utility,3,75,96968162961,96968138812,26,0,GREEN,false,2,0,3,3,ARCHER:1;GARGOYLE:5;SCORPION_RIDER:4,ARCHER:8;GOBLIN:1;SPIDER:8
1029,0,0,true,,,utility,cascade,3,75,96976074042,96976087959,9,0,BLUE,false,0,1,3,2,ARCHER:3;SCORPION_RIDER:7,ASSASSIN:5;SCORPION_RIDER:5
1030,0,0,true,,,cascade,utility,3,75,96976074042,96976087959,7,0,BLUE,false,0,5,3,2,ARCHER:3;SCORPION_RIDER:7,ASSASSIN:5;SCORPION_RIDER:5
1031,0,0,true,,,utility,cascade,3,75,96976081961,96976063108,7,0,BLUE,false,0,9,3,3,GARGOYLE:2;MAGE:8;SPIDER:1,GOBLIN:1;SCORPION_RIDER:9
1032,0,0,true,,,cascade,utility,3,75,96976081961,96976063108,11,0,BLUE,false,0,6,3,3,GARGOYLE:2;MAGE:8;SPIDER:1,GOBLIN:1;SCORPION_RIDER:9
1033,0,0,true,,,utility,cascade,3,75,96983993042,96984011903,8,0,GREEN,false,4,0,3,3,SCORPION_RIDER:9;SPIDER:1,ASSASSIN:4;GOLEM:4;MAGE:1
1034,0,0,true,,,cascade,utility,3,75,96983993042,96984011903,8,0,GREEN,false,8,0,3,3,SCORPION_RIDER:9;SPIDER:1,ASSASSIN:4;GOLEM:4;MAGE:1
1035,0,0,true,,,utility,cascade,3,75,96984000961,96984020844,14,0,GREEN,false,2,0,3,3,ASSASSIN:8;GOBLIN:1;SCORPION_RIDER:2,GOBLIN:1;MAGE:10
1036,0,0,true,,,cascade,utility,3,75,96984000961,96984020844,4,0,GREEN,false,10,0,3,3,ASSASSIN:8;GOBLIN:1;SCORPION_RIDER:2,GOBLIN:1;MAGE:10
1037,0,0,true,,,utility,cascade,3,75,96991912042,96991968967,19,0,BLUE,false,0,2,3,3,GARGOYLE:6;MAGE:4;SPIDER:1,ARCHER:8;GOBLIN:2;MAGE:3
1038,0,0,true,,,cascade,utility,3,75,96991912042,96991968967,13,0,BLUE,false,0,9,3,3,GARGOYLE:6;MAGE:4;SPIDER:1,ARCHER:8;GOBLIN:2;MAGE:3
1039,0,0,true,,,utility,cascade,3,75,96991919961,96991961588,6,0,GREEN,false,12,0,3,3,GOBLIN:11;GOLEM:4,ASSASSIN:3;GOBLIN:1;MAGE:7
1040,0,0,true,,,cascade,utility,3,75,96991919961,96991961588,6,0,GREEN,false,14,0,3,3,GOBLIN:11;GOLEM:4,ASSASSIN:3;GOBLIN:1;MAGE:7
1041,0,0,true,,,utility,cascade,3,75,96999831042,96999778479,15,0,GREEN,false,11,0,3,3,GOBLIN:10;SCORPION_RIDER:5;SPIDER:1,ASSASSIN:4;GOLEM:4;SPIDER:2
1042,0,0,true,,,cascade,utility,3,75,96999831042,96999778479,10,0,GREEN,false,8,0,3,3,GOBLIN:10;SCORPION_RIDER:5;SPIDER:1,ASSASSIN:4;GOLEM:4;SPIDER:2
1043,0,0,true,,,utility,cascade,3,75,96999838961,96999885404,9,0,BLUE,false,0,7,2,3,GOBLIN:9;SPIDER:16,ARCHER:8;GOBLIN:1;SCORPION_RIDER:3
1044,0,0,true,,,cascade,utility,3,75,96999838961,96999885404,13,0,BLUE,false,0,8,2,3,GOBLIN:9;SPIDER:16,ARCHER:8;GOBLIN:1;SCORPION_RIDER:3
1045,0,0,true,,,utility,utility,3,75,97736298042,97736282263,16,0,,false,9,24,4,3,GOBLIN:3;GOLEM:6;SPIDER:2,ARCHER:1;GOBLIN:8;SPIDER:15
1046,0,0,true,,,utility,utility,3,75,97736298042,97736282263,16,0,,false,9,24,4,3,GOBLIN:3;GOLEM:6;SPIDER:2,ARCHER:1;GOBLIN:8;SPIDER:15
1047,0,0,true,,,utility,utility,3,75,97736305961,97736291204,27,0,,false,6,15,3,3,ASSASSIN:4;GARGOYLE:6;GOBLIN:1,GARGOYLE:1;GOBLIN:12;SCORPION_RIDER:4
1048,0,0,true,,,utility,utility,3,75,97736305961,97736291204,27,0,,false,7,13,3,3,ASSASSIN:4;GARGOYLE:6;GOBLIN:1,GARGOYLE:1;GOBLIN:12;SCORPION_RIDER:4
1049,0,0,true,,,utility,utility,3,75,97744217042,97744239999,6,0,GREEN,false,9,0,3,2,ARCHER:10;ASSASSIN:2,MAGE:7;SPIDER:8
1050,0,0,true,,,utility,utility,3,75,97744217042,97744239999,6,0,GREEN,false,8,0,3,2,ARCHER:10;ASSASSIN:2,MAGE:7;SPIDER:8
1051,0,0,true,,,utility,utility,3,75,97744224961,97744215148,8,0,GREEN,false,13,0,2,3,ARCHER:8;GOBLIN:9,ARCHER:5;GARGOYLE:5;GOBLIN:3
1052,0,0,true,,,utility,utility,3,75,97744224961,97744215148,8,0,GREEN,false,13,0,2,3,ARCHER:8;GOBLIN:9,ARCHER:5;GARGOYLE:5;GOBLIN:3
1053,0,0,true,,,utility,utility,3,75,97752136042,97752180679,16,0,,false,8,10,3,3,ARCHER:4;GOLEM:4;SPIDER:3,GARGOYLE:4;GOLEM:4;SPIDER:2
1054,0,0,true,,,utility,utility,3,75,97752136042,97752180679,23,0,,false,8,10,3,3,ARCHER:4;GOLEM:4;SPIDER:3,GARGOYLE:4;GOLEM:4;SPIDER:2
1055,0,0,true,,,utility,utility,3,75,97752143961,97752155892,12,0,,false,19,15,2,2,GARGOYLE:4;SPIDER:15,GOBLIN:11;GOLEM:4
1056,0,0,true,,,utility,utility,3,75,97752143961,97752155892,12,0,,false,19,15,2,2,GARGOYLE:4;SPIDER:15,GOBLIN:11;GOLEM:4
1057,0,0,true,,,utility,cascade,3,75,97760055042,97760104879,9,0,BLUE,false,0,11,2,4,GOBLIN:6;MAGE:8,ARCHER:12;SPIDER:1
1058,0,0,true,,,cascade,utility,3,75,97760055042,97760104879,6,0,BLUE,false,0,10,2,4,GOBLIN:6;MAGE:8,ARCHER:12;SPIDER:1
1059,0,0,true,,,utility,cascade,3,75,97760062961,97760113500,8,0,GREEN,false,10,0,2,3,GOBLIN:10;SPIDER:15,ASSASSIN:3;SCORPION_RIDER:6;SPIDER:2
1060,0,0,true,,,cascade,utility,3,75,97760062961,97760113500,9,0,BLUE,false,0,8,2,3,GOBLIN:10;SPIDER:15,ASSASSIN:3;SCORPION_RIDER:6;SPIDER:2
1061,0,0,true,,,utility,cascade,3,75,97767974042,97767930423,21,0,BLUE,false,0,3,3,3,GOBLIN:1;GOLEM:7,ASSASSIN:4;GOBLIN:15
1062,0,0,true,,,cascade,utility,3,75,97767974042,97767930423,22,0,BLUE,false,0,5,3,3,GOBLIN:1;GOLEM:7,ASSASSIN:4;GOBLIN:15
1063,0,0,true,,,utility,cascade,3,75,97767981961,97768037668,11,0,BLUE,false,0,11,2,2,ASSASSIN:7;GOBLIN:8,SCORPION_RIDER:4;SPIDER:14
1064,0,0,true,,,cascade,utility,3,75,97767981961,97768037668,11,0,BLUE,false,0,1,2,2,ASSASSIN:7;GOBLIN:8,SCORPION_RIDER:4;SPIDER:14
1065,0,0,true,,,utility,utility,3,75,97775893042,97775871135,18,0,,false,3,3,2,3,ARCHER:3;ASSASSIN:8,GOBLIN:1;SCORPION_RIDER:4;SPIDER:13
1066,0,0,true,,,utility,utility,3,75,97775893042,97775871135,18,0,,false,3,3,2,3,ARCHER:3;ASSASSIN:8,GOBLIN:1;SCORPION_RIDER:4;SPIDER:13
1067,0,0,true,,,utility,utility,3,75,97775900961,97775847308,11,0,BLUE,false,0,18,2,3,MAGE:5;SPIDER:13,ARCHER:7;GOBLIN:1;SPIDER:10
1068,0,0,true,,,utility,utility,3,75,97775900961,97775847308,11,0,BLUE,false,0,18,2,3,MAGE:5;SPIDER:13,ARCHER:7;GOBLIN:1;SPIDER:10
1069,0,0,true,,,utility,cascade,3,75,97783812042,97783796071,12,0,GREEN,false,16,0,2,3,GOBLIN:11;MAGE:6,GOBLIN:1;MAGE:4;SPIDER:14
1070,0,0,true,,,cascade,utility,3,75,97783812042,97783796071,10,0,GREEN,false,17,0,2,3,GOBLIN:11;MAGE:6,GOBLIN:1;MAGE:4;SPIDER:14
1071,0,0,true,,,utility,cascade,3,75,97783819961,97783803924,12,0,GREEN,false,5,0,2,2,GARGOYLE:5;GOLEM:4,ARCHER:7;SCORPION_RIDER:4
1072,0,0,true,,,cascade,utility,3,75,97783819961,97783803924,25,0,BLUE,false,0,7,2,2,GARGOYLE:5;GOLEM:4,ARCHER:7;SCORPION_RIDER:4
1073,0,0,true,,,utility,cascade,3,75,97791731042,97791753167,9,0,GREEN,false,7,0,3,3,ARCHER:1;GARGOYLE:3;SCORPION_RIDER:6,ASSASSIN:4;GARGOYLE:6;SPIDER:1
1074,0,0,true,,,cascade,utility,3,75,97791731042,97791753167,12,0,GREEN,false,8,0,3,3,ARCHER:1;GARGOYLE:3;SCORPION_RIDER:6,ASSASSIN:4;GARGOYLE:6;SPIDER:1
1075,0,0,true,,,utility,cascade,3,75,97791738961,97791728380,12,0,GREEN,false,4,0,2,3,GOBLIN:11;GOLEM:4,ARCHER:7;GOBLIN:9;SPIDER:2
1076,0,0,true,,,cascade,utility,3,75,97791738961,97791728380,20,0,GREEN,false,2,0,2,3,GOBLIN:11;GOLEM:4,ARCHER:7;GOBLIN:9;SPIDER:2
1077,0,0,true,,,utility,utility,3,75,98528198042,98528142135,7,0,BLUE,false,0,7,2,4,ARCHER:4;ASSASSIN:7,GOBLIN:12;MAGE:3;SCORPION_RIDER:2
1078,0,0,true,,,utility,utility,3,75,98528198042,98528142135,7,0,BLUE,false,0,7,2,4,ARCHER:4;ASSASSIN:7,GOBLIN:12;MAGE:3;SCORPION_RIDER:2
1079,0,0,true,,,utility,utility,3,75,98528205961,98528248356,15,0,BLUE,false,0,7,3,3,SCORPION_RIDER:4;SPIDER:14,GOLEM:4;MAGE:5
1080,0,0,true,,,utility,utility,3,75,98528205961,98528248356,13,0,BLUE,false,0,7,3,3,SCORPION_RIDER:4;SPIDER:14,GOLEM:4;MAGE:5
1081,0,0,true,,,utility,utility,3,75,98536117042,98536066463,17,0,,false,15,6,3,3,ARCHER:9;SPIDER:7,GOBLIN:6;MAGE:8
1082,0,0,true,,,utility,utility,3,75,98536117042,98536066463,10,0,GREEN,false,10,0,3,3,ARCHER:9;SPIDER:7,GOBLIN:6;MAGE:8
1083,0,0,true,,,utility,utility,3,75,98536124961,98536074380,17,0,,false,6,17,3,2,ARCHER:6;GARGOYLE:5;GOBLIN:1,ARCHER:7;SPIDER:11
1084,0,0,true,,,utility,utility,3,75,98536124961,98536074380,18,0,,false,6,17,3,2,ARCHER:6;GARGOYLE:5;GOBLIN:1,ARCHER:7;SPIDER:11
1085,0,0,true,,,utility,utility,3,75,98544036042,98544023143,11,0,BLUE,false,0,7,3,3,SPIDER:25,GOBLIN:1;GOLEM:7
1086,0,0,true,,,utility,utility,3,75,98544036042,98544023143,15,0,BLUE,false,0,4,3,3,SPIDER:25,GOBLIN:1;GOLEM:7
1087,0,0,true,,,utility,utility,3,75,98544043961,98543999252,23,0,,false,3,4,4,3,ASSASSIN:7;GARGOYLE:1;MAGE:2;SPIDER:1,ARCHER:7;GOBLIN:1;GOLEM:3
1088,0,0,true,,,utility,utility,3,75,98544043961,98543999252,23,0,,false,3,4,4,3,ASSASSIN:7;GARGOYLE:1;MAGE:2;SPIDER:1,ARCHER:7;GOBLIN:1;GOLEM:3
1089,0,0,true,,,utility,utility,3,75,98551955042,98551963855,18,0,GREEN,false,2,0,3,3,GOLEM:4;MAGE:1;SPIDER:9,ARCHER:1;MAGE:3;SCORPION_RIDER:6
1090,0,0,true,,,utility,utility,3,75,98551955042,98551963855,9,0,BLUE,false,0,10,3,3,GOLEM:4;MAGE:1;SPIDER:9,ARCHER:1;MAGE:3;SCORPION_RIDER:6
1091,0,0,true,,,utility,utility,3,75,98551962961,98551940092,9,0,BLUE,false,0,9,3,3,ASSASSIN:5;GOLEM:4,ARCHER:12;SPIDER:1
1092,0,0,true,,,utility,utility,3,75,98551962961,98551940092,9,0,BLUE,false,0,9,3,3,ASSASSIN:5;GOLEM:4,ARCHER:12;SPIDER:1
1093,0,0,true,,,utility,cascade,3,75,98559874042,98559888727,16,0,GREEN,false,9,0,2,4,ARCHER:7;GOBLIN:11,ARCHER:8;GARGOYLE:3;GOBLIN:1;SPIDER:1
1094,0,0,true,,,cascade,utility,3,75,98559874042,98559888727,12,0,GREEN,false,10,0,2,4,ARCHER:7;GOBLIN:11,ARCHER:8;GARGOYLE:3;GOBLIN:1;SPIDER:1
1095,0,0,true,,,utility,cascade,3,75,98559881961,98559896644,9,0,GREEN,false,7,0,2,3,ASSASSIN:7;SCORPION_RIDER:3,ASSASSIN:8;GARGOYLE:2;GOBLIN:1
1096,0,0,true,,,cascade,utility,3,75,98559881961,98559896644,12,0,GREEN,false,3,0,2,3,ASSASSIN:7;SCORPION_RIDER:3,ASSASSIN:8;GARGOYLE:2;GOBLIN:1
1097,0,0,true,,,utility,cascade,3,75,98567793042,98567845695,7,0,BLUE,false,0,9,3,3,ASSASSIN:8;GARGOYLE:2;SPIDER:1,GARGOYLE:3;SCORPION_RIDER:6;SPIDER:2
1098,0,0,true,,,cascade,utility,3,75,98567793042,98567845695,5,0,BLUE,false,0,8,3,3,ASSASSIN:8;GARGOYLE:2;SPIDER:1,GARGOYLE:3;SCORPION_RIDER:6;SPIDER:2
1099,0,0,true,,,utility,cascade,3,75,98567800961,98567820844,10,0,GREEN,false,2,0,3,3,GOBLIN:1;MAGE:10,ASSASSIN:2;GOBLIN:1;MAGE:8
1100,0,0,true,,,cascade,utility,3,75,98567800961,98567820844,14,0,GREEN,false,3,0,3,3,GOBLIN:1;MAGE:10,ASSASSIN:2;GOBLIN:1;MAGE:8
1101,0,0,true,,,utility,cascade,3,75,98575712042,98575655303,7,0,BLUE,false,0,19,2,3,MAGE:8;SPIDER:6,GARGOYLE:2;GOBLIN:20
1102,0,0,true,,,cascade,utility,3,75,98575712042,98575655303,5,0,BLUE,false,0,20,2,3,MAGE:8;SPIDER:6,GARGOYLE:2;GOBLIN:20
1103,0,0,true,,,utility,cascade,3,75,98575719961,98575761588,19,0,BLUE,false,0,4,4,3,GOBLIN:1;MAGE:9;SCORPION_RIDER:1,ARCHER:1;ASSASSIN:4;GOLEM:4
1104,0,0,true,,,cascade,utility,3,75,98575719961,98575761588,13,0,BLUE,false,0,4,4,3,GOBLIN:1;MAGE:9;SCORPION_RIDER:1,ARCHER:1;ASSASSIN:4;GOLEM:4
1105,0,0,true,,,utility,cascade,3,75,98583631042,98583579247,7,0,BLUE,false,0,14,3,3,MAGE:10;SPIDER:1,GOBLIN:10;GOLEM:4;SPIDER:1
1106,0,0,true,,,cascade,utility,3,75,98583631042,98583579247,17,0,BLUE,false,0,4,3,3,MAGE:10;SPIDER:1,GOBLIN:10;GOLEM:4;SPIDER:1
1107,0,0,true,,,utility,cascade,3,75,98583638961,98583588124,9,0,BLUE,false,0,5,3,3,GOLEM:7;SPIDER:1,GOBLIN:12;GOLEM:3;SCORPION_RIDER:1
1108,0,0,true,,,cascade,utility,3,75,98583638961,98583588124,9,0,BLUE,false,0,10,3,3,GOLEM:7;SPIDER:1,GOBLIN:12;GOLEM:3;SCORPION_RIDER:1
1109,0,0,true,,,utility,utility,3,75,99320098042,99320115799,8,0,GREEN,false,13,0,3,3,GOBLIN:10;MAGE:5;SPIDER:3,SPIDER:25
1110,0,0,true,,,utility,utility,3,75,99320098042,99320115799,10,0,GREEN,false,8,0,3,3,GOBLIN:10;MAGE:5;SPIDER:3,SPIDER:25
1111,0,0,true,,,utility,utility,3,75,99320105961,99320091972,21,0,BLUE,false,0,7,3,3,GOBLIN:1;GOLEM:4;SPIDER:10,GARGOYLE:5;GOBLIN:1;MAGE:5
1112,0,0,true,,,utility,utility,3,75,99320105961,99320091972,21,0,BLUE,false,0,7,3,3,GOBLIN:1;GOLEM:4;SPIDER:10,GARGOYLE:5;GOBLIN:1;MAGE:5
1113,0,0,true,,,utility,cascade,3,75,99328017042,99328039999,11,0,GREEN,false,5,0,3,2,GARGOYLE:6;GOBLIN:3;SCORPION_RIDER:3,SCORPION_RIDER:6;SPIDER:9
1114,0,0,true,,,cascade,utility,3,75,99328017042,99328039999,18,0,GREEN,false,6,0,3,2,GARGOYLE:6;GOBLIN:3;SCORPION_RIDER:3,SCORPION_RIDER:6;SPIDER:9
1115,0,0,true,,,utility,cascade,3,75,99328024961,99328048940,11,0,BLUE,false,0,3,2,4,ASSASSIN:7;SCORPION_RIDER:3,GARGOYLE:1;MAGE:8;SCORPION_RIDER:1;SPIDER:1
1116,0,0,true,,,cascade,utility,3,75,99328024961,99328048940,8,0,GREEN,false,3,0,2,4,ASSASSIN:7;SCORPION_RIDER:3,GARGOYLE:1;MAGE:8;SCORPION_RIDER:1;SPIDER:1
1117,0,0,true,,,utility,cascade,3,75,99335936042,99335980679,25,0,BLUE,false,0,3,3,2,ARCHER:8;SPIDER:9,ASSASSIN:5;GOLEM:4
1118,0,0,true,,,cascade,utility,3,75,99335936042,99335980679,8,0,GREEN,false,8,0,3,2,ARCHER:8;SPIDER:9,ASSASSIN:5;GOLEM:4
1119,0,0,true,,,utility,cascade,3,75,99335943961,99335989684,15,0,BLUE,false,0,9,3,3,GOBLIN:14;SCORPION_RIDER:4,ARCHER:12;SPIDER:1
1120,0,0,true,,,cascade,utility,3,75,99335943961,99335989684,8,0,GREEN,false,10,0,3,3,GOBLIN:14;SCORPION_RIDER:4,ARCHER:12;SPIDER:1
1121,0,0,true,,,utility,utility,3,75,99343855042,99343807343,20,0,GREEN,false,2,0,3,3,ARCHER:6;GOBLIN:11;SPIDER:2,ARCHER:7;GARGOYLE:4;SPIDER:1
1122,0,0,true,,,utility,utility,3,75,99343855042,99343807343,14,0,GREEN,false,6,0,3,3,ARCHER:6;GOBLIN:11;SPIDER:2,ARCHER:7;GARGOYLE:4;SPIDER:1
1123,0,0,true,,,utility,utility,3,75,99343862961,99343913500,9,0,BLUE,false,0,11,3,3,ASSASSIN:1;GOLEM:4;SPIDER:9,ARCHER:6;GOBLIN:12;SPIDER:1
1124,0,0,true,,,utility,utility,3,75,99343862961,99343913500,7,0,BLUE,false,0,12,3,3,ASSASSIN:1;GOLEM:4;SPIDER:9,ARCHER:6;GOBLIN:12;SPIDER:1
1125,0,0,true,,,utility,utility,3,75,99351774042,99351731703,13,0,BLUE,false,0,5,3,3,MAGE:8;SCORPION_RIDER:2;SPIDER:1,GARGOYLE:5;GOBLIN:1;MAGE:5
1126,0,0,true,,,utility,utility,3,75,99351774042,99351731703,13,0,BLUE,false,0,5,3,3,MAGE:8;SCORPION_RIDER:2;SPIDER:1,GARGOYLE:5;GOBLIN:1;MAGE:5
1127,0,0,true,,,utility,utility,3,75,99351781961,99351739620,19,0,,false,9,4,3,2,ARCHER:8;MAGE:3;SPIDER:2,ARCHER:7;SCORPION_RIDER:4
1128,0,0,true,,,utility,utility,3,75,99351781961,99351739620,19,0,,false,9,4,3,2,ARCHER:8;MAGE:3;SPIDER:2,ARCHER:7;SCORPION_RIDER:4
1129,0,0,true,,,utility,cascade,3,75,99359693042,99359671903,10,0,GREEN,false,4,0,3,3,GOBLIN:1;SCORPION_RIDER:9,ASSASSIN:3;GARGOYLE:2;GOLEM:4
1130,0,0,true,,,cascade,utility,3,75,99359693042,99359671903,8,0,GREEN,false,5,0,3,3,GOBLIN:1;SCORPION_RIDER:9,ASSASSIN:3;GARGOYLE:2;GOLEM:4
1131,0,0,true,,,utility,cascade,3,75,99359700961,99359680844,9,0,BLUE,false,0,14,2,3,GOBLIN:11;SPIDER:14,GOBLIN:10;SCORPION_RIDER:5;SPIDER:1
1132,0,0,true,,,cascade,utility,3,75,99359700961,99359680844,10,0,BLUE,false,0,3,2,3,GOBLIN:11;SPIDER:14,GOBLIN:10;SCORPION_RIDER:5;SPIDER:1
1133,0,0,true,,,utility,cascade,3,75,99367612042,99367628839,13,0,GREEN,false,5,0,3,3,GARGOYLE:6;SPIDER:11,ASSASSIN:10;SPIDER:1
1134,0,0,true,,,cascade,utility,3,75,99367612042,99367628839,10,0,GREEN,false,6,0,3,3,GARGOYLE:6;SPIDER:11,ASSASSIN:10;SPIDER:1
1135,0,0,true,,,utility,cascade,3,75,99367619961,99367605204,11,0,BLUE,false,0,6,4,3,ARCHER:8;ASSASSIN:1;GOBLIN:1;SPIDER:5,GOBLIN:11;SCORPION_RIDER:5
1136,0,0,true,,,cascade,utility,3,75,99367619961,99367605204,5,0,BLUE,false,0,15,4,3,ARCHER:8;ASSASSIN:1;GOBLIN:1;SPIDER:5,GOBLIN:11;SCORPION_RIDER:5
1137,0,0,true,,,utility,cascade,3,75,99375531042,99375553167,11,0,BLUE,false,0,6,3,3,ARCHER:5;SCORPION_RIDER:5;SPIDER:1,ARCHER:1;SCORPION_RIDER:6;SPIDER:7
1138,0,0,true,,,cascade,utility,3,75,99375531042,99375553167,5,0,BLUE,false,0,9,3,3,ARCHER:5;SCORPION_RIDER:5;SPIDER:1,ARCHER:1;SCORPION_RIDER:6;SPIDER:7
1139,0,0,true,,,utility,cascade,3,75,99375538961,99375562172,12,0,GREEN,false,14,0,2,2,GOBLIN:11;SCORPION_RIDER:5,SPIDER:25
1140,0,0,true,,,cascade,utility,3,75,99375538961,99375562172,14,0,GREEN,false,6,0,2,2,GOBLIN:11;SCORPION_RIDER:5,SPIDER:25
1141,0,0,true,,,utility,utility,3,75,100111998042,100111942391,22,0,,false,7,4,3,3,ARCHER:11;SPIDER:3,ASSASSIN:4;GOBLIN:2;GOLEM:4
1142,0,0,true,,,utility,utility,3,75,100111998042,100111942391,22,0,,false,7,4,3,3,ARCHER:11;SPIDER:3,ASSASSIN:4;GOBLIN:2;GOLEM:4
1143,0,0,true,,,utility,utility,3,75,100112005961,100111951332,12,0,,false,11,9,3,3,ARCHER:4;GOLEM:4;SPIDER:3,GARGOYLE:5;GOLEM:4
1144,0,0,true,,,utility,utility,3,75,100112005961,100111951332,12,0,,false,11,9,3,3,ARCHER:4;GOLEM:4;SPIDER:3,GARGOYLE:5;GOLEM:4
1145,0,0,true,,,utility,cascade,3,75,100119917042,100119899999,10,0,GREEN,false,5,0,3,2,GARGOYLE:3;SCORPION_RIDER:6;SPIDER:2,ASSASSIN:5;SCORPION_RIDER:5
1146,0,0,true,,,cascade,utility,3,75,100119917042,100119899999,8,0,GREEN,false,7,0,3,2,GARGOYLE:3;SCORPION_RIDER:6;SPIDER:2,ASSASSIN:5;SCORPION_RIDER:5
1147,0,0,true,,,utility,cascade,3,75,100119924961,100119875148,17,0,BLUE,false,0,5,3,3,MAGE:8;SCORPION_RIDER:2;SPIDER:1,GARGOYLE:9;SPIDER:4
1148,0,0,true,,,cascade,utility,3,75,100119924961,100119875148,12,0,BLUE,false,0,9,3,3,MAGE:8;SCORPION_RIDER:2;SPIDER:1,GARGOYLE:9;SPIDER:4
1149,0,0,true,,,utility,cascade,3,75,100127836042,100127824167,9,0,BLUE,false,0,6,3,3,ASSASSIN:4;GOBLIN:2;SCORPION_RIDER:5,GOBLIN:12;SPIDER:13
1150,0,0,true,,,cascade,utility,3,75,100127836042,100127824167,12,0,GREEN,false,1,0,3,3,ASSASSIN:4;GOBLIN:2;SCORPION_RIDER:5,GOBLIN:12;SPIDER:13
1151,0,0,true,,,utility,cascade,3,75,100127843961,100127832276,10,0,GREEN,false,13,0,3,3,ARCHER:8;GOBLIN:1;SPIDER:8,GARGOYLE:3;SPIDER:18
1152,0,0,true,,,cascade,utility,3,75,100127843961,100127832276,20,0,GREEN,false,8,0,3,3,ARCHER:8;GOBLIN:1;SPIDER:8,GARGOYLE:3;SPIDER:18
1153,0,0,true,,,utility,cascade,3,75,100135755042,100135764879,16,0,GREEN,false,4,0,3,3,ASSASSIN:4;GOLEM:4;SPIDER:2,ARCHER:1;GOLEM:2;MAGE:7
1154,0,0,true,,,cascade,utility,3,75,100135755042,100135764879,16,0,GREEN,false,4,0,3,3,ASSASSIN:4;GOLEM:4;SPIDER:2,ARCHER:1;GOLEM:2;MAGE:7
1155,0,0,true,,,utility,cascade,3,75,100135762961,100135772860,10,0,GREEN,false,6,0,2,3,GOLEM:3;SPIDER:15,GOBLIN:1;GOLEM:3;SCORPION_RIDER:5
1156,0,0,true,,,cascade,utility,3,75,100135762961,100135772860,13,0,BLUE,false,0,3,2,3,GOLEM:3;SPIDER:15,GOBLIN:1;GOLEM:3;SCORPION_RIDER:5
1157,0,0,true,,,utility,cascade,3,75,100143674042,100143721495,13,0,BLUE,false,0,6,3,3,GARGOYLE:6;GOBLIN:2;SPIDER:9,GOBLIN:8;SCORPION_RIDER:6;SPIDER:1
1158,0,0,true,,,cascade,utility,3,75,100143674042,100143721495,9,0,BLUE,false,0,9,3,3,GARGOYLE:6;GOBLIN:2;SPIDER:9,GOBLIN:8;SCORPION_RIDER:6;SPIDER:1
1159,0,0,true,,,utility,cascade,3,75,100143681961,100143697668,7,0,BLUE,false,0,14,2,4,ASSASSIN:5;GOLEM:4,ARCHER:1;GARGOYLE:5;GOBLIN:11
1160,0,0,true,,,cascade,utility,3,75,100143681961,100143697668,11,0,BLUE,false,0,12,2,4,ASSASSIN:5;GOLEM:4,ARCHER:1;GARGOYLE:5;GOBLIN:11
1161,0,0,true,,,utility,cascade,3,75,100151593042,100151645951,10,0,GREEN,false,7,0,3,4,GOBLIN:1;GOLEM:4;SCORPION_RIDER:4,GOLEM:2;MAGE:7;SPIDER:2
1162,0,0,true,,,cascade,utility,3,75,100151593042,100151645951,9,0,GREEN,false,8,0,3,4,GOBLIN:1;GOLEM:4;SCORPION_RIDER:4,GOLEM:2;MAGE:7;SPIDER:2
1163,0,0,true,,,utility,cascade,3,75,100151600961,100151654892,25,0,BLUE,false,0,5,3,3,GOBLIN:1;GOLEM:7,ARCHER:9;MAGE:3
1164,0,0,true,,,cascade,utility,3,75,100151600961,100151654892,14,0,GREEN,false,4,0,3,3,GOBLIN:1;GOLEM:7,ARCHER:9;MAGE:3
1165,0,0,true,,,utility,cascade,3,75,100159512042,100159456071,11,0,BLUE,false,0,7,2,2,ARCHER:4;MAGE:7,ASSASSIN:7;SPIDER:8
1166,0,0,true,,,cascade,utility,3,75,100159512042,100159456071,7,0,BLUE,false,0,9,2,2,ARCHER:4;MAGE:7,ASSASSIN:7;SPIDER:8
1167,0,0,true,,,utility,cascade,3,75,100159519961,100159464052,9,0,BLUE,false,0,17,3,3,GARGOYLE:2;GOBLIN:1;MAGE:8,ARCHER:7;GOBLIN:11
1168,0,0,true,,,cascade,utility,3,75,100159519961,100159464052,7,0,BLUE,false,0,13,3,3,GARGOYLE:2;GOBLIN:1;MAGE:8,ARCHER:7;GOBLIN:11
1169,0,0,true,,,utility,cascade,3,75,100167431042,100167413039,6,0,BLUE,false,0,14,3,3,GOLEM:1;MAGE:7;SPIDER:5,ARCHER:6;GOBLIN:10;SPIDER:3
1170,0,0,true,,,cascade,utility,3,75,100167431042,100167413039,4,0,BLUE,false,0,16,3,3,GOLEM:1;MAGE:7;SPIDER:5,ARCHER:6;GOBLIN:10;SPIDER:3
1171,0,0,true,,,utility,cascade,3,75,100167438961,100167388380,8,0,GREEN,false,10,0,3,3,GARGOYLE:6;GOBLIN:1;MAGE:4,ASSASSIN:1;GOLEM:1;MAGE:8
1172,0,0,true,,,cascade,utility,3,75,100167438961,100167388380,16,0,GREEN,false,6,0,3,3,GARGOYLE:6;GOBLIN:1;MAGE:4,ASSASSIN:1;GOLEM:1;MAGE:8
1173,0,0,true,,,utility,utility,3,75,100903898042,100903916823,14,0,GREEN,false,7,0,4,3,GOBLIN:20;GOLEM:1;SPIDER:1,ARCHER:1;GARGOYLE:4;GOLEM:4
1174,0,0,true,,,utility,utility,3,75,100903898042,100903916823,15,0,,false,22,8,4,3,GOBLIN:20;GOLEM:1;SPIDER:1,ARCHER:1;GARGOYLE:4;GOLEM:4
1175,0,0,true,,,utility,utility,3,75,100903905961,100903924740,15,0,BLUE,false,0,3,3,3,GOBLIN:1;GOLEM:4;SCORPION_RIDER:4,GOBLIN:1;SCORPION_RIDER:9
1176,0,0,true,,,utility,utility,3,75,100903905961,100903924740,15,0,BLUE,false,0,3,3,3,GOBLIN:1;GOLEM:4;SCORPION_RIDER:4,GOBLIN:1;SCORPION_RIDER:9
1177,0,0,true,,,utility,utility,3,75,100911817042,100911874047,21,0,,false,12,8,3,3,ARCHER:9;MAGE:3,ASSASSIN:1;GOLEM:2;SCORPION_RIDER:6
1178,0,0,true,,,utility,utility,3,75,100911817042,100911874047,26,0,,false,9,7,3,3,ARCHER:9;MAGE:3,ASSASSIN:1;GOLEM:2;SCORPION_RIDER:6
1179,0,0,true,,,utility,utility,3,75,100911824961,100911849196,23,0,BLUE,false,0,7,3,3,ASSASSIN:5;GARGOYLE:5;SPIDER:1,GOLEM:4;SCORPION_RIDER:4;SPIDER:1
1180,0,0,true,,,utility,utility,3,75,100911824961,100911849196,21,0,BLUE,false,0,7,3,3,ASSASSIN:5;GARGOYLE:5;SPIDER:1,GOLEM:4;SCORPION_RIDER:4;SPIDER:1
1181,0,0,true,,,utility,cascade,3,75,100919736042,100919683143,15,0,BLUE,false,0,11,2,3,ASSASSIN:5;SPIDER:13,GARGOYLE:10;GOBLIN:1
1182,0,0,true,,,cascade,utility,3,75,100919736042,100919683143,10,0,BLUE,false,0,9,2,3,ASSASSIN:5;SPIDER:13,GARGOYLE:10;GOBLIN:1
1183,0,0,true,,,utility,cascade,3,75,100919743961,100919790452,12,0,GREEN,false,6,0,3,3,ARCHER:7;ASSASSIN:4;SPIDER:1,GOBLIN:1;MAGE:8;SCORPION_RIDER:2
1184,0,0,true,,,cascade,utility,3,75,100919743961,100919790452,8,0,GREEN,false,6,0,3,3,ARCHER:7;ASSASSIN:4;SPIDER:1,GOBLIN:1;MAGE:8;SCORPION_RIDER:2
1185,0,0,true,,,utility,utility,3,75,100927655042,100927607343,11,0,BLUE,false,0,9,3,4,ASSASSIN:8;GOLEM:1;SPIDER:3,ARCHER:1;GOLEM:1;MAGE:8;SPIDER:1
1186,0,0,true,,,utility,utility,3,75,100927655042,100927607343,11,0,BLUE,false,0,8,3,4,ASSASSIN:8;GOLEM:1;SPIDER:3,ARCHER:1;GOLEM:1;MAGE:8;SPIDER:1
1187,0,0,true,,,utility,utility,3,75,100927662961,100927616476,18,0,GREEN,false,5,0,3,4,ARCHER:1;GARGOYLE:5;GOBLIN:11,ARCHER:3;GOBLIN:1;GOLEM:4;MAGE:2
1188,0,0,true,,,utility,utility,3,75,100927662961,100927616476,22,0,GREEN,false,5,0,3,4,ARCHER:1;GARGOYLE:5;GOBLIN:11,ARCHER:3;GOBLIN:1;GOLEM:4;MAGE:2
1189,0,0,true,,,utility,cascade,3,75,100935574042,100935564471,16,0,GREEN,false,4,0,2,2,ARCHER:5;SPIDER:15,ASSASSIN:5;GOLEM:4
1190,0,0,true,,,cascade,utility,3,75,100935574042,100935564471,7,0,BLUE,false,0,8,2,2,ARCHER:5;SPIDER:15,ASSASSIN:5;GOLEM:4
1191,0,0,true,,,utility,cascade,3,75,100935581961,100935540644,4,0,GREEN,false,15,0,3,3,ARCHER:8;GOBLIN:7;SPIDER:2,ARCHER:12;SPIDER:1
1192,0,0,true,,,cascade,utility,3,75,100935581961,100935540644,12,0,GREEN,false,6,0,3,3,ARCHER:8;GOBLIN:7;SPIDER:2,ARCHER:12;SPIDER:1
1193,0,0,true,,,utility,utility,3,75,100943493042,100943505695,23,0,,false,12,5,3,3,ARCHER:7;GARGOYLE:4;GOBLIN:1,SCORPION_RIDER:9;SPIDER:1
1194,0,0,true,,,utility,utility,3,75,100943493042,100943505695,23,0,,false,12,5,3,3,ARCHER:7;GARGOYLE:4;GOBLIN:1,SCORPION_RIDER:9;SPIDER:1
1195,0,0,true,,,utility,utility,3,75,100943500961,100943480844,5,0,BLUE,false,0,13,3,3,ASSASSIN:8;MAGE:2;SPIDER:1,GOBLIN:10;SCORPION_RIDER:5;SPIDER:1
1196,0,0,true,,,utility,utility,3,75,100943500961,100943480844,5,0,BLUE,false,0,13,3,3,ASSASSIN:8;MAGE:2;SPIDER:1,GOBLIN:10;SCORPION_RIDER:5;SPIDER:1
1197,0,0,true,,,utility,utility,3,75,100951412042,100951430119,25,0,BLUE,false,0,4,4,2,ASSASSIN:4;GARGOYLE:6;GOBLIN:1,GARGOYLE:4;SPIDER:15
1198,0,0,true,,,utility,utility,3,75,100951412042,100951430119,15,0,BLUE,false,0,12,4,2,ASSASSIN:4;GARGOYLE:6;GOBLIN:1,GARGOYLE:4;SPIDER:15
1199,0,0,true,,,utility,utility,3,75,100951419961,100951437972,8,0,GREEN,false,6,0,3,2,ARCHER:5;GOBLIN:2;SPIDER:13,ARCHER:4;ASSASSIN:7
1200,0,0,true,,,utility,utility,3,75,100951419961,100951437972,6,0,GREEN,false,15,0,3,2,ARCHER:5;GOBLIN:2;SPIDER:13,ARCHER:4;ASSASSIN:7
1201,0,0,true,,,utility,utility,3,75,100959331042,100959386703,18,0,GREEN,false,4,0,4,3,GOLEM:6;SPIDER:5,ARCHER:3;MAGE:7;SCORPION_RIDER:1
1202,0,0,true,,,utility,utility,3,75,100959331042,100959386703,18,0,GREEN,false,4,0,4,3,GOLEM:6;SPIDER:5,ARCHER:3;MAGE:7;SCORPION_RIDER:1
1203,0,0,true,,,utility,utility,3,75,100959338961,100959362940,32,0,,false,10,18,4,3,GARGOYLE:4;GOBLIN:11;SCORPION_RIDER:1;SPIDER:2,ARCHER:6;GOBLIN:12;SPIDER:1
1204,0,0,true,,,utility,utility,3,75,100959338961,100959362940,26,0,,false,14,19,4,3,GARGOYLE:4;GOBLIN:11;SCORPION_RIDER:1;SPIDER:2,ARCHER:6;GOBLIN:12;SPIDER:1
1205,0,0,true,,,utility,cascade,3,75,101695798042,101695776183,3,0,GREEN,false,17,0,3,3,ASSASSIN:2;GOBLIN:20,ASSASSIN:10;GOBLIN:1
1206,0,0,true,,,cascade,utility,3,75,101695798042,101695776183,4,0,GREEN,false,17,0,3,3,ASSASSIN:2;GOBLIN:20,ASSASSIN:10;GOBLIN:1
1207,0,0,true,,,utility,cascade,3,75,101695805961,101695751332,11,0,BLUE,false,0,4,3,3,ARCHER:5;GOLEM:4;SPIDER:1,SCORPION_RIDER:9;SPIDER:1
1208,0,0,true,,,cascade,utility,3,75,101695805961,101695751332,7,0,BLUE,false,0,8,3,3,ARCHER:5;GOLEM:4;SPIDER:1,SCORPION_RIDER:9;SPIDER:1
1209,0,0,true,,,utility,utility,3,75,101703717042,101703699999,18,0,GREEN,false,11,0,3,4,ARCHER:7;GOBLIN:2;SPIDER:9,ARCHER:1;ASSASSIN:5;GOBLIN:11
1210,0,0,true,,,utility,utility,3,75,101703717042,101703699999,18,0,GREEN,false,11,0,3,4,ARCHER:7;GOBLIN:2;SPIDER:9,ARCHER:1;ASSASSIN:5;GOBLIN:11
1211,0,0,true,,,utility,utility,3,75,101703724961,101703708940,41,0,,false,6,1,3,4,GOBLIN:5;MAGE:8;SPIDER:1,GOBLIN:20;GOLEM:1;SPIDER:1
1212,0,0,true,,,utility,utility,3,75,101703724961,101703708940,41,0,,false,6,1,3,4,GOBLIN:5;MAGE:8;SPIDER:1,GOBLIN:20;GOLEM:1;SPIDER:1
1213,0,0,true,,,utility,utility,3,75,101711636042,101711657191,7,0,BLUE,false,0,13,2,3,MAGE:7;SCORPION_RIDER:3,GOBLIN:1;SCORPION_RIDER:5;SPIDER:10
1214,0,0,true,,,utility,utility,3,75,101711636042,101711657191,7,0,BLUE,false,0,13,2,3,MAGE:7;SCORPION_RIDER:3,GOBLIN:1;SCORPION_RIDER:5;SPIDER:10
1215,0,0,true,,,utility,utility,3,75,101711643961,101711633300,12,0,,false,11,10,3,3,GARGOYLE:5;MAGE:5;SPIDER:1,GOLEM:2;SCORPION_RIDER:6;SPIDER:2
1216,0,0,true,,,utility,utility,3,75,101711643961,101711633300,12,0,,false,11,10,3,3,GARGOYLE:5;MAGE:5;SPIDER:1,GOLEM:2;SCORPION_RIDER:6;SPIDER:2
1217,0,0,true,,,utility,utility,3,75,101719555042,101719598415,13,0,BLUE,false,0,6,2,4,MAGE:7;SCORPION_RIDER:3,ASSASSIN:2;GOBLIN:12;SPIDER:8
1218,0,0,true,,,utility,utility,3,75,101719555042,101719598415,13,0,BLUE,false,0,6,2,4,MAGE:7;SCORPION_RIDER:3,ASSASSIN:2;GOBLIN:12;SPIDER:8
1219,0,0,true,,,utility,utility,3,75,101719562961,101719573628,24,0,,false,3,11,3,2,ASSASSIN:5;SCORPION_RIDER:5,SCORPION_RIDER:5;SPIDER:11
1220,0,0,true,,,utility,utility,3,75,101719562961,101719573628,11,0,BLUE,false,0,2,3,2,ASSASSIN:5;SCORPION_RIDER:5,SCORPION_RIDER:5;SPIDER:11
1221,0,0,true,,,utility,cascade,3,75,101727474042,101727522775,7,0,GREEN,false,13,0,2,4,ARCHER:8;GOBLIN:9,ARCHER:7;GOBLIN:1;MAGE:4
1222,0,0,true,,,cascade,utility,3,75,101727474042,101727522775,16,0,GREEN,false,6,0,2,4,ARCHER:8;GOBLIN:9,ARCHER:7;GOBLIN:1;MAGE:4
1223,0,0,true,,,utility,cascade,3,75,101727481961,101727530692,10,0,GREEN,false,6,0,3,2,GARGOYLE:10;GOBLIN:1,ASSASSIN:7;SCORPION_RIDER:3
1224,0,0,true,,,cascade,utility,3,75,101727481961,101727530692,10,0,GREEN,false,8,0,3,2,GARGOYLE:10;GOBLIN:1,ASSASSIN:7;SCORPION_RIDER:3
1225,0,0,true,,,utility,cascade,3,75,101735393042,101735348671,8,0,GREEN,false,9,0,3,2,ARCHER:9;GARGOYLE:3,ASSASSIN:8;GOBLIN:6
1226,0,0,true,,,cascade,utility,3,75,101735393042,101735348671,8,0,GREEN,false,12,0,3,2,ARCHER:9;GARGOYLE:3,ASSASSIN:8;GOBLIN:6
1227,0,0,true,,,utility,cascade,3,75,101735400961,101735454892,9,0,BLUE,false,0,8,3,3,ASSASSIN:4;GOBLIN:2;GOLEM:4,GARGOYLE:6;GOBLIN:10;SPIDER:1
1228,0,0,true,,,cascade,utility,3,75,101735400961,101735454892,8,0,BLUE,false,0,11,3,3,ASSASSIN:4;GOBLIN:2;GOLEM:4,GARGOYLE:6;GOBLIN:10;SPIDER:1
1229,0,0,true,,,utility,utility,3,75,101743312042,101743288839,15,0,BLUE,false,0,5,3,2,ARCHER:8;GOBLIN:2;MAGE:3,GARGOYLE:5;SCORPION_RIDER:5
1230,0,0,true,,,utility,utility,3,75,101743312042,101743288839,13,0,BLUE,false,0,6,3,2,ARCHER:8;GOBLIN:2;MAGE:3,GARGOYLE:5;SCORPION_RIDER:5
1231,0,0,true,,,utility,utility,3,75,101743319961,101743265076,31,0,BLUE,false,0,1,3,3,GOBLIN:12;SPIDER:13,GOLEM:2;MAGE:1;SCORPION_RIDER:6
1232,0,0,true,,,utility,utility,3,75,101743319961,101743265076,35,0,,false,8,3,3,3,GOBLIN:12;SPIDER:13,GOLEM:2;MAGE:1;SCORPION_RIDER:6
1233,0,0,true,,,utility,utility,3,75,101751231042,101751213295,6,0,GREEN,false,8,0,3,3,ARCHER:8;ASSASSIN:3;GOBLIN:2,MAGE:8;SCORPION_RIDER:2;SPIDER:1
1234,0,0,true,,,utility,utility,3,75,101751231042,101751213295,8,0,GREEN,false,7,0,3,3,ARCHER:8;ASSASSIN:3;GOBLIN:2,MAGE:8;SCORPION_RIDER:2;SPIDER:1
1235,0,0,true,,,utility,utility,3,75,101751238961,101751222172,15,0,BLUE,false,0,5,2,3,GOLEM:4;MAGE:5,ARCHER:11;MAGE:1
1236,0,0,true,,,utility,utility,3,75,101751238961,101751222172,15,0,BLUE,false,0,6,2,3,GOLEM:4;MAGE:5,ARCHER:11;MAGE:1
1237,0,0,true,,,utility,utility,3,75,102487698042,102487749847,201,0,,true,15,3,2,4,GOBLIN:9;SCORPION_RIDER:6,ARCHER:1;ASSASSIN:9;GOBLIN:2
1238,0,0,true,,,utility,utility,3,75,102487698042,102487749847,62,0,,false,6,3,2,4,GOBLIN:9;SCORPION_RIDER:6,ARCHER:1;ASSASSIN:9;GOBLIN:2
1239,0,0,true,,,utility,utility,3,75,102487705961,102487726020,10,0,GREEN,false,8,0,3,3,ARCHER:5;GOBLIN:1;GOLEM:4,GOBLIN:1;GOLEM:3;SCORPION_RIDER:5
1240,0,0,true,,,utility,utility,3,75,102487705961,102487726020,10,0,GREEN,false,8,0,3,3,ARCHER:5;GOBLIN:1;GOLEM:4,GOBLIN:1;GOLEM:3;SCORPION_RIDER:5
1241,0,0,true,,,utility,utility,3,75,102495617042,102495674047,12,0,GREEN,false,8,0,2,3,GOLEM:4;MAGE:5,ARCHER:9;MAGE:3
1242,0,0,true,,,utility,utility,3,75,102495617042,102495674047,12,0,GREEN,false,8,0,2,3,GOLEM:4;MAGE:5,ARCHER:9;MAGE:3
1243,0,0,true,,,utility,utility,3,75,102495624961,102495666604,17,0,,false,11,8,3,3,ARCHER:8;GARGOYLE:1;GOLEM:2,ARCHER:8;GOBLIN:1;SPIDER:8
1244,0,0,true,,,utility,utility,3,75,102495624961,102495666604,17,0,,false,11,8,3,3,ARCHER:8;GARGOYLE:1;GOLEM:2,ARCHER:8;GOBLIN:1;SPIDER:8
1245,0,0,true,,,utility,utility,3,75,102503536042,102503484167,26,0,,false,6,4,3,2,GOBLIN:10;SPIDER:15,ARCHER:4;ASSASSIN:7
1246,0,0,true,,,utility,utility,3,75,102503536042,102503484167,26,0,,false,6,4,3,2,GOBLIN:10;SPIDER:15,ARCHER:4;ASSASSIN:7
1247,0,0,true,,,utility,utility,3,75,102503543961,102503492148,7,0,BLUE,false,0,8,2,2,ASSASSIN:7;GOBLIN:8,GOLEM:4;MAGE:5
1248,0,0,true,,,utility,utility,3,75,102503543961,102503492148,9,0,BLUE,false,0,8,2,2,ASSASSIN:7;GOBLIN:8,GOLEM:4;MAGE:5
1249,0,0,true,,,utility,cascade,3,75,102511455042,102511441391,4,0,GREEN,false,14,0,2,3,GOBLIN:11;SCORPION_RIDER:5,ARCHER:1;ASSASSIN:5;GOBLIN:11
1250,0,0,true,,,cascade,utility,3,75,102511455042,102511441391,4,0,GREEN,false,12,0,2,3,GOBLIN:11;SCORPION_RIDER:5,ARCHER:1;ASSASSIN:5;GOBLIN:11
1251,0,0,true,,,utility,cascade,3,75,102511462961,102511416476,21,0,BLUE,false,0,6,3,3,ASSASSIN:8;GOBLIN:3;GOLEM:1,GARGOYLE:6;GOBLIN:1;MAGE:4
1252,0,0,true,,,cascade,utility,3,75,102511462961,102511416476,9,0,BLUE,false,0,6,3,3,ASSASSIN:8;GOBLIN:3;GOLEM:1,GARGOYLE:6;GOBLIN:1;MAGE:4
1253,0,0,true,,,utility,cascade,3,75,102519374042,102519365239,8,0,GREEN,false,9,0,3,3,GARGOYLE:5;GOBLIN:10;SPIDER:3,ARCHER:7;GOBLIN:10;SPIDER:1
1254,0,0,true,,,cascade,utility,3,75,102519374042,102519365239,16,0,GREEN,false,5,0,3,3,GARGOYLE:5;GOBLIN:10;SPIDER:3,ARCHER:7;GOBLIN:10;SPIDER:1
1255,0,0,true,,,utility,cascade,3,75,102519381961,102519357796,18,0,BLUE,false,0,5,3,3,GOBLIN:2;GOLEM:3;SPIDER:13,GARGOYLE:4;SCORPION_RIDER:5;SPIDER:2
1256,0,0,true,,,cascade,utility,3,75,102519381961,102519357796,29,0,BLUE,false,0,4,3,3,GOBLIN:2;GOLEM:3;SPIDER:13,GARGOYLE:4;SCORPION_RIDER:5;SPIDER:2
1257,0,0,true,,,utility,utility,3,75,102527293042,102527305951,19,0,,false,8,9,2,3,MAGE:5;SCORPION_RIDER:5,ARCHER:1;GARGOYLE:6;SPIDER:9
1258,0,0,true,,,utility,utility,3,75,102527293042,102527305951,16,0,GREEN,false,8,0,2,3,MAGE:5;SCORPION_RIDER:5,ARCHER:1;GARGOYLE:6;SPIDER:9
1259,0,0,true,,,utility,utility,3,75,102527300961,102527314892,5,0,BLUE,false,0,15,4,2,ARCHER:4;GOLEM:4;SCORPION_RIDER:1;SPIDER:1,GOBLIN:9;SCORPION_RIDER:6
1260,0,0,true,,,utility,utility,3,75,102527300961,102527314892,5,0,BLUE,false,0,15,4,2,ARCHER:4;GOLEM:4;SCORPION_RIDER:1;SPIDER:1,GOBLIN:9;SCORPION_RIDER:6
1261,0,0,true,,,utility,utility,3,75,102535212042,102535262887,11,0,BLUE,false,0,3,3,2,SCORPION_RIDER:9;SPIDER:1,GARGOYLE:5;GOLEM:4
1262,0,0,true,,,utility,utility,3,75,102535212042,102535262887,15,0,BLUE,false,0,4,3,2,SCORPION_RIDER:9;SPIDER:1,GARGOYLE:5;GOLEM:4
1263,0,0,true,,,utility,utility,3,75,102535219961,102535238740,201,0,,true,6,1,3,5,GOLEM:4;MAGE:4;SPIDER:2,SCORPION_RIDER:4;SPIDER:14
1264,0,0,true,,,utility,utility,3,75,102535219961,102535238740,35,0,,false,8,1,3,5,GOLEM:4;MAGE:4;SPIDER:2,SCORPION_RIDER:4;SPIDER:14
1265,0,0,true,,,utility,cascade,3,75,102543131042,102543187727,7,0,BLUE,false,0,10,2,4,SPIDER:25,ASSASSIN:6;GOBLIN:11
1266,0,0,true,,,cascade,utility,3,75,102543131042,102543187727,12,0,GREEN,false,15,0,2,4,SPIDER:25,ASSASSIN:6;GOBLIN:11
1267,0,0,true,,,utility,cascade,3,75,102543138961,102543195708,5,0,BLUE,false,0,17,3,3,ARCHER:8;ASSASSIN:3;GOBLIN:2,GOBLIN:22;SPIDER:3
1268,0,0,true,,,cascade,utility,3,75,102543138961,102543195708,9,0,BLUE,false,0,10,3,3,ARCHER:8;ASSASSIN:3;GOBLIN:2,GOBLIN:22;SPIDER:3
1269,0,0,true,,,utility,cascade,3,75,23376888042,23376944711,9,0,BLUE,false,0,15,3,3,SCORPION_RIDER:3;SPIDER:17,GARGOYLE:6;GOBLIN:11
1270,0,0,true,,,cascade,utility,3,75,23376888042,23376944711,19,0,BLUE,false,0,11,3,3,SCORPION_RIDER:3;SPIDER:17,GARGOYLE:6;GOBLIN:11
1271,0,0,true,,,utility,cascade,3,75,23376895961,23376937332,10,0,GREEN,false,4,0,3,3,GOLEM:1;MAGE:8;SCORPION_RIDER:1,MAGE:5;SCORPION_RIDER:5
1272,0,0,true,,,cascade,utility,3,75,23376895961,23376937332,5,0,BLUE,false,0,9,3,3,GOLEM:1;MAGE:8;SCORPION_RIDER:1,MAGE:5;SCORPION_RIDER:5
1273,0,0,true,,,utility,utility,3,75,23646134042,23646142903,8,0,GREEN,false,13,0,3,3,ARCHER:8;GOBLIN:2;MAGE:3,GOBLIN:2;SPIDER:23
1274,0,0,true,,,utility,utility,3,75,23646134042,23646142903,8,0,GREEN,false,12,0,3,3,ARCHER:8;GOBLIN:2;MAGE:3,GOBLIN:2;SPIDER:23
1275,0,0,true,,,utility,utility,3,75,23646141961,23646150820,9,0,GREEN,false,4,0,3,2,ASSASSIN:4;GOLEM:4;MAGE:1,ASSASSIN:7;SCORPION_RIDER:3
1276,0,0,true,,,utility,utility,3,75,23646141961,23646150820,12,0,GREEN,false,1,0,3,2,ASSASSIN:4;GOLEM:4;MAGE:1,ASSASSIN:7;SCORPION_RIDER:3
1277,0,0,true,,,utility,utility,3,75,23780757042,23780741279,18,0,,false,8,22,3,2,ASSASSIN:3;GOBLIN:1;MAGE:7,SPIDER:25
1278,0,0,true,,,utility,utility,3,75,23780757042,23780741279,18,0,,false,8,22,3,2,ASSASSIN:3;GOBLIN:1;MAGE:7,SPIDER:25
1279,0,0,true,,,utility,utility,3,75,23780764961,23780750220,21,0,,false,23,16,3,2,GOBLIN:22;MAGE:1,GOBLIN:11;SCORPION_RIDER:5
1280,0,0,true,,,utility,utility,3,75,23780764961,23780750220,21,0,,false,23,16,3,2,GOBLIN:22;MAGE:1,GOBLIN:11;SCORPION_RIDER:5
1281,0,0,true,,,utility,utility,3,75,23915380042,23915357159,28,0,,false,6,7,3,4,GOLEM:3;SCORPION_RIDER:5;SPIDER:1,ASSASSIN:2;GARGOYLE:1;MAGE:7;SPIDER:1
1282,0,0,true,,,utility,utility,3,75,23915380042,23915357159,28,0,,false,6,7,3,4,GOLEM:3;SCORPION_RIDER:5;SPIDER:1,ASSASSIN:2;GARGOYLE:1;MAGE:7;SPIDER:1
1283,0,0,true,,,utility,utility,3,75,23915387961,23915332244,11,0,BLUE,false,0,3,3,3,MAGE:5;SCORPION_RIDER:5,ASSASSIN:1;GOBLIN:12;GOLEM:3
1284,0,0,true,,,utility,utility,3,75,23915387961,23915332244,7,0,BLUE,false,0,3,3,3,MAGE:5;SCORPION_RIDER:5,ASSASSIN:1;GOBLIN:12;GOLEM:3
1285,0,0,true,,,utility,utility,3,75,103279598042,103279576951,5,0,BLUE,false,0,9,2,3,ARCHER:4;MAGE:7,ASSASSIN:10;GOBLIN:1
1286,0,0,true,,,utility,utility,3,75,103279598042,103279576951,7,0,BLUE,false,0,7,2,3,ARCHER:4;MAGE:7,ASSASSIN:10;GOBLIN:1
1287,0,0,true,,,utility,utility,3,75,103279605961,103279584868,6,0,GREEN,false,18,0,2,2,SCORPION_RIDER:4;SPIDER:14,ARCHER:3;MAGE:8
1288,0,0,true,,,utility,utility,3,75,103279605961,103279584868,6,0,GREEN,false,18,0,2,2,SCORPION_RIDER:4;SPIDER:14,ARCHER:3;MAGE:8
1289,0,0,true,,,utility,utility,3,75,103287517042,103287534047,15,0,,false,21,8,4,2,ASSASSIN:1;GOBLIN:22,ASSASSIN:7;SPIDER:8
1290,0,0,true,,,utility,utility,3,75,103287517042,103287534047,15,0,,false,21,8,4,2,ASSASSIN:1;GOBLIN:22,ASSASSIN:7;SPIDER:8
1291,0,0,true,,,utility,utility,3,75,103287524961,103287509196,17,0,,false,5,5,3,3,ARCHER:7;GOBLIN:1;MAGE:4,ARCHER:7;ASSASSIN:4;SPIDER:1
1292,0,0,true,,,utility,utility,3,75,103287524961,103287509196,17,0,,false,5,5,3,3,ARCHER:7;GOBLIN:1;MAGE:4,ARCHER:7;ASSASSIN:4;SPIDER:1
1293,0,0,true,,,utility,cascade,3,75,103295436042,103295458215,17,0,BLUE,false,0,6,4,3,ASSASSIN:1;GOBLIN:3;MAGE:8;SPIDER:1,GARGOYLE:10;GOBLIN:1
1294,0,0,true,,,cascade,utility,3,75,103295436042,103295458215,6,0,BLUE,false,0,11,4,3,ASSASSIN:1;GOBLIN:3;MAGE:8;SPIDER:1,GARGOYLE:10;GOBLIN:1
1295,0,0,true,,,utility,cascade,3,75,103295443961,103295466836,13,0,BLUE,false,0,6,3,3,ASSASSIN:7;GOLEM:1;SCORPION_RIDER:2,MAGE:3;SCORPION_RIDER:6;SPIDER:2
1296,0,0,true,,,cascade,utility,3,75,103295443961,103295466836,3,0,BLUE,false,0,9,3,3,ASSASSIN:7;GOLEM:1;SCORPION_RIDER:2,MAGE:3;SCORPION_RIDER:6;SPIDER:2
1297,0,0,true,,,utility,cascade,3,75,103303355042,103303398415,5,0,BLUE,false,0,14,3,3,ARCHER:1;ASSASSIN:3;SPIDER:16,GOBLIN:9;SCORPION_RIDER:5;SPIDER:2
1298,0,0,true,,,cascade,utility,3,75,103303355042,103303398415,5,0,BLUE,false,0,12,3,3,ARCHER:1;ASSASSIN:3;SPIDER:16,GOBLIN:9;SCORPION_RIDER:5;SPIDER:2
1299,0,0,true,,,utility,cascade,3,75,103303362961,103303407420,7,0,BLUE,false,0,9,3,3,GOBLIN:6;MAGE:8,GARGOYLE:5;SCORPION_RIDER:5
1300,0,0,true,,,cascade,utility,3,75,103303362961,103303407420,5,0,BLUE,false,0,8,3,3,GOBLIN:6;MAGE:8,GARGOYLE:5;SCORPION_RIDER:5
1301,0,0,true,,,utility,cascade,3,75,103311274042,103311224471,7,0,GREEN,false,8,0,3,3,ARCHER:7;GOBLIN:1;MAGE:4,ASSASSIN:7;MAGE:3;SPIDER:1
1302,0,0,true,,,cascade,utility,3,75,103311274042,103311224471,10,0,GREEN,false,4,0,3,3,ARCHER:7;GOBLIN:1;MAGE:4,ASSASSIN:7;MAGE:3;SPIDER:1
1303,0,0,true,,,utility,cascade,3,75,103311281961,103311331716,17,0,BLUE,false,0,6,3,3,ASSASSIN:5;SCORPION_RIDER:5,ARCHER:8;GOBLIN:8;SPIDER:1
1304,0,0,true,,,cascade,utility,3,75,103311281961,103311331716,9,0,BLUE,false,0,4,3,3,ASSASSIN:5;SCORPION_RIDER:5,ARCHER:8;GOBLIN:8;SPIDER:1
1305,0,0,true,,,utility,utility,3,75,103319193042,103319149439,18,0,,false,15,16,3,2,GARGOYLE:3;SCORPION_RIDER:1;SPIDER:15,GARGOYLE:5;SPIDER:13
1306,0,0,true,,,utility,utility,3,75,103319193042,103319149439,18,0,,false,15,16,3,2,GARGOYLE:3;SCORPION_RIDER:1;SPIDER:15,GARGOYLE:5;SPIDER:13
1307,0,0,true,,,utility,utility,3,75,103319200961,103319157356,30,0,,false,5,8,3,3,ARCHER:12;GOBLIN:1,GARGOYLE:10;SPIDER:1
1308,0,0,true,,,utility,utility,3,75,103319200961,103319157356,23,0,BLUE,false,0,4,3,3,ARCHER:12;GOBLIN:1,GARGOYLE:10;SPIDER:1
1309,0,0,true,,,utility,utility,3,75,103327112042,103327090119,8,0,GREEN,false,8,0,2,3,GOBLIN:6;MAGE:8,ASSASSIN:2;GOBLIN:1;MAGE:8
1310,0,0,true,,,utility,utility,3,75,103327112042,103327090119,21,0,,false,2,1,2,3,GOBLIN:6;MAGE:8,ASSASSIN:2;GOBLIN:1;MAGE:8
1311,0,0,true,,,utility,utility,3,75,103327119961,103327098100,24,0,,false,6,3,3,4,ARCHER:9;MAGE:3,GOBLIN:1;MAGE:2;SCORPION_RIDER:7
1312,0,0,true,,,utility,utility,3,75,103327119961,103327098100,16,0,,false,9,9,3,4,ARCHER:9;MAGE:3,GOBLIN:1;MAGE:2;SCORPION_RIDER:7
1313,0,0,true,,,utility,utility,3,75,103335031042,103335047087,25,0,,false,2,5,3,4,ASSASSIN:8;GARGOYLE:2;SPIDER:1,ASSASSIN:2;GOLEM:4;SCORPION_RIDER:2;SPIDER:1
1314,0,0,true,,,utility,utility,3,75,103335031042,103335047087,30,0,,false,2,4,3,4,ASSASSIN:8;GARGOYLE:2;SPIDER:1,ASSASSIN:2;GOLEM:4;SCORPION_RIDER:2;SPIDER:1
1315,0,0,true,,,utility,utility,3,75,103335038961,103335022940,12,0,,false,25,11,2,3,SPIDER:25,ARCHER:8;GARGOYLE:1;GOLEM:2
1316,0,0,true,,,utility,utility,3,75,103335038961,103335022940,12,0,,false,25,11,2,3,SPIDER:25,ARCHER:8;GARGOYLE:1;GOLEM:2
1317,0,0,true,,,utility,cascade,3,75,104071498042,104071550871,17,0,BLUE,false,0,4,3,2,ASSASSIN:3;GOBLIN:18,GARGOYLE:5;GOLEM:4
1318,0,0,true,,,cascade,utility,3,75,104071498042,104071550871,14,0,BLUE,false,0,4,3,2,ASSASSIN:3;GOBLIN:18,GARGOYLE:5;GOLEM:4
1319,0,0,true,,,utility,cascade,3,75,104071505961,104071558788,17,0,BLUE,false,0,2,2,4,GARGOYLE:6;SPIDER:11,MAGE:3;SCORPION_RIDER:6;SPIDER:2
1320,0,0,true,,,cascade,utility,3,75,104071505961,104071558788,22,0,GREEN,false,5,0,2,4,GARGOYLE:6;SPIDER:11,MAGE:3;SCORPION_RIDER:6;SPIDER:2
1321,0,0,true,,,utility,cascade,3,75,104079417042,104079360127,8,0,GREEN,false,4,0,3,3,ARCHER:5;GOBLIN:1;GOLEM:4,ASSASSIN:7;SPIDER:8
1322,0,0,true,,,cascade,utility,3,75,104079417042,104079360127,14,0,GREEN,false,4,0,3,3,ARCHER:5;GOBLIN:1;GOLEM:4,ASSASSIN:7;SPIDER:8
1323,0,0,true,,,utility,cascade,3,75,104079424961,104079369068,10,0,GREEN,false,6,0,3,3,ASSASSIN:4;GARGOYLE:6;SPIDER:1,ASSASSIN:2;MAGE:8;SPIDER:1
1324,0,0,true,,,cascade,utility,3,75,104079424961,104079369068,28,0,GREEN,false,5,0,3,3,ASSASSIN:4;GARGOYLE:6;SPIDER:1,ASSASSIN:2;MAGE:8;SPIDER:1
1325,0,0,true,,,utility,cascade,3,75,104087336042,104087317191,13,0,GREEN,false,2,0,3,3,ARCHER:4;SCORPION_RIDER:6;SPIDER:1,GOBLIN:1;GOLEM:3;SCORPION_RIDER:5
1326,0,0,true,,,cascade,utility,3,75,104087336042,104087317191,14,0,GREEN,false,4,0,3,3,ARCHER:4;SCORPION_RIDER:6;SPIDER:1,GOBLIN:1;GOLEM:3;SCORPION_RIDER:5
1327,0,0,true,,,utility,cascade,3,75,104087343961,104087293428,7,0,BLUE,false,0,8,2,3,ASSASSIN:4;SPIDER:15,ARCHER:8;SPIDER:9
1328,0,0,true,,,cascade,utility,3,75,104087343961,104087293428,7,0,BLUE,false,0,7,2,3,ASSASSIN:4;SPIDER:15,ARCHER:8;SPIDER:9
1329,0,0,true,,,utility,cascade,3,75,104095255042,104095241391,6,0,GREEN,false,8,0,3,3,ARCHER:7;GARGOYLE:4;SPIDER:1,ASSASSIN:8;GOBLIN:1;SCORPION_RIDER:2
1330,0,0,true,,,cascade,utility,3,75,104095255042,104095241391,8,0,GREEN,false,11,0,3,3,ARCHER:7;GARGOYLE:4;SPIDER:1,ASSASSIN:8;GOBLIN:1;SCORPION_RIDER:2
1331,0,0,true,,,utility,cascade,3,75,104095262961,104095250012,13,0,GREEN,false,10,0,3,3,ARCHER:9;GOLEM:2,GARGOYLE:2;MAGE:8;SPIDER:1
1332,0,0,true,,,cascade,utility,3,75,104095262961,104095250012,6,0,GREEN,false,10,0,3,3,ARCHER:9;GOLEM:2,GARGOYLE:2;MAGE:8;SPIDER:1
1333,0,0,true,,,utility,cascade,3,75,104103174042,104103182647,11,0,BLUE,false,0,4,3,2,MAGE:5;SPIDER:13,ASSASSIN:5;GOLEM:4
1334,0,0,true,,,cascade,utility,3,75,104103174042,104103182647,7,0,BLUE,false,0,8,3,2,MAGE:5;SPIDER:13,ASSASSIN:5;GOLEM:4
1335,0,0,true,,,utility,cascade,3,75,104103181961,104103190564,9,0,BLUE,false,0,15,4,3,GOLEM:1;MAGE:8;SPIDER:3,ARCHER:8;GOBLIN:2;SPIDER:7
1336,0,0,true,,,cascade,utility,3,75,104103181961,104103190564,10,0,BLUE,false,0,10,4,3,GOLEM:1;MAGE:8;SPIDER:3,ARCHER:8;GOBLIN:2;SPIDER:7
1337,0,0,true,,,utility,cascade,3,75,104111093042,104111139743,19,0,BLUE,false,0,8,3,3,GARGOYLE:1;GOBLIN:9;GOLEM:4,ARCHER:8;MAGE:3;SPIDER:2
1338,0,0,true,,,cascade,utility,3,75,104111093042,104111139743,19,0,BLUE,false,0,3,3,3,GARGOYLE:1;GOBLIN:9;GOLEM:4,ARCHER:8;MAGE:3;SPIDER:2
1339,0,0,true,,,utility,cascade,3,75,104111100961,104111114892,11,0,BLUE,false,0,3,3,3,ASSASSIN:3;GOBLIN:2;SCORPION_RIDER:6,ASSASSIN:3;GOBLIN:2;SCORPION_RIDER:6
1340,0,0,true,,,cascade,utility,3,75,104111100961,104111114892,10,0,GREEN,false,2,0,3,3,ASSASSIN:3;GOBLIN:2;SCORPION_RIDER:6,ASSASSIN:3;GOBLIN:2;SCORPION_RIDER:6
1341,0,0,true,,,utility,cascade,3,75,104119012042,104119063655,15,0,BLUE,false,0,1,2,3,GOBLIN:10;SPIDER:15,GOBLIN:12;SPIDER:13
1342,0,0,true,,,cascade,utility,3,75,104119012042,104119063655,12,0,GREEN,false,5,0,2,3,GOBLIN:10;SPIDER:15,GOBLIN:12;SPIDER:13
1343,0,0,true,,,utility,cascade,3,75,104119019961,104119072532,17,0,BLUE,false,0,6,3,3,ASSASSIN:7;GARGOYLE:3;GOBLIN:1,ASSASSIN:4;GARGOYLE:6;GOBLIN:1
1344,0,0,true,,,cascade,utility,3,75,104119019961,104119072532,11,0,BLUE,false,0,7,3,3,ASSASSIN:7;GARGOYLE:3;GOBLIN:1,ASSASSIN:4;GARGOYLE:6;GOBLIN:1
1345,0,0,true,,,utility,cascade,3,75,104126931042,104126889679,9,0,BLUE,false,0,12,3,2,GOLEM:1;MAGE:9,ASSASSIN:8;GOBLIN:6
1346,0,0,true,,,cascade,utility,3,75,104126931042,104126889679,7,0,BLUE,false,0,10,3,2,GOLEM:1;MAGE:9,ASSASSIN:8;GOBLIN:6
1347,0,0,true,,,utility,cascade,3,75,104126938961,104126882300,13,0,BLUE,false,0,12,3,3,ASSASSIN:4;GOBLIN:2;SCORPION_RIDER:5,GOBLIN:11;SPIDER:14
1348,0,0,true,,,cascade,utility,3,75,104126938961,104126882300,13,0,BLUE,false,0,10,3,3,ASSASSIN:4;GOBLIN:2;SCORPION_RIDER:5,GOBLIN:11;SPIDER:14
1349,0,0,true,,,utility,utility,3,75,104863398042,104863409719,6,0,GREEN,false,11,0,3,3,MAGE:3;SCORPION_RIDER:6;SPIDER:2,ASSASSIN:7;MAGE:3;SPIDER:1
1350,0,0,true,,,utility,utility,3,75,104863398042,104863409719,6,0,GREEN,false,11,0,3,3,MAGE:3;SCORPION_RIDER:6;SPIDER:2,ASSASSIN:7;MAGE:3;SPIDER:1
1351,0,0,true,,,utility,utility,3,75,104863405961,104863385892,22,0,,false,14,9,3,3,SCORPION_RIDER:5;SPIDER:11,ARCHER:4;ASSASSIN:1;SPIDER:14
1352,0,0,true,,,utility,utility,3,75,104863405961,104863385892,24,0,,false,11,10,3,3,SCORPION_RIDER:5;SPIDER:11,ARCHER:4;ASSASSIN:1;SPIDER:14
1353,0,0,true,,,utility,cascade,3,75,104871317042,104871334047,21,0,BLUE,false,0,4,3,3,ARCHER:6;ASSASSIN:5;GOBLIN:1,GARGOYLE:6;GOBLIN:1;MAGE:4
1354,0,0,true,,,cascade,utility,3,75,104871317042,104871334047,7,0,BLUE,false,0,9,3,3,ARCHER:6;ASSASSIN:5;GOBLIN:1,GARGOYLE:6;GOBLIN:1;MAGE:4
1355,0,0,true,,,utility,cascade,3,75,104871324961,104871342988,13,0,BLUE,false,0,6,3,2,GARGOYLE:2;GOBLIN:1;MAGE:8,SCORPION_RIDER:6;SPIDER:9
1356,0,0,true,,,cascade,utility,3,75,104871324961,104871342988,9,0,BLUE,false,0,12,3,2,GARGOYLE:2;GOBLIN:1;MAGE:8,SCORPION_RIDER:6;SPIDER:9
1357,0,0,true,,,utility,utility,3,75,104879236042,104879291751,9,0,BLUE,false,0,4,2,3,ASSASSIN:8;SPIDER:6,ASSASSIN:7;GOBLIN:1;SPIDER:7
1358,0,0,true,,,utility,utility,3,75,104879236042,104879291751,7,0,BLUE,false,0,3,2,3,ASSASSIN:8;SPIDER:6,ASSASSIN:7;GOBLIN:1;SPIDER:7
1359,0,0,true,,,utility,utility,3,75,104879243961,104879266836,16,0,GREEN,false,4,0,3,3,ARCHER:8;SPIDER:9,GOLEM:4;SCORPION_RIDER:4;SPIDER:1
1360,0,0,true,,,utility,utility,3,75,104879243961,104879266836,16,0,GREEN,false,4,0,3,3,ARCHER:8;SPIDER:9,GOLEM:4;SCORPION_RIDER:4;SPIDER:1
1361,0,0,true,,,utility,cascade,3,75,104887155042,104887101391,11,0,BLUE,false,0,6,3,3,ARCHER:1;ASSASSIN:7;GOLEM:2,GOBLIN:1;SCORPION_RIDER:9
1362,0,0,true,,,cascade,utility,3,75,104887155042,104887101391,5,0,BLUE,false,0,7,3,3,ARCHER:1;ASSASSIN:7;GOLEM:2,GOBLIN:1;SCORPION_RIDER:9
1363,0,0,true,,,utility,cascade,3,75,104887162961,104887207676,8,0,GREEN,false,7,0,2,3,ARCHER:7;SCORPION_RIDER:4,GARGOYLE:2;GOLEM:4;MAGE:3
1364,0,0,true,,,cascade,utility,3,75,104887162961,104887207676,8,0,GREEN,false,7,0,2,3,ARCHER:7;SCORPION_RIDER:4,GARGOYLE:2;GOLEM:4;MAGE:3
1365,0,0,true,,,utility,cascade,3,75,104895074042,104895025239,6,0,GREEN,false,6,0,2,3,GARGOYLE:6;SPIDER:11,ARCHER:1;ASSASSIN:7;GOBLIN:6
1366,0,0,true,,,cascade,utility,3,75,104895074042,104895025239,14,0,GREEN,false,6,0,2,3,GARGOYLE:6;SPIDER:11,ARCHER:1;ASSASSIN:7;GOBLIN:6
1367,0,0,true,,,utility,cascade,3,75,104895081961,104895034180,9,0,BLUE,false,0,7,4,3,ARCHER:2;GOBLIN:12;MAGE:3;SPIDER:2,ARCHER:5;SCORPION_RIDER:5;SPIDER:1
1368,0,0,true,,,cascade,utility,3,75,104895081961,104895034180,7,0,BLUE,false,0,9,4,3,ARCHER:2;GOBLIN:12;MAGE:3;SPIDER:2,ARCHER:5;SCORPION_RIDER:5;SPIDER:1
1369,0,0,true,,,utility,utility,3,75,104902993042,104902982207,12,0,GREEN,false,10,0,2,3,GOBLIN:11;SCORPION_RIDER:5,GOBLIN:14;SCORPION_RIDER:4
1370,0,0,true,,,utility,utility,3,75,104902993042,104902982207,12,0,GREEN,false,10,0,2,3,GOBLIN:11;SCORPION_RIDER:5,GOBLIN:14;SCORPION_RIDER:4
1371,0,0,true,,,utility,utility,3,75,104903000961,104902958380,5,0,BLUE,false,0,9,3,3,ASSASSIN:2;MAGE:8;SPIDER:1,GARGOYLE:1;MAGE:4;SCORPION_RIDER:5
1372,0,0,true,,,utility,utility,3,75,104903000961,104902958380,5,0,BLUE,false,0,9,3,3,ASSASSIN:2;MAGE:8;SPIDER:1,GARGOYLE:1;MAGE:4;SCORPION_RIDER:5
1373,0,0,true,,,utility,utility,3,75,104910912042,104910922887,12,0,GREEN,false,2,0,3,2,ASSASSIN:3;MAGE:7;SPIDER:1,GOBLIN:8;MAGE:7
1374,0,0,true,,,utility,utility,3,75,104910912042,104910922887,11,0,GREEN,false,1,0,3,2,ASSASSIN:3;MAGE:7;SPIDER:1,GOBLIN:8;MAGE:7
1375,0,0,true,,,utility,utility,3,75,104910919961,104910899124,9,0,BLUE,false,0,6,3,3,GOBLIN:7;MAGE:7;SPIDER:1,ARCHER:7;ASSASSIN:4;SPIDER:1
1376,0,0,true,,,utility,utility,3,75,104910919961,104910899124,9,0,BLUE,false,0,7,3,3,GOBLIN:7;MAGE:7;SPIDER:1,ARCHER:7;ASSASSIN:4;SPIDER:1
1377,0,0,true,,,utility,cascade,3,75,104918831042,104918847855,19,0,BLUE,false,0,6,3,3,ASSASSIN:7;GOBLIN:1;MAGE:3,GARGOYLE:6;GOBLIN:2;SPIDER:9
1378,0,0,true,,,cascade,utility,3,75,104918831042,104918847855,7,0,BLUE,false,0,16,3,3,ASSASSIN:7;GOBLIN:1;MAGE:3,GARGOYLE:6;GOBLIN:2;SPIDER:9
1379,0,0,true,,,utility,cascade,3,75,104918838961,104918855708,6,0,GREEN,false,10,0,4,2,ARCHER:5;GOBLIN:1;SPIDER:14,SPIDER:25
1380,0,0,true,,,cascade,utility,3,75,104918838961,104918855708,12,0,GREEN,false,7,0,4,2,ARCHER:5;GOBLIN:1;SPIDER:14,SPIDER:25
1381,0,0,true,,,utility,utility,3,75,105655298042,105655253335,11,0,BLUE,false,0,8,3,3,GOBLIN:15;GOLEM:3,ARCHER:4;SCORPION_RIDER:6;SPIDER:1
1382,0,0,true,,,utility,utility,3,75,105655298042,105655253335,19,0,BLUE,false,0,11,3,3,GOBLIN:15;GOLEM:3,ARCHER:4;SCORPION_RIDER:6;SPIDER:1
1383,0,0,true,,,utility,utility,3,75,105655305961,105655359556,23,0,,false,8,1,3,3,ARCHER:9;MAGE:3,ASSASSIN:4;GARGOYLE:1;GOLEM:4
1384,0,0,true,,,utility,utility,3,75,105655305961,105655359556,15,0,GREEN,false,4,0,3,3,ARCHER:9;MAGE:3,ASSASSIN:4;GARGOYLE:1;GOLEM:4
1385,0,0,true,,,utility,utility,3,75,105663217042,105663193919,24,0,,false,7,14,3,2,GOBLIN:9;SCORPION_RIDER:6,GARGOYLE:6;GOBLIN:11
1386,0,0,true,,,utility,utility,3,75,105663217042,105663193919,24,0,,false,7,14,3,2,GOBLIN:9;SCORPION_RIDER:6,GARGOYLE:6;GOBLIN:11
1387,0,0,true,,,utility,utility,3,75,105663224961,105663169068,11,0,BLUE,false,0,9,3,3,ASSASSIN:3;GOBLIN:1;MAGE:7,GARGOYLE:6;GOLEM:3;SPIDER:1
1388,0,0,true,,,utility,utility,3,75,105663224961,105663169068,11,0,BLUE,false,0,9,3,3,ASSASSIN:3;GOBLIN:1;MAGE:7,GARGOYLE:6;GOLEM:3;SPIDER:1
1389,0,0,true,,,utility,cascade,3,75,105671136042,105671118215,15,0,BLUE,false,0,10,3,3,ARCHER:7;GARGOYLE:4;GOBLIN:1,ARCHER:7;GARGOYLE:4;SPIDER:1
1390,0,0,true,,,cascade,utility,3,75,105671136042,105671118215,26,0,GREEN,false,4,0,3,3,ARCHER:7;GARGOYLE:4;GOBLIN:1,ARCHER:7;GARGOYLE:4;SPIDER:1
1391,0,0,true,,,utility,cascade,3,75,105671143961,105671126196,8,0,GREEN,false,12,0,2,2,GOBLIN:11;MAGE:6,MAGE:7;SPIDER:8
1392,0,0,true,,,cascade,utility,3,75,105671143961,105671126196,6,0,GREEN,false,13,0,2,2,GOBLIN:11;MAGE:6,MAGE:7;SPIDER:8
1393,0,0,true,,,utility,cascade,3,75,105679055042,105679074927,20,0,GREEN,false,6,0,2,5,ARCHER:7;SPIDER:11,ASSASSIN:2;GOBLIN:6;GOLEM:4;SPIDER:1
1394,0,0,true,,,cascade,utility,3,75,105679055042,105679074927,12,0,GREEN,false,16,0,2,5,ARCHER:7;SPIDER:11,ASSASSIN:2;GOBLIN:6;GOLEM:4;SPIDER:1
1395,0,0,true,,,utility,cascade,3,75,105679062961,105679051036,24,0,GREEN,false,6,0,3,3,ARCHER:7;SPIDER:11,GARGOYLE:10;GOBLIN:1
1396,0,0,true,,,cascade,utility,3,75,105679062961,105679051036,7,0,BLUE,false,0,11,3,3,ARCHER:7;SPIDER:11,GARGOYLE:10;GOBLIN:1
1397,0,0,true,,,utility,cascade,3,75,105686974042,105687015671,4,0,GREEN,false,14,0,2,3,GOBLIN:11;SCORPION_RIDER:5,ASSASSIN:8;GOLEM:1;SPIDER:3
1398,0,0,true,,,cascade,utility,3,75,105686974042,105687015671,6,0,GREEN,false,12,0,2,3,GOBLIN:11;SCORPION_RIDER:5,ASSASSIN:8;GOLEM:1;SPIDER:3
1399,0,0,true,,,utility,cascade,3,75,105686981961,105686991844,8,0,GREEN,false,9,0,3,2,ARCHER:12;GOBLIN:1,MAGE:5;SPIDER:13
1400,0,0,true,,,cascade,utility,3,75,105686981961,105686991844,6,0,GREEN,false,8,0,3,2,ARCHER:12;GOBLIN:1,MAGE:5;SPIDER:13
1401,0,0,true,,,utility,utility,3,75,105694893042,105694940511,9,0,BLUE,false,0,8,2,3,ARCHER:7;SPIDER:11,ARCHER:7;GOBLIN:1;GOLEM:3
1402,0,0,true,,,utility,utility,3,75,105694893042,105694940511,9,0,BLUE,false,0,9,2,3,ARCHER:7;SPIDER:11,ARCHER:7;GOBLIN:1;GOLEM:3
1403,0,0,true,,,utility,utility,3,75,105694900961,105694948428,8,0,GREEN,false,7,0,3,2,ARCHER:7;ASSASSIN:4;SPIDER:1,MAGE:4;SPIDER:15
1404,0,0,true,,,utility,utility,3,75,105694900961,105694948428,8,0,GREEN,false,7,0,3,2,ARCHER:7;ASSASSIN:4;SPIDER:1,MAGE:4;SPIDER:15
1405,0,0,true,,,utility,cascade,3,75,105702812042,105702766375,4,0,GREEN,false,9,0,3,3,GOLEM:4;SCORPION_RIDER:4;SPIDER:1,ASSASSIN:7;MAGE:3;SPIDER:1
1406,0,0,true,,,cascade,utility,3,75,105702812042,105702766375,6,0,GREEN,false,9,0,3,3,GOLEM:4;SCORPION_RIDER:4;SPIDER:1,ASSASSIN:7;MAGE:3;SPIDER:1
1407,0,0,true,,,utility,cascade,3,75,105702819961,105702872788,15,0,BLUE,false,0,4,3,3,ASSASSIN:3;SCORPION_RIDER:6;SPIDER:2,ARCHER:4;GARGOYLE:6;SCORPION_RIDER:1
1408,0,0,true,,,cascade,utility,3,75,105702819961,105702872788,14,0,BLUE,false,0,5,3,3,ASSASSIN:3;SCORPION_RIDER:6;SPIDER:2,ARCHER:4;GARGOYLE:6;SCORPION_RIDER:1
1409,0,0,true,,,utility,cascade,3,75,105710731042,105710707087,8,0,GREEN,false,10,0,4,3,ASSASSIN:1;GOBLIN:13;MAGE:4,GARGOYLE:1;MAGE:4;SPIDER:13
1410,0,0,true,,,cascade,utility,3,75,105710731042,105710707087,6,0,GREEN,false,15,0,4,3,ASSASSIN:1;GOBLIN:13;MAGE:4,GARGOYLE:1;MAGE:4;SPIDER:13
1411,0,0,true,,,utility,cascade,3,75,105710738961,105710682300,12,0,GREEN,false,15,0,3,3,ARCHER:7;GOBLIN:8;SCORPION_RIDER:1,ASSASSIN:5;GARGOYLE:5;SPIDER:1
1412,0,0,true,,,cascade,utility,3,75,105710738961,105710682300,9,0,BLUE,false,0,8,3,3,ARCHER:7;GOBLIN:8;SCORPION_RIDER:1,ASSASSIN:5;GARGOYLE:5;SPIDER:1
1413,0,0,true,,,utility,cascade,3,75,106447198042,106447210999,8,0,GREEN,false,16,0,2,3,GOBLIN:11;SCORPION_RIDER:5,MAGE:10;SPIDER:1
1414,0,0,true,,,cascade,utility,3,75,106447198042,106447210999,10,0,GREEN,false,16,0,2,3,GOBLIN:11;SCORPION_RIDER:5,MAGE:10;SPIDER:1
1415,0,0,true,,,utility,cascade,3,75,106447205961,106447218916,16,0,GREEN,false,10,0,3,2,ASSASSIN:6;GOBLIN:10;SPIDER:1,ARCHER:3;MAGE:8
1416,0,0,true,,,cascade,utility,3,75,106447205961,106447218916,12,0,GREEN,false,9,0,3,2,ASSASSIN:6;GOBLIN:10;SPIDER:1,ARCHER:3;MAGE:8
1417,0,0,true,,,utility,utility,3,75,106455117042,106455167583,11,0,BLUE,false,0,4,3,3,ASSASSIN:6;GOBLIN:10;SPIDER:1,GOBLIN:10;GOLEM:4;SPIDER:1
1418,0,0,true,,,utility,utility,3,75,106455117042,106455167583,11,0,BLUE,false,0,4,3,3,ASSASSIN:6;GOBLIN:10;SPIDER:1,GOBLIN:10;GOLEM:4;SPIDER:1
1419,0,0,true,,,utility,utility,3,75,106455124961,106455143756,13,0,GREEN,false,2,0,3,3,GOBLIN:10;SCORPION_RIDER:5;SPIDER:1,GOBLIN:3;SCORPION_RIDER:8
1420,0,0,true,,,utility,utility,3,75,106455124961,106455143756,13,0,GREEN,false,2,0,3,3,GOBLIN:10;SCORPION_RIDER:5;SPIDER:1,GOBLIN:3;SCORPION_RIDER:8
1421,0,0,true,,,utility,utility,3,75,106463036042,106463091751,14,0,GREEN,false,5,0,2,3,GARGOYLE:5;SCORPION_RIDER:5,GOBLIN:1;GOLEM:7
1422,0,0,true,,,utility,utility,3,75,106463036042,106463091751,20,0,GREEN,false,5,0,2,3,GARGOYLE:5;SCORPION_RIDER:5,GOBLIN:1;GOLEM:7
1423,0,0,true,,,utility,utility,3,75,106463043961,106463100884,18,0,BLUE,false,0,7,3,3,GOBLIN:12;GOLEM:1;MAGE:4,GOBLIN:1;GOLEM:3;SCORPION_RIDER:5
1424,0,0,true,,,utility,utility,3,75,106463043961,106463100884,201,0,,true,15,5,3,3,GOBLIN:12;GOLEM:1;MAGE:4,GOBLIN:1;GOLEM:3;SCORPION_RIDER:5
1425,0,0,true,,,utility,utility,3,75,106470955042,106470901391,6,0,GREEN,false,20,0,3,2,ARCHER:4;SPIDER:17,ASSASSIN:8;SPIDER:6
1426,0,0,true,,,utility,utility,3,75,106470955042,106470901391,6,0,GREEN,false,20,0,3,2,ARCHER:4;SPIDER:17,ASSASSIN:8;SPIDER:6
1427,0,0,true,,,utility,utility,3,75,106470962961,106470910396,24,0,,false,11,7,2,3,SCORPION_RIDER:5;SPIDER:11,GOBLIN:12;SCORPION_RIDER:4;SPIDER:2
1428,0,0,true,,,utility,utility,3,75,106470962961,106470910396,26,0,,false,11,12,2,3,SCORPION_RIDER:5;SPIDER:11,GOBLIN:12;SCORPION_RIDER:4;SPIDER:2
1429,0,0,true,,,utility,cascade,3,75,106478874042,106478859031,16,0,GREEN,false,3,0,3,3,ARCHER:2;GARGOYLE:3;GOLEM:4,GOLEM:4;SPIDER:11
1430,0,0,true,,,cascade,utility,3,75,106478874042,106478859031,12,0,GREEN,false,8,0,3,3,ARCHER:2;GARGOYLE:3;GOLEM:4,GOLEM:4;SPIDER:11
1431,0,0,true,,,utility,cascade,3,75,106478881961,106478834180,9,0,BLUE,false,0,4,2,3,ASSASSIN:8;GOBLIN:6,GOBLIN:1;GOLEM:7
1432,0,0,true,,,cascade,utility,3,75,106478881961,106478834180,7,0,BLUE,false,0,5,2,3,ASSASSIN:8;GOBLIN:6,GOBLIN:1;GOLEM:7
1433,0,0,true,,,utility,cascade,3,75,106486793042,106486783487,16,0,GREEN,false,5,0,2,3,MAGE:5;SCORPION_RIDER:5,ARCHER:1;GARGOYLE:4;GOLEM:4
1434,0,0,true,,,cascade,utility,3,75,106486793042,106486783487,17,0,BLUE,false,0,4,2,3,MAGE:5;SCORPION_RIDER:5,ARCHER:1;GARGOYLE:4;GOLEM:4
1435,0,0,true,,,utility,cascade,3,75,106486800961,106486791404,9,0,GREEN,false,9,0,3,3,ARCHER:7;GARGOYLE:4;GOBLIN:1,ASSASSIN:7;GOBLIN:2;GOLEM:2
1436,0,0,true,,,cascade,utility,3,75,106486800961,106486791404,16,0,GREEN,false,6,0,3,3,ARCHER:7;GARGOYLE:4;GOBLIN:1,ASSASSIN:7;GOBLIN:2;GOLEM:2
1437,0,0,true,,,utility,utility,3,75,106494712042,106494723655,7,0,BLUE,false,0,18,3,2,ASSASSIN:8;MAGE:2;SPIDER:1,ARCHER:7;GOBLIN:11
1438,0,0,true,,,utility,utility,3,75,106494712042,106494723655,7,0,BLUE,false,0,18,3,2,ASSASSIN:8;MAGE:2;SPIDER:1,ARCHER:7;GOBLIN:11
1439,0,0,true,,,utility,utility,3,75,106494719961,106494732660,81,0,,false,7,1,4,4,GARGOYLE:5;GOBLIN:11;MAGE:1,GOBLIN:10;GOLEM:1;SCORPION_RIDER:4;SPIDER:1
1440,0,0,true,,,utility,utility,3,75,106494719961,106494732660,22,0,GREEN,false,9,0,4,4,GARGOYLE:5;GOBLIN:11;MAGE:1,GOBLIN:10;GOLEM:1;SCORPION_RIDER:4;SPIDER:1
1441,0,0,true,,,utility,cascade,3,75,106502631042,106502680623,13,0,BLUE,false,0,5,2,3,ARCHER:4;MAGE:7,GOBLIN:2;GOLEM:2;MAGE:7
1442,0,0,true,,,cascade,utility,3,75,106502631042,106502680623,19,0,,false,7,5,2,3,ARCHER:4;MAGE:7,GOBLIN:2;GOLEM:2;MAGE:7
1443,0,0,true,,,utility,cascade,3,75,106502638961,106502656988,7,0,BLUE,false,0,6,2,3,MAGE:7;SCORPION_RIDER:3,GOBLIN:11;GOLEM:4
1444,0,0,true,,,cascade,utility,3,75,106502638961,106502656988,9,0,BLUE,false,0,8,2,3,MAGE:7;SCORPION_RIDER:3,GOBLIN:11;GOLEM:4
1445,0,0,true,,,utility,utility,3,75,107239098042,107239053335,9,0,BLUE,false,0,4,4,2,GOBLIN:1;SCORPION_RIDER:3;SPIDER:16,ASSASSIN:5;GOLEM:4
1446,0,0,true,,,utility,utility,3,75,107239098042,107239053335,10,0,GREEN,false,12,0,4,2,GOBLIN:1;SCORPION_RIDER:3;SPIDER:16,ASSASSIN:5;GOLEM:4
1447,0,0,true,,,utility,utility,3,75,107239105961,107239062276,67,0,,false,4,6,3,3,ASSASSIN:7;GOBLIN:1;MAGE:3,ARCHER:4;GARGOYLE:7
1448,0,0,true,,,utility,utility,3,75,107239105961,107239062276,25,0,,false,3,6,3,3,ASSASSIN:7;GOBLIN:1;MAGE:3,ARCHER:4;GARGOYLE:7
1449,0,0,true,,,utility,utility,3,75,107247017042,107246994175,23,0,,false,8,2,3,4,ARCHER:6;GOBLIN:1;MAGE:5,ARCHER:2;MAGE:7;SPIDER:4
1450,0,0,true,,,utility,utility,3,75,107247017042,107246994175,21,0,,false,5,4,3,4,ARCHER:6;GOBLIN:1;MAGE:5,ARCHER:2;MAGE:7;SPIDER:4
1451,0,0,true,,,utility,utility,3,75,107247024961,107247003116,6,0,GREEN,false,10,0,3,3,ASSASSIN:8;SCORPION_RIDER:2;SPIDER:1,ARCHER:1;GOLEM:2;MAGE:7
1452,0,0,true,,,utility,utility,3,75,107247024961,107247003116,6,0,GREEN,false,7,0,3,3,ASSASSIN:8;SCORPION_RIDER:2;SPIDER:1,ARCHER:1;GOLEM:2;MAGE:7
1453,0,0,true,,,utility,cascade,3,75,107254936042,107254951751,16,0,GREEN,false,4,0,3,2,ARCHER:1;GARGOYLE:4;GOLEM:4,ARCHER:5;SPIDER:15
1454,0,0,true,,,cascade,utility,3,75,107254936042,107254951751,19,0,BLUE,false,0,4,3,2,ARCHER:1;GARGOYLE:4;GOLEM:4,ARCHER:5;SPIDER:15
1455,0,0,true,,,utility,cascade,3,75,107254943961,107254926964,9,0,BLUE,false,0,5,3,3,GOBLIN:1;MAGE:8;SCORPION_RIDER:2,ARCHER:5;GOBLIN:1;SCORPION_RIDER:5
1456,0,0,true,,,cascade,utility,3,75,107254943961,107254926964,7,0,BLUE,false,0,8,3,3,GOBLIN:1;MAGE:8;SCORPION_RIDER:2,ARCHER:5;GOBLIN:1;SCORPION_RIDER:5
1457,0,0,true,,,utility,utility,3,75,107262855042,107262875951,28,0,,false,5,10,2,3,GARGOYLE:5;GOLEM:4,GARGOYLE:6;MAGE:4;SPIDER:1
1458,0,0,true,,,utility,utility,3,75,107262855042,107262875951,22,0,GREEN,false,4,0,2,3,GARGOYLE:5;GOLEM:4,GARGOYLE:6;MAGE:4;SPIDER:1
1459,0,0,true,,,utility,utility,3,75,107262862961,107262884060,18,0,,false,7,11,3,4,ASSASSIN:4;GARGOYLE:6;GOBLIN:1,ARCHER:12;SPIDER:1
1460,0,0,true,,,utility,utility,3,75,107262862961,107262884060,18,0,,false,7,11,3,4,ASSASSIN:4;GARGOYLE:6;GOBLIN:1,ARCHER:12;SPIDER:1
1461,0,0,true,,,utility,cascade,3,75,107270774042,107270816695,10,0,GREEN,false,8,0,3,3,ARCHER:8;GOLEM:2;SPIDER:2,ARCHER:7;GOLEM:3;SPIDER:1
1462,0,0,true,,,cascade,utility,3,75,107270774042,107270816695,29,0,,false,3,2,3,3,ARCHER:8;GOLEM:2;SPIDER:2,ARCHER:7;GOLEM:3;SPIDER:1
1463,0,0,true,,,utility,cascade,3,75,107270781961,107270824612,15,0,BLUE,false,0,4,3,3,GARGOYLE:2;GOBLIN:1;MAGE:8,ARCHER:7;GARGOYLE:4;GOBLIN:1
1464,0,0,true,,,cascade,utility,3,75,107270781961,107270824612,10,0,BLUE,false,0,7,3,3,GARGOYLE:2;GOBLIN:1;MAGE:8,ARCHER:7;GARGOYLE:4;GOBLIN:1
1465,0,0,true,,,utility,cascade,3,75,107278693042,107278642207,9,0,GREEN,false,8,0,2,3,ARCHER:8;SPIDER:9,GARGOYLE:5;MAGE:5;SPIDER:1
1466,0,0,true,,,cascade,utility,3,75,107278693042,107278642207,11,0,BLUE,false,0,1,2,3,ARCHER:8;SPIDER:9,GARGOYLE:5;MAGE:5;SPIDER:1
1467,0,0,true,,,utility,cascade,3,75,107278700961,107278749452,6,0,GREEN,false,8,0,2,3,GARGOYLE:5;GOLEM:4,ASSASSIN:3;GOBLIN:1;MAGE:7
1468,0,0,true,,,cascade,utility,3,75,107278700961,107278749452,10,0,GREEN,false,9,0,2,3,GARGOYLE:5;GOLEM:4,ASSASSIN:3;GOBLIN:1;MAGE:7
1469,0,0,true,,,utility,utility,3,75,107286612042,107286566631,12,0,,false,17,18,2,3,ARCHER:8;GOBLIN:9,GOLEM:3;SPIDER:15
1470,0,0,true,,,utility,utility,3,75,107286612042,107286566631,12,0,,false,17,18,2,3,ARCHER:8;GOBLIN:9,GOLEM:3;SPIDER:15
1471,0,0,true,,,utility,utility,3,75,107286619961,107286575508,18,0,,false,11,13,3,2,GOBLIN:13;MAGE:5,GOBLIN:6;MAGE:8
1472,0,0,true,,,utility,utility,3,75,107286619961,107286575508,18,0,,false,11,13,3,2,GOBLIN:13;MAGE:5,GOBLIN:6;MAGE:8
1473,0,0,true,,,utility,utility,3,75,107294531042,107294507855,14,0,GREEN,false,9,0,3,2,ARCHER:7;GARGOYLE:4;GOBLIN:1,ASSASSIN:8;SPIDER:6
1474,0,0,true,,,utility,utility,3,75,107294531042,107294507855,14,0,GREEN,false,9,0,3,2,ARCHER:7;GARGOYLE:4;GOBLIN:1,ASSASSIN:8;SPIDER:6
1475,0,0,true,,,utility,utility,3,75,107294538961,107294515836,24,0,GREEN,false,4,0,3,2,GOBLIN:12;MAGE:5;SPIDER:1,ASSASSIN:7;SCORPION_RIDER:3
1476,0,0,true,,,utility,utility,3,75,107294538961,107294515836,20,0,GREEN,false,4,0,3,2,GOBLIN:12;MAGE:5;SPIDER:1,ASSASSIN:7;SCORPION_RIDER:3
1477,0,0,true,,,utility,utility,3,75,108030998042,108031043767,33,0,,false,3,10,3,3,ARCHER:1;GOLEM:3;SPIDER:13,GOBLIN:11;GOLEM:4
1478,0,0,true,,,utility,utility,3,75,108030998042,108031043767,17,0,BLUE,false,0,10,3,3,ARCHER:1;GOLEM:3;SPIDER:13,GOBLIN:11;GOLEM:4
1479,0,0,true,,,utility,utility,3,75,108031005961,108031019940,11,0,BLUE,false,0,9,3,3,GARGOYLE:1;GOBLIN:11;MAGE:5,ARCHER:1;GARGOYLE:3;SCORPION_RIDER:6
1480,0,0,true,,,utility,utility,3,75,108031005961,108031019940,11,0,BLUE,false,0,9,3,3,GARGOYLE:1;GOBLIN:11;MAGE:5,ARCHER:1;GARGOYLE:3;SCORPION_RIDER:6
1481,0,0,true,,,utility,cascade,3,75,108038917042,108038968607,7,0,BLUE,false,0,5,3,2,ASSASSIN:10;SPIDER:1,ASSASSIN:5;SCORPION_RIDER:5
1482,0,0,true,,,cascade,utility,3,75,108038917042,108038968607,5,0,BLUE,false,0,5,3,2,ASSASSIN:10;SPIDER:1,ASSASSIN:5;SCORPION_RIDER:5
1483,0,0,true,,,utility,cascade,3,75,108038924961,108038976524,8,0,GREEN,false,4,0,4,3,ARCHER:7;GOLEM:2;MAGE:1;SPIDER:2,ASSASSIN:8;SCORPION_RIDER:2;SPIDER:1
1484,0,0,true,,,cascade,utility,3,75,108038924961,108038976524,13,0,BLUE,false,0,4,4,3,ARCHER:7;GOLEM:2;MAGE:1;SPIDER:2,ASSASSIN:8;SCORPION_RIDER:2;SPIDER:1
1485,0,0,true,,,utility,cascade,3,75,108046836042,108046794727,8,0,GREEN,false,7,0,3,3,ASSASSIN:7;GARGOYLE:3;GOBLIN:1,GOLEM:2;MAGE:7;SPIDER:2
1486,0,0,true,,,cascade,utility,3,75,108046836042,108046794727,19,0,BLUE,false,0,5,3,3,ASSASSIN:7;GARGOYLE:3;GOBLIN:1,GOLEM:2;MAGE:7;SPIDER:2
1487,0,0,true,,,utility,cascade,3,75,108046843961,108046900884,5,0,BLUE,false,0,7,3,3,ASSASSIN:10;GOBLIN:1,GOLEM:3;SCORPION_RIDER:5;SPIDER:1
1488,0,0,true,,,cascade,utility,3,75,108046843961,108046900884,6,0,BLUE,false,0,4,3,3,ASSASSIN:10;GOBLIN:1,GOLEM:3;SCORPION_RIDER:5;SPIDER:1
1489,0,0,true,,,utility,cascade,3,75,108054755042,108054734927,12,0,GREEN,false,12,0,3,4,ARCHER:12;SPIDER:1,GARGOYLE:5;GOBLIN:1;MAGE:3;SCORPION_RIDER:2
1490,0,0,true,,,cascade,utility,3,75,108054755042,108054734927,14,0,BLUE,false,0,3,3,4,ARCHER:12;SPIDER:1,GARGOYLE:5;GOBLIN:1;MAGE:3;SCORPION_RIDER:2
1491,0,0,true,,,utility,cascade,3,75,108054762961,108054711164,6,0,GREEN,false,9,0,4,2,ARCHER:4;MAGE:1;SCORPION_RIDER:5;SPIDER:1,ARCHER:4;MAGE:7
1492,0,0,true,,,cascade,utility,3,75,108054762961,108054711164,4,0,GREEN,false,9,0,4,2,ARCHER:4;MAGE:1;SCORPION_RIDER:5;SPIDER:1,ARCHER:4;MAGE:7
1493,0,0,true,,,utility,utility,3,75,108062674042,108062659287,23,0,,false,7,11,3,3,MAGE:10;SPIDER:1,GOBLIN:11;SPIDER:14
1494,0,0,true,,,utility,utility,3,75,108062674042,108062659287,23,0,,false,7,11,3,3,MAGE:10;SPIDER:1,GOBLIN:11;SPIDER:14
1495,0,0,true,,,utility,utility,3,75,108062681961,108062668228,26,0,GREEN,false,5,0,3,3,GARGOYLE:5;GOBLIN:13,ARCHER:11;ASSASSIN:1
1496,0,0,true,,,utility,utility,3,75,108062681961,108062668228,26,0,GREEN,false,5,0,3,3,GARGOYLE:5;GOBLIN:13,ARCHER:11;ASSASSIN:1
1497,0,0,true,,,utility,utility,3,75,108070593042,108070616255,29,0,,false,8,9,3,3,ASSASSIN:2;MAGE:8;SPIDER:1,MAGE:8;SCORPION_RIDER:2;SPIDER:1
1498,0,0,true,,,utility,utility,3,75,108070593042,108070616255,29,0,,false,8,9,3,3,ASSASSIN:2;MAGE:8;SPIDER:1,MAGE:8;SCORPION_RIDER:2;SPIDER:1
1499,0,0,true,,,utility,utility,3,75,108070600961,108070592428,23,0,,false,15,6,3,3,ARCHER:1;SCORPION_RIDER:3;SPIDER:15,ARCHER:5;GOBLIN:1;SCORPION_RIDER:5
1500,0,0,true,,,utility,utility,3,75,108070600961,108070592428,23,0,,false,15,6,3,3,ARCHER:1;SCORPION_RIDER:3;SPIDER:15,ARCHER:5;GOBLIN:1;SCORPION_RIDER:5
1501,0,0,true,,,utility,cascade,3,75,108078512042,108078557447,9,0,BLUE,false,0,12,3,3,GOBLIN:2;GOLEM:3;SPIDER:13,ASSASSIN:5;GOBLIN:13
1502,0,0,true,,,cascade,utility,3,75,108078512042,108078557447,10,0,BLUE,false,0,9,3,3,GOBLIN:2;GOLEM:3;SPIDER:13,ASSASSIN:5;GOBLIN:13
1503,0,0,true,,,utility,cascade,3,75,108078519961,108078532660,23,0,BLUE,false,0,6,3,3,ASSASSIN:4;GOLEM:4;MAGE:1,GARGOYLE:6;GOBLIN:1;GOLEM:3
1504,0,0,true,,,cascade,utility,3,75,108078519961,108078532660,19,0,BLUE,false,0,9,3,3,ASSASSIN:4;GOLEM:4;MAGE:1,GARGOYLE:6;GOBLIN:1;GOLEM:3
1505,0,0,true,,,utility,cascade,3,75,108086431042,108086481903,10,0,GREEN,false,3,0,2,2,ARCHER:3;MAGE:8,ARCHER:3;ASSASSIN:8
1506,0,0,true,,,cascade,utility,3,75,108086431042,108086481903,12,0,GREEN,false,7,0,2,2,ARCHER:3;MAGE:8,ARCHER:3;ASSASSIN:8
1507,0,0,true,,,utility,cascade,3,75,108086438961,108086489756,6,0,GREEN,false,9,0,3,3,ARCHER:5;GOBLIN:1;SCORPION_RIDER:5,ASSASSIN:7;GARGOYLE:3;SPIDER:1
1508,0,0,true,,,cascade,utility,3,75,108086438961,108086489756,6,0,GREEN,false,9,0,3,3,ARCHER:5;GOBLIN:1;SCORPION_RIDER:5,ASSASSIN:7;GARGOYLE:3;SPIDER:1
1509,0,0,true,,,utility,utility,3,75,108822898042,108822887383,21,0,,false,13,10,2,3,MAGE:7;SPIDER:8,ASSASSIN:6;GOBLIN:10;SPIDER:1
1510,0,0,true,,,utility,utility,3,75,108822898042,108822887383,21,0,,false,13,10,2,3,MAGE:7;SPIDER:8,ASSASSIN:6;GOBLIN:10;SPIDER:1
1511,0,0,true,,,utility,utility,3,75,108822905961,108822862532,12,0,GREEN,false,15,0,5,2,ARCHER:8;GOBLIN:2;SPIDER:7,GOBLIN:11;SPIDER:14
1512,0,0,true,,,utility,utility,3,75,108822905961,108822862532,12,0,GREEN,false,15,0,5,2,ARCHER:8;GOBLIN:2;SPIDER:7,GOBLIN:11;SPIDER:14
1513,0,0,true,,,utility,utility,3,75,108830817042,108830827967,6,0,GREEN,false,5,0,3,3,ASSASSIN:8;GOBLIN:1;SCORPION_RIDER:2,ARCHER:1;ASSASSIN:7;GOLEM:2
1514,0,0,true,,,utility,utility,3,75,108830817042,108830827967,6,0,GREEN,false,5,0,3,3,ASSASSIN:8;GOBLIN:1;SCORPION_RIDER:2,ARCHER:1;ASSASSIN:7;GOLEM:2
1515,0,0,true,,,utility,utility,3,75,108830824961,108830803116,12,0,,false,12,15,3,3,ARCHER:7;GARGOYLE:4;GOBLIN:1,GOBLIN:1;GOLEM:4;SPIDER:10
1516,0,0,true,,,utility,utility,3,75,108830824961,108830803116,12,0,,false,12,15,3,3,ARCHER:7;GARGOYLE:4;GOBLIN:1,GOBLIN:1;GOLEM:4;SPIDER:10
1517,0,0,true,,,utility,utility,3,75,108838736042,108838751751,16,0,,false,3,8,2,3,ASSASSIN:7;SCORPION_RIDER:3,GOBLIN:1;GOLEM:4;SCORPION_RIDER:4
1518,0,0,true,,,utility,utility,3,75,108838736042,108838751751,15,0,,false,3,7,2,3,ASSASSIN:7;SCORPION_RIDER:3,GOBLIN:1;GOLEM:4;SCORPION_RIDER:4
1519,0,0,true,,,utility,utility,3,75,108838743961,108838760756,20,0,,false,16,7,2,3,GARGOYLE:5;SPIDER:13,GOBLIN:1;MAGE:10
1520,0,0,true,,,utility,utility,3,75,108838743961,108838760756,24,0,,false,5,7,2,3,GARGOYLE:5;SPIDER:13,GOBLIN:1;MAGE:10
1521,0,0,true,,,utility,utility,3,75,108846655042,108846708975,19,0,BLUE,false,0,6,3,3,ARCHER:1;GARGOYLE:3;SCORPION_RIDER:6,ASSASSIN:4;GARGOYLE:6;GOBLIN:1
1522,0,0,true,,,utility,utility,3,75,108846655042,108846708975,26,0,,false,3,6,3,3,ARCHER:1;GARGOYLE:3;SCORPION_RIDER:6,ASSASSIN:4;GARGOYLE:6;GOBLIN:1
1523,0,0,true,,,utility,utility,3,75,108846662961,108846685084,14,0,GREEN,false,1,0,2,3,GARGOYLE:6;SCORPION_RIDER:4,ARCHER:4;SCORPION_RIDER:6;SPIDER:1
1524,0,0,true,,,utility,utility,3,75,108846662961,108846685084,14,0,GREEN,false,1,0,2,3,GARGOYLE:6;SCORPION_RIDER:4,ARCHER:4;SCORPION_RIDER:6;SPIDER:1
1525,0,0,true,,,utility,utility,3,75,108854574042,108854519159,12,0,GREEN,false,4,0,3,3,ASSASSIN:1;GOBLIN:11;MAGE:5,GOBLIN:8;SPIDER:17
1526,0,0,true,,,utility,utility,3,75,108854574042,108854519159,12,0,GREEN,false,4,0,3,3,ASSASSIN:1;GOBLIN:11;MAGE:5,GOBLIN:8;SPIDER:17
1527,0,0,true,,,utility,utility,3,75,108854581961,108854625380,22,0,,false,4,13,3,2,ASSASSIN:7;GARGOYLE:3;GOBLIN:1,GOBLIN:11;GOLEM:4
1528,0,0,true,,,utility,utility,3,75,108854581961,108854625380,22,0,,false,4,13,3,2,ASSASSIN:7;GARGOYLE:3;GOBLIN:1,GOBLIN:11;GOLEM:4
1529,0,0,true,,,utility,cascade,3,75,108862493042,108862443487,8,0,GREEN,false,5,0,3,3,ARCHER:6;MAGE:4;SPIDER:3,MAGE:10;SPIDER:1
1530,0,0,true,,,cascade,utility,3,75,108862493042,108862443487,16,0,GREEN,false,2,0,3,3,ARCHER:6;MAGE:4;SPIDER:3,MAGE:10;SPIDER:1
1531,0,0,true,,,utility,cascade,3,75,108862500961,108862451404,17,0,BLUE,false,0,6,3,3,ASSASSIN:5;GARGOYLE:5;SPIDER:1,ARCHER:1;GARGOYLE:6;GOBLIN:9
1532,0,0,true,,,cascade,utility,3,75,108862500961,108862451404,14,0,BLUE,false,0,7,3,3,ASSASSIN:5;GARGOYLE:5;SPIDER:1,ARCHER:1;GARGOYLE:6;GOBLIN:9
1533,0,0,true,,,utility,cascade,3,75,108870412042,108870400423,19,0,GREEN,false,8,0,3,3,ARCHER:9;GOLEM:2,ASSASSIN:5;GARGOYLE:5;SPIDER:1
1534,0,0,true,,,cascade,utility,3,75,108870412042,108870400423,21,0,BLUE,false,0,3,3,3,ARCHER:9;GOLEM:2,ASSASSIN:5;GARGOYLE:5;SPIDER:1
1535,0,0,true,,,utility,cascade,3,75,108870419961,108870376276,11,0,BLUE,false,0,5,3,3,ASSASSIN:8;GOBLIN:1;SPIDER:5,MAGE:5;SCORPION_RIDER:5
1536,0,0,true,,,cascade,utility,3,75,108870419961,108870376276,4,0,BLUE,false,0,3,3,3,ASSASSIN:8;GOBLIN:1;SPIDER:5,MAGE:5;SCORPION_RIDER:5
1537,0,0,true,,,utility,cascade,3,75,108878331042,108878340623,9,0,BLUE,false,0,4,2,3,GOBLIN:11;SCORPION_RIDER:5,ARCHER:1;GOBLIN:7;SCORPION_RIDER:6
1538,0,0,true,,,cascade,utility,3,75,108878331042,108878340623,18,0,GREEN,false,3,0,2,3,GOBLIN:11;SCORPION_RIDER:5,ARCHER:1;GOBLIN:7;SCORPION_RIDER:6
1539,0,0,true,,,utility,cascade,3,75,108878338961,108878316860,14,0,GREEN,false,9,0,3,3,ASSASSIN:1;GOBLIN:11;MAGE:5,MAGE:4;SPIDER:15
1540,0,0,true,,,cascade,utility,3,75,108878338961,108878316860,14,0,GREEN,false,15,0,3,3,ASSASSIN:1;GOBLIN:11;MAGE:5,MAGE:4;SPIDER:15
1541,0,0,true,,,utility,cascade,3,75,109614798042,109614844535,36,0,GREEN,false,3,0,4,3,ARCHER:8;GOBLIN:1;MAGE:3;SPIDER:1,SCORPION_RIDER:3;SPIDER:17
1542,0,0,true,,,cascade,utility,3,75,109614798042,109614844535,14,0,GREEN,false,2,0,4,3,ARCHER:8;GOBLIN:1;MAGE:3;SPIDER:1,SCORPION_RIDER:3;SPIDER:17
1543,0,0,true,,,utility,cascade,3,75,109614805961,109614853476,21,0,BLUE,false,0,6,3,3,GOBLIN:1;MAGE:8;SCORPION_RIDER:2,ASSASSIN:4;GARGOYLE:6;SPIDER:1
1544,0,0,true,,,cascade,utility,3,75,109614805961,109614853476,15,0,BLUE,false,0,6,3,3,GOBLIN:1;MAGE:8;SCORPION_RIDER:2,ASSASSIN:4;GARGOYLE:6;SPIDER:1
1545,0,0,true,,,utility,cascade,3,75,109622717042,109622670559,21,0,BLUE,false,0,6,3,2,ARCHER:7;GOLEM:3;SPIDER:1,GARGOYLE:6;GOBLIN:11
1546,0,0,true,,,cascade,utility,3,75,109622717042,109622670559,21,0,BLUE,false,0,6,3,2,ARCHER:7;GOLEM:3;SPIDER:1,GARGOYLE:6;GOBLIN:11
1547,0,0,true,,,utility,cascade,3,75,109622724961,109622777804,15,0,BLUE,false,0,11,3,2,ARCHER:1;ASSASSIN:3;SPIDER:16,GOBLIN:11;MAGE:6
1548,0,0,true,,,cascade,utility,3,75,109622724961,109622777804,7,0,BLUE,false,0,16,3,2,ARCHER:1;ASSASSIN:3;SPIDER:16,GOBLIN:11;MAGE:6
1549,0,0,true,,,utility,utility,3,75,109630636042,109630594727,10,0,GREEN,false,6,0,3,3,ASSASSIN:7;GOBLIN:7;SPIDER:1,ASSASSIN:8;GARGOYLE:2;GOBLIN:1
1550,0,0,true,,,utility,utility,3,75,109630636042,109630594727,9,0,GREEN,false,4,0,3,3,ASSASSIN:7;GOBLIN:7;SPIDER:1,ASSASSIN:8;GARGOYLE:2;GOBLIN:1
1551,0,0,true,,,utility,utility,3,75,109630643961,109630586964,23,0,,false,8,3,3,2,ARCHER:9;ASSASSIN:3,MAGE:7;SCORPION_RIDER:3
1552,0,0,true,,,utility,utility,3,75,109630643961,109630586964,21,0,,false,8,3,3,2,ARCHER:9;ASSASSIN:3,MAGE:7;SCORPION_RIDER:3
1553,0,0,true,,,utility,utility,3,75,109638555042,109638535951,10,0,GREEN,false,4,0,2,2,MAGE:5;SCORPION_RIDER:5,GOBLIN:6;MAGE:8
1554,0,0,true,,,utility,utility,3,75,109638555042,109638535951,10,0,GREEN,false,4,0,2,2,MAGE:5;SCORPION_RIDER:5,GOBLIN:6;MAGE:8
1555,0,0,true,,,utility,utility,3,75,109638562961,109638543932,12,0,,false,17,18,3,3,GARGOYLE:6;GOBLIN:11,GOBLIN:13;MAGE:5
1556,0,0,true,,,utility,utility,3,75,109638562961,109638543932,12,0,,false,17,18,3,3,GARGOYLE:6;GOBLIN:11,GOBLIN:13;MAGE:5
1557,0,0,true,,,utility,cascade,3,75,109646474042,109646493079,17,0,BLUE,false,0,4,3,3,ASSASSIN:3;GOLEM:1;SPIDER:14,GOLEM:4;MAGE:4;SPIDER:2
1558,0,0,true,,,cascade,utility,3,75,109646474042,109646493079,9,0,BLUE,false,0,8,3,3,ASSASSIN:3;GOLEM:1;SPIDER:14,GOLEM:4;MAGE:4;SPIDER:2
1559,0,0,true,,,utility,cascade,3,75,109646481961,109646468228,12,0,GREEN,false,8,0,4,2,GARGOYLE:3;GOBLIN:1;SCORPION_RIDER:1;SPIDER:14,GOBLIN:6;MAGE:8
1560,0,0,true,,,cascade,utility,3,75,109646481961,109646468228,23,0,BLUE,false,0,6,4,2,GARGOYLE:3;GOBLIN:1;SCORPION_RIDER:1;SPIDER:14,GOBLIN:6;MAGE:8
1561,0,0,true,,,utility,cascade,3,75,109654393042,109654417023,17,0,BLUE,false,0,10,3,3,ARCHER:1;SPIDER:23,ARCHER:8;GOBLIN:2;MAGE:3
1562,0,0,true,,,cascade,utility,3,75,109654393042,109654417023,82,0,BLUE,false,0,13,3,3,ARCHER:1;SPIDER:23,ARCHER:8;GOBLIN:2;MAGE:3
1563,0,0,true,,,utility,cascade,3,75,109654400961,109654409580,13,0,BLUE,false,0,12,3,3,GOBLIN:12;SPIDER:13,ARCHER:12;SPIDER:1
1564,0,0,true,,,cascade,utility,3,75,109654400961,109654409580,7,0,BLUE,false,0,11,3,3,GOBLIN:12;SPIDER:13,ARCHER:12;SPIDER:1
1565,0,0,true,,,utility,utility,3,75,109662312042,109662357703,12,0,,false,17,9,3,3,ARCHER:8;SPIDER:9,GOLEM:4;SCORPION_RIDER:4;SPIDER:1
1566,0,0,true,,,utility,utility,3,75,109662312042,109662357703,12,0,,false,17,9,3,3,ARCHER:8;SPIDER:9,GOLEM:4;SCORPION_RIDER:4;SPIDER:1
1567,0,0,true,,,utility,utility,3,75,109662319961,109662366708,28,0,GREEN,false,18,0,3,3,MAGE:5;SPIDER:13,ASSASSIN:4;GOBLIN:1;SPIDER:14
1568,0,0,true,,,utility,utility,3,75,109662319961,109662366708,17,0,,false,14,14,3,3,MAGE:5;SPIDER:13,ASSASSIN:4;GOBLIN:1;SPIDER:14
1569,0,0,true,,,utility,utility,3,75,109670231042,109670183599,10,0,GREEN,false,7,0,2,3,GOBLIN:11;GOLEM:4,ARCHER:7;GOLEM:3;SPIDER:1
1570,0,0,true,,,utility,utility,3,75,109670231042,109670183599,10,0,GREEN,false,9,0,2,3,GOBLIN:11;GOLEM:4,ARCHER:7;GOLEM:3;SPIDER:1
1571,0,0,true,,,utility,utility,3,75,109670238961,109670290524,28,0,,false,6,19,3,2,ARCHER:1;MAGE:3;SCORPION_RIDER:6,MAGE:4;SPIDER:15
1572,0,0,true,,,utility,utility,3,75,109670238961,109670290524,20,0,,false,6,19,3,2,ARCHER:1;MAGE:3;SCORPION_RIDER:6,MAGE:4;SPIDER:15
1573,0,0,true,,,utility,cascade,3,75,110406698042,110406687383,10,0,GREEN,false,7,0,3,3,ARCHER:7;GOBLIN:11,ASSASSIN:8;GOBLIN:6
1574,0,0,true,,,cascade,utility,3,75,110406698042,110406687383,6,0,GREEN,false,12,0,3,3,ARCHER:7;GOBLIN:11,ASSASSIN:8;GOBLIN:6
1575,0,0,true,,,utility,cascade,3,75,110406705961,110406696324,20,0,GREEN,false,5,0,2,2,ARCHER:4;MAGE:7,ARCHER:6;SPIDER:13
1576,0,0,true,,,cascade,utility,3,75,110406705961,110406696324,12,0,BLUE,false,0,6,2,2,ARCHER:4;MAGE:7,ARCHER:6;SPIDER:13
1577,0,0,true,,,utility,cascade,3,75,110414617042,110414628735,9,0,GREEN,false,5,0,3,3,SCORPION_RIDER:3;SPIDER:17,GOBLIN:8;MAGE:7
1578,0,0,true,,,cascade,utility,3,75,110414617042,110414628735,10,0,GREEN,false,15,0,3,3,SCORPION_RIDER:3;SPIDER:17,GOBLIN:8;MAGE:7
1579,0,0,true,,,utility,cascade,3,75,110414624961,110414636652,9,0,BLUE,false,0,5,3,2,ARCHER:6;GOBLIN:13,ASSASSIN:5;SCORPION_RIDER:5
1580,0,0,true,,,cascade,utility,3,75,110414624961,110414636652,14,0,GREEN,false,1,0,3,2,ARCHER:6;GOBLIN:13,ASSASSIN:5;SCORPION_RIDER:5
1581,0,0,true,,,utility,utility,3,75,110422536042,110422585799,10,0,GREEN,false,9,0,3,2,ASSASSIN:6;GOBLIN:10;SPIDER:1,ARCHER:3;MAGE:8
1582,0,0,true,,,utility,utility,3,75,110422536042,110422585799,10,0,GREEN,false,9,0,3,2,ASSASSIN:6;GOBLIN:10;SPIDER:1,ARCHER:3;MAGE:8
1583,0,0,true,,,utility,utility,3,75,110422543961,110422561012,201,0,,true,11,23,3,3,GARGOYLE:6;MAGE:4;SPIDER:1,GOBLIN:12;SPIDER:13
1584,0,0,true,,,utility,utility,3,75,110422543961,110422561012,19,0,,false,11,25,3,3,GARGOYLE:6;MAGE:4;SPIDER:1,GOBLIN:12;SPIDER:13
1585,0,0,true,,,utility,cascade,3,75,110430455042,110430509999,17,0,BLUE,false,0,2,3,3,GOBLIN:1;SCORPION_RIDER:9,ARCHER:1;GARGOYLE:3;SCORPION_RIDER:6
1586,0,0,true,,,cascade,utility,3,75,110430455042,110430509999,7,0,BLUE,false,0,3,3,3,GOBLIN:1;SCORPION_RIDER:9,ARCHER:1;GARGOYLE:3;SCORPION_RIDER:6
1587,0,0,true,,,utility,cascade,3,75,110430462961,110430518620,13,0,BLUE,false,0,3,2,3,GOLEM:4;MAGE:5,GOBLIN:1;GOLEM:7
1588,0,0,true,,,cascade,utility,3,75,110430462961,110430518620,13,0,BLUE,false,0,4,2,3,GOLEM:4;MAGE:5,GOBLIN:1;GOLEM:7
1589,0,0,true,,,utility,utility,3,75,110438374042,110438319159,14,0,GREEN,false,9,0,2,4,GARGOYLE:5;GOLEM:4,ASSASSIN:1;MAGE:8;SCORPION_RIDER:1;SPIDER:1
1590,0,0,true,,,utility,utility,3,75,110438374042,110438319159,14,0,GREEN,false,9,0,2,4,GARGOYLE:5;GOLEM:4,ASSASSIN:1;MAGE:8;SCORPION_RIDER:1;SPIDER:1
1591,0,0,true,,,utility,utility,3,75,110438381961,110438328100,32,0,,false,5,8,4,3,GOBLIN:1;GOLEM:7,ARCHER:8;GARGOYLE:3;SPIDER:2
1592,0,0,true,,,utility,utility,3,75,110438381961,110438328100,39,0,BLUE,false,0,4,4,3,GOBLIN:1;GOLEM:7,ARCHER:8;GARGOYLE:3;SPIDER:2
1593,0,0,true,,,utility,utility,3,75,110446293042,110446276255,12,0,,false,12,11,3,2,ARCHER:9;MAGE:3,ARCHER:3;MAGE:8
1594,0,0,true,,,utility,utility,3,75,110446293042,110446276255,10,0,GREEN,false,6,0,3,2,ARCHER:9;MAGE:3,ARCHER:3;MAGE:8
1595,0,0,true,,,utility,utility,3,75,110446300961,110446252428,11,0,BLUE,false,0,10,3,3,GARGOYLE:2;MAGE:8;SPIDER:1,GARGOYLE:10;SPIDER:1
1596,0,0,true,,,utility,utility,3,75,110446300961,110446252428,22,0,GREEN,false,4,0,3,3,GARGOYLE:2;MAGE:8;SPIDER:1,GARGOYLE:10;SPIDER:1
1597,0,0,true,,,utility,utility,3,75,110454212042,110454201191,22,0,,false,8,4,3,3,ARCHER:8;GOLEM:2;MAGE:1,ASSASSIN:5;GARGOYLE:5;SPIDER:1
1598,0,0,true,,,utility,utility,3,75,110454212042,110454201191,10,0,GREEN,false,9,0,3,3,ARCHER:8;GOLEM:2;MAGE:1,ASSASSIN:5;GARGOYLE:5;SPIDER:1
1599,0,0,true,,,utility,utility,3,75,110454219961,110454209044,16,0,,false,10,19,3,3,GARGOYLE:10;GOBLIN:1,GOLEM:2;MAGE:1;SPIDER:16
1600,0,0,true,,,utility,utility,3,75,110454219961,110454209044,16,0,,false,10,19,3,3,GARGOYLE:10;GOBLIN:1,GOLEM:2;MAGE:1;SPIDER:16
1601,0,0,true,,,utility,utility,3,75,110462131042,110462141903,20,0,,false,2,10,4,2,ASSASSIN:1;GARGOYLE:1;GOBLIN:1;MAGE:8,GARGOYLE:6;SCORPION_RIDER:4
1602,0,0,true,,,utility,utility,3,75,110462131042,110462141903,17,0,BLUE,false,0,10,4,2,ASSASSIN:1;GARGOYLE:1;GOBLIN:1;MAGE:8,GARGOYLE:6;SCORPION_RIDER:4
1603,0,0,true,,,utility,utility,3,75,110462138961,110462149884,19,0,BLUE,false,0,3,2,2,GOLEM:4;SPIDER:11,ARCHER:3;ASSASSIN:8
1604,0,0,true,,,utility,utility,3,75,110462138961,110462149884,23,0,BLUE,false,0,3,2,2,GOLEM:4;SPIDER:11,ARCHER:3;ASSASSIN:8
1605,0,0,true,,,utility,cascade,3,75,31058318042,31058332791,13,0,BLUE,false,0,10,3,3,ARCHER:4;SPIDER:17,GOBLIN:21;GOLEM:1
1606,0,0,true,,,cascade,utility,3,75,31058318042,31058332791,11,0,BLUE,false,0,11,3,3,ARCHER:4;SPIDER:17,GOBLIN:21;GOLEM:1
1607,0,0,true,,,utility,cascade,3,75,31058325961,31058341732,13,0,BLUE,false,0,15,3,3,ASSASSIN:7;GOBLIN:7;SPIDER:1,GARGOYLE:5;GOBLIN:13
1608,0,0,true,,,cascade,utility,3,75,31058325961,31058341732,9,0,BLUE,false,0,8,3,3,ASSASSIN:7;GOBLIN:7;SPIDER:1,GARGOYLE:5;GOBLIN:13
1609,0,0,true,,,utility,utility,3,75,31327564042,31327547303,23,0,,false,8,4,3,3,GOBLIN:1;MAGE:4;SPIDER:14,ASSASSIN:7;GOLEM:2;SPIDER:2
1610,0,0,true,,,utility,utility,3,75,31327564042,31327547303,15,0,BLUE,false,0,8,3,3,GOBLIN:1;MAGE:4;SPIDER:14,ASSASSIN:7;GOLEM:2;SPIDER:2
1611,0,0,true,,,utility,utility,3,75,31327571961,31327523156,14,0,GREEN,false,11,0,3,3,GOBLIN:8;MAGE:7,MAGE:5;SPIDER:13
1612,0,0,true,,,utility,utility,3,75,31327571961,31327523156,12,0,GREEN,false,11,0,3,3,GOBLIN:8;MAGE:7,MAGE:5;SPIDER:13
1613,0,0,true,,,utility,utility,3,75,31462187042,31462145679,13,0,BLUE,false,0,10,3,3,GOBLIN:1;MAGE:8;SCORPION_RIDER:2,GOBLIN:1;SCORPION_RIDER:4;SPIDER:13
1614,0,0,true,,,utility,utility,3,75,31462187042,31462145679,21,0,,false,5,13,3,3,GOBLIN:1;MAGE:8;SCORPION_RIDER:2,GOBLIN:1;SCORPION_RIDER:4;SPIDER:13
1615,0,0,true,,,utility,utility,3,75,31462194961,31462138300,13,0,BLUE,false,0,12,3,3,MAGE:8;SCORPION_RIDER:2;SPIDER:1,GARGOYLE:1;GOBLIN:12;SPIDER:10
1616,0,0,true,,,utility,utility,3,75,31462194961,31462138300,13,0,BLUE,false,0,12,3,3,MAGE:8;SCORPION_RIDER:2;SPIDER:1,GARGOYLE:1;GOBLIN:12;SPIDER:10
1617,0,0,true,,,utility,utility,3,75,31596810042,31596859799,22,0,,false,8,9,3,3,GOBLIN:1;MAGE:7;SPIDER:7,ARCHER:12;SPIDER:1
1618,0,0,true,,,utility,utility,3,75,31596810042,31596859799,21,0,,false,8,9,3,3,GOBLIN:1;MAGE:7;SPIDER:7,ARCHER:12;SPIDER:1
1619,0,0,true,,,utility,utility,3,75,31596817961,31596867716,14,0,GREEN,false,2,0,3,2,ARCHER:1;GARGOYLE:3;SCORPION_RIDER:6,ARCHER:7;SCORPION_RIDER:4
1620,0,0,true,,,utility,utility,3,75,31596817961,31596867716,14,0,GREEN,false,2,0,3,2,ARCHER:1;GARGOYLE:3;SCORPION_RIDER:6,ARCHER:7;SCORPION_RIDER:4
1621,0,0,true,,,utility,utility,3,75,111198598042,111198547255,12,0,GREEN,false,5,0,3,3,ARCHER:5;SCORPION_RIDER:5;SPIDER:1,GOBLIN:1;SCORPION_RIDER:6;SPIDER:8
1622,0,0,true,,,utility,utility,3,75,111198598042,111198547255,12,0,GREEN,false,5,0,3,3,ARCHER:5;SCORPION_RIDER:5;SPIDER:1,GOBLIN:1;SCORPION_RIDER:6;SPIDER:8
1623,0,0,true,,,utility,utility,3,75,111198605961,111198653476,12,0,GREEN,false,8,0,3,3,ARCHER:7;GARGOYLE:4;GOBLIN:1,ASSASSIN:8;GOBLIN:1;SCORPION_RIDER:2
1624,0,0,true,,,utility,utility,3,75,111198605961,111198653476,14,0,GREEN,false,8,0,3,3,ARCHER:7;GARGOYLE:4;GOBLIN:1,ASSASSIN:8;GOBLIN:1;SCORPION_RIDER:2
1625,0,0,true,,,utility,cascade,3,75,111206517042,111206471583,15,0,GREEN,false,3,0,3,3,ARCHER:1;GARGOYLE:3;SCORPION_RIDER:6,GOLEM:3;SPIDER:15
1626,0,0,true,,,cascade,utility,3,75,111206517042,111206471583,12,0,GREEN,false,3,0,3,3,ARCHER:1;GARGOYLE:3;SCORPION_RIDER:6,GOLEM:3;SPIDER:15
1627,0,0,true,,,utility,cascade,3,75,111206524961,111206479500,25,0,GREEN,false,3,0,3,2,GARGOYLE:10;SPIDER:1,GOLEM:4;MAGE:5
1628,0,0,true,,,cascade,utility,3,75,111206524961,111206479500,12,0,GREEN,false,10,0,3,2,GARGOYLE:10;SPIDER:1,GOLEM:4;MAGE:5
1629,0,0,true,,,utility,utility,3,75,111214436042,111214411879,20,0,,false,3,10,3,3,ASSASSIN:7;GARGOYLE:3;GOBLIN:1,GARGOYLE:10;SPIDER:1
1630,0,0,true,,,utility,utility,3,75,111214436042,111214411879,20,0,,false,3,10,3,3,ASSASSIN:7;GARGOYLE:3;GOBLIN:1,GARGOYLE:10;SPIDER:1
1631,0,0,true,,,utility,utility,3,75,111214443961,111214420756,10,0,GREEN,false,4,0,3,3,ASSASSIN:5;GOLEM:4,GOLEM:1;MAGE:6;SPIDER:7
1632,0,0,true,,,utility,utility,3,75,111214443961,111214420756,10,0,GREEN,false,4,0,3,3,ASSASSIN:5;GOLEM:4,GOLEM:1;MAGE:6;SPIDER:7
1633,0,0,true,,,utility,utility,3,75,111222355042,111222368975,7,0,BLUE,false,0,7,3,3,ASSASSIN:7;MAGE:3;SPIDER:1,ASSASSIN:5;GARGOYLE:4;GOLEM:1
1634,0,0,true,,,utility,utility,3,75,111222355042,111222368975,7,0,BLUE,false,0,8,3,3,ASSASSIN:7;MAGE:3;SPIDER:1,ASSASSIN:5;GARGOYLE:4;GOLEM:1
1635,0,0,true,,,utility,utility,3,75,111222362961,111222345212,22,0,,false,4,3,3,2,ASSASSIN:1;GARGOYLE:4;GOLEM:4,ARCHER:4;ASSASSIN:7
1636,0,0,true,,,utility,utility,3,75,111222362961,111222345212,10,0,GREEN,false,8,0,3,2,ASSASSIN:1;GARGOYLE:4;GOLEM:4,ARCHER:4;ASSASSIN:7
1637,0,0,true,,,utility,utility,3,75,111230274042,111230293847,12,0,,false,16,15,2,3,GOBLIN:11;SCORPION_RIDER:5,GOBLIN:11;GOLEM:4
1638,0,0,true,,,utility,utility,3,75,111230274042,111230293847,12,0,,false,16,15,2,3,GOBLIN:11;SCORPION_RIDER:5,GOBLIN:11;GOLEM:4
1639,0,0,true,,,utility,utility,3,75,111230281961,111230301764,13,0,BLUE,false,0,1,3,2,ASSASSIN:8;GARGOYLE:2;SPIDER:1,MAGE:6;SCORPION_RIDER:4
1640,0,0,true,,,utility,utility,3,75,111230281961,111230301764,13,0,BLUE,false,0,1,3,2,ASSASSIN:8;GARGOYLE:2;SPIDER:1,MAGE:6;SCORPION_RIDER:4
1641,0,0,true,,,utility,utility,3,75,111238193042,111238234431,20,0,,false,6,16,3,3,ARCHER:1;GARGOYLE:6;SPIDER:9,SCORPION_RIDER:5;SPIDER:11
1642,0,0,true,,,utility,utility,3,75,111238193042,111238234431,20,0,,false,6,16,3,3,ARCHER:1;GARGOYLE:6;SPIDER:9,SCORPION_RIDER:5;SPIDER:11
1643,0,0,true,,,utility,utility,3,75,111238200961,111238242348,24,0,,false,6,10,3,3,GARGOYLE:5;GOBLIN:13,GARGOYLE:10;SPIDER:1
1644,0,0,true,,,utility,utility,3,75,111238200961,111238242348,22,0,,false,6,10,3,3,GARGOYLE:5;GOBLIN:13,GARGOYLE:10;SPIDER:1
1645,0,0,true,,,utility,cascade,3,75,111246112042,111246060423,8,0,GREEN,false,11,0,3,3,ARCHER:5;GARGOYLE:6;SPIDER:1,ASSASSIN:5;GOBLIN:11;MAGE:1
1646,0,0,true,,,cascade,utility,3,75,111246112042,111246060423,10,0,GREEN,false,12,0,3,3,ARCHER:5;GARGOYLE:6;SPIDER:1,ASSASSIN:5;GOBLIN:11;MAGE:1
1647,0,0,true,,,utility,cascade,3,75,111246119961,111246166708,7,0,GREEN,false,6,0,2,2,GARGOYLE:6;SCORPION_RIDER:4,ARCHER:4;MAGE:7
1648,0,0,true,,,cascade,utility,3,75,111246119961,111246166708,14,0,GREEN,false,6,0,2,2,GARGOYLE:6;SCORPION_RIDER:4,ARCHER:4;MAGE:7
1649,0,0,true,,,utility,cascade,3,75,111254031042,111253984367,8,0,BLUE,false,0,13,3,3,GOBLIN:9;SPIDER:16,GOBLIN:15;GOLEM:3
1650,0,0,true,,,cascade,utility,3,75,111254031042,111253984367,19,0,BLUE,false,0,3,3,3,GOBLIN:9;SPIDER:16,GOBLIN:15;GOLEM:3
1651,0,0,true,,,utility,cascade,3,75,111254038961,111253993244,16,0,GREEN,false,4,0,2,3,MAGE:4;SPIDER:15,ARCHER:1;GARGOYLE:3;SPIDER:16
1652,0,0,true,,,cascade,utility,3,75,111254038961,111253993244,8,0,GREEN,false,7,0,2,3,MAGE:4;SPIDER:15,ARCHER:1;GARGOYLE:3;SPIDER:16
1653,0,0,true,,,utility,cascade,3,75,111990498042,111990520919,113,0,BLUE,false,0,13,3,2,ASSASSIN:8;GOBLIN:1;MAGE:2,ASSASSIN:4;SPIDER:15
1654,0,0,true,,,cascade,utility,3,75,111990498042,111990520919,6,0,GREEN,false,2,0,3,2,ASSASSIN:8;GOBLIN:1;MAGE:2,ASSASSIN:4;SPIDER:15
1655,0,0,true,,,utility,cascade,3,75,111990505961,111990497092,31,0,BLUE,false,0,4,4,3,ARCHER:1;GARGOYLE:1;GOBLIN:11;SPIDER:9,ARCHER:1;MAGE:3;SCORPION_RIDER:6
1656,0,0,true,,,cascade,utility,3,75,111990505961,111990497092,11,0,BLUE,false,0,5,4,3,ARCHER:1;GARGOYLE:1;GOBLIN:11;SPIDER:9,ARCHER:1;MAGE:3;SCORPION_RIDER:6
1657,0,0,true,,,utility,cascade,3,75,111998417042,111998461503,7,0,BLUE,false,0,9,3,4,GOBLIN:1;MAGE:10,ARCHER:5;SCORPION_RIDER:5;SPIDER:1
1658,0,0,true,,,cascade,utility,3,75,111998417042,111998461503,6,0,BLUE,false,0,10,3,4,GOBLIN:1;MAGE:10,ARCHER:5;SCORPION_RIDER:5;SPIDER:1
1659,0,0,true,,,utility,cascade,3,75,111998424961,111998437676,10,0,GREEN,false,3,0,3,3,ASSASSIN:3;SCORPION_RIDER:6;SPIDER:2,ASSASSIN:7;GARGOYLE:3;SPIDER:1
1660,0,0,true,,,cascade,utility,3,75,111998424961,111998437676,10,0,GREEN,false,6,0,3,3,ASSASSIN:3;SCORPION_RIDER:6;SPIDER:2,ASSASSIN:7;GARGOYLE:3;SPIDER:1
1661,0,0,true,,,utility,cascade,3,75,112006336042,112006385799,11,0,BLUE,false,0,3,4,3,GARGOYLE:1;GOBLIN:1;GOLEM:4;SCORPION_RIDER:3,GOBLIN:1;SCORPION_RIDER:9
1662,0,0,true,,,cascade,utility,3,75,112006336042,112006385799,8,0,BLUE,false,0,7,4,3,GARGOYLE:1;GOBLIN:1;GOLEM:4;SCORPION_RIDER:3,GOBLIN:1;SCORPION_RIDER:9
1663,0,0,true,,,utility,cascade,3,75,112006343961,112006394804,8,0,GREEN,false,12,0,4,3,GOBLIN:12;MAGE:5;SPIDER:1,GOBLIN:1;MAGE:10
1664,0,0,true,,,cascade,utility,3,75,112006343961,112006394804,10,0,GREEN,false,12,0,4,3,GOBLIN:12;MAGE:5;SPIDER:1,GOBLIN:1;MAGE:10
1665,0,0,true,,,utility,cascade,3,75,112014255042,112014212463,17,0,BLUE,false,0,6,2,3,ARCHER:7;GOBLIN:11,ARCHER:5;GARGOYLE:6;GOBLIN:1
1666,0,0,true,,,cascade,utility,3,75,112014255042,112014212463,11,0,BLUE,false,0,7,2,3,ARCHER:7;GOBLIN:11,ARCHER:5;GARGOYLE:6;GOBLIN:1
1667,0,0,true,,,utility,cascade,3,75,112014262961,112014318620,16,0,BLUE,false,0,3,2,3,GARGOYLE:6;GOBLIN:11,GOBLIN:10;SCORPION_RIDER:5;SPIDER:1
1668,0,0,true,,,cascade,utility,3,75,112014262961,112014318620,22,0,GREEN,false,4,0,2,3,GARGOYLE:6;GOBLIN:11,GOBLIN:10;SCORPION_RIDER:5;SPIDER:1
1669,0,0,true,,,utility,cascade,3,75,112022174042,112022153207,11,0,BLUE,false,0,6,3,4,ASSASSIN:5;GARGOYLE:5;SPIDER:1,ASSASSIN:1;GOBLIN:6;SCORPION_RIDER:6
1670,0,0,true,,,cascade,utility,3,75,112022174042,112022153207,9,0,BLUE,false,0,8,3,4,ASSASSIN:5;GARGOYLE:5;SPIDER:1,ASSASSIN:1;GOBLIN:6;SCORPION_RIDER:6
1671,0,0,true,,,utility,cascade,3,75,112022181961,112022128356,9,0,BLUE,false,0,5,3,2,ARCHER:8;MAGE:3;SPIDER:2,MAGE:5;SCORPION_RIDER:5
1672,0,0,true,,,cascade,utility,3,75,112022181961,112022128356,11,0,BLUE,false,0,5,3,2,ARCHER:8;MAGE:3;SPIDER:2,MAGE:5;SCORPION_RIDER:5
1673,0,0,true,,,utility,cascade,3,75,112030093042,112030077023,10,0,GREEN,false,7,0,3,2,ARCHER:7;SPIDER:11,SCORPION_RIDER:4;SPIDER:14
1674,0,0,true,,,cascade,utility,3,75,112030093042,112030077023,10,0,GREEN,false,9,0,3,2,ARCHER:7;SPIDER:11,SCORPION_RIDER:4;SPIDER:14
1675,0,0,true,,,utility,cascade,3,75,112030100961,112030085964,18,0,GREEN,false,5,0,2,3,ARCHER:7;SCORPION_RIDER:4,GOLEM:7;SPIDER:1
1676,0,0,true,,,cascade,utility,3,75,112030100961,112030085964,22,0,GREEN,false,7,0,2,3,ARCHER:7;SCORPION_RIDER:4,GOLEM:7;SPIDER:1
1677,0,0,true,,,utility,utility,3,75,112038012042,112038033959,5,0,BLUE,false,0,11,3,4,GOBLIN:2;GOLEM:2;MAGE:7,ARCHER:4;ASSASSIN:1;GOBLIN:1;SCORPION_RIDER:5
1678,0,0,true,,,utility,utility,3,75,112038012042,112038033959,5,0,BLUE,false,0,11,3,4,GOBLIN:2;GOLEM:2;MAGE:7,ARCHER:4;ASSASSIN:1;GOBLIN:1;SCORPION_RIDER:5
1679,0,0,true,,,utility,utility,3,75,112038019961,112038010324,15,0,,false,15,6,2,3,GOBLIN:11;GOLEM:4,ASSASSIN:5;GARGOYLE:5;GOBLIN:1
1680,0,0,true,,,utility,utility,3,75,112038019961,112038010324,15,0,,false,15,6,2,3,GOBLIN:11;GOLEM:4,ASSASSIN:5;GARGOYLE:5;GOBLIN:1
1681,0,0,true,,,utility,cascade,3,75,112045931042,112045974671,17,0,BLUE,false,0,7,2,3,MAGE:5;SCORPION_RIDER:5,GOBLIN:7;SPIDER:18
1682,0,0,true,,,cascade,utility,3,75,112045931042,112045974671,17,0,BLUE,false,0,7,2,3,MAGE:5;SCORPION_RIDER:5,GOBLIN:7;SPIDER:18
1683,0,0,true,,,utility,cascade,3,75,112045938961,112045950908,5,0,GREEN,false,8,0,2,2,MAGE:5;SCORPION_RIDER:5,ASSASSIN:8;GOBLIN:6
1684,0,0,true,,,cascade,utility,3,75,112045938961,112045950908,8,0,GREEN,false,4,0,2,2,MAGE:5;SCORPION_RIDER:5,ASSASSIN:8;GOBLIN:6
1685,0,0,true,,,utility,cascade,3,75,112782398042,112782347511,15,0,GREEN,false,5,0,2,4,GARGOYLE:6;SCORPION_RIDER:4,ARCHER:1;GOBLIN:12;SCORPION_RIDER:4
1686,0,0,true,,,cascade,utility,3,75,112782398042,112782347511,20,0,GREEN,false,6,0,2,4,GARGOYLE:6;SCORPION_RIDER:4,ARCHER:1;GOBLIN:12;SCORPION_RIDER:4
1687,0,0,true,,,utility,cascade,3,75,112782405961,112782356452,11,0,BLUE,false,0,3,3,4,MAGE:5;SCORPION_RIDER:5,ARCHER:4;GOBLIN:10;SPIDER:7
1688,0,0,true,,,cascade,utility,3,75,112782405961,112782356452,14,0,GREEN,false,1,0,3,4,MAGE:5;SCORPION_RIDER:5,ARCHER:4;GOBLIN:10;SPIDER:7
1689,0,0,true,,,utility,cascade,3,75,112790317042,112790305119,9,0,BLUE,false,0,3,3,3,ARCHER:7;GOBLIN:1;MAGE:4,ARCHER:7;GOBLIN:1;MAGE:4
1690,0,0,true,,,cascade,utility,3,75,112790317042,112790305119,8,0,BLUE,false,0,4,3,3,ARCHER:7;GOBLIN:1;MAGE:4,ARCHER:7;GOBLIN:1;MAGE:4
1691,0,0,true,,,utility,cascade,3,75,112790324961,112790280268,13,0,BLUE,false,0,3,3,2,ASSASSIN:5;GOLEM:4,GOLEM:4;SPIDER:11
1692,0,0,true,,,cascade,utility,3,75,112790324961,112790280268,18,0,GREEN,false,1,0,3,2,ASSASSIN:5;GOLEM:4,GOLEM:4;SPIDER:11
1693,0,0,true,,,utility,utility,3,75,112798236042,112798245671,9,0,GREEN,false,6,0,5,3,ARCHER:10;GOBLIN:1;MAGE:1;SPIDER:1,ASSASSIN:10;GOBLIN:1
1694,0,0,true,,,utility,utility,3,75,112798236042,112798245671,10,0,GREEN,false,6,0,5,3,ARCHER:10;GOBLIN:1;MAGE:1;SPIDER:1,ASSASSIN:10;GOBLIN:1
1695,0,0,true,,,utility,utility,3,75,112798243961,112798221012,20,0,,false,3,8,3,2,GARGOYLE:3;SPIDER:18,ARCHER:8;GOBLIN:9
1696,0,0,true,,,utility,utility,3,75,112798243961,112798221012,20,0,,false,3,8,3,2,GARGOYLE:3;SPIDER:18,ARCHER:8;GOBLIN:9
1697,0,0,true,,,utility,utility,3,75,112806155042,112806169999,10,0,GREEN,false,7,0,2,3,ASSASSIN:5;SCORPION_RIDER:5,ARCHER:6;GARGOYLE:5;GOBLIN:1
1698,0,0,true,,,utility,utility,3,75,112806155042,112806169999,12,0,GREEN,false,7,0,2,3,ASSASSIN:5;SCORPION_RIDER:5,ARCHER:6;GARGOYLE:5;GOBLIN:1
1699,0,0,true,,,utility,utility,3,75,112806162961,112806177980,15,0,BLUE,false,0,15,2,2,MAGE:8;SPIDER:6,GARGOYLE:6;GOBLIN:11
1700,0,0,true,,,utility,utility,3,75,112806162961,112806177980,15,0,BLUE,false,0,15,2,2,MAGE:8;SPIDER:6,GARGOYLE:6;GOBLIN:11
1701,0,0,true,,,utility,cascade,3,75,112814074042,112814126615,14,0,GREEN,false,16,0,4,4,GOBLIN:21;MAGE:1;SPIDER:1,GARGOYLE:4;GOBLIN:1;MAGE:5;SCORPION_RIDER:1
1702,0,0,true,,,cascade,utility,3,75,112814074042,112814126615,18,0,GREEN,false,10,0,4,4,GOBLIN:21;MAGE:1;SPIDER:1,GARGOYLE:4;GOBLIN:1;MAGE:5;SCORPION_RIDER:1
1703,0,0,true,,,utility,cascade,3,75,112814081961,112814102788,11,0,BLUE,false,0,11,3,4,ASSASSIN:8;SCORPION_RIDER:2;SPIDER:1,GARGOYLE:4;GOBLIN:12;MAGE:1;SPIDER:1
1704,0,0,true,,,cascade,utility,3,75,112814081961,112814102788,12,0,BLUE,false,0,12,3,4,ASSASSIN:8;SCORPION_RIDER:2;SPIDER:1,GARGOYLE:4;GOBLIN:12;MAGE:1;SPIDER:1
1705,0,0,true,,,utility,utility,3,75,112821993042,112821936383,9,0,BLUE,false,0,13,3,3,ASSASSIN:4;GARGOYLE:6;GOBLIN:1,GOBLIN:25
1706,0,0,true,,,utility,utility,3,75,112821993042,112821936383,9,0,BLUE,false,0,13,3,3,ASSASSIN:4;GARGOYLE:6;GOBLIN:1,GOBLIN:25
1707,0,0,true,,,utility,utility,3,75,112822000961,112822043628,13,0,BLUE,false,0,8,2,3,GARGOYLE:6;SCORPION_RIDER:4,GOBLIN:25
1708,0,0,true,,,utility,utility,3,75,112822000961,112822043628,21,0,,false,10,11,2,3,GARGOYLE:6;SCORPION_RIDER:4,GOBLIN:25
1709,0,0,true,,,utility,cascade,3,75,112829912042,112829861191,17,0,BLUE,false,0,5,3,2,GOBLIN:1;GOLEM:4;SCORPION_RIDER:4,ARCHER:7;SCORPION_RIDER:4
1710,0,0,true,,,cascade,utility,3,75,112829912042,112829861191,23,0,BLUE,false,0,7,3,2,GOBLIN:1;GOLEM:4;SCORPION_RIDER:4,ARCHER:7;SCORPION_RIDER:4
1711,0,0,true,,,utility,cascade,3,75,112829919961,112829869172,11,0,BLUE,false,0,8,3,3,ASSASSIN:5;GARGOYLE:5;GOBLIN:1,ARCHER:8;SCORPION_RIDER:3;SPIDER:1
1712,0,0,true,,,cascade,utility,3,75,112829919961,112829869172,9,0,BLUE,false,0,10,3,3,ASSASSIN:5;GARGOYLE:5;GOBLIN:1,ARCHER:8;SCORPION_RIDER:3;SPIDER:1
1713,0,0,true,,,utility,utility,3,75,112837831042,112837818159,23,0,BLUE,false,0,4,4,3,GOBLIN:11;GOLEM:1;SCORPION_RIDER:4,ASSASSIN:5;GARGOYLE:5;SPIDER:1
1714,0,0,true,,,utility,utility,3,75,112837831042,112837818159,8,0,GREEN,false,14,0,4,3,GOBLIN:11;GOLEM:1;SCORPION_RIDER:4,ASSASSIN:5;GARGOYLE:5;SPIDER:1
1715,0,0,true,,,utility,utility,3,75,112837838961,112837793500,12,0,,false,18,9,3,2,SCORPION_RIDER:4;SPIDER:14,GARGOYLE:5;GOLEM:4
1716,0,0,true,,,utility,utility,3,75,112837838961,112837793500,12,0,,false,18,9,3,2,SCORPION_RIDER:4;SPIDER:14,GARGOYLE:5;GOLEM:4
1717,0,0,true,,,utility,utility,3,75,113574298042,113574321943,45,0,,false,7,1,3,4,ASSASSIN:2;GOBLIN:1;MAGE:8,ARCHER:5;GARGOYLE:6;GOBLIN:1
1718,0,0,true,,,utility,utility,3,75,113574298042,113574321943,45,0,,false,7,1,3,4,ASSASSIN:2;GOBLIN:1;MAGE:8,ARCHER:5;GARGOYLE:6;GOBLIN:1
1719,0,0,true,,,utility,utility,3,75,113574305961,113574329860,15,0,,false,11,13,3,3,GARGOYLE:6;GOBLIN:1;MAGE:4,ARCHER:1;GOBLIN:9;GOLEM:4
1720,0,0,true,,,utility,utility,3,75,113574305961,113574329860,15,0,,false,11,13,3,3,GARGOYLE:6;GOBLIN:1;MAGE:4,ARCHER:1;GOBLIN:9;GOLEM:4
1721,0,0,true,,,utility,cascade,3,75,113582217042,113582262783,17,0,BLUE,false,0,15,2,3,ASSASSIN:5;GOLEM:4,GARGOYLE:6;GOBLIN:11
1722,0,0,true,,,cascade,utility,3,75,113582217042,113582262783,25,0,BLUE,false,0,8,2,3,ASSASSIN:5;GOLEM:4,GARGOYLE:6;GOBLIN:11
1723,0,0,true,,,utility,cascade,3,75,113582224961,113582270700,15,0,GREEN,false,4,0,3,4,ASSASSIN:4;GARGOYLE:6;GOBLIN:1,GOBLIN:12;MAGE:1;SCORPION_RIDER:4
1724,0,0,true,,,cascade,utility,3,75,113582224961,113582270700,11,0,BLUE,false,0,11,3,4,ASSASSIN:4;GARGOYLE:6;GOBLIN:1,GOBLIN:12;MAGE:1;SCORPION_RIDER:4
1725,0,0,true,,,utility,cascade,3,75,113590136042,113590088263,5,0,BLUE,false,0,6,2,3,ARCHER:3;ASSASSIN:8,ARCHER:5;GARGOYLE:5;GOLEM:1
1726,0,0,true,,,cascade,utility,3,75,113590136042,113590088263,5,0,BLUE,false,0,8,2,3,ARCHER:3;ASSASSIN:8,ARCHER:5;GARGOYLE:5;GOLEM:1
1727,0,0,true,,,utility,cascade,3,75,113590143961,113590195572,20,0,GREEN,false,2,0,2,3,GARGOYLE:5;SCORPION_RIDER:5,GARGOYLE:3;GOLEM:4;SPIDER:4
1728,0,0,true,,,cascade,utility,3,75,113590143961,113590195572,18,0,GREEN,false,5,0,2,3,GARGOYLE:5;SCORPION_RIDER:5,GARGOYLE:3;GOLEM:4;SPIDER:4
1729,0,0,true,,,utility,utility,3,75,113598055042,113598012463,22,0,,false,6,1,3,3,GOBLIN:6;SCORPION_RIDER:7,ARCHER:5;GOBLIN:1;SCORPION_RIDER:5
1730,0,0,true,,,utility,utility,3,75,113598055042,113598012463,25,0,,false,6,1,3,3,GOBLIN:6;SCORPION_RIDER:7,ARCHER:5;GOBLIN:1;SCORPION_RIDER:5
1731,0,0,true,,,utility,utility,3,75,113598062961,113598021596,10,0,GREEN,false,8,0,2,3,SPIDER:25,GOBLIN:2;SPIDER:23
1732,0,0,true,,,utility,utility,3,75,113598062961,113598021596,10,0,GREEN,false,8,0,2,3,SPIDER:25,GOBLIN:2;SPIDER:23
1733,0,0,true,,,utility,utility,3,75,113605974042,113605953207,7,0,BLUE,false,0,11,3,2,ASSASSIN:7;GOLEM:2;SPIDER:2,ASSASSIN:6;GOBLIN:11
1734,0,0,true,,,utility,utility,3,75,113605974042,113605953207,7,0,BLUE,false,0,11,3,2,ASSASSIN:7;GOLEM:2;SPIDER:2,ASSASSIN:6;GOBLIN:11
1735,0,0,true,,,utility,utility,3,75,113605981961,113605962148,24,0,,false,5,6,3,2,GARGOYLE:5;GOLEM:4,MAGE:6;SPIDER:11
1736,0,0,true,,,utility,utility,3,75,113605981961,113605962148,18,0,GREEN,false,7,0,3,2,GARGOYLE:5;GOLEM:4,MAGE:6;SPIDER:11
1737,0,0,true,,,utility,utility,3,75,113613893042,113613910815,20,0,,false,12,7,3,3,GARGOYLE:1;GOBLIN:12;SCORPION_RIDER:4,ARCHER:7;GOLEM:3;SPIDER:1
1738,0,0,true,,,utility,utility,3,75,113613893042,113613910815,20,0,,false,12,7,3,3,GARGOYLE:1;GOBLIN:12;SCORPION_RIDER:4,ARCHER:7;GOLEM:3;SPIDER:1
1739,0,0,true,,,utility,utility,3,75,113613900961,113613885964,12,0,GREEN,false,9,0,4,3,ARCHER:5;GOLEM:4;SPIDER:1,GARGOYLE:4;GOBLIN:1;SPIDER:14
1740,0,0,true,,,utility,utility,3,75,113613900961,113613885964,12,0,GREEN,false,9,0,4,3,ARCHER:5;GOLEM:4;SPIDER:1,GARGOYLE:4;GOBLIN:1;SPIDER:14
1741,0,0,true,,,utility,utility,3,75,113621812042,113621835239,10,0,GREEN,false,13,0,3,3,ARCHER:1;GARGOYLE:3;SPIDER:16,ASSASSIN:10;SPIDER:1
1742,0,0,true,,,utility,utility,3,75,113621812042,113621835239,10,0,GREEN,false,13,0,3,3,ARCHER:1;GARGOYLE:3;SPIDER:16,ASSASSIN:10;SPIDER:1
1743,0,0,true,,,utility,utility,3,75,113621819961,113621843092,11,0,BLUE,false,0,12,3,3,ARCHER:1;GARGOYLE:4;SCORPION_RIDER:5,GOBLIN:2;MAGE:3;SPIDER:16
1744,0,0,true,,,utility,utility,3,75,113621819961,113621843092,11,0,BLUE,false,0,12,3,3,ARCHER:1;GARGOYLE:4;SCORPION_RIDER:5,GOBLIN:2;MAGE:3;SPIDER:16
1745,0,0,true,,,utility,cascade,3,75,113629731042,113629775439,17,0,BLUE,false,0,7,4,3,GOBLIN:19;SCORPION_RIDER:2,GARGOYLE:5;MAGE:5;SPIDER:1
1746,0,0,true,,,cascade,utility,3,75,113629731042,113629775439,10,0,GREEN,false,13,0,4,3,GOBLIN:19;SCORPION_RIDER:2,GARGOYLE:5;MAGE:5;SPIDER:1
1747,0,0,true,,,utility,cascade,3,75,113629738961,113629784444,12,0,GREEN,false,11,0,2,3,ARCHER:8;GOBLIN:9,GARGOYLE:10;SPIDER:1
1748,0,0,true,,,cascade,utility,3,75,113629738961,113629784444,16,0,GREEN,false,9,0,2,3,ARCHER:8;GOBLIN:9,GARGOYLE:10;SPIDER:1
1749,0,0,true,,,utility,utility,3,75,114366198042,114366181303,20,0,,false,1,15,3,3,GOBLIN:1;MAGE:10,ARCHER:7;GOBLIN:9;SPIDER:2
1750,0,0,true,,,utility,utility,3,75,114366198042,114366181303,20,0,,false,1,15,3,3,GOBLIN:1;MAGE:10,ARCHER:7;GOBLIN:9;SPIDER:2
1751,0,0,true,,,utility,utility,3,75,114366205961,114366156452,16,0,,false,8,18,3,3,ASSASSIN:7;SPIDER:8,GOBLIN:15;SPIDER:10
1752,0,0,true,,,utility,utility,3,75,114366205961,114366156452,16,0,,false,8,18,3,3,ASSASSIN:7;SPIDER:8,GOBLIN:15;SPIDER:10
1753,0,0,true,,,utility,cascade,3,75,114374117042,114374105119,7,0,GREEN,false,9,0,3,2,GARGOYLE:4;SPIDER:15,ASSASSIN:5;SPIDER:13
1754,0,0,true,,,cascade,utility,3,75,114374117042,114374105119,6,0,GREEN,false,9,0,3,2,GARGOYLE:4;SPIDER:15,ASSASSIN:5;SPIDER:13
1755,0,0,true,,,utility,cascade,3,75,114374124961,114374114060,5,0,GREEN,false,10,0,2,3,ARCHER:7;SCORPION_RIDER:4,GOBLIN:12;MAGE:5;SPIDER:1
1756,0,0,true,,,cascade,utility,3,75,114374124961,114374114060,6,0,GREEN,false,9,0,2,3,ARCHER:7;SCORPION_RIDER:4,GOBLIN:12;MAGE:5;SPIDER:1
1757,0,0,true,,,utility,utility,3,75,114382036042,114382045927,22,0,,false,16,12,3,3,MAGE:1;SPIDER:22,GOBLIN:4;MAGE:9
1758,0,0,true,,,utility,utility,3,75,114382036042,114382045927,16,0,,false,22,13,3,3,MAGE:1;SPIDER:22,GOBLIN:4;MAGE:9
1759,0,0,true,,,utility,utility,3,75,114382043961,114382054804,11,0,BLUE,false,0,5,3,3,ASSASSIN:7;GARGOYLE:3;SPIDER:1,GOBLIN:1;GOLEM:3;SCORPION_RIDER:5
1760,0,0,true,,,utility,utility,3,75,114382043961,114382054804,11,0,BLUE,false,0,5,3,3,ASSASSIN:7;GARGOYLE:3;SPIDER:1,GOBLIN:1;GOLEM:3;SCORPION_RIDER:5
1761,0,0,true,,,utility,cascade,3,75,114389955042,114390003535,15,0,BLUE,false,0,12,3,4,ASSASSIN:7;MAGE:3;SPIDER:1,ASSASSIN:4;GOBLIN:12;MAGE:1;SPIDER:1
1762,0,0,true,,,cascade,utility,3,75,114389955042,114390003535,7,0,BLUE,false,0,11,3,4,ASSASSIN:7;MAGE:3;SPIDER:1,ASSASSIN:4;GOBLIN:12;MAGE:1;SPIDER:1
1763,0,0,true,,,utility,cascade,3,75,114389962961,114389978748,6,0,GREEN,false,8,0,3,3,GARGOYLE:6;GOBLIN:1;GOLEM:3,ASSASSIN:8;SCORPION_RIDER:2;SPIDER:1
1764,0,0,true,,,cascade,utility,3,75,114389962961,114389978748,6,0,GREEN,false,9,0,3,3,GARGOYLE:6;GOBLIN:1;GOLEM:3,ASSASSIN:8;SCORPION_RIDER:2;SPIDER:1
1765,0,0,true,,,utility,cascade,3,75,114397874042,114397927895,12,0,GREEN,false,6,0,3,3,GARGOYLE:3;SCORPION_RIDER:6;SPIDER:2,GARGOYLE:5;SPIDER:13
1766,0,0,true,,,cascade,utility,3,75,114397874042,114397927895,11,0,BLUE,false,0,11,3,3,GARGOYLE:3;SCORPION_RIDER:6;SPIDER:2,GARGOYLE:5;SPIDER:13
1767,0,0,true,,,utility,cascade,3,75,114397881961,114397935812,14,0,GREEN,false,8,0,2,3,ASSASSIN:7;GOBLIN:8,MAGE:10;SPIDER:1
1768,0,0,true,,,cascade,utility,3,75,114397881961,114397935812,8,0,GREEN,false,11,0,2,3,ASSASSIN:7;GOBLIN:8,MAGE:10;SPIDER:1
1769,0,0,true,,,utility,cascade,3,75,114405793042,114405737407,7,0,BLUE,false,0,7,3,3,MAGE:8;SPIDER:6,GARGOYLE:1;GOLEM:2;SCORPION_RIDER:6
1770,0,0,true,,,cascade,utility,3,75,114405793042,114405737407,7,0,BLUE,false,0,9,3,3,MAGE:8;SPIDER:6,GARGOYLE:1;GOLEM:2;SCORPION_RIDER:6
1771,0,0,true,,,utility,cascade,3,75,114405800961,114405745324,7,0,GREEN,false,8,0,3,3,GOLEM:4;SCORPION_RIDER:4;SPIDER:1,ASSASSIN:8;GOBLIN:1;SPIDER:5
1772,0,0,true,,,cascade,utility,3,75,114405800961,114405745324,6,0,GREEN,false,8,0,3,3,GOLEM:4;SCORPION_RIDER:4;SPIDER:1,ASSASSIN:8;GOBLIN:1;SPIDER:5
1773,0,0,true,,,utility,cascade,3,75,114413712042,114413693959,6,0,GREEN,false,10,0,3,2,ARCHER:1;GARGOYLE:3;SCORPION_RIDER:6,GOBLIN:8;MAGE:7
1774,0,0,true,,,cascade,utility,3,75,114413712042,114413693959,10,0,GREEN,false,6,0,3,2,ARCHER:1;GARGOYLE:3;SCORPION_RIDER:6,GOBLIN:8;MAGE:7
1775,0,0,true,,,utility,cascade,3,75,114413719961,114413670196,16,0,GREEN,false,7,0,3,3,GOLEM:4;SCORPION_RIDER:4;SPIDER:1,ARCHER:5;GOBLIN:1;GOLEM:4
1776,0,0,true,,,cascade,utility,3,75,114413719961,114413670196,12,0,GREEN,false,4,0,3,3,GOLEM:4;SCORPION_RIDER:4;SPIDER:1,ARCHER:5;GOBLIN:1;GOLEM:4
1777,0,0,true,,,utility,cascade,3,75,114421631042,114421618415,15,0,BLUE,false,0,8,3,3,SPIDER:25,ARCHER:8;ASSASSIN:3;GOBLIN:2
1778,0,0,true,,,cascade,utility,3,75,114421631042,114421618415,7,0,BLUE,false,0,9,3,3,SPIDER:25,ARCHER:8;ASSASSIN:3;GOBLIN:2
1779,0,0,true,,,utility,cascade,3,75,114421638961,114421627292,22,0,GREEN,false,2,0,2,3,GARGOYLE:5;GOLEM:4,GARGOYLE:1;GOLEM:2;SPIDER:16
1780,0,0,true,,,cascade,utility,3,75,114421638961,114421627292,16,0,GREEN,false,4,0,2,3,GARGOYLE:5;GOLEM:4,GARGOYLE:1;GOLEM:2;SPIDER:16
1781,0,0,true,,,utility,utility,3,75,115158098042,115158154967,20,0,,false,6,9,2,2,ASSASSIN:8;GOBLIN:6,GARGOYLE:5;GOLEM:4
1782,0,0,true,,,utility,utility,3,75,115158098042,115158154967,20,0,,false,6,9,2,2,ASSASSIN:8;GOBLIN:6,GARGOYLE:5;GOLEM:4
1783,0,0,true,,,utility,utility,3,75,115158105961,115158147524,23,0,,false,10,1,3,3,GARGOYLE:10;GOBLIN:1,ASSASSIN:10;GOBLIN:1
1784,0,0,true,,,utility,utility,3,75,115158105961,115158147524,21,0,,false,10,1,3,3,GARGOYLE:10;GOBLIN:1,ASSASSIN:10;GOBLIN:1
1785,0,0,true,,,utility,utility,3,75,115166017042,115165964479,25,0,,false,6,12,4,4,ARCHER:5;GOBLIN:1;GOLEM:4,GARGOYLE:4;GOBLIN:13;SCORPION_RIDER:1
1786,0,0,true,,,utility,utility,3,75,115166017042,115165964479,22,0,,false,5,16,4,4,ARCHER:5;GOBLIN:1;GOLEM:4,GARGOYLE:4;GOBLIN:13;SCORPION_RIDER:1
1787,0,0,true,,,utility,utility,3,75,115166024961,115166071724,5,0,BLUE,false,0,10,2,3,ASSASSIN:4;SPIDER:15,ARCHER:8;GARGOYLE:3;GOBLIN:2
1788,0,0,true,,,utility,utility,3,75,115166024961,115166071724,5,0,BLUE,false,0,10,2,3,ASSASSIN:4;SPIDER:15,ARCHER:8;GARGOYLE:3;GOBLIN:2
1789,0,0,true,,,utility,utility,3,75,115173936042,115173889287,21,0,,false,9,6,3,3,GARGOYLE:1;GOLEM:1;MAGE:8,GOBLIN:1;SCORPION_RIDER:9
1790,0,0,true,,,utility,utility,3,75,115173936042,115173889287,21,0,,false,9,6,3,3,GARGOYLE:1;GOLEM:1;MAGE:8,GOBLIN:1;SCORPION_RIDER:9
1791,0,0,true,,,utility,utility,3,75,115173943961,115173897268,15,0,BLUE,false,0,4,2,4,SPIDER:25,ASSASSIN:2;GARGOYLE:6;SPIDER:6
1792,0,0,true,,,utility,utility,3,75,115173943961,115173897268,15,0,BLUE,false,0,4,2,4,SPIDER:25,ASSASSIN:2;GARGOYLE:6;SPIDER:6
1793,0,0,true,,,utility,utility,3,75,115181855042,115181846511,20,0,,false,4,8,3,3,GOLEM:4;SCORPION_RIDER:4;SPIDER:1,ASSASSIN:1;GOLEM:4;MAGE:4
1794,0,0,true,,,utility,utility,3,75,115181855042,115181846511,20,0,,false,4,7,3,3,GOLEM:4;SCORPION_RIDER:4;SPIDER:1,ASSASSIN:1;GOLEM:4;MAGE:4
1795,0,0,true,,,utility,utility,3,75,115181862961,115181821596,16,0,,false,6,10,2,3,ASSASSIN:8;GOBLIN:6,GARGOYLE:6;GOLEM:3;SPIDER:1
1796,0,0,true,,,utility,utility,3,75,115181862961,115181821596,18,0,,false,6,9,2,3,ASSASSIN:8;GOBLIN:6,GARGOYLE:6;GOLEM:3;SPIDER:1
1797,0,0,true,,,utility,cascade,3,75,115189774042,115189786743,16,0,GREEN,false,4,0,3,3,ASSASSIN:4;GARGOYLE:6;GOBLIN:1,GOLEM:3;SPIDER:15
1798,0,0,true,,,cascade,utility,3,75,115189774042,115189786743,12,0,GREEN,false,6,0,3,3,ASSASSIN:4;GARGOYLE:6;GOBLIN:1,GOLEM:3;SPIDER:15
1799,0,0,true,,,utility,cascade,3,75,115189781961,115189762916,9,0,BLUE,false,0,4,3,3,ASSASSIN:7;GOBLIN:7;SPIDER:1,ARCHER:4;GOBLIN:3;SPIDER:14
1800,0,0,true,,,cascade,utility,3,75,115189781961,115189762916,10,0,GREEN,false,7,0,3,3,ASSASSIN:7;GOBLIN:7;SPIDER:1,ARCHER:4;GOBLIN:3;SPIDER:14
1801,0,0,true,,,utility,cascade,3,75,115197693042,115197711071,12,0,GREEN,false,7,0,3,3,GARGOYLE:6;MAGE:4;SPIDER:1,ASSASSIN:4;GOBLIN:2;GOLEM:4
1802,0,0,true,,,cascade,utility,3,75,115197693042,115197711071,16,0,GREEN,false,5,0,3,3,GARGOYLE:6;MAGE:4;SPIDER:1,ASSASSIN:4;GOBLIN:2;GOLEM:4
1803,0,0,true,,,utility,cascade,3,75,115197700961,115197720012,8,0,GREEN,false,18,0,2,4,GARGOYLE:5;SPIDER:13,ASSASSIN:7;GARGOYLE:2;GOBLIN:3;SPIDER:1
1804,0,0,true,,,cascade,utility,3,75,115197700961,115197720012,12,0,GREEN,false,18,0,2,4,GARGOYLE:5;SPIDER:13,ASSASSIN:7;GARGOYLE:2;GOBLIN:3;SPIDER:1
1805,0,0,true,,,utility,cascade,3,75,115205612042,115205668007,11,0,BLUE,false,0,6,4,3,ASSASSIN:3;GARGOYLE:2;GOBLIN:12;SPIDER:1,ARCHER:4;GOBLIN:1;SCORPION_RIDER:6
1806,0,0,true,,,cascade,utility,3,75,115205612042,115205668007,8,0,BLUE,false,0,6,4,3,ASSASSIN:3;GARGOYLE:2;GOBLIN:12;SPIDER:1,ARCHER:4;GOBLIN:1;SCORPION_RIDER:6
1807,0,0,true,,,utility,cascade,3,75,115205619961,115205643860,9,0,GREEN,false,11,0,3,3,SPIDER:25,GARGOYLE:3;GOBLIN:1;MAGE:7
1808,0,0,true,,,cascade,utility,3,75,115205619961,115205643860,19,0,BLUE,false,0,7,3,3,SPIDER:25,GARGOYLE:3;GOBLIN:1;MAGE:7
1809,0,0,true,,,utility,cascade,3,75,115213531042,115213478159,16,0,GREEN,false,2,0,3,2,ARCHER:1;ASSASSIN:3;SCORPION_RIDER:6,ARCHER:7;SPIDER:11
1810,0,0,true,,,cascade,utility,3,75,115213531042,115213478159,8,0,GREEN,false,7,0,3,2,ARCHER:1;ASSASSIN:3;SCORPION_RIDER:6,ARCHER:7;SPIDER:11
1811,0,0,true,,,utility,cascade,3,75,115213538961,115213584444,8,0,GREEN,false,15,0,2,3,GOBLIN:11;SCORPION_RIDER:5,GOBLIN:12;SPIDER:13
1812,0,0,true,,,cascade,utility,3,75,115213538961,115213584444,8,0,GREEN,false,16,0,2,3,GOBLIN:11;SCORPION_RIDER:5,GOBLIN:12;SPIDER:13
1813,0,0,true,,,utility,utility,3,75,115949998042,115949982071,7,0,BLUE,false,0,15,3,3,SPIDER:25,GOBLIN:10;GOLEM:4;SPIDER:1
1814,0,0,true,,,utility,utility,3,75,115949998042,115949982071,7,0,BLUE,false,0,15,3,3,SPIDER:25,GOBLIN:10;GOLEM:4;SPIDER:1
1815,0,0,true,,,utility,utility,3,75,115950005961,115949989988,14,0,GREEN,false,9,0,3,2,GARGOYLE:4;MAGE:6;SPIDER:1,ASSASSIN:7;GOBLIN:8
1816,0,0,true,,,utility,utility,3,75,115950005961,115949989988,14,0,GREEN,false,9,0,3,2,GARGOYLE:4;MAGE:6;SPIDER:1,ASSASSIN:7;GOBLIN:8
1817,0,0,true,,,utility,utility,3,75,115957917042,115957939167,9,0,BLUE,false,0,10,3,2,MAGE:8;SPIDER:6,ASSASSIN:6;GOBLIN:11
1818,0,0,true,,,utility,utility,3,75,115957917042,115957939167,9,0,BLUE,false,0,10,3,2,MAGE:8;SPIDER:6,ASSASSIN:6;GOBLIN:11
1819,0,0,true,,,utility,utility,3,75,115957924961,115957914316,19,0,,false,19,11,2,3,GARGOYLE:4;SPIDER:15,ARCHER:8;GARGOYLE:3;GOBLIN:2
1820,0,0,true,,,utility,utility,3,75,115957924961,115957914316,19,0,,false,19,11,2,3,GARGOYLE:4;SPIDER:15,ARCHER:8;GARGOYLE:3;GOBLIN:2
1821,0,0,true,,,utility,utility,3,75,115965836042,115965879719,18,0,GREEN,false,12,0,2,4,GOBLIN:12;SPIDER:13,ARCHER:4;GOLEM:4;SCORPION_RIDER:1;SPIDER:1
1822,0,0,true,,,utility,utility,3,75,115965836042,115965879719,18,0,GREEN,false,12,0,2,4,GOBLIN:12;SPIDER:13,ARCHER:4;GOLEM:4;SCORPION_RIDER:1;SPIDER:1
1823,0,0,true,,,utility,utility,3,75,115965843961,115965855572,24,0,,false,4,11,4,3,GARGOYLE:5;GOBLIN:12;SPIDER:1,ARCHER:7;GARGOYLE:4;SPIDER:1
1824,0,0,true,,,utility,utility,3,75,115965843961,115965855572,24,0,,false,4,11,4,3,GARGOYLE:5;GOBLIN:12;SPIDER:1,ARCHER:7;GARGOYLE:4;SPIDER:1
1825,0,0,true,,,utility,utility,3,75,115973755042,115973803535,20,0,,false,19,5,4,3,GOBLIN:21;GOLEM:1,GOBLIN:1;GOLEM:4;SCORPION_RIDER:4
1826,0,0,true,,,utility,utility,3,75,115973755042,115973803535,20,0,,false,19,5,4,3,GOBLIN:21;GOLEM:1,GOBLIN:1;GOLEM:4;SCORPION_RIDER:4
1827,0,0,true,,,utility,utility,3,75,115973762961,115973812540,9,0,BLUE,false,0,10,3,3,ASSASSIN:8;MAGE:2;SPIDER:1,GOBLIN:11;GOLEM:4
1828,0,0,true,,,utility,utility,3,75,115973762961,115973812540,9,0,BLUE,false,0,10,3,3,ASSASSIN:8;MAGE:2;SPIDER:1,GOBLIN:11;GOLEM:4
1829,0,0,true,,,utility,cascade,3,75,115981674042,115981629591,8,0,GREEN,false,13,0,2,3,GOBLIN:11;MAGE:6,ARCHER:1;ASSASSIN:4;SPIDER:13
1830,0,0,true,,,cascade,utility,3,75,115981674042,115981629591,8,0,GREEN,false,4,0,2,3,GOBLIN:11;MAGE:6,ARCHER:1;ASSASSIN:4;SPIDER:13
1831,0,0,true,,,utility,cascade,3,75,115981681961,115981736836,17,0,BLUE,false,0,7,3,3,GARGOYLE:3;MAGE:7;SPIDER:1,GARGOYLE:3;GOBLIN:1;MAGE:7
1832,0,0,true,,,cascade,utility,3,75,115981681961,115981736836,12,0,BLUE,false,0,2,3,3,GARGOYLE:3;MAGE:7;SPIDER:1,GARGOYLE:3;GOBLIN:1;MAGE:7
1833,0,0,true,,,utility,cascade,3,75,115989593042,115989570943,6,0,GREEN,false,20,0,3,4,GOBLIN:12;SPIDER:13,GOLEM:4;SPIDER:11
1834,0,0,true,,,cascade,utility,3,75,115989593042,115989570943,14,0,GREEN,false,9,0,3,4,GOBLIN:12;SPIDER:13,GOLEM:4;SPIDER:11
1835,0,0,true,,,utility,cascade,3,75,115989600961,115989546092,10,0,GREEN,false,9,0,3,3,ASSASSIN:2;GOBLIN:10;GOLEM:3,ASSASSIN:8;GOBLIN:3;GOLEM:1
1836,0,0,true,,,cascade,utility,3,75,115989600961,115989546092,8,0,GREEN,false,11,0,3,3,ASSASSIN:2;GOBLIN:10;GOLEM:3,ASSASSIN:8;GOBLIN:3;GOLEM:1
1837,0,0,true,,,utility,utility,3,75,115997512042,115997495239,25,0,,false,15,2,2,3,GOBLIN:11;MAGE:6,ASSASSIN:6;GOBLIN:7;SPIDER:4
1838,0,0,true,,,utility,utility,3,75,115997512042,115997495239,25,0,,false,15,2,2,3,GOBLIN:11;MAGE:6,ASSASSIN:6;GOBLIN:7;SPIDER:4
1839,0,0,true,,,utility,utility,3,75,115997519961,115997503220,21,0,,false,7,4,2,2,ASSASSIN:4;SPIDER:15,GARGOYLE:5;GOLEM:4
1840,0,0,true,,,utility,utility,3,75,115997519961,115997503220,21,0,,false,7,4,2,2,ASSASSIN:4;SPIDER:15,GARGOYLE:5;GOLEM:4
1841,0,0,true,,,utility,utility,3,75,116005431042,116005452207,23,0,,false,2,1,2,3,MAGE:7;SCORPION_RIDER:3,ASSASSIN:8;MAGE:2;SPIDER:1
1842,0,0,true,,,utility,utility,3,75,116005431042,116005452207,23,0,,false,2,1,2,3,MAGE:7;SCORPION_RIDER:3,ASSASSIN:8;MAGE:2;SPIDER:1
1843,0,0,true,,,utility,utility,3,75,116005438961,116005428060,7,0,BLUE,false,0,6,2,2,ARCHER:3;MAGE:8,MAGE:5;SCORPION_RIDER:5
1844,0,0,true,,,utility,utility,3,75,116005438961,116005428060,7,0,BLUE,false,0,6,2,2,ARCHER:3;MAGE:8,MAGE:5;SCORPION_RIDER:5
1845,0,0,true,,,utility,cascade,3,75,116741898042,116741841303,5,0,BLUE,false,0,9,2,3,GOBLIN:8;MAGE:7,SCORPION_RIDER:9;SPIDER:1
1846,0,0,true,,,cascade,utility,3,75,116741898042,116741841303,3,0,BLUE,false,0,9,2,3,GOBLIN:8;MAGE:7,SCORPION_RIDER:9;SPIDER:1
1847,0,0,true,,,utility,cascade,3,75,116741905961,116741947524,18,0,GREEN,false,4,0,2,3,GOBLIN:11;GOLEM:4,ARCHER:7;SPIDER:11
1848,0,0,true,,,cascade,utility,3,75,116741905961,116741947524,6,0,GREEN,false,10,0,2,3,GOBLIN:11;GOLEM:4,ARCHER:7;SPIDER:11
1849,0,0,true,,,utility,utility,3,75,116749817042,116749765247,15,0,BLUE,false,0,6,3,4,ARCHER:1;GOBLIN:11;MAGE:5,GARGOYLE:7;GOBLIN:2;GOLEM:2
1850,0,0,true,,,utility,utility,3,75,116749817042,116749765247,21,0,BLUE,false,0,7,3,4,ARCHER:1;GOBLIN:11;MAGE:5,GARGOYLE:7;GOBLIN:2;GOLEM:2
1851,0,0,true,,,utility,utility,3,75,116749824961,116749774188,5,0,BLUE,false,0,5,2,2,ASSASSIN:8;GOBLIN:6,ARCHER:3;ASSASSIN:8
1852,0,0,true,,,utility,utility,3,75,116749824961,116749774188,5,0,BLUE,false,0,6,2,2,ASSASSIN:8;GOBLIN:6,ARCHER:3;ASSASSIN:8
1853,0,0,true,,,utility,utility,3,75,116757736042,116757722311,16,0,GREEN,false,5,0,2,4,GARGOYLE:6;SCORPION_RIDER:4,ASSASSIN:4;GARGOYLE:5;MAGE:1;SPIDER:1
1854,0,0,true,,,utility,utility,3,75,116757736042,116757722311,10,0,GREEN,false,8,0,2,4,GARGOYLE:6;SCORPION_RIDER:4,ASSASSIN:4;GARGOYLE:5;MAGE:1;SPIDER:1
1855,0,0,true,,,utility,utility,3,75,116757743961,116757698548,6,0,GREEN,false,9,0,3,3,GOBLIN:1;SCORPION_RIDER:9,ASSASSIN:10;GOBLIN:1
1856,0,0,true,,,utility,utility,3,75,116757743961,116757698548,6,0,GREEN,false,9,0,3,3,GOBLIN:1;SCORPION_RIDER:9,ASSASSIN:10;GOBLIN:1
1857,0,0,true,,,utility,utility,3,75,116765655042,116765646511,21,0,,false,1,3,2,2,ARCHER:3;ASSASSIN:8,ASSASSIN:5;GOLEM:4
1858,0,0,true,,,utility,utility,3,75,116765655042,116765646511,21,0,,false,1,3,2,2,ARCHER:3;ASSASSIN:8,ASSASSIN:5;GOLEM:4
1859,0,0,true,,,utility,utility,3,75,116765662961,116765638748,8,0,GREEN,false,3,0,2,3,ASSASSIN:7;SCORPION_RIDER:3,ARCHER:1;GOLEM:2;MAGE:7
1860,0,0,true,,,utility,utility,3,75,116765662961,116765638748,10,0,GREEN,false,3,0,2,3,ASSASSIN:7;SCORPION_RIDER:3,ARCHER:1;GOLEM:2;MAGE:7
1861,0,0,true,,,utility,utility,3,75,116773574042,116773587767,20,0,BLUE,false,0,3,2,3,GARGOYLE:5;GOLEM:4,ARCHER:12;GOBLIN:1
1862,0,0,true,,,utility,utility,3,75,116773574042,116773587767,25,0,,false,6,4,2,3,GARGOYLE:5;GOLEM:4,ARCHER:12;GOBLIN:1
1863,0,0,true,,,utility,utility,3,75,116773581961,116773595684,12,0,,false,11,15,3,2,GOBLIN:1;MAGE:10,GOBLIN:11;GOLEM:4
1864,0,0,true,,,utility,utility,3,75,116773581961,116773595684,12,0,,false,11,15,3,2,GOBLIN:1;MAGE:10,GOBLIN:11;GOLEM:4
1865,0,0,true,,,utility,cascade,3,75,116781493042,116781544863,12,0,GREEN,false,5,0,3,3,SCORPION_RIDER:3;SPIDER:17,GOBLIN:1;SCORPION_RIDER:4;SPIDER:13
1866,0,0,true,,,cascade,utility,3,75,116781493042,116781544863,18,0,GREEN,false,3,0,3,3,SCORPION_RIDER:3;SPIDER:17,GOBLIN:1;SCORPION_RIDER:4;SPIDER:13
1867,0,0,true,,,utility,cascade,3,75,116781500961,116781520012,15,0,BLUE,false,0,5,3,4,ARCHER:1;GOBLIN:8;SPIDER:15,GARGOYLE:3;SCORPION_RIDER:6;SPIDER:2
1868,0,0,true,,,cascade,utility,3,75,116781500961,116781520012,24,0,GREEN,false,8,0,3,4,ARCHER:1;GOBLIN:8;SPIDER:15,GARGOYLE:3;SCORPION_RIDER:6;SPIDER:2
1869,0,0,true,,,utility,cascade,3,75,116789412042,116789468775,13,0,GREEN,false,3,0,3,3,ASSASSIN:5;GARGOYLE:5;SPIDER:1,GOBLIN:6;MAGE:8
1870,0,0,true,,,cascade,utility,3,75,116789412042,116789468775,13,0,BLUE,false,0,8,3,3,ASSASSIN:5;GARGOYLE:5;SPIDER:1,GOBLIN:6;MAGE:8
1871,0,0,true,,,utility,cascade,3,75,116789419961,116789461268,6,0,GREEN,false,14,0,2,3,ARCHER:7;GOBLIN:11,GOBLIN:3;MAGE:6;SCORPION_RIDER:3
1872,0,0,true,,,cascade,utility,3,75,116789419961,116789461268,10,0,GREEN,false,5,0,2,3,ARCHER:7;GOBLIN:11,GOBLIN:3;MAGE:6;SCORPION_RIDER:3
1873,0,0,true,,,utility,cascade,3,75,116797331042,116797278415,13,0,BLUE,false,0,5,2,3,ARCHER:4;MAGE:7,ARCHER:5;GARGOYLE:5;GOBLIN:3
1874,0,0,true,,,cascade,utility,3,75,116797331042,116797278415,12,0,BLUE,false,0,5,2,3,ARCHER:4;MAGE:7,ARCHER:5;GARGOYLE:5;GOBLIN:3
1875,0,0,true,,,utility,cascade,3,75,116797338961,116797287420,7,0,GREEN,false,9,0,3,4,ARCHER:4;GOBLIN:1;SCORPION_RIDER:6,ARCHER:1;GOBLIN:23
1876,0,0,true,,,cascade,utility,3,75,116797338961,116797287420,14,0,GREEN,false,10,0,3,4,ARCHER:4;GOBLIN:1;SCORPION_RIDER:6,ARCHER:1;GOBLIN:23
1877,0,0,true,,,utility,cascade,3,75,117533798042,117533814839,14,0,GREEN,false,6,0,3,3,GARGOYLE:6;GOBLIN:11,ARCHER:1;GOLEM:2;SCORPION_RIDER:6
1878,0,0,true,,,cascade,utility,3,75,117533798042,117533814839,22,0,GREEN,false,4,0,3,3,GARGOYLE:6;GOBLIN:11,ARCHER:1;GOLEM:2;SCORPION_RIDER:6
1879,0,0,true,,,utility,cascade,3,75,117533805961,117533791012,11,0,BLUE,false,0,13,3,3,ASSASSIN:1;GARGOYLE:4;SCORPION_RIDER:5,ARCHER:1;SCORPION_RIDER:3;SPIDER:15
1880,0,0,true,,,cascade,utility,3,75,117533805961,117533791012,14,0,GREEN,false,4,0,3,3,ASSASSIN:1;GARGOYLE:4;SCORPION_RIDER:5,ARCHER:1;SCORPION_RIDER:3;SPIDER:15
1881,0,0,true,,,utility,cascade,3,75,117541717042,117541739167,9,0,BLUE,false,0,13,3,4,ASSASSIN:8;GOBLIN:6,ARCHER:2;GOBLIN:11;GOLEM:3
1882,0,0,true,,,cascade,utility,3,75,117541717042,117541739167,5,0,BLUE,false,0,7,3,4,ASSASSIN:8;GOBLIN:6,ARCHER:2;GOBLIN:11;GOLEM:3
1883,0,0,true,,,utility,cascade,3,75,117541724961,117541748108,19,0,BLUE,false,0,6,3,3,GARGOYLE:3;GOBLIN:1;MAGE:7,GARGOYLE:10;GOBLIN:1
1884,0,0,true,,,cascade,utility,3,75,117541724961,117541748108,12,0,BLUE,false,0,10,3,3,GARGOYLE:3;GOBLIN:1;MAGE:7,GARGOYLE:10;GOBLIN:1
1885,0,0,true,,,utility,cascade,3,75,117549636042,117549680487,14,0,GREEN,false,2,0,2,3,GOBLIN:11;GOLEM:4,GOBLIN:12;GOLEM:3;MAGE:1
1886,0,0,true,,,cascade,utility,3,75,117549636042,117549680487,11,0,GREEN,false,3,0,2,3,GOBLIN:11;GOLEM:4,GOBLIN:12;GOLEM:3;MAGE:1
1887,0,0,true,,,utility,cascade,3,75,117549643961,117549688340,5,0,BLUE,false,0,7,2,3,ASSASSIN:7;SCORPION_RIDER:3,GARGOYLE:3;GOBLIN:2;SCORPION_RIDER:6
1888,0,0,true,,,cascade,utility,3,75,117549643961,117549688340,3,0,BLUE,false,0,10,2,3,ASSASSIN:7;SCORPION_RIDER:3,GARGOYLE:3;GOBLIN:2;SCORPION_RIDER:6
1889,0,0,true,,,utility,utility,3,75,117557555042,117557506511,25,0,,false,2,14,3,3,MAGE:10;SPIDER:1,GOBLIN:12;SCORPION_RIDER:4;SPIDER:2
1890,0,0,true,,,utility,utility,3,75,117557555042,117557506511,25,0,,false,2,14,3,3,MAGE:10;SPIDER:1,GOBLIN:12;SCORPION_RIDER:4;SPIDER:2
1891,0,0,true,,,utility,utility,3,75,117557562961,117557612796,12,0,,false,10,16,3,4,GARGOYLE:9;GOLEM:1,ARCHER:1;GARGOYLE:6;GOBLIN:8;SPIDER:1
1892,0,0,true,,,utility,utility,3,75,117557562961,117557612796,12,0,,false,10,16,3,4,GARGOYLE:9;GOLEM:1,ARCHER:1;GARGOYLE:6;GOBLIN:8;SPIDER:1
1893,0,0,true,,,utility,cascade,3,75,117565474042,117565430359,7,0,GREEN,false,3,0,3,3,ASSASSIN:8;GOBLIN:3;GOLEM:1,ASSASSIN:10;SPIDER:1
1894,0,0,true,,,cascade,utility,3,75,117565474042,117565430359,10,0,GREEN,false,5,0,3,3,ASSASSIN:8;GOBLIN:3;GOLEM:1,ASSASSIN:10;SPIDER:1
1895,0,0,true,,,utility,cascade,3,75,117565481961,117565439300,17,0,BLUE,false,0,3,3,3,ASSASSIN:8;GOBLIN:6,GOBLIN:7;MAGE:7;SPIDER:1
1896,0,0,true,,,cascade,utility,3,75,117565481961,117565439300,8,0,GREEN,false,9,0,3,3,ASSASSIN:8;GOBLIN:6,GOBLIN:7;MAGE:7;SPIDER:1
1897,0,0,true,,,utility,cascade,3,75,117573393042,117573370943,25,0,BLUE,false,0,3,3,3,GARGOYLE:5;GOBLIN:1;SPIDER:12,ARCHER:8;GARGOYLE:3;GOBLIN:2
1898,0,0,true,,,cascade,utility,3,75,117573393042,117573370943,15,0,BLUE,false,0,8,3,3,GARGOYLE:5;GOBLIN:1;SPIDER:12,ARCHER:8;GARGOYLE:3;GOBLIN:2
1899,0,0,true,,,utility,cascade,3,75,117573400961,117573379884,8,0,GREEN,false,16,0,2,4,GARGOYLE:5;SPIDER:13,GARGOYLE:2;SCORPION_RIDER:5;SPIDER:7
1900,0,0,true,,,cascade,utility,3,75,117573400961,117573379884,17,0,BLUE,false,0,2,2,4,GARGOYLE:5;SPIDER:13,GARGOYLE:2;SCORPION_RIDER:5;SPIDER:7
1901,0,0,true,,,utility,utility,3,75,117581312042,117581328007,15,0,,false,9,16,2,3,GARGOYLE:5;GOLEM:4,ARCHER:6;GOBLIN:10;MAGE:1
1902,0,0,true,,,utility,utility,3,75,117581312042,117581328007,15,0,,false,9,16,2,3,GARGOYLE:5;GOLEM:4,ARCHER:6;GOBLIN:10;MAGE:1
1903,0,0,true,,,utility,utility,3,75,117581319961,117581304244,22,0,,false,1,7,3,3,GOBLIN:3;GOLEM:1;MAGE:8,GOBLIN:1;MAGE:10
1904,0,0,true,,,utility,utility,3,75,117581319961,117581304244,46,0,,false,3,5,3,3,GOBLIN:3;GOLEM:1;MAGE:8,GOBLIN:1;MAGE:10
1905,0,0,true,,,utility,cascade,3,75,117589231042,117589252975,15,0,BLUE,false,0,3,2,3,GOBLIN:8;MAGE:7,ASSASSIN:7;GARGOYLE:3;SPIDER:1
1906,0,0,true,,,cascade,utility,3,75,117589231042,117589252975,12,0,GREEN,false,6,0,2,3,GOBLIN:8;MAGE:7,ASSASSIN:7;GARGOYLE:3;SPIDER:1
1907,0,0,true,,,utility,cascade,3,75,117589238961,117589260828,18,0,GREEN,false,2,0,3,3,GARGOYLE:10;SPIDER:1,ARCHER:7;GARGOYLE:3;SPIDER:4
1908,0,0,true,,,cascade,utility,3,75,117589238961,117589260828,18,0,GREEN,false,6,0,3,3,GARGOYLE:10;SPIDER:1,ARCHER:7;GARGOYLE:3;SPIDER:4
1909,0,0,true,,,utility,utility,3,75,118325698042,118325642071,18,0,,false,3,10,2,2,ASSASSIN:7;SCORPION_RIDER:3,ARCHER:7;SCORPION_RIDER:4
1910,0,0,true,,,utility,utility,3,75,118325698042,118325642071,18,0,,false,3,10,2,2,ASSASSIN:7;SCORPION_RIDER:3,ARCHER:7;SCORPION_RIDER:4
1911,0,0,true,,,utility,utility,3,75,118325705961,118325649988,20,0,GREEN,false,6,0,2,3,GOBLIN:9;SCORPION_RIDER:6,ASSASSIN:2;SCORPION_RIDER:5;SPIDER:7
1912,0,0,true,,,utility,utility,3,75,118325705961,118325649988,20,0,GREEN,false,6,0,2,3,GOBLIN:9;SCORPION_RIDER:6,ASSASSIN:2;SCORPION_RIDER:5;SPIDER:7
1913,0,0,true,,,utility,utility,3,75,118333617042,118333599039,16,0,,false,7,17,3,2,ASSASSIN:7;GOBLIN:7;SPIDER:1,GOLEM:3;SPIDER:15
1914,0,0,true,,,utility,utility,3,75,118333617042,118333599039,16,0,,false,8,18,3,2,ASSASSIN:7;GOBLIN:7;SPIDER:1,GOLEM:3;SPIDER:15
1915,0,0,true,,,utility,utility,3,75,118333624961,118333574188,22,0,,false,5,14,3,3,ASSASSIN:5;GARGOYLE:5;GOBLIN:1,GOBLIN:1;MAGE:7;SPIDER:7
1916,0,0,true,,,utility,utility,3,75,118333624961,118333574188,20,0,,false,5,14,3,3,ASSASSIN:5;GARGOYLE:5;GOBLIN:1,GOBLIN:1;MAGE:7;SPIDER:7
1917,0,0,true,,,utility,utility,3,75,118341536042,118341523335,4,0,GREEN,false,11,0,2,3,GOBLIN:11;GOLEM:4,ASSASSIN:7;SPIDER:8
1918,0,0,true,,,utility,utility,3,75,118341536042,118341523335,4,0,GREEN,false,11,0,2,3,GOBLIN:11;GOLEM:4,ASSASSIN:7;SPIDER:8
1919,0,0,true,,,utility,utility,3,75,118341543961,118341531316,23,0,BLUE,false,0,6,3,2,GARGOYLE:6;MAGE:4;SPIDER:1,ARCHER:7;SPIDER:11
1920,0,0,true,,,utility,utility,3,75,118341543961,118341531316,23,0,BLUE,false,0,6,3,2,GARGOYLE:6;MAGE:4;SPIDER:1,ARCHER:7;SPIDER:11
1921,0,0,true,,,utility,utility,3,75,118349455042,118349463663,24,0,,false,8,5,3,3,GOBLIN:9;SCORPION_RIDER:6,GARGOYLE:4;SPIDER:15
1922,0,0,true,,,utility,utility,3,75,118349455042,118349463663,24,0,,false,8,5,3,3,GOBLIN:9;SCORPION_RIDER:6,GARGOYLE:4;SPIDER:15
1923,0,0,true,,,utility,utility,3,75,118349462961,118349472540,12,0,,false,9,8,2,3,GARGOYLE:5;GOLEM:4,GOBLIN:1;GOLEM:7
1924,0,0,true,,,utility,utility,3,75,118349462961,118349472540,12,0,,false,9,8,2,3,GARGOYLE:5;GOLEM:4,GOBLIN:1;GOLEM:7
1925,0,0,true,,,utility,cascade,3,75,118357374042,118357420791,17,0,BLUE,false,0,17,3,3,MAGE:2;SPIDER:20,GARGOYLE:5;GOBLIN:13
1926,0,0,true,,,cascade,utility,3,75,118357374042,118357420791,16,0,GREEN,false,13,0,3,3,MAGE:2;SPIDER:20,GARGOYLE:5;GOBLIN:13
1927,0,0,true,,,utility,cascade,3,75,118357381961,118357396964,13,0,GREEN,false,5,0,3,3,ASSASSIN:2;GOBLIN:12;SCORPION_RIDER:3,ASSASSIN:1;GOLEM:4;SPIDER:9
1928,0,0,true,,,cascade,utility,3,75,118357381961,118357396964,10,0,GREEN,false,8,0,3,3,ASSASSIN:2;GOBLIN:12;SCORPION_RIDER:3,ASSASSIN:1;GOLEM:4;SPIDER:9
1929,0,0,true,,,utility,cascade,3,75,118365293042,118365345631,27,0,GREEN,false,3,0,3,4,ARCHER:1;GARGOYLE:4;GOLEM:4,ASSASSIN:1;GARGOYLE:5;GOBLIN:10;SPIDER:1
1930,0,0,true,,,cascade,utility,3,75,118365293042,118365345631,9,0,BLUE,false,0,11,3,4,ARCHER:1;GARGOYLE:4;GOLEM:4,ASSASSIN:1;GARGOYLE:5;GOBLIN:10;SPIDER:1
1931,0,0,true,,,utility,cascade,3,75,118365300961,118365353548,7,0,BLUE,false,0,10,4,4,ARCHER:1;GOLEM:2;MAGE:7,ARCHER:1;GOBLIN:9;GOLEM:4
1932,0,0,true,,,cascade,utility,3,75,118365300961,118365353548,5,0,BLUE,false,0,12,4,4,ARCHER:1;GOLEM:2;MAGE:7,ARCHER:1;GOBLIN:9;GOLEM:4
1933,0,0,true,,,utility,cascade,3,75,118373212042,118373155111,10,0,GREEN,false,8,0,3,2,ARCHER:8;SPIDER:9,ASSASSIN:5;GOLEM:4
1934,0,0,true,,,cascade,utility,3,75,118373212042,118373155111,15,0,BLUE,false,0,4,3,2,ARCHER:8;SPIDER:9,ASSASSIN:5;GOLEM:4
1935,0,0,true,,,utility,cascade,3,75,118373219961,118373163220,17,0,BLUE,false,0,6,2,2,GOLEM:3;SPIDER:15,ARCHER:4;MAGE:7
1936,0,0,true,,,cascade,utility,3,75,118373219961,118373163220,12,0,BLUE,false,0,9,2,2,GOLEM:3;SPIDER:15,ARCHER:4;MAGE:7
1937,0,0,true,,,utility,cascade,3,75,118381131042,118381112207,8,0,GREEN,false,9,0,2,2,GARGOYLE:5;SCORPION_RIDER:5,ASSASSIN:7;SPIDER:8
1938,0,0,true,,,cascade,utility,3,75,118381131042,118381112207,8,0,GREEN,false,8,0,2,2,GARGOYLE:5;SCORPION_RIDER:5,ASSASSIN:7;SPIDER:8
1939,0,0,true,,,utility,cascade,3,75,118381138961,118381087420,16,0,GREEN,false,5,0,3,4,ARCHER:1;MAGE:3;SCORPION_RIDER:6,ARCHER:5;GOBLIN:15
1940,0,0,true,,,cascade,utility,3,75,118381138961,118381087420,16,0,GREEN,false,4,0,3,4,ARCHER:1;MAGE:3;SCORPION_RIDER:6,ARCHER:5;GOBLIN:15
1941,0,0,true,,,utility,cascade,3,75,38739748042,38739737191,23,0,BLUE,false,0,4,3,4,ARCHER:2;MAGE:8;SPIDER:2,ARCHER:5;GOLEM:4;SPIDER:1
1942,0,0,true,,,cascade,utility,3,75,38739748042,38739737191,19,0,BLUE,false,0,4,3,4,ARCHER:2;MAGE:8;SPIDER:2,ARCHER:5;GOLEM:4;SPIDER:1
1943,0,0,true,,,utility,cascade,3,75,38739755961,38739713300,25,0,BLUE,false,0,5,3,3,GOBLIN:11;GOLEM:4,GARGOYLE:3;SCORPION_RIDER:6;SPIDER:2
1944,0,0,true,,,cascade,utility,3,75,38739755961,38739713300,23,0,BLUE,false,0,5,3,3,GOBLIN:11;GOLEM:4,GARGOYLE:3;SCORPION_RIDER:6;SPIDER:2
1945,0,0,true,,,utility,utility,3,75,39008994042,39009049687,9,0,BLUE,false,0,13,3,2,ASSASSIN:10;SPIDER:1,GOBLIN:9;SPIDER:16
1946,0,0,true,,,utility,utility,3,75,39008994042,39009049687,9,0,BLUE,false,0,13,3,2,ASSASSIN:10;SPIDER:1,GOBLIN:9;SPIDER:16
1947,0,0,true,,,utility,utility,3,75,39009001961,39009058628,26,0,,false,3,6,3,3,ASSASSIN:8;GARGOYLE:2;SPIDER:1,ASSASSIN:4;GARGOYLE:6;SPIDER:1
1948,0,0,true,,,utility,utility,3,75,39009001961,39009058628,26,0,,false,3,6,3,3,ASSASSIN:8;GARGOYLE:2;SPIDER:1,ASSASSIN:4;GARGOYLE:6;SPIDER:1
1949,0,0,true,,,utility,utility,3,75,39143617042,39143664831,37,0,BLUE,false,0,18,3,2,GOBLIN:11;MAGE:6,ARCHER:5;SPIDER:15
1950,0,0,true,,,utility,utility,3,75,39143617042,39143664831,37,0,BLUE,false,0,18,3,2,GOBLIN:11;MAGE:6,ARCHER:5;SPIDER:15
1951,0,0,true,,,utility,utility,3,75,39143624961,39143641004,13,0,BLUE,false,0,7,3,3,GOBLIN:12;MAGE:1;SCORPION_RIDER:4,ARCHER:8;GOBLIN:7;SPIDER:2
1952,0,0,true,,,utility,utility,3,75,39143624961,39143641004,13,0,BLUE,false,0,7,3,3,GOBLIN:12;MAGE:1;SCORPION_RIDER:4,ARCHER:8;GOBLIN:7;SPIDER:2
1953,0,0,true,,,utility,utility,3,75,39278240042,39278264199,9,0,BLUE,false,0,3,3,2,GARGOYLE:1;GOLEM:2;SCORPION_RIDER:6,GOBLIN:12;SPIDER:13
1954,0,0,true,,,utility,utility,3,75,39278240042,39278264199,9,0,BLUE,false,0,3,3,2,GARGOYLE:1;GOLEM:2;SCORPION_RIDER:6,GOBLIN:12;SPIDER:13
1955,0,0,true,,,utility,utility,3,75,39278247961,39278239412,21,0,,false,3,9,2,4,MAGE:7;SCORPION_RIDER:3,ARCHER:9;ASSASSIN:2;GARGOYLE:1
1956,0,0,true,,,utility,utility,3,75,39278247961,39278239412,21,0,,false,3,9,2,4,MAGE:7;SCORPION_RIDER:3,ARCHER:9;ASSASSIN:2;GARGOYLE:1
1957,0,0,true,,,utility,cascade,3,75,119117598042,119117616119,18,0,GREEN,false,2,0,3,2,GARGOYLE:6;GOBLIN:1;GOLEM:3,GARGOYLE:6;SPIDER:11
1958,0,0,true,,,cascade,utility,3,75,119117598042,119117616119,18,0,GREEN,false,6,0,3,2,GARGOYLE:6;GOBLIN:1;GOLEM:3,GARGOYLE:6;SPIDER:11
1959,0,0,true,,,utility,cascade,3,75,119117605961,119117624036,16,0,GREEN,false,9,0,3,3,ARCHER:11;GOBLIN:3,ARCHER:5;GARGOYLE:6;GOBLIN:1
1960,0,0,true,,,cascade,utility,3,75,119117605961,119117624036,9,0,BLUE,false,0,5,3,3,ARCHER:11;GOBLIN:3,ARCHER:5;GARGOYLE:6;GOBLIN:1
1961,0,0,true,,,utility,cascade,3,75,119125517042,119125572703,6,0,BLUE,false,0,8,2,3,MAGE:7;SCORPION_RIDER:3,ARCHER:6;GARGOYLE:5;GOBLIN:1
1962,0,0,true,,,cascade,utility,3,75,119125517042,119125572703,5,0,BLUE,false,0,11,2,3,MAGE:7;SCORPION_RIDER:3,ARCHER:6;GARGOYLE:5;GOBLIN:1
1963,0,0,true,,,utility,cascade,3,75,119125524961,119125548876,5,0,BLUE,false,0,15,2,3,ARCHER:4;MAGE:7,ASSASSIN:5;GOBLIN:13
1964,0,0,true,,,cascade,utility,3,75,119125524961,119125548876,7,0,BLUE,false,0,15,2,3,ARCHER:4;MAGE:7,ASSASSIN:5;GOBLIN:13
1965,0,0,true,,,utility,utility,3,75,119133436042,119133382183,15,0,BLUE,false,0,7,2,3,ASSASSIN:4;SPIDER:15,GARGOYLE:10;GOBLIN:1
1966,0,0,true,,,utility,utility,3,75,119133436042,119133382183,15,0,BLUE,false,0,6,2,3,ASSASSIN:4;SPIDER:15,GARGOYLE:10;GOBLIN:1
1967,0,0,true,,,utility,utility,3,75,119133443961,119133489620,12,0,,false,17,15,3,2,GARGOYLE:6;GOBLIN:5;SPIDER:6,GOBLIN:11;GOLEM:4
1968,0,0,true,,,utility,utility,3,75,119133443961,119133489620,12,0,,false,17,15,3,2,GARGOYLE:6;GOBLIN:5;SPIDER:6,GOBLIN:11;GOLEM:4
1969,0,0,true,,,utility,cascade,3,75,119141355042,119141306511,6,0,GREEN,false,4,0,2,3,MAGE:5;SCORPION_RIDER:5,ASSASSIN:8;SCORPION_RIDER:2;SPIDER:1
1970,0,0,true,,,cascade,utility,3,75,119141355042,119141306511,6,0,GREEN,false,10,0,2,3,MAGE:5;SCORPION_RIDER:5,ASSASSIN:8;SCORPION_RIDER:2;SPIDER:1
1971,0,0,true,,,utility,cascade,3,75,119141362961,119141315516,10,0,GREEN,false,4,0,3,2,ARCHER:7;ASSASSIN:4;GOBLIN:1,ARCHER:5;SPIDER:15
1972,0,0,true,,,cascade,utility,3,75,119141362961,119141315516,9,0,BLUE,false,0,4,3,2,ARCHER:7;ASSASSIN:4;GOBLIN:1,ARCHER:5;SPIDER:15
1973,0,0,true,,,utility,utility,3,75,119149274042,119149264151,19,0,,false,8,1,3,3,GARGOYLE:3;GOBLIN:2;SCORPION_RIDER:6,ASSASSIN:10;SPIDER:1
1974,0,0,true,,,utility,utility,3,75,119149274042,119149264151,19,0,,false,8,1,3,3,GARGOYLE:3;GOBLIN:2;SCORPION_RIDER:6,ASSASSIN:10;SPIDER:1
1975,0,0,true,,,utility,utility,3,75,119149281961,119149239300,30,0,,false,1,4,3,3,ASSASSIN:7;GOBLIN:1;SPIDER:7,ARCHER:5;GOLEM:4;SPIDER:1
1976,0,0,true,,,utility,utility,3,75,119149281961,119149239300,26,0,,false,1,4,3,3,ASSASSIN:7;GOBLIN:1;SPIDER:7,ARCHER:5;GOLEM:4;SPIDER:1
1977,0,0,true,,,utility,utility,3,75,119157193042,119157204991,11,0,BLUE,false,0,6,4,3,GOBLIN:13;MAGE:4;SCORPION_RIDER:1,ARCHER:7;GOBLIN:1;SPIDER:10
1978,0,0,true,,,utility,utility,3,75,119157193042,119157204991,15,0,BLUE,false,0,7,4,3,GOBLIN:13;MAGE:4;SCORPION_RIDER:1,ARCHER:7;GOBLIN:1;SPIDER:10
1979,0,0,true,,,utility,utility,3,75,119157200961,119157180140,14,0,,false,11,25,3,3,ASSASSIN:6;GOBLIN:11,GOBLIN:24;SPIDER:1
1980,0,0,true,,,utility,utility,3,75,119157200961,119157180140,14,0,,false,11,25,3,3,ASSASSIN:6;GOBLIN:11,GOBLIN:24;SPIDER:1
1981,0,0,true,,,utility,cascade,3,75,119165112042,119165128775,13,0,BLUE,false,0,8,3,2,GARGOYLE:5;GOBLIN:3;SPIDER:10,ASSASSIN:8;SPIDER:6
1982,0,0,true,,,cascade,utility,3,75,119165112042,119165128775,14,0,GREEN,false,5,0,3,2,GARGOYLE:5;GOBLIN:3;SPIDER:10,ASSASSIN:8;SPIDER:6
1983,0,0,true,,,utility,cascade,3,75,119165119961,119165137780,15,0,BLUE,false,0,4,3,2,ASSASSIN:3;SPIDER:18,GOBLIN:11;GOLEM:4
1984,0,0,true,,,cascade,utility,3,75,119165119961,119165137780,17,0,BLUE,false,0,4,3,2,ASSASSIN:3;SPIDER:18,GOBLIN:11;GOLEM:4
1985,0,0,true,,,utility,utility,3,75,119173031042,119173085743,20,0,,false,9,9,3,3,ARCHER:6;GOBLIN:13,ARCHER:8;SCORPION_RIDER:3;SPIDER:1
1986,0,0,true,,,utility,utility,3,75,119173031042,119173085743,20,0,,false,9,9,3,3,ARCHER:6;GOBLIN:13,ARCHER:8;SCORPION_RIDER:3;SPIDER:1
1987,0,0,true,,,utility,utility,3,75,119173038961,119173062108,7,0,BLUE,false,0,7,3,3,GOBLIN:10;MAGE:6;SPIDER:1,ASSASSIN:5;GOBLIN:10;SPIDER:3
1988,0,0,true,,,utility,utility,3,75,119173038961,119173062108,7,0,BLUE,false,0,7,3,3,GOBLIN:10;MAGE:6;SPIDER:1,ASSASSIN:5;GOBLIN:10;SPIDER:3
1989,0,0,true,,,utility,cascade,3,75,119909498042,119909474839,14,0,BLUE,false,0,3,3,3,ARCHER:7;ASSASSIN:4;SPIDER:1,SPIDER:25
1990,0,0,true,,,cascade,utility,3,75,119909498042,119909474839,14,0,GREEN,false,2,0,3,3,ARCHER:7;ASSASSIN:4;SPIDER:1,SPIDER:25
1991,0,0,true,,,utility,cascade,3,75,119909505961,119909451012,12,0,GREEN,false,7,0,3,3,GARGOYLE:3;GOBLIN:2;SCORPION_RIDER:6,ARCHER:12;SPIDER:1
1992,0,0,true,,,cascade,utility,3,75,119909505961,119909451012,6,0,GREEN,false,9,0,3,3,GARGOYLE:3;GOBLIN:2;SCORPION_RIDER:6,ARCHER:12;SPIDER:1
1993,0,0,true,,,utility,utility,3,75,119917417042,119917399295,5,0,BLUE,false,0,11,2,3,ARCHER:3;MAGE:8,ASSASSIN:8;GOBLIN:1;SCORPION_RIDER:2
1994,0,0,true,,,utility,utility,3,75,119917417042,119917399295,5,0,BLUE,false,0,11,2,3,ARCHER:3;MAGE:8,ASSASSIN:8;GOBLIN:1;SCORPION_RIDER:2
1995,0,0,true,,,utility,utility,3,75,119917424961,119917408236,20,0,,false,5,11,3,3,GARGOYLE:5;GOLEM:4,ASSASSIN:5;GOBLIN:13
1996,0,0,true,,,utility,utility,3,75,119917424961,119917408236,20,0,,false,5,11,3,3,GARGOYLE:5;GOLEM:4,ASSASSIN:5;GOBLIN:13
1997,0,0,true,,,utility,utility,3,75,119925336042,119925356871,19,0,BLUE,false,0,4,3,3,ARCHER:6;GOBLIN:10;SPIDER:3,GARGOYLE:5;GOBLIN:2;SCORPION_RIDER:4
1998,0,0,true,,,utility,utility,3,75,119925336042,119925356871,19,0,BLUE,false,0,4,3,3,ARCHER:6;GOBLIN:10;SPIDER:3,GARGOYLE:5;GOBLIN:2;SCORPION_RIDER:4
1999,0,0,true,,,utility,utility,3,75,119925343961,119925332084,22,0,,false,18,5,2,3,SPIDER:25,ASSASSIN:5;SCORPION_RIDER:5
2000,0,0,true,,,utility,utility,3,75,119925343961,119925332084,23,0,,false,21,5,2,3,SPIDER:25,ASSASSIN:5;SCORPION_RIDER:5
2001,0,0,true,,,utility,cascade,3,75,119933255042,119933297455,15,0,BLUE,false,0,8,3,2,ASSASSIN:3;GOBLIN:2;SPIDER:16,ASSASSIN:5;SPIDER:13
2002,0,0,true,,,cascade,utility,3,75,119933255042,119933297455,8,0,GREEN,false,11,0,3,2,ASSASSIN:3;GOBLIN:2;SPIDER:16,ASSASSIN:5;SPIDER:13
2003,0,0,true,,,utility,cascade,3,75,119933262961,119933272796,25,0,BLUE,false,0,11,3,3,GARGOYLE:6;SPIDER:11,GARGOYLE:4;GOBLIN:12;SPIDER:3
2004,0,0,true,,,cascade,utility,3,75,119933262961,119933272796,26,0,GREEN,false,14,0,3,3,GARGOYLE:6;SPIDER:11,GARGOYLE:4;GOBLIN:12;SPIDER:3
2005,0,0,true,,,utility,utility,3,75,119941174042,119941221815,13,0,BLUE,false,0,2,3,3,GOLEM:2;MAGE:1;SCORPION_RIDER:6,GOLEM:4;SCORPION_RIDER:4;SPIDER:1
2006,0,0,true,,,utility,utility,3,75,119941174042,119941221815,11,0,BLUE,false,0,3,3,3,GOLEM:2;MAGE:1;SCORPION_RIDER:6,GOLEM:4;SCORPION_RIDER:4;SPIDER:1
2007,0,0,true,,,utility,utility,3,75,119941181961,119941229732,12,0,,false,14,10,2,4,MAGE:8;SPIDER:6,ARCHER:4;GARGOYLE:1;GOBLIN:1;GOLEM:4
2008,0,0,true,,,utility,utility,3,75,119941181961,119941229732,12,0,,false,14,10,2,4,MAGE:8;SPIDER:6,ARCHER:4;GARGOYLE:1;GOBLIN:1;GOLEM:4
2009,0,0,true,,,utility,utility,3,75,119949093042,119949047327,16,0,,false,16,12,3,4,ARCHER:4;GOBLIN:1;SPIDER:16,ARCHER:6;GARGOYLE:5;SPIDER:1
2010,0,0,true,,,utility,utility,3,75,119949093042,119949047327,15,0,BLUE,false,0,10,3,4,ARCHER:4;GOBLIN:1;SPIDER:16,ARCHER:6;GARGOYLE:5;SPIDER:1
2011,0,0,true,,,utility,utility,3,75,119949100961,119949154572,30,0,,false,1,4,4,2,MAGE:8;SCORPION_RIDER:2;SPIDER:1,GOBLIN:11;GOLEM:4
2012,0,0,true,,,utility,utility,3,75,119949100961,119949154572,30,0,,false,1,4,4,2,MAGE:8;SCORPION_RIDER:2;SPIDER:1,GOBLIN:11;GOLEM:4
2013,0,0,true,,,utility,cascade,3,75,119957012042,119956988135,14,0,GREEN,false,8,0,4,4,GARGOYLE:9;GOBLIN:1;SCORPION_RIDER:1,ASSASSIN:1;GOLEM:4;SCORPION_RIDER:3;SPIDER:1
2014,0,0,true,,,cascade,utility,3,75,119957012042,119956988135,23,0,BLUE,false,0,3,4,4,GARGOYLE:9;GOBLIN:1;SCORPION_RIDER:1,ASSASSIN:1;GOLEM:4;SCORPION_RIDER:3;SPIDER:1
2015,0,0,true,,,utility,cascade,3,75,119957019961,119956964244,8,0,GREEN,false,6,0,5,2,ASSASSIN:1;GOBLIN:13;MAGE:3;SCORPION_RIDER:1,ASSASSIN:7;SCORPION_RIDER:3
2016,0,0,true,,,cascade,utility,3,75,119957019961,119956964244,8,0,GREEN,false,8,0,5,2,ASSASSIN:1;GOBLIN:13;MAGE:3;SCORPION_RIDER:1,ASSASSIN:7;SCORPION_RIDER:3
2017,0,0,true,,,utility,cascade,3,75,119964931042,119964912975,8,0,GREEN,false,4,0,3,2,ASSASSIN:7;GOBLIN:8,ARCHER:4;ASSASSIN:7
2018,0,0,true,,,cascade,utility,3,75,119964931042,119964912975,8,0,GREEN,false,2,0,3,2,ASSASSIN:7;GOBLIN:8,ARCHER:4;ASSASSIN:7
2019,0,0,true,,,utility,cascade,3,75,119964938961,119964920956,5,0,BLUE,false,0,5,3,2,MAGE:8;SCORPION_RIDER:2;SPIDER:1,ARCHER:4;ASSASSIN:7
2020,0,0,true,,,cascade,utility,3,75,119964938961,119964920956,6,0,GREEN,false,5,0,3,2,MAGE:8;SCORPION_RIDER:2;SPIDER:1,ARCHER:4;ASSASSIN:7
2021,0,0,true,,,utility,cascade,3,75,120701398042,120701448887,10,0,GREEN,false,8,0,3,3,GARGOYLE:4;GOLEM:4;SPIDER:2,ARCHER:2;ASSASSIN:1;MAGE:8
2022,0,0,true,,,cascade,utility,3,75,120701398042,120701448887,10,0,GREEN,false,8,0,3,3,GARGOYLE:4;GOLEM:4;SPIDER:2,ARCHER:2;ASSASSIN:1;MAGE:8
2023,0,0,true,,,utility,cascade,3,75,120701405961,120701425060,16,0,GREEN,false,1,0,4,3,GOBLIN:11;SCORPION_RIDER:5,GOBLIN:10;GOLEM:4;SPIDER:1
2024,0,0,true,,,cascade,utility,3,75,120701405961,120701425060,12,0,GREEN,false,4,0,4,3,GOBLIN:11;SCORPION_RIDER:5,GOBLIN:10;GOLEM:4;SPIDER:1
2025,0,0,true,,,utility,cascade,3,75,120709317042,120709373727,9,0,BLUE,false,0,8,4,3,ARCHER:1;GOBLIN:12;SPIDER:11,GOBLIN:1;SCORPION_RIDER:9
2026,0,0,true,,,cascade,utility,3,75,120709317042,120709373727,12,0,BLUE,false,0,3,4,3,ARCHER:1;GOBLIN:12;SPIDER:11,GOBLIN:1;SCORPION_RIDER:9
2027,0,0,true,,,utility,cascade,3,75,120709324961,120709381644,17,0,BLUE,false,0,7,3,3,ARCHER:1;SPIDER:23,ASSASSIN:4;GARGOYLE:6;GOBLIN:1
2028,0,0,true,,,cascade,utility,3,75,120709324961,120709381644,12,0,BLUE,false,0,6,3,3,ARCHER:1;SPIDER:23,ASSASSIN:4;GARGOYLE:6;GOBLIN:1
2029,0,0,true,,,utility,cascade,3,75,120717236042,120717183463,13,0,BLUE,false,0,8,4,3,ASSASSIN:4;GARGOYLE:5;GOBLIN:1;SCORPION_RIDER:1,MAGE:3;SPIDER:18
2030,0,0,true,,,cascade,utility,3,75,120717236042,120717183463,8,0,BLUE,false,0,10,4,3,ASSASSIN:4;GARGOYLE:5;GOBLIN:1;SCORPION_RIDER:1,MAGE:3;SPIDER:18
2031,0,0,true,,,utility,cascade,3,75,120717243961,120717191316,7,0,GREEN,false,7,0,2,3,ARCHER:7;SCORPION_RIDER:4,ASSASSIN:4;SCORPION_RIDER:1;SPIDER:13
2032,0,0,true,,,cascade,utility,3,75,120717243961,120717191316,6,0,GREEN,false,7,0,2,3,ARCHER:7;SCORPION_RIDER:4,ASSASSIN:4;SCORPION_RIDER:1;SPIDER:13
2033,0,0,true,,,utility,utility,3,75,120725155042,120725140047,3,0,GREEN,false,22,0,2,3,GOBLIN:10;SPIDER:15,ASSASSIN:8;GOLEM:1;SCORPION_RIDER:1
2034,0,0,true,,,utility,utility,3,75,120725155042,120725140047,3,0,GREEN,false,22,0,2,3,GOBLIN:10;SPIDER:15,ASSASSIN:8;GOLEM:1;SCORPION_RIDER:1
2035,0,0,true,,,utility,utility,3,75,120725162961,120725116284,14,0,,false,22,12,4,3,ASSASSIN:1;GOBLIN:6;SPIDER:16,ARCHER:8;SCORPION_RIDER:3;SPIDER:1
2036,0,0,true,,,utility,utility,3,75,120725162961,120725116284,14,0,,false,22,12,4,3,ASSASSIN:1;GOBLIN:6;SPIDER:16,ARCHER:8;SCORPION_RIDER:3;SPIDER:1
2037,0,0,true,,,utility,cascade,3,75,120733074042,120733064407,8,0,GREEN,false,10,0,3,3,GARGOYLE:5;SCORPION_RIDER:5,GARGOYLE:3;GOBLIN:1;MAGE:7
2038,0,0,true,,,cascade,utility,3,75,120733074042,120733064407,10,0,GREEN,false,9,0,3,3,GARGOYLE:5;SCORPION_RIDER:5,GARGOYLE:3;GOBLIN:1;MAGE:7
2039,0,0,true,,,utility,cascade,3,75,120733081961,120733073348,23,0,BLUE,false,0,16,3,2,ASSASSIN:8;GOBLIN:1;MAGE:2,GOBLIN:9;SPIDER:16
2040,0,0,true,,,cascade,utility,3,75,120733081961,120733073348,7,0,BLUE,false,0,19,3,2,ASSASSIN:8;GOBLIN:1;MAGE:2,GOBLIN:9;SPIDER:16
2041,0,0,true,,,utility,utility,3,75,120740993042,120741004991,9,0,BLUE,false,0,8,3,3,ASSASSIN:2;MAGE:8;SPIDER:1,ASSASSIN:8;SCORPION_RIDER:2;SPIDER:1
2042,0,0,true,,,utility,utility,3,75,120740993042,120741004991,9,0,BLUE,false,0,8,3,3,ASSASSIN:2;MAGE:8;SPIDER:1,ASSASSIN:8;SCORPION_RIDER:2;SPIDER:1
2043,0,0,true,,,utility,utility,3,75,120741000961,120741013932,22,0,,false,4,7,2,4,ASSASSIN:5;GOLEM:4,GOBLIN:1;GOLEM:5;MAGE:3
2044,0,0,true,,,utility,utility,3,75,120741000961,120741013932,22,0,,false,4,7,2,4,ASSASSIN:5;GOLEM:4,GOBLIN:1;GOLEM:5;MAGE:3
2045,0,0,true,,,utility,utility,3,75,120748912042,120748962567,12,0,,false,9,8,3,3,GOLEM:3;SCORPION_RIDER:5;SPIDER:1,GOBLIN:1;GOLEM:7
2046,0,0,true,,,utility,utility,3,75,120748912042,120748962567,12,0,,false,9,8,3,3,GOLEM:3;SCORPION_RIDER:5;SPIDER:1,GOBLIN:1;GOLEM:7
2047,0,0,true,,,utility,utility,3,75,120748919961,120748937780,13,0,BLUE,false,0,14,4,2,GOBLIN:11;MAGE:2;SCORPION_RIDER:3;SPIDER:1,SCORPION_RIDER:6;SPIDER:9
2048,0,0,true,,,utility,utility,3,75,120748919961,120748937780,13,0,BLUE,false,0,14,4,2,GOBLIN:11;MAGE:2;SCORPION_RIDER:3;SPIDER:1,SCORPION_RIDER:6;SPIDER:9
2049,0,0,true,,,utility,utility,3,75,120756831042,120756887023,9,0,BLUE,false,0,12,2,3,ARCHER:4;MAGE:7,ARCHER:7;GARGOYLE:4;SPIDER:1
2050,0,0,true,,,utility,utility,3,75,120756831042,120756887023,9,0,BLUE,false,0,12,2,3,ARCHER:4;MAGE:7,ARCHER:7;GARGOYLE:4;SPIDER:1
2051,0,0,true,,,utility,utility,3,75,120756838961,120756894876,13,0,GREEN,false,4,0,3,3,GOLEM:4;SCORPION_RIDER:4;SPIDER:1,GOBLIN:9;GOLEM:4;SCORPION_RIDER:1
2052,0,0,true,,,utility,utility,3,75,120756838961,120756894876,13,0,GREEN,false,4,0,3,3,GOLEM:4;SCORPION_RIDER:4;SPIDER:1,GOBLIN:9;GOLEM:4;SCORPION_RIDER:1
2053,0,0,true,,,utility,cascade,3,75,121493298042,121493276119,11,0,BLUE,false,0,8,2,3,ASSASSIN:5;GOLEM:4,GARGOYLE:10;GOBLIN:1
2054,0,0,true,,,cascade,utility,3,75,121493298042,121493276119,22,0,BLUE,false,0,4,2,3,ASSASSIN:5;GOLEM:4,GARGOYLE:10;GOBLIN:1
2055,0,0,true,,,utility,cascade,3,75,121493305961,121493284036,16,0,GREEN,false,6,0,3,4,ARCHER:7;GOBLIN:2;SPIDER:9,ASSASSIN:5;GARGOYLE:5;SPIDER:1
2056,0,0,true,,,cascade,utility,3,75,121493305961,121493284036,16,0,GREEN,false,7,0,3,4,ARCHER:7;GOBLIN:2;SPIDER:9,ASSASSIN:5;GARGOYLE:5;SPIDER:1
2057,0,0,true,,,utility,utility,3,75,121501217042,121501233087,19,0,BLUE,false,0,4,2,3,MAGE:7;SPIDER:8,ASSASSIN:4;GOLEM:4;MAGE:1
2058,0,0,true,,,utility,utility,3,75,121501217042,121501233087,19,0,BLUE,false,0,4,2,3,MAGE:7;SPIDER:8,ASSASSIN:4;GOLEM:4;MAGE:1
2059,0,0,true,,,utility,utility,3,75,121501224961,121501208236,17,0,BLUE,false,0,4,3,3,GARGOYLE:5;GOBLIN:12;SPIDER:1,GOBLIN:1;SCORPION_RIDER:9
2060,0,0,true,,,utility,utility,3,75,121501224961,121501208236,17,0,BLUE,false,0,4,3,3,GARGOYLE:5;GOBLIN:12;SPIDER:1,GOBLIN:1;SCORPION_RIDER:9
2061,0,0,true,,,utility,cascade,3,75,121509136042,121509156871,17,0,BLUE,false,0,3,3,3,GOBLIN:14;SCORPION_RIDER:4,ARCHER:8;GOBLIN:2;SPIDER:7
2062,0,0,true,,,cascade,utility,3,75,121509136042,121509156871,6,0,GREEN,false,13,0,3,3,GOBLIN:14;SCORPION_RIDER:4,ARCHER:8;GOBLIN:2;SPIDER:7
2063,0,0,true,,,utility,cascade,3,75,121509143961,121509165876,11,0,GREEN,false,14,0,3,3,ARCHER:1;GARGOYLE:6;GOBLIN:9,ARCHER:7;GOBLIN:1;MAGE:4
2064,0,0,true,,,cascade,utility,3,75,121509143961,121509165876,15,0,BLUE,false,0,7,3,3,ARCHER:1;GARGOYLE:6;GOBLIN:9,ARCHER:7;GOBLIN:1;MAGE:4
2065,0,0,true,,,utility,utility,3,75,121517055042,121517097711,12,0,GREEN,false,12,0,3,3,ARCHER:6;ASSASSIN:1;GOBLIN:10,ASSASSIN:4;GARGOYLE:6;SPIDER:1
2066,0,0,true,,,utility,utility,3,75,121517055042,121517097711,12,0,GREEN,false,12,0,3,3,ARCHER:6;ASSASSIN:1;GOBLIN:10,ASSASSIN:4;GARGOYLE:6;SPIDER:1
2067,0,0,true,,,utility,utility,3,75,121517062961,121517106588,21,0,,false,18,13,2,2,GARGOYLE:5;SPIDER:13,ASSASSIN:5;SPIDER:13
2068,0,0,true,,,utility,utility,3,75,121517062961,121517106588,21,0,,false,18,13,2,2,GARGOYLE:5;SPIDER:13,ASSASSIN:5;SPIDER:13
2069,0,0,true,,,utility,utility,3,75,121524974042,121524924279,17,0,,false,14,17,3,3,ARCHER:11;GOBLIN:3,GOBLIN:12;MAGE:5;SPIDER:1
2070,0,0,true,,,utility,utility,3,75,121524974042,121524924279,12,0,,false,14,18,3,3,ARCHER:11;GOBLIN:3,GOBLIN:12;MAGE:5;SPIDER:1
2071,0,0,true,,,utility,utility,3,75,121524981961,121525030500,21,0,,false,4,6,3,2,GOLEM:1;MAGE:9,GARGOYLE:6;SCORPION_RIDER:4
2072,0,0,true,,,utility,utility,3,75,121524981961,121525030500,21,0,,false,4,6,3,2,GOLEM:1;MAGE:9,GARGOYLE:6;SCORPION_RIDER:4
2073,0,0,true,,,utility,cascade,3,75,121532893042,121532848607,9,0,GREEN,false,11,0,2,3,ARCHER:7;GOBLIN:11,GOBLIN:2;GOLEM:2;MAGE:7
2074,0,0,true,,,cascade,utility,3,75,121532893042,121532848607,10,0,GREEN,false,10,0,2,3,ARCHER:7;GOBLIN:11,GOBLIN:2;GOLEM:2;MAGE:7
2075,0,0,true,,,utility,cascade,3,75,121532900961,121532856524,6,0,GREEN,false,15,0,3,2,SCORPION_RIDER:6;SPIDER:9,ARCHER:4;MAGE:7
2076,0,0,true,,,cascade,utility,3,75,121532900961,121532856524,10,0,GREEN,false,6,0,3,2,SCORPION_RIDER:6;SPIDER:9,ARCHER:4;MAGE:7
2077,0,0,true,,,utility,utility,3,75,121540812042,121540789159,19,0,BLUE,false,0,4,2,3,MAGE:8;SPIDER:6,GARGOYLE:6;GOBLIN:1;GOLEM:3
2078,0,0,true,,,utility,utility,3,75,121540812042,121540789159,19,0,BLUE,false,0,3,2,3,MAGE:8;SPIDER:6,GARGOYLE:6;GOBLIN:1;GOLEM:3
2079,0,0,true,,,utility,utility,3,75,121540819961,121540797780,12,0,,false,12,13,3,3,ARCHER:7;GARGOYLE:4;GOBLIN:1,ARCHER:8;MAGE:3;SPIDER:2
2080,0,0,true,,,utility,utility,3,75,121540819961,121540797780,12,0,,false,12,13,3,3,ARCHER:7;GARGOYLE:4;GOBLIN:1,ARCHER:8;MAGE:3;SPIDER:2
2081,0,0,true,,,utility,cascade,3,75,121548731042,121548745743,9,0,BLUE,false,0,4,2,3,GOLEM:4;MAGE:5,MAGE:3;SCORPION_RIDER:6;SPIDER:2
2082,0,0,true,,,cascade,utility,3,75,121548731042,121548745743,9,0,BLUE,false,0,7,2,3,GOLEM:4;MAGE:5,MAGE:3;SCORPION_RIDER:6;SPIDER:2
2083,0,0,true,,,utility,cascade,3,75,121548738961,121548721980,9,0,BLUE,false,0,6,3,3,ARCHER:7;SPIDER:11,ASSASSIN:4;GARGOYLE:6;SPIDER:1
2084,0,0,true,,,cascade,utility,3,75,121548738961,121548721980,9,0,BLUE,false,0,5,3,3,ARCHER:7;SPIDER:11,ASSASSIN:4;GARGOYLE:6;SPIDER:1
2085,0,0,true,,,utility,utility,3,75,122285198042,122285249655,28,0,,false,1,6,3,3,MAGE:10;SPIDER:1,GOLEM:2;MAGE:7;SPIDER:2
2086,0,0,true,,,utility,utility,3,75,122285198042,122285249655,24,0,,false,4,8,3,3,MAGE:10;SPIDER:1,GOLEM:2;MAGE:7;SPIDER:2
2087,0,0,true,,,utility,utility,3,75,122285205961,122285258596,13,0,BLUE,false,0,4,3,3,GARGOYLE:2;GOBLIN:1;MAGE:8,GOBLIN:2;GOLEM:3;SPIDER:13
2088,0,0,true,,,utility,utility,3,75,122285205961,122285258596,15,0,BLUE,false,0,3,3,3,GARGOYLE:2;GOBLIN:1;MAGE:8,GOBLIN:2;GOLEM:3;SPIDER:13
2089,0,0,true,,,utility,utility,3,75,122293117042,122293075679,15,0,BLUE,false,0,4,2,2,ARCHER:3;ASSASSIN:8,GARGOYLE:5;GOLEM:4
2090,0,0,true,,,utility,utility,3,75,122293117042,122293075679,15,0,BLUE,false,0,6,2,2,ARCHER:3;ASSASSIN:8,GARGOYLE:5;GOLEM:4
2091,0,0,true,,,utility,utility,3,75,122293124961,122293068236,17,0,BLUE,false,0,5,3,2,ARCHER:4;GOBLIN:12;MAGE:2,GARGOYLE:5;GOLEM:4
2092,0,0,true,,,utility,utility,3,75,122293124961,122293068236,17,0,BLUE,false,0,5,3,2,ARCHER:4;GOBLIN:12;MAGE:2,GARGOYLE:5;GOLEM:4
2093,0,0,true,,,utility,utility,3,75,122301036042,122301016231,23,0,,false,8,1,3,3,GARGOYLE:3;GOBLIN:1;MAGE:7,ASSASSIN:5;SPIDER:13
2094,0,0,true,,,utility,utility,3,75,122301036042,122301016231,23,0,,false,8,1,3,3,GARGOYLE:3;GOBLIN:1;MAGE:7,ASSASSIN:5;SPIDER:13
2095,0,0,true,,,utility,utility,3,75,122301043961,122300992084,18,0,,false,6,5,3,2,ASSASSIN:7;GOBLIN:6;MAGE:1,GOLEM:4;SPIDER:11
2096,0,0,true,,,utility,utility,3,75,122301043961,122300992084,18,0,,false,6,5,3,2,ASSASSIN:7;GOBLIN:6;MAGE:1,GOLEM:4;SPIDER:11
2097,0,0,true,,,utility,cascade,3,75,122308955042,122308941071,7,0,BLUE,false,0,5,3,3,ASSASSIN:7;GOBLIN:1;MAGE:3,ARCHER:5;SCORPION_RIDER:5;SPIDER:1
2098,0,0,true,,,cascade,utility,3,75,122308955042,122308941071,5,0,BLUE,false,0,9,3,3,ASSASSIN:7;GOBLIN:1;MAGE:3,ARCHER:5;SCORPION_RIDER:5;SPIDER:1
2099,0,0,true,,,utility,cascade,3,75,122308962961,122308949052,9,0,BLUE,false,0,15,3,3,MAGE:8;SCORPION_RIDER:2;SPIDER:1,GOBLIN:9;SCORPION_RIDER:5;SPIDER:2
2100,0,0,true,,,cascade,utility,3,75,122308962961,122308949052,7,0,BLUE,false,0,13,3,3,MAGE:8;SCORPION_RIDER:2;SPIDER:1,GOBLIN:9;SCORPION_RIDER:5;SPIDER:2
2101,0,0,true,,,utility,utility,3,75,122316874042,122316898199,18,0,,false,4,17,3,2,GARGOYLE:3;SCORPION_RIDER:1;SPIDER:15,GARGOYLE:6;GOBLIN:11
2102,0,0,true,,,utility,utility,3,75,122316874042,122316898199,18,0,,false,4,17,3,2,GARGOYLE:3;SCORPION_RIDER:1;SPIDER:15,GARGOYLE:6;GOBLIN:11
2103,0,0,true,,,utility,utility,3,75,122316881961,122316873348,8,0,GREEN,false,10,0,4,3,ARCHER:4;MAGE:1;SCORPION_RIDER:5;SPIDER:1,ASSASSIN:3;GOBLIN:1;MAGE:7
2104,0,0,true,,,utility,utility,3,75,122316881961,122316873348,8,0,GREEN,false,10,0,4,3,ARCHER:4;MAGE:1;SCORPION_RIDER:5;SPIDER:1,ASSASSIN:3;GOBLIN:1;MAGE:7
2105,0,0,true,,,utility,utility,3,75,122324793042,122324838527,10,0,GREEN,false,4,0,3,3,GOBLIN:1;GOLEM:7,ASSASSIN:8;GOBLIN:1;SPIDER:5
2106,0,0,true,,,utility,utility,3,75,122324793042,122324838527,10,0,GREEN,false,4,0,3,3,GOBLIN:1;GOLEM:7,ASSASSIN:8;GOBLIN:1;SPIDER:5
2107,0,0,true,,,utility,utility,3,75,122324800961,122324814700,9,0,BLUE,false,0,15,3,3,ASSASSIN:8;GOBLIN:1;SCORPION_RIDER:2,ARCHER:1;SPIDER:23
2108,0,0,true,,,utility,utility,3,75,122324800961,122324814700,9,0,BLUE,false,0,15,3,3,ASSASSIN:8;GOBLIN:1;SCORPION_RIDER:2,ARCHER:1;SPIDER:23
2109,0,0,true,,,utility,utility,3,75,122332712042,122332762823,13,0,BLUE,false,0,1,3,4,ARCHER:4;GOBLIN:1;SCORPION_RIDER:6,SCORPION_RIDER:8;SPIDER:3
2110,0,0,true,,,utility,utility,3,75,122332712042,122332762823,13,0,BLUE,false,0,1,3,4,ARCHER:4;GOBLIN:1;SCORPION_RIDER:6,SCORPION_RIDER:8;SPIDER:3
2111,0,0,true,,,utility,utility,3,75,122332719961,122332771828,16,0,GREEN,false,4,0,3,3,GARGOYLE:5;SCORPION_RIDER:5,ASSASSIN:5;SPIDER:13
2112,0,0,true,,,utility,utility,3,75,122332719961,122332771828,16,0,GREEN,false,4,0,3,3,GARGOYLE:5;SCORPION_RIDER:5,ASSASSIN:5;SPIDER:13
2113,0,0,true,,,utility,utility,3,75,122340631042,122340588719,16,0,GREEN,false,2,0,3,4,ASSASSIN:8;GARGOYLE:2;SPIDER:1,ASSASSIN:1;GOLEM:6;SPIDER:2
2114,0,0,true,,,utility,utility,3,75,122340631042,122340588719,16,0,GREEN,false,2,0,3,4,ASSASSIN:8;GARGOYLE:2;SPIDER:1,ASSASSIN:1;GOLEM:6;SPIDER:2
2115,0,0,true,,,utility,utility,3,75,122340638961,122340695644,12,0,,false,11,15,3,3,ARCHER:7;GOLEM:3;SPIDER:1,GOBLIN:10;GOLEM:3;MAGE:2
2116,0,0,true,,,utility,utility,3,75,122340638961,122340695644,12,0,,false,11,15,3,3,ARCHER:7;GOLEM:3;SPIDER:1,GOBLIN:10;GOLEM:3;MAGE:2
2117,0,0,true,,,utility,cascade,3,75,123077098042,123077108887,10,0,GREEN,false,3,0,3,3,GARGOYLE:6;MAGE:4;SPIDER:1,ARCHER:8;MAGE:3;SPIDER:2
2118,0,0,true,,,cascade,utility,3,75,123077098042,123077108887,27,0,BLUE,false,0,7,3,3,GARGOYLE:6;MAGE:4;SPIDER:1,ARCHER:8;MAGE:3;SPIDER:2
2119,0,0,true,,,utility,cascade,3,75,123077105961,123077085060,8,0,GREEN,false,7,0,2,3,GARGOYLE:5;GOLEM:4,ASSASSIN:1;GOBLIN:12;GOLEM:3
2120,0,0,true,,,cascade,utility,3,75,123077105961,123077085060,9,0,BLUE,false,0,5,2,3,GARGOYLE:5;GOLEM:4,ASSASSIN:1;GOBLIN:12;GOLEM:3
2121,0,0,true,,,utility,utility,3,75,123085017042,123085033855,10,0,GREEN,false,4,0,3,5,ASSASSIN:10;GOBLIN:1,ASSASSIN:8;GARGOYLE:1;GOBLIN:1;MAGE:1
2122,0,0,true,,,utility,utility,3,75,123085017042,123085033855,10,0,GREEN,false,4,0,3,5,ASSASSIN:10;GOBLIN:1,ASSASSIN:8;GARGOYLE:1;GOBLIN:1;MAGE:1
2123,0,0,true,,,utility,utility,3,75,123085024961,123085041772,19,0,,false,16,8,3,3,GOLEM:2;MAGE:1;SPIDER:16,ASSASSIN:7;GOBLIN:8
2124,0,0,true,,,utility,utility,3,75,123085024961,123085041772,21,0,,false,10,8,3,3,GOLEM:2;MAGE:1;SPIDER:16,ASSASSIN:7;GOBLIN:8
2125,0,0,true,,,utility,utility,3,75,123092936042,123092990919,13,0,BLUE,false,0,8,3,3,GARGOYLE:6;GOBLIN:4;SPIDER:7,ARCHER:7;SCORPION_RIDER:3;SPIDER:3
2126,0,0,true,,,utility,utility,3,75,123092936042,123092990919,13,0,BLUE,false,0,8,3,3,GARGOYLE:6;GOBLIN:4;SPIDER:7,ARCHER:7;SCORPION_RIDER:3;SPIDER:3
2127,0,0,true,,,utility,utility,3,75,123092943961,123092966132,18,0,,false,1,14,3,2,ASSASSIN:7;MAGE:3;SPIDER:1,GARGOYLE:6;GOBLIN:11
2128,0,0,true,,,utility,utility,3,75,123092943961,123092966132,5,0,BLUE,false,0,15,3,2,ASSASSIN:7;MAGE:3;SPIDER:1,GARGOYLE:6;GOBLIN:11
2129,0,0,true,,,utility,utility,3,75,123100855042,123100800431,7,0,BLUE,false,0,5,2,3,ASSASSIN:5;SCORPION_RIDER:5,GOLEM:4;SCORPION_RIDER:4;SPIDER:1
2130,0,0,true,,,utility,utility,3,75,123100855042,123100800431,7,0,BLUE,false,0,5,2,3,ASSASSIN:5;SCORPION_RIDER:5,GOLEM:4;SCORPION_RIDER:4;SPIDER:1
2131,0,0,true,,,utility,utility,3,75,123100862961,123100907356,12,0,,false,18,15,2,3,SCORPION_RIDER:4;SPIDER:14,ARCHER:1;SCORPION_RIDER:5;SPIDER:9
2132,0,0,true,,,utility,utility,3,75,123100862961,123100907356,12,0,,false,18,15,2,3,SCORPION_RIDER:4;SPIDER:14,ARCHER:1;SCORPION_RIDER:5;SPIDER:9
2133,0,0,true,,,utility,cascade,3,75,123108774042,123108724279,19,0,BLUE,false,0,9,3,2,MAGE:10;SPIDER:1,GARGOYLE:5;GOLEM:4
2134,0,0,true,,,cascade,utility,3,75,123108774042,123108724279,18,0,,false,9,9,3,2,MAGE:10;SPIDER:1,GARGOYLE:5;GOLEM:4
2135,0,0,true,,,utility,cascade,3,75,123108781961,123108733220,4,0,GREEN,false,22,0,3,3,GOBLIN:24;SPIDER:1,ASSASSIN:8;GARGOYLE:1;GOLEM:1
2136,0,0,true,,,cascade,utility,3,75,123108781961,123108733220,5,0,GREEN,false,23,0,3,3,GOBLIN:24;SPIDER:1,ASSASSIN:8;GARGOYLE:1;GOLEM:1
2137,0,0,true,,,utility,utility,3,75,123116693042,123116681375,8,0,GREEN,false,12,0,3,3,GARGOYLE:5;GOBLIN:12;SPIDER:1,ARCHER:7;ASSASSIN:4;GOBLIN:1
2138,0,0,true,,,utility,utility,3,75,123116693042,123116681375,8,0,GREEN,false,12,0,3,3,GARGOYLE:5;GOBLIN:12;SPIDER:1,ARCHER:7;ASSASSIN:4;GOBLIN:1
2139,0,0,true,,,utility,utility,3,75,123116700961,123116657548,19,0,,false,6,6,3,2,ARCHER:7;ASSASSIN:3;GOLEM:1,GOBLIN:6;MAGE:8
2140,0,0,true,,,utility,utility,3,75,123116700961,123116657548,19,0,,false,6,6,3,2,ARCHER:7;ASSASSIN:3;GOLEM:1,GOBLIN:6;MAGE:8
2141,0,0,true,,,utility,utility,3,75,123124612042,123124622695,10,0,GREEN,false,11,0,3,3,ARCHER:5;GARGOYLE:5;GOLEM:1,GARGOYLE:2;MAGE:8;SPIDER:1
2142,0,0,true,,,utility,utility,3,75,123124612042,123124622695,8,0,GREEN,false,6,0,3,3,ARCHER:5;GARGOYLE:5;GOLEM:1,GARGOYLE:2;MAGE:8;SPIDER:1
2143,0,0,true,,,utility,utility,3,75,123124619961,123124597780,8,0,GREEN,false,10,0,3,3,ARCHER:4;GOBLIN:1;SCORPION_RIDER:6,ARCHER:1;GARGOYLE:5;SPIDER:11
2144,0,0,true,,,utility,utility,3,75,123124619961,123124597780,10,0,GREEN,false,9,0,3,3,ARCHER:4;GOBLIN:1;SCORPION_RIDER:6,ARCHER:1;GARGOYLE:5;SPIDER:11
2145,0,0,true,,,utility,utility,3,75,123132531042,123132547023,15,0,BLUE,false,0,9,3,3,GOLEM:7;SPIDER:1,ASSASSIN:1;GOBLIN:12;SCORPION_RIDER:4
2146,0,0,true,,,utility,utility,3,75,123132531042,123132547023,11,0,BLUE,false,0,10,3,3,GOLEM:7;SPIDER:1,ASSASSIN:1;GOBLIN:12;SCORPION_RIDER:4
2147,0,0,true,,,utility,utility,3,75,123132538961,123132555004,11,0,BLUE,false,0,4,4,3,GOBLIN:16;SCORPION_RIDER:1;SPIDER:6,GOBLIN:2;MAGE:3;SCORPION_RIDER:6
2148,0,0,true,,,utility,utility,3,75,123132538961,123132555004,11,0,BLUE,false,0,4,4,3,GOBLIN:16;SCORPION_RIDER:1;SPIDER:6,GOBLIN:2;MAGE:3;SCORPION_RIDER:6
2149,0,0,true,,,utility,cascade,3,75,123868998042,123868952375,13,0,BLUE,false,0,6,4,3,GOBLIN:12;MAGE:4;SCORPION_RIDER:1;SPIDER:1,GARGOYLE:3;SCORPION_RIDER:6;SPIDER:2
2150,0,0,true,,,cascade,utility,3,75,123868998042,123868952375,11,0,BLUE,false,0,6,4,3,GOBLIN:12;MAGE:4;SCORPION_RIDER:1;SPIDER:1,GARGOYLE:3;SCORPION_RIDER:6;SPIDER:2
2151,0,0,true,,,utility,cascade,3,75,123869005961,123869058596,10,0,GREEN,false,12,0,3,3,ARCHER:5;GARGOYLE:6;SPIDER:1,GOLEM:4;SCORPION_RIDER:1;SPIDER:9
2152,0,0,true,,,cascade,utility,3,75,123869005961,123869058596,14,0,GREEN,false,10,0,3,3,ARCHER:5;GARGOYLE:6;SPIDER:1,GOLEM:4;SCORPION_RIDER:1;SPIDER:9
2153,0,0,true,,,utility,cascade,3,75,123876917042,123876893087,8,0,GREEN,false,1,0,3,3,ARCHER:1;SCORPION_RIDER:3;SPIDER:15,ASSASSIN:8;GOBLIN:6
2154,0,0,true,,,cascade,utility,3,75,123876917042,123876893087,6,0,GREEN,false,18,0,3,3,ARCHER:1;SCORPION_RIDER:3;SPIDER:15,ASSASSIN:8;GOBLIN:6
2155,0,0,true,,,utility,cascade,3,75,123876924961,123876868236,6,0,GREEN,false,9,0,2,2,MAGE:5;SCORPION_RIDER:5,ASSASSIN:7;SPIDER:8
2156,0,0,true,,,cascade,utility,3,75,123876924961,123876868236,12,0,GREEN,false,6,0,2,2,MAGE:5;SCORPION_RIDER:5,ASSASSIN:7;SPIDER:8
2157,0,0,true,,,utility,utility,3,75,123884836042,123884816999,8,0,BLUE,false,0,8,4,3,ARCHER:3;ASSASSIN:2;GOBLIN:1;GOLEM:4,GARGOYLE:1;GOBLIN:12;GOLEM:3
2158,0,0,true,,,utility,utility,3,75,123884836042,123884816999,7,0,BLUE,false,0,10,4,3,ARCHER:3;ASSASSIN:2;GOBLIN:1;GOLEM:4,GARGOYLE:1;GOBLIN:12;GOLEM:3
2159,0,0,true,,,utility,utility,3,75,123884843961,123884825876,22,0,,false,2,6,3,2,ASSASSIN:3;SPIDER:18,GOBLIN:6;MAGE:8
2160,0,0,true,,,utility,utility,3,75,123884843961,123884825876,20,0,,false,2,6,3,2,ASSASSIN:3;SPIDER:18,GOBLIN:6;MAGE:8
2161,0,0,true,,,utility,utility,3,75,123892755042,123892774095,22,0,GREEN,false,5,0,2,3,GARGOYLE:6;SPIDER:11,GOLEM:7;SPIDER:1
2162,0,0,true,,,utility,utility,3,75,123892755042,123892774095,24,0,GREEN,false,5,0,2,3,GARGOYLE:6;SPIDER:11,GOLEM:7;SPIDER:1
2163,0,0,true,,,utility,utility,3,75,123892762961,123892750332,36,0,,false,3,5,3,3,GOLEM:7;SPIDER:1,ARCHER:8;GOLEM:2;MAGE:1
2164,0,0,true,,,utility,utility,3,75,123892762961,123892750332,34,0,,false,3,5,3,3,GOLEM:7;SPIDER:1,ARCHER:8;GOLEM:2;MAGE:1
2165,0,0,true,,,utility,cascade,3,75,123900674042,123900715351,11,0,BLUE,false,0,7,4,3,GOLEM:1;SCORPION_RIDER:2;SPIDER:16,GARGOYLE:4;SCORPION_RIDER:5;SPIDER:2
2166,0,0,true,,,cascade,utility,3,75,123900674042,123900715351,11,0,BLUE,false,0,5,4,3,GOLEM:1;SCORPION_RIDER:2;SPIDER:16,GARGOYLE:4;SCORPION_RIDER:5;SPIDER:2
2167,0,0,true,,,utility,cascade,3,75,123900681961,123900690500,10,0,GREEN,false,14,0,3,4,GOBLIN:11;GOLEM:4,ARCHER:1;GOBLIN:1;GOLEM:1;MAGE:8
2168,0,0,true,,,cascade,utility,3,75,123900681961,123900690500,8,0,GREEN,false,14,0,3,4,GOBLIN:11;GOLEM:4,ARCHER:1;GOBLIN:1;GOLEM:1;MAGE:8
2169,0,0,true,,,utility,utility,3,75,123908593042,123908639551,7,0,BLUE,false,0,10,3,2,GARGOYLE:2;GOLEM:1;MAGE:7,ARCHER:4;ASSASSIN:7
2170,0,0,true,,,utility,utility,3,75,123908593042,123908639551,7,0,BLUE,false,0,10,3,2,GARGOYLE:2;GOLEM:1;MAGE:7,ARCHER:4;ASSASSIN:7
2171,0,0,true,,,utility,utility,3,75,123908600961,123908647468,9,0,BLUE,false,0,4,3,2,ASSASSIN:8;GOBLIN:1;MAGE:2,ASSASSIN:8;SPIDER:6
2172,0,0,true,,,utility,utility,3,75,123908600961,123908647468,7,0,BLUE,false,0,3,3,2,ASSASSIN:8;GOBLIN:1;MAGE:2,ASSASSIN:8;SPIDER:6
2173,0,0,true,,,utility,utility,3,75,123916512042,123916465543,18,0,,false,1,8,3,3,ARCHER:5;ASSASSIN:6;GOBLIN:1,SCORPION_RIDER:9;SPIDER:1
2174,0,0,true,,,utility,utility,3,75,123916512042,123916465543,16,0,,false,1,9,3,3,ARCHER:5;ASSASSIN:6;GOBLIN:1,SCORPION_RIDER:9;SPIDER:1
2175,0,0,true,,,utility,utility,3,75,123916519961,123916571828,12,0,,false,19,11,4,3,ARCHER:6;GOBLIN:12;SPIDER:1,MAGE:3;SCORPION_RIDER:6;SPIDER:2
2176,0,0,true,,,utility,utility,3,75,123916519961,123916571828,12,0,,false,19,11,4,3,ARCHER:6;GOBLIN:12;SPIDER:1,MAGE:3;SCORPION_RIDER:6;SPIDER:2
2177,0,0,true,,,utility,utility,3,75,123924431042,123924389487,24,0,,false,10,4,4,2,ARCHER:1;GARGOYLE:5;GOBLIN:11,ARCHER:4;ASSASSIN:7
2178,0,0,true,,,utility,utility,3,75,123924431042,123924389487,24,0,,false,10,4,4,2,ARCHER:1;GARGOYLE:5;GOBLIN:11,ARCHER:4;ASSASSIN:7
2179,0,0,true,,,utility,utility,3,75,123924438961,123924381980,26,0,,false,10,4,3,2,GARGOYLE:5;GOBLIN:11;SPIDER:2,ARCHER:4;ASSASSIN:7
2180,0,0,true,,,utility,utility,3,75,123924438961,123924381980,26,0,,false,10,4,3,2,GARGOYLE:5;GOBLIN:11;SPIDER:2,ARCHER:4;ASSASSIN:7
2181,0,0,true,,,utility,utility,3,75,124660898042,124660909655,11,0,BLUE,false,0,9,3,2,ASSASSIN:2;GOBLIN:1;MAGE:8,GARGOYLE:5;GOLEM:4
2182,0,0,true,,,utility,utility,3,75,124660898042,124660909655,14,0,,false,9,9,3,2,ASSASSIN:2;GOBLIN:1;MAGE:8,GARGOYLE:5;GOLEM:4
2183,0,0,true,,,utility,utility,3,75,124660905961,124660918596,8,0,GREEN,false,15,0,2,3,ARCHER:6;SPIDER:13,ASSASSIN:7;MAGE:3;SPIDER:1
2184,0,0,true,,,utility,utility,3,75,124660905961,124660918596,6,0,GREEN,false,14,0,2,3,ARCHER:6;SPIDER:13,ASSASSIN:7;MAGE:3;SPIDER:1
2185,0,0,true,,,utility,utility,3,75,124668817042,124668866623,23,0,,false,6,6,3,3,ASSASSIN:4;GARGOYLE:6;SPIDER:1,ASSASSIN:4;GARGOYLE:6;SPIDER:1
2186,0,0,true,,,utility,utility,3,75,124668817042,124668866623,21,0,,false,6,6,3,3,ASSASSIN:4;GARGOYLE:6;SPIDER:1,ASSASSIN:4;GARGOYLE:6;SPIDER:1
2187,0,0,true,,,utility,utility,3,75,124668824961,124668842796,14,0,,false,8,17,3,3,ASSASSIN:7;GOBLIN:8,GOBLIN:1;SCORPION_RIDER:4;SPIDER:13
2188,0,0,true,,,utility,utility,3,75,124668824961,124668842796,14,0,,false,8,17,3,3,ASSASSIN:7;GOBLIN:8,GOBLIN:1;SCORPION_RIDER:4;SPIDER:13
2189,0,0,true,,,utility,cascade,3,75,124676736042,124676790919,11,0,BLUE,false,0,10,3,3,ARCHER:1;GARGOYLE:5;SCORPION_RIDER:4,GOBLIN:15;MAGE:4
2190,0,0,true,,,cascade,utility,3,75,124676736042,124676790919,16,0,GREEN,false,5,0,3,3,ARCHER:1;GARGOYLE:5;SCORPION_RIDER:4,GOBLIN:15;MAGE:4
2191,0,0,true,,,utility,cascade,3,75,124676743961,124676799924,7,0,BLUE,false,0,14,2,3,ASSASSIN:5;SCORPION_RIDER:5,GOBLIN:1;SPIDER:24
2192,0,0,true,,,cascade,utility,3,75,124676743961,124676799924,22,0,GREEN,false,1,0,2,3,ASSASSIN:5;SCORPION_RIDER:5,GOBLIN:1;SPIDER:24
2193,0,0,true,,,utility,cascade,3,75,124684655042,124684601199,8,0,GREEN,false,6,0,3,4,MAGE:8;SCORPION_RIDER:2;SPIDER:1,ARCHER:1;GOBLIN:4;MAGE:7;SCORPION_RIDER:1
2194,0,0,true,,,cascade,utility,3,75,124684655042,124684601199,14,0,GREEN,false,2,0,3,4,MAGE:8;SCORPION_RIDER:2;SPIDER:1,ARCHER:1;GOBLIN:4;MAGE:7;SCORPION_RIDER:1
2195,0,0,true,,,utility,cascade,3,75,124684662961,124684609052,6,0,GREEN,false,5,0,3,3,GOLEM:3;SCORPION_RIDER:5;SPIDER:1,ARCHER:7;ASSASSIN:4;GOBLIN:1
2196,0,0,true,,,cascade,utility,3,75,124684662961,124684609052,8,0,GREEN,false,3,0,3,3,GOLEM:3;SCORPION_RIDER:5;SPIDER:1,ARCHER:7;ASSASSIN:4;GOBLIN:1
2197,0,0,true,,,utility,cascade,3,75,124692574042,124692558327,18,0,GREEN,false,7,0,3,4,GARGOYLE:6;GOBLIN:11,ARCHER:4;MAGE:1;SPIDER:14
2198,0,0,true,,,cascade,utility,3,75,124692574042,124692558327,14,0,GREEN,false,5,0,3,4,GARGOYLE:6;GOBLIN:11,ARCHER:4;MAGE:1;SPIDER:14
2199,0,0,true,,,utility,cascade,3,75,124692581961,124692533476,8,0,GREEN,false,4,0,3,2,ARCHER:7;SPIDER:11,ARCHER:5;SPIDER:15
2200,0,0,true,,,cascade,utility,3,75,124692581961,124692533476,8,0,GREEN,false,6,0,3,2,ARCHER:7;SPIDER:11,ARCHER:5;SPIDER:15
2201,0,0,true,,,utility,cascade,3,75,124700493042,124700482143,7,0,BLUE,false,0,15,4,3,GARGOYLE:2;MAGE:7;SCORPION_RIDER:1;SPIDER:1,ARCHER:8;GOBLIN:9
2202,0,0,true,,,cascade,utility,3,75,124700493042,124700482143,7,0,BLUE,false,0,12,4,3,GARGOYLE:2;MAGE:7;SCORPION_RIDER:1;SPIDER:1,ARCHER:8;GOBLIN:9
2203,0,0,true,,,utility,cascade,3,75,124700500961,124700491084,17,0,BLUE,false,0,4,2,2,MAGE:7;SCORPION_RIDER:3,GOLEM:4;SPIDER:11
2204,0,0,true,,,cascade,utility,3,75,124700500961,124700491084,10,0,BLUE,false,0,8,2,2,MAGE:7;SCORPION_RIDER:3,GOLEM:4;SPIDER:11
2205,0,0,true,,,utility,cascade,3,75,124708412042,124708422695,5,0,GREEN,false,6,0,3,3,ARCHER:1;GOBLIN:7;SCORPION_RIDER:6,ASSASSIN:8;GOBLIN:3;GOLEM:1
2206,0,0,true,,,cascade,utility,3,75,124708412042,124708422695,8,0,GREEN,false,6,0,3,3,ARCHER:1;GOBLIN:7;SCORPION_RIDER:6,ASSASSIN:8;GOBLIN:3;GOLEM:1
2207,0,0,true,,,utility,cascade,3,75,124708419961,124708431828,46,0,GREEN,false,8,0,3,3,ARCHER:7;GOLEM:3;SPIDER:1,ARCHER:4;GARGOYLE:6;GOBLIN:3
2208,0,0,true,,,cascade,utility,3,75,124708419961,124708431828,7,0,BLUE,false,0,10,3,3,ARCHER:7;GOLEM:3;SPIDER:1,ARCHER:4;GARGOYLE:6;GOBLIN:3
2209,0,0,true,,,utility,cascade,3,75,124716331042,124716379791,9,0,GREEN,false,14,0,2,3,GOBLIN:9;SCORPION_RIDER:6,ARCHER:7;GOLEM:3;SPIDER:1
2210,0,0,true,,,cascade,utility,3,75,124716331042,124716379791,10,0,GREEN,false,8,0,2,3,GOBLIN:9;SCORPION_RIDER:6,ARCHER:7;GOLEM:3;SPIDER:1
2211,0,0,true,,,utility,cascade,3,75,124716338961,124716356028,8,0,GREEN,false,7,0,3,3,ARCHER:8;SCORPION_RIDER:3;SPIDER:1,ASSASSIN:10;GOBLIN:1
2212,0,0,true,,,cascade,utility,3,75,124716338961,124716356028,8,0,GREEN,false,11,0,3,3,ARCHER:8;SCORPION_RIDER:3;SPIDER:1,ASSASSIN:10;GOBLIN:1
2213,0,0,true,,,utility,cascade,3,75,125452798042,125452752631,12,0,GREEN,false,2,0,3,2,ARCHER:12;SPIDER:1,ARCHER:8;SPIDER:9
2214,0,0,true,,,cascade,utility,3,75,125452798042,125452752631,8,0,GREEN,false,3,0,3,2,ARCHER:12;SPIDER:1,ARCHER:8;SPIDER:9
2215,0,0,true,,,utility,cascade,3,75,125452805961,125452761572,4,0,GREEN,false,14,0,3,2,ARCHER:9;GOBLIN:7,ASSASSIN:8;SPIDER:6
2216,0,0,true,,,cascade,utility,3,75,125452805961,125452761572,6,0,GREEN,false,13,0,3,2,ARCHER:9;GOBLIN:7,ASSASSIN:8;SPIDER:6
2217,0,0,true,,,utility,cascade,3,75,125460717042,125460693855,9,0,BLUE,false,0,8,3,3,ASSASSIN:8;MAGE:2;SPIDER:1,GARGOYLE:10;SPIDER:1
2218,0,0,true,,,cascade,utility,3,75,125460717042,125460693855,6,0,BLUE,false,0,10,3,3,ASSASSIN:8;MAGE:2;SPIDER:1,GARGOYLE:10;SPIDER:1
2219,0,0,true,,,utility,cascade,3,75,125460724961,125460701772,19,0,BLUE,false,0,11,3,2,GOBLIN:6;MAGE:8,GARGOYLE:6;GOBLIN:11
2220,0,0,true,,,cascade,utility,3,75,125460724961,125460701772,10,0,BLUE,false,0,6,3,2,GOBLIN:6;MAGE:8,GARGOYLE:6;GOBLIN:11
2221,0,0,true,,,utility,cascade,3,75,125468636042,125468650791,22,0,,false,5,1,2,4,ASSASSIN:7;GOBLIN:8,ARCHER:1;ASSASSIN:8;GOLEM:1;SPIDER:1
2222,0,0,true,,,cascade,utility,3,75,125468636042,125468650791,8,0,GREEN,false,5,0,2,4,ASSASSIN:7;GOBLIN:8,ARCHER:1;ASSASSIN:8;GOLEM:1;SPIDER:1
2223,0,0,true,,,utility,cascade,3,75,125468643961,125468626132,8,0,GREEN,false,2,0,3,3,ARCHER:9;MAGE:3,ARCHER:7;MAGE:4;SPIDER:1
2224,0,0,true,,,cascade,utility,3,75,125468643961,125468626132,6,0,GREEN,false,6,0,3,3,ARCHER:9;MAGE:3,ARCHER:7;MAGE:4;SPIDER:1
2225,0,0,true,,,utility,utility,3,75,125476555042,125476575119,101,0,BLUE,false,0,10,3,3,GOBLIN:12;MAGE:1;SCORPION_RIDER:4,ARCHER:6;GOBLIN:13
2226,0,0,true,,,utility,utility,3,75,125476555042,125476575119,20,0,,false,12,13,3,3,GOBLIN:12;MAGE:1;SCORPION_RIDER:4,ARCHER:6;GOBLIN:13
2227,0,0,true,,,utility,utility,3,75,125476562961,125476583100,19,0,,false,11,7,3,3,ARCHER:5;GARGOYLE:6;SPIDER:1,ASSASSIN:7;GOBLIN:8
2228,0,0,true,,,utility,utility,3,75,125476562961,125476583100,19,0,,false,11,7,3,3,ARCHER:5;GARGOYLE:6;SPIDER:1,ASSASSIN:7;GOBLIN:8
2229,0,0,true,,,utility,cascade,3,75,125484474042,125484515351,12,0,GREEN,false,3,0,3,4,GOBLIN:1;GOLEM:4;SPIDER:10,ARCHER:4;GARGOYLE:1;GOBLIN:1;GOLEM:4
2230,0,0,true,,,cascade,utility,3,75,125484474042,125484515351,16,0,GREEN,false,2,0,3,4,GOBLIN:1;GOLEM:4;SPIDER:10,ARCHER:4;GARGOYLE:1;GOBLIN:1;GOLEM:4
2231,0,0,true,,,utility,cascade,3,75,125484481961,125484524292,15,0,GREEN,false,5,0,2,3,GOBLIN:11;SCORPION_RIDER:5,GOBLIN:1;SCORPION_RIDER:3;SPIDER:16
2232,0,0,true,,,cascade,utility,3,75,125484481961,125484524292,16,0,GREEN,false,5,0,2,3,GOBLIN:11;SCORPION_RIDER:5,GOBLIN:1;SCORPION_RIDER:3;SPIDER:16
2233,0,0,true,,,utility,cascade,3,75,125492393042,125492341503,6,0,GREEN,false,11,0,2,3,GOBLIN:9;SCORPION_RIDER:6,GOLEM:2;SCORPION_RIDER:5;SPIDER:5
2234,0,0,true,,,cascade,utility,3,75,125492393042,125492341503,8,0,GREEN,false,4,0,2,3,GOBLIN:9;SCORPION_RIDER:6,GOLEM:2;SCORPION_RIDER:5;SPIDER:5
2235,0,0,true,,,utility,cascade,3,75,125492400961,125492448748,15,0,BLUE,false,0,3,3,3,ASSASSIN:2;MAGE:8;SPIDER:1,SCORPION_RIDER:3;SPIDER:17
2236,0,0,true,,,cascade,utility,3,75,125492400961,125492448748,11,0,BLUE,false,0,16,3,3,ASSASSIN:2;MAGE:8;SPIDER:1,SCORPION_RIDER:3;SPIDER:17
2237,0,0,true,,,utility,utility,3,75,125500312042,125500266311,25,0,,false,3,6,2,3,MAGE:7;SCORPION_RIDER:3,GARGOYLE:6;GOBLIN:11
2238,0,0,true,,,utility,utility,3,75,125500312042,125500266311,25,0,,false,3,6,2,3,MAGE:7;SCORPION_RIDER:3,GARGOYLE:6;GOBLIN:11
2239,0,0,true,,,utility,utility,3,75,125500319961,125500274292,24,0,,false,5,16,3,3,GOBLIN:2;MAGE:3;SPIDER:16,ARCHER:6;GOBLIN:10;SCORPION_RIDER:1
2240,0,0,true,,,utility,utility,3,75,125500319961,125500274292,25,0,,false,4,16,3,3,GOBLIN:2;MAGE:3;SPIDER:16,ARCHER:6;GOBLIN:10;SCORPION_RIDER:1
2241,0,0,true,,,utility,cascade,3,75,125508231042,125508206895,6,0,GREEN,false,10,0,3,2,ARCHER:1;MAGE:3;SCORPION_RIDER:6,GOBLIN:6;MAGE:8
2242,0,0,true,,,cascade,utility,3,75,125508231042,125508206895,6,0,GREEN,false,7,0,3,2,ARCHER:1;MAGE:3;SCORPION_RIDER:6,GOBLIN:6;MAGE:8
2243,0,0,true,,,utility,cascade,3,75,125508238961,125508215004,19,0,BLUE,false,0,8,3,2,ARCHER:1;ASSASSIN:7;GOLEM:2,MAGE:8;SPIDER:6
2244,0,0,true,,,cascade,utility,3,75,125508238961,125508215004,6,0,GREEN,false,6,0,3,2,ARCHER:1;ASSASSIN:7;GOLEM:2,MAGE:8;SPIDER:6
2245,0,0,true,,,utility,cascade,3,75,126244698042,126244743447,17,0,BLUE,false,0,7,3,3,ARCHER:1;ASSASSIN:4;GOLEM:4,GARGOYLE:10;GOBLIN:1
2246,0,0,true,,,cascade,utility,3,75,126244698042,126244743447,15,0,BLUE,false,0,8,3,3,ARCHER:1;ASSASSIN:4;GOLEM:4,GARGOYLE:10;GOBLIN:1
2247,0,0,true,,,utility,cascade,3,75,126244705961,126244718596,19,0,BLUE,false,0,9,4,3,GOBLIN:11;SCORPION_RIDER:4;SPIDER:3,GARGOYLE:6;GOBLIN:11
2248,0,0,true,,,cascade,utility,3,75,126244705961,126244718596,12,0,GREEN,false,7,0,4,3,GOBLIN:11;SCORPION_RIDER:4;SPIDER:3,GARGOYLE:6;GOBLIN:11
2249,0,0,true,,,utility,cascade,3,75,126252617042,126252667903,7,0,BLUE,false,0,5,3,3,ASSASSIN:5;GOBLIN:13,GOBLIN:7;SCORPION_RIDER:6;SPIDER:2
2250,0,0,true,,,cascade,utility,3,75,126252617042,126252667903,9,0,BLUE,false,0,6,3,3,ASSASSIN:5;GOBLIN:13,GOBLIN:7;SCORPION_RIDER:6;SPIDER:2
2251,0,0,true,,,utility,cascade,3,75,126252624961,126252675820,6,0,GREEN,false,8,0,3,3,ARCHER:8;GARGOYLE:3;SPIDER:2,GOBLIN:1;MAGE:10
2252,0,0,true,,,cascade,utility,3,75,126252624961,126252675820,12,0,GREEN,false,8,0,3,3,ARCHER:8;GARGOYLE:3;SPIDER:2,GOBLIN:1;MAGE:10
2253,0,0,true,,,utility,cascade,3,75,126260536042,126260493383,9,0,BLUE,false,0,5,3,3,ARCHER:11;ASSASSIN:1,GOLEM:2;MAGE:2;SCORPION_RIDER:5
2254,0,0,true,,,cascade,utility,3,75,126260536042,126260493383,13,0,BLUE,false,0,2,3,3,ARCHER:11;ASSASSIN:1,GOLEM:2;MAGE:2;SCORPION_RIDER:5
2255,0,0,true,,,utility,cascade,3,75,126260543961,126260600692,4,0,GREEN,false,14,0,3,3,GARGOYLE:6;GOBLIN:11,ASSASSIN:7;GOBLIN:1;SPIDER:7
2256,0,0,true,,,cascade,utility,3,75,126260543961,126260600692,8,0,GREEN,false,16,0,3,3,GARGOYLE:6;GOBLIN:11,ASSASSIN:7;GOBLIN:1;SPIDER:7
2257,0,0,true,,,utility,cascade,3,75,126268455042,126268433967,15,0,BLUE,false,0,6,4,4,GOBLIN:9;GOLEM:4;SPIDER:2,ARCHER:6;GARGOYLE:5;SPIDER:1
2258,0,0,true,,,cascade,utility,3,75,126268455042,126268433967,15,0,BLUE,false,0,7,4,4,GOBLIN:9;GOLEM:4;SPIDER:2,ARCHER:6;GARGOYLE:5;SPIDER:1
2259,0,0,true,,,utility,cascade,3,75,126268462961,126268410332,30,0,GREEN,false,4,0,2,3,GARGOYLE:5;GOLEM:4,MAGE:10;SPIDER:1
2260,0,0,true,,,cascade,utility,3,75,126268462961,126268410332,12,0,GREEN,false,9,0,2,3,GARGOYLE:5;GOLEM:4,MAGE:10;SPIDER:1
2261,0,0,true,,,utility,utility,3,75,126276374042,126276358327,17,0,,false,9,11,2,3,GOBLIN:6;MAGE:8,ASSASSIN:5;GOBLIN:13
2262,0,0,true,,,utility,utility,3,75,126276374042,126276358327,17,0,,false,9,11,2,3,GOBLIN:6;MAGE:8,ASSASSIN:5;GOBLIN:13
2263,0,0,true,,,utility,utility,3,75,126276381961,126276367268,11,0,BLUE,false,0,9,3,3,ASSASSIN:7;GOBLIN:2;GOLEM:2,GARGOYLE:6;GOLEM:3;SPIDER:1
2264,0,0,true,,,utility,utility,3,75,126276381961,126276367268,11,0,BLUE,false,0,9,3,3,ASSASSIN:7;GOBLIN:2;GOLEM:2,GARGOYLE:6;GOLEM:3;SPIDER:1
2265,0,0,true,,,utility,cascade,3,75,126284293042,126284315935,11,0,BLUE,false,0,11,3,4,ASSASSIN:2;GOBLIN:1;MAGE:8,GOBLIN:2;GOLEM:3;SPIDER:13
2266,0,0,true,,,cascade,utility,3,75,126284293042,126284315935,8,0,BLUE,false,0,12,3,4,ASSASSIN:2;GOBLIN:1;MAGE:8,GOBLIN:2;GOLEM:3;SPIDER:13
2267,0,0,true,,,utility,cascade,3,75,126284300961,126284291084,19,0,BLUE,false,0,4,3,3,ASSASSIN:3;GOBLIN:2;SCORPION_RIDER:6,GOLEM:4;SCORPION_RIDER:4;SPIDER:1
2268,0,0,true,,,cascade,utility,3,75,126284300961,126284291084,8,0,GREEN,false,3,0,3,3,ASSASSIN:3;GOBLIN:2;SCORPION_RIDER:6,GOLEM:4;SCORPION_RIDER:4;SPIDER:1
2269,0,0,true,,,utility,cascade,3,75,126292212042,126292256743,8,0,GREEN,false,11,0,3,3,GOBLIN:10;MAGE:6;SPIDER:1,ASSASSIN:4;MAGE:1;SPIDER:13
2270,0,0,true,,,cascade,utility,3,75,126292212042,126292256743,8,0,GREEN,false,16,0,3,3,GOBLIN:10;MAGE:6;SPIDER:1,ASSASSIN:4;MAGE:1;SPIDER:13
2271,0,0,true,,,utility,cascade,3,75,126292219961,126292231828,9,0,GREEN,false,12,0,3,3,GARGOYLE:6;GOBLIN:11,GOBLIN:1;GOLEM:4;SCORPION_RIDER:4
2272,0,0,true,,,cascade,utility,3,75,126292219961,126292231828,19,0,BLUE,false,0,4,3,3,GARGOYLE:6;GOBLIN:11,GOBLIN:1;GOLEM:4;SCORPION_RIDER:4
2273,0,0,true,,,utility,cascade,3,75,126300131042,126300180559,15,0,BLUE,false,0,12,4,4,GARGOYLE:5;GOBLIN:1;SPIDER:12,GOBLIN:7;SCORPION_RIDER:1;SPIDER:15
2274,0,0,true,,,cascade,utility,3,75,126300131042,126300180559,13,0,BLUE,false,0,7,4,4,GARGOYLE:5;GOBLIN:1;SPIDER:12,GOBLIN:7;SCORPION_RIDER:1;SPIDER:15
2275,0,0,true,,,utility,cascade,3,75,126300138961,126300189564,6,0,GREEN,false,12,0,2,4,GOBLIN:11;SCORPION_RIDER:5,ARCHER:5;GOLEM:4;SPIDER:1
2276,0,0,true,,,cascade,utility,3,75,126300138961,126300189564,13,0,BLUE,false,0,4,2,4,GOBLIN:11;SCORPION_RIDER:5,ARCHER:5;GOLEM:4;SPIDER:1
2277,0,0,true,,,utility,cascade,3,75,46421178042,46421125143,24,0,GREEN,false,2,0,3,3,ARCHER:1;ASSASSIN:4;GOLEM:4,ARCHER:1;MAGE:4;SPIDER:13
2278,0,0,true,,,cascade,utility,3,75,46421178042,46421125143,12,0,GREEN,false,4,0,3,3,ARCHER:1;ASSASSIN:4;GOLEM:4,ARCHER:1;MAGE:4;SPIDER:13
2279,0,0,true,,,utility,cascade,3,75,46421185961,46421232388,10,0,GREEN,false,9,0,4,4,ARCHER:1;GARGOYLE:4;GOBLIN:12;SPIDER:1,ARCHER:1;GOBLIN:8;SPIDER:15
2280,0,0,true,,,cascade,utility,3,75,46421185961,46421232388,8,0,GREEN,false,13,0,4,4,ARCHER:1;GARGOYLE:4;GOBLIN:12;SPIDER:1,ARCHER:1;GOBLIN:8;SPIDER:15
2281,0,0,true,,,utility,utility,3,75,46690424042,46690437703,7,0,BLUE,false,0,17,2,3,ARCHER:3;ASSASSIN:8,GOBLIN:23;SPIDER:2
2282,0,0,true,,,utility,utility,3,75,46690424042,46690437703,7,0,BLUE,false,0,17,2,3,ARCHER:3;ASSASSIN:8,GOBLIN:23;SPIDER:2
2283,0,0,true,,,utility,utility,3,75,46690431961,46690446708,18,0,,false,4,8,3,3,ASSASSIN:7;GARGOYLE:3;SPIDER:1,GARGOYLE:4;GOLEM:4;MAGE:1
2284,0,0,true,,,utility,utility,3,75,46690431961,46690446708,18,0,,false,4,8,3,3,ASSASSIN:7;GARGOYLE:3;SPIDER:1,GARGOYLE:4;GOLEM:4;MAGE:1
2285,0,0,true,,,utility,utility,3,75,46825047042,46825036463,25,0,BLUE,false,0,6,3,3,GARGOYLE:3;SCORPION_RIDER:6;SPIDER:2,GARGOYLE:10;GOBLIN:1
2286,0,0,true,,,utility,utility,3,75,46825047042,46825036463,23,0,BLUE,false,0,6,3,3,GARGOYLE:3;SCORPION_RIDER:6;SPIDER:2,GARGOYLE:10;GOBLIN:1
2287,0,0,true,,,utility,utility,3,75,46825054961,46825045084,9,0,BLUE,false,0,8,4,2,ASSASSIN:7;GOBLIN:1;MAGE:2;SCORPION_RIDER:1,GOBLIN:6;MAGE:8
2288,0,0,true,,,utility,utility,3,75,46825054961,46825045084,13,0,BLUE,false,0,8,4,2,ASSASSIN:7;GOBLIN:1;MAGE:2;SCORPION_RIDER:1,GOBLIN:6;MAGE:8
2289,0,0,true,,,utility,utility,3,75,46959670042,46959652279,19,0,BLUE,false,0,4,3,3,GOBLIN:2;MAGE:4;SCORPION_RIDER:5,GOBLIN:12;MAGE:5;SPIDER:1
2290,0,0,true,,,utility,utility,3,75,46959670042,46959652279,19,0,BLUE,false,0,4,3,3,GOBLIN:2;MAGE:4;SCORPION_RIDER:5,GOBLIN:12;MAGE:5;SPIDER:1
2291,0,0,true,,,utility,utility,3,75,46959677961,46959627428,18,0,,false,13,22,2,2,GOLEM:4;SPIDER:11,GOBLIN:10;SPIDER:15
2292,0,0,true,,,utility,utility,3,75,46959677961,46959627428,25,0,,false,4,15,2,2,GOLEM:4;SPIDER:11,GOBLIN:10;SPIDER:15
2293,0,0,true,,,utility,utility,3,75,129412298042,129412246423,9,0,BLUE,false,0,5,3,3,ARCHER:8;ASSASSIN:3;GOBLIN:2,ARCHER:5;GARGOYLE:5;GOBLIN:3
2294,0,0,true,,,utility,utility,3,75,129412298042,129412246423,9,0,BLUE,false,0,5,3,3,ARCHER:8;ASSASSIN:3;GOBLIN:2,ARCHER:5;GARGOYLE:5;GOBLIN:3
2295,0,0,true,,,utility,utility,3,75,129412305961,129412352644,11,0,BLUE,false,0,8,2,3,GOBLIN:11;MAGE:6,ARCHER:8;SPIDER:9
2296,0,0,true,,,utility,utility,3,75,129412305961,129412352644,16,0,GREEN,false,11,0,2,3,GOBLIN:11;MAGE:6,ARCHER:8;SPIDER:9
2297,0,0,true,,,utility,cascade,3,75,129420217042,129420170367,7,0,GREEN,false,9,0,2,3,ARCHER:7;GOBLIN:11,ARCHER:7;ASSASSIN:4;SPIDER:1
2298,0,0,true,,,cascade,utility,3,75,129420217042,129420170367,6,0,GREEN,false,13,0,2,3,ARCHER:7;GOBLIN:11,ARCHER:7;ASSASSIN:4;SPIDER:1
2299,0,0,true,,,utility,cascade,3,75,129420224961,129420179308,19,0,BLUE,false,0,5,3,3,ARCHER:1;ASSASSIN:4;GOLEM:4,ASSASSIN:4;GARGOYLE:5;GOLEM:1
2300,0,0,true,,,cascade,utility,3,75,129420224961,129420179308,24,0,GREEN,false,2,0,3,3,ARCHER:1;ASSASSIN:4;GOLEM:4,ASSASSIN:4;GARGOYLE:5;GOLEM:1
2301,0,0,true,,,utility,cascade,3,75,129428136042,129428127431,11,0,GREEN,false,2,0,3,3,ASSASSIN:7;GARGOYLE:3;SPIDER:1,GOBLIN:1;MAGE:7;SPIDER:7
2302,0,0,true,,,cascade,utility,3,75,129428136042,129428127431,13,0,BLUE,false,0,7,3,3,ASSASSIN:7;GARGOYLE:3;SPIDER:1,GOBLIN:1;MAGE:7;SPIDER:7
2303,0,0,true,,,utility,cascade,3,75,129428143961,129428120052,18,0,GREEN,false,2,0,2,4,MAGE:5;SCORPION_RIDER:5,GOLEM:6;SCORPION_RIDER:1;SPIDER:2
2304,0,0,true,,,cascade,utility,3,75,129428143961,129428120052,24,0,GREEN,false,4,0,2,4,MAGE:5;SCORPION_RIDER:5,GOLEM:6;SCORPION_RIDER:1;SPIDER:2
2305,0,0,true,,,utility,cascade,3,75,129436055042,129436068015,22,0,GREEN,false,4,0,3,3,GARGOYLE:4;GOLEM:4;SPIDER:2,ARCHER:7;MAGE:4;SPIDER:1
2306,0,0,true,,,cascade,utility,3,75,129436055042,129436068015,15,0,BLUE,false,0,7,3,3,GARGOYLE:4;GOLEM:4;SPIDER:2,ARCHER:7;MAGE:4;SPIDER:1
2307,0,0,true,,,utility,cascade,3,75,129436062961,129436043868,7,0,BLUE,false,0,5,3,3,ASSASSIN:5;MAGE:5;SPIDER:1,SCORPION_RIDER:7;SPIDER:6
2308,0,0,true,,,cascade,utility,3,75,129436062961,129436043868,5,0,BLUE,false,0,5,3,3,ASSASSIN:5;MAGE:5;SPIDER:1,SCORPION_RIDER:7;SPIDER:6
2309,0,0,true,,,utility,utility,3,75,129443974042,129443992887,5,0,BLUE,false,0,17,3,3,ASSASSIN:7;MAGE:3;SPIDER:1,GARGOYLE:5;GOBLIN:13
2310,0,0,true,,,utility,utility,3,75,129443974042,129443992887,5,0,BLUE,false,0,17,3,3,ASSASSIN:7;MAGE:3;SPIDER:1,GARGOYLE:5;GOBLIN:13
2311,0,0,true,,,utility,utility,3,75,129443981961,129444000804,9,0,BLUE,false,0,9,2,2,ARCHER:7;GOBLIN:11,GARGOYLE:6;SCORPION_RIDER:4
2312,0,0,true,,,utility,utility,3,75,129443981961,129444000804,9,0,BLUE,false,0,9,2,2,ARCHER:7;GOBLIN:11,GARGOYLE:6;SCORPION_RIDER:4
2313,0,0,true,,,utility,cascade,3,75,129451893042,129451949983,30,0,GREEN,false,2,0,3,4,GARGOYLE:1;GOLEM:2;SCORPION_RIDER:6,ARCHER:4;GOLEM:4;SPIDER:3
2314,0,0,true,,,cascade,utility,3,75,129451893042,129451949983,19,0,BLUE,false,0,7,3,4,GARGOYLE:1;GOLEM:2;SCORPION_RIDER:6,ARCHER:4;GOLEM:4;SPIDER:3
2315,0,0,true,,,utility,cascade,3,75,129451900961,129451925132,13,0,BLUE,false,0,12,3,3,MAGE:4;SPIDER:15,ARCHER:6;GARGOYLE:5;SPIDER:1
2316,0,0,true,,,cascade,utility,3,75,129451900961,129451925132,19,0,BLUE,false,0,12,3,3,MAGE:4;SPIDER:15,ARCHER:6;GARGOYLE:5;SPIDER:1
2317,0,0,true,,,utility,cascade,3,75,129459812042,129459759207,8,0,GREEN,false,9,0,3,3,ASSASSIN:1;GARGOYLE:4;SCORPION_RIDER:5,MAGE:7;SPIDER:8
2318,0,0,true,,,cascade,utility,3,75,129459812042,129459759207,12,0,GREEN,false,8,0,3,3,ASSASSIN:1;GARGOYLE:4;SCORPION_RIDER:5,MAGE:7;SPIDER:8
2319,0,0,true,,,utility,cascade,3,75,129459819961,129459866388,6,0,GREEN,false,13,0,2,3,GARGOYLE:6;GOBLIN:11,ASSASSIN:4;GOLEM:4;SPIDER:2
2320,0,0,true,,,cascade,utility,3,75,129459819961,129459866388,10,0,GREEN,false,12,0,2,3,GARGOYLE:6;GOBLIN:11,ASSASSIN:4;GOLEM:4;SPIDER:2
2321,0,0,true,,,utility,cascade,3,75,129467731042,129467683535,13,0,BLUE,false,0,7,3,3,ARCHER:4;GOBLIN:1;SCORPION_RIDER:6,ARCHER:7;GOLEM:3;SPIDER:1
2322,0,0,true,,,cascade,utility,3,75,129467731042,129467683535,10,0,GREEN,false,3,0,3,3,ARCHER:4;GOBLIN:1;SCORPION_RIDER:6,ARCHER:7;GOLEM:3;SPIDER:1
2323,0,0,true,,,utility,cascade,3,75,129467738961,129467692540,11,0,BLUE,false,0,12,2,3,ARCHER:8;GOBLIN:9,GOBLIN:1;SCORPION_RIDER:4;SPIDER:13
2324,0,0,true,,,cascade,utility,3,75,129467738961,129467692540,14,0,GREEN,false,7,0,2,3,ARCHER:8;GOBLIN:9,GOBLIN:1;SCORPION_RIDER:4;SPIDER:13
2325,0,0,true,,,utility,utility,3,75,130204198042,130204219959,21,0,,false,10,9,3,3,GARGOYLE:10;SPIDER:1,MAGE:8;SCORPION_RIDER:2;SPIDER:1
2326,0,0,true,,,utility,utility,3,75,130204198042,130204219959,21,0,,false,10,9,3,3,GARGOYLE:10;SPIDER:1,MAGE:8;SCORPION_RIDER:2;SPIDER:1
2327,0,0,true,,,utility,utility,3,75,130204205961,130204196132,24,0,,false,5,4,4,3,ASSASSIN:1;GARGOYLE:9;GOBLIN:1,ASSASSIN:4;GARGOYLE:1;GOLEM:4
2328,0,0,true,,,utility,utility,3,75,130204205961,130204196132,24,0,,false,5,4,4,3,ASSASSIN:1;GARGOYLE:9;GOBLIN:1,ASSASSIN:4;GARGOYLE:1;GOLEM:4
2329,0,0,true,,,utility,cascade,3,75,130212117042,130212160671,9,0,BLUE,false,0,4,3,2,GOBLIN:2;MAGE:3;SPIDER:16,MAGE:7;SCORPION_RIDER:3
2330,0,0,true,,,cascade,utility,3,75,130212117042,130212160671,27,0,BLUE,false,0,5,3,2,GOBLIN:2;MAGE:3;SPIDER:16,MAGE:7;SCORPION_RIDER:3
2331,0,0,true,,,utility,cascade,3,75,130212124961,130212136844,8,0,GREEN,false,14,0,3,3,GOBLIN:9;SCORPION_RIDER:6,ASSASSIN:2;MAGE:8;SPIDER:1
2332,0,0,true,,,cascade,utility,3,75,130212124961,130212136844,8,0,GREEN,false,7,0,3,3,GOBLIN:9;SCORPION_RIDER:6,ASSASSIN:2;MAGE:8;SPIDER:1
2333,0,0,true,,,utility,utility,3,75,130220036042,130220085607,11,0,BLUE,false,0,9,2,3,GOLEM:4;MAGE:5,ASSASSIN:1;GARGOYLE:4;SCORPION_RIDER:5
2334,0,0,true,,,utility,utility,3,75,130220036042,130220085607,9,0,BLUE,false,0,9,2,3,GOLEM:4;MAGE:5,ASSASSIN:1;GARGOYLE:4;SCORPION_RIDER:5
2335,0,0,true,,,utility,utility,3,75,130220043961,130220093460,27,0,BLUE,false,0,4,3,2,GARGOYLE:3;SCORPION_RIDER:6;SPIDER:2,SCORPION_RIDER:4;SPIDER:14
2336,0,0,true,,,utility,utility,3,75,130220043961,130220093460,27,0,BLUE,false,0,4,3,2,GARGOYLE:3;SCORPION_RIDER:6;SPIDER:2,SCORPION_RIDER:4;SPIDER:14
2337,0,0,true,,,utility,cascade,3,75,130227955042,130227911631,17,0,GREEN,false,2,0,3,2,SCORPION_RIDER:9;SPIDER:1,GARGOYLE:5;GOLEM:4
2338,0,0,true,,,cascade,utility,3,75,130227955042,130227911631,16,0,GREEN,false,2,0,3,2,SCORPION_RIDER:9;SPIDER:1,GARGOYLE:5;GOLEM:4
2339,0,0,true,,,utility,cascade,3,75,130227962961,130228017916,6,0,GREEN,false,8,0,3,2,ARCHER:1;GARGOYLE:3;SCORPION_RIDER:6,ARCHER:8;GOBLIN:9
2340,0,0,true,,,cascade,utility,3,75,130227962961,130228017916,13,0,BLUE,false,0,8,3,2,ARCHER:1;GARGOYLE:3;SCORPION_RIDER:6,ARCHER:8;GOBLIN:9
2341,0,0,true,,,utility,cascade,3,75,130235874042,130235851863,7,0,BLUE,false,0,9,2,2,ARCHER:3;MAGE:8,MAGE:5;SCORPION_RIDER:5
2342,0,0,true,,,cascade,utility,3,75,130235874042,130235851863,5,0,BLUE,false,0,9,2,2,ARCHER:3;MAGE:8,MAGE:5;SCORPION_RIDER:5
2343,0,0,true,,,utility,cascade,3,75,130235881961,130235828036,8,0,GREEN,false,4,0,3,3,ARCHER:5;GOBLIN:1;GOLEM:4,ASSASSIN:10;SPIDER:1
2344,0,0,true,,,cascade,utility,3,75,130235881961,130235828036,10,0,GREEN,false,4,0,3,3,ARCHER:5;GOBLIN:1;GOLEM:4,ASSASSIN:10;SPIDER:1
2345,0,0,true,,,utility,cascade,3,75,130243793042,130243776063,7,0,BLUE,false,0,3,2,2,GOLEM:4;MAGE:5,ASSASSIN:8;GOBLIN:6
2346,0,0,true,,,cascade,utility,3,75,130243793042,130243776063,10,0,GREEN,false,3,0,2,2,GOLEM:4;MAGE:5,ASSASSIN:8;GOBLIN:6
2347,0,0,true,,,utility,cascade,3,75,130243800961,130243785004,17,0,BLUE,false,0,6,3,3,ARCHER:8;GOBLIN:8;SPIDER:1,GARGOYLE:10;SPIDER:1
2348,0,0,true,,,cascade,utility,3,75,130243800961,130243785004,12,0,GREEN,false,8,0,3,3,ARCHER:8;GOBLIN:8;SPIDER:1,GARGOYLE:10;SPIDER:1
2349,0,0,true,,,utility,cascade,3,75,130251712042,130251733127,9,0,BLUE,false,0,13,2,4,MAGE:7;SCORPION_RIDER:3,ARCHER:6;GOBLIN:12;SPIDER:1
2350,0,0,true,,,cascade,utility,3,75,130251712042,130251733127,6,0,BLUE,false,0,11,2,4,MAGE:7;SCORPION_RIDER:3,ARCHER:6;GOBLIN:12;SPIDER:1
2351,0,0,true,,,utility,cascade,3,75,130251719961,130251709364,10,0,GREEN,false,9,0,3,3,GARGOYLE:10;GOBLIN:1,GOBLIN:1;MAGE:10
2352,0,0,true,,,cascade,utility,3,75,130251719961,130251709364,18,0,GREEN,false,8,0,3,3,GARGOYLE:10;GOBLIN:1,GOBLIN:1;MAGE:10
2353,0,0,true,,,utility,utility,3,75,130259631042,130259674479,14,0,GREEN,false,7,0,2,4,ARCHER:7;SPIDER:11,ARCHER:1;ASSASSIN:8;GOLEM:1;SPIDER:1
2354,0,0,true,,,utility,utility,3,75,130259631042,130259674479,14,0,GREEN,false,7,0,2,4,ARCHER:7;SPIDER:11,ARCHER:1;ASSASSIN:8;GOLEM:1;SPIDER:1
2355,0,0,true,,,utility,utility,3,75,130259638961,130259649564,35,0,BLUE,false,0,2,3,3,ARCHER:11;GOBLIN:3,GOBLIN:1;SCORPION_RIDER:4;SPIDER:13
2356,0,0,true,,,utility,utility,3,75,130259638961,130259649564,39,0,BLUE,false,0,2,3,3,ARCHER:11;GOBLIN:3,GOBLIN:1;SCORPION_RIDER:4;SPIDER:13
2357,0,0,true,,,utility,cascade,3,75,130996098042,130996047191,7,0,GREEN,false,12,0,4,2,ARCHER:7;GARGOYLE:2;GOBLIN:6,ARCHER:3;MAGE:8
2358,0,0,true,,,cascade,utility,3,75,130996098042,130996047191,12,0,GREEN,false,6,0,4,2,ARCHER:7;GARGOYLE:2;GOBLIN:6,ARCHER:3;MAGE:8
2359,0,0,true,,,utility,cascade,3,75,130996105961,130996055108,11,0,BLUE,false,0,7,2,3,ASSASSIN:8;SPIDER:6,GARGOYLE:10;GOBLIN:1
2360,0,0,true,,,cascade,utility,3,75,130996105961,130996055108,9,0,BLUE,false,0,6,2,3,ASSASSIN:8;SPIDER:6,GARGOYLE:10;GOBLIN:1
2361,0,0,true,,,utility,utility,3,75,131004017042,131004004159,14,0,GREEN,false,4,0,2,3,GARGOYLE:4;SPIDER:15,ASSASSIN:7;GOBLIN:1;SPIDER:7
2362,0,0,true,,,utility,utility,3,75,131004017042,131004004159,14,0,GREEN,false,4,0,2,3,GARGOYLE:4;SPIDER:15,ASSASSIN:7;GOBLIN:1;SPIDER:7
2363,0,0,true,,,utility,utility,3,75,131004024961,131003979308,36,0,,false,9,9,3,4,GARGOYLE:6;GOBLIN:1;GOLEM:3,ASSASSIN:2;GOBLIN:1;MAGE:7;SCORPION_RIDER:1
2364,0,0,true,,,utility,utility,3,75,131004024961,131003979308,36,0,,false,9,9,3,4,GARGOYLE:6;GOBLIN:1;GOLEM:3,ASSASSIN:2;GOBLIN:1;MAGE:7;SCORPION_RIDER:1
2365,0,0,true,,,utility,cascade,3,75,131011936042,131011944839,13,0,GREEN,false,5,0,3,3,ASSASSIN:4;SCORPION_RIDER:5;SPIDER:2,GOBLIN:2;MAGE:4;SPIDER:13
2366,0,0,true,,,cascade,utility,3,75,131011936042,131011944839,8,0,GREEN,false,5,0,3,3,ASSASSIN:4;SCORPION_RIDER:5;SPIDER:2,GOBLIN:2;MAGE:4;SPIDER:13
2367,0,0,true,,,utility,cascade,3,75,131011943961,131011920052,12,0,GREEN,false,6,0,3,3,GOBLIN:1;SCORPION_RIDER:9,ASSASSIN:8;GARGOYLE:2;SPIDER:1
2368,0,0,true,,,cascade,utility,3,75,131011943961,131011920052,8,0,GREEN,false,5,0,3,3,GOBLIN:1;SCORPION_RIDER:9,ASSASSIN:8;GARGOYLE:2;SPIDER:1
2369,0,0,true,,,utility,cascade,3,75,131019855042,131019868783,9,0,BLUE,false,0,3,3,3,ASSASSIN:10;GOBLIN:1,GOLEM:3;SPIDER:15
2370,0,0,true,,,cascade,utility,3,75,131019855042,131019868783,7,0,BLUE,false,0,3,3,3,ASSASSIN:10;GOBLIN:1,GOLEM:3;SPIDER:15
2371,0,0,true,,,utility,cascade,3,75,131019862961,131019877660,11,0,BLUE,false,0,13,3,3,GOBLIN:2;GOLEM:2;MAGE:7,GOBLIN:10;GOLEM:4;SPIDER:1
2372,0,0,true,,,cascade,utility,3,75,131019862961,131019877660,17,0,BLUE,false,0,10,3,3,GOBLIN:2;GOLEM:2;MAGE:7,GOBLIN:10;GOLEM:4;SPIDER:1
2373,0,0,true,,,utility,utility,3,75,131027774042,131027825911,8,0,GREEN,false,9,0,5,4,ARCHER:9;ASSASSIN:1;SCORPION_RIDER:1;SPIDER:2,ASSASSIN:10;SPIDER:1
2374,0,0,true,,,utility,utility,3,75,131027774042,131027825911,8,0,GREEN,false,9,0,5,4,ARCHER:9;ASSASSIN:1;SCORPION_RIDER:1;SPIDER:2,ASSASSIN:10;SPIDER:1
2375,0,0,true,,,utility,utility,3,75,131027781961,131027802084,26,0,,false,4,11,3,3,ARCHER:2;GARGOYLE:3;GOLEM:4,ARCHER:5;ASSASSIN:1;GOBLIN:12
2376,0,0,true,,,utility,utility,3,75,131027781961,131027802084,26,0,,false,4,11,3,3,ARCHER:2;GARGOYLE:3;GOLEM:4,ARCHER:5;ASSASSIN:1;GOBLIN:12
2377,0,0,true,,,utility,cascade,3,75,131035693042,131035636063,27,0,BLUE,false,0,6,3,3,GOBLIN:11;GOLEM:4,GARGOYLE:5;GOBLIN:13
2378,0,0,true,,,cascade,utility,3,75,131035693042,131035636063,17,0,BLUE,false,0,7,3,3,GOBLIN:11;GOLEM:4,GARGOYLE:5;GOBLIN:13
2379,0,0,true,,,utility,cascade,3,75,131035700961,131035742284,13,0,BLUE,false,0,9,5,4,ASSASSIN:1;GOBLIN:1;GOLEM:4;MAGE:3;SPIDER:1,ARCHER:2;GOBLIN:20;SPIDER:1
2380,0,0,true,,,cascade,utility,3,75,131035700961,131035742284,7,0,BLUE,false,0,16,5,4,ASSASSIN:1;GOBLIN:1;GOLEM:4;MAGE:3;SPIDER:1,ARCHER:2;GOBLIN:20;SPIDER:1
2381,0,0,true,,,utility,utility,3,75,131043612042,131043560231,32,0,,false,5,2,3,4,GOLEM:4;SCORPION_RIDER:4;SPIDER:1,GARGOYLE:2;GOBLIN:1;MAGE:2;SPIDER:14
2382,0,0,true,,,utility,utility,3,75,131043612042,131043560231,12,0,GREEN,false,7,0,3,4,GOLEM:4;SCORPION_RIDER:4;SPIDER:1,GARGOYLE:2;GOBLIN:1;MAGE:2;SPIDER:14
2383,0,0,true,,,utility,utility,3,75,131043619961,131043568340,20,0,,false,4,3,3,2,ARCHER:5;GOBLIN:1;GOLEM:4,ARCHER:3;ASSASSIN:8
2384,0,0,true,,,utility,utility,3,75,131043619961,131043568340,20,0,,false,3,3,3,2,ARCHER:5;GOBLIN:1;GOLEM:4,ARCHER:3;ASSASSIN:8
2385,0,0,true,,,utility,cascade,3,75,131051531042,131051517327,10,0,GREEN,false,4,0,3,3,ARCHER:1;GOLEM:4;MAGE:4,ASSASSIN:4;MAGE:1;SCORPION_RIDER:5
2386,0,0,true,,,cascade,utility,3,75,131051531042,131051517327,10,0,GREEN,false,7,0,3,3,ARCHER:1;GOLEM:4;MAGE:4,ASSASSIN:4;MAGE:1;SCORPION_RIDER:5
2387,0,0,true,,,utility,cascade,3,75,131051538961,131051492540,9,0,BLUE,false,0,16,3,2,MAGE:10;SPIDER:1,SCORPION_RIDER:5;SPIDER:11
2388,0,0,true,,,cascade,utility,3,75,131051538961,131051492540,5,0,BLUE,false,0,16,3,2,MAGE:10;SPIDER:1,SCORPION_RIDER:5;SPIDER:11
2389,0,0,true,,,utility,cascade,3,75,131787998042,131788021239,19,0,BLUE,false,0,3,3,3,ARCHER:7;GARGOYLE:4;GOBLIN:1,GARGOYLE:4;GOLEM:4;SPIDER:2
2390,0,0,true,,,cascade,utility,3,75,131787998042,131788021239,21,0,BLUE,false,0,3,3,3,ARCHER:7;GARGOYLE:4;GOBLIN:1,GARGOYLE:4;GOLEM:4;SPIDER:2
2391,0,0,true,,,utility,cascade,3,75,131788005961,131788029156,13,0,BLUE,false,0,6,2,2,SCORPION_RIDER:5;SPIDER:11,GARGOYLE:6;SCORPION_RIDER:4
2392,0,0,true,,,cascade,utility,3,75,131788005961,131788029156,9,0,BLUE,false,0,8,2,2,SCORPION_RIDER:5;SPIDER:11,GARGOYLE:6;SCORPION_RIDER:4
2393,0,0,true,,,utility,cascade,3,75,131795917042,131795961439,17,0,BLUE,false,0,5,2,3,GARGOYLE:4;SPIDER:15,ARCHER:1;ASSASSIN:4;GOLEM:4
2394,0,0,true,,,cascade,utility,3,75,131795917042,131795961439,19,0,BLUE,false,0,5,2,3,GARGOYLE:4;SPIDER:15,ARCHER:1;ASSASSIN:4;GOLEM:4
2395,0,0,true,,,utility,cascade,3,75,131795924961,131795970380,6,0,GREEN,false,11,0,3,3,GARGOYLE:10;GOBLIN:1,ASSASSIN:4;GARGOYLE:1;SPIDER:13
2396,0,0,true,,,cascade,utility,3,75,131795924961,131795970380,10,0,GREEN,false,9,0,3,3,GARGOYLE:10;GOBLIN:1,ASSASSIN:4;GARGOYLE:1;SPIDER:13
2397,0,0,true,,,utility,utility,3,75,131803836042,131803787303,25,0,,false,13,5,2,4,MAGE:4;SPIDER:15,GARGOYLE:9;SCORPION_RIDER:1;SPIDER:1
2398,0,0,true,,,utility,utility,3,75,131803836042,131803787303,25,0,,false,13,5,2,4,MAGE:4;SPIDER:15,GARGOYLE:9;SCORPION_RIDER:1;SPIDER:1
2399,0,0,true,,,utility,utility,3,75,131803843961,131803894740,13,0,BLUE,false,0,8,3,2,ASSASSIN:7;GOBLIN:2;GOLEM:2,ARCHER:7;SCORPION_RIDER:4
2400,0,0,true,,,utility,utility,3,75,131803843961,131803894740,13,0,BLUE,false,0,9,3,2,ASSASSIN:7;GOBLIN:2;GOLEM:2,ARCHER:7;SCORPION_RIDER:4
2401,0,0,true,,,utility,cascade,3,75,131811755042,131811711631,14,0,GREEN,false,6,0,3,3,GARGOYLE:6;GOBLIN:1;GOLEM:3,GOBLIN:10;MAGE:5;SPIDER:3
2402,0,0,true,,,cascade,utility,3,75,131811755042,131811711631,16,0,GREEN,false,6,0,3,3,GARGOYLE:6;GOBLIN:1;GOLEM:3,GOBLIN:10;MAGE:5;SPIDER:3
2403,0,0,true,,,utility,cascade,3,75,131811762961,131811720636,9,0,GREEN,false,6,0,3,3,GARGOYLE:3;GOBLIN:2;SCORPION_RIDER:6,ASSASSIN:5;GOBLIN:11;SPIDER:2
2404,0,0,true,,,cascade,utility,3,75,131811762961,131811720636,10,0,GREEN,false,9,0,3,3,GARGOYLE:3;GOBLIN:2;SCORPION_RIDER:6,ASSASSIN:5;GOBLIN:11;SPIDER:2
2405,0,0,true,,,utility,cascade,3,75,131819674042,131819652887,16,0,GREEN,false,3,0,3,3,GOBLIN:1;SCORPION_RIDER:9,ARCHER:12;GOBLIN:1
2406,0,0,true,,,cascade,utility,3,75,131819674042,131819652887,10,0,GREEN,false,6,0,3,3,GOBLIN:1;SCORPION_RIDER:9,ARCHER:12;GOBLIN:1
2407,0,0,true,,,utility,cascade,3,75,131819681961,131819660804,15,0,BLUE,false,0,5,3,3,ASSASSIN:8;GOBLIN:6,ASSASSIN:7;GARGOYLE:3;GOBLIN:1
2408,0,0,true,,,cascade,utility,3,75,131819681961,131819660804,6,0,GREEN,false,6,0,3,3,ASSASSIN:8;GOBLIN:6,ASSASSIN:7;GARGOYLE:3;GOBLIN:1
2409,0,0,true,,,utility,cascade,3,75,131827593042,131827610111,11,0,BLUE,false,0,9,4,3,SPIDER:25,GOBLIN:8;MAGE:7
2410,0,0,true,,,cascade,utility,3,75,131827593042,131827610111,19,0,BLUE,false,0,6,4,3,SPIDER:25,GOBLIN:8;MAGE:7
2411,0,0,true,,,utility,cascade,3,75,131827600961,131827585260,8,0,GREEN,false,13,0,3,3,ARCHER:1;SCORPION_RIDER:6;SPIDER:7,ASSASSIN:2;MAGE:8;SPIDER:1
2412,0,0,true,,,cascade,utility,3,75,131827600961,131827585260,6,0,GREEN,false,11,0,3,3,ARCHER:1;SCORPION_RIDER:6;SPIDER:7,ASSASSIN:2;MAGE:8;SPIDER:1
2413,0,0,true,,,utility,cascade,3,75,131835512042,131835533895,7,0,BLUE,false,0,10,2,2,ASSASSIN:7;SPIDER:8,GOBLIN:11;MAGE:6
2414,0,0,true,,,cascade,utility,3,75,131835512042,131835533895,5,0,BLUE,false,0,9,2,2,ASSASSIN:7;SPIDER:8,GOBLIN:11;MAGE:6
2415,0,0,true,,,utility,cascade,3,75,131835519961,131835542900,15,0,BLUE,false,0,5,3,4,GOBLIN:2;SCORPION_RIDER:3;SPIDER:15,ASSASSIN:1;GARGOYLE:5;MAGE:4;SPIDER:1
2416,0,0,true,,,cascade,utility,3,75,131835519961,131835542900,14,0,GREEN,false,3,0,3,4,GOBLIN:2;SCORPION_RIDER:3;SPIDER:15,ASSASSIN:1;GARGOYLE:5;MAGE:4;SPIDER:1
2417,0,0,true,,,utility,cascade,3,75,131843431042,131843474479,9,0,GREEN,false,6,0,2,4,ARCHER:7;SCORPION_RIDER:4,ARCHER:1;GOBLIN:12;SCORPION_RIDER:4
2418,0,0,true,,,cascade,utility,3,75,131843431042,131843474479,16,0,GREEN,false,5,0,2,4,ARCHER:7;SCORPION_RIDER:4,ARCHER:1;GOBLIN:12;SCORPION_RIDER:4
2419,0,0,true,,,utility,cascade,3,75,131843438961,131843483612,7,0,BLUE,false,0,9,3,3,SCORPION_RIDER:3;SPIDER:17,ASSASSIN:1;GOBLIN:11;SPIDER:11
2420,0,0,true,,,cascade,utility,3,75,131843438961,131843483612,7,0,BLUE,false,0,14,3,3,SCORPION_RIDER:3;SPIDER:17,ASSASSIN:1;GOBLIN:11;SPIDER:11
2421,0,0,true,,,utility,utility,3,75,132579898042,132579879959,12,0,GREEN,false,15,0,3,2,GOBLIN:10;GOLEM:4;SPIDER:1,ARCHER:4;MAGE:7
2422,0,0,true,,,utility,utility,3,75,132579898042,132579879959,12,0,GREEN,false,15,0,3,2,GOBLIN:10;GOLEM:4;SPIDER:1,ARCHER:4;MAGE:7
2423,0,0,true,,,utility,utility,3,75,132579905961,132579856132,18,0,,false,11,9,3,3,ARCHER:7;GOBLIN:9;SPIDER:2,ARCHER:7;GOBLIN:1;GOLEM:3
2424,0,0,true,,,utility,utility,3,75,132579905961,132579856132,21,0,BLUE,false,0,7,3,3,ARCHER:7;GOBLIN:9;SPIDER:2,ARCHER:7;GOBLIN:1;GOLEM:3
2425,0,0,true,,,utility,cascade,3,75,132587817042,132587804415,17,0,GREEN,false,11,0,3,3,GARGOYLE:6;SPIDER:11,ARCHER:1;GARGOYLE:3;SPIDER:16
2426,0,0,true,,,cascade,utility,3,75,132587817042,132587804415,24,0,GREEN,false,9,0,3,3,GARGOYLE:6;SPIDER:11,ARCHER:1;GARGOYLE:3;SPIDER:16
2427,0,0,true,,,utility,cascade,3,75,132587824961,132587813356,10,0,GREEN,false,10,0,3,2,ARCHER:7;GOBLIN:1;GOLEM:3,GOLEM:3;SPIDER:15
2428,0,0,true,,,cascade,utility,3,75,132587824961,132587813356,27,0,,false,7,8,3,2,ARCHER:7;GOBLIN:1;GOLEM:3,GOLEM:3;SPIDER:15
2429,0,0,true,,,utility,cascade,3,75,132595736042,132595745607,11,0,BLUE,false,0,8,3,3,GARGOYLE:1;GOBLIN:11;SPIDER:11,SCORPION_RIDER:9;SPIDER:1
2430,0,0,true,,,cascade,utility,3,75,132595736042,132595745607,7,0,BLUE,false,0,9,3,3,GARGOYLE:1;GOBLIN:11;SPIDER:11,SCORPION_RIDER:9;SPIDER:1
2431,0,0,true,,,utility,cascade,3,75,132595743961,132595753588,6,0,GREEN,false,9,0,3,2,SCORPION_RIDER:9;SPIDER:1,GOBLIN:8;MAGE:7
2432,0,0,true,,,cascade,utility,3,75,132595743961,132595753588,10,0,GREEN,false,6,0,3,2,SCORPION_RIDER:9;SPIDER:1,GOBLIN:8;MAGE:7
2433,0,0,true,,,utility,utility,3,75,132603655042,132603702575,12,0,GREEN,false,8,0,2,3,GARGOYLE:5;GOLEM:4,ARCHER:4;GOBLIN:3;GOLEM:4
2434,0,0,true,,,utility,utility,3,75,132603655042,132603702575,18,0,GREEN,false,4,0,2,3,GARGOYLE:5;GOLEM:4,ARCHER:4;GOBLIN:3;GOLEM:4
2435,0,0,true,,,utility,utility,3,75,132603662961,132603677916,14,0,GREEN,false,6,0,3,3,ASSASSIN:1;GOLEM:4;MAGE:4,GOBLIN:2;GOLEM:4;MAGE:4
2436,0,0,true,,,utility,utility,3,75,132603662961,132603677916,20,0,,false,4,10,3,3,ASSASSIN:1;GOLEM:4;MAGE:4,GOBLIN:2;GOLEM:4;MAGE:4
2437,0,0,true,,,utility,utility,3,75,132611574042,132611626935,9,0,BLUE,false,0,11,2,3,ASSASSIN:5;GOLEM:4,ARCHER:6;ASSASSIN:1;GOBLIN:10
2438,0,0,true,,,utility,utility,3,75,132611574042,132611626935,9,0,BLUE,false,0,11,2,3,ASSASSIN:5;GOLEM:4,ARCHER:6;ASSASSIN:1;GOBLIN:10
2439,0,0,true,,,utility,utility,3,75,132611581961,132611634852,18,0,GREEN,false,6,0,3,4,GARGOYLE:6;SPIDER:11,GARGOYLE:2;GOBLIN:1;SCORPION_RIDER:5;SPIDER:6
2440,0,0,true,,,utility,utility,3,75,132611581961,132611634852,18,0,GREEN,false,6,0,3,4,GARGOYLE:6;SPIDER:11,GARGOYLE:2;GOBLIN:1;SCORPION_RIDER:5;SPIDER:6
2441,0,0,true,,,utility,cascade,3,75,132619493042,132619436063,11,0,BLUE,false,0,5,3,3,ASSASSIN:2;MAGE:8;SPIDER:1,ARCHER:1;GOLEM:2;MAGE:7
2442,0,0,true,,,cascade,utility,3,75,132619493042,132619436063,21,0,BLUE,false,0,2,3,3,ASSASSIN:2;MAGE:8;SPIDER:1,ARCHER:1;GOLEM:2;MAGE:7
2443,0,0,true,,,utility,cascade,3,75,132619500961,132619445004,16,0,GREEN,false,5,0,3,3,MAGE:3;SCORPION_RIDER:6;SPIDER:2,ARCHER:9;GOBLIN:7
2444,0,0,true,,,cascade,utility,3,75,132619500961,132619445004,8,0,GREEN,false,6,0,3,3,MAGE:3;SCORPION_RIDER:6;SPIDER:2,ARCHER:9;GOBLIN:7
2445,0,0,true,,,utility,cascade,3,75,132627412042,132627393255,9,0,BLUE,false,0,14,3,3,ARCHER:3;GARGOYLE:1;MAGE:7,GOBLIN:14;SPIDER:11
2446,0,0,true,,,cascade,utility,3,75,132627412042,132627393255,12,0,BLUE,false,0,9,3,3,ARCHER:3;GARGOYLE:1;MAGE:7,GOBLIN:14;SPIDER:11
2447,0,0,true,,,utility,cascade,3,75,132627419961,132627369364,8,0,GREEN,false,6,0,3,3,GOBLIN:2;GOLEM:4;MAGE:4,ASSASSIN:7;GOBLIN:7;SPIDER:1
2448,0,0,true,,,cascade,utility,3,75,132627419961,132627369364,12,0,GREEN,false,6,0,3,3,GOBLIN:2;GOLEM:4;MAGE:4,ASSASSIN:7;GOBLIN:7;SPIDER:1
2449,0,0,true,,,utility,cascade,3,75,132635331042,132635318095,12,0,GREEN,false,2,0,3,3,ARCHER:1;ASSASSIN:7;GOLEM:2,GOLEM:2;MAGE:7;SPIDER:2
2450,0,0,true,,,cascade,utility,3,75,132635331042,132635318095,6,0,GREEN,false,5,0,3,3,ARCHER:1;ASSASSIN:7;GOLEM:2,GOLEM:2;MAGE:7;SPIDER:2
2451,0,0,true,,,utility,cascade,3,75,132635338961,132635326076,6,0,GREEN,false,5,0,3,2,ARCHER:4;GOBLIN:1;SCORPION_RIDER:6,GOBLIN:11;MAGE:6
2452,0,0,true,,,cascade,utility,3,75,132635338961,132635326076,6,0,GREEN,false,6,0,3,2,ARCHER:4;GOBLIN:1;SCORPION_RIDER:6,GOBLIN:11;MAGE:6
2453,0,0,true,,,utility,cascade,3,75,133371798042,133371854007,8,0,GREEN,false,12,0,3,2,ASSASSIN:7;GOBLIN:7;SPIDER:1,MAGE:4;SPIDER:15
2454,0,0,true,,,cascade,utility,3,75,133371798042,133371854007,8,0,GREEN,false,7,0,3,2,ASSASSIN:7;GOBLIN:7;SPIDER:1,MAGE:4;SPIDER:15
2455,0,0,true,,,utility,cascade,3,75,133371805961,133371830180,9,0,BLUE,false,0,12,3,3,ASSASSIN:2;MAGE:8;SPIDER:1,ARCHER:8;GOBLIN:9
2456,0,0,true,,,cascade,utility,3,75,133371805961,133371830180,6,0,BLUE,false,0,10,3,3,ASSASSIN:2;MAGE:8;SPIDER:1,ARCHER:8;GOBLIN:9
2457,0,0,true,,,utility,utility,3,75,133379717042,133379664159,12,0,,false,10,25,3,3,GOBLIN:2;GOLEM:2;SCORPION_RIDER:6,GOBLIN:24;SPIDER:1
2458,0,0,true,,,utility,utility,3,75,133379717042,133379664159,12,0,,false,10,25,3,3,GOBLIN:2;GOLEM:2;SCORPION_RIDER:6,GOBLIN:24;SPIDER:1
2459,0,0,true,,,utility,utility,3,75,133379724961,133379770380,22,0,,false,6,9,3,3,MAGE:6;SCORPION_RIDER:4,GARGOYLE:6;GOLEM:3;SPIDER:1
2460,0,0,true,,,utility,utility,3,75,133379724961,133379770380,22,0,,false,6,9,3,3,MAGE:6;SCORPION_RIDER:4,GARGOYLE:6;GOLEM:3;SPIDER:1
2461,0,0,true,,,utility,utility,3,75,133387636042,133387588583,13,0,BLUE,false,0,7,3,3,ASSASSIN:4;GARGOYLE:6;SPIDER:1,ARCHER:12;GOBLIN:1
2462,0,0,true,,,utility,utility,3,75,133387636042,133387588583,13,0,BLUE,false,0,7,3,3,ASSASSIN:4;GARGOYLE:6;SPIDER:1,ARCHER:12;GOBLIN:1
2463,0,0,true,,,utility,utility,3,75,133387643961,133387596436,21,0,,false,12,5,4,3,ARCHER:1;ASSASSIN:4;GOBLIN:12;SPIDER:1,ASSASSIN:5;GARGOYLE:5;SPIDER:1
2464,0,0,true,,,utility,utility,3,75,133387643961,133387596436,21,0,,false,12,5,4,3,ARCHER:1;ASSASSIN:4;GOBLIN:12;SPIDER:1,ASSASSIN:5;GARGOYLE:5;SPIDER:1
2465,0,0,true,,,utility,utility,3,75,133395555042,133395545167,12,0,,false,20,14,3,2,SCORPION_RIDER:3;SPIDER:17,MAGE:8;SPIDER:6
2466,0,0,true,,,utility,utility,3,75,133395555042,133395545167,12,0,,false,20,14,3,2,SCORPION_RIDER:3;SPIDER:17,MAGE:8;SPIDER:6
2467,0,0,true,,,utility,utility,3,75,133395562961,133395521404,19,0,,false,16,13,3,4,ASSASSIN:3;GOBLIN:2;SPIDER:16,ASSASSIN:4;GOBLIN:13;SCORPION_RIDER:1
2468,0,0,true,,,utility,utility,3,75,133395562961,133395521404,19,0,,false,16,13,3,4,ASSASSIN:3;GOBLIN:2;SPIDER:16,ASSASSIN:4;GOBLIN:13;SCORPION_RIDER:1
2469,0,0,true,,,utility,cascade,3,75,133403474042,133403485911,26,0,GREEN,false,6,0,3,3,GARGOYLE:5;GOBLIN:13,GOLEM:7;SPIDER:1
2470,0,0,true,,,cascade,utility,3,75,133403474042,133403485911,22,0,GREEN,false,6,0,3,3,GARGOYLE:5;GOBLIN:13,GOLEM:7;SPIDER:1
2471,0,0,true,,,utility,cascade,3,75,133403481961,133403462084,6,0,GREEN,false,10,0,2,2,GARGOYLE:5;SCORPION_RIDER:5,ASSASSIN:7;SPIDER:8
2472,0,0,true,,,cascade,utility,3,75,133403481961,133403462084,6,0,GREEN,false,9,0,2,2,GARGOYLE:5;SCORPION_RIDER:5,ASSASSIN:7;SPIDER:8
2473,0,0,true,,,utility,cascade,3,75,133411393042,133411410111,9,0,BLUE,false,0,6,3,3,ASSASSIN:3;MAGE:7;SPIDER:1,ARCHER:4;SCORPION_RIDER:6;SPIDER:1
2474,0,0,true,,,cascade,utility,3,75,133411393042,133411410111,7,0,BLUE,false,0,10,3,3,ASSASSIN:3;MAGE:7;SPIDER:1,ARCHER:4;SCORPION_RIDER:6;SPIDER:1
2475,0,0,true,,,utility,cascade,3,75,133411400961,133411419052,13,0,BLUE,false,0,5,3,3,ASSASSIN:5;GARGOYLE:5;GOBLIN:1,ASSASSIN:1;GARGOYLE:5;SCORPION_RIDER:4
2476,0,0,true,,,cascade,utility,3,75,133411400961,133411419052,12,0,BLUE,false,0,7,3,3,ASSASSIN:5;GARGOYLE:5;GOBLIN:1,ASSASSIN:1;GARGOYLE:5;SCORPION_RIDER:4
2477,0,0,true,,,utility,cascade,3,75,133419312042,133419367687,5,0,BLUE,false,0,17,3,3,ASSASSIN:7;SPIDER:8,GARGOYLE:5;GOBLIN:13
2478,0,0,true,,,cascade,utility,3,75,133419312042,133419367687,5,0,BLUE,false,0,17,3,3,ASSASSIN:7;SPIDER:8,GARGOYLE:5;GOBLIN:13
2479,0,0,true,,,utility,cascade,3,75,133419319961,133419342900,20,0,GREEN,false,3,0,3,3,GOBLIN:12;GOLEM:3;MAGE:1,GOBLIN:1;MAGE:8;SCORPION_RIDER:2
2480,0,0,true,,,cascade,utility,3,75,133419319961,133419342900,10,0,GREEN,false,10,0,3,3,GOBLIN:12;GOLEM:3;MAGE:1,GOBLIN:1;MAGE:8;SCORPION_RIDER:2
2481,0,0,true,,,utility,cascade,3,75,133427231042,133427177455,12,0,GREEN,false,9,0,3,3,GARGOYLE:2;MAGE:8;SPIDER:1,ARCHER:1;SCORPION_RIDER:3;SPIDER:15
2482,0,0,true,,,cascade,utility,3,75,133427231042,133427177455,9,0,BLUE,false,0,12,3,3,GARGOYLE:2;MAGE:8;SPIDER:1,ARCHER:1;SCORPION_RIDER:3;SPIDER:15
2483,0,0,true,,,utility,cascade,3,75,133427238961,133427283612,9,0,BLUE,false,0,9,3,2,ASSASSIN:7;GOBLIN:1;MAGE:3,SCORPION_RIDER:4;SPIDER:14
2484,0,0,true,,,cascade,utility,3,75,133427238961,133427283612,4,0,BLUE,false,0,7,3,2,ASSASSIN:7;GOBLIN:1;MAGE:3,SCORPION_RIDER:4;SPIDER:14
2485,0,0,true,,,utility,cascade,3,75,134163698042,134163681239,10,0,GREEN,false,7,0,3,3,GOBLIN:14;SCORPION_RIDER:4,MAGE:3;SCORPION_RIDER:6;SPIDER:2
2486,0,0,true,,,cascade,utility,3,75,134163698042,134163681239,7,0,GREEN,false,3,0,3,3,GOBLIN:14;SCORPION_RIDER:4,MAGE:3;SCORPION_RIDER:6;SPIDER:2
2487,0,0,true,,,utility,cascade,3,75,134163705961,134163689156,11,0,BLUE,false,0,9,3,3,ASSASSIN:4;GOBLIN:2;SPIDER:13,GARGOYLE:5;SPIDER:13
2488,0,0,true,,,cascade,utility,3,75,134163705961,134163689156,7,0,BLUE,false,0,12,3,3,ASSASSIN:4;GOBLIN:2;SPIDER:13,GARGOYLE:5;SPIDER:13
2489,0,0,true,,,utility,cascade,3,75,134171617042,134171638207,19,0,BLUE,false,0,5,2,4,ASSASSIN:5;GOLEM:4,GARGOYLE:10;GOBLIN:1
2490,0,0,true,,,cascade,utility,3,75,134171617042,134171638207,17,0,BLUE,false,0,5,2,4,ASSASSIN:5;GOLEM:4,GARGOYLE:10;GOBLIN:1
2491,0,0,true,,,utility,cascade,3,75,134171624961,134171613356,5,0,GREEN,false,8,0,3,2,ARCHER:1;GARGOYLE:5;SCORPION_RIDER:4,ASSASSIN:7;SCORPION_RIDER:3
2492,0,0,true,,,cascade,utility,3,75,134171624961,134171613356,6,0,GREEN,false,9,0,3,2,ARCHER:1;GARGOYLE:5;SCORPION_RIDER:4,ASSASSIN:7;SCORPION_RIDER:3
2493,0,0,true,,,utility,cascade,3,75,134179536042,134179578375,11,0,GREEN,false,10,0,2,2,GOBLIN:12;SPIDER:13,ARCHER:7;SCORPION_RIDER:4
2494,0,0,true,,,cascade,utility,3,75,134179536042,134179578375,13,0,BLUE,false,0,6,2,2,GOBLIN:12;SPIDER:13,ARCHER:7;SCORPION_RIDER:4
2495,0,0,true,,,utility,cascade,3,75,134179543961,134179554612,13,0,BLUE,false,0,3,3,3,ASSASSIN:7;GOBLIN:2;GOLEM:2,GOLEM:2;MAGE:7;SPIDER:2
2496,0,0,true,,,cascade,utility,3,75,134179543961,134179554612,11,0,BLUE,false,0,7,3,3,ASSASSIN:7;GOBLIN:2;GOLEM:2,GOLEM:2;MAGE:7;SPIDER:2
2497,0,0,true,,,utility,cascade,3,75,134187455042,134187502831,8,0,GREEN,false,7,0,3,3,GOLEM:4;SCORPION_RIDER:4;SPIDER:1,ARCHER:12;GOBLIN:1
2498,0,0,true,,,cascade,utility,3,75,134187455042,134187502831,10,0,GREEN,false,8,0,3,3,GOLEM:4;SCORPION_RIDER:4;SPIDER:1,ARCHER:12;GOBLIN:1
2499,0,0,true,,,utility,cascade,3,75,134187462961,134187511708,25,0,BLUE,false,0,7,3,3,GOBLIN:4;GOLEM:2;SPIDER:14,GARGOYLE:5;SCORPION_RIDER:4;SPIDER:2
2500,0,0,true,,,cascade,utility,3,75,134187462961,134187511708,9,0,BLUE,false,0,8,3,3,GOBLIN:4;GOLEM:2;SPIDER:14,GARGOYLE:5;SCORPION_RIDER:4;SPIDER:2
2501,0,0,true,,,utility,cascade,3,75,134195374042,134195329399,23,0,BLUE,false,0,2,3,2,GOBLIN:1;GOLEM:4;SCORPION_RIDER:4,GARGOYLE:6;GOBLIN:11
2502,0,0,true,,,cascade,utility,3,75,134195374042,134195329399,18,0,GREEN,false,4,0,3,2,GOBLIN:1;GOLEM:4;SCORPION_RIDER:4,GARGOYLE:6;GOBLIN:11
2503,0,0,true,,,utility,cascade,3,75,134195381961,134195435620,11,0,BLUE,false,0,6,2,3,ARCHER:7;SPIDER:11,GARGOYLE:3;SCORPION_RIDER:6;SPIDER:2
2504,0,0,true,,,cascade,utility,3,75,134195381961,134195435620,7,0,BLUE,false,0,6,2,3,ARCHER:7;SPIDER:11,GARGOYLE:3;SCORPION_RIDER:6;SPIDER:2
2505,0,0,true,,,utility,cascade,3,75,134203293042,134203270111,7,0,BLUE,false,0,6,3,3,GOLEM:2;MAGE:7;SPIDER:2,ASSASSIN:10;SPIDER:1
2506,0,0,true,,,cascade,utility,3,75,134203293042,134203270111,9,0,BLUE,false,0,3,3,3,GOLEM:2;MAGE:7;SPIDER:2,ASSASSIN:10;SPIDER:1
2507,0,0,true,,,utility,cascade,3,75,134203300961,134203245260,9,0,BLUE,false,0,7,2,3,ASSASSIN:7;GOBLIN:8,GARGOYLE:6;GOBLIN:1;SPIDER:10
2508,0,0,true,,,cascade,utility,3,75,134203300961,134203245260,9,0,BLUE,false,0,7,2,3,ASSASSIN:7;GOBLIN:8,GARGOYLE:6;GOBLIN:1;SPIDER:10
2509,0,0,true,,,utility,cascade,3,75,134211212042,134211194279,25,0,BLUE,false,0,4,3,3,ASSASSIN:1;GOLEM:1;MAGE:8,GOBLIN:8;SPIDER:17
2510,0,0,true,,,cascade,utility,3,75,134211212042,134211194279,9,0,BLUE,false,0,14,3,3,ASSASSIN:1;GOLEM:1;MAGE:8,GOBLIN:8;SPIDER:17
2511,0,0,true,,,utility,cascade,3,75,134211219961,134211202900,14,0,GREEN,false,12,0,2,3,SPIDER:25,GOBLIN:8;MAGE:7
2512,0,0,true,,,cascade,utility,3,75,134211219961,134211202900,17,0,BLUE,false,0,12,2,3,SPIDER:25,GOBLIN:8;MAGE:7
2513,0,0,true,,,utility,cascade,3,75,195749761042,195749777087,15,0,BLUE,false,0,4,2,3,ARCHER:3;MAGE:8,GOBLIN:2;GOLEM:4;MAGE:4
2514,0,0,true,,,cascade,utility,3,75,195749761042,195749777087,17,0,BLUE,false,0,6,2,3,ARCHER:3;MAGE:8,GOBLIN:2;GOLEM:4;MAGE:4
2515,0,0,true,,,utility,cascade,3,75,195749768961,195749786028,11,0,BLUE,false,0,4,2,3,ASSASSIN:8;GOBLIN:6,GOBLIN:1;SPIDER:24
2516,0,0,true,,,cascade,utility,3,75,195749768961,195749786028,8,0,GREEN,false,3,0,2,3,ASSASSIN:8;GOBLIN:6,GOBLIN:1;SPIDER:24
2517,0,0,true,,,utility,cascade,3,75,195749776880,195749761885,8,0,GREEN,false,8,0,3,3,SCORPION_RIDER:3;SPIDER:17,ARCHER:8;ASSASSIN:3;SPIDER:2
2518,0,0,true,,,cascade,utility,3,75,195749776880,195749761885,9,0,BLUE,false,0,3,3,3,SCORPION_RIDER:3;SPIDER:17,ARCHER:8;ASSASSIN:3;SPIDER:2
2519,0,0,true,,,utility,cascade,3,75,195749784799,195749769842,9,0,BLUE,false,0,22,3,4,GOBLIN:1;MAGE:10,GOBLIN:24;SPIDER:1
2520,0,0,true,,,cascade,utility,3,75,195749784799,195749769842,15,0,BLUE,false,0,12,3,4,GOBLIN:1;MAGE:10,GOBLIN:24;SPIDER:1
2521,0,0,true,,,utility,utility,3,75,134219131042,134219150863,13,0,BLUE,false,0,8,3,3,SPIDER:25,ARCHER:7;GOLEM:3;SPIDER:1
2522,0,0,true,,,utility,utility,3,75,134219131042,134219150863,13,0,BLUE,false,0,8,3,3,SPIDER:25,ARCHER:7;GOLEM:3;SPIDER:1
2523,0,0,true,,,utility,utility,3,75,134219138961,134219127100,12,0,,false,17,18,3,3,GOBLIN:11;MAGE:6,ARCHER:7;GOBLIN:2;SPIDER:9
2524,0,0,true,,,utility,utility,3,75,134219138961,134219127100,12,0,,false,17,18,3,3,GOBLIN:11;MAGE:6,ARCHER:7;GOBLIN:2;SPIDER:9
2525,0,0,true,,,utility,cascade,3,75,54102608042,54102627847,13,0,GREEN,false,2,0,3,3,GOLEM:2;MAGE:7;SPIDER:2,MAGE:10;SPIDER:1
2526,0,0,true,,,cascade,utility,3,75,54102608042,54102627847,8,0,GREEN,false,6,0,3,3,GOLEM:2;MAGE:7;SPIDER:2,MAGE:10;SPIDER:1
2527,0,0,true,,,utility,cascade,3,75,54102615961,54102636852,17,0,BLUE,false,0,6,3,2,ARCHER:4;GOBLIN:1;SPIDER:16,ASSASSIN:6;GOBLIN:11
2528,0,0,true,,,cascade,utility,3,75,54102615961,54102636852,18,0,GREEN,false,3,0,3,2,ARCHER:4;GOBLIN:1;SPIDER:16,ASSASSIN:6;GOBLIN:11
2529,0,0,true,,,utility,utility,3,75,54371854042,54371842167,23,0,,false,5,4,3,3,ARCHER:8;SPIDER:9,ARCHER:7;GOLEM:3;SPIDER:1
2530,0,0,true,,,utility,utility,3,75,54371854042,54371842167,23,0,,false,5,4,3,3,ARCHER:8;SPIDER:9,ARCHER:7;GOLEM:3;SPIDER:1
2531,0,0,true,,,utility,utility,3,75,54371861961,54371818340,16,0,,false,7,10,3,2,ARCHER:7;ASSASSIN:4;SPIDER:1,MAGE:7;SCORPION_RIDER:3
2532,0,0,true,,,utility,utility,3,75,54371861961,54371818340,16,0,,false,7,10,3,2,ARCHER:7;ASSASSIN:4;SPIDER:1,MAGE:7;SCORPION_RIDER:3
2533,0,0,true,,,utility,utility,3,75,54506477042,54506425183,8,0,GREEN,false,9,0,2,2,GARGOYLE:5;SCORPION_RIDER:5,ARCHER:4;ASSASSIN:7
2534,0,0,true,,,utility,utility,3,75,54506477042,54506425183,8,0,GREEN,false,9,0,2,2,GARGOYLE:5;SCORPION_RIDER:5,ARCHER:4;ASSASSIN:7
2535,0,0,true,,,utility,utility,3,75,54506484961,54506433100,93,0,,false,6,5,3,2,ARCHER:2;ASSASSIN:3;GOLEM:4,GARGOYLE:5;GOLEM:4
2536,0,0,true,,,utility,utility,3,75,54506484961,54506433100,16,0,,false,6,9,3,2,ARCHER:2;ASSASSIN:3;GOLEM:4,GARGOYLE:5;GOLEM:4
2537,0,0,true,,,utility,cascade,3,75,134955598042,134955654775,3,0,BLUE,false,0,15,3,3,ASSASSIN:10;SPIDER:1,ASSASSIN:1;GOBLIN:12;GOLEM:3
2538,0,0,true,,,cascade,utility,3,75,134955598042,134955654775,1,0,BLUE,false,0,12,3,3,ASSASSIN:10;SPIDER:1,ASSASSIN:1;GOBLIN:12;GOLEM:3
2539,0,0,true,,,utility,cascade,3,75,134955605961,134955647332,9,0,GREEN,false,7,0,2,2,GOBLIN:11;MAGE:6,GOLEM:4;MAGE:5
2540,0,0,true,,,cascade,utility,3,75,134955605961,134955647332,14,0,GREEN,false,5,0,2,2,GOBLIN:11;MAGE:6,GOLEM:4;MAGE:5
2541,0,0,true,,,utility,cascade,3,75,134963517042,134963464415,14,0,GREEN,false,11,0,3,4,GARGOYLE:10;GOBLIN:1,ASSASSIN:1;GOBLIN:1;MAGE:9
2542,0,0,true,,,cascade,utility,3,75,134963517042,134963464415,14,0,GREEN,false,8,0,3,4,GARGOYLE:10;GOBLIN:1,ASSASSIN:1;GOBLIN:1;MAGE:9
2543,0,0,true,,,utility,cascade,3,75,134963524961,134963473356,10,0,GREEN,false,8,0,3,3,ARCHER:8;SCORPION_RIDER:3;SPIDER:1,GOBLIN:19;SCORPION_RIDER:2
2544,0,0,true,,,cascade,utility,3,75,134963524961,134963473356,14,0,GREEN,false,11,0,3,3,ARCHER:8;SCORPION_RIDER:3;SPIDER:1,GOBLIN:19;SCORPION_RIDER:2
2545,0,0,true,,,utility,cascade,3,75,134971436042,134971421351,15,0,GREEN,false,13,0,3,3,GOBLIN:11;GOLEM:4,ARCHER:8;GOLEM:2;SPIDER:2
2546,0,0,true,,,cascade,utility,3,75,134971436042,134971421351,15,0,BLUE,false,0,8,3,3,GOBLIN:11;GOLEM:4,ARCHER:8;GOLEM:2;SPIDER:2
2547,0,0,true,,,utility,cascade,3,75,134971443961,134971397204,5,0,BLUE,false,0,13,2,3,ARCHER:3;MAGE:8,ASSASSIN:8;GOBLIN:6
2548,0,0,true,,,cascade,utility,3,75,134971443961,134971397204,15,0,BLUE,false,0,5,2,3,ARCHER:3;MAGE:8,ASSASSIN:8;GOBLIN:6
2549,0,0,true,,,utility,cascade,3,75,134979355042,134979346191,17,0,BLUE,false,0,5,2,3,ASSASSIN:8;GOBLIN:6,GARGOYLE:5;GOBLIN:1;MAGE:5
2550,0,0,true,,,cascade,utility,3,75,134979355042,134979346191,9,0,BLUE,false,0,6,2,3,ASSASSIN:8;GOBLIN:6,GARGOYLE:5;GOBLIN:1;MAGE:5
2551,0,0,true,,,utility,cascade,3,75,134979362961,134979354172,10,0,GREEN,false,6,0,3,2,ARCHER:4;GOBLIN:1;SCORPION_RIDER:6,GOBLIN:11;MAGE:6
2552,0,0,true,,,cascade,utility,3,75,134979362961,134979354172,17,0,BLUE,false,0,6,3,2,ARCHER:4;GOBLIN:1;SCORPION_RIDER:6,GOBLIN:11;MAGE:6
2553,0,0,true,,,utility,utility,3,75,134987274042,134987286935,11,0,BLUE,false,0,15,3,3,GARGOYLE:3;MAGE:7;SPIDER:1,GARGOYLE:6;GOBLIN:10;SPIDER:1
2554,0,0,true,,,utility,utility,3,75,134987274042,134987286935,13,0,BLUE,false,0,14,3,3,GARGOYLE:3;MAGE:7;SPIDER:1,GARGOYLE:6;GOBLIN:10;SPIDER:1
2555,0,0,true,,,utility,utility,3,75,134987281961,134987294852,8,0,GREEN,false,8,0,4,3,GARGOYLE:4;GOBLIN:1;SCORPION_RIDER:5;SPIDER:1,ARCHER:6;ASSASSIN:5;GOBLIN:1
2556,0,0,true,,,utility,utility,3,75,134987281961,134987294852,10,0,GREEN,false,9,0,4,3,GARGOYLE:4;GOBLIN:1;SCORPION_RIDER:5;SPIDER:1,ARCHER:6;ASSASSIN:5;GOBLIN:1
2557,0,0,true,,,utility,cascade,3,75,134995193042,134995243647,5,0,GREEN,false,4,0,2,2,ASSASSIN:7;SCORPION_RIDER:3,ARCHER:3;ASSASSIN:8
2558,0,0,true,,,cascade,utility,3,75,134995193042,134995243647,6,0,GREEN,false,5,0,2,2,ASSASSIN:7;SCORPION_RIDER:3,ARCHER:3;ASSASSIN:8
2559,0,0,true,,,utility,cascade,3,75,134995200961,134995219820,8,0,GREEN,false,11,0,3,2,GOBLIN:10;SCORPION_RIDER:5;SPIDER:1,SCORPION_RIDER:4;SPIDER:14
2560,0,0,true,,,cascade,utility,3,75,134995200961,134995219820,8,0,GREEN,false,12,0,3,2,GOBLIN:10;SCORPION_RIDER:5;SPIDER:1,SCORPION_RIDER:4;SPIDER:14
2561,0,0,true,,,utility,utility,3,75,135003112042,135003167943,12,0,,false,18,11,4,4,GARGOYLE:5;GOBLIN:12;SPIDER:1,GARGOYLE:9;SCORPION_RIDER:1;SPIDER:1
2562,0,0,true,,,utility,utility,3,75,135003112042,135003167943,12,0,,false,18,11,4,4,GARGOYLE:5;GOBLIN:12;SPIDER:1,GARGOYLE:9;SCORPION_RIDER:1;SPIDER:1
2563,0,0,true,,,utility,utility,3,75,135003119961,135003176948,20,0,,false,15,11,2,3,GOLEM:3;SPIDER:15,GARGOYLE:3;GOBLIN:4;GOLEM:4
2564,0,0,true,,,utility,utility,3,75,135003119961,135003176948,20,0,,false,15,11,2,3,GOLEM:3;SPIDER:15,GARGOYLE:3;GOBLIN:4;GOLEM:4
2565,0,0,true,,,utility,cascade,3,75,135011031042,135010977455,12,0,GREEN,false,7,0,3,3,GOLEM:7;SPIDER:1,GARGOYLE:2;MAGE:8;SPIDER:1
2566,0,0,true,,,cascade,utility,3,75,135011031042,135010977455,12,0,GREEN,false,6,0,3,3,GOLEM:7;SPIDER:1,GARGOYLE:2;MAGE:8;SPIDER:1
2567,0,0,true,,,utility,cascade,3,75,135011038961,135010986076,15,0,BLUE,false,0,3,3,3,ASSASSIN:7;GOLEM:1;SCORPION_RIDER:2,ASSASSIN:8;GOBLIN:1;SCORPION_RIDER:2
2568,0,0,true,,,cascade,utility,3,75,135011038961,135010986076,7,0,BLUE,false,0,4,3,3,ASSASSIN:7;GOLEM:1;SCORPION_RIDER:2,ASSASSIN:8;GOBLIN:1;SCORPION_RIDER:2
2569,0,0,true,,,utility,cascade,3,75,135747498042,135747514007,9,0,BLUE,false,0,4,3,2,ASSASSIN:10;SPIDER:1,ASSASSIN:5;GOLEM:4
2570,0,0,true,,,cascade,utility,3,75,135747498042,135747514007,4,0,BLUE,false,0,5,3,2,ASSASSIN:10;SPIDER:1,ASSASSIN:5;GOLEM:4
2571,0,0,true,,,utility,cascade,3,75,135747505961,135747490180,9,0,BLUE,false,0,10,3,3,GOBLIN:2;GOLEM:2;MAGE:7,ARCHER:9;MAGE:3
2572,0,0,true,,,cascade,utility,3,75,135747505961,135747490180,6,0,BLUE,false,0,9,3,3,GOBLIN:2;GOLEM:2;MAGE:7,ARCHER:9;MAGE:3
2573,0,0,true,,,utility,cascade,3,75,135755417042,135755438975,7,0,BLUE,false,0,23,3,3,ASSASSIN:2;GOBLIN:1;MAGE:8,GOBLIN:25
2574,0,0,true,,,cascade,utility,3,75,135755417042,135755438975,5,0,BLUE,false,0,24,3,3,ASSASSIN:2;GOBLIN:1;MAGE:8,GOBLIN:25
2575,0,0,true,,,utility,cascade,3,75,135755424961,135755446892,15,0,BLUE,false,0,8,3,3,ARCHER:5;GOLEM:4;SPIDER:1,ARCHER:5;SCORPION_RIDER:5;SPIDER:1
2576,0,0,true,,,cascade,utility,3,75,135755424961,135755446892,9,0,BLUE,false,0,5,3,3,ARCHER:5;GOLEM:4;SPIDER:1,ARCHER:5;SCORPION_RIDER:5;SPIDER:1
2577,0,0,true,,,utility,utility,3,75,135763336042,135763379655,20,0,,false,9,9,3,3,GOBLIN:8;SPIDER:17,GOBLIN:1;MAGE:8;SPIDER:5
2578,0,0,true,,,utility,utility,3,75,135763336042,135763379655,20,0,,false,9,9,3,3,GOBLIN:8;SPIDER:17,GOBLIN:1;MAGE:8;SPIDER:5
2579,0,0,true,,,utility,utility,3,75,135763343961,135763387636,17,0,,false,8,8,3,3,ASSASSIN:1;GARGOYLE:4;GOLEM:4,GARGOYLE:1;GOLEM:2;SCORPION_RIDER:6
2580,0,0,true,,,utility,utility,3,75,135763343961,135763387636,17,0,,false,8,8,3,3,ASSASSIN:1;GARGOYLE:4;GOLEM:4,GARGOYLE:1;GOLEM:2;SCORPION_RIDER:6
2581,0,0,true,,,utility,utility,3,75,135771255042,135771205551,12,0,,false,13,13,3,3,ARCHER:12;SPIDER:1,ARCHER:8;GOBLIN:2;MAGE:3
2582,0,0,true,,,utility,utility,3,75,135771255042,135771205551,12,0,,false,13,13,3,3,ARCHER:12;SPIDER:1,ARCHER:8;GOBLIN:2;MAGE:3
2583,0,0,true,,,utility,utility,3,75,135771262961,135771312476,19,0,,false,6,4,3,2,ARCHER:1;GOLEM:2;MAGE:7,ARCHER:4;ASSASSIN:7
2584,0,0,true,,,utility,utility,3,75,135771262961,135771312476,19,0,,false,6,4,3,2,ARCHER:1;GOLEM:2;MAGE:7,ARCHER:4;ASSASSIN:7
2585,0,0,true,,,utility,cascade,3,75,135779174042,135779129399,13,0,BLUE,false,0,7,3,3,ASSASSIN:7;MAGE:3;SPIDER:1,GOLEM:7;SPIDER:1
2586,0,0,true,,,cascade,utility,3,75,135779174042,135779129399,5,0,BLUE,false,0,7,3,3,ASSASSIN:7;MAGE:3;SPIDER:1,GOLEM:7;SPIDER:1
2587,0,0,true,,,utility,cascade,3,75,135779181961,135779138340,11,0,BLUE,false,0,7,3,4,ASSASSIN:5;GARGOYLE:5;SPIDER:1,ARCHER:7;GOLEM:1;SPIDER:7
2588,0,0,true,,,cascade,utility,3,75,135779181961,135779138340,13,0,BLUE,false,0,8,3,4,ASSASSIN:5;GARGOYLE:5;SPIDER:1,ARCHER:7;GOLEM:1;SPIDER:7
2589,0,0,true,,,utility,cascade,3,75,135787093042,135787070111,9,0,BLUE,false,0,12,3,2,ARCHER:8;ASSASSIN:3;SPIDER:2,GOBLIN:11;GOLEM:4
2590,0,0,true,,,cascade,utility,3,75,135787093042,135787070111,13,0,BLUE,false,0,3,3,2,ARCHER:8;ASSASSIN:3;SPIDER:2,GOBLIN:11;GOLEM:4
2591,0,0,true,,,utility,cascade,3,75,135787100961,135787079052,24,0,GREEN,false,6,0,3,4,GOBLIN:9;GOLEM:4;SCORPION_RIDER:1,ARCHER:7;GARGOYLE:3;GOBLIN:4
2592,0,0,true,,,cascade,utility,3,75,135787100961,135787079052,13,0,BLUE,false,0,8,3,4,GOBLIN:9;GOLEM:4;SCORPION_RIDER:1,ARCHER:7;GARGOYLE:3;GOBLIN:4
2593,0,0,true,,,utility,cascade,3,75,135795012042,135795027815,10,0,GREEN,false,4,0,2,3,ARCHER:4;ASSASSIN:7,ASSASSIN:8;GARGOYLE:2;GOBLIN:1
2594,0,0,true,,,cascade,utility,3,75,135795012042,135795027815,9,0,BLUE,false,0,3,2,3,ARCHER:4;ASSASSIN:7,ASSASSIN:8;GARGOYLE:2;GOBLIN:1
2595,0,0,true,,,utility,cascade,3,75,135795019961,135795002900,7,0,BLUE,false,0,12,3,3,ARCHER:4;SPIDER:17,GOBLIN:13;SPIDER:12
2596,0,0,true,,,cascade,utility,3,75,135795019961,135795002900,13,0,BLUE,false,0,10,3,3,ARCHER:4;SPIDER:17,GOBLIN:13;SPIDER:12
2597,0,0,true,,,utility,cascade,3,75,135802931042,135802952143,15,0,BLUE,false,0,10,2,2,GOLEM:4;MAGE:5,ARCHER:7;GOBLIN:11
2598,0,0,true,,,cascade,utility,3,75,135802931042,135802952143,9,0,BLUE,false,0,12,2,2,GOLEM:4;MAGE:5,ARCHER:7;GOBLIN:11
2599,0,0,true,,,utility,cascade,3,75,135802938961,135802960124,11,0,BLUE,false,0,10,2,2,ARCHER:4;MAGE:7,GARGOYLE:5;SCORPION_RIDER:5
2600,0,0,true,,,cascade,utility,3,75,135802938961,135802960124,5,0,BLUE,false,0,10,2,2,ARCHER:4;MAGE:7,GARGOYLE:5;SCORPION_RIDER:5
2601,0,0,true,,,utility,cascade,3,75,136539398042,136539341111,27,0,BLUE,false,0,6,3,3,GOBLIN:12;GOLEM:3;SCORPION_RIDER:1,GARGOYLE:10;SPIDER:1
2602,0,0,true,,,cascade,utility,3,75,136539398042,136539341111,21,0,BLUE,false,0,3,3,3,GOBLIN:12;GOLEM:3;SCORPION_RIDER:1,GARGOYLE:10;SPIDER:1
2603,0,0,true,,,utility,cascade,3,75,136539405961,136539349028,11,0,BLUE,false,0,6,2,3,ARCHER:7;SPIDER:11,ARCHER:7;GOBLIN:1;MAGE:4
2604,0,0,true,,,cascade,utility,3,75,136539405961,136539349028,16,0,GREEN,false,3,0,2,3,ARCHER:7;SPIDER:11,ARCHER:7;GOBLIN:1;MAGE:4
2605,0,0,true,,,utility,cascade,3,75,136547317042,136547298207,10,0,GREEN,false,6,0,3,2,ASSASSIN:4;GARGOYLE:6;SPIDER:1,GOBLIN:6;MAGE:8
2606,0,0,true,,,cascade,utility,3,75,136547317042,136547298207,14,0,GREEN,false,6,0,3,2,ASSASSIN:4;GARGOYLE:6;SPIDER:1,GOBLIN:6;MAGE:8
2607,0,0,true,,,utility,cascade,3,75,136547324961,136547273356,12,0,GREEN,false,11,0,3,3,GARGOYLE:6;SPIDER:11,ARCHER:9;SPIDER:7
2608,0,0,true,,,cascade,utility,3,75,136547324961,136547273356,40,0,GREEN,false,5,0,3,3,GARGOYLE:6;SPIDER:11,ARCHER:9;SPIDER:7
2609,0,0,true,,,utility,cascade,3,75,136555236042,136555222119,9,0,BLUE,false,0,9,3,3,ARCHER:7;ASSASSIN:4;SPIDER:1,ARCHER:8;GOBLIN:1;SCORPION_RIDER:3
2610,0,0,true,,,cascade,utility,3,75,136555236042,136555222119,6,0,BLUE,false,0,9,3,3,ARCHER:7;ASSASSIN:4;SPIDER:1,ARCHER:8;GOBLIN:1;SCORPION_RIDER:3
2611,0,0,true,,,utility,cascade,3,75,136555243961,136555230996,7,0,GREEN,false,7,0,3,3,ARCHER:7;ASSASSIN:4;SPIDER:1,ASSASSIN:2;MAGE:8;SPIDER:1
2612,0,0,true,,,cascade,utility,3,75,136555243961,136555230996,8,0,GREEN,false,4,0,3,3,ARCHER:7;ASSASSIN:4;SPIDER:1,ASSASSIN:2;MAGE:8;SPIDER:1
2613,0,0,true,,,utility,cascade,3,75,136563155042,136563179215,18,0,GREEN,false,6,0,3,3,GOBLIN:2;MAGE:3;SCORPION_RIDER:6,GARGOYLE:2;MAGE:8;SPIDER:1
2614,0,0,true,,,cascade,utility,3,75,136563155042,136563179215,18,0,GREEN,false,6,0,3,3,GOBLIN:2;MAGE:3;SCORPION_RIDER:6,GARGOYLE:2;MAGE:8;SPIDER:1
2615,0,0,true,,,utility,cascade,3,75,136563162961,136563171836,7,0,BLUE,false,0,8,2,3,ASSASSIN:4;SPIDER:15,ASSASSIN:8;GARGOYLE:2;GOBLIN:1
2616,0,0,true,,,cascade,utility,3,75,136563162961,136563171836,11,0,BLUE,false,0,4,2,3,ASSASSIN:4;SPIDER:15,ASSASSIN:8;GARGOYLE:2;GOBLIN:1
2617,0,0,true,,,utility,cascade,3,75,136571074042,136571120471,6,0,GREEN,false,10,0,3,3,ASSASSIN:4;GARGOYLE:6;GOBLIN:1,ARCHER:7;ASSASSIN:4;SPIDER:1
2618,0,0,true,,,cascade,utility,3,75,136571074042,136571120471,16,0,GREEN,false,6,0,3,3,ASSASSIN:4;GARGOYLE:6;GOBLIN:1,ARCHER:7;ASSASSIN:4;SPIDER:1
2619,0,0,true,,,utility,cascade,3,75,136571081961,136571095620,16,0,GREEN,false,4,0,3,2,GOBLIN:1;GOLEM:4;SCORPION_RIDER:4,ARCHER:3;MAGE:8
2620,0,0,true,,,cascade,utility,3,75,136571081961,136571095620,6,0,GREEN,false,8,0,3,2,GOBLIN:1;GOLEM:4;SCORPION_RIDER:4,ARCHER:3;MAGE:8
2621,0,0,true,,,utility,cascade,3,75,136578993042,136579044671,10,0,GREEN,false,8,0,2,3,GARGOYLE:5;GOLEM:4,MAGE:8;SCORPION_RIDER:2;SPIDER:1
2622,0,0,true,,,cascade,utility,3,75,136578993042,136579044671,18,0,GREEN,false,9,0,2,3,GARGOYLE:5;GOLEM:4,MAGE:8;SCORPION_RIDER:2;SPIDER:1
2623,0,0,true,,,utility,cascade,3,75,136579000961,136579052588,17,0,BLUE,false,0,3,4,3,ARCHER:4;MAGE:1;SCORPION_RIDER:5;SPIDER:1,SCORPION_RIDER:9;SPIDER:1
2624,0,0,true,,,cascade,utility,3,75,136579000961,136579052588,14,0,BLUE,false,0,4,4,3,ARCHER:4;MAGE:1;SCORPION_RIDER:5;SPIDER:1,SCORPION_RIDER:9;SPIDER:1
2625,0,0,true,,,utility,cascade,3,75,136586912042,136586870663,11,0,BLUE,false,0,10,3,3,ASSASSIN:7;GOBLIN:8,ARCHER:4;SPIDER:17
2626,0,0,true,,,cascade,utility,3,75,136586912042,136586870663,5,0,BLUE,false,0,9,3,3,ASSASSIN:7;GOBLIN:8,ARCHER:4;SPIDER:17
2627,0,0,true,,,utility,cascade,3,75,136586919961,136586976948,13,0,BLUE,false,0,10,3,3,SCORPION_RIDER:1;SPIDER:22,GOBLIN:10;GOLEM:4;SPIDER:1
2628,0,0,true,,,cascade,utility,3,75,136586919961,136586976948,19,0,BLUE,false,0,4,3,3,SCORPION_RIDER:1;SPIDER:22,GOBLIN:10;GOLEM:4;SPIDER:1
2629,0,0,true,,,utility,cascade,3,75,136594831042,136594810991,7,0,GREEN,false,6,0,3,3,MAGE:3;SPIDER:18,ASSASSIN:8;GOBLIN:1;MAGE:2
2630,0,0,true,,,cascade,utility,3,75,136594831042,136594810991,68,0,GREEN,false,13,0,3,3,MAGE:3;SPIDER:18,ASSASSIN:8;GOBLIN:1;MAGE:2
2631,0,0,true,,,utility,cascade,3,75,136594838961,136594787100,17,0,BLUE,false,0,9,3,3,GOLEM:3;SCORPION_RIDER:5;SPIDER:1,ARCHER:4;GARGOYLE:6;GOBLIN:3
2632,0,0,true,,,cascade,utility,3,75,136594838961,136594787100,12,0,BLUE,false,0,9,3,3,GOLEM:3;SCORPION_RIDER:5;SPIDER:1,ARCHER:4;GARGOYLE:6;GOBLIN:3
2633,0,0,true,,,utility,cascade,3,75,137331298042,137331314775,15,0,BLUE,false,0,7,3,3,ASSASSIN:2;MAGE:8;SPIDER:1,ARCHER:2;ASSASSIN:3;GARGOYLE:6
2634,0,0,true,,,cascade,utility,3,75,137331298042,137331314775,5,0,BLUE,false,0,8,3,3,ASSASSIN:2;MAGE:8;SPIDER:1,ARCHER:2;ASSASSIN:3;GARGOYLE:6
2635,0,0,true,,,utility,cascade,3,75,137331305961,137331323716,8,0,GREEN,false,15,0,2,2,GOBLIN:11;SCORPION_RIDER:5,ARCHER:8;SPIDER:9
2636,0,0,true,,,cascade,utility,3,75,137331305961,137331323716,11,0,BLUE,false,0,5,2,2,GOBLIN:11;SCORPION_RIDER:5,ARCHER:8;SPIDER:9
2637,0,0,true,,,utility,cascade,3,75,137339217042,137339271743,10,0,GREEN,false,5,0,2,3,ARCHER:5;SPIDER:15,GOBLIN:8;SPIDER:17
2638,0,0,true,,,cascade,utility,3,75,137339217042,137339271743,12,0,GREEN,false,18,0,2,3,ARCHER:5;SPIDER:15,GOBLIN:8;SPIDER:17
2639,0,0,true,,,utility,cascade,3,75,137339224961,137339247916,12,0,GREEN,false,6,0,3,3,GARGOYLE:6;GOBLIN:1;MAGE:4,GOBLIN:11;SPIDER:14
2640,0,0,true,,,cascade,utility,3,75,137339224961,137339247916,16,0,GREEN,false,6,0,3,3,GARGOYLE:6;GOBLIN:1;MAGE:4,GOBLIN:11;SPIDER:14
2641,0,0,true,,,utility,utility,3,75,137347136042,137347081351,21,0,,false,13,6,3,3,SPIDER:25,ASSASSIN:8;GOBLIN:6
2642,0,0,true,,,utility,utility,3,75,137347136042,137347081351,21,0,,false,13,6,3,3,SPIDER:25,ASSASSIN:8;GOBLIN:6
2643,0,0,true,,,utility,utility,3,75,137347143961,137347188660,7,0,BLUE,false,0,13,3,3,ARCHER:4;ASSASSIN:1;SPIDER:14,GOBLIN:10;SPIDER:15
2644,0,0,true,,,utility,utility,3,75,137347143961,137347188660,7,0,BLUE,false,0,18,3,3,ARCHER:4;ASSASSIN:1;SPIDER:14,GOBLIN:10;SPIDER:15
2645,0,0,true,,,utility,utility,3,75,137355055042,137355006319,16,0,,false,10,10,3,3,GOLEM:4;MAGE:3;SPIDER:4,ARCHER:1;GARGOYLE:5;SCORPION_RIDER:4
2646,0,0,true,,,utility,utility,3,75,137355055042,137355006319,16,0,,false,10,10,3,3,GOLEM:4;MAGE:3;SPIDER:4,ARCHER:1;GARGOYLE:5;SCORPION_RIDER:4
2647,0,0,true,,,utility,utility,3,75,137355062961,137355014172,31,0,,false,6,7,3,3,ASSASSIN:4;GARGOYLE:5;GOLEM:1,GOBLIN:2;SCORPION_RIDER:5;SPIDER:9
2648,0,0,true,,,utility,utility,3,75,137355062961,137355014172,31,0,,false,6,7,3,3,ASSASSIN:4;GARGOYLE:5;GOLEM:1,GOBLIN:2;SCORPION_RIDER:5;SPIDER:9
2649,0,0,true,,,utility,utility,3,75,137362974042,137362963447,6,0,GREEN,false,17,0,2,3,ARCHER:7;GOBLIN:11,ASSASSIN:3;GOBLIN:1;MAGE:7
2650,0,0,true,,,utility,utility,3,75,137362974042,137362963447,6,0,GREEN,false,17,0,2,3,ARCHER:7;GOBLIN:11,ASSASSIN:3;GOBLIN:1;MAGE:7
2651,0,0,true,,,utility,utility,3,75,137362981961,137362938596,17,0,BLUE,false,0,5,3,3,GOBLIN:1;GOLEM:7,GOBLIN:11;MAGE:5;SPIDER:2
2652,0,0,true,,,utility,utility,3,75,137362981961,137362938596,13,0,BLUE,false,0,11,3,3,GOBLIN:1;GOLEM:7,GOBLIN:11;MAGE:5;SPIDER:2
2653,0,0,true,,,utility,utility,3,75,137370893042,137370903647,22,0,GREEN,false,4,0,2,3,GARGOYLE:5;GOLEM:4,MAGE:10;SPIDER:1
2654,0,0,true,,,utility,utility,3,75,137370893042,137370903647,22,0,GREEN,false,4,0,2,3,GARGOYLE:5;GOLEM:4,MAGE:10;SPIDER:1
2655,0,0,true,,,utility,utility,3,75,137370900961,137370879820,20,0,GREEN,false,15,0,2,3,GARGOYLE:6;GOBLIN:11,ASSASSIN:3;GOBLIN:1;MAGE:7
2656,0,0,true,,,utility,utility,3,75,137370900961,137370879820,20,0,GREEN,false,15,0,2,3,GARGOYLE:6;GOBLIN:11,ASSASSIN:3;GOBLIN:1;MAGE:7
2657,0,0,true,,,utility,utility,3,75,137378812042,137378827815,14,0,,false,7,13,4,3,ARCHER:4;SCORPION_RIDER:6;SPIDER:1,ARCHER:12;SPIDER:1
2658,0,0,true,,,utility,utility,3,75,137378812042,137378827815,14,0,,false,7,13,4,3,ARCHER:4;SCORPION_RIDER:6;SPIDER:1,ARCHER:12;SPIDER:1
2659,0,0,true,,,utility,utility,3,75,137378819961,137378836948,13,0,BLUE,false,0,11,2,4,MAGE:7;SPIDER:8,ARCHER:4;GOBLIN:2;SPIDER:15
2660,0,0,true,,,utility,utility,3,75,137378819961,137378836948,13,0,BLUE,false,0,11,2,4,MAGE:7;SPIDER:8,ARCHER:4;GOBLIN:2;SPIDER:15
2661,0,0,true,,,utility,cascade,3,75,137386731042,137386784911,19,0,BLUE,false,0,7,4,3,GOBLIN:11;SCORPION_RIDER:5,GOBLIN:2;GOLEM:4;MAGE:4
2662,0,0,true,,,cascade,utility,3,75,137386731042,137386784911,10,0,GREEN,false,11,0,4,3,GOBLIN:11;SCORPION_RIDER:5,GOBLIN:2;GOLEM:4;MAGE:4
2663,0,0,true,,,utility,cascade,3,75,137386738961,137386761148,11,0,BLUE,false,0,15,3,3,ASSASSIN:7;MAGE:3;SPIDER:1,GARGOYLE:5;GOBLIN:13
2664,0,0,true,,,cascade,utility,3,75,137386738961,137386761148,8,0,BLUE,false,0,16,3,3,ASSASSIN:7;MAGE:3;SPIDER:1,GARGOYLE:5;GOBLIN:13
2665,0,0,true,,,utility,cascade,3,75,138123198042,138123174135,10,0,GREEN,false,6,0,3,2,ARCHER:8;GOLEM:2;SPIDER:2,ARCHER:4;MAGE:7
2666,0,0,true,,,cascade,utility,3,75,138123198042,138123174135,8,0,GREEN,false,7,0,3,2,ARCHER:8;GOLEM:2;SPIDER:2,ARCHER:4;MAGE:7
2667,0,0,true,,,utility,cascade,3,75,138123205961,138123150308,7,0,BLUE,false,0,6,3,2,GOBLIN:1;MAGE:8;SCORPION_RIDER:2,ARCHER:3;ASSASSIN:8
2668,0,0,true,,,cascade,utility,3,75,138123205961,138123150308,6,0,GREEN,false,6,0,3,2,GOBLIN:1;MAGE:8;SCORPION_RIDER:2,ARCHER:3;ASSASSIN:8
2669,0,0,true,,,utility,utility,3,75,138131117042,138131098975,18,0,,false,7,13,3,3,SCORPION_RIDER:9;SPIDER:1,ARCHER:8;GARGOYLE:3;SPIDER:2
2670,0,0,true,,,utility,utility,3,75,138131117042,138131098975,20,0,,false,6,11,3,3,SCORPION_RIDER:9;SPIDER:1,ARCHER:8;GARGOYLE:3;SPIDER:2
2671,0,0,true,,,utility,utility,3,75,138131124961,138131106892,5,0,BLUE,false,0,15,3,3,ASSASSIN:10;GOBLIN:1,SCORPION_RIDER:3;SPIDER:17
2672,0,0,true,,,utility,utility,3,75,138131124961,138131106892,5,0,BLUE,false,0,15,3,3,ASSASSIN:10;GOBLIN:1,SCORPION_RIDER:3;SPIDER:17
2673,0,0,true,,,utility,cascade,3,75,138139036042,138139055911,6,0,GREEN,false,6,0,3,4,ARCHER:12;GOBLIN:1,ASSASSIN:9;GOBLIN:1;SPIDER:3
2674,0,0,true,,,cascade,utility,3,75,138139036042,138139055911,6,0,GREEN,false,12,0,3,4,ARCHER:12;GOBLIN:1,ASSASSIN:9;GOBLIN:1;SPIDER:3
2675,0,0,true,,,utility,cascade,3,75,138139043961,138139031252,21,0,BLUE,false,0,5,3,2,ARCHER:6;GOBLIN:13,GARGOYLE:6;SPIDER:11
2676,0,0,true,,,cascade,utility,3,75,138139043961,138139031252,18,0,GREEN,false,6,0,3,2,ARCHER:6;GOBLIN:13,GARGOYLE:6;SPIDER:11
2677,0,0,true,,,utility,cascade,3,75,138146955042,138146996623,5,0,GREEN,false,11,0,3,2,ARCHER:7;GOBLIN:11,ASSASSIN:7;SCORPION_RIDER:3
2678,0,0,true,,,cascade,utility,3,75,138146955042,138146996623,12,0,GREEN,false,13,0,3,2,ARCHER:7;GOBLIN:11,ASSASSIN:7;SCORPION_RIDER:3
2679,0,0,true,,,utility,cascade,3,75,138146962961,138146971836,10,0,GREEN,false,10,0,3,2,GARGOYLE:1;GOBLIN:12;SCORPION_RIDER:4,GOLEM:4;MAGE:5
2680,0,0,true,,,cascade,utility,3,75,138146962961,138146971836,16,0,GREEN,false,8,0,3,2,GARGOYLE:1;GOBLIN:12;SCORPION_RIDER:4,GOLEM:4;MAGE:5
2681,0,0,true,,,utility,cascade,3,75,138154874042,138154920471,14,0,GREEN,false,5,0,2,4,GARGOYLE:5;GOLEM:4,ARCHER:4;ASSASSIN:1;GOLEM:4;SPIDER:1
2682,0,0,true,,,cascade,utility,3,75,138154874042,138154920471,18,0,GREEN,false,8,0,2,4,GARGOYLE:5;GOLEM:4,ARCHER:4;ASSASSIN:1;GOLEM:4;SPIDER:1
2683,0,0,true,,,utility,cascade,3,75,138154881961,138154929412,6,0,GREEN,false,8,0,2,3,GARGOYLE:5;GOLEM:4,ASSASSIN:8;GARGOYLE:2;SPIDER:1
2684,0,0,true,,,cascade,utility,3,75,138154881961,138154929412,14,0,GREEN,false,9,0,2,3,GARGOYLE:5;GOLEM:4,ASSASSIN:8;GARGOYLE:2;SPIDER:1
2685,0,0,true,,,utility,cascade,3,75,138162793042,138162746623,27,0,BLUE,false,0,5,3,2,SCORPION_RIDER:9;SPIDER:1,GARGOYLE:5;GOLEM:4
2686,0,0,true,,,cascade,utility,3,75,138162793042,138162746623,10,0,GREEN,false,5,0,3,2,SCORPION_RIDER:9;SPIDER:1,GARGOYLE:5;GOLEM:4
2687,0,0,true,,,utility,cascade,3,75,138162800961,138162853868,14,0,GREEN,false,6,0,3,4,GOBLIN:1;GOLEM:4;SCORPION_RIDER:4,GARGOYLE:1;GOBLIN:12;MAGE:4;SPIDER:1
2688,0,0,true,,,cascade,utility,3,75,138162800961,138162853868,18,0,GREEN,false,4,0,3,4,GOBLIN:1;GOLEM:4;SCORPION_RIDER:4,GARGOYLE:1;GOBLIN:12;MAGE:4;SPIDER:1
2689,0,0,true,,,utility,utility,3,75,138170712042,138170687815,8,0,GREEN,false,13,0,3,3,GARGOYLE:5;GOBLIN:12;SPIDER:1,ASSASSIN:2;GOBLIN:1;MAGE:8
2690,0,0,true,,,utility,utility,3,75,138170712042,138170687815,8,0,GREEN,false,13,0,3,3,GARGOYLE:5;GOBLIN:12;SPIDER:1,ASSASSIN:2;GOBLIN:1;MAGE:8
2691,0,0,true,,,utility,utility,3,75,138170719961,138170663028,17,0,BLUE,false,0,10,2,3,SPIDER:25,ARCHER:4;SCORPION_RIDER:6;SPIDER:1
2692,0,0,true,,,utility,utility,3,75,138170719961,138170663028,19,0,BLUE,false,0,10,2,3,SPIDER:25,ARCHER:4;SCORPION_RIDER:6;SPIDER:1
2693,0,0,true,,,utility,cascade,3,75,138178631042,138178612015,22,0,GREEN,false,1,0,3,4,ARCHER:5;GOLEM:4;SPIDER:1,ARCHER:1;ASSASSIN:8;GOLEM:1;SPIDER:1
2694,0,0,true,,,cascade,utility,3,75,138178631042,138178612015,23,0,,false,5,1,3,4,ARCHER:5;GOLEM:4;SPIDER:1,ARCHER:1;ASSASSIN:8;GOLEM:1;SPIDER:1
2695,0,0,true,,,utility,cascade,3,75,138178638961,138178620124,9,0,BLUE,false,0,13,3,2,ASSASSIN:8;GOBLIN:5;SPIDER:1,GOBLIN:11;GOLEM:4
2696,0,0,true,,,cascade,utility,3,75,138178638961,138178620124,4,0,BLUE,false,0,13,3,2,ASSASSIN:8;GOBLIN:5;SPIDER:1,GOBLIN:11;GOLEM:4
2697,0,0,true,,,utility,cascade,3,75,138915098042,138915148567,18,0,GREEN,false,3,0,3,3,GOBLIN:1;GOLEM:3;SCORPION_RIDER:5,ARCHER:7;GOLEM:3;SPIDER:1
2698,0,0,true,,,cascade,utility,3,75,138915098042,138915148567,12,0,GREEN,false,7,0,3,3,GOBLIN:1;GOLEM:3;SCORPION_RIDER:5,ARCHER:7;GOLEM:3;SPIDER:1
2699,0,0,true,,,utility,cascade,3,75,138915105961,138915123716,14,0,GREEN,false,5,0,3,3,GOBLIN:10;SCORPION_RIDER:5;SPIDER:1,ARCHER:7;GOBLIN:1;SPIDER:10
2700,0,0,true,,,cascade,utility,3,75,138915105961,138915123716,6,0,GREEN,false,10,0,3,3,GOBLIN:10;SCORPION_RIDER:5;SPIDER:1,ARCHER:7;GOBLIN:1;SPIDER:10
2701,0,0,true,,,utility,cascade,3,75,138923017042,138923073023,17,0,BLUE,false,0,5,3,3,GARGOYLE:1;GOBLIN:12;SCORPION_RIDER:4,ARCHER:12;SPIDER:1
2702,0,0,true,,,cascade,utility,3,75,138923017042,138923073023,12,0,GREEN,false,4,0,3,3,GARGOYLE:1;GOBLIN:12;SCORPION_RIDER:4,ARCHER:12;SPIDER:1
2703,0,0,true,,,utility,cascade,3,75,138923024961,138923080940,19,0,BLUE,false,0,3,3,3,ASSASSIN:7;GOBLIN:2;GOLEM:2,ASSASSIN:7;GARGOYLE:3;SPIDER:1
2704,0,0,true,,,cascade,utility,3,75,138923024961,138923080940,8,0,BLUE,false,0,3,3,3,ASSASSIN:7;GOBLIN:2;GOLEM:2,ASSASSIN:7;GARGOYLE:3;SPIDER:1
2705,0,0,true,,,utility,cascade,3,75,138930936042,138930882119,18,0,GREEN,false,6,0,2,3,GARGOYLE:5;SPIDER:13,GARGOYLE:4;SPIDER:15
2706,0,0,true,,,cascade,utility,3,75,138930936042,138930882119,12,0,GREEN,false,5,0,2,3,GARGOYLE:5;SPIDER:13,GARGOYLE:4;SPIDER:15
2707,0,0,true,,,utility,cascade,3,75,138930943961,138930891124,17,0,BLUE,false,0,9,3,3,GOBLIN:12;SPIDER:13,ARCHER:4;GARGOYLE:6;MAGE:1
2708,0,0,true,,,cascade,utility,3,75,138930943961,138930891124,10,0,BLUE,false,0,10,3,3,GOBLIN:12;SPIDER:13,ARCHER:4;GARGOYLE:6;MAGE:1
2709,0,0,true,,,utility,cascade,3,75,138938855042,138938839087,13,0,BLUE,false,0,8,3,2,GOBLIN:1;GOLEM:3;SPIDER:14,GARGOYLE:5;GOLEM:4
2710,0,0,true,,,cascade,utility,3,75,138938855042,138938839087,14,0,GREEN,false,1,0,3,2,GOBLIN:1;GOLEM:3;SPIDER:14,GARGOYLE:5;GOLEM:4
2711,0,0,true,,,utility,cascade,3,75,138938862961,138938815452,13,0,BLUE,false,0,3,3,3,GOBLIN:9;GOLEM:4;MAGE:1,ARCHER:1;GARGOYLE:3;SCORPION_RIDER:6
2712,0,0,true,,,cascade,utility,3,75,138938862961,138938815452,13,0,BLUE,false,0,3,3,3,GOBLIN:9;GOLEM:4;MAGE:1,ARCHER:1;GARGOYLE:3;SCORPION_RIDER:6
2713,0,0,true,,,utility,cascade,3,75,138946774042,138946763447,17,0,BLUE,false,0,2,3,2,GARGOYLE:4;SPIDER:15,GARGOYLE:5;GOLEM:4
2714,0,0,true,,,cascade,utility,3,75,138946774042,138946763447,24,0,GREEN,false,8,0,3,2,GARGOYLE:4;SPIDER:15,GARGOYLE:5;GOLEM:4
2715,0,0,true,,,utility,cascade,3,75,138946781961,138946772388,7,0,GREEN,false,12,0,3,3,GARGOYLE:1;GOBLIN:11;MAGE:5,ASSASSIN:8;GOBLIN:3;GOLEM:1
2716,0,0,true,,,cascade,utility,3,75,138946781961,138946772388,14,0,GREEN,false,10,0,3,3,GARGOYLE:1;GOBLIN:11;MAGE:5,ASSASSIN:8;GOBLIN:3;GOLEM:1
2717,0,0,true,,,utility,cascade,3,75,138954693042,138954704671,8,0,GREEN,false,9,0,3,2,ARCHER:8;GARGOYLE:3;SPIDER:2,ASSASSIN:7;SPIDER:8
2718,0,0,true,,,cascade,utility,3,75,138954693042,138954704671,6,0,GREEN,false,11,0,3,2,ARCHER:8;GARGOYLE:3;SPIDER:2,ASSASSIN:7;SPIDER:8
2719,0,0,true,,,utility,cascade,3,75,138954700961,138954712588,3,0,GREEN,false,10,0,3,3,GOBLIN:1;SCORPION_RIDER:9,ASSASSIN:8;GARGOYLE:1;GOLEM:1
2720,0,0,true,,,cascade,utility,3,75,138954700961,138954712588,12,0,GREEN,false,6,0,3,3,GOBLIN:1;SCORPION_RIDER:9,ASSASSIN:8;GARGOYLE:1;GOLEM:1
2721,0,0,true,,,utility,cascade,3,75,138962612042,138962661863,9,0,BLUE,false,0,5,2,3,MAGE:7;SCORPION_RIDER:3,ARCHER:9;MAGE:3
2722,0,0,true,,,cascade,utility,3,75,138962612042,138962661863,8,0,BLUE,false,0,4,2,3,MAGE:7;SCORPION_RIDER:3,ARCHER:9;MAGE:3
2723,0,0,true,,,utility,cascade,3,75,138962619961,138962636948,5,0,GREEN,false,14,0,3,3,GOBLIN:1;SCORPION_RIDER:6;SPIDER:8,ASSASSIN:8;GOBLIN:1;SPIDER:5
2724,0,0,true,,,cascade,utility,3,75,138962619961,138962636948,8,0,GREEN,false,12,0,3,3,GOBLIN:1;SCORPION_RIDER:6;SPIDER:8,ASSASSIN:8;GOBLIN:1;SPIDER:5
2725,0,0,true,,,utility,cascade,3,75,138970531042,138970585679,14,0,GREEN,false,8,0,3,3,GOBLIN:2;SCORPION_RIDER:6;SPIDER:7,GARGOYLE:2;GOBLIN:20
2726,0,0,true,,,cascade,utility,3,75,138970531042,138970585679,18,0,GREEN,false,6,0,3,3,GOBLIN:2;SCORPION_RIDER:6;SPIDER:7,GARGOYLE:2;GOBLIN:20
2727,0,0,true,,,utility,cascade,3,75,138970538961,138970594684,15,0,GREEN,false,4,0,3,3,ASSASSIN:1;GARGOYLE:4;SPIDER:13,GARGOYLE:1;GOBLIN:11;MAGE:5
2728,0,0,true,,,cascade,utility,3,75,138970538961,138970594684,11,0,BLUE,false,0,13,3,3,ASSASSIN:1;GARGOYLE:4;SPIDER:13,GARGOYLE:1;GOBLIN:11;MAGE:5
2729,0,0,true,,,utility,utility,3,75,200509080042,200509038407,13,0,GREEN,false,7,0,4,3,ARCHER:8;GOLEM:2;SPIDER:2,GOLEM:4;SPIDER:11
2730,0,0,true,,,utility,utility,3,75,200509080042,200509038407,13,0,GREEN,false,7,0,4,3,ARCHER:8;GOLEM:2;SPIDER:2,GOLEM:4;SPIDER:11
2731,0,0,true,,,utility,utility,3,75,200509087961,200509046388,17,0,,false,2,3,3,2,ASSASSIN:8;SCORPION_RIDER:2;SPIDER:1,ASSASSIN:6;SCORPION_RIDER:4
2732,0,0,true,,,utility,utility,3,75,200509087961,200509046388,17,0,,false,2,3,3,2,ASSASSIN:8;SCORPION_RIDER:2;SPIDER:1,ASSASSIN:6;SCORPION_RIDER:4
2733,0,0,true,,,utility,utility,3,75,200509095880,200509038949,22,0,,false,4,7,3,3,GOLEM:3;SCORPION_RIDER:5;SPIDER:1,GARGOYLE:6;GOBLIN:4;GOLEM:2
2734,0,0,true,,,utility,utility,3,75,200509095880,200509038949,24,0,,false,4,7,3,3,GOLEM:3;SCORPION_RIDER:5;SPIDER:1,GARGOYLE:6;GOBLIN:4;GOLEM:2
2735,0,0,true,,,utility,utility,3,75,200509103799,200509145114,25,0,BLUE,false,0,8,2,4,GARGOYLE:5;SCORPION_RIDER:5,ARCHER:4;SCORPION_RIDER:6;SPIDER:1
2736,0,0,true,,,utility,utility,3,75,200509103799,200509145114,31,0,BLUE,false,0,3,2,4,GARGOYLE:5;SCORPION_RIDER:5,ARCHER:4;SCORPION_RIDER:6;SPIDER:1
2737,0,0,true,,,utility,cascade,3,75,139706998042,139706975159,16,0,GREEN,false,5,0,2,3,GARGOYLE:5;GOLEM:4,GARGOYLE:6;GOBLIN:11
2738,0,0,true,,,cascade,utility,3,75,139706998042,139706975159,17,0,BLUE,false,0,7,2,3,GARGOYLE:5;GOLEM:4,GARGOYLE:6;GOBLIN:11
2739,0,0,true,,,utility,cascade,3,75,139707005961,139706983076,15,0,GREEN,false,9,0,3,3,GARGOYLE:10;SPIDER:1,GOLEM:3;SPIDER:15
2740,0,0,true,,,cascade,utility,3,75,139707005961,139706983076,20,0,BLUE,false,0,3,3,3,GARGOYLE:10;SPIDER:1,GOLEM:3;SPIDER:15
2741,0,0,true,,,utility,cascade,3,75,139714917042,139714931743,17,0,BLUE,false,0,9,3,4,GARGOYLE:4;GOLEM:4;SPIDER:2,ARCHER:5;ASSASSIN:1;GARGOYLE:5;SPIDER:1
2742,0,0,true,,,cascade,utility,3,75,139714917042,139714931743,13,0,BLUE,false,0,10,3,4,GARGOYLE:4;GOLEM:4;SPIDER:2,ARCHER:5;ASSASSIN:1;GARGOYLE:5;SPIDER:1
2743,0,0,true,,,utility,cascade,3,75,139714924961,139714907916,15,0,GREEN,false,9,0,4,3,ARCHER:3;GARGOYLE:6;MAGE:1;SCORPION_RIDER:1,ASSASSIN:7;GARGOYLE:3;SPIDER:1
2744,0,0,true,,,cascade,utility,3,75,139714924961,139714907916,12,0,GREEN,false,6,0,4,3,ARCHER:3;GARGOYLE:6;MAGE:1;SCORPION_RIDER:1,ASSASSIN:7;GARGOYLE:3;SPIDER:1
2745,0,0,true,,,utility,cascade,3,75,139722836042,139722856167,10,0,GREEN,false,5,0,3,4,ASSASSIN:1;GARGOYLE:5;SCORPION_RIDER:4,ASSASSIN:4;GOLEM:4;SPIDER:2
2746,0,0,true,,,cascade,utility,3,75,139722836042,139722856167,18,0,GREEN,false,2,0,3,4,ASSASSIN:1;GARGOYLE:5;SCORPION_RIDER:4,ASSASSIN:4;GOLEM:4;SPIDER:2
2747,0,0,true,,,utility,cascade,3,75,139722843961,139722865044,7,0,GREEN,false,11,0,2,3,ARCHER:7;GOBLIN:11,GOLEM:4;MAGE:5
2748,0,0,true,,,cascade,utility,3,75,139722843961,139722865044,8,0,GREEN,false,7,0,2,3,ARCHER:7;GOBLIN:11,GOLEM:4;MAGE:5
2749,0,0,true,,,utility,utility,3,75,139730755042,139730797391,27,0,,false,6,4,3,3,GOLEM:3;MAGE:3;SCORPION_RIDER:3,GOBLIN:6;GOLEM:4;SCORPION_RIDER:2
2750,0,0,true,,,utility,utility,3,75,139730755042,139730797391,27,0,,false,6,4,3,3,GOLEM:3;MAGE:3;SCORPION_RIDER:3,GOBLIN:6;GOLEM:4;SCORPION_RIDER:2
2751,0,0,true,,,utility,utility,3,75,139730762961,139730805372,11,0,BLUE,false,0,7,2,2,MAGE:7;SCORPION_RIDER:3,ASSASSIN:8;SPIDER:6
2752,0,0,true,,,utility,utility,3,75,139730762961,139730805372,11,0,BLUE,false,0,7,2,2,MAGE:7;SCORPION_RIDER:3,ASSASSIN:8;SPIDER:6
2753,0,0,true,,,utility,cascade,3,75,139738674042,139738623447,11,0,BLUE,false,0,9,2,3,GOLEM:4;MAGE:5,ARCHER:7;GOBLIN:9;SPIDER:2
2754,0,0,true,,,cascade,utility,3,75,139738674042,139738623447,8,0,BLUE,false,0,11,2,3,GOLEM:4;MAGE:5,ARCHER:7;GOBLIN:9;SPIDER:2
2755,0,0,true,,,utility,cascade,3,75,139738681961,139738729668,4,0,GREEN,false,5,0,3,3,ASSASSIN:8;MAGE:2;SPIDER:1,GOBLIN:8;MAGE:7
2756,0,0,true,,,cascade,utility,3,75,139738681961,139738729668,8,0,GREEN,false,7,0,3,3,ASSASSIN:8;MAGE:2;SPIDER:1,GOBLIN:8;MAGE:7
2757,0,0,true,,,utility,cascade,3,75,139746593042,139746547647,3,0,BLUE,false,0,23,2,2,ARCHER:3;ASSASSIN:8,GOBLIN:10;SPIDER:15
2758,0,0,true,,,cascade,utility,3,75,139746593042,139746547647,5,0,BLUE,false,0,9,2,2,ARCHER:3;ASSASSIN:8,GOBLIN:10;SPIDER:15
2759,0,0,true,,,utility,cascade,3,75,139746600961,139746555564,10,0,GREEN,false,6,0,4,3,ASSASSIN:4;GARGOYLE:5;GOBLIN:2;SPIDER:2,MAGE:3;SCORPION_RIDER:5;SPIDER:4
2760,0,0,true,,,cascade,utility,3,75,139746600961,139746555564,10,0,GREEN,false,5,0,4,3,ASSASSIN:4;GARGOYLE:5;GOBLIN:2;SPIDER:2,MAGE:3;SCORPION_RIDER:5;SPIDER:4
2761,0,0,true,,,utility,cascade,3,75,139754512042,139754487815,9,0,BLUE,false,0,7,3,3,ASSASSIN:10;GOBLIN:1,ARCHER:12;SPIDER:1
2762,0,0,true,,,cascade,utility,3,75,139754512042,139754487815,9,0,BLUE,false,0,5,3,3,ASSASSIN:10;GOBLIN:1,ARCHER:12;SPIDER:1
2763,0,0,true,,,utility,cascade,3,75,139754519961,139754496820,9,0,BLUE,false,0,6,4,3,ARCHER:1;ASSASSIN:8;GOLEM:1;SPIDER:1,GOBLIN:2;MAGE:3;SCORPION_RIDER:6
2764,0,0,true,,,cascade,utility,3,75,139754519961,139754496820,5,0,BLUE,false,0,7,4,3,ARCHER:1;ASSASSIN:8;GOLEM:1;SPIDER:1,GOBLIN:2;MAGE:3;SCORPION_RIDER:6
2765,0,0,true,,,utility,cascade,3,75,139762431042,139762445039,12,0,GREEN,false,5,0,3,3,GOBLIN:12;SPIDER:13,MAGE:5;SCORPION_RIDER:5
2766,0,0,true,,,cascade,utility,3,75,139762431042,139762445039,6,0,BLUE,false,0,8,3,3,GOBLIN:12;SPIDER:13,MAGE:5;SCORPION_RIDER:5
2767,0,0,true,,,utility,cascade,3,75,139762438961,139762421148,11,0,BLUE,false,0,10,3,3,SCORPION_RIDER:4;SPIDER:14,GARGOYLE:10;GOBLIN:1
2768,0,0,true,,,cascade,utility,3,75,139762438961,139762421148,8,0,BLUE,false,0,10,3,3,SCORPION_RIDER:4;SPIDER:14,GARGOYLE:10;GOBLIN:1
2769,0,0,true,,,utility,utility,3,75,140498898042,140498948823,15,0,BLUE,false,0,4,3,3,ARCHER:7;GARGOYLE:4;SPIDER:1,GOBLIN:1;GOLEM:4;SCORPION_RIDER:4
2770,0,0,true,,,utility,utility,3,75,140498898042,140498948823,13,0,BLUE,false,0,4,3,3,ARCHER:7;GARGOYLE:4;SPIDER:1,GOBLIN:1;GOLEM:4;SCORPION_RIDER:4
2771,0,0,true,,,utility,utility,3,75,140498905961,140498957764,17,0,BLUE,false,0,7,2,4,MAGE:7;SCORPION_RIDER:3,ARCHER:1;GOBLIN:7;SPIDER:16
2772,0,0,true,,,utility,utility,3,75,140498905961,140498957764,17,0,BLUE,false,0,7,2,4,MAGE:7;SCORPION_RIDER:3,ARCHER:1;GOBLIN:7;SPIDER:16
2773,0,0,true,,,utility,utility,3,75,140506817042,140506774719,10,0,GREEN,false,3,0,3,2,ASSASSIN:6;GOBLIN:11,ASSASSIN:6;SCORPION_RIDER:4
2774,0,0,true,,,utility,utility,3,75,140506817042,140506774719,10,0,GREEN,false,3,0,3,2,ASSASSIN:6;GOBLIN:11,ASSASSIN:6;SCORPION_RIDER:4
2775,0,0,true,,,utility,utility,3,75,140506824961,140506881964,34,0,,false,3,11,4,3,GARGOYLE:4;SPIDER:15,GARGOYLE:6;GOBLIN:1;MAGE:4
2776,0,0,true,,,utility,utility,3,75,140506824961,140506881964,11,0,BLUE,false,0,11,4,3,GARGOYLE:4;SPIDER:15,GARGOYLE:6;GOBLIN:1;MAGE:4
2777,0,0,true,,,utility,utility,3,75,140514736042,140514715911,11,0,BLUE,false,0,5,2,3,GOLEM:4;SPIDER:11,ARCHER:1;GOBLIN:9;GOLEM:4
2778,0,0,true,,,utility,utility,3,75,140514736042,140514715911,13,0,BLUE,false,0,4,2,3,GOLEM:4;SPIDER:11,ARCHER:1;GOBLIN:9;GOLEM:4
2779,0,0,true,,,utility,utility,3,75,140514743961,140514691124,19,0,BLUE,false,0,5,3,3,GARGOYLE:6;GOBLIN:1;GOLEM:3,GARGOYLE:6;GOBLIN:11
2780,0,0,true,,,utility,utility,3,75,140514743961,140514691124,24,0,GREEN,false,6,0,3,3,GARGOYLE:6;GOBLIN:1;GOLEM:3,GARGOYLE:6;GOBLIN:11
2781,0,0,true,,,utility,utility,3,75,140522655042,140522640367,21,0,,false,15,8,3,3,ARCHER:5;GOBLIN:15,ASSASSIN:1;GARGOYLE:4;GOLEM:4
2782,0,0,true,,,utility,utility,3,75,140522655042,140522640367,19,0,,false,15,8,3,3,ARCHER:5;GOBLIN:15,ASSASSIN:1;GARGOYLE:4;GOLEM:4
2783,0,0,true,,,utility,utility,3,75,140522662961,140522648220,47,0,BLUE,false,0,6,2,3,GARGOYLE:5;SCORPION_RIDER:5,GARGOYLE:10;SPIDER:1
2784,0,0,true,,,utility,utility,3,75,140522662961,140522648220,26,0,,false,5,10,2,3,GARGOYLE:5;SCORPION_RIDER:5,GARGOYLE:10;SPIDER:1
2785,0,0,true,,,utility,cascade,3,75,140530574042,140530596983,23,0,GREEN,false,5,0,2,2,GARGOYLE:5;GOLEM:4,ARCHER:3;MAGE:8
2786,0,0,true,,,cascade,utility,3,75,140530574042,140530596983,14,0,GREEN,false,4,0,2,2,GARGOYLE:5;GOLEM:4,ARCHER:3;MAGE:8
2787,0,0,true,,,utility,cascade,3,75,140530581961,140530573156,21,0,BLUE,false,0,6,3,3,ARCHER:5;GOBLIN:1;GOLEM:4,GOLEM:7;SPIDER:1
2788,0,0,true,,,cascade,utility,3,75,140530581961,140530573156,12,0,GREEN,false,6,0,3,3,ARCHER:5;GOBLIN:1;GOLEM:4,GOLEM:7;SPIDER:1
2789,0,0,true,,,utility,utility,3,75,140538493042,140538537695,16,0,GREEN,false,5,0,3,4,GARGOYLE:6;SPIDER:11,ASSASSIN:1;GOBLIN:12;SCORPION_RIDER:4
2790,0,0,true,,,utility,utility,3,75,140538493042,140538537695,16,0,GREEN,false,5,0,3,4,GARGOYLE:6;SPIDER:11,ASSASSIN:1;GOBLIN:12;SCORPION_RIDER:4
2791,0,0,true,,,utility,utility,3,75,140538500961,140538513868,9,0,BLUE,false,0,4,2,2,ASSASSIN:5;SPIDER:13,ASSASSIN:5;GOLEM:4
2792,0,0,true,,,utility,utility,3,75,140538500961,140538513868,9,0,BLUE,false,0,4,2,2,ASSASSIN:5;SPIDER:13,ASSASSIN:5;GOLEM:4
2793,0,0,true,,,utility,cascade,3,75,140546412042,140546461863,19,0,BLUE,false,0,15,3,2,ASSASSIN:8;MAGE:2;SPIDER:1,SPIDER:25
2794,0,0,true,,,cascade,utility,3,75,140546412042,140546461863,6,0,BLUE,false,0,15,3,2,ASSASSIN:8;MAGE:2;SPIDER:1,SPIDER:25
2795,0,0,true,,,utility,cascade,3,75,140546419961,140546470484,13,0,BLUE,false,0,5,3,2,ASSASSIN:1;GOBLIN:12;SCORPION_RIDER:4,GARGOYLE:5;GOLEM:4
2796,0,0,true,,,cascade,utility,3,75,140546419961,140546470484,12,0,GREEN,false,12,0,3,2,ASSASSIN:1;GOBLIN:12;SCORPION_RIDER:4,GARGOYLE:5;GOLEM:4
2797,0,0,true,,,utility,cascade,3,75,140554331042,140554288399,9,0,GREEN,false,11,0,3,3,GARGOYLE:6;GOBLIN:9;SPIDER:2,ASSASSIN:1;GOLEM:1;MAGE:8
2798,0,0,true,,,cascade,utility,3,75,140554331042,140554288399,10,0,GREEN,false,10,0,3,3,GARGOYLE:6;GOBLIN:9;SPIDER:2,ASSASSIN:1;GOLEM:1;MAGE:8
2799,0,0,true,,,utility,cascade,3,75,140554338961,140554394684,7,0,BLUE,false,0,8,2,3,ARCHER:3;ASSASSIN:8,GOBLIN:6;MAGE:8
2800,0,0,true,,,cascade,utility,3,75,140554338961,140554394684,7,0,BLUE,false,0,8,2,3,ARCHER:3;ASSASSIN:8,GOBLIN:6;MAGE:8
2801,0,0,true,,,utility,utility,3,75,141290798042,141290808695,6,0,GREEN,false,10,0,3,2,ARCHER:8;SCORPION_RIDER:3;SPIDER:1,MAGE:8;SPIDER:6
2802,0,0,true,,,utility,utility,3,75,141290798042,141290808695,6,0,GREEN,false,10,0,3,2,ARCHER:8;SCORPION_RIDER:3;SPIDER:1,MAGE:8;SPIDER:6
2803,0,0,true,,,utility,utility,3,75,141290805961,141290783844,19,0,,false,8,2,3,3,ARCHER:12;SPIDER:1,ASSASSIN:8;GARGOYLE:2;SPIDER:1
2804,0,0,true,,,utility,utility,3,75,141290805961,141290783844,19,0,,false,8,2,3,3,ARCHER:12;SPIDER:1,ASSASSIN:8;GARGOYLE:2;SPIDER:1
2805,0,0,true,,,utility,cascade,3,75,141298717042,141298733023,7,0,BLUE,false,0,10,3,3,ASSASSIN:7;GARGOYLE:3;SPIDER:1,ARCHER:7;GARGOYLE:4;GOBLIN:1
2806,0,0,true,,,cascade,utility,3,75,141298717042,141298733023,8,0,BLUE,false,0,11,3,3,ASSASSIN:7;GARGOYLE:3;SPIDER:1,ARCHER:7;GARGOYLE:4;GOBLIN:1
2807,0,0,true,,,utility,cascade,3,75,141298724961,141298740940,18,0,GREEN,false,5,0,3,2,ASSASSIN:5;GARGOYLE:5;GOBLIN:1,GOBLIN:8;MAGE:7
2808,0,0,true,,,cascade,utility,3,75,141298724961,141298740940,15,0,BLUE,false,0,7,3,2,ASSASSIN:5;GARGOYLE:5;GOBLIN:1,GOBLIN:8;MAGE:7
2809,0,0,true,,,utility,utility,3,75,141306636042,141306689959,8,0,GREEN,false,9,0,3,3,ARCHER:8;SPIDER:9,GOBLIN:1;MAGE:7;SPIDER:7
2810,0,0,true,,,utility,utility,3,75,141306636042,141306689959,10,0,GREEN,false,13,0,3,3,ARCHER:8;SPIDER:9,GOBLIN:1;MAGE:7;SPIDER:7
2811,0,0,true,,,utility,utility,3,75,141306643961,141306665812,14,0,,false,5,12,3,3,ASSASSIN:4;GOLEM:4;MAGE:1,ARCHER:11;SCORPION_RIDER:1
2812,0,0,true,,,utility,utility,3,75,141306643961,141306665812,14,0,,false,5,12,3,3,ASSASSIN:4;GOLEM:4;MAGE:1,ARCHER:11;SCORPION_RIDER:1
2813,0,0,true,,,utility,cascade,3,75,141314555042,141314499087,19,0,BLUE,false,0,3,3,2,ARCHER:7;GOBLIN:1;SPIDER:10,GARGOYLE:5;SCORPION_RIDER:5
2814,0,0,true,,,cascade,utility,3,75,141314555042,141314499087,12,0,BLUE,false,0,8,3,2,ARCHER:7;GOBLIN:1;SPIDER:10,GARGOYLE:5;SCORPION_RIDER:5
2815,0,0,true,,,utility,cascade,3,75,141314562961,141314606396,13,0,GREEN,false,3,0,3,3,GARGOYLE:2;MAGE:8;SPIDER:1,GOBLIN:1;MAGE:10
2816,0,0,true,,,cascade,utility,3,75,141314562961,141314606396,20,0,GREEN,false,2,0,3,3,GARGOYLE:2;MAGE:8;SPIDER:1,GOBLIN:1;MAGE:10
2817,0,0,true,,,utility,cascade,3,75,141322474042,141322423447,16,0,GREEN,false,4,0,2,2,GARGOYLE:5;GOLEM:4,ARCHER:4;MAGE:7
2818,0,0,true,,,cascade,utility,3,75,141322474042,141322423447,12,0,GREEN,false,7,0,2,2,GARGOYLE:5;GOLEM:4,ARCHER:4;MAGE:7
2819,0,0,true,,,utility,cascade,3,75,141322481961,141322432388,7,0,BLUE,false,0,8,3,3,ASSASSIN:8;MAGE:2;SPIDER:1,GOLEM:4;SCORPION_RIDER:4;SPIDER:1
2820,0,0,true,,,cascade,utility,3,75,141322481961,141322432388,3,0,BLUE,false,0,9,3,3,ASSASSIN:8;MAGE:2;SPIDER:1,GOLEM:4;SCORPION_RIDER:4;SPIDER:1
2821,0,0,true,,,utility,utility,3,75,141330393042,141330381183,23,0,BLUE,false,0,8,3,3,ARCHER:4;MAGE:1;SPIDER:14,GARGOYLE:1;GOLEM:1;MAGE:8
2822,0,0,true,,,utility,utility,3,75,141330393042,141330381183,23,0,BLUE,false,0,8,3,3,ARCHER:4;MAGE:1;SPIDER:14,GARGOYLE:1;GOLEM:1;MAGE:8
2823,0,0,true,,,utility,utility,3,75,141330400961,141330356332,12,0,,false,20,12,3,3,GOBLIN:1;SCORPION_RIDER:3;SPIDER:16,ARCHER:6;GARGOYLE:5;GOBLIN:1
2824,0,0,true,,,utility,utility,3,75,141330400961,141330356332,12,0,,false,20,12,3,3,GOBLIN:1;SCORPION_RIDER:3;SPIDER:16,ARCHER:6;GARGOYLE:5;GOBLIN:1
2825,0,0,true,,,utility,cascade,3,75,141338312042,141338321863,8,0,GREEN,false,6,0,3,2,GARGOYLE:2;MAGE:8;SPIDER:1,MAGE:8;SPIDER:6
2826,0,0,true,,,cascade,utility,3,75,141338312042,141338321863,18,0,GREEN,false,2,0,3,2,GARGOYLE:2;MAGE:8;SPIDER:1,MAGE:8;SPIDER:6
2827,0,0,true,,,utility,cascade,3,75,141338319961,141338297076,6,0,GREEN,false,8,0,3,3,GARGOYLE:3;SCORPION_RIDER:6;SPIDER:2,ARCHER:8;ASSASSIN:3;GOBLIN:2
2828,0,0,true,,,cascade,utility,3,75,141338319961,141338297076,14,0,GREEN,false,8,0,3,3,GARGOYLE:3;SCORPION_RIDER:6;SPIDER:2,ARCHER:8;ASSASSIN:3;GOBLIN:2
2829,0,0,true,,,utility,cascade,3,75,141346231042,141346246063,12,0,GREEN,false,2,0,2,2,SPIDER:25,SPIDER:25
2830,0,0,true,,,cascade,utility,3,75,141346231042,141346246063,9,0,BLUE,false,0,7,2,2,SPIDER:25,SPIDER:25
2831,0,0,true,,,utility,cascade,3,75,141346238961,141346254684,13,0,BLUE,false,0,3,2,3,GOLEM:3;SPIDER:15,ASSASSIN:4;GOBLIN:2;GOLEM:4
2832,0,0,true,,,cascade,utility,3,75,141346238961,141346254684,12,0,GREEN,false,5,0,2,3,GOLEM:3;SPIDER:15,ASSASSIN:4;GOBLIN:2;GOLEM:4
2833,0,0,true,,,utility,cascade,3,75,142082698042,142082651543,11,0,BLUE,false,0,3,2,3,SCORPION_RIDER:4;SPIDER:14,GOBLIN:1;SCORPION_RIDER:3;SPIDER:16
2834,0,0,true,,,cascade,utility,3,75,142082698042,142082651543,11,0,BLUE,false,0,8,2,3,SCORPION_RIDER:4;SPIDER:14,GOBLIN:1;SCORPION_RIDER:3;SPIDER:16
2835,0,0,true,,,utility,cascade,3,75,142082705961,142082757764,16,0,GREEN,false,4,0,3,4,GARGOYLE:2;GOBLIN:7;GOLEM:4,ARCHER:1;GOLEM:1;MAGE:8;SPIDER:1
2836,0,0,true,,,cascade,utility,3,75,142082705961,142082757764,18,0,GREEN,false,4,0,3,4,GARGOYLE:2;GOBLIN:7;GOLEM:4,ARCHER:1;GOLEM:1;MAGE:8;SPIDER:1
2837,0,0,true,,,utility,utility,3,75,142090617042,142090575487,26,0,,false,13,9,3,3,GOBLIN:11;SCORPION_RIDER:5,GOLEM:2;MAGE:1;SCORPION_RIDER:6
2838,0,0,true,,,utility,utility,3,75,142090617042,142090575487,22,0,,false,10,8,3,3,GOBLIN:11;SCORPION_RIDER:5,GOLEM:2;MAGE:1;SCORPION_RIDER:6
2839,0,0,true,,,utility,utility,3,75,142090624961,142090568044,9,0,BLUE,false,0,5,2,3,MAGE:5;SCORPION_RIDER:5,ARCHER:4;SCORPION_RIDER:6;SPIDER:1
2840,0,0,true,,,utility,utility,3,75,142090624961,142090568044,9,0,BLUE,false,0,5,2,3,MAGE:5;SCORPION_RIDER:5,ARCHER:4;SCORPION_RIDER:6;SPIDER:1
2841,0,0,true,,,utility,utility,3,75,142098536042,142098516167,20,0,,false,17,7,3,3,GOBLIN:2;SCORPION_RIDER:3;SPIDER:15,GOLEM:7;SPIDER:1
2842,0,0,true,,,utility,utility,3,75,142098536042,142098516167,20,0,,false,17,7,3,3,GOBLIN:2;SCORPION_RIDER:3;SPIDER:15,GOLEM:7;SPIDER:1
2843,0,0,true,,,utility,utility,3,75,142098543961,142098525172,15,0,,false,17,9,3,3,GARGOYLE:6;GOBLIN:11,GARGOYLE:9;SPIDER:4
2844,0,0,true,,,utility,utility,3,75,142098543961,142098525172,15,0,,false,17,9,3,3,GARGOYLE:6;GOBLIN:11,GARGOYLE:9;SPIDER:4
2845,0,0,true,,,utility,cascade,3,75,142106455042,142106473135,13,0,BLUE,false,0,4,3,2,ASSASSIN:3;SPIDER:18,GARGOYLE:6;SCORPION_RIDER:4
2846,0,0,true,,,cascade,utility,3,75,142106455042,142106473135,8,0,BLUE,false,0,7,3,2,ASSASSIN:3;SPIDER:18,GARGOYLE:6;SCORPION_RIDER:4
2847,0,0,true,,,utility,cascade,3,75,142106462961,142106448988,13,0,BLUE,false,0,24,3,3,ASSASSIN:8;GARGOYLE:2;GOBLIN:1,GOBLIN:1;SPIDER:24
2848,0,0,true,,,cascade,utility,3,75,142106462961,142106448988,6,0,BLUE,false,0,18,3,3,ASSASSIN:8;GARGOYLE:2;GOBLIN:1,GOBLIN:1;SPIDER:24
2849,0,0,true,,,utility,cascade,3,75,142114374042,142114398007,7,0,GREEN,false,6,0,3,3,GOLEM:4;SCORPION_RIDER:4;SPIDER:1,ARCHER:1;ASSASSIN:7;GOLEM:2
2850,0,0,true,,,cascade,utility,3,75,142114374042,142114398007,10,0,GREEN,false,4,0,3,3,GOLEM:4;SCORPION_RIDER:4;SPIDER:1,ARCHER:1;ASSASSIN:7;GOLEM:2
2851,0,0,true,,,utility,cascade,3,75,142114381961,142114405924,13,0,BLUE,false,0,3,3,3,GOBLIN:1;SCORPION_RIDER:4;SPIDER:13,GOLEM:3;SPIDER:15
2852,0,0,true,,,cascade,utility,3,75,142114381961,142114405924,13,0,BLUE,false,0,3,3,3,GOBLIN:1;SCORPION_RIDER:4;SPIDER:13,GOLEM:3;SPIDER:15
2853,0,0,true,,,utility,cascade,3,75,142122293042,142122338719,10,0,GREEN,false,6,0,3,3,GOLEM:3;SCORPION_RIDER:5;SPIDER:1,ARCHER:7;MAGE:1;SCORPION_RIDER:3
2854,0,0,true,,,cascade,utility,3,75,142122293042,142122338719,12,0,GREEN,false,3,0,3,3,GOLEM:3;SCORPION_RIDER:5;SPIDER:1,ARCHER:7;MAGE:1;SCORPION_RIDER:3
2855,0,0,true,,,utility,cascade,3,75,142122300961,142122346636,11,0,BLUE,false,0,3,3,3,GOBLIN:1;MAGE:8;SCORPION_RIDER:2,ASSASSIN:8;GOLEM:1;MAGE:1
2856,0,0,true,,,cascade,utility,3,75,142122300961,142122346636,7,0,BLUE,false,0,7,3,3,GOBLIN:1;MAGE:8;SCORPION_RIDER:2,ASSASSIN:8;GOLEM:1;MAGE:1
2857,0,0,true,,,utility,cascade,3,75,142130212042,142130164327,8,0,GREEN,false,8,0,3,3,ARCHER:8;GOBLIN:1;SCORPION_RIDER:3,ASSASSIN:6;GOBLIN:11
2858,0,0,true,,,cascade,utility,3,75,142130212042,142130164327,10,0,GREEN,false,8,0,3,3,ARCHER:8;GOBLIN:1;SCORPION_RIDER:3,ASSASSIN:6;GOBLIN:11
2859,0,0,true,,,utility,cascade,3,75,142130219961,142130271508,20,0,BLUE,false,0,4,3,3,GARGOYLE:6;MAGE:4;SPIDER:1,ARCHER:8;SCORPION_RIDER:3;SPIDER:1
2860,0,0,true,,,cascade,utility,3,75,142130219961,142130271508,17,0,BLUE,false,0,8,3,3,GARGOYLE:6;MAGE:4;SPIDER:1,ARCHER:8;SCORPION_RIDER:3;SPIDER:1
2861,0,0,true,,,utility,cascade,3,75,142138131042,142138088655,5,0,GREEN,false,6,0,3,3,ARCHER:4;GOBLIN:1;SCORPION_RIDER:6,ARCHER:3;ASSASSIN:8
2862,0,0,true,,,cascade,utility,3,75,142138131042,142138088655,8,0,GREEN,false,6,0,3,3,ARCHER:4;GOBLIN:1;SCORPION_RIDER:6,ARCHER:3;ASSASSIN:8
2863,0,0,true,,,utility,cascade,3,75,142138138961,142138097660,17,0,BLUE,false,0,5,3,3,GOBLIN:12;MAGE:1;SCORPION_RIDER:4,ARCHER:8;SPIDER:9
2864,0,0,true,,,cascade,utility,3,75,142138138961,142138097660,13,0,BLUE,false,0,8,3,3,GOBLIN:12;MAGE:1;SCORPION_RIDER:4,ARCHER:8;SPIDER:9
2865,0,0,true,,,utility,cascade,3,75,61784038042,61784015927,17,0,BLUE,false,0,6,3,3,ARCHER:7;GARGOYLE:4;GOBLIN:1,ASSASSIN:3;GARGOYLE:6;GOLEM:1
2866,0,0,true,,,cascade,utility,3,75,61784038042,61784015927,14,0,BLUE,false,0,6,3,3,ARCHER:7;GARGOYLE:4;GOBLIN:1,ASSASSIN:3;GARGOYLE:6;GOLEM:1
2867,0,0,true,,,utility,cascade,3,75,61784045961,61784024868,15,0,BLUE,false,0,7,3,3,GARGOYLE:6;GOBLIN:11,ARCHER:7;GOBLIN:11
2868,0,0,true,,,cascade,utility,3,75,61784045961,61784024868,22,0,GREEN,false,5,0,3,3,GARGOYLE:6;GOBLIN:11,ARCHER:7;GOBLIN:11
2869,0,0,true,,,utility,utility,3,75,62053284042,62053230183,4,0,GREEN,false,9,0,3,3,ASSASSIN:3;GOBLIN:2;SCORPION_RIDER:6,ASSASSIN:2;GOBLIN:1;MAGE:8
2870,0,0,true,,,utility,utility,3,75,62053284042,62053230183,4,0,GREEN,false,9,0,3,3,ASSASSIN:3;GOBLIN:2;SCORPION_RIDER:6,ASSASSIN:2;GOBLIN:1;MAGE:8
2871,0,0,true,,,utility,utility,3,75,62053291961,62053337364,21,0,,false,11,1,3,3,GOBLIN:1;MAGE:4;SPIDER:14,ASSASSIN:5;GARGOYLE:5;SPIDER:1
2872,0,0,true,,,utility,utility,3,75,62053291961,62053337364,21,0,,false,12,1,3,3,GOBLIN:1;MAGE:4;SPIDER:14,ASSASSIN:5;GARGOYLE:5;SPIDER:1
2873,0,0,true,,,utility,utility,3,75,62187907042,62187960655,18,0,,false,3,15,2,2,ARCHER:3;ASSASSIN:8,GOBLIN:11;SCORPION_RIDER:5
2874,0,0,true,,,utility,utility,3,75,62187907042,62187960655,18,0,,false,3,15,2,2,ARCHER:3;ASSASSIN:8,GOBLIN:11;SCORPION_RIDER:5
2875,0,0,true,,,utility,utility,3,75,62187914961,62187935868,12,0,,false,16,11,3,3,GOBLIN:1;SCORPION_RIDER:5;SPIDER:10,GARGOYLE:10;SPIDER:1
2876,0,0,true,,,utility,utility,3,75,62187914961,62187935868,12,0,,false,16,11,3,3,GOBLIN:1;SCORPION_RIDER:5;SPIDER:10,GARGOYLE:10;SPIDER:1
2877,0,0,true,,,utility,cascade,3,75,142874598042,142874608695,8,0,GREEN,false,5,0,3,2,SCORPION_RIDER:6;SPIDER:9,ASSASSIN:7;SCORPION_RIDER:3
2878,0,0,true,,,cascade,utility,3,75,142874598042,142874608695,12,0,GREEN,false,4,0,3,2,SCORPION_RIDER:6;SPIDER:9,ASSASSIN:7;SCORPION_RIDER:3
2879,0,0,true,,,utility,cascade,3,75,142874605961,142874617636,15,0,BLUE,false,0,4,2,2,ARCHER:8;GOBLIN:9,GOBLIN:11;GOLEM:4
2880,0,0,true,,,cascade,utility,3,75,142874605961,142874617636,12,0,GREEN,false,4,0,2,2,ARCHER:8;GOBLIN:9,GOBLIN:11;GOLEM:4
2881,0,0,true,,,utility,cascade,3,75,142882517042,142882565791,5,0,BLUE,false,0,17,3,3,ASSASSIN:4;SPIDER:15,ARCHER:5;SPIDER:15
2882,0,0,true,,,cascade,utility,3,75,142882517042,142882565791,6,0,BLUE,false,0,7,3,3,ASSASSIN:4;SPIDER:15,ARCHER:5;SPIDER:15
2883,0,0,true,,,utility,cascade,3,75,142882524961,142882541964,9,0,BLUE,false,0,8,2,2,ASSASSIN:8;GOBLIN:6,MAGE:8;SPIDER:6
2884,0,0,true,,,cascade,utility,3,75,142882524961,142882541964,6,0,GREEN,false,8,0,2,2,ASSASSIN:8;GOBLIN:6,MAGE:8;SPIDER:6
2885,0,0,true,,,utility,cascade,3,75,142890436042,142890490727,19,0,BLUE,false,0,8,3,3,GOBLIN:5;MAGE:8;SPIDER:1,ARCHER:9;GARGOYLE:3
2886,0,0,true,,,cascade,utility,3,75,142890436042,142890490727,7,0,BLUE,false,0,8,3,3,GOBLIN:5;MAGE:8;SPIDER:1,ARCHER:9;GARGOYLE:3
2887,0,0,true,,,utility,cascade,3,75,142890443961,142890498580,15,0,BLUE,false,0,4,3,3,ARCHER:7;GOBLIN:10;SPIDER:1,GOBLIN:1;GOLEM:4;SCORPION_RIDER:4
2888,0,0,true,,,cascade,utility,3,75,142890443961,142890498580,11,0,BLUE,false,0,7,3,3,ARCHER:7;GOBLIN:10;SPIDER:1,GOBLIN:1;GOLEM:4;SCORPION_RIDER:4
2889,0,0,true,,,utility,cascade,3,75,142898355042,142898300367,7,0,BLUE,false,0,6,3,4,ASSASSIN:8;GOLEM:1;SPIDER:3,ARCHER:1;GOBLIN:7;SCORPION_RIDER:6
2890,0,0,true,,,cascade,utility,3,75,142898355042,142898300367,5,0,BLUE,false,0,11,3,4,ASSASSIN:8;GOLEM:1;SPIDER:3,ARCHER:1;GOBLIN:7;SCORPION_RIDER:6
2891,0,0,true,,,utility,cascade,3,75,142898362961,142898308348,12,0,GREEN,false,7,0,3,3,ARCHER:8;SPIDER:9,ASSASSIN:7;GOBLIN:2;GOLEM:2
2892,0,0,true,,,cascade,utility,3,75,142898362961,142898308348,18,0,GREEN,false,8,0,3,3,ARCHER:8;SPIDER:9,ASSASSIN:7;GOBLIN:2;GOLEM:2
2893,0,0,true,,,utility,utility,3,75,142906274042,142906256983,19,0,,false,7,4,3,2,ARCHER:1;GOLEM:2;MAGE:7,ASSASSIN:5;GOLEM:4
2894,0,0,true,,,utility,utility,3,75,142906274042,142906256983,19,0,,false,7,4,3,2,ARCHER:1;GOLEM:2;MAGE:7,ASSASSIN:5;GOLEM:4
2895,0,0,true,,,utility,utility,3,75,142906281961,142906233156,14,0,,false,4,18,3,3,ASSASSIN:5;GOLEM:4,GARGOYLE:5;GOBLIN:11;SPIDER:2
2896,0,0,true,,,utility,utility,3,75,142906281961,142906233156,14,0,,false,4,18,3,3,ASSASSIN:5;GOLEM:4,GARGOYLE:5;GOBLIN:11;SPIDER:2
2897,0,0,true,,,utility,cascade,3,75,142914193042,142914181183,9,0,BLUE,false,0,20,2,3,ASSASSIN:8;SPIDER:6,GOBLIN:25
2898,0,0,true,,,cascade,utility,3,75,142914193042,142914181183,5,0,BLUE,false,0,18,2,3,ASSASSIN:8;SPIDER:6,GOBLIN:25
2899,0,0,true,,,utility,cascade,3,75,142914200961,142914190124,7,0,BLUE,false,0,5,3,3,ASSASSIN:8;GOBLIN:1;SPIDER:5,ARCHER:4;SCORPION_RIDER:6;SPIDER:1
2900,0,0,true,,,cascade,utility,3,75,142914200961,142914190124,5,0,BLUE,false,0,5,3,3,ASSASSIN:8;GOBLIN:1;SPIDER:5,ARCHER:4;SCORPION_RIDER:6;SPIDER:1
2901,0,0,true,,,utility,cascade,3,75,142922112042,142922121863,17,0,BLUE,false,0,13,3,3,SCORPION_RIDER:3;SPIDER:17,GOBLIN:12;SPIDER:13
2902,0,0,true,,,cascade,utility,3,75,142922112042,142922121863,13,0,BLUE,false,0,10,3,3,SCORPION_RIDER:3;SPIDER:17,GOBLIN:12;SPIDER:13
2903,0,0,true,,,utility,cascade,3,75,142922119961,142922130868,9,0,BLUE,false,0,3,2,3,GOBLIN:11;GOLEM:4,SCORPION_RIDER:9;SPIDER:1
2904,0,0,true,,,cascade,utility,3,75,142922119961,142922130868,7,0,BLUE,false,0,5,2,3,GOBLIN:11;GOLEM:4,SCORPION_RIDER:9;SPIDER:1
2905,0,0,true,,,utility,cascade,3,75,142930031042,142930079599,10,0,GREEN,false,8,0,3,2,MAGE:10;SPIDER:1,ARCHER:3;ASSASSIN:8
2906,0,0,true,,,cascade,utility,3,75,142930031042,142930079599,6,0,BLUE,false,0,8,3,2,MAGE:10;SPIDER:1,ARCHER:3;ASSASSIN:8
2907,0,0,true,,,utility,cascade,3,75,142930038961,142930054684,10,0,GREEN,false,8,0,3,3,GOBLIN:1;GOLEM:4;SCORPION_RIDER:4,ASSASSIN:4;GARGOYLE:5;GOBLIN:4
2908,0,0,true,,,cascade,utility,3,75,142930038961,142930054684,10,0,GREEN,false,8,0,3,3,GOBLIN:1;GOLEM:4;SCORPION_RIDER:4,ASSASSIN:4;GARGOYLE:5;GOBLIN:4
2909,0,0,true,,,utility,cascade,3,75,143666498042,143666452311,8,0,GREEN,false,5,0,2,3,ARCHER:7;SCORPION_RIDER:4,ASSASSIN:7;SPIDER:8
2910,0,0,true,,,cascade,utility,3,75,143666498042,143666452311,8,0,GREEN,false,3,0,2,3,ARCHER:7;SCORPION_RIDER:4,ASSASSIN:7;SPIDER:8
2911,0,0,true,,,utility,cascade,3,75,143666505961,143666460228,15,0,GREEN,false,6,0,3,3,GARGOYLE:10;GOBLIN:1,ARCHER:4;SPIDER:17
2912,0,0,true,,,cascade,utility,3,75,143666505961,143666460228,13,0,BLUE,false,0,8,3,3,GARGOYLE:10;GOBLIN:1,ARCHER:4;SPIDER:17
2913,0,0,true,,,utility,cascade,3,75,143674417042,143674392895,8,0,GREEN,false,14,0,2,3,GOBLIN:9;SCORPION_RIDER:6,SPIDER:25
2914,0,0,true,,,cascade,utility,3,75,143674417042,143674392895,8,0,GREEN,false,14,0,2,3,GOBLIN:9;SCORPION_RIDER:6,SPIDER:25
2915,0,0,true,,,utility,cascade,3,75,143674424961,143674400812,7,0,GREEN,false,6,0,2,2,MAGE:7;SCORPION_RIDER:3,ARCHER:4;ASSASSIN:7
2916,0,0,true,,,cascade,utility,3,75,143674424961,143674400812,10,0,GREEN,false,6,0,2,2,MAGE:7;SCORPION_RIDER:3,ARCHER:4;ASSASSIN:7
2917,0,0,true,,,utility,utility,3,75,143682336042,143682349959,18,0,GREEN,false,3,0,3,3,ARCHER:1;GARGOYLE:3;SCORPION_RIDER:6,GOBLIN:1;GOLEM:4;SCORPION_RIDER:4
2918,0,0,true,,,utility,utility,3,75,143682336042,143682349959,14,0,BLUE,false,0,3,3,3,ARCHER:1;GARGOYLE:3;SCORPION_RIDER:6,GOBLIN:1;GOLEM:4;SCORPION_RIDER:4
2919,0,0,true,,,utility,utility,3,75,143682343961,143682325172,13,0,BLUE,false,0,6,2,4,GOBLIN:6;MAGE:8,GARGOYLE:3;GOBLIN:11;MAGE:3
2920,0,0,true,,,utility,utility,3,75,143682343961,143682325172,15,0,BLUE,false,0,6,2,4,GOBLIN:6;MAGE:8,GARGOYLE:3;GOBLIN:11;MAGE:3
2921,0,0,true,,,utility,cascade,3,75,143690255042,143690273903,15,0,BLUE,false,0,3,3,2,ASSASSIN:8;SCORPION_RIDER:2;SPIDER:1,ASSASSIN:5;GOLEM:4
2922,0,0,true,,,cascade,utility,3,75,143690255042,143690273903,6,0,GREEN,false,3,0,3,2,ASSASSIN:8;SCORPION_RIDER:2;SPIDER:1,ASSASSIN:5;GOLEM:4
2923,0,0,true,,,utility,cascade,3,75,143690262961,143690282780,7,0,BLUE,false,0,15,2,3,ASSASSIN:7;SCORPION_RIDER:3,ARCHER:4;SPIDER:17
2924,0,0,true,,,cascade,utility,3,75,143690262961,143690282780,5,0,BLUE,false,0,13,2,3,ASSASSIN:7;SCORPION_RIDER:3,ARCHER:4;SPIDER:17
2925,0,0,true,,,utility,cascade,3,75,143698174042,143698231031,15,0,BLUE,false,0,9,2,4,ASSASSIN:5;GOLEM:4,GOBLIN:10;MAGE:6;SPIDER:1
2926,0,0,true,,,cascade,utility,3,75,143698174042,143698231031,13,0,BLUE,false,0,4,2,4,ASSASSIN:5;GOLEM:4,GOBLIN:10;MAGE:6;SPIDER:1
2927,0,0,true,,,utility,cascade,3,75,143698181961,143698223588,14,0,GREEN,false,2,0,4,3,GOLEM:3;SCORPION_RIDER:5;SPIDER:1,ASSASSIN:3;SPIDER:18
2928,0,0,true,,,cascade,utility,3,75,143698181961,143698223588,12,0,GREEN,false,4,0,4,3,GOLEM:3;SCORPION_RIDER:5;SPIDER:1,ASSASSIN:3;SPIDER:18
2929,0,0,true,,,utility,utility,3,75,143706093042,143706041183,12,0,GREEN,false,4,0,3,3,SCORPION_RIDER:9;SPIDER:1,GOBLIN:14;SCORPION_RIDER:4
2930,0,0,true,,,utility,utility,3,75,143706093042,143706041183,12,0,GREEN,false,4,0,3,3,SCORPION_RIDER:9;SPIDER:1,GOBLIN:14;SCORPION_RIDER:4
2931,0,0,true,,,utility,utility,3,75,143706100961,143706147404,27,0,,false,11,5,2,3,ARCHER:3;MAGE:8,GOLEM:4;SCORPION_RIDER:4;SPIDER:1
2932,0,0,true,,,utility,utility,3,75,143706100961,143706147404,25,0,,false,11,8,2,3,ARCHER:3;MAGE:8,GOLEM:4;SCORPION_RIDER:4;SPIDER:1
2933,0,0,true,,,utility,cascade,3,75,143714012042,143713965351,9,0,BLUE,false,0,5,2,4,SCORPION_RIDER:5;SPIDER:11,ARCHER:4;SCORPION_RIDER:6;SPIDER:1
2934,0,0,true,,,cascade,utility,3,75,143714012042,143713965351,9,0,BLUE,false,0,4,2,4,SCORPION_RIDER:5;SPIDER:11,ARCHER:4;SCORPION_RIDER:6;SPIDER:1
2935,0,0,true,,,utility,cascade,3,75,143714019961,143713973460,14,0,GREEN,false,7,0,3,3,GOBLIN:24;SPIDER:1,ARCHER:8;GARGOYLE:3;GOBLIN:2
2936,0,0,true,,,cascade,utility,3,75,143714019961,143713973460,14,0,GREEN,false,9,0,3,3,GOBLIN:24;SPIDER:1,ARCHER:8;GARGOYLE:3;GOBLIN:2
2937,0,0,true,,,utility,utility,3,75,143721931042,143721922447,16,0,,false,4,8,3,3,ARCHER:7;GOLEM:3;SPIDER:1,GOBLIN:1;GOLEM:4;SCORPION_RIDER:4
2938,0,0,true,,,utility,utility,3,75,143721931042,143721922447,16,0,,false,4,8,3,3,ARCHER:7;GOLEM:3;SPIDER:1,GOBLIN:1;GOLEM:4;SCORPION_RIDER:4
2939,0,0,true,,,utility,utility,3,75,143721938961,143721897660,14,0,GREEN,false,6,0,5,3,ASSASSIN:1;GARGOYLE:6;GOLEM:2;SPIDER:2,ASSASSIN:7;GARGOYLE:3;GOBLIN:1
2940,0,0,true,,,utility,utility,3,75,143721938961,143721897660,14,0,GREEN,false,6,0,5,3,ASSASSIN:1;GARGOYLE:6;GOLEM:2;SPIDER:2,ASSASSIN:7;GARGOYLE:3;GOBLIN:1
2941,0,0,true,,,utility,cascade,3,75,144458398042,144458442743,13,0,BLUE,false,0,12,3,3,GOBLIN:12;MAGE:4;SPIDER:3,GOBLIN:13;SPIDER:12
2942,0,0,true,,,cascade,utility,3,75,144458398042,144458442743,14,0,GREEN,false,8,0,3,3,GOBLIN:12;MAGE:4;SPIDER:3,GOBLIN:13;SPIDER:12
2943,0,0,true,,,utility,cascade,3,75,144458405961,144458417892,5,0,BLUE,false,0,8,2,4,ASSASSIN:7;GOBLIN:8,ASSASSIN:5;GOBLIN:12;SPIDER:1
2944,0,0,true,,,cascade,utility,3,75,144458405961,144458417892,5,0,BLUE,false,0,11,2,4,ASSASSIN:7;GOBLIN:8,ASSASSIN:5;GOBLIN:12;SPIDER:1
2945,0,0,true,,,utility,utility,3,75,144466317042,144466366559,11,0,BLUE,false,0,22,3,3,SPIDER:25,GOBLIN:12;MAGE:1;SPIDER:10
2946,0,0,true,,,utility,utility,3,75,144466317042,144466366559,13,0,BLUE,false,0,17,3,3,SPIDER:25,GOBLIN:12;MAGE:1;SPIDER:10
2947,0,0,true,,,utility,utility,3,75,144466324961,144466375500,9,0,BLUE,false,0,5,2,4,ARCHER:4;ASSASSIN:7,ARCHER:1;ASSASSIN:2;GARGOYLE:5;GOLEM:2
2948,0,0,true,,,utility,utility,3,75,144466324961,144466375500,9,0,BLUE,false,0,5,2,4,ARCHER:4;ASSASSIN:7,ARCHER:1;ASSASSIN:2;GARGOYLE:5;GOLEM:2
2949,0,0,true,,,utility,utility,3,75,144474236042,144474192423,12,0,GREEN,false,6,0,2,3,GARGOYLE:5;SCORPION_RIDER:5,ASSASSIN:4;SPIDER:15
2950,0,0,true,,,utility,utility,3,75,144474236042,144474192423,12,0,GREEN,false,6,0,2,3,GARGOYLE:5;SCORPION_RIDER:5,ASSASSIN:4;SPIDER:15
2951,0,0,true,,,utility,utility,3,75,144474243961,144474299860,24,0,,false,10,10,3,3,ARCHER:5;GARGOYLE:5;GOLEM:1,ARCHER:3;SPIDER:19
2952,0,0,true,,,utility,utility,3,75,144474243961,144474299860,24,0,,false,10,10,3,3,ARCHER:5;GARGOYLE:5;GOLEM:1,ARCHER:3;SPIDER:19
2953,0,0,true,,,utility,cascade,3,75,144482155042,144482133135,18,0,GREEN,false,2,0,3,2,GOBLIN:1;GOLEM:7,SCORPION_RIDER:4;SPIDER:14
2954,0,0,true,,,cascade,utility,3,75,144482155042,144482133135,12,0,GREEN,false,3,0,3,2,GOBLIN:1;GOLEM:7,SCORPION_RIDER:4;SPIDER:14
2955,0,0,true,,,utility,cascade,3,75,144482162961,144482109372,6,0,GREEN,false,5,0,3,3,ASSASSIN:2;SCORPION_RIDER:6;SPIDER:4,ASSASSIN:7;GOBLIN:2;GOLEM:2
2956,0,0,true,,,cascade,utility,3,75,144482162961,144482109372,10,0,GREEN,false,5,0,3,3,ASSASSIN:2;SCORPION_RIDER:6;SPIDER:4,ASSASSIN:7;GOBLIN:2;GOLEM:2
2957,0,0,true,,,utility,utility,3,75,144490074042,144490058007,9,0,BLUE,false,0,9,2,4,MAGE:5;SCORPION_RIDER:5,ARCHER:5;GOBLIN:1;SPIDER:14
2958,0,0,true,,,utility,utility,3,75,144490074042,144490058007,9,0,BLUE,false,0,9,2,4,MAGE:5;SCORPION_RIDER:5,ARCHER:5;GOBLIN:1;SPIDER:14
2959,0,0,true,,,utility,utility,3,75,144490081961,144490065924,15,0,BLUE,false,0,3,3,4,ARCHER:4;GOLEM:4;SPIDER:3,ARCHER:4;GOLEM:4;SCORPION_RIDER:1;SPIDER:1
2960,0,0,true,,,utility,utility,3,75,144490081961,144490065924,15,0,BLUE,false,0,3,3,4,ARCHER:4;GOLEM:4;SPIDER:3,ARCHER:4;GOLEM:4;SCORPION_RIDER:1;SPIDER:1
2961,0,0,true,,,utility,utility,3,75,144497993042,144498015231,26,0,,false,5,11,3,2,GARGOYLE:5;GOBLIN:2;SPIDER:11,ARCHER:7;SCORPION_RIDER:4
2962,0,0,true,,,utility,utility,3,75,144497993042,144498015231,26,0,,false,5,11,3,2,GARGOYLE:5;GOBLIN:2;SPIDER:11,ARCHER:7;SCORPION_RIDER:4
2963,0,0,true,,,utility,utility,3,75,144498000961,144497990380,9,0,BLUE,false,0,8,3,3,ARCHER:5;GOBLIN:2;SPIDER:13,ARCHER:8;GOBLIN:2;MAGE:3
2964,0,0,true,,,utility,utility,3,75,144498000961,144497990380,11,0,BLUE,false,0,7,3,3,ARCHER:5;GOBLIN:2;SPIDER:13,ARCHER:8;GOBLIN:2;MAGE:3
2965,0,0,true,,,utility,cascade,3,75,144505912042,144505955399,19,0,BLUE,false,0,2,4,3,ASSASSIN:1;GOBLIN:11;MAGE:5,GOLEM:4;MAGE:5
2966,0,0,true,,,cascade,utility,3,75,144505912042,144505955399,17,0,BLUE,false,0,2,4,3,ASSASSIN:1;GOBLIN:11;MAGE:5,GOLEM:4;MAGE:5
2967,0,0,true,,,utility,cascade,3,75,144505919961,144505931636,16,0,GREEN,false,13,0,3,3,ARCHER:7;GOBLIN:11,ASSASSIN:5;GARGOYLE:5;SPIDER:1
2968,0,0,true,,,cascade,utility,3,75,144505919961,144505931636,18,0,GREEN,false,12,0,3,3,ARCHER:7;GOBLIN:11,ASSASSIN:5;GARGOYLE:5;SPIDER:1
2969,0,0,true,,,utility,cascade,3,75,144513831042,144513879599,15,0,BLUE,false,0,4,2,2,GARGOYLE:4;SPIDER:15,GARGOYLE:5;GOLEM:4
2970,0,0,true,,,cascade,utility,3,75,144513831042,144513879599,25,0,BLUE,false,0,4,2,2,GARGOYLE:4;SPIDER:15,GARGOYLE:5;GOLEM:4
2971,0,0,true,,,utility,cascade,3,75,144513838961,144513888732,17,0,BLUE,false,0,4,2,2,MAGE:7;SCORPION_RIDER:3,ASSASSIN:5;GOLEM:4
2972,0,0,true,,,cascade,utility,3,75,144513838961,144513888732,13,0,BLUE,false,0,4,2,2,MAGE:7;SCORPION_RIDER:3,ASSASSIN:5;GOLEM:4
2973,0,0,true,,,utility,cascade,3,75,145250298042,145250285079,25,0,BLUE,false,0,10,4,3,ASSASSIN:1;GOBLIN:11;SCORPION_RIDER:4;SPIDER:1,GARGOYLE:6;SPIDER:11
2974,0,0,true,,,cascade,utility,3,75,145250298042,145250285079,11,0,BLUE,false,0,14,4,3,ASSASSIN:1;GOBLIN:11;SCORPION_RIDER:4;SPIDER:1,GARGOYLE:6;SPIDER:11
2975,0,0,true,,,utility,cascade,3,75,145250305961,145250261252,6,0,GREEN,false,10,0,2,3,GARGOYLE:5;SCORPION_RIDER:5,ASSASSIN:8;GOBLIN:1;MAGE:2
2976,0,0,true,,,cascade,utility,3,75,145250305961,145250261252,8,0,GREEN,false,8,0,2,3,GARGOYLE:5;SCORPION_RIDER:5,ASSASSIN:8;GOBLIN:1;MAGE:2
2977,0,0,true,,,utility,cascade,3,75,145258217042,145258225919,7,0,BLUE,false,0,12,3,2,ASSASSIN:7;GARGOYLE:3;SPIDER:1,GOBLIN:11;SCORPION_RIDER:5
2978,0,0,true,,,cascade,utility,3,75,145258217042,145258225919,5,0,BLUE,false,0,11,3,2,ASSASSIN:7;GARGOYLE:3;SPIDER:1,GOBLIN:11;SCORPION_RIDER:5
2979,0,0,true,,,utility,cascade,3,75,145258224961,145258202092,13,0,BLUE,false,0,11,3,2,GARGOYLE:4;SPIDER:15,GOBLIN:11;MAGE:6
2980,0,0,true,,,cascade,utility,3,75,145258224961,145258202092,9,0,BLUE,false,0,14,3,2,GARGOYLE:4;SPIDER:15,GOBLIN:11;MAGE:6
2981,0,0,true,,,utility,cascade,3,75,145266136042,145266150727,9,0,BLUE,false,0,9,2,3,SPIDER:25,GOBLIN:13;MAGE:5
2982,0,0,true,,,cascade,utility,3,75,145266136042,145266150727,9,0,BLUE,false,0,16,2,3,SPIDER:25,GOBLIN:13;MAGE:5
2983,0,0,true,,,utility,cascade,3,75,145266143961,145266158708,20,0,GREEN,false,5,0,3,4,GARGOYLE:6;MAGE:4;SPIDER:1,ARCHER:8;ASSASSIN:3;GOBLIN:1;SPIDER:1
2984,0,0,true,,,cascade,utility,3,75,145266143961,145266158708,28,0,GREEN,false,5,0,3,4,GARGOYLE:6;MAGE:4;SPIDER:1,ARCHER:8;ASSASSIN:3;GOBLIN:1;SPIDER:1
2985,0,0,true,,,utility,cascade,3,75,145274055042,145274107695,15,0,BLUE,false,0,7,3,3,GOLEM:4;MAGE:5,SPIDER:25
2986,0,0,true,,,cascade,utility,3,75,145274055042,145274107695,16,0,GREEN,false,3,0,3,3,GOLEM:4;MAGE:5,SPIDER:25
2987,0,0,true,,,utility,cascade,3,75,145274062961,145274083036,17,0,BLUE,false,0,11,3,3,ARCHER:1;GOBLIN:12;SCORPION_RIDER:4,ARCHER:9;GARGOYLE:3
2988,0,0,true,,,cascade,utility,3,75,145274062961,145274083036,13,0,BLUE,false,0,4,3,3,ARCHER:1;GOBLIN:12;SCORPION_RIDER:4,ARCHER:9;GARGOYLE:3
2989,0,0,true,,,utility,cascade,3,75,145281974042,145281917367,13,0,BLUE,false,0,4,3,2,GOBLIN:1;SCORPION_RIDER:4;SPIDER:13,GOBLIN:11;GOLEM:4
2990,0,0,true,,,cascade,utility,3,75,145281974042,145281917367,7,0,BLUE,false,0,10,3,2,GOBLIN:1;SCORPION_RIDER:4;SPIDER:13,GOBLIN:11;GOLEM:4
2991,0,0,true,,,utility,cascade,3,75,145281981961,145282023588,6,0,GREEN,false,10,0,3,2,ARCHER:6;GARGOYLE:5;SPIDER:1,ASSASSIN:8;GOBLIN:6
2992,0,0,true,,,cascade,utility,3,75,145281981961,145282023588,10,0,GREEN,false,5,0,3,2,ARCHER:6;GARGOYLE:5;SPIDER:1,ASSASSIN:8;GOBLIN:6
2993,0,0,true,,,utility,cascade,3,75,145289893042,145289841183,5,0,GREEN,false,6,0,3,3,GOBLIN:1;GOLEM:4;SCORPION_RIDER:4,ARCHER:1;ASSASSIN:7;GOLEM:2
2994,0,0,true,,,cascade,utility,3,75,145289893042,145289841183,6,0,GREEN,false,8,0,3,3,GOBLIN:1;GOLEM:4;SCORPION_RIDER:4,ARCHER:1;ASSASSIN:7;GOLEM:2
2995,0,0,true,,,utility,cascade,3,75,145289900961,145289850124,11,0,BLUE,false,0,7,3,2,ASSASSIN:8;GARGOYLE:2;GOBLIN:1,ARCHER:7;SPIDER:11
2996,0,0,true,,,cascade,utility,3,75,145289900961,145289850124,8,0,BLUE,false,0,7,3,2,ASSASSIN:8;GARGOYLE:2;GOBLIN:1,ARCHER:7;SPIDER:11
2997,0,0,true,,,utility,cascade,3,75,145297812042,145297798375,17,0,BLUE,false,0,8,3,2,SPIDER:25,GOBLIN:6;MAGE:8
2998,0,0,true,,,cascade,utility,3,75,145297812042,145297798375,12,0,GREEN,false,5,0,3,2,SPIDER:25,GOBLIN:6;MAGE:8
2999,0,0,true,,,utility,cascade,3,75,145297819961,145297774484,16,0,GREEN,false,3,0,3,3,GOBLIN:1;SCORPION_RIDER:9,GOBLIN:1;GOLEM:4;SCORPION_RIDER:4
3000,0,0,true,,,cascade,utility,3,75,145297819961,145297774484,16,0,GREEN,false,3,0,3,3,GOBLIN:1;SCORPION_RIDER:9,GOBLIN:1;GOLEM:4;SCORPION_RIDER:4
3001,0,0,true,,,utility,cascade,3,75,145305731042,145305739599,10,0,GREEN,false,4,0,3,3,GOLEM:3;SPIDER:15,ASSASSIN:4;MAGE:1;SCORPION_RIDER:5
3002,0,0,true,,,cascade,utility,3,75,145305731042,145305739599,7,0,BLUE,false,0,4,3,3,GOLEM:3;SPIDER:15,ASSASSIN:4;MAGE:1;SCORPION_RIDER:5
3003,0,0,true,,,utility,cascade,3,75,145305738961,145305714812,14,0,GREEN,false,8,0,2,3,GOBLIN:11;GOLEM:4,GOBLIN:11;MAGE:5;SPIDER:2
3004,0,0,true,,,cascade,utility,3,75,145305738961,145305714812,15,0,BLUE,false,0,5,2,3,GOBLIN:11;GOLEM:4,GOBLIN:11;MAGE:5;SPIDER:2
3005,0,0,true,,,utility,cascade,3,75,146042198042,146042242743,13,0,BLUE,false,0,12,3,3,ARCHER:1;GOLEM:2;SPIDER:16,MAGE:3;SPIDER:18
3006,0,0,true,,,cascade,utility,3,75,146042198042,146042242743,11,0,BLUE,false,0,2,3,3,ARCHER:1;GOLEM:2;SPIDER:16,MAGE:3;SPIDER:18
3007,0,0,true,,,utility,cascade,3,75,146042205961,146042251684,15,0,BLUE,false,0,3,3,3,GOBLIN:5;MAGE:8;SPIDER:1,ASSASSIN:10;SPIDER:1
3008,0,0,true,,,cascade,utility,3,75,146042205961,146042251684,11,0,BLUE,false,0,1,3,3,GOBLIN:5;MAGE:8;SPIDER:1,ASSASSIN:10;SPIDER:1
3009,0,0,true,,,utility,utility,3,75,146050117042,146050069279,14,0,GREEN,false,7,0,3,3,GARGOYLE:6;GOBLIN:1;MAGE:4,MAGE:10;SPIDER:1
3010,0,0,true,,,utility,utility,3,75,146050117042,146050069279,18,0,GREEN,false,6,0,3,3,GARGOYLE:6;GOBLIN:1;MAGE:4,MAGE:10;SPIDER:1
3011,0,0,true,,,utility,utility,3,75,146050124961,146050175500,19,0,,false,13,1,4,3,GOBLIN:11;SCORPION_RIDER:5,ASSASSIN:7;GARGOYLE:3;GOBLIN:1
3012,0,0,true,,,utility,utility,3,75,146050124961,146050175500,19,0,,false,13,1,4,3,GOBLIN:11;SCORPION_RIDER:5,ASSASSIN:7;GARGOYLE:3;GOBLIN:1
3013,0,0,true,,,utility,cascade,3,75,146058036042,146057993703,9,0,GREEN,false,6,0,2,3,MAGE:7;SCORPION_RIDER:3,ASSASSIN:8;SPIDER:6
3014,0,0,true,,,cascade,utility,3,75,146058036042,146057993703,14,0,GREEN,false,2,0,2,3,MAGE:7;SCORPION_RIDER:3,ASSASSIN:8;SPIDER:6
3015,0,0,true,,,utility,cascade,3,75,146058043961,146058001556,6,0,GREEN,false,7,0,3,4,ASSASSIN:4;SPIDER:15,ASSASSIN:7;GOBLIN:1;SCORPION_RIDER:2;SPIDER:2
3016,0,0,true,,,cascade,utility,3,75,146058043961,146058001556,8,0,GREEN,false,9,0,3,4,ASSASSIN:4;SPIDER:15,ASSASSIN:7;GOBLIN:1;SCORPION_RIDER:2;SPIDER:2
3017,0,0,true,,,utility,cascade,3,75,146065955042,146065933903,20,0,GREEN,false,4,0,2,3,GARGOYLE:5;GOLEM:4,ASSASSIN:4;SPIDER:15
3018,0,0,true,,,cascade,utility,3,75,146065955042,146065933903,12,0,GREEN,false,4,0,2,3,GARGOYLE:5;GOLEM:4,ASSASSIN:4;SPIDER:15
3019,0,0,true,,,utility,cascade,3,75,146065962961,146065942908,8,0,GREEN,false,5,0,3,2,ARCHER:7;GARGOYLE:4;GOBLIN:1,ASSASSIN:6;SPIDER:11
3020,0,0,true,,,cascade,utility,3,75,146065962961,146065942908,12,0,GREEN,false,6,0,3,2,ARCHER:7;GARGOYLE:4;GOBLIN:1,ASSASSIN:6;SPIDER:11
3021,0,0,true,,,utility,cascade,3,75,146073874042,146073891031,17,0,BLUE,false,0,6,3,2,ARCHER:9;GARGOYLE:3,GARGOYLE:6;SCORPION_RIDER:4
3022,0,0,true,,,cascade,utility,3,75,146073874042,146073891031,17,0,BLUE,false,0,6,3,2,ARCHER:9;GARGOYLE:3,GARGOYLE:6;SCORPION_RIDER:4
3023,0,0,true,,,utility,cascade,3,75,146073881961,146073867204,6,0,GREEN,false,8,0,3,3,ARCHER:9;ASSASSIN:3,ASSASSIN:7;SPIDER:8
3024,0,0,true,,,cascade,utility,3,75,146073881961,146073867204,10,0,GREEN,false,1,0,3,3,ARCHER:9;ASSASSIN:3,ASSASSIN:7;SPIDER:8
3025,0,0,true,,,utility,cascade,3,75,146081793042,146081815231,14,0,GREEN,false,5,0,3,3,GOLEM:4;SCORPION_RIDER:4;SPIDER:1,GOBLIN:8;SPIDER:17
3026,0,0,true,,,cascade,utility,3,75,146081793042,146081815231,14,0,GREEN,false,3,0,3,3,GOLEM:4;SCORPION_RIDER:4;SPIDER:1,GOBLIN:8;SPIDER:17
3027,0,0,true,,,utility,cascade,3,75,146081800961,146081824172,9,0,GREEN,false,10,0,3,3,ARCHER:5;GOBLIN:1;SPIDER:14,ARCHER:5;GOBLIN:1;SCORPION_RIDER:5
3028,0,0,true,,,cascade,utility,3,75,146081800961,146081824172,5,0,BLUE,false,0,11,3,3,ARCHER:5;GOBLIN:1;SPIDER:14,ARCHER:5;GOBLIN:1;SCORPION_RIDER:5
3029,0,0,true,,,utility,utility,3,75,146089712042,146089756423,18,0,,false,1,15,3,3,ASSASSIN:7;GARGOYLE:3;GOBLIN:1,GOBLIN:11;SCORPION_RIDER:5
3030,0,0,true,,,utility,utility,3,75,146089712042,146089756423,18,0,,false,1,15,3,3,ASSASSIN:7;GARGOYLE:3;GOBLIN:1,GOBLIN:11;SCORPION_RIDER:5
3031,0,0,true,,,utility,utility,3,75,146089719961,146089764404,18,0,,false,11,9,4,3,ARCHER:9;ASSASSIN:1;GARGOYLE:2,GOBLIN:1;GOLEM:3;SCORPION_RIDER:5
3032,0,0,true,,,utility,utility,3,75,146089719961,146089764404,41,0,,false,2,3,4,3,ARCHER:9;ASSASSIN:1;GARGOYLE:2,GOBLIN:1;GOLEM:3;SCORPION_RIDER:5
3033,0,0,true,,,utility,cascade,3,75,146097631042,146097582575,24,0,GREEN,false,8,0,4,4,ARCHER:1;GOLEM:1;MAGE:8;SPIDER:1,ASSASSIN:4;GARGOYLE:1;GOBLIN:13
3034,0,0,true,,,cascade,utility,3,75,146097631042,146097582575,9,0,BLUE,false,0,13,4,4,ARCHER:1;GOLEM:1;MAGE:8;SPIDER:1,ASSASSIN:4;GARGOYLE:1;GOBLIN:13
3035,0,0,true,,,utility,cascade,3,75,146097638961,146097688732,19,0,BLUE,false,0,4,3,2,ASSASSIN:7;GARGOYLE:3;SPIDER:1,ARCHER:4;MAGE:7
3036,0,0,true,,,cascade,utility,3,75,146097638961,146097688732,6,0,GREEN,false,9,0,3,2,ASSASSIN:7;GARGOYLE:3;SPIDER:1,ARCHER:4;MAGE:7
3037,0,0,true,,,utility,utility,3,75,146834098042,146834086359,6,0,GREEN,false,16,0,3,3,ARCHER:7;GOBLIN:11,ASSASSIN:8;GOLEM:1;MAGE:1
3038,0,0,true,,,utility,utility,3,75,146834098042,146834086359,6,0,GREEN,false,16,0,3,3,ARCHER:7;GOBLIN:11,ASSASSIN:8;GOLEM:1;MAGE:1
3039,0,0,true,,,utility,utility,3,75,146834105961,146834094276,8,0,GREEN,false,14,0,2,3,GARGOYLE:6;GOBLIN:11,MAGE:4;SPIDER:15
3040,0,0,true,,,utility,utility,3,75,146834105961,146834094276,8,0,GREEN,false,14,0,2,3,GARGOYLE:6;GOBLIN:11,MAGE:4;SPIDER:15
3041,0,0,true,,,utility,cascade,3,75,146842017042,146842026943,8,0,GREEN,false,6,0,3,2,ARCHER:4;GARGOYLE:6;SPIDER:3,ASSASSIN:7;SCORPION_RIDER:3
3042,0,0,true,,,cascade,utility,3,75,146842017042,146842026943,16,0,GREEN,false,6,0,3,2,ARCHER:4;GARGOYLE:6;SPIDER:3,ASSASSIN:7;SCORPION_RIDER:3
3043,0,0,true,,,utility,cascade,3,75,146842024961,146842034860,6,0,GREEN,false,9,0,3,2,ARCHER:7;GOBLIN:11,SCORPION_RIDER:4;SPIDER:14
3044,0,0,true,,,cascade,utility,3,75,146842024961,146842034860,8,0,GREEN,false,7,0,3,2,ARCHER:7;GOBLIN:11,SCORPION_RIDER:4;SPIDER:14
3045,0,0,true,,,utility,utility,3,75,146849936042,146849983495,8,0,GREEN,false,11,0,3,3,GOBLIN:11;MAGE:6,GOBLIN:2;MAGE:4;SPIDER:13
3046,0,0,true,,,utility,utility,3,75,146849936042,146849983495,8,0,GREEN,false,11,0,3,3,GOBLIN:11;MAGE:6,GOBLIN:2;MAGE:4;SPIDER:13
3047,0,0,true,,,utility,utility,3,75,146849943961,146849959732,14,0,GREEN,false,4,0,3,3,GOBLIN:9;GOLEM:4;SCORPION_RIDER:1,GARGOYLE:3;SCORPION_RIDER:6;SPIDER:2
3048,0,0,true,,,utility,utility,3,75,146849943961,146849959732,19,0,BLUE,false,0,1,3,3,GOBLIN:9;GOLEM:4;SCORPION_RIDER:1,GARGOYLE:3;SCORPION_RIDER:6;SPIDER:2
3049,0,0,true,,,utility,cascade,3,75,146857855042,146857907951,9,0,BLUE,false,0,6,3,3,GOLEM:4;MAGE:5,GOBLIN:1;SCORPION_RIDER:9
3050,0,0,true,,,cascade,utility,3,75,146857855042,146857907951,7,0,BLUE,false,0,6,3,3,GOLEM:4;MAGE:5,GOBLIN:1;SCORPION_RIDER:9
3051,0,0,true,,,utility,cascade,3,75,146857862961,146857916828,9,0,BLUE,false,0,10,3,2,ASSASSIN:7;GOLEM:1;MAGE:2,GOBLIN:10;SPIDER:15
3052,0,0,true,,,cascade,utility,3,75,146857862961,146857916828,20,0,BLUE,false,0,9,3,2,ASSASSIN:7;GOLEM:1;MAGE:2,GOBLIN:10;SPIDER:15
3053,0,0,true,,,utility,cascade,3,75,146865774042,146865718135,7,0,BLUE,false,0,14,2,3,ASSASSIN:7;GOBLIN:8,GOBLIN:10;SPIDER:15
3054,0,0,true,,,cascade,utility,3,75,146865774042,146865718135,9,0,BLUE,false,0,7,2,3,ASSASSIN:7;GOBLIN:8,GOBLIN:10;SPIDER:15
3055,0,0,true,,,utility,cascade,3,75,146865781961,146865726052,7,0,GREEN,false,6,0,2,3,ARCHER:7;SCORPION_RIDER:4,GOBLIN:8;MAGE:7
3056,0,0,true,,,cascade,utility,3,75,146865781961,146865726052,6,0,GREEN,false,6,0,2,3,ARCHER:7;SCORPION_RIDER:4,GOBLIN:8;MAGE:7
3057,0,0,true,,,utility,utility,3,75,146873693042,146873675231,7,0,BLUE,false,0,7,3,3,ASSASSIN:8;GOBLIN:3;GOLEM:1,GOBLIN:7;MAGE:7;SPIDER:1
3058,0,0,true,,,utility,utility,3,75,146873693042,146873675231,7,0,BLUE,false,0,7,3,3,ASSASSIN:8;GOBLIN:3;GOLEM:1,GOBLIN:7;MAGE:7;SPIDER:1
3059,0,0,true,,,utility,utility,3,75,146873700961,146873650380,26,0,,false,6,7,3,3,ARCHER:6;GARGOYLE:5;SPIDER:1,GOBLIN:1;SPIDER:24
3060,0,0,true,,,utility,utility,3,75,146873700961,146873650380,12,0,GREEN,false,11,0,3,3,ARCHER:6;GARGOYLE:5;SPIDER:1,GOBLIN:1;SPIDER:24
3061,0,0,true,,,utility,utility,3,75,146881612042,146881599399,8,0,GREEN,false,10,0,3,3,GARGOYLE:4;GOBLIN:2;SCORPION_RIDER:5,ARCHER:12;SPIDER:1
3062,0,0,true,,,utility,utility,3,75,146881612042,146881599399,20,0,,false,6,8,3,3,GARGOYLE:4;GOBLIN:2;SCORPION_RIDER:5,ARCHER:12;SPIDER:1
3063,0,0,true,,,utility,utility,3,75,146881619961,146881608020,13,0,BLUE,false,0,7,3,3,GARGOYLE:2;GOBLIN:1;MAGE:8,GOLEM:4;SCORPION_RIDER:4;SPIDER:1
3064,0,0,true,,,utility,utility,3,75,146881619961,146881608020,13,0,BLUE,false,0,7,3,3,GARGOYLE:2;GOBLIN:1;MAGE:8,GOLEM:4;SCORPION_RIDER:4;SPIDER:1
3065,0,0,true,,,utility,cascade,3,75,146889531042,146889539599,11,0,BLUE,false,0,17,3,3,ASSASSIN:8;GOBLIN:5;SPIDER:1,GOBLIN:11;SCORPION_RIDER:4;SPIDER:3
3066,0,0,true,,,cascade,utility,3,75,146889531042,146889539599,6,0,BLUE,false,0,16,3,3,ASSASSIN:8;GOBLIN:5;SPIDER:1,GOBLIN:11;SCORPION_RIDER:4;SPIDER:3
3067,0,0,true,,,utility,cascade,3,75,146889538961,146889548604,12,0,GREEN,false,7,0,3,2,ARCHER:8;SCORPION_RIDER:3;SPIDER:1,GOLEM:4;SPIDER:11
3068,0,0,true,,,cascade,utility,3,75,146889538961,146889548604,14,0,GREEN,false,2,0,3,2,ARCHER:8;SCORPION_RIDER:3;SPIDER:1,GOLEM:4;SPIDER:11
3069,0,0,true,,,utility,cascade,3,75,147625998042,147625945207,18,0,GREEN,false,3,0,3,2,GOBLIN:1;GOLEM:3;SPIDER:14,ARCHER:4;ASSASSIN:7
3070,0,0,true,,,cascade,utility,3,75,147625998042,147625945207,12,0,GREEN,false,3,0,3,2,GOBLIN:1;GOLEM:3;SPIDER:14,ARCHER:4;ASSASSIN:7
3071,0,0,true,,,utility,cascade,3,75,147626005961,147626052452,17,0,BLUE,false,0,5,3,2,ASSASSIN:2;MAGE:8;SPIDER:1,GARGOYLE:5;SCORPION_RIDER:5
3072,0,0,true,,,cascade,utility,3,75,147626005961,147626052452,9,0,BLUE,false,0,10,3,2,ASSASSIN:2;MAGE:8;SPIDER:1,GARGOYLE:5;SCORPION_RIDER:5
3073,0,0,true,,,utility,cascade,3,75,147633917042,147633869535,10,0,BLUE,false,0,3,2,4,ASSASSIN:5;SCORPION_RIDER:5,ASSASSIN:2;GARGOYLE:5;GOLEM:1;MAGE:2
3074,0,0,true,,,cascade,utility,3,75,147633917042,147633869535,9,0,BLUE,false,0,5,2,4,ASSASSIN:5;SCORPION_RIDER:5,ASSASSIN:2;GARGOYLE:5;GOLEM:1;MAGE:2
3075,0,0,true,,,utility,cascade,3,75,147633924961,147633878476,19,0,BLUE,false,0,4,3,3,GOLEM:4;SPIDER:11,GARGOYLE:10;SPIDER:1
3076,0,0,true,,,cascade,utility,3,75,147633924961,147633878476,23,0,BLUE,false,0,5,3,3,GOLEM:4;SPIDER:11,GARGOYLE:10;SPIDER:1
3077,0,0,true,,,utility,cascade,3,75,147641836042,147641826471,30,0,GREEN,false,3,0,3,2,ARCHER:4;GOLEM:5,GARGOYLE:5;SPIDER:13
3078,0,0,true,,,cascade,utility,3,75,147641836042,147641826471,18,0,GREEN,false,4,0,3,2,ARCHER:4;GOLEM:5,GARGOYLE:5;SPIDER:13
3079,0,0,true,,,utility,cascade,3,75,147641843961,147641802324,13,0,GREEN,false,4,0,3,2,GOLEM:4;SCORPION_RIDER:4;SPIDER:1,ARCHER:7;SCORPION_RIDER:4
3080,0,0,true,,,cascade,utility,3,75,147641843961,147641802324,10,0,BLUE,false,0,6,3,2,GOLEM:4;SCORPION_RIDER:4;SPIDER:1,ARCHER:7;SCORPION_RIDER:4
3081,0,0,true,,,utility,utility,3,75,147649755042,147649767695,14,0,GREEN,false,4,0,4,3,ARCHER:4;ASSASSIN:1;GOBLIN:1;GOLEM:4,ASSASSIN:4;GOBLIN:2;SPIDER:13
3082,0,0,true,,,utility,utility,3,75,147649755042,147649767695,14,0,GREEN,false,4,0,4,3,ARCHER:4;ASSASSIN:1;GOBLIN:1;GOLEM:4,ASSASSIN:4;GOBLIN:2;SPIDER:13
3083,0,0,true,,,utility,utility,3,75,147649762961,147649742908,12,0,,false,9,18,3,2,GARGOYLE:5;GOLEM:4,GARGOYLE:5;SPIDER:13
3084,0,0,true,,,utility,utility,3,75,147649762961,147649742908,12,0,,false,9,18,3,2,GARGOYLE:5;GOLEM:4,GARGOYLE:5;SPIDER:13
3085,0,0,true,,,utility,cascade,3,75,147657674042,147657692055,15,0,BLUE,false,0,6,3,3,ASSASSIN:1;GOBLIN:12;SCORPION_RIDER:4,GARGOYLE:6;GOBLIN:11
3086,0,0,true,,,cascade,utility,3,75,147657674042,147657692055,11,0,BLUE,false,0,15,3,3,ASSASSIN:1;GOBLIN:12;SCORPION_RIDER:4,GARGOYLE:6;GOBLIN:11
3087,0,0,true,,,utility,cascade,3,75,147657681961,147657699972,16,0,GREEN,false,2,0,3,3,ARCHER:8;ASSASSIN:1;GOLEM:2,ASSASSIN:1;GOBLIN:9;SCORPION_RIDER:5
3088,0,0,true,,,cascade,utility,3,75,147657681961,147657699972,19,0,BLUE,false,0,4,3,3,ARCHER:8;ASSASSIN:1;GOLEM:2,ASSASSIN:1;GOBLIN:9;SCORPION_RIDER:5
3089,0,0,true,,,utility,utility,3,75,147665593042,147665648767,10,0,GREEN,false,7,0,3,4,GOBLIN:6;MAGE:2;SPIDER:14,ARCHER:7;ASSASSIN:2;GARGOYLE:2;SPIDER:1
3090,0,0,true,,,utility,utility,3,75,147665593042,147665648767,10,0,GREEN,false,7,0,3,4,GOBLIN:6;MAGE:2;SPIDER:14,ARCHER:7;ASSASSIN:2;GARGOYLE:2;SPIDER:1
3091,0,0,true,,,utility,utility,3,75,147665600961,147665624940,9,0,BLUE,false,0,3,3,3,ARCHER:6;GOBLIN:1;MAGE:5,ASSASSIN:8;GOLEM:1;SCORPION_RIDER:1
3092,0,0,true,,,utility,utility,3,75,147665600961,147665624940,7,0,BLUE,false,0,8,3,3,ARCHER:6;GOBLIN:1;MAGE:5,ASSASSIN:8;GOLEM:1;SCORPION_RIDER:1
3093,0,0,true,,,utility,cascade,3,75,147673512042,147673458375,7,0,BLUE,false,0,14,3,3,ASSASSIN:10;GOBLIN:1,GARGOYLE:1;GOBLIN:11;MAGE:5
3094,0,0,true,,,cascade,utility,3,75,147673512042,147673458375,5,0,BLUE,false,0,14,3,3,ASSASSIN:10;GOBLIN:1,GARGOYLE:1;GOBLIN:11;MAGE:5
3095,0,0,true,,,utility,cascade,3,75,147673519961,147673565684,23,0,BLUE,false,0,10,2,3,GARGOYLE:5;GOLEM:4,GARGOYLE:3;GOBLIN:2;SPIDER:16
3096,0,0,true,,,cascade,utility,3,75,147673519961,147673565684,22,0,GREEN,false,4,0,2,3,GARGOYLE:5;GOLEM:4,GARGOYLE:3;GOBLIN:2;SPIDER:16
3097,0,0,true,,,utility,cascade,3,75,147681431042,147681382575,11,0,BLUE,false,0,11,3,2,GOBLIN:2;GOLEM:2;MAGE:7,ASSASSIN:6;GOBLIN:11
3098,0,0,true,,,cascade,utility,3,75,147681431042,147681382575,8,0,BLUE,false,0,7,3,2,GOBLIN:2;GOLEM:2;MAGE:7,ASSASSIN:6;GOBLIN:11
3099,0,0,true,,,utility,cascade,3,75,147681438961,147681391196,23,0,BLUE,false,0,2,3,3,GARGOYLE:2;MAGE:8;SPIDER:1,ASSASSIN:8;GARGOYLE:2;GOBLIN:1
3100,0,0,true,,,cascade,utility,3,75,147681438961,147681391196,9,0,BLUE,false,0,10,3,3,GARGOYLE:2;MAGE:8;SPIDER:1,ASSASSIN:8;GARGOYLE:2;GOBLIN:1
3101,0,0,true,,,utility,cascade,3,75,148417898042,148417919127,13,0,BLUE,false,0,13,3,3,GARGOYLE:2;MAGE:8;SPIDER:1,ARCHER:7;GOBLIN:9;SPIDER:2
3102,0,0,true,,,cascade,utility,3,75,148417898042,148417919127,15,0,BLUE,false,0,11,3,3,GARGOYLE:2;MAGE:8;SPIDER:1,ARCHER:7;GOBLIN:9;SPIDER:2
3103,0,0,true,,,utility,cascade,3,75,148417905961,148417895300,15,0,BLUE,false,0,5,4,3,ASSASSIN:3;GOBLIN:14;SPIDER:4,GOBLIN:11;SCORPION_RIDER:5
3104,0,0,true,,,cascade,utility,3,75,148417905961,148417895300,7,0,BLUE,false,0,14,4,3,ASSASSIN:3;GOBLIN:14;SPIDER:4,GOBLIN:11;SCORPION_RIDER:5
3105,0,0,true,,,utility,cascade,3,75,148425817042,148425860479,17,0,GREEN,false,16,0,3,3,GARGOYLE:5;SPIDER:13,ARCHER:12;GOBLIN:1
3106,0,0,true,,,cascade,utility,3,75,148425817042,148425860479,11,0,BLUE,false,0,11,3,3,GARGOYLE:5;SPIDER:13,ARCHER:12;GOBLIN:1
3107,0,0,true,,,utility,cascade,3,75,148425824961,148425835628,15,0,BLUE,false,0,3,3,2,ASSASSIN:8;SPIDER:6,ASSASSIN:7;SCORPION_RIDER:3
3108,0,0,true,,,cascade,utility,3,75,148425824961,148425835628,6,0,GREEN,false,5,0,3,2,ASSASSIN:8;SPIDER:6,ASSASSIN:7;SCORPION_RIDER:3
3109,0,0,true,,,utility,cascade,3,75,148433736042,148433784775,12,0,GREEN,false,4,0,3,3,ASSASSIN:1;GOBLIN:9;SCORPION_RIDER:5,GOBLIN:1;GOLEM:3;SPIDER:14
3110,0,0,true,,,cascade,utility,3,75,148433736042,148433784775,8,0,GREEN,false,9,0,3,3,ASSASSIN:1;GOBLIN:9;SCORPION_RIDER:5,GOBLIN:1;GOLEM:3;SPIDER:14
3111,0,0,true,,,utility,cascade,3,75,148433743961,148433792756,6,0,GREEN,false,7,0,3,3,ARCHER:7;GOBLIN:1;GOLEM:3,GOBLIN:1;MAGE:10
3112,0,0,true,,,cascade,utility,3,75,148433743961,148433792756,12,0,GREEN,false,6,0,3,3,ARCHER:7;GOBLIN:1;GOLEM:3,GOBLIN:1;MAGE:10
3113,0,0,true,,,utility,cascade,3,75,148441655042,148441610671,21,0,BLUE,false,0,2,2,3,GOLEM:3;SPIDER:15,GARGOYLE:10;SPIDER:1
3114,0,0,true,,,cascade,utility,3,75,148441655042,148441610671,18,0,GREEN,false,3,0,2,3,GOLEM:3;SPIDER:15,GARGOYLE:10;SPIDER:1
3115,0,0,true,,,utility,cascade,3,75,148441662961,148441717596,5,0,BLUE,false,0,6,2,3,ARCHER:4;ASSASSIN:7,ARCHER:3;SCORPION_RIDER:7
3116,0,0,true,,,cascade,utility,3,75,148441662961,148441717596,3,0,BLUE,false,0,9,2,3,ARCHER:4;ASSASSIN:7,ARCHER:3;SCORPION_RIDER:7
3117,0,0,true,,,utility,utility,3,75,148449574042,148449550903,13,0,BLUE,false,0,3,3,2,ARCHER:6;GARGOYLE:5;SPIDER:1,GOBLIN:9;SCORPION_RIDER:6
3118,0,0,true,,,utility,utility,3,75,148449574042,148449550903,13,0,BLUE,false,0,3,3,2,ARCHER:6;GARGOYLE:5;SPIDER:1,GOBLIN:9;SCORPION_RIDER:6
3119,0,0,true,,,utility,utility,3,75,148449581961,148449527076,15,0,BLUE,false,0,10,3,3,ASSASSIN:10;SPIDER:1,ASSASSIN:5;GARGOYLE:1;GOBLIN:11
3120,0,0,true,,,utility,utility,3,75,148449581961,148449527076,15,0,BLUE,false,0,10,3,3,ASSASSIN:10;SPIDER:1,ASSASSIN:5;GARGOYLE:1;GOBLIN:11
3121,0,0,true,,,utility,cascade,3,75,148457493042,148457475231,22,0,GREEN,false,4,0,2,3,GARGOYLE:5;GOLEM:4,GOLEM:7;SPIDER:1
3122,0,0,true,,,cascade,utility,3,75,148457493042,148457475231,14,0,GREEN,false,8,0,2,3,GARGOYLE:5;GOLEM:4,GOLEM:7;SPIDER:1
3123,0,0,true,,,utility,cascade,3,75,148457500961,148457484172,7,0,BLUE,false,0,16,3,3,ASSASSIN:7;GARGOYLE:3;GOBLIN:1,ARCHER:7;GOBLIN:10;SPIDER:1
3124,0,0,true,,,cascade,utility,3,75,148457500961,148457484172,9,0,BLUE,false,0,16,3,3,ASSASSIN:7;GARGOYLE:3;GOBLIN:1,ARCHER:7;GOBLIN:10;SPIDER:1
3125,0,0,true,,,utility,cascade,3,75,148465412042,148465432935,13,0,BLUE,false,0,15,4,3,GOBLIN:1;SPIDER:24,GOBLIN:12;MAGE:5;SPIDER:1
3126,0,0,true,,,cascade,utility,3,75,148465412042,148465432935,5,0,BLUE,false,0,18,4,3,GOBLIN:1;SPIDER:24,GOBLIN:12;MAGE:5;SPIDER:1
3127,0,0,true,,,utility,cascade,3,75,148465419961,148465408020,7,0,BLUE,false,0,9,3,4,ASSASSIN:10;GOBLIN:1,ARCHER:8;GARGOYLE:3;SPIDER:2
3128,0,0,true,,,cascade,utility,3,75,148465419961,148465408020,11,0,BLUE,false,0,3,3,4,ASSASSIN:10;GOBLIN:1,ARCHER:8;GARGOYLE:3;SPIDER:2
3129,0,0,true,,,utility,cascade,3,75,148473331042,148473373647,23,0,BLUE,false,0,4,3,3,GARGOYLE:3;SPIDER:18,GOBLIN:11;GOLEM:4
3130,0,0,true,,,cascade,utility,3,75,148473331042,148473373647,19,0,BLUE,false,0,5,3,3,GARGOYLE:3;SPIDER:18,GOBLIN:11;GOLEM:4
3131,0,0,true,,,utility,cascade,3,75,148473338961,148473348860,18,0,GREEN,false,6,0,3,3,GARGOYLE:10;SPIDER:1,GOBLIN:12;SPIDER:13
3132,0,0,true,,,cascade,utility,3,75,148473338961,148473348860,26,0,GREEN,false,5,0,3,3,GARGOYLE:10;SPIDER:1,GOBLIN:12;SPIDER:13
3133,0,0,true,,,utility,utility,3,75,149209798042,149209746231,9,0,BLUE,false,0,10,2,3,ARCHER:4;MAGE:7,ARCHER:8;ASSASSIN:3;GOBLIN:2
3134,0,0,true,,,utility,utility,3,75,149209798042,149209746231,16,0,,false,7,10,2,3,ARCHER:4;MAGE:7,ARCHER:8;ASSASSIN:3;GOBLIN:2
3135,0,0,true,,,utility,utility,3,75,149209805961,149209754148,6,0,GREEN,false,5,0,2,3,ASSASSIN:4;SPIDER:15,ASSASSIN:8;GOBLIN:1;MAGE:2
3136,0,0,true,,,utility,utility,3,75,149209805961,149209754148,6,0,GREEN,false,5,0,2,3,ASSASSIN:4;SPIDER:15,ASSASSIN:8;GOBLIN:1;MAGE:2
3137,0,0,true,,,utility,cascade,3,75,149217717042,149217703327,8,0,GREEN,false,12,0,3,3,GOBLIN:9;SPIDER:16,SPIDER:25
3138,0,0,true,,,cascade,utility,3,75,149217717042,149217703327,18,0,GREEN,false,8,0,3,3,GOBLIN:9;SPIDER:16,SPIDER:25
3139,0,0,true,,,utility,cascade,3,75,149217724961,149217678476,11,0,BLUE,false,0,7,3,2,GARGOYLE:3;MAGE:7;SPIDER:1,GARGOYLE:6;SCORPION_RIDER:4
3140,0,0,true,,,cascade,utility,3,75,149217724961,149217678476,9,0,BLUE,false,0,9,3,2,GARGOYLE:3;MAGE:7;SPIDER:1,GARGOYLE:6;SCORPION_RIDER:4
3141,0,0,true,,,utility,cascade,3,75,149225636042,149225627239,11,0,BLUE,false,0,11,3,3,ASSASSIN:7;GARGOYLE:3;GOBLIN:1,ARCHER:8;SCORPION_RIDER:3;SPIDER:1
3142,0,0,true,,,cascade,utility,3,75,149225636042,149225627239,7,0,BLUE,false,0,11,3,3,ASSASSIN:7;GARGOYLE:3;GOBLIN:1,ARCHER:8;SCORPION_RIDER:3;SPIDER:1
3143,0,0,true,,,utility,cascade,3,75,149225643961,149225619732,13,0,BLUE,false,0,4,3,3,ASSASSIN:1;GOBLIN:10;SPIDER:12,ASSASSIN:1;GOLEM:4;MAGE:4
3144,0,0,true,,,cascade,utility,3,75,149225643961,149225619732,18,0,BLUE,false,0,4,3,3,ASSASSIN:1;GOBLIN:10;SPIDER:12,ASSASSIN:1;GOLEM:4;MAGE:4
3145,0,0,true,,,utility,cascade,3,75,149233555042,149233567951,13,0,BLUE,false,0,5,3,3,ASSASSIN:8;GARGOYLE:2;SPIDER:1,ASSASSIN:7;MAGE:3;SPIDER:1
3146,0,0,true,,,cascade,utility,3,75,149233555042,149233567951,8,0,GREEN,false,6,0,3,3,ASSASSIN:8;GARGOYLE:2;SPIDER:1,ASSASSIN:7;MAGE:3;SPIDER:1
3147,0,0,true,,,utility,cascade,3,75,149233562961,149233576956,17,0,BLUE,false,0,7,3,3,ARCHER:8;GOBLIN:8;SPIDER:1,GARGOYLE:6;GOBLIN:10;SPIDER:1
3148,0,0,true,,,cascade,utility,3,75,149233562961,149233576956,7,0,BLUE,false,0,13,3,3,ARCHER:8;GOBLIN:8;SPIDER:1,GARGOYLE:6;GOBLIN:10;SPIDER:1
3149,0,0,true,,,utility,utility,3,75,149241474042,149241525591,10,0,GREEN,false,13,0,3,2,GOBLIN:8;SPIDER:17,SPIDER:25
3150,0,0,true,,,utility,utility,3,75,149241474042,149241525591,10,0,GREEN,false,13,0,3,2,GOBLIN:8;SPIDER:17,SPIDER:25
3151,0,0,true,,,utility,utility,3,75,149241481961,149241500740,14,0,GREEN,false,5,0,2,3,GOBLIN:8;MAGE:7,GOBLIN:1;MAGE:8;SPIDER:5
3152,0,0,true,,,utility,utility,3,75,149241481961,149241500740,14,0,GREEN,false,5,0,2,3,GOBLIN:8;MAGE:7,GOBLIN:1;MAGE:8;SPIDER:5
3153,0,0,true,,,utility,utility,3,75,149249393042,149249449791,19,0,,false,9,5,4,3,ARCHER:1;MAGE:8;SCORPION_RIDER:1;SPIDER:1,SCORPION_RIDER:4;SPIDER:14
3154,0,0,true,,,utility,utility,3,75,149249393042,149249449791,13,0,BLUE,false,0,4,4,3,ARCHER:1;MAGE:8;SCORPION_RIDER:1;SPIDER:1,SCORPION_RIDER:4;SPIDER:14
3155,0,0,true,,,utility,utility,3,75,149249400961,149249457708,9,0,BLUE,false,0,4,3,3,ASSASSIN:7;MAGE:3;SPIDER:1,ASSASSIN:3;GOBLIN:1;MAGE:7
3156,0,0,true,,,utility,utility,3,75,149249400961,149249457708,9,0,BLUE,false,0,4,3,3,ASSASSIN:7;MAGE:3;SPIDER:1,ASSASSIN:3;GOBLIN:1;MAGE:7
3157,0,0,true,,,utility,utility,3,75,149257312042,149257259399,6,0,GREEN,false,4,0,2,3,ASSASSIN:5;SCORPION_RIDER:5,ASSASSIN:10;SPIDER:1
3158,0,0,true,,,utility,utility,3,75,149257312042,149257259399,8,0,GREEN,false,5,0,2,3,ASSASSIN:5;SCORPION_RIDER:5,ASSASSIN:10;SPIDER:1
3159,0,0,true,,,utility,utility,3,75,149257319961,149257267380,12,0,GREEN,false,7,0,4,2,ASSASSIN:1;GOBLIN:2;GOLEM:3;SCORPION_RIDER:4,ARCHER:3;MAGE:8
3160,0,0,true,,,utility,utility,3,75,149257319961,149257267380,12,0,GREEN,false,7,0,4,2,ASSASSIN:1;GOBLIN:2;GOLEM:3;SCORPION_RIDER:4,ARCHER:3;MAGE:8
3161,0,0,true,,,utility,utility,3,75,149265231042,149265216111,9,0,BLUE,false,0,6,2,3,ARCHER:4;MAGE:7,GARGOYLE:6;GOBLIN:1;SPIDER:10
3162,0,0,true,,,utility,utility,3,75,149265231042,149265216111,9,0,BLUE,false,0,6,2,3,ARCHER:4;MAGE:7,GARGOYLE:6;GOBLIN:1;SPIDER:10
3163,0,0,true,,,utility,utility,3,75,149265238961,149265192220,22,0,,false,11,15,2,3,GOBLIN:11;GOLEM:4,ARCHER:4;SPIDER:17
3164,0,0,true,,,utility,utility,3,75,149265238961,149265192220,22,0,,false,11,15,2,3,GOBLIN:11;GOLEM:4,ARCHER:4;SPIDER:17
3165,0,0,true,,,utility,utility,3,75,150001698042,150001719895,21,0,,false,8,12,3,4,ARCHER:9;ASSASSIN:3,ARCHER:1;GOBLIN:13;MAGE:4
3166,0,0,true,,,utility,utility,3,75,150001698042,150001719895,21,0,,false,8,12,3,4,ARCHER:9;ASSASSIN:3,ARCHER:1;GOBLIN:13;MAGE:4
3167,0,0,true,,,utility,utility,3,75,150001705961,150001728836,13,0,BLUE,false,0,5,4,3,GOBLIN:11;MAGE:6,GOBLIN:1;GOLEM:4;SCORPION_RIDER:4
3168,0,0,true,,,utility,utility,3,75,150001705961,150001728836,13,0,BLUE,false,0,5,4,3,GOBLIN:11;MAGE:6,GOBLIN:1;GOLEM:4;SCORPION_RIDER:4
3169,0,0,true,,,utility,utility,3,75,150009617042,150009660479,29,0,,false,3,5,3,3,GARGOYLE:2;GOLEM:4;MAGE:3,GARGOYLE:4;GOLEM:4;SPIDER:2
3170,0,0,true,,,utility,utility,3,75,150009617042,150009660479,29,0,,false,3,5,3,3,GARGOYLE:2;GOLEM:4;MAGE:3,GARGOYLE:4;GOLEM:4;SPIDER:2
3171,0,0,true,,,utility,utility,3,75,150009624961,150009669420,16,0,,false,10,17,3,2,ASSASSIN:6;GOBLIN:11,ARCHER:7;GOBLIN:11
3172,0,0,true,,,utility,utility,3,75,150009624961,150009669420,16,0,,false,10,17,3,2,ASSASSIN:6;GOBLIN:11,ARCHER:7;GOBLIN:11
3173,0,0,true,,,utility,utility,3,75,150017536042,150017486471,24,0,,false,3,1,3,2,GOBLIN:1;MAGE:8;SCORPION_RIDER:2,ARCHER:3;MAGE:8
3174,0,0,true,,,utility,utility,3,75,150017536042,150017486471,24,0,,false,1,6,3,2,GOBLIN:1;MAGE:8;SCORPION_RIDER:2,ARCHER:3;MAGE:8
3175,0,0,true,,,utility,utility,3,75,150017543961,150017593780,26,0,,false,5,5,3,3,ASSASSIN:5;GOBLIN:11;MAGE:1,GARGOYLE:5;GOBLIN:13
3176,0,0,true,,,utility,utility,3,75,150017543961,150017593780,26,0,,false,5,5,3,3,ASSASSIN:5;GOBLIN:11;MAGE:1,GARGOYLE:5;GOBLIN:13
3177,0,0,true,,,utility,cascade,3,75,150025455042,150025411439,9,0,BLUE,false,0,6,3,3,ARCHER:8;GARGOYLE:3;GOBLIN:2,ASSASSIN:3;SCORPION_RIDER:6;SPIDER:2
3178,0,0,true,,,cascade,utility,3,75,150025455042,150025411439,11,0,BLUE,false,0,7,3,3,ARCHER:8;GARGOYLE:3;GOBLIN:2,ASSASSIN:3;SCORPION_RIDER:6;SPIDER:2
3179,0,0,true,,,utility,cascade,3,75,150025462961,150025419292,13,0,BLUE,false,0,6,3,2,GARGOYLE:6;SPIDER:11,GOBLIN:8;MAGE:7
3180,0,0,true,,,cascade,utility,3,75,150025462961,150025419292,18,0,GREEN,false,5,0,3,2,GARGOYLE:6;SPIDER:11,GOBLIN:8;MAGE:7
3181,0,0,true,,,utility,cascade,3,75,150033374042,150033352183,15,0,GREEN,false,13,0,3,3,GARGOYLE:6;GOBLIN:10;SPIDER:1,GARGOYLE:1;SCORPION_RIDER:5;SPIDER:9
3182,0,0,true,,,cascade,utility,3,75,150033374042,150033352183,18,0,GREEN,false,6,0,3,3,GARGOYLE:6;GOBLIN:10;SPIDER:1,GARGOYLE:1;SCORPION_RIDER:5;SPIDER:9
3183,0,0,true,,,utility,cascade,3,75,150033381961,150033360100,20,0,GREEN,false,9,0,3,3,ARCHER:1;GARGOYLE:3;SCORPION_RIDER:6,GOBLIN:1;MAGE:8;SCORPION_RIDER:2
3184,0,0,true,,,cascade,utility,3,75,150033381961,150033360100,14,0,GREEN,false,6,0,3,3,ARCHER:1;GARGOYLE:3;SCORPION_RIDER:6,GOBLIN:1;MAGE:8;SCORPION_RIDER:2
3185,0,0,true,,,utility,cascade,3,75,150041293042,150041308767,21,0,GREEN,false,3,0,2,3,GARGOYLE:5;GOLEM:4,ASSASSIN:5;GOLEM:4
3186,0,0,true,,,cascade,utility,3,75,150041293042,150041308767,22,0,GREEN,false,4,0,2,3,GARGOYLE:5;GOLEM:4,ASSASSIN:5;GOLEM:4
3187,0,0,true,,,utility,cascade,3,75,150041300961,150041284940,9,0,GREEN,false,17,0,3,3,GARGOYLE:5;GOBLIN:13,MAGE:8;SCORPION_RIDER:2;SPIDER:1
3188,0,0,true,,,cascade,utility,3,75,150041300961,150041284940,20,0,GREEN,false,11,0,3,3,GARGOYLE:5;GOBLIN:13,MAGE:8;SCORPION_RIDER:2;SPIDER:1
3189,0,0,true,,,utility,cascade,3,75,150049212042,150049232935,16,0,GREEN,false,5,0,4,3,ARCHER:1;GARGOYLE:5;GOBLIN:1;SPIDER:10,GOBLIN:11;MAGE:6
3190,0,0,true,,,cascade,utility,3,75,150049212042,150049232935,21,0,BLUE,false,0,11,4,3,ARCHER:1;GARGOYLE:5;GOBLIN:1;SPIDER:10,GOBLIN:11;MAGE:6
3191,0,0,true,,,utility,cascade,3,75,150049219961,150049242068,7,0,BLUE,false,0,10,3,3,MAGE:4;SPIDER:15,ASSASSIN:8;SCORPION_RIDER:2;SPIDER:1
3192,0,0,true,,,cascade,utility,3,75,150049219961,150049242068,7,0,BLUE,false,0,5,3,3,MAGE:4;SPIDER:15,ASSASSIN:8;SCORPION_RIDER:2;SPIDER:1
3193,0,0,true,,,utility,cascade,3,75,150057131042,150057173647,11,0,BLUE,false,0,3,3,3,GARGOYLE:6;SPIDER:11,MAGE:4;SCORPION_RIDER:5;SPIDER:2
3194,0,0,true,,,cascade,utility,3,75,150057131042,150057173647,16,0,GREEN,false,4,0,3,3,GARGOYLE:6;SPIDER:11,MAGE:4;SCORPION_RIDER:5;SPIDER:2
3195,0,0,true,,,utility,cascade,3,75,150057138961,150057182652,10,0,GREEN,false,6,0,3,3,ARCHER:4;GOBLIN:1;SCORPION_RIDER:6,ASSASSIN:1;GARGOYLE:4;GOLEM:4
3196,0,0,true,,,cascade,utility,3,75,150057138961,150057182652,18,0,GREEN,false,1,0,3,3,ARCHER:4;GOBLIN:1;SCORPION_RIDER:6,ASSASSIN:1;GARGOYLE:4;GOLEM:4
3197,0,0,true,,,utility,cascade,3,75,69465468042,69465420327,9,0,GREEN,false,4,0,2,3,GARGOYLE:5;SCORPION_RIDER:5,GARGOYLE:3;GOBLIN:2;SCORPION_RIDER:6
3198,0,0,true,,,cascade,utility,3,75,69465468042,69465420327,20,0,GREEN,false,3,0,2,3,GARGOYLE:5;SCORPION_RIDER:5,GARGOYLE:3;GOBLIN:2;SCORPION_RIDER:6
3199,0,0,true,,,utility,cascade,3,75,69465475961,69465527764,13,0,BLUE,false,0,6,3,3,ASSASSIN:5;GOBLIN:12;SPIDER:1,GOBLIN:1;SCORPION_RIDER:6;SPIDER:8
3200,0,0,true,,,cascade,utility,3,75,69465475961,69465527764,9,0,BLUE,false,0,5,3,3,ASSASSIN:5;GOBLIN:12;SPIDER:1,GOBLIN:1;SCORPION_RIDER:6;SPIDER:8
3201,0,0,true,,,utility,utility,3,75,69734714042,69734732823,17,0,BLUE,false,0,6,3,3,GOLEM:4;SPIDER:11,SPIDER:25
3202,0,0,true,,,utility,utility,3,75,69734714042,69734732823,17,0,BLUE,false,0,6,3,3,GOLEM:4;SPIDER:11,SPIDER:25
3203,0,0,true,,,utility,utility,3,75,69734721961,69734741764,20,0,,false,8,5,3,2,ARCHER:5;GARGOYLE:5;SPIDER:3,ARCHER:4;MAGE:7
3204,0,0,true,,,utility,utility,3,75,69734721961,69734741764,20,0,,false,8,5,3,2,ARCHER:5;GARGOYLE:5;SPIDER:3,ARCHER:4;MAGE:7
3205,0,0,true,,,utility,utility,3,75,69869337042,69869348735,36,0,,false,3,2,3,3,GARGOYLE:8;SPIDER:6,ARCHER:8;MAGE:3;SPIDER:2
3206,0,0,true,,,utility,utility,3,75,69869337042,69869348735,23,0,BLUE,false,0,7,3,3,GARGOYLE:8;SPIDER:6,ARCHER:8;MAGE:3;SPIDER:2
3207,0,0,true,,,utility,utility,3,75,69869344961,69869323884,10,0,GREEN,false,7,0,3,3,GARGOYLE:6;GOBLIN:1;GOLEM:3,ASSASSIN:8;GOLEM:1;MAGE:1
3208,0,0,true,,,utility,utility,3,75,69869344961,69869323884,14,0,GREEN,false,8,0,3,3,GARGOYLE:6;GOBLIN:1;GOLEM:3,ASSASSIN:8;GOLEM:1;MAGE:1
3209,0,0,true,,,utility,cascade,3,75,150793598042,150793579255,11,0,BLUE,false,0,9,3,3,GOLEM:4;MAGE:4;SPIDER:2,ARCHER:4;GOBLIN:1;SCORPION_RIDER:6
3210,0,0,true,,,cascade,utility,3,75,150793598042,150793579255,7,0,BLUE,false,0,8,3,3,GOLEM:4;MAGE:4;SPIDER:2,ARCHER:4;GOBLIN:1;SCORPION_RIDER:6
3211,0,0,true,,,utility,cascade,3,75,150793605961,150793555428,9,0,BLUE,false,0,6,3,2,GARGOYLE:2;MAGE:8;SPIDER:1,SCORPION_RIDER:6;SPIDER:9
3212,0,0,true,,,cascade,utility,3,75,150793605961,150793555428,9,0,BLUE,false,0,6,3,2,GARGOYLE:2;MAGE:8;SPIDER:1,SCORPION_RIDER:6;SPIDER:9
3213,0,0,true,,,utility,cascade,3,75,150801517042,150801504095,9,0,BLUE,false,0,7,2,3,ARCHER:4;ASSASSIN:7,ASSASSIN:3;GARGOYLE:5;GOBLIN:6
3214,0,0,true,,,cascade,utility,3,75,150801517042,150801504095,12,0,BLUE,false,0,4,2,3,ARCHER:4;ASSASSIN:7,ASSASSIN:3;GARGOYLE:5;GOBLIN:6
3215,0,0,true,,,utility,cascade,3,75,150801524961,150801512012,8,0,GREEN,false,8,0,3,3,SCORPION_RIDER:8;SPIDER:3,ARCHER:1;SCORPION_RIDER:3;SPIDER:15
3216,0,0,true,,,cascade,utility,3,75,150801524961,150801512012,12,0,GREEN,false,2,0,3,3,SCORPION_RIDER:8;SPIDER:3,ARCHER:1;SCORPION_RIDER:3;SPIDER:15
3217,0,0,true,,,utility,cascade,3,75,150809436042,150809444647,24,0,GREEN,false,4,0,3,4,GARGOYLE:5;GOLEM:4,ARCHER:1;GOBLIN:1;GOLEM:1;MAGE:8
3218,0,0,true,,,cascade,utility,3,75,150809436042,150809444647,16,0,GREEN,false,9,0,3,4,GARGOYLE:5;GOLEM:4,ARCHER:1;GOBLIN:1;GOLEM:1;MAGE:8
3219,0,0,true,,,utility,cascade,3,75,150809443961,150809452756,37,0,,false,2,3,3,3,ASSASSIN:2;GOLEM:4;MAGE:3,GARGOYLE:5;MAGE:5;SPIDER:1
3220,0,0,true,,,cascade,utility,3,75,150809443961,150809452756,13,0,BLUE,false,0,9,3,3,ASSASSIN:2;GOLEM:4;MAGE:3,GARGOYLE:5;MAGE:5;SPIDER:1
3221,0,0,true,,,utility,cascade,3,75,150817355042,150817401743,13,0,BLUE,false,0,2,3,3,GOBLIN:1;SCORPION_RIDER:4;SPIDER:13,SCORPION_RIDER:9;SPIDER:1
3222,0,0,true,,,cascade,utility,3,75,150817355042,150817401743,8,0,GREEN,false,8,0,3,3,GOBLIN:1;SCORPION_RIDER:4;SPIDER:13,SCORPION_RIDER:9;SPIDER:1
3223,0,0,true,,,utility,cascade,3,75,150817362961,150817376956,29,0,GREEN,false,3,0,2,2,MAGE:4;SPIDER:15,SCORPION_RIDER:5;SPIDER:11
3224,0,0,true,,,cascade,utility,3,75,150817362961,150817376956,9,0,BLUE,false,0,6,2,2,MAGE:4;SPIDER:15,SCORPION_RIDER:5;SPIDER:11
3225,0,0,true,,,utility,cascade,3,75,150825274042,150825325591,14,0,GREEN,false,4,0,3,3,ARCHER:5;GOLEM:4;SPIDER:1,GARGOYLE:2;MAGE:8;SPIDER:1
3226,0,0,true,,,cascade,utility,3,75,150825274042,150825325591,16,0,GREEN,false,4,0,3,3,ARCHER:5;GOLEM:4;SPIDER:1,GARGOYLE:2;MAGE:8;SPIDER:1
3227,0,0,true,,,utility,cascade,3,75,150825281961,150825334532,11,0,BLUE,false,0,12,3,3,ARCHER:8;GARGOYLE:3;GOBLIN:2,GARGOYLE:1;GOBLIN:12;SCORPION_RIDER:4
3228,0,0,true,,,cascade,utility,3,75,150825281961,150825334532,19,0,BLUE,false,0,9,3,3,ARCHER:8;GARGOYLE:3;GOBLIN:2,GARGOYLE:1;GOBLIN:12;SCORPION_RIDER:4
3229,0,0,true,,,utility,utility,3,75,150833193042,150833151743,12,0,,false,11,11,4,3,GARGOYLE:6;GOBLIN:1;MAGE:4,GOBLIN:1;MAGE:8;SCORPION_RIDER:2
3230,0,0,true,,,utility,utility,3,75,150833193042,150833151743,12,0,,false,11,11,4,3,GARGOYLE:6;GOBLIN:1;MAGE:4,GOBLIN:1;MAGE:8;SCORPION_RIDER:2
3231,0,0,true,,,utility,utility,3,75,150833200961,150833144300,7,0,BLUE,false,0,11,2,2,MAGE:8;SPIDER:6,ARCHER:7;SCORPION_RIDER:4
3232,0,0,true,,,utility,utility,3,75,150833200961,150833144300,7,0,BLUE,false,0,11,2,2,MAGE:8;SPIDER:6,ARCHER:7;SCORPION_RIDER:4
3233,0,0,true,,,utility,utility,3,75,150841112042,150841092935,25,0,,false,11,3,3,2,GOBLIN:25,MAGE:7;SCORPION_RIDER:3
3234,0,0,true,,,utility,utility,3,75,150841112042,150841092935,6,0,GREEN,false,21,0,3,2,GOBLIN:25,MAGE:7;SCORPION_RIDER:3
3235,0,0,true,,,utility,utility,3,75,150841119961,150841068148,22,0,,false,5,13,3,3,GOLEM:4;SCORPION_RIDER:4;SPIDER:1,GOBLIN:18;MAGE:3
3236,0,0,true,,,utility,utility,3,75,150841119961,150841068148,22,0,GREEN,false,4,0,3,3,GOLEM:4;SCORPION_RIDER:4;SPIDER:1,GOBLIN:18;MAGE:3
3237,0,0,true,,,utility,cascade,3,75,150849031042,150849017135,11,0,BLUE,false,0,11,3,3,ARCHER:7;GARGOYLE:4;SPIDER:1,ARCHER:8;GOBLIN:7;SPIDER:2
3238,0,0,true,,,cascade,utility,3,75,150849031042,150849017135,24,0,GREEN,false,4,0,3,3,ARCHER:7;GARGOYLE:4;SPIDER:1,ARCHER:8;GOBLIN:7;SPIDER:2
3239,0,0,true,,,utility,cascade,3,75,150849038961,150849025244,16,0,GREEN,false,6,0,3,3,ARCHER:8;GOLEM:2;SPIDER:2,GARGOYLE:6;MAGE:4;SPIDER:1
3240,0,0,true,,,cascade,utility,3,75,150849038961,150849025244,18,0,GREEN,false,8,0,3,3,ARCHER:8;GOLEM:2;SPIDER:2,GARGOYLE:6;MAGE:4;SPIDER:1
3241,0,0,true,,,utility,cascade,3,75,151585498042,151585553687,9,0,BLUE,false,0,3,2,2,GOLEM:4;MAGE:5,ASSASSIN:7;SCORPION_RIDER:3
3242,0,0,true,,,cascade,utility,3,75,151585498042,151585553687,12,0,GREEN,false,4,0,2,2,GOLEM:4;MAGE:5,ASSASSIN:7;SCORPION_RIDER:3
3243,0,0,true,,,utility,cascade,3,75,151585505961,151585528836,10,0,GREEN,false,4,0,3,3,GOLEM:3;SCORPION_RIDER:5;SPIDER:1,ARCHER:5;GOBLIN:1;GOLEM:4
3244,0,0,true,,,cascade,utility,3,75,151585505961,151585528836,8,0,GREEN,false,3,0,3,3,GOLEM:3;SCORPION_RIDER:5;SPIDER:1,ARCHER:5;GOBLIN:1;GOLEM:4
3245,0,0,true,,,utility,utility,3,75,151593417042,151593363455,20,0,,false,2,7,4,3,ARCHER:6;ASSASSIN:2;GOLEM:2;SPIDER:1,MAGE:8;SCORPION_RIDER:2;SPIDER:1
3246,0,0,true,,,utility,utility,3,75,151593417042,151593363455,20,0,,false,2,7,4,3,ARCHER:6;ASSASSIN:2;GOLEM:2;SPIDER:1,MAGE:8;SCORPION_RIDER:2;SPIDER:1
3247,0,0,true,,,utility,utility,3,75,151593424961,151593469676,10,0,GREEN,false,5,0,4,3,ARCHER:7;MAGE:3;SPIDER:4,ASSASSIN:8;MAGE:2;SPIDER:1
3248,0,0,true,,,utility,utility,3,75,151593424961,151593469676,6,0,GREEN,false,6,0,4,3,ARCHER:7;MAGE:3;SPIDER:4,ASSASSIN:8;MAGE:2;SPIDER:1
3249,0,0,true,,,utility,cascade,3,75,151601336042,151601287239,11,0,BLUE,false,0,10,3,3,GARGOYLE:4;MAGE:1;SCORPION_RIDER:5,GOBLIN:9;SPIDER:16
3250,0,0,true,,,cascade,utility,3,75,151601336042,151601287239,14,0,GREEN,false,3,0,3,3,GARGOYLE:4;MAGE:1;SCORPION_RIDER:5,GOBLIN:9;SPIDER:16
3251,0,0,true,,,utility,cascade,3,75,151601343961,151601296244,4,0,GREEN,false,11,0,2,3,GOBLIN:9;SCORPION_RIDER:6,ARCHER:8;GOBLIN:9
3252,0,0,true,,,cascade,utility,3,75,151601343961,151601296244,6,0,GREEN,false,11,0,2,3,GOBLIN:9;SCORPION_RIDER:6,ARCHER:8;GOBLIN:9
3253,0,0,true,,,utility,cascade,3,75,151609255042,151609244207,8,0,GREEN,false,9,0,3,2,GOBLIN:11;GOLEM:4,MAGE:7;SCORPION_RIDER:3
3254,0,0,true,,,cascade,utility,3,75,151609255042,151609244207,8,0,GREEN,false,14,0,3,2,GOBLIN:11;GOLEM:4,MAGE:7;SCORPION_RIDER:3
3255,0,0,true,,,utility,cascade,3,75,151609262961,151609220572,8,0,GREEN,false,13,0,4,3,GOBLIN:11;GOLEM:4,SPIDER:25
3256,0,0,true,,,cascade,utility,3,75,151609262961,151609220572,8,0,GREEN,false,9,0,4,3,GOBLIN:11;GOLEM:4,SPIDER:25
3257,0,0,true,,,utility,cascade,3,75,151617174042,151617184951,21,0,BLUE,false,0,3,4,3,ARCHER:8;SCORPION_RIDER:3;SPIDER:1,GOBLIN:1;GOLEM:7
3258,0,0,true,,,cascade,utility,3,75,151617174042,151617184951,25,0,BLUE,false,0,1,4,3,ARCHER:8;SCORPION_RIDER:3;SPIDER:1,GOBLIN:1;GOLEM:7
3259,0,0,true,,,utility,cascade,3,75,151617181961,151617161124,14,0,GREEN,false,9,0,4,3,ASSASSIN:1;GARGOYLE:5;MAGE:4;SPIDER:1,ASSASSIN:7;GOBLIN:2;GOLEM:2
3260,0,0,true,,,cascade,utility,3,75,151617181961,151617161124,24,0,GREEN,false,5,0,4,3,ASSASSIN:1;GARGOYLE:5;MAGE:4;SPIDER:1,ASSASSIN:7;GOBLIN:2;GOLEM:2
3261,0,0,true,,,utility,cascade,3,75,151625093042,151625109791,8,0,GREEN,false,3,0,3,3,ARCHER:9;ASSASSIN:3,ARCHER:7;ASSASSIN:4;GOBLIN:1
3262,0,0,true,,,cascade,utility,3,75,151625093042,151625109791,7,0,GREEN,false,6,0,3,3,ARCHER:9;ASSASSIN:3,ARCHER:7;ASSASSIN:4;GOBLIN:1
3263,0,0,true,,,utility,cascade,3,75,151625100961,151625117708,8,0,GREEN,false,7,0,3,3,ARCHER:9;ASSASSIN:3,ARCHER:5;SCORPION_RIDER:5;SPIDER:1
3264,0,0,true,,,cascade,utility,3,75,151625100961,151625117708,13,0,BLUE,false,0,2,3,3,ARCHER:9;ASSASSIN:3,ARCHER:5;SCORPION_RIDER:5;SPIDER:1
3265,0,0,true,,,utility,utility,3,75,151633012042,151633066983,16,0,,false,23,12,3,3,GOBLIN:9;SPIDER:16,GOBLIN:3;MAGE:8;SCORPION_RIDER:1
3266,0,0,true,,,utility,utility,3,75,151633012042,151633066983,16,0,,false,23,12,3,3,GOBLIN:9;SPIDER:16,GOBLIN:3;MAGE:8;SCORPION_RIDER:1
3267,0,0,true,,,utility,utility,3,75,151633019961,151633042068,14,0,,false,15,11,3,3,ASSASSIN:4;GOBLIN:2;SPIDER:13,ARCHER:7;GARGOYLE:4;GOBLIN:1
3268,0,0,true,,,utility,utility,3,75,151633019961,151633042068,14,0,,false,15,11,3,3,ASSASSIN:4;GOBLIN:2;SPIDER:13,ARCHER:7;GARGOYLE:4;GOBLIN:1
3269,0,0,true,,,utility,cascade,3,75,151640931042,151640876111,11,0,GREEN,false,3,0,3,3,ARCHER:12;SPIDER:1,ARCHER:9;GOLEM:2
3270,0,0,true,,,cascade,utility,3,75,151640931042,151640876111,12,0,GREEN,false,3,0,3,3,ARCHER:12;SPIDER:1,ARCHER:9;GOLEM:2
3271,0,0,true,,,utility,cascade,3,75,151640938961,151640983420,14,0,GREEN,false,11,0,4,3,ARCHER:3;ASSASSIN:3;GOBLIN:12,ARCHER:7;GOBLIN:1;MAGE:4
3272,0,0,true,,,cascade,utility,3,75,151640938961,151640983420,14,0,GREEN,false,8,0,4,3,ARCHER:3;ASSASSIN:3;GOBLIN:12,ARCHER:7;GOBLIN:1;MAGE:4
3273,0,0,true,,,utility,utility,3,75,152377398042,152377380279,17,0,,false,11,1,3,3,ASSASSIN:2;GOBLIN:10;GOLEM:3,ASSASSIN:9;GOLEM:1
3274,0,0,true,,,utility,utility,3,75,152377398042,152377380279,17,0,,false,11,1,3,3,ASSASSIN:2;GOBLIN:10;GOLEM:3,ASSASSIN:9;GOLEM:1
3275,0,0,true,,,utility,utility,3,75,152377405961,152377388196,9,0,BLUE,false,0,11,3,3,GOBLIN:1;MAGE:10,ASSASSIN:4;GOBLIN:2;SPIDER:13
3276,0,0,true,,,utility,utility,3,75,152377405961,152377388196,9,0,BLUE,false,0,11,3,3,GOBLIN:1;MAGE:10,ASSASSIN:4;GOBLIN:2;SPIDER:13
3277,0,0,true,,,utility,cascade,3,75,152385317042,152385336863,15,0,BLUE,false,0,5,3,4,GOBLIN:8;MAGE:7,ARCHER:1;GARGOYLE:5;GOBLIN:10;SPIDER:1
3278,0,0,true,,,cascade,utility,3,75,152385317042,152385336863,10,0,BLUE,false,0,5,3,4,GOBLIN:8;MAGE:7,ARCHER:1;GARGOYLE:5;GOBLIN:10;SPIDER:1
3279,0,0,true,,,utility,cascade,3,75,152385324961,152385313036,11,0,BLUE,false,0,10,2,3,MAGE:7;SCORPION_RIDER:3,GARGOYLE:1;GOLEM:4;SPIDER:9
3280,0,0,true,,,cascade,utility,3,75,152385324961,152385313036,15,0,BLUE,false,0,4,2,3,MAGE:7;SCORPION_RIDER:3,GARGOYLE:1;GOLEM:4;SPIDER:9
3281,0,0,true,,,utility,cascade,3,75,152393236042,152393277671,4,0,GREEN,false,16,0,3,2,ARCHER:7;GOBLIN:11,ASSASSIN:4;SPIDER:15
3282,0,0,true,,,cascade,utility,3,75,152393236042,152393277671,8,0,GREEN,false,10,0,3,2,ARCHER:7;GOBLIN:11,ASSASSIN:4;SPIDER:15
3283,0,0,true,,,utility,cascade,3,75,152393243961,152393253780,13,0,BLUE,false,0,4,2,3,ASSASSIN:6;GOBLIN:11,GARGOYLE:6;GOBLIN:1;SPIDER:10
3284,0,0,true,,,cascade,utility,3,75,152393243961,152393253780,10,0,BLUE,false,0,7,2,3,ASSASSIN:6;GOBLIN:11,GARGOYLE:6;GOBLIN:1;SPIDER:10
3285,0,0,true,,,utility,cascade,3,75,152401155042,152401202511,7,0,GREEN,false,8,0,3,3,GOBLIN:1;MAGE:10,GOBLIN:1;MAGE:10
3286,0,0,true,,,cascade,utility,3,75,152401155042,152401202511,15,0,BLUE,false,0,1,3,3,GOBLIN:1;MAGE:10,GOBLIN:1;MAGE:10
3287,0,0,true,,,utility,cascade,3,75,152401162961,152401210492,8,0,GREEN,false,3,0,3,3,MAGE:5;SCORPION_RIDER:5,ARCHER:8;SCORPION_RIDER:3;SPIDER:1
3288,0,0,true,,,cascade,utility,3,75,152401162961,152401210492,7,0,BLUE,false,0,10,3,3,MAGE:5;SCORPION_RIDER:5,ARCHER:8;SCORPION_RIDER:3;SPIDER:1
3289,0,0,true,,,utility,cascade,3,75,213939704042,213939654215,8,0,GREEN,false,8,0,4,2,ARCHER:4;GARGOYLE:1;GOBLIN:1;SCORPION_RIDER:5,GOLEM:4;SPIDER:11
3290,0,0,true,,,cascade,utility,3,75,213939704042,213939654215,16,0,GREEN,false,4,0,4,2,ARCHER:4;GARGOYLE:1;GOBLIN:1;SCORPION_RIDER:5,GOLEM:4;SPIDER:11
3291,0,0,true,,,utility,cascade,3,75,213939711961,213939663220,16,0,GREEN,false,6,0,3,3,ARCHER:1;ASSASSIN:4;SCORPION_RIDER:5,GARGOYLE:3;GOBLIN:1;MAGE:7
3292,0,0,true,,,cascade,utility,3,75,213939711961,213939663220,16,0,GREEN,false,6,0,3,3,ARCHER:1;ASSASSIN:4;SCORPION_RIDER:5,GARGOYLE:3;GOBLIN:1;MAGE:7
3293,0,0,true,,,utility,cascade,3,75,213939719880,213939769445,7,0,GREEN,false,7,0,3,3,GOBLIN:1;GOLEM:4;SCORPION_RIDER:4,ASSASSIN:7;GOBLIN:2;GOLEM:2
3294,0,0,true,,,cascade,utility,3,75,213939719880,213939769445,6,0,GREEN,false,6,0,3,3,GOBLIN:1;GOLEM:4;SCORPION_RIDER:4,ASSASSIN:7;GOBLIN:2;GOLEM:2
3295,0,0,true,,,utility,cascade,3,75,213939727799,213939778330,12,0,GREEN,false,14,0,3,4,ARCHER:7;GOBLIN:9;SPIDER:2,ASSASSIN:1;GARGOYLE:5;GOBLIN:1;MAGE:4
3296,0,0,true,,,cascade,utility,3,75,213939727799,213939778330,32,0,GREEN,false,7,0,3,4,ARCHER:7;GOBLIN:9;SPIDER:2,ASSASSIN:1;GARGOYLE:5;GOBLIN:1;MAGE:4
3297,0,0,true,,,utility,cascade,3,75,152409074042,152409028567,34,0,,false,1,6,3,3,GARGOYLE:2;MAGE:8;SPIDER:1,ARCHER:8;SPIDER:9
3298,0,0,true,,,cascade,utility,3,75,152409074042,152409028567,12,0,BLUE,false,0,12,3,3,GARGOYLE:2;MAGE:8;SPIDER:1,ARCHER:8;SPIDER:9
3299,0,0,true,,,utility,cascade,3,75,152409081961,152409134788,26,0,GREEN,false,5,0,3,2,GARGOYLE:5;GOBLIN:1;SPIDER:12,ARCHER:3;MAGE:8
3300,0,0,true,,,cascade,utility,3,75,152409081961,152409134788,17,0,BLUE,false,0,5,3,2,GARGOYLE:5;GOBLIN:1;SPIDER:12,ARCHER:3;MAGE:8
3301,0,0,true,,,utility,utility,3,75,213947623042,213947611183,6,0,GREEN,false,12,0,3,2,GOBLIN:13;MAGE:5,MAGE:7;SPIDER:8
3302,0,0,true,,,utility,utility,3,75,213947623042,213947611183,6,0,GREEN,false,12,0,3,2,GOBLIN:13;MAGE:5,MAGE:7;SPIDER:8
3303,0,0,true,,,utility,utility,3,75,213947630961,213947587548,12,0,,false,15,16,3,3,GOBLIN:7;MAGE:7;SPIDER:1,ARCHER:9;GOBLIN:7
3304,0,0,true,,,utility,utility,3,75,213947630961,213947587548,12,0,,false,15,16,3,3,GOBLIN:7;MAGE:7;SPIDER:1,ARCHER:9;GOBLIN:7
3305,0,0,true,,,utility,utility,3,75,213947638880,213947595469,6,0,GREEN,false,16,0,2,3,GARGOYLE:6;GOBLIN:11,ASSASSIN:8;GARGOYLE:2;SPIDER:1
3306,0,0,true,,,utility,utility,3,75,213947638880,213947595469,6,0,GREEN,false,16,0,2,3,GARGOYLE:6;GOBLIN:11,ASSASSIN:8;GARGOYLE:2;SPIDER:1
3307,0,0,true,,,utility,utility,3,75,213947646799,213947702754,9,0,BLUE,false,0,6,3,3,ARCHER:8;MAGE:3;SPIDER:2,ARCHER:7;GOLEM:3;SPIDER:1
3308,0,0,true,,,utility,utility,3,75,213947646799,213947702754,9,0,BLUE,false,0,6,3,3,ARCHER:8;MAGE:3;SPIDER:2,ARCHER:7;GOLEM:3;SPIDER:1
3309,0,0,true,,,utility,cascade,3,75,152416993042,152416969151,8,0,GREEN,false,6,0,3,3,GARGOYLE:3;SCORPION_RIDER:6;SPIDER:2,ASSASSIN:6;GOBLIN:10;SPIDER:1
3310,0,0,true,,,cascade,utility,3,75,152416993042,152416969151,10,0,GREEN,false,6,0,3,3,GARGOYLE:3;SCORPION_RIDER:6;SPIDER:2,ASSASSIN:6;GOBLIN:10;SPIDER:1
3311,0,0,true,,,utility,cascade,3,75,152417000961,152416944300,14,0,GREEN,false,3,0,3,2,GOBLIN:11;SPIDER:14,MAGE:5;SPIDER:13
3312,0,0,true,,,cascade,utility,3,75,152417000961,152416944300,4,0,GREEN,false,23,0,3,2,GOBLIN:11;SPIDER:14,MAGE:5;SPIDER:13
3313,0,0,true,,,utility,cascade,3,75,152424912042,152424892935,11,0,GREEN,false,13,0,3,4,GOLEM:2;MAGE:1;SPIDER:16,ARCHER:5;GOLEM:4;SPIDER:1
3314,0,0,true,,,cascade,utility,3,75,152424912042,152424892935,11,0,BLUE,false,0,4,3,4,GOLEM:2;MAGE:1;SPIDER:16,ARCHER:5;GOLEM:4;SPIDER:1
3315,0,0,true,,,utility,cascade,3,75,152424919961,152424901940,15,0,BLUE,false,0,8,3,3,ASSASSIN:7;GOLEM:1;SCORPION_RIDER:2,GARGOYLE:5;GOLEM:4
3316,0,0,true,,,cascade,utility,3,75,152424919961,152424901940,8,0,BLUE,false,0,6,3,3,ASSASSIN:7;GOLEM:1;SCORPION_RIDER:2,GARGOYLE:5;GOLEM:4
3317,0,0,true,,,utility,cascade,3,75,152432831042,152432850159,17,0,BLUE,false,0,5,3,3,GOBLIN:11;GOLEM:4,GOBLIN:13;MAGE:5
3318,0,0,true,,,cascade,utility,3,75,152432831042,152432850159,35,0,BLUE,false,0,5,3,3,GOBLIN:11;GOLEM:4,GOBLIN:13;MAGE:5
3319,0,0,true,,,utility,cascade,3,75,152432838961,152432826268,15,0,BLUE,false,0,7,3,3,ASSASSIN:7;MAGE:3;SPIDER:1,GARGOYLE:3;GOLEM:4;SPIDER:4
3320,0,0,true,,,cascade,utility,3,75,152432838961,152432826268,15,0,BLUE,false,0,4,3,3,ASSASSIN:7;MAGE:3;SPIDER:1,GARGOYLE:3;GOLEM:4;SPIDER:4
3321,0,0,true,,,utility,cascade,3,75,153169298042,153169353943,13,0,BLUE,false,0,12,3,3,GOBLIN:1;MAGE:10,ARCHER:6;GOBLIN:12;SPIDER:1
3322,0,0,true,,,cascade,utility,3,75,153169298042,153169353943,17,0,BLUE,false,0,10,3,3,GOBLIN:1;MAGE:10,ARCHER:6;GOBLIN:12;SPIDER:1
3323,0,0,true,,,utility,cascade,3,75,153169305961,153169362884,31,0,BLUE,false,0,4,4,3,ARCHER:4;GOLEM:4;SCORPION_RIDER:1;SPIDER:1,GARGOYLE:5;GOLEM:4
3324,0,0,true,,,cascade,utility,3,75,153169305961,153169362884,13,0,BLUE,false,0,7,4,3,ARCHER:4;GOLEM:4;SCORPION_RIDER:1;SPIDER:1,GARGOYLE:5;GOLEM:4
3325,0,0,true,,,utility,cascade,3,75,153177217042,153177163455,10,0,GREEN,false,9,0,3,3,ARCHER:12;GOBLIN:1,ARCHER:1;GOBLIN:7;SPIDER:16
3326,0,0,true,,,cascade,utility,3,75,153177217042,153177163455,14,0,GREEN,false,12,0,3,3,ARCHER:12;GOBLIN:1,ARCHER:1;GOBLIN:7;SPIDER:16
3327,0,0,true,,,utility,cascade,3,75,153177224961,153177172396,11,0,BLUE,false,0,13,4,3,GOBLIN:7;SCORPION_RIDER:1;SPIDER:15,ARCHER:1;GOBLIN:9;GOLEM:4
3328,0,0,true,,,cascade,utility,3,75,153177224961,153177172396,10,0,BLUE,false,0,4,4,3,GOBLIN:7;SCORPION_RIDER:1;SPIDER:15,ARCHER:1;GOBLIN:9;GOLEM:4
3329,0,0,true,,,utility,utility,3,75,153185136042,153185121031,19,0,BLUE,false,0,3,3,3,ARCHER:5;GOLEM:4;SPIDER:1,ARCHER:5;GOBLIN:1;GOLEM:4
3330,0,0,true,,,utility,utility,3,75,153185136042,153185121031,24,0,,false,4,4,3,3,ARCHER:5;GOLEM:4;SPIDER:1,ARCHER:5;GOBLIN:1;GOLEM:4
3331,0,0,true,,,utility,utility,3,75,153185143961,153185096244,17,0,,false,12,5,3,3,GOLEM:3;SPIDER:15,MAGE:5;SPIDER:13
3332,0,0,true,,,utility,utility,3,75,153185143961,153185096244,17,0,,false,12,5,3,3,GOLEM:3;SPIDER:15,MAGE:5;SPIDER:13
3333,0,0,true,,,utility,cascade,3,75,153193055042,153193045487,17,0,BLUE,false,0,5,3,3,GOBLIN:1;MAGE:8;SCORPION_RIDER:2,GARGOYLE:10;SPIDER:1
3334,0,0,true,,,cascade,utility,3,75,153193055042,153193045487,12,0,BLUE,false,0,6,3,3,GOBLIN:1;MAGE:8;SCORPION_RIDER:2,GARGOYLE:10;SPIDER:1
3335,0,0,true,,,utility,cascade,3,75,153193062961,153193053340,10,0,GREEN,false,7,0,4,3,ARCHER:5;GARGOYLE:6;GOBLIN:1,ARCHER:7;MAGE:4;SPIDER:1
3336,0,0,true,,,cascade,utility,3,75,153193062961,153193053340,14,0,GREEN,false,6,0,4,3,ARCHER:5;GARGOYLE:6;GOBLIN:1,ARCHER:7;MAGE:4;SPIDER:1
3337,0,0,true,,,utility,utility,3,75,153200974042,153200985719,24,0,,false,4,22,3,3,GOBLIN:1;GOLEM:7,GOBLIN:10;SPIDER:15
3338,0,0,true,,,utility,utility,3,75,153200974042,153200985719,24,0,,false,4,22,3,3,GOBLIN:1;GOLEM:7,GOBLIN:10;SPIDER:15
3339,0,0,true,,,utility,utility,3,75,153200981961,153200994660,11,0,BLUE,false,0,3,3,3,ASSASSIN:10;SPIDER:1,ASSASSIN:7;GARGOYLE:3;SPIDER:1
3340,0,0,true,,,utility,utility,3,75,153200981961,153200994660,11,0,BLUE,false,0,3,3,3,ASSASSIN:10;SPIDER:1,ASSASSIN:7;GARGOYLE:3;SPIDER:1
3341,0,0,true,,,utility,utility,3,75,153208893042,153208942815,201,0,,true,9,2,3,3,MAGE:3;SCORPION_RIDER:6;SPIDER:2,GOBLIN:3;SCORPION_RIDER:2;SPIDER:16
3342,0,0,true,,,utility,utility,3,75,153208893042,153208942815,13,0,BLUE,false,0,5,3,3,MAGE:3;SCORPION_RIDER:6;SPIDER:2,GOBLIN:3;SCORPION_RIDER:2;SPIDER:16
3343,0,0,true,,,utility,utility,3,75,153208900961,153208918988,8,0,GREEN,false,7,0,3,2,GARGOYLE:3;SCORPION_RIDER:6;SPIDER:2,MAGE:5;SPIDER:13
3344,0,0,true,,,utility,utility,3,75,153208900961,153208918988,8,0,GREEN,false,7,0,3,2,GARGOYLE:3;SCORPION_RIDER:6;SPIDER:2,MAGE:5;SPIDER:13
3345,0,0,true,,,utility,cascade,3,75,153216812042,153216866983,15,0,BLUE,false,0,9,3,3,GOBLIN:1;SCORPION_RIDER:3;SPIDER:16,ARCHER:1;MAGE:3;SPIDER:16
3346,0,0,true,,,cascade,utility,3,75,153216812042,153216866983,8,0,GREEN,false,3,0,3,3,GOBLIN:1;SCORPION_RIDER:3;SPIDER:16,ARCHER:1;MAGE:3;SPIDER:16
3347,0,0,true,,,utility,cascade,3,75,153216819961,153216875604,13,0,GREEN,false,5,0,3,4,ARCHER:4;SPIDER:17,GOBLIN:1;SCORPION_RIDER:6;SPIDER:8
3348,0,0,true,,,cascade,utility,3,75,153216819961,153216875604,20,0,GREEN,false,5,0,3,4,ARCHER:4;SPIDER:17,GOBLIN:1;SCORPION_RIDER:6;SPIDER:8
3349,0,0,true,,,utility,cascade,3,75,153224731042,153224677135,12,0,BLUE,false,0,5,3,3,ARCHER:1;GOBLIN:9;GOLEM:4,GOBLIN:22;MAGE:1
3350,0,0,true,,,cascade,utility,3,75,153224731042,153224677135,17,0,BLUE,false,0,6,3,3,ARCHER:1;GOBLIN:9;GOLEM:4,GOBLIN:22;MAGE:1
3351,0,0,true,,,utility,cascade,3,75,153224738961,153224685116,9,0,BLUE,false,0,8,3,3,MAGE:5;SCORPION_RIDER:5,ARCHER:1;GARGOYLE:4;GOLEM:4
3352,0,0,true,,,cascade,utility,3,75,153224738961,153224685116,15,0,BLUE,false,0,1,3,3,MAGE:5;SCORPION_RIDER:5,ARCHER:1;GARGOYLE:4;GOLEM:4
3353,0,0,true,,,utility,utility,3,75,153961198042,153961213815,5,0,BLUE,false,0,8,3,3,ASSASSIN:8;GOBLIN:1;SCORPION_RIDER:2,ARCHER:7;GARGOYLE:4;GOBLIN:1
3354,0,0,true,,,utility,utility,3,75,153961198042,153961213815,5,0,BLUE,false,0,8,3,3,ASSASSIN:8;GOBLIN:1;SCORPION_RIDER:2,ARCHER:7;GARGOYLE:4;GOBLIN:1
3355,0,0,true,,,utility,utility,3,75,153961205961,153961188964,17,0,BLUE,false,0,9,4,3,GARGOYLE:3;SCORPION_RIDER:6;SPIDER:2,MAGE:3;SPIDER:18
3356,0,0,true,,,utility,utility,3,75,153961205961,153961188964,17,0,BLUE,false,0,9,4,3,GARGOYLE:3;SCORPION_RIDER:6;SPIDER:2,MAGE:3;SPIDER:18
3357,0,0,true,,,utility,cascade,3,75,153969117042,153969138143,19,0,BLUE,false,0,2,3,4,GARGOYLE:10;GOBLIN:1,ARCHER:4;GARGOYLE:1;GOBLIN:1;SPIDER:13
3358,0,0,true,,,cascade,utility,3,75,153969117042,153969138143,16,0,GREEN,false,10,0,3,4,GARGOYLE:10;GOBLIN:1,ARCHER:4;GARGOYLE:1;GOBLIN:1;SPIDER:13
3359,0,0,true,,,utility,cascade,3,75,153969124961,153969146060,11,0,BLUE,false,0,7,4,4,ARCHER:1;ASSASSIN:8;GOLEM:1;SPIDER:1,ASSASSIN:1;GARGOYLE:9;SPIDER:1
3360,0,0,true,,,cascade,utility,3,75,153969124961,153969146060,9,0,BLUE,false,0,4,4,4,ARCHER:1;ASSASSIN:8;GOLEM:1;SPIDER:1,ASSASSIN:1;GARGOYLE:9;SPIDER:1
3361,0,0,true,,,utility,cascade,3,75,153977036042,153977078695,10,0,GREEN,false,7,0,3,3,GARGOYLE:4;MAGE:1;SCORPION_RIDER:5,GOBLIN:11;SCORPION_RIDER:5
3362,0,0,true,,,cascade,utility,3,75,153977036042,153977078695,15,0,GREEN,false,4,0,3,3,GARGOYLE:4;MAGE:1;SCORPION_RIDER:5,GOBLIN:11;SCORPION_RIDER:5
3363,0,0,true,,,utility,cascade,3,75,153977043961,153977087316,24,0,GREEN,false,6,0,3,3,ARCHER:6;GOBLIN:12;SPIDER:1,ASSASSIN:4;GARGOYLE:1;GOLEM:4
3364,0,0,true,,,cascade,utility,3,75,153977043961,153977087316,8,0,GREEN,false,15,0,3,3,ARCHER:6;GOBLIN:12;SPIDER:1,ASSASSIN:4;GARGOYLE:1;GOLEM:4
3365,0,0,true,,,utility,cascade,3,75,153984955042,153984904207,10,0,GREEN,false,8,0,3,3,ARCHER:8;GOBLIN:7;SPIDER:2,ASSASSIN:5;GARGOYLE:5;GOBLIN:1
3366,0,0,true,,,cascade,utility,3,75,153984955042,153984904207,12,0,GREEN,false,11,0,3,3,ARCHER:8;GOBLIN:7;SPIDER:2,ASSASSIN:5;GARGOYLE:5;GOBLIN:1
3367,0,0,true,,,utility,cascade,3,75,153984962961,153985011516,13,0,BLUE,false,0,9,2,2,ARCHER:3;ASSASSIN:8,GARGOYLE:6;SCORPION_RIDER:4
3368,0,0,true,,,cascade,utility,3,75,153984962961,153985011516,5,0,BLUE,false,0,8,2,2,ARCHER:3;ASSASSIN:8,GARGOYLE:6;SCORPION_RIDER:4
3369,0,0,true,,,utility,utility,3,75,153992874042,153992828567,14,0,,false,8,14,3,3,ARCHER:7;ASSASSIN:4;SPIDER:1,GOBLIN:2;GOLEM:3;SPIDER:13
3370,0,0,true,,,utility,utility,3,75,153992874042,153992828567,14,0,,false,8,14,3,3,ARCHER:7;ASSASSIN:4;SPIDER:1,GOBLIN:2;GOLEM:3;SPIDER:13
3371,0,0,true,,,utility,utility,3,75,153992881961,153992837508,12,0,GREEN,false,5,0,3,3,ARCHER:2;GARGOYLE:5;SPIDER:9,ASSASSIN:8;GOBLIN:1;MAGE:2
3372,0,0,true,,,utility,utility,3,75,153992881961,153992837508,8,0,GREEN,false,13,0,3,3,ARCHER:2;GARGOYLE:5;SPIDER:9,ASSASSIN:8;GOBLIN:1;MAGE:2
3373,0,0,true,,,utility,utility,3,75,154000793042,154000769919,24,0,,false,5,5,4,3,ARCHER:5;MAGE:1;SCORPION_RIDER:4;SPIDER:2,ARCHER:1;GOBLIN:9;GOLEM:4
3374,0,0,true,,,utility,utility,3,75,154000793042,154000769919,29,0,,false,3,9,4,3,ARCHER:5;MAGE:1;SCORPION_RIDER:4;SPIDER:2,ARCHER:1;GOBLIN:9;GOLEM:4
3375,0,0,true,,,utility,utility,3,75,154000800961,154000777836,18,0,GREEN,false,3,0,3,3,GARGOYLE:10;GOBLIN:1,GOLEM:2;MAGE:1;SCORPION_RIDER:6
3376,0,0,true,,,utility,utility,3,75,154000800961,154000777836,11,0,BLUE,false,0,7,3,3,GARGOYLE:10;GOBLIN:1,GOLEM:2;MAGE:1;SCORPION_RIDER:6
3377,0,0,true,,,utility,cascade,3,75,154008712042,154008726983,20,0,GREEN,false,12,0,3,3,GOBLIN:12;GOLEM:3;SCORPION_RIDER:1,GOBLIN:1;MAGE:8;SCORPION_RIDER:2
3378,0,0,true,,,cascade,utility,3,75,154008712042,154008726983,12,0,GREEN,false,11,0,3,3,GOBLIN:12;GOLEM:3;SCORPION_RIDER:1,GOBLIN:1;MAGE:8;SCORPION_RIDER:2
3379,0,0,true,,,utility,cascade,3,75,154008719961,154008702196,7,0,GREEN,false,4,0,3,3,GARGOYLE:4;MAGE:1;SCORPION_RIDER:5,ARCHER:1;ASSASSIN:8;SPIDER:4
3380,0,0,true,,,cascade,utility,3,75,154008719961,154008702196,8,0,GREEN,false,7,0,3,3,GARGOYLE:4;MAGE:1;SCORPION_RIDER:5,ARCHER:1;ASSASSIN:8;SPIDER:4
3381,0,0,true,,,utility,utility,3,75,154016631042,154016651183,24,0,,false,4,9,3,3,ASSASSIN:4;GARGOYLE:5;SPIDER:4,ARCHER:8;GARGOYLE:3;GOBLIN:2
3382,0,0,true,,,utility,utility,3,75,154016631042,154016651183,13,0,BLUE,false,0,8,3,3,ASSASSIN:4;GARGOYLE:5;SPIDER:4,ARCHER:8;GARGOYLE:3;GOBLIN:2
3383,0,0,true,,,utility,utility,3,75,154016638961,154016659804,23,0,,false,4,1,2,3,ARCHER:4;MAGE:7,ASSASSIN:7;MAGE:3;SPIDER:1
3384,0,0,true,,,utility,utility,3,75,154016638961,154016659804,23,0,,false,4,1,2,3,ARCHER:4;MAGE:7,ASSASSIN:7;MAGE:3;SPIDER:1
3385,0,0,true,,,utility,cascade,3,75,154753098042,154753056663,17,0,BLUE,false,0,4,3,3,ASSASSIN:4;GARGOYLE:6;SPIDER:1,ARCHER:1;ASSASSIN:3;SCORPION_RIDER:6
3386,0,0,true,,,cascade,utility,3,75,154753098042,154753056663,10,0,GREEN,false,3,0,3,3,ASSASSIN:4;GARGOYLE:6;SPIDER:1,ARCHER:1;ASSASSIN:3;SCORPION_RIDER:6
3387,0,0,true,,,utility,cascade,3,75,154753105961,154753162884,12,0,GREEN,false,10,0,3,3,ARCHER:4;GOBLIN:1;SCORPION_RIDER:6,ARCHER:1;GOLEM:3;SPIDER:13
3388,0,0,true,,,cascade,utility,3,75,154753105961,154753162884,10,0,GREEN,false,9,0,3,3,ARCHER:4;GOBLIN:1;SCORPION_RIDER:6,ARCHER:1;GOLEM:3;SPIDER:13
3389,0,0,true,,,utility,utility,3,75,154761017042,154760996991,18,0,,false,14,8,3,3,ARCHER:7;SPIDER:11,GOBLIN:4;MAGE:8;SPIDER:2
3390,0,0,true,,,utility,utility,3,75,154761017042,154760996991,18,0,,false,14,8,3,3,ARCHER:7;SPIDER:11,GOBLIN:4;MAGE:8;SPIDER:2
3391,0,0,true,,,utility,utility,3,75,154761024961,154760973164,12,0,,false,9,9,3,2,GOLEM:4;SCORPION_RIDER:4;SPIDER:1,GARGOYLE:5;GOLEM:4
3392,0,0,true,,,utility,utility,3,75,154761024961,154760973164,12,0,,false,9,9,3,2,GOLEM:4;SCORPION_RIDER:4;SPIDER:1,GARGOYLE:5;GOLEM:4
3393,0,0,true,,,utility,cascade,3,75,154768936042,154768921287,17,0,BLUE,false,0,7,3,3,ARCHER:1;MAGE:3;SPIDER:16,ARCHER:1;GOBLIN:9;GOLEM:4
3394,0,0,true,,,cascade,utility,3,75,154768936042,154768921287,11,0,BLUE,false,0,8,3,3,ARCHER:1;MAGE:3;SPIDER:16,ARCHER:1;GOBLIN:9;GOLEM:4
3395,0,0,true,,,utility,cascade,3,75,154768943961,154768930292,12,0,GREEN,false,3,0,2,2,GARGOYLE:4;SPIDER:15,ARCHER:4;ASSASSIN:7
3396,0,0,true,,,cascade,utility,3,75,154768943961,154768930292,14,0,GREEN,false,4,0,2,2,GARGOYLE:4;SPIDER:15,ARCHER:4;ASSASSIN:7
3397,0,0,true,,,utility,cascade,3,75,154776855042,154776878255,11,0,BLUE,false,0,5,2,3,GOLEM:4;MAGE:5,ARCHER:12;SPIDER:1
3398,0,0,true,,,cascade,utility,3,75,154776855042,154776878255,11,0,BLUE,false,0,6,2,3,GOLEM:4;MAGE:5,ARCHER:12;SPIDER:1
3399,0,0,true,,,utility,cascade,3,75,154776862961,154776854108,12,0,,false,12,17,4,4,ARCHER:3;GOBLIN:5;GOLEM:4,ARCHER:1;GARGOYLE:5;GOBLIN:11
3400,0,0,true,,,cascade,utility,3,75,154776862961,154776854108,17,0,BLUE,false,0,8,4,4,ARCHER:3;GOBLIN:5;GOLEM:4,ARCHER:1;GARGOYLE:5;GOBLIN:11
3401,0,0,true,,,utility,cascade,3,75,154784774042,154784819511,9,0,BLUE,false,0,4,3,3,ASSASSIN:8;GOBLIN:6,GARGOYLE:1;MAGE:4;SCORPION_RIDER:5
3402,0,0,true,,,cascade,utility,3,75,154784774042,154784819511,6,0,BLUE,false,0,5,3,3,ASSASSIN:8;GOBLIN:6,GARGOYLE:1;MAGE:4;SCORPION_RIDER:5
3403,0,0,true,,,utility,cascade,3,75,154784781961,154784794660,7,0,GREEN,false,12,0,4,3,ARCHER:5;GARGOYLE:6;SPIDER:1,SCORPION_RIDER:3;SPIDER:17
3404,0,0,true,,,cascade,utility,3,75,154784781961,154784794660,14,0,GREEN,false,6,0,4,3,ARCHER:5;GARGOYLE:6;SPIDER:1,SCORPION_RIDER:3;SPIDER:17
3405,0,0,true,,,utility,cascade,3,75,154792693042,154792743839,10,0,GREEN,false,9,0,4,3,ARCHER:8;GOBLIN:1;GOLEM:1;MAGE:2,ARCHER:1;ASSASSIN:3;SPIDER:16
3406,0,0,true,,,cascade,utility,3,75,154792693042,154792743839,10,0,GREEN,false,6,0,4,3,ARCHER:8;GOBLIN:1;GOLEM:1;MAGE:2,ARCHER:1;ASSASSIN:3;SPIDER:16
3407,0,0,true,,,utility,cascade,3,75,154792700961,154792751756,12,0,GREEN,false,13,0,3,3,GARGOYLE:4;GOBLIN:11;SPIDER:4,MAGE:8;SCORPION_RIDER:2;SPIDER:1
3408,0,0,true,,,cascade,utility,3,75,154792700961,154792751756,18,0,GREEN,false,9,0,3,3,GARGOYLE:4;GOBLIN:11;SPIDER:4,MAGE:8;SCORPION_RIDER:2;SPIDER:1
3409,0,0,true,,,utility,cascade,3,75,154800612042,154800569447,7,0,BLUE,false,0,3,3,2,ARCHER:3;ASSASSIN:7;SCORPION_RIDER:1,ASSASSIN:7;SCORPION_RIDER:3
3410,0,0,true,,,cascade,utility,3,75,154800612042,154800569447,10,0,BLUE,false,0,2,3,2,ARCHER:3;ASSASSIN:7;SCORPION_RIDER:1,ASSASSIN:7;SCORPION_RIDER:3
3411,0,0,true,,,utility,cascade,3,75,154800619961,154800676628,11,0,GREEN,false,2,0,2,3,GOBLIN:11;GOLEM:4,GOLEM:2;SCORPION_RIDER:6;SPIDER:2
3412,0,0,true,,,cascade,utility,3,75,154800619961,154800676628,14,0,GREEN,false,4,0,2,3,GOBLIN:11;GOLEM:4,GOLEM:2;SCORPION_RIDER:6;SPIDER:2
3413,0,0,true,,,utility,cascade,3,75,154808531042,154808510159,15,0,BLUE,false,0,4,3,3,GARGOYLE:3;MAGE:7;SPIDER:1,GARGOYLE:4;GOBLIN:1;SPIDER:14
3414,0,0,true,,,cascade,utility,3,75,154808531042,154808510159,12,0,BLUE,false,0,13,3,3,GARGOYLE:3;MAGE:7;SPIDER:1,GARGOYLE:4;GOBLIN:1;SPIDER:14
3415,0,0,true,,,utility,cascade,3,75,154808538961,154808486396,9,0,BLUE,false,0,12,3,3,ASSASSIN:3;GARGOYLE:2;SCORPION_RIDER:5,GOBLIN:8;SCORPION_RIDER:6;SPIDER:1
3416,0,0,true,,,cascade,utility,3,75,154808538961,154808486396,11,0,BLUE,false,0,10,3,3,ASSASSIN:3;GARGOYLE:2;SCORPION_RIDER:5,GOBLIN:8;SCORPION_RIDER:6;SPIDER:1
3417,0,0,true,,,utility,cascade,3,75,155544998042,155545013815,10,0,GREEN,false,12,0,3,3,GOBLIN:9;GOLEM:4;SCORPION_RIDER:1,GOBLIN:2;SPIDER:23
3418,0,0,true,,,cascade,utility,3,75,155544998042,155545013815,6,0,GREEN,false,12,0,3,3,GOBLIN:9;GOLEM:4;SCORPION_RIDER:1,GOBLIN:2;SPIDER:23
3419,0,0,true,,,utility,cascade,3,75,155545005961,155545022756,11,0,GREEN,false,7,0,3,2,GARGOYLE:6;GOLEM:3;SPIDER:1,GOBLIN:6;MAGE:8
3420,0,0,true,,,cascade,utility,3,75,155545005961,155545022756,14,0,GREEN,false,9,0,3,2,GARGOYLE:6;GOLEM:3;SPIDER:1,GOBLIN:6;MAGE:8
3421,0,0,true,,,utility,cascade,3,75,155552917042,155552970911,6,0,GREEN,false,10,0,3,3,ARCHER:7;GARGOYLE:4;GOBLIN:1,MAGE:8;SCORPION_RIDER:2;SPIDER:1
3422,0,0,true,,,cascade,utility,3,75,155552917042,155552970911,12,0,GREEN,false,10,0,3,3,ARCHER:7;GARGOYLE:4;GOBLIN:1,MAGE:8;SCORPION_RIDER:2;SPIDER:1
3423,0,0,true,,,utility,cascade,3,75,155552924961,155552947084,7,0,BLUE,false,0,10,3,3,MAGE:10;SPIDER:1,ARCHER:7;GOLEM:3;SPIDER:1
3424,0,0,true,,,cascade,utility,3,75,155552924961,155552947084,5,0,BLUE,false,0,9,3,3,MAGE:10;SPIDER:1,ARCHER:7;GOLEM:3;SPIDER:1
3425,0,0,true,,,utility,cascade,3,75,155560836042,155560781159,10,0,GREEN,false,7,0,3,3,GOLEM:3;SPIDER:15,ASSASSIN:7;GOLEM:2;SPIDER:2
3426,0,0,true,,,cascade,utility,3,75,155560836042,155560781159,14,0,GREEN,false,3,0,3,3,GOLEM:3;SPIDER:15,ASSASSIN:7;GOLEM:2;SPIDER:2
3427,0,0,true,,,utility,cascade,3,75,155560843961,155560887316,15,0,BLUE,false,0,4,2,2,ARCHER:4;MAGE:7,GOLEM:4;MAGE:5
3428,0,0,true,,,cascade,utility,3,75,155560843961,155560887316,10,0,BLUE,false,0,6,2,2,ARCHER:4;MAGE:7,GOLEM:4;MAGE:5
3429,0,0,true,,,utility,cascade,3,75,155568755042,155568705487,20,0,GREEN,false,1,0,3,4,GOBLIN:10;GOLEM:4;SPIDER:1,ARCHER:8;GOBLIN:2;GOLEM:2
3430,0,0,true,,,cascade,utility,3,75,155568755042,155568705487,19,0,BLUE,false,0,7,3,4,GOBLIN:10;GOLEM:4;SPIDER:1,ARCHER:8;GOBLIN:2;GOLEM:2
3431,0,0,true,,,utility,cascade,3,75,155568762961,155568713468,8,0,GREEN,false,7,0,4,3,GOBLIN:11;GOLEM:1;SCORPION_RIDER:4,ASSASSIN:4;SCORPION_RIDER:1;SPIDER:13
3432,0,0,true,,,cascade,utility,3,75,155568762961,155568713468,6,0,GREEN,false,9,0,4,3,GOBLIN:11;GOLEM:1;SCORPION_RIDER:4,ASSASSIN:4;SCORPION_RIDER:1;SPIDER:13
3433,0,0,true,,,utility,cascade,3,75,155576674042,155576662103,19,0,BLUE,false,0,6,3,3,ARCHER:1;ASSASSIN:7;GOLEM:2,ASSASSIN:4;GARGOYLE:6;SPIDER:1
3434,0,0,true,,,cascade,utility,3,75,155576674042,155576662103,9,0,BLUE,false,0,9,3,3,ARCHER:1;ASSASSIN:7;GOLEM:2,ASSASSIN:4;GARGOYLE:6;SPIDER:1
3435,0,0,true,,,utility,cascade,3,75,155576681961,155576638276,13,0,GREEN,false,12,0,3,3,GARGOYLE:6;GOBLIN:11,ARCHER:8;ASSASSIN:1;GOLEM:2
3436,0,0,true,,,cascade,utility,3,75,155576681961,155576638276,26,0,GREEN,false,6,0,3,3,GARGOYLE:6;GOBLIN:11,ARCHER:8;ASSASSIN:1;GOLEM:2
3437,0,0,true,,,utility,cascade,3,75,155584593042,155584602687,15,0,BLUE,false,0,3,2,3,GOLEM:4;MAGE:5,GOLEM:3;SCORPION_RIDER:5;SPIDER:1
3438,0,0,true,,,cascade,utility,3,75,155584593042,155584602687,21,0,BLUE,false,0,3,2,3,GOLEM:4;MAGE:5,GOLEM:3;SCORPION_RIDER:5;SPIDER:1
3439,0,0,true,,,utility,cascade,3,75,155584600961,155584578860,6,0,GREEN,false,3,0,3,3,ARCHER:1;ASSASSIN:4;SCORPION_RIDER:5,ASSASSIN:8;GOBLIN:6
3440,0,0,true,,,cascade,utility,3,75,155584600961,155584578860,8,0,GREEN,false,5,0,3,3,ARCHER:1;ASSASSIN:4;SCORPION_RIDER:5,ASSASSIN:8;GOBLIN:6
3441,0,0,true,,,utility,utility,3,75,155592512042,155592526983,9,0,BLUE,false,0,4,3,3,ASSASSIN:9;GOLEM:1,ARCHER:12;SPIDER:1
3442,0,0,true,,,utility,utility,3,75,155592512042,155592526983,9,0,BLUE,false,0,4,3,3,ASSASSIN:9;GOLEM:1,ARCHER:12;SPIDER:1
3443,0,0,true,,,utility,utility,3,75,155592519961,155592535988,18,0,,false,11,8,3,2,ASSASSIN:5;GOBLIN:11;MAGE:1,ARCHER:4;MAGE:7
3444,0,0,true,,,utility,utility,3,75,155592519961,155592535988,18,0,,false,11,8,3,2,ASSASSIN:5;GOBLIN:11;MAGE:1,ARCHER:4;MAGE:7
3445,0,0,true,,,utility,cascade,3,75,155600431042,155600484719,9,0,GREEN,false,3,0,3,3,ARCHER:1;GOLEM:3;SPIDER:13,GOBLIN:2;SCORPION_RIDER:6;SPIDER:7
3446,0,0,true,,,cascade,utility,3,75,155600431042,155600484719,9,0,BLUE,false,0,9,3,3,ARCHER:1;GOLEM:3;SPIDER:13,GOBLIN:2;SCORPION_RIDER:6;SPIDER:7
3447,0,0,true,,,utility,cascade,3,75,155600438961,155600459804,12,0,GREEN,false,11,0,2,3,GOBLIN:10;SPIDER:15,GOLEM:4;MAGE:1;SPIDER:9
3448,0,0,true,,,cascade,utility,3,75,155600438961,155600459804,10,0,GREEN,false,5,0,2,3,GOBLIN:10;SPIDER:15,GOLEM:4;MAGE:1;SPIDER:9
3449,0,0,true,,,utility,utility,3,75,156336898042,156336873815,21,0,BLUE,false,0,5,3,3,ARCHER:9;GARGOYLE:3,ARCHER:12;SPIDER:1
3450,0,0,true,,,utility,utility,3,75,156336898042,156336873815,21,0,BLUE,false,0,5,3,3,ARCHER:9;GARGOYLE:3,ARCHER:12;SPIDER:1
3451,0,0,true,,,utility,utility,3,75,156336905961,156336848964,10,0,GREEN,false,6,0,3,3,ASSASSIN:3;SCORPION_RIDER:6;SPIDER:2,ARCHER:7;MAGE:4;SPIDER:1
3452,0,0,true,,,utility,utility,3,75,156336905961,156336848964,10,0,GREEN,false,6,0,3,3,ASSASSIN:3;SCORPION_RIDER:6;SPIDER:2,ARCHER:7;MAGE:4;SPIDER:1
3453,0,0,true,,,utility,cascade,3,75,156344817042,156344798015,13,0,BLUE,false,0,6,3,2,MAGE:6;SPIDER:11,ARCHER:8;SPIDER:9
3454,0,0,true,,,cascade,utility,3,75,156344817042,156344798015,7,0,BLUE,false,0,14,3,2,MAGE:6;SPIDER:11,ARCHER:8;SPIDER:9
3455,0,0,true,,,utility,cascade,3,75,156344824961,156344805932,13,0,BLUE,false,0,1,3,3,MAGE:3;SCORPION_RIDER:6;SPIDER:2,GOBLIN:1;GOLEM:4;SCORPION_RIDER:4
3456,0,0,true,,,cascade,utility,3,75,156344824961,156344805932,12,0,BLUE,false,0,5,3,3,MAGE:3;SCORPION_RIDER:6;SPIDER:2,GOBLIN:1;GOLEM:4;SCORPION_RIDER:4
3457,0,0,true,,,utility,utility,3,75,156352736042,156352755079,24,0,,false,4,4,2,3,ASSASSIN:5;GOLEM:4,ARCHER:7;GOBLIN:1;GOLEM:3
3458,0,0,true,,,utility,utility,3,75,156352736042,156352755079,24,0,,false,4,4,2,3,ASSASSIN:5;GOLEM:4,ARCHER:7;GOBLIN:1;GOLEM:3
3459,0,0,true,,,utility,utility,3,75,156352743961,156352730292,11,0,BLUE,false,0,13,2,4,ASSASSIN:6;GOBLIN:11,ASSASSIN:1;GARGOYLE:5;GOBLIN:10;SPIDER:1
3460,0,0,true,,,utility,utility,3,75,156352743961,156352730292,11,0,BLUE,false,0,13,2,4,ASSASSIN:6;GOBLIN:11,ASSASSIN:1;GARGOYLE:5;GOBLIN:10;SPIDER:1
3461,0,0,true,,,utility,cascade,3,75,156360655042,156360679023,7,0,BLUE,false,0,8,3,3,ASSASSIN:7;MAGE:2;SPIDER:4,ASSASSIN:8;SCORPION_RIDER:2;SPIDER:1
3462,0,0,true,,,cascade,utility,3,75,156360655042,156360679023,12,0,GREEN,false,1,0,3,3,ASSASSIN:7;MAGE:2;SPIDER:4,ASSASSIN:8;SCORPION_RIDER:2;SPIDER:1
3463,0,0,true,,,utility,cascade,3,75,156360662961,156360671516,10,0,GREEN,false,10,0,3,3,ASSASSIN:3;SPIDER:18,ASSASSIN:3;MAGE:7;SPIDER:1
3464,0,0,true,,,cascade,utility,3,75,156360662961,156360671516,27,0,BLUE,false,0,6,3,3,ASSASSIN:3;SPIDER:18,ASSASSIN:3;MAGE:7;SPIDER:1
3465,0,0,true,,,utility,cascade,3,75,156368574042,156368619767,8,0,GREEN,false,2,0,3,2,SCORPION_RIDER:9;SPIDER:1,GOBLIN:11;SCORPION_RIDER:5
3466,0,0,true,,,cascade,utility,3,75,156368574042,156368619767,11,0,BLUE,false,0,1,3,2,SCORPION_RIDER:9;SPIDER:1,GOBLIN:11;SCORPION_RIDER:5
3467,0,0,true,,,utility,cascade,3,75,156368581961,156368628708,7,0,BLUE,false,0,22,3,3,GARGOYLE:2;GOBLIN:1;MAGE:8,GOBLIN:11;SPIDER:14
3468,0,0,true,,,cascade,utility,3,75,156368581961,156368628708,7,0,BLUE,false,0,19,3,3,GARGOYLE:2;GOBLIN:1;MAGE:8,GOBLIN:11;SPIDER:14
3469,0,0,true,,,utility,cascade,3,75,156376493042,156376446303,8,0,GREEN,false,7,0,3,3,ARCHER:7;GARGOYLE:4;SPIDER:1,ASSASSIN:7;MAGE:3;SPIDER:1
3470,0,0,true,,,cascade,utility,3,75,156376493042,156376446303,8,0,GREEN,false,10,0,3,3,ARCHER:7;GARGOYLE:4;SPIDER:1,ASSASSIN:7;MAGE:3;SPIDER:1
3471,0,0,true,,,utility,cascade,3,75,156376500961,156376552524,12,0,GREEN,false,10,0,3,3,ARCHER:8;SCORPION_RIDER:3;SPIDER:1,GARGOYLE:5;MAGE:5;SPIDER:1
3472,0,0,true,,,cascade,utility,3,75,156376500961,156376552524,11,0,BLUE,false,0,7,3,3,ARCHER:8;SCORPION_RIDER:3;SPIDER:1,GARGOYLE:5;MAGE:5;SPIDER:1
3473,0,0,true,,,utility,cascade,3,75,156384412042,156384370471,11,0,BLUE,false,0,10,3,3,ASSASSIN:4;SPIDER:15,GARGOYLE:10;SPIDER:1
3474,0,0,true,,,cascade,utility,3,75,156384412042,156384370471,9,0,BLUE,false,0,10,3,3,ASSASSIN:4;SPIDER:15,GARGOYLE:10;SPIDER:1
3475,0,0,true,,,utility,cascade,3,75,156384419961,156384378580,13,0,BLUE,false,0,3,3,3,ARCHER:4;GOBLIN:1;SPIDER:16,ARCHER:5;GOLEM:4;SPIDER:1
3476,0,0,true,,,cascade,utility,3,75,156384419961,156384378580,11,0,BLUE,false,0,4,3,3,ARCHER:4;GOBLIN:1;SPIDER:16,ARCHER:5;GOLEM:4;SPIDER:1
3477,0,0,true,,,utility,cascade,3,75,156392331042,156392311183,7,0,BLUE,false,0,13,3,3,ASSASSIN:3;MAGE:7;SPIDER:1,ASSASSIN:1;GOBLIN:9;GOLEM:4
3478,0,0,true,,,cascade,utility,3,75,156392331042,156392311183,7,0,BLUE,false,0,10,3,3,ASSASSIN:3;MAGE:7;SPIDER:1,ASSASSIN:1;GOBLIN:9;GOLEM:4
3479,0,0,true,,,utility,cascade,3,75,156392338961,156392319164,8,0,GREEN,false,6,0,3,3,GOBLIN:1;GOLEM:4;SCORPION_RIDER:4,ASSASSIN:3;GOBLIN:1;MAGE:7
3480,0,0,true,,,cascade,utility,3,75,156392338961,156392319164,14,0,GREEN,false,8,0,3,3,GOBLIN:1;GOLEM:4;SCORPION_RIDER:4,ASSASSIN:3;GOBLIN:1;MAGE:7
3481,0,0,true,,,utility,utility,3,75,157128798042,157128847863,6,0,GREEN,false,8,0,3,3,SCORPION_RIDER:8;SPIDER:3,ARCHER:1;ASSASSIN:4;GOLEM:4
3482,0,0,true,,,utility,utility,3,75,157128798042,157128847863,6,0,GREEN,false,8,0,3,3,SCORPION_RIDER:8;SPIDER:3,ARCHER:1;ASSASSIN:4;GOLEM:4
3483,0,0,true,,,utility,utility,3,75,157128805961,157128823012,13,0,BLUE,false,0,3,3,3,GOBLIN:1;MAGE:4;SPIDER:14,ASSASSIN:1;GOLEM:4;MAGE:4
3484,0,0,true,,,utility,utility,3,75,157128805961,157128823012,13,0,BLUE,false,0,3,3,3,GOBLIN:1;MAGE:4;SPIDER:14,ASSASSIN:1;GOLEM:4;MAGE:4
3485,0,0,true,,,utility,utility,3,75,157136717042,157136771679,15,0,,false,15,17,3,3,ASSASSIN:3;GARGOYLE:2;SPIDER:13,GOBLIN:1;GOLEM:3;SPIDER:14
3486,0,0,true,,,utility,utility,3,75,157136717042,157136771679,15,0,,false,15,17,3,3,ASSASSIN:3;GARGOYLE:2;SPIDER:13,GOBLIN:1;GOLEM:3;SPIDER:14
3487,0,0,true,,,utility,utility,3,75,157136724961,157136780620,12,0,,false,9,9,2,2,GARGOYLE:5;GOLEM:4,GARGOYLE:5;GOLEM:4
3488,0,0,true,,,utility,utility,3,75,157136724961,157136780620,12,0,,false,9,9,2,2,GARGOYLE:5;GOLEM:4,GARGOYLE:5;GOLEM:4
3489,0,0,true,,,utility,cascade,3,75,157144636042,157144581159,13,0,BLUE,false,0,11,3,3,GOBLIN:1;MAGE:8;SCORPION_RIDER:2,ASSASSIN:1;GOBLIN:12;GOLEM:3
3490,0,0,true,,,cascade,utility,3,75,157144636042,157144581159,19,0,BLUE,false,0,9,3,3,GOBLIN:1;MAGE:8;SCORPION_RIDER:2,ASSASSIN:1;GOBLIN:12;GOLEM:3
3491,0,0,true,,,utility,cascade,3,75,157144643961,157144590292,11,0,BLUE,false,0,7,3,3,ASSASSIN:8;SCORPION_RIDER:2;SPIDER:1,GOBLIN:2;SPIDER:23
3492,0,0,true,,,cascade,utility,3,75,157144643961,157144590292,10,0,GREEN,false,6,0,3,3,ASSASSIN:8;SCORPION_RIDER:2;SPIDER:1,GOBLIN:2;SPIDER:23
3493,0,0,true,,,utility,cascade,3,75,157152555042,157152538255,14,0,GREEN,false,6,0,3,2,GOLEM:7;SPIDER:1,GOLEM:4;SPIDER:11
3494,0,0,true,,,cascade,utility,3,75,157152555042,157152538255,14,0,GREEN,false,2,0,3,2,GOLEM:7;SPIDER:1,GOLEM:4;SPIDER:11
3495,0,0,true,,,utility,cascade,3,75,157152562961,157152514492,11,0,GREEN,false,6,0,3,3,ASSASSIN:4;GARGOYLE:6;GOBLIN:1,ASSASSIN:8;GOBLIN:1;MAGE:2
3496,0,0,true,,,cascade,utility,3,75,157152562961,157152514492,8,0,GREEN,false,6,0,3,3,ASSASSIN:4;GARGOYLE:6;GOBLIN:1,ASSASSIN:8;GOBLIN:1;MAGE:2
3497,0,0,true,,,utility,cascade,3,75,157160474042,157160463127,13,0,BLUE,false,0,4,3,2,ASSASSIN:7;GOLEM:2;SPIDER:2,GOLEM:4;SPIDER:11
3498,0,0,true,,,cascade,utility,3,75,157160474042,157160463127,11,0,BLUE,false,0,3,3,2,ASSASSIN:7;GOLEM:2;SPIDER:2,GOLEM:4;SPIDER:11
3499,0,0,true,,,utility,cascade,3,75,157160481961,157160471044,11,0,GREEN,false,6,0,3,2,GARGOYLE:6;GOBLIN:1;MAGE:4,ARCHER:4;ASSASSIN:7
3500,0,0,true,,,cascade,utility,3,75,157160481961,157160471044,12,0,GREEN,false,5,0,3,2,GARGOYLE:6;GOBLIN:1;MAGE:4,ARCHER:4;ASSASSIN:7
3501,0,0,true,,,utility,cascade,3,75,157168393042,157168403967,15,0,BLUE,false,0,6,2,3,GARGOYLE:6;GOBLIN:11,ARCHER:7;GOBLIN:10;SPIDER:1
3502,0,0,true,,,cascade,utility,3,75,157168393042,157168403967,12,0,GREEN,false,6,0,2,3,GARGOYLE:6;GOBLIN:11,ARCHER:7;GOBLIN:10;SPIDER:1
3503,0,0,true,,,utility,cascade,3,75,157168400961,157168411884,19,0,BLUE,false,0,4,3,2,ASSASSIN:8;GARGOYLE:2;GOBLIN:1,ARCHER:3;MAGE:8
3504,0,0,true,,,cascade,utility,3,75,157168400961,157168411884,8,0,GREEN,false,9,0,3,2,ASSASSIN:8;GARGOYLE:2;GOBLIN:1,ARCHER:3;MAGE:8
3505,0,0,true,,,utility,utility,3,75,157176312042,157176360519,13,0,BLUE,false,0,6,3,3,GOBLIN:2;GOLEM:2;MAGE:7,ARCHER:5;GARGOYLE:6;SPIDER:1
3506,0,0,true,,,utility,utility,3,75,157176312042,157176360519,13,0,BLUE,false,0,6,3,3,GOBLIN:2;GOLEM:2;MAGE:7,ARCHER:5;GARGOYLE:6;SPIDER:1
3507,0,0,true,,,utility,utility,3,75,157176319961,157176336756,12,0,GREEN,false,9,0,3,3,ARCHER:8;GOBLIN:2;GOLEM:2,ASSASSIN:5;MAGE:5;SPIDER:1
3508,0,0,true,,,utility,utility,3,75,157176319961,157176336756,12,0,GREEN,false,9,0,3,3,ARCHER:8;GOBLIN:2;GOLEM:2,ASSASSIN:5;MAGE:5;SPIDER:1
3509,0,0,true,,,utility,cascade,3,75,157184231042,157184284719,6,0,GREEN,false,5,0,3,3,ASSASSIN:8;SPIDER:6,ASSASSIN:7;GOLEM:2;SPIDER:2
3510,0,0,true,,,cascade,utility,3,75,157184231042,157184284719,10,0,GREEN,false,2,0,3,3,ASSASSIN:8;SPIDER:6,ASSASSIN:7;GOLEM:2;SPIDER:2
3511,0,0,true,,,utility,cascade,3,75,157184238961,157184293852,11,0,BLUE,false,0,8,3,3,GOBLIN:1;MAGE:10,GOBLIN:1;GOLEM:4;SCORPION_RIDER:4
3512,0,0,true,,,cascade,utility,3,75,157184238961,157184293852,11,0,BLUE,false,0,8,3,3,GOBLIN:1;MAGE:10,GOBLIN:1;GOLEM:4;SCORPION_RIDER:4
3513,0,0,true,,,utility,cascade,3,75,157920698042,157920673815,15,0,BLUE,false,0,2,2,3,ARCHER:4;ASSASSIN:7,ARCHER:1;GOLEM:2;MAGE:7
3514,0,0,true,,,cascade,utility,3,75,157920698042,157920673815,8,0,GREEN,false,7,0,2,3,ARCHER:4;ASSASSIN:7,ARCHER:1;GOLEM:2;MAGE:7
3515,0,0,true,,,utility,cascade,3,75,157920705961,157920682756,8,0,GREEN,false,8,0,3,2,GARGOYLE:3;GOBLIN:2;SCORPION_RIDER:6,GOBLIN:12;SPIDER:13
3516,0,0,true,,,cascade,utility,3,75,157920705961,157920682756,12,0,GREEN,false,4,0,3,2,GARGOYLE:3;GOBLIN:2;SCORPION_RIDER:6,GOBLIN:12;SPIDER:13
3517,0,0,true,,,utility,utility,3,75,157928617042,157928631039,17,0,BLUE,false,0,3,4,2,ASSASSIN:1;SCORPION_RIDER:8;SPIDER:1,GOLEM:3;SPIDER:15
3518,0,0,true,,,utility,utility,3,75,157928617042,157928631039,9,0,BLUE,false,0,9,4,2,ASSASSIN:1;SCORPION_RIDER:8;SPIDER:1,GOLEM:3;SPIDER:15
3519,0,0,true,,,utility,utility,3,75,157928624961,157928607212,22,0,,false,11,6,2,3,GOBLIN:11;SCORPION_RIDER:5,ASSASSIN:4;GARGOYLE:6;GOBLIN:1
3520,0,0,true,,,utility,utility,3,75,157928624961,157928607212,22,0,,false,11,6,2,3,GOBLIN:11;SCORPION_RIDER:5,ASSASSIN:4;GARGOYLE:6;GOBLIN:1
3521,0,0,true,,,utility,cascade,3,75,157936536042,157936555847,18,0,GREEN,false,12,0,3,3,GOBLIN:12;GOLEM:3;SPIDER:3,MAGE:10;SPIDER:1
3522,0,0,true,,,cascade,utility,3,75,157936536042,157936555847,8,0,GREEN,false,15,0,3,3,GOBLIN:12;GOLEM:3;SPIDER:3,MAGE:10;SPIDER:1
3523,0,0,true,,,utility,cascade,3,75,157936543961,157936563828,9,0,BLUE,false,0,20,2,3,MAGE:8;SPIDER:6,GOBLIN:25
3524,0,0,true,,,cascade,utility,3,75,157936543961,157936563828,9,0,BLUE,false,0,23,2,3,MAGE:8;SPIDER:6,GOBLIN:25
3525,0,0,true,,,utility,cascade,3,75,157944455042,157944496431,3,0,BLUE,false,0,9,2,3,ARCHER:4;MAGE:7,SCORPION_RIDER:9;SPIDER:1
3526,0,0,true,,,cascade,utility,3,75,157944455042,157944496431,3,0,BLUE,false,0,10,2,3,ARCHER:4;MAGE:7,SCORPION_RIDER:9;SPIDER:1
3527,0,0,true,,,utility,cascade,3,75,157944462961,157944504540,12,0,GREEN,false,4,0,3,2,GOLEM:3;SCORPION_RIDER:5;SPIDER:1,MAGE:8;SPIDER:6
3528,0,0,true,,,cascade,utility,3,75,157944462961,157944504540,8,0,GREEN,false,8,0,3,2,GOLEM:3;SCORPION_RIDER:5;SPIDER:1,MAGE:8;SPIDER:6
3529,0,0,true,,,utility,cascade,3,75,157952374042,157952322487,6,0,GREEN,false,17,0,3,4,ARCHER:6;GOBLIN:12;SPIDER:1,ARCHER:4;GARGOYLE:1;MAGE:5;SPIDER:3
3530,0,0,true,,,cascade,utility,3,75,157952374042,157952322487,6,0,GREEN,false,16,0,3,4,ARCHER:6;GOBLIN:12;SPIDER:1,ARCHER:4;GARGOYLE:1;MAGE:5;SPIDER:3
3531,0,0,true,,,utility,cascade,3,75,157952381961,157952428708,37,0,BLUE,false,0,3,3,2,GOLEM:2;MAGE:1;SPIDER:16,ARCHER:3;ASSASSIN:8
3532,0,0,true,,,cascade,utility,3,75,157952381961,157952428708,5,0,BLUE,false,0,8,3,2,GOLEM:2;MAGE:1;SPIDER:16,ARCHER:3;ASSASSIN:8
3533,0,0,true,,,utility,cascade,3,75,157960293042,157960246303,9,0,BLUE,false,0,5,4,3,GARGOYLE:1;GOBLIN:10;MAGE:5;SPIDER:1,ASSASSIN:5;SCORPION_RIDER:5
3534,0,0,true,,,cascade,utility,3,75,157960293042,157960246303,13,0,BLUE,false,0,5,4,3,GARGOYLE:1;GOBLIN:10;MAGE:5;SPIDER:1,ASSASSIN:5;SCORPION_RIDER:5
3535,0,0,true,,,utility,cascade,3,75,157960300961,157960255244,4,0,GREEN,false,22,0,3,2,GOBLIN:13;SPIDER:12,MAGE:7;SPIDER:8
3536,0,0,true,,,cascade,utility,3,75,157960300961,157960255244,4,0,GREEN,false,23,0,3,2,GOBLIN:13;SPIDER:12,MAGE:7;SPIDER:8
3537,0,0,true,,,utility,cascade,3,75,157968212042,157968203495,4,0,GREEN,false,17,0,2,2,ARCHER:8;GOBLIN:9,MAGE:7;SPIDER:8
3538,0,0,true,,,cascade,utility,3,75,157968212042,157968203495,6,0,GREEN,false,17,0,2,2,ARCHER:8;GOBLIN:9,MAGE:7;SPIDER:8
3539,0,0,true,,,utility,cascade,3,75,157968219961,157968195988,7,0,BLUE,false,0,8,3,3,ASSASSIN:7;GOBLIN:2;GOLEM:2,ARCHER:1;GARGOYLE:3;SCORPION_RIDER:6
3540,0,0,true,,,cascade,utility,3,75,157968219961,157968195988,5,0,BLUE,false,0,10,3,3,ASSASSIN:7;GOBLIN:2;GOLEM:2,ARCHER:1;GARGOYLE:3;SCORPION_RIDER:6
3541,0,0,true,,,utility,cascade,3,75,157976131042,157976144719,10,0,GREEN,false,15,0,3,4,ARCHER:1;GARGOYLE:5;SPIDER:11,ASSASSIN:4;GARGOYLE:5;MAGE:1;SPIDER:1
3542,0,0,true,,,cascade,utility,3,75,157976131042,157976144719,16,0,GREEN,false,5,0,3,4,ARCHER:1;GARGOYLE:5;SPIDER:11,ASSASSIN:4;GARGOYLE:5;MAGE:1;SPIDER:1
3543,0,0,true,,,utility,cascade,3,75,157976138961,157976119932,6,0,GREEN,false,7,0,3,3,ARCHER:8;GOBLIN:1;SCORPION_RIDER:3,ASSASSIN:7;GOLEM:2;SPIDER:2
3544,0,0,true,,,cascade,utility,3,75,157976138961,157976119932,6,0,GREEN,false,11,0,3,3,ARCHER:8;GOBLIN:1;SCORPION_RIDER:3,ASSASSIN:7;GOLEM:2;SPIDER:2
3545,0,0,true,,,utility,cascade,3,75,77146898042,77146939607,8,0,GREEN,false,12,0,3,2,GOBLIN:11;SPIDER:14,ASSASSIN:8;SPIDER:6
3546,0,0,true,,,cascade,utility,3,75,77146898042,77146939607,4,0,GREEN,false,22,0,3,2,GOBLIN:11;SPIDER:14,ASSASSIN:8;SPIDER:6
3547,0,0,true,,,utility,cascade,3,75,77146905961,77146915780,15,0,BLUE,false,0,5,3,3,GARGOYLE:2;GOBLIN:1;MAGE:8,GARGOYLE:2;MAGE:8;SPIDER:1
3548,0,0,true,,,cascade,utility,3,75,77146905961,77146915780,15,0,BLUE,false,0,3,3,3,GARGOYLE:2;GOBLIN:1;MAGE:8,GARGOYLE:2;MAGE:8;SPIDER:1
3549,0,0,true,,,utility,utility,3,75,77416144042,77416120839,20,0,GREEN,false,2,0,2,3,GARGOYLE:6;SPIDER:11,MAGE:8;SPIDER:6
3550,0,0,true,,,utility,utility,3,75,77416144042,77416120839,20,0,GREEN,false,2,0,2,3,GARGOYLE:6;SPIDER:11,MAGE:8;SPIDER:6
3551,0,0,true,,,utility,utility,3,75,77416151961,77416129844,12,0,GREEN,false,6,0,3,2,ARCHER:7;SPIDER:11,ARCHER:7;SCORPION_RIDER:4
3552,0,0,true,,,utility,utility,3,75,77416151961,77416129844,12,0,GREEN,false,6,0,3,2,ARCHER:7;SPIDER:11,ARCHER:7;SCORPION_RIDER:4
3553,0,0,true,,,utility,utility,3,75,77550767042,77550720367,18,0,GREEN,false,8,0,3,3,ARCHER:8;ASSASSIN:1;GOLEM:2,ARCHER:1;SPIDER:23
3554,0,0,true,,,utility,utility,3,75,77550767042,77550720367,16,0,GREEN,false,8,0,3,3,ARCHER:8;ASSASSIN:1;GOLEM:2,ARCHER:1;SPIDER:23
3555,0,0,true,,,utility,utility,3,75,77550774961,77550728220,20,0,,false,5,3,3,2,ASSASSIN:3;GARGOYLE:1;SPIDER:15,ARCHER:3;ASSASSIN:8
3556,0,0,true,,,utility,utility,3,75,77550774961,77550728220,22,0,,false,2,3,3,2,ASSASSIN:3;GARGOYLE:1;SPIDER:15,ARCHER:3;ASSASSIN:8
3557,0,0,true,,,utility,cascade,3,75,158712598042,158712647863,17,0,GREEN,false,3,0,3,2,ARCHER:7;GARGOYLE:4;GOBLIN:1,GOBLIN:6;MAGE:8
3558,0,0,true,,,cascade,utility,3,75,158712598042,158712647863,12,0,GREEN,false,4,0,3,2,ARCHER:7;GARGOYLE:4;GOBLIN:1,GOBLIN:6;MAGE:8
3559,0,0,true,,,utility,cascade,3,75,158712605961,158712656804,9,0,BLUE,false,0,14,4,3,ASSASSIN:3;SCORPION_RIDER:6;SPIDER:2,ARCHER:4;SCORPION_RIDER:1;SPIDER:14
3560,0,0,true,,,cascade,utility,3,75,158712605961,158712656804,10,0,GREEN,false,6,0,4,3,ASSASSIN:3;SCORPION_RIDER:6;SPIDER:2,ARCHER:4;SCORPION_RIDER:1;SPIDER:14
3561,0,0,true,,,utility,cascade,3,75,158720517042,158720474399,3,0,GREEN,false,9,0,3,3,GOBLIN:3;SCORPION_RIDER:8,ASSASSIN:6;GOBLIN:10;SPIDER:1
3562,0,0,true,,,cascade,utility,3,75,158720517042,158720474399,8,0,GREEN,false,6,0,3,3,GOBLIN:3;SCORPION_RIDER:8,ASSASSIN:6;GOBLIN:10;SPIDER:1
3563,0,0,true,,,utility,cascade,3,75,158720524961,158720580620,11,0,BLUE,false,0,7,3,3,ARCHER:8;GOBLIN:9,ARCHER:1;GARGOYLE:3;SCORPION_RIDER:6
3564,0,0,true,,,cascade,utility,3,75,158720524961,158720580620,8,0,BLUE,false,0,9,3,3,ARCHER:8;GOBLIN:9,ARCHER:1;GARGOYLE:3;SCORPION_RIDER:6
3565,0,0,true,,,utility,utility,3,75,158728436042,158728415207,10,0,GREEN,false,6,0,2,2,GARGOYLE:6;SPIDER:11,ASSASSIN:7;SCORPION_RIDER:3
3566,0,0,true,,,utility,utility,3,75,158728436042,158728415207,10,0,GREEN,false,6,0,2,2,GARGOYLE:6;SPIDER:11,ASSASSIN:7;SCORPION_RIDER:3
3567,0,0,true,,,utility,utility,3,75,158728443961,158728390292,10,0,GREEN,false,2,0,3,2,ARCHER:8;ASSASSIN:3;SPIDER:2,ASSASSIN:7;GOBLIN:8
3568,0,0,true,,,utility,utility,3,75,158728443961,158728390292,10,0,GREEN,false,2,0,3,2,ARCHER:8;ASSASSIN:3;SPIDER:2,ASSASSIN:7;GOBLIN:8
3569,0,0,true,,,utility,cascade,3,75,158736355042,158736339023,26,0,GREEN,false,6,0,3,2,MAGE:8;SPIDER:6,GARGOYLE:4;SPIDER:15
3570,0,0,true,,,cascade,utility,3,75,158736355042,158736339023,15,0,BLUE,false,0,3,3,2,MAGE:8;SPIDER:6,GARGOYLE:4;SPIDER:15
3571,0,0,true,,,utility,cascade,3,75,158736362961,158736348028,14,0,GREEN,false,3,0,3,3,GOBLIN:9;MAGE:1;SCORPION_RIDER:5,SCORPION_RIDER:4;SPIDER:14
3572,0,0,true,,,cascade,utility,3,75,158736362961,158736348028,18,0,GREEN,false,4,0,3,3,GOBLIN:9;MAGE:1;SCORPION_RIDER:5,SCORPION_RIDER:4;SPIDER:14
3573,0,0,true,,,utility,cascade,3,75,158744274042,158744296151,12,0,GREEN,false,8,0,3,3,GOLEM:7;SPIDER:1,ASSASSIN:4;GARGOYLE:6;SPIDER:1
3574,0,0,true,,,cascade,utility,3,75,158744274042,158744296151,22,0,GREEN,false,4,0,3,3,GOLEM:7;SPIDER:1,ASSASSIN:4;GARGOYLE:6;SPIDER:1
3575,0,0,true,,,utility,cascade,3,75,158744281961,158744272324,6,0,GREEN,false,7,0,2,2,ASSASSIN:7;SCORPION_RIDER:3,MAGE:7;SPIDER:8
3576,0,0,true,,,cascade,utility,3,75,158744281961,158744272324,10,0,GREEN,false,6,0,2,2,ASSASSIN:7;SCORPION_RIDER:3,MAGE:7;SPIDER:8
3577,0,0,true,,,utility,cascade,3,75,158752193042,158752236735,16,0,GREEN,false,11,0,3,4,GOBLIN:25,GOBLIN:2;GOLEM:4;SPIDER:9
3578,0,0,true,,,cascade,utility,3,75,158752193042,158752236735,12,0,GREEN,false,23,0,3,4,GOBLIN:25,GOBLIN:2;GOLEM:4;SPIDER:9
3579,0,0,true,,,utility,cascade,3,75,158752200961,158752212908,7,0,BLUE,false,0,9,3,4,ARCHER:11;ASSASSIN:1,GOLEM:1;SCORPION_RIDER:6;SPIDER:5
3580,0,0,true,,,cascade,utility,3,75,158752200961,158752212908,7,0,BLUE,false,0,8,3,4,ARCHER:11;ASSASSIN:1,GOLEM:1;SCORPION_RIDER:6;SPIDER:5
3581,0,0,true,,,utility,utility,3,75,158760112042,158760161543,23,0,,false,10,6,3,2,GARGOYLE:6;GOLEM:3;SPIDER:1,GARGOYLE:6;SPIDER:11
3582,0,0,true,,,utility,utility,3,75,158760112042,158760161543,23,0,,false,10,6,3,2,GARGOYLE:6;GOLEM:3;SPIDER:1,GARGOYLE:6;SPIDER:11
3583,0,0,true,,,utility,utility,3,75,158760119961,158760169524,20,0,GREEN,false,8,0,3,2,ARCHER:8;GOBLIN:2;SPIDER:7,GARGOYLE:5;SPIDER:13
3584,0,0,true,,,utility,utility,3,75,158760119961,158760169524,20,0,GREEN,false,8,0,3,2,ARCHER:8;GOBLIN:2;SPIDER:7,GARGOYLE:5;SPIDER:13
3585,0,0,true,,,utility,cascade,3,75,158768031042,158767987695,15,0,BLUE,false,0,8,3,3,ARCHER:1;GOBLIN:10;SPIDER:13,ARCHER:8;SCORPION_RIDER:3;SPIDER:1
3586,0,0,true,,,cascade,utility,3,75,158768031042,158767987695,9,0,BLUE,false,0,7,3,3,ARCHER:1;GOBLIN:10;SPIDER:13,ARCHER:8;SCORPION_RIDER:3;SPIDER:1
3587,0,0,true,,,utility,cascade,3,75,158768038961,158768093852,15,0,BLUE,false,0,4,3,2,ARCHER:1;GARGOYLE:3;SPIDER:16,GARGOYLE:5;SCORPION_RIDER:5
3588,0,0,true,,,cascade,utility,3,75,158768038961,158768093852,18,0,GREEN,false,7,0,3,2,ARCHER:1;GARGOYLE:3;SPIDER:16,GARGOYLE:5;SCORPION_RIDER:5
3589,0,0,true,,,utility,cascade,3,75,159504498042,159504507863,7,0,GREEN,false,6,0,3,3,GOBLIN:7;SCORPION_RIDER:6;SPIDER:2,ASSASSIN:1;GOLEM:2;SCORPION_RIDER:6
3590,0,0,true,,,cascade,utility,3,75,159504498042,159504507863,10,0,GREEN,false,3,0,3,3,GOBLIN:7;SCORPION_RIDER:6;SPIDER:2,ASSASSIN:1;GOLEM:2;SCORPION_RIDER:6
3591,0,0,true,,,utility,cascade,3,75,159504505961,159504483012,17,0,BLUE,false,0,6,2,3,GARGOYLE:5;GOLEM:4,ARCHER:9;GOLEM:2
3592,0,0,true,,,cascade,utility,3,75,159504505961,159504483012,18,0,GREEN,false,5,0,2,3,GARGOYLE:5;GOLEM:4,ARCHER:9;GOLEM:2
3593,0,0,true,,,utility,cascade,3,75,159512417042,159512432063,5,0,BLUE,false,0,5,2,2,ASSASSIN:5;SPIDER:13,ARCHER:3;ASSASSIN:8
3594,0,0,true,,,cascade,utility,3,75,159512417042,159512432063,6,0,GREEN,false,11,0,2,2,ASSASSIN:5;SPIDER:13,ARCHER:3;ASSASSIN:8
3595,0,0,true,,,utility,cascade,3,75,159512424961,159512439980,9,0,GREEN,false,7,0,2,2,GARGOYLE:5;GOLEM:4,GOBLIN:11;GOLEM:4
3596,0,0,true,,,cascade,utility,3,75,159512424961,159512439980,20,0,GREEN,false,5,0,2,2,GARGOYLE:5;GOLEM:4,GOBLIN:11;GOLEM:4
3597,0,0,true,,,utility,cascade,3,75,159520336042,159520388615,19,0,BLUE,false,0,4,2,3,GOLEM:4;SPIDER:11,GOBLIN:1;GOLEM:7
3598,0,0,true,,,cascade,utility,3,75,159520336042,159520388615,20,0,GREEN,false,2,0,2,3,GOLEM:4;SPIDER:11,GOBLIN:1;GOLEM:7
3599,0,0,true,,,utility,cascade,3,75,159520343961,159520364852,15,0,GREEN,false,6,0,2,3,ARCHER:3;MAGE:8,ARCHER:1;ASSASSIN:7;GOLEM:2
3600,0,0,true,,,cascade,utility,3,75,159520343961,159520364852,23,0,,false,6,2,2,3,ARCHER:3;MAGE:8,ARCHER:1;ASSASSIN:7;GOLEM:2
3601,0,0,true,,,utility,cascade,3,75,159528255042,159528198383,7,0,BLUE,false,0,18,3,3,ARCHER:8;GOBLIN:1;SPIDER:8,GARGOYLE:1;GOBLIN:11;SPIDER:11
3602,0,0,true,,,cascade,utility,3,75,159528255042,159528198383,9,0,BLUE,false,0,11,3,3,ARCHER:8;GOBLIN:1;SPIDER:8,GARGOYLE:1;GOBLIN:11;SPIDER:11
3603,0,0,true,,,utility,cascade,3,75,159528262961,159528305564,9,0,BLUE,false,0,9,4,3,ARCHER:1;GARGOYLE:1;MAGE:8;SPIDER:2,GARGOYLE:5;SCORPION_RIDER:5
3604,0,0,true,,,cascade,utility,3,75,159528262961,159528305564,10,0,BLUE,false,0,9,4,3,ARCHER:1;GARGOYLE:1;MAGE:8;SPIDER:2,GARGOYLE:5;SCORPION_RIDER:5
3605,0,0,true,,,utility,cascade,3,75,159536174042,159536123255,11,0,BLUE,false,0,3,2,2,ARCHER:7;SCORPION_RIDER:4,GOBLIN:11;SCORPION_RIDER:5
3606,0,0,true,,,cascade,utility,3,75,159536174042,159536123255,9,0,BLUE,false,0,10,2,2,ARCHER:7;SCORPION_RIDER:4,GOBLIN:11;SCORPION_RIDER:5
3607,0,0,true,,,utility,cascade,3,75,159536181961,159536131172,6,0,GREEN,false,8,0,3,2,ASSASSIN:3;SCORPION_RIDER:6;SPIDER:2,ARCHER:4;MAGE:7
3608,0,0,true,,,cascade,utility,3,75,159536181961,159536131172,6,0,GREEN,false,9,0,3,2,ASSASSIN:3;SCORPION_RIDER:6;SPIDER:2,ARCHER:4;MAGE:7
3609,0,0,true,,,utility,cascade,3,75,159544093042,159544080351,5,0,GREEN,false,9,0,3,3,GARGOYLE:6;GOBLIN:1;GOLEM:3,ASSASSIN:10;SPIDER:1
3610,0,0,true,,,cascade,utility,3,75,159544093042,159544080351,10,0,GREEN,false,6,0,3,3,GARGOYLE:6;GOBLIN:1;GOLEM:3,ASSASSIN:10;SPIDER:1
3611,0,0,true,,,utility,cascade,3,75,159544100961,159544055500,7,0,GREEN,false,19,0,2,3,GOBLIN:9;SPIDER:16,MAGE:8;SCORPION_RIDER:2;SPIDER:1
3612,0,0,true,,,cascade,utility,3,75,159544100961,159544055500,26,0,GREEN,false,8,0,2,3,GOBLIN:9;SPIDER:16,MAGE:8;SCORPION_RIDER:2;SPIDER:1
3613,0,0,true,,,utility,cascade,3,75,159552012042,159552020903,7,0,GREEN,false,10,0,2,3,ARCHER:7;SCORPION_RIDER:4,GOBLIN:10;SPIDER:15
3614,0,0,true,,,cascade,utility,3,75,159552012042,159552020903,12,0,GREEN,false,7,0,2,3,ARCHER:7;SCORPION_RIDER:4,GOBLIN:10;SPIDER:15
3615,0,0,true,,,utility,cascade,3,75,159552019961,159551996756,9,0,BLUE,false,0,9,2,3,ARCHER:3;ASSASSIN:8,GOBLIN:2;MAGE:3;SCORPION_RIDER:6
3616,0,0,true,,,cascade,utility,3,75,159552019961,159551996756,4,0,BLUE,false,0,9,2,3,ARCHER:3;ASSASSIN:8,GOBLIN:2;MAGE:3;SCORPION_RIDER:6
3617,0,0,true,,,utility,cascade,3,75,159559931042,159559944719,9,0,BLUE,false,0,12,3,2,ASSASSIN:3;MAGE:7;SPIDER:1,SPIDER:25
3618,0,0,true,,,cascade,utility,3,75,159559931042,159559944719,8,0,BLUE,false,0,8,3,2,ASSASSIN:3;MAGE:7;SPIDER:1,SPIDER:25
3619,0,0,true,,,utility,cascade,3,75,159559938961,159559953724,19,0,BLUE,false,0,6,3,3,GOBLIN:1;MAGE:10,GOBLIN:5;MAGE:8;SPIDER:1
3620,0,0,true,,,cascade,utility,3,75,159559938961,159559953724,9,0,BLUE,false,0,6,3,3,GOBLIN:1;MAGE:10,GOBLIN:5;MAGE:8;SPIDER:1
3621,0,0,true,,,utility,cascade,3,75,160296398042,160296350327,17,0,BLUE,false,0,3,2,3,GOLEM:3;SPIDER:15,GOBLIN:1;GOLEM:4;SCORPION_RIDER:4
3622,0,0,true,,,cascade,utility,3,75,160296398042,160296350327,13,0,BLUE,false,0,4,2,3,GOLEM:3;SPIDER:15,GOBLIN:1;GOLEM:4;SCORPION_RIDER:4
3623,0,0,true,,,utility,cascade,3,75,160296405961,160296457572,11,0,GREEN,false,5,0,3,4,ASSASSIN:4;GARGOYLE:6;GOBLIN:1,ARCHER:4;GARGOYLE:1;SCORPION_RIDER:5;SPIDER:1
3624,0,0,true,,,cascade,utility,3,75,160296405961,160296457572,42,0,GREEN,false,3,0,3,4,ASSASSIN:4;GARGOYLE:6;GOBLIN:1,ARCHER:4;GARGOYLE:1;SCORPION_RIDER:5;SPIDER:1
3625,0,0,true,,,utility,cascade,3,75,160304317042,160304274655,7,0,BLUE,false,0,8,3,3,ARCHER:12;SPIDER:1,GOBLIN:11;SCORPION_RIDER:5
3626,0,0,true,,,cascade,utility,3,75,160304317042,160304274655,7,0,BLUE,false,0,13,3,3,ARCHER:12;SPIDER:1,GOBLIN:11;SCORPION_RIDER:5
3627,0,0,true,,,utility,cascade,3,75,160304324961,160304283596,13,0,BLUE,false,0,4,3,3,GOBLIN:11;GOLEM:4,ARCHER:6;ASSASSIN:1;GOBLIN:10
3628,0,0,true,,,cascade,utility,3,75,160304324961,160304283596,9,0,BLUE,false,0,9,3,3,GOBLIN:11;GOLEM:4,ARCHER:6;ASSASSIN:1;GOBLIN:10
3629,0,0,true,,,utility,cascade,3,75,160312236042,160312215207,7,0,BLUE,false,0,7,3,3,ASSASSIN:3;GOBLIN:1;MAGE:7,ARCHER:5;GARGOYLE:6;GOBLIN:1
3630,0,0,true,,,cascade,utility,3,75,160312236042,160312215207,9,0,BLUE,false,0,7,3,3,ASSASSIN:3;GOBLIN:1;MAGE:7,ARCHER:5;GARGOYLE:6;GOBLIN:1
3631,0,0,true,,,utility,cascade,3,75,160312243961,160312223828,12,0,GREEN,false,13,0,3,2,GOBLIN:10;GOLEM:4;SPIDER:1,MAGE:7;SCORPION_RIDER:3
3632,0,0,true,,,cascade,utility,3,75,160312243961,160312223828,12,0,GREEN,false,6,0,3,2,GOBLIN:10;GOLEM:4;SPIDER:1,MAGE:7;SCORPION_RIDER:3
3633,0,0,true,,,utility,utility,3,75,160320155042,160320172815,7,0,BLUE,false,0,5,2,3,ASSASSIN:7;SCORPION_RIDER:3,ARCHER:5;GOBLIN:1;SCORPION_RIDER:5
3634,0,0,true,,,utility,utility,3,75,160320155042,160320172815,9,0,BLUE,false,0,4,2,3,ASSASSIN:7;SCORPION_RIDER:3,ARCHER:5;GOBLIN:1;SCORPION_RIDER:5
3635,0,0,true,,,utility,utility,3,75,160320162961,160320148028,5,0,BLUE,false,0,8,2,3,ARCHER:3;MAGE:8,ARCHER:7;GARGOYLE:4;SPIDER:1
3636,0,0,true,,,utility,utility,3,75,160320162961,160320148028,5,0,BLUE,false,0,8,2,3,ARCHER:3;MAGE:8,ARCHER:7;GARGOYLE:4;SPIDER:1
3637,0,0,true,,,utility,cascade,3,75,160328074042,160328097175,10,0,GREEN,false,6,0,3,3,ARCHER:1;ASSASSIN:5;GOBLIN:11,ASSASSIN:2;GOBLIN:1;MAGE:8
3638,0,0,true,,,cascade,utility,3,75,160328074042,160328097175,8,0,GREEN,false,9,0,3,3,ARCHER:1;ASSASSIN:5;GOBLIN:11,ASSASSIN:2;GOBLIN:1;MAGE:8
3639,0,0,true,,,utility,cascade,3,75,160328081961,160328105092,9,0,BLUE,false,0,10,3,3,ARCHER:7;MAGE:4;SPIDER:1,ARCHER:4;GOBLIN:1;SCORPION_RIDER:6
3640,0,0,true,,,cascade,utility,3,75,160328081961,160328105092,7,0,BLUE,false,0,9,3,3,ARCHER:7;MAGE:4;SPIDER:1,ARCHER:4;GOBLIN:1;SCORPION_RIDER:6
3641,0,0,true,,,utility,utility,3,75,160335993042,160336037503,21,0,BLUE,false,0,9,2,3,ASSASSIN:7;SPIDER:8,GOBLIN:1;SCORPION_RIDER:9
3642,0,0,true,,,utility,utility,3,75,160335993042,160336037503,33,0,,false,2,4,2,3,ASSASSIN:7;SPIDER:8,GOBLIN:1;SCORPION_RIDER:9
3643,0,0,true,,,utility,utility,3,75,160336000961,160336046444,19,0,,false,13,13,3,3,GOBLIN:5;MAGE:8;SPIDER:1,GOBLIN:12;GOLEM:1;MAGE:4
3644,0,0,true,,,utility,utility,3,75,160336000961,160336046444,25,0,,false,13,12,3,3,GOBLIN:5;MAGE:8;SPIDER:1,GOBLIN:12;GOLEM:1;MAGE:4
3645,0,0,true,,,utility,cascade,3,75,160343912042,160343863495,11,0,GREEN,false,4,0,3,3,GOBLIN:1;SCORPION_RIDER:9,ASSASSIN:4;GARGOYLE:1;SCORPION_RIDER:5
3646,0,0,true,,,cascade,utility,3,75,160343912042,160343863495,12,0,GREEN,false,4,0,3,3,GOBLIN:1;SCORPION_RIDER:9,ASSASSIN:4;GARGOYLE:1;SCORPION_RIDER:5
3647,0,0,true,,,utility,cascade,3,75,160343919961,160343970804,15,0,BLUE,false,0,5,2,3,GOBLIN:11;SPIDER:14,ARCHER:1;ASSASSIN:4;SCORPION_RIDER:5
3648,0,0,true,,,cascade,utility,3,75,160343919961,160343970804,6,0,BLUE,false,0,4,2,3,GOBLIN:11;SPIDER:14,ARCHER:1;ASSASSIN:4;SCORPION_RIDER:5
3649,0,0,true,,,utility,cascade,3,75,160351831042,160351787695,6,0,GREEN,false,12,0,2,3,GOBLIN:11;GOLEM:4,ARCHER:8;ASSASSIN:1;GOLEM:2
3650,0,0,true,,,cascade,utility,3,75,160351831042,160351787695,12,0,GREEN,false,9,0,2,3,GOBLIN:11;GOLEM:4,ARCHER:8;ASSASSIN:1;GOLEM:2
3651,0,0,true,,,utility,cascade,3,75,160351838961,160351796316,19,0,BLUE,false,0,5,3,3,GARGOYLE:6;GOBLIN:11,GOBLIN:2;SCORPION_RIDER:6;SPIDER:7
3652,0,0,true,,,cascade,utility,3,75,160351838961,160351796316,18,0,GREEN,false,6,0,3,3,GARGOYLE:6;GOBLIN:11,GOBLIN:2;SCORPION_RIDER:6;SPIDER:7
3653,0,0,true,,,utility,cascade,3,75,161088298042,161088307863,8,0,GREEN,false,13,0,3,2,GOBLIN:10;SPIDER:15,ASSASSIN:5;GOLEM:4
3654,0,0,true,,,cascade,utility,3,75,161088298042,161088307863,8,0,GREEN,false,20,0,3,2,GOBLIN:10;SPIDER:15,ASSASSIN:5;GOLEM:4
3655,0,0,true,,,utility,cascade,3,75,161088305961,161088316804,25,0,BLUE,false,0,2,3,3,ASSASSIN:1;GARGOYLE:4;GOLEM:4,GOLEM:3;SCORPION_RIDER:5;SPIDER:1
3656,0,0,true,,,cascade,utility,3,75,161088305961,161088316804,28,0,GREEN,false,4,0,3,3,ASSASSIN:1;GARGOYLE:4;GOLEM:4,GOLEM:3;SCORPION_RIDER:5;SPIDER:1
3657,0,0,true,,,utility,utility,3,75,161096217042,161096265599,13,0,BLUE,false,0,9,2,3,GOLEM:4;MAGE:5,ASSASSIN:1;GOBLIN:12;SCORPION_RIDER:4
3658,0,0,true,,,utility,utility,3,75,161096217042,161096265599,13,0,BLUE,false,0,9,2,3,GOLEM:4;MAGE:5,ASSASSIN:1;GOBLIN:12;SCORPION_RIDER:4
3659,0,0,true,,,utility,utility,3,75,161096224961,161096240748,23,0,BLUE,false,0,5,3,3,GARGOYLE:1;GOLEM:2;SPIDER:16,GOLEM:7;SPIDER:1
3660,0,0,true,,,utility,utility,3,75,161096224961,161096240748,21,0,BLUE,false,0,5,3,3,GARGOYLE:1;GOLEM:2;SPIDER:16,GOLEM:7;SPIDER:1
3661,0,0,true,,,utility,cascade,3,75,161104136042,161104189895,13,0,BLUE,false,0,6,2,3,GOBLIN:11;SCORPION_RIDER:5,GARGOYLE:6;GOBLIN:1;MAGE:4
3662,0,0,true,,,cascade,utility,3,75,161104136042,161104189895,9,0,BLUE,false,0,9,2,3,GOBLIN:11;SCORPION_RIDER:5,GARGOYLE:6;GOBLIN:1;MAGE:4
3663,0,0,true,,,utility,cascade,3,75,161104143961,161104197876,15,0,BLUE,false,0,3,3,4,GOBLIN:2;SCORPION_RIDER:5;SPIDER:9,ARCHER:1;GOBLIN:23
3664,0,0,true,,,cascade,utility,3,75,161104143961,161104197876,11,0,BLUE,false,0,7,3,4,GOBLIN:2;SCORPION_RIDER:5;SPIDER:9,ARCHER:1;GOBLIN:23
3665,0,0,true,,,utility,cascade,3,75,161112055042,161111999407,7,0,BLUE,false,0,6,3,3,MAGE:10;SPIDER:1,ARCHER:7;GARGOYLE:4;SPIDER:1
3666,0,0,true,,,cascade,utility,3,75,161112055042,161111999407,7,0,BLUE,false,0,11,3,3,MAGE:10;SPIDER:1,ARCHER:7;GARGOYLE:4;SPIDER:1
3667,0,0,true,,,utility,cascade,3,75,161112062961,161112008028,21,0,BLUE,false,0,4,2,3,MAGE:8;SPIDER:6,MAGE:10;SPIDER:1
3668,0,0,true,,,cascade,utility,3,75,161112062961,161112008028,14,0,GREEN,false,8,0,2,3,MAGE:8;SPIDER:6,MAGE:10;SPIDER:1
3669,0,0,true,,,utility,cascade,3,75,161119974042,161119956023,23,0,BLUE,false,0,6,3,2,GARGOYLE:3;GOBLIN:2;SCORPION_RIDER:6,GARGOYLE:6;SCORPION_RIDER:4
3670,0,0,true,,,cascade,utility,3,75,161119974042,161119956023,9,0,BLUE,false,0,8,3,2,GARGOYLE:3;GOBLIN:2;SCORPION_RIDER:6,GARGOYLE:6;SCORPION_RIDER:4
3671,0,0,true,,,utility,cascade,3,75,161119981961,161119932196,7,0,BLUE,false,0,3,2,3,ASSASSIN:7;SCORPION_RIDER:3,ARCHER:1;ASSASSIN:4;GOLEM:4
3672,0,0,true,,,cascade,utility,3,75,161119981961,161119932196,201,0,,true,2,2,2,3,ASSASSIN:7;SCORPION_RIDER:3,ARCHER:1;ASSASSIN:4;GOLEM:4
3673,0,0,true,,,utility,utility,3,75,161127893042,161127880351,12,0,,false,20,18,2,3,ARCHER:5;SPIDER:15,ARCHER:7;GOBLIN:11
3674,0,0,true,,,utility,utility,3,75,161127893042,161127880351,12,0,,false,20,18,2,3,ARCHER:5;SPIDER:15,ARCHER:7;GOBLIN:11
3675,0,0,true,,,utility,utility,3,75,161127900961,161127889292,8,0,GREEN,false,9,0,2,3,GARGOYLE:5;GOLEM:4,ASSASSIN:8;SCORPION_RIDER:2;SPIDER:1
3676,0,0,true,,,utility,utility,3,75,161127900961,161127889292,8,0,GREEN,false,9,0,2,3,GARGOYLE:5;GOLEM:4,ASSASSIN:8;SCORPION_RIDER:2;SPIDER:1
3677,0,0,true,,,utility,cascade,3,75,161135812042,161135821671,7,0,GREEN,false,9,0,3,2,SCORPION_RIDER:9;SPIDER:1,GOLEM:4;SPIDER:11
3678,0,0,true,,,cascade,utility,3,75,161135812042,161135821671,12,0,GREEN,false,3,0,3,2,SCORPION_RIDER:9;SPIDER:1,GOLEM:4;SPIDER:11
3679,0,0,true,,,utility,cascade,3,75,161135819961,161135829524,15,0,GREEN,false,4,0,3,3,ASSASSIN:1;GARGOYLE:5;SPIDER:11,ASSASSIN:4;MAGE:1;SCORPION_RIDER:5
3680,0,0,true,,,cascade,utility,3,75,161135819961,161135829524,18,0,GREEN,false,8,0,3,3,ASSASSIN:1;GARGOYLE:5;SPIDER:11,ASSASSIN:4;MAGE:1;SCORPION_RIDER:5
3681,0,0,true,,,utility,cascade,3,75,161143731042,161143778767,7,0,BLUE,false,0,8,3,3,ASSASSIN:5;GOBLIN:13,ARCHER:12;GOBLIN:1
3682,0,0,true,,,cascade,utility,3,75,161143731042,161143778767,7,0,BLUE,false,0,8,3,3,ASSASSIN:5;GOBLIN:13,ARCHER:12;GOBLIN:1
3683,0,0,true,,,utility,cascade,3,75,161143738961,161143753980,9,0,BLUE,false,0,7,3,2,ASSASSIN:8;GOBLIN:6,ARCHER:7;SPIDER:11
3684,0,0,true,,,cascade,utility,3,75,161143738961,161143753980,6,0,BLUE,false,0,6,3,2,ASSASSIN:8;GOBLIN:6,ARCHER:7;SPIDER:11
3685,0,0,true,,,utility,cascade,3,75,161880198042,161880151351,13,0,BLUE,false,0,5,3,3,ASSASSIN:4;GARGOYLE:6;SPIDER:1,GOBLIN:13;MAGE:5
3686,0,0,true,,,cascade,utility,3,75,161880198042,161880151351,12,0,GREEN,false,5,0,3,3,ASSASSIN:4;GARGOYLE:6;SPIDER:1,GOBLIN:13;MAGE:5
3687,0,0,true,,,utility,cascade,3,75,161880205961,161880159268,14,0,GREEN,false,5,0,3,3,ARCHER:6;GARGOYLE:5;GOBLIN:1,ARCHER:3;MAGE:8
3688,0,0,true,,,cascade,utility,3,75,161880205961,161880159268,10,0,GREEN,false,6,0,3,3,ARCHER:6;GARGOYLE:5;GOBLIN:1,ARCHER:3;MAGE:8
3689,0,0,true,,,utility,cascade,3,75,161888117042,161888108447,17,0,BLUE,false,0,3,3,3,ARCHER:7;GOBLIN:1;MAGE:4,ASSASSIN:7;GARGOYLE:3;GOBLIN:1
3690,0,0,true,,,cascade,utility,3,75,161888117042,161888108447,14,0,GREEN,false,9,0,3,3,ARCHER:7;GOBLIN:1;MAGE:4,ASSASSIN:7;GARGOYLE:3;GOBLIN:1
3691,0,0,true,,,utility,cascade,3,75,161888124961,161888083596,19,0,BLUE,false,0,4,3,3,GOLEM:3;SPIDER:15,GOBLIN:1;GOLEM:4;SCORPION_RIDER:4
3692,0,0,true,,,cascade,utility,3,75,161888124961,161888083596,11,0,BLUE,false,0,7,3,3,GOLEM:3;SPIDER:15,GOBLIN:1;GOLEM:4;SCORPION_RIDER:4
3693,0,0,true,,,utility,cascade,3,75,161896036042,161896048743,10,0,GREEN,false,3,0,3,3,ARCHER:1;ASSASSIN:3;SCORPION_RIDER:6,GOLEM:4;SCORPION_RIDER:1;SPIDER:9
3694,0,0,true,,,cascade,utility,3,75,161896036042,161896048743,14,0,GREEN,false,4,0,3,3,ARCHER:1;ASSASSIN:3;SCORPION_RIDER:6,GOLEM:4;SCORPION_RIDER:1;SPIDER:9
3695,0,0,true,,,utility,cascade,3,75,161896043961,161896024852,7,0,BLUE,false,0,6,2,3,ARCHER:3;MAGE:8,ARCHER:7;GOBLIN:1;GOLEM:3
3696,0,0,true,,,cascade,utility,3,75,161896043961,161896024852,10,0,BLUE,false,0,6,2,3,ARCHER:3;MAGE:8,ARCHER:7;GOBLIN:1;GOLEM:3
3697,0,0,true,,,utility,cascade,3,75,161903955042,161903973071,8,0,GREEN,false,3,0,3,3,GOBLIN:10;GOLEM:4;SPIDER:1,ARCHER:4;GOBLIN:1;SCORPION_RIDER:6
3698,0,0,true,,,cascade,utility,3,75,161903955042,161903973071,6,0,BLUE,false,0,2,3,3,GOBLIN:10;GOLEM:4;SPIDER:1,ARCHER:4;GOBLIN:1;SCORPION_RIDER:6
3699,0,0,true,,,utility,cascade,3,75,161903962961,161903982076,19,0,BLUE,false,0,5,4,3,ASSASSIN:1;GOBLIN:1;SCORPION_RIDER:5;SPIDER:8,GARGOYLE:6;GOBLIN:10;SPIDER:1
3700,0,0,true,,,cascade,utility,3,75,161903962961,161903982076,9,0,BLUE,false,0,8,4,3,ASSASSIN:1;GOBLIN:1;SCORPION_RIDER:5;SPIDER:8,GARGOYLE:6;GOBLIN:10;SPIDER:1
3701,0,0,true,,,utility,cascade,3,75,161911874042,161911930711,80,0,,false,7,2,2,3,GARGOYLE:5;GOLEM:4,MAGE:2;SCORPION_RIDER:6;SPIDER:4
3702,0,0,true,,,cascade,utility,3,75,161911874042,161911930711,26,0,GREEN,false,3,0,2,3,GARGOYLE:5;GOLEM:4,MAGE:2;SCORPION_RIDER:6;SPIDER:4
3703,0,0,true,,,utility,cascade,3,75,161911881961,161911905860,8,0,GREEN,false,7,0,3,4,MAGE:4;SCORPION_RIDER:5;SPIDER:2,GOBLIN:24;SPIDER:1
3704,0,0,true,,,cascade,utility,3,75,161911881961,161911905860,18,0,GREEN,false,5,0,3,4,MAGE:4;SCORPION_RIDER:5;SPIDER:2,GOBLIN:24;SPIDER:1
3705,0,0,true,,,utility,cascade,3,75,161919793042,161919740223,12,0,GREEN,false,5,0,3,3,GOBLIN:1;GOLEM:7,GARGOYLE:4;GOLEM:4;MAGE:1
3706,0,0,true,,,cascade,utility,3,75,161919793042,161919740223,14,0,GREEN,false,4,0,3,3,GOBLIN:1;GOLEM:7,GARGOYLE:4;GOLEM:4;MAGE:1
3707,0,0,true,,,utility,cascade,3,75,161919800961,161919846444,10,0,GREEN,false,3,0,3,2,ARCHER:6;GARGOYLE:1;GOBLIN:10,ARCHER:6;SPIDER:13
3708,0,0,true,,,cascade,utility,3,75,161919800961,161919846444,6,0,GREEN,false,10,0,3,2,ARCHER:6;GARGOYLE:1;GOBLIN:10,ARCHER:6;SPIDER:13
3709,0,0,true,,,utility,cascade,3,75,161927712042,161927664519,21,0,BLUE,false,0,12,3,3,GARGOYLE:2;MAGE:8;SPIDER:1,GOBLIN:15;SPIDER:10
3710,0,0,true,,,cascade,utility,3,75,161927712042,161927664519,19,0,BLUE,false,0,12,3,3,GARGOYLE:2;MAGE:8;SPIDER:1,GOBLIN:15;SPIDER:10
3711,0,0,true,,,utility,cascade,3,75,161927719961,161927672500,7,0,BLUE,false,0,9,3,4,GOBLIN:7;MAGE:7;SPIDER:1,ASSASSIN:2;GOBLIN:2;MAGE:1;SCORPION_RIDER:6
3712,0,0,true,,,cascade,utility,3,75,161927719961,161927672500,7,0,BLUE,false,0,9,3,4,GOBLIN:7;MAGE:7;SPIDER:1,ASSASSIN:2;GOBLIN:2;MAGE:1;SCORPION_RIDER:6
3713,0,0,true,,,utility,cascade,3,75,161935631042,161935621231,10,0,GREEN,false,11,0,2,3,SCORPION_RIDER:4;SPIDER:14,ASSASSIN:7;GOLEM:2;SPIDER:2
3714,0,0,true,,,cascade,utility,3,75,161935631042,161935621231,12,0,GREEN,false,16,0,2,3,SCORPION_RIDER:4;SPIDER:14,ASSASSIN:7;GOLEM:2;SPIDER:2
3715,0,0,true,,,utility,cascade,3,75,161935638961,161935597340,15,0,BLUE,false,0,10,3,3,GARGOYLE:5;GOBLIN:1;SPIDER:12,ARCHER:6;GOBLIN:13
3716,0,0,true,,,cascade,utility,3,75,161935638961,161935597340,9,0,BLUE,false,0,11,3,3,GARGOYLE:5;GOBLIN:1;SPIDER:12,ARCHER:6;GOBLIN:13
3717,0,0,true,,,utility,cascade,3,75,162672098042,162672141399,7,0,BLUE,false,0,10,3,2,ASSASSIN:3;GOBLIN:1;MAGE:7,GARGOYLE:6;SCORPION_RIDER:4
3718,0,0,true,,,cascade,utility,3,75,162672098042,162672141399,3,0,BLUE,false,0,10,3,2,ASSASSIN:3;GOBLIN:1;MAGE:7,GARGOYLE:6;SCORPION_RIDER:4
3719,0,0,true,,,utility,cascade,3,75,162672105961,162672117572,12,0,GREEN,false,7,0,3,3,GOLEM:7;SPIDER:1,GARGOYLE:2;GOBLIN:1;MAGE:8
3720,0,0,true,,,cascade,utility,3,75,162672105961,162672117572,18,0,GREEN,false,4,0,3,3,GOLEM:7;SPIDER:1,GARGOYLE:2;GOBLIN:1;MAGE:8
3721,0,0,true,,,utility,cascade,3,75,162680017042,162680065599,17,0,BLUE,false,0,8,3,3,ASSASSIN:3;MAGE:7;SPIDER:1,GARGOYLE:5;GOLEM:4
3722,0,0,true,,,cascade,utility,3,75,162680017042,162680065599,19,0,BLUE,false,0,4,3,3,ASSASSIN:3;MAGE:7;SPIDER:1,GARGOYLE:5;GOLEM:4
3723,0,0,true,,,utility,cascade,3,75,162680024961,162680074540,17,0,BLUE,false,0,6,3,3,GOLEM:7;SPIDER:1,ARCHER:8;GOBLIN:1;SCORPION_RIDER:3
3724,0,0,true,,,cascade,utility,3,75,162680024961,162680074540,17,0,BLUE,false,0,5,3,3,GOLEM:7;SPIDER:1,ARCHER:8;GOBLIN:1;SCORPION_RIDER:3
3725,0,0,true,,,utility,cascade,3,75,162687936042,162687891591,13,0,BLUE,false,0,6,4,3,ASSASSIN:5;GOBLIN:10;MAGE:1;SPIDER:1,ARCHER:4;GOBLIN:1;SCORPION_RIDER:6
3726,0,0,true,,,cascade,utility,3,75,162687936042,162687891591,7,0,BLUE,false,0,7,4,3,ASSASSIN:5;GOBLIN:10;MAGE:1;SPIDER:1,ARCHER:4;GOBLIN:1;SCORPION_RIDER:6
3727,0,0,true,,,utility,cascade,3,75,162687943961,162687998900,15,0,BLUE,false,0,5,3,3,GARGOYLE:6;GOLEM:2;SPIDER:4,GOBLIN:1;SCORPION_RIDER:9
3728,0,0,true,,,cascade,utility,3,75,162687943961,162687998900,22,0,GREEN,false,3,0,3,3,GARGOYLE:6;GOLEM:2;SPIDER:4,GOBLIN:1;SCORPION_RIDER:9
3729,0,0,true,,,utility,cascade,3,75,162695855042,162695832943,11,0,GREEN,false,9,0,2,3,GARGOYLE:5;GOLEM:4,GARGOYLE:3;GOBLIN:1;MAGE:7
3730,0,0,true,,,cascade,utility,3,75,162695855042,162695832943,16,0,GREEN,false,9,0,2,3,GARGOYLE:5;GOLEM:4,GARGOYLE:3;GOBLIN:1;MAGE:7
3731,0,0,true,,,utility,cascade,3,75,162695862961,162695808028,17,0,BLUE,false,0,17,2,2,ASSASSIN:5;GOLEM:4,GARGOYLE:6;GOBLIN:11
3732,0,0,true,,,cascade,utility,3,75,162695862961,162695808028,7,0,BLUE,false,0,14,2,2,ASSASSIN:5;GOLEM:4,GARGOYLE:6;GOBLIN:11
3733,0,0,true,,,utility,cascade,3,75,162703774042,162703757303,14,0,GREEN,false,4,0,4,2,ARCHER:4;ASSASSIN:1;SCORPION_RIDER:5;SPIDER:1,ARCHER:4;ASSASSIN:7
3734,0,0,true,,,cascade,utility,3,75,162703774042,162703757303,8,0,GREEN,false,5,0,4,2,ARCHER:4;ASSASSIN:1;SCORPION_RIDER:5;SPIDER:1,ARCHER:4;ASSASSIN:7
3735,0,0,true,,,utility,cascade,3,75,162703781961,162703765220,21,0,BLUE,false,0,4,4,3,GARGOYLE:6;GOBLIN:1;MAGE:4,ASSASSIN:4;GOLEM:4;MAGE:1
3736,0,0,true,,,cascade,utility,3,75,162703781961,162703765220,16,0,GREEN,false,7,0,4,3,GARGOYLE:6;GOBLIN:1;MAGE:4,ASSASSIN:4;GOLEM:4;MAGE:1
3737,0,0,true,,,utility,cascade,3,75,162711693042,162711713887,11,0,BLUE,false,0,5,4,3,ASSASSIN:5;GOBLIN:10;MAGE:1;SPIDER:1,ARCHER:8;GOBLIN:9
3738,0,0,true,,,cascade,utility,3,75,162711693042,162711713887,10,0,BLUE,false,0,6,4,3,ASSASSIN:5;GOBLIN:10;MAGE:1;SPIDER:1,ARCHER:8;GOBLIN:9
3739,0,0,true,,,utility,cascade,3,75,162711700961,162711690060,8,0,GREEN,false,8,0,2,3,GARGOYLE:6;SCORPION_RIDER:4,ASSASSIN:7;GARGOYLE:3;SPIDER:1
3740,0,0,true,,,cascade,utility,3,75,162711700961,162711690060,8,0,GREEN,false,10,0,2,3,GARGOYLE:6;SCORPION_RIDER:4,ASSASSIN:7;GARGOYLE:3;SPIDER:1
3741,0,0,true,,,utility,cascade,3,75,162719612042,162719654439,9,0,BLUE,false,0,9,3,4,ARCHER:6;GARGOYLE:5;SPIDER:1,GOBLIN:11;SCORPION_RIDER:5
3742,0,0,true,,,cascade,utility,3,75,162719612042,162719654439,11,0,BLUE,false,0,6,3,4,ARCHER:6;GARGOYLE:5;SPIDER:1,GOBLIN:11;SCORPION_RIDER:5
3743,0,0,true,,,utility,cascade,3,75,162719619961,162719630804,11,0,BLUE,false,0,9,3,3,ASSASSIN:2;MAGE:8;SPIDER:1,ASSASSIN:8;GOBLIN:1;SCORPION_RIDER:2
3744,0,0,true,,,cascade,utility,3,75,162719619961,162719630804,7,0,BLUE,false,0,10,3,3,ASSASSIN:2;MAGE:8;SPIDER:1,ASSASSIN:8;GOBLIN:1;SCORPION_RIDER:2
3745,0,0,true,,,utility,utility,3,75,162727531042,162727578767,24,0,,false,9,8,3,3,GOBLIN:9;SPIDER:16,ARCHER:12;GOBLIN:1
3746,0,0,true,,,utility,utility,3,75,162727531042,162727578767,23,0,,false,9,6,3,3,GOBLIN:9;SPIDER:16,ARCHER:12;GOBLIN:1
3747,0,0,true,,,utility,utility,3,75,162727538961,162727587772,8,0,GREEN,false,10,0,2,3,GOBLIN:9;SCORPION_RIDER:6,ARCHER:5;SPIDER:15
3748,0,0,true,,,utility,utility,3,75,162727538961,162727587772,8,0,GREEN,false,10,0,2,3,GOBLIN:9;SCORPION_RIDER:6,ARCHER:5;SPIDER:15
3749,0,0,true,,,utility,cascade,3,75,163463998042,163463984375,7,0,BLUE,false,0,14,3,3,ASSASSIN:10;GOBLIN:1,GOBLIN:11;GOLEM:4
3750,0,0,true,,,cascade,utility,3,75,163463998042,163463984375,3,0,BLUE,false,0,13,3,3,ASSASSIN:10;GOBLIN:1,GOBLIN:11;GOLEM:4
3751,0,0,true,,,utility,cascade,3,75,163464005961,163463960548,11,0,GREEN,false,1,0,3,3,GOBLIN:11;GOLEM:4,GOBLIN:1;SCORPION_RIDER:5;SPIDER:10
3752,0,0,true,,,cascade,utility,3,75,163464005961,163463960548,12,0,GREEN,false,4,0,3,3,GOBLIN:11;GOLEM:4,GOBLIN:1;SCORPION_RIDER:5;SPIDER:10
3753,0,0,true,,,utility,cascade,3,75,163471917042,163471925599,21,0,BLUE,false,0,7,3,3,GARGOYLE:6;GOBLIN:10;SPIDER:1,ARCHER:4;GARGOYLE:7
3754,0,0,true,,,cascade,utility,3,75,163471917042,163471925599,22,0,GREEN,false,6,0,3,3,GARGOYLE:6;GOBLIN:10;SPIDER:1,ARCHER:4;GARGOYLE:7
3755,0,0,true,,,utility,cascade,3,75,163471924961,163471900748,10,0,GREEN,false,14,0,2,3,GOBLIN:11;GOLEM:4,ASSASSIN:7;GOBLIN:1;MAGE:3
3756,0,0,true,,,cascade,utility,3,75,163471924961,163471900748,8,0,GREEN,false,15,0,2,3,GOBLIN:11;GOLEM:4,ASSASSIN:7;GOBLIN:1;MAGE:3
3757,0,0,true,,,utility,cascade,3,75,163479836042,163479849767,8,0,GREEN,false,7,0,3,3,GARGOYLE:2;GOBLIN:7;GOLEM:4,ASSASSIN:8;GOBLIN:6
3758,0,0,true,,,cascade,utility,3,75,163479836042,163479849767,10,0,GREEN,false,8,0,3,3,GARGOYLE:2;GOBLIN:7;GOLEM:4,ASSASSIN:8;GOBLIN:6
3759,0,0,true,,,utility,cascade,3,75,163479843961,163479857876,15,0,BLUE,false,0,4,3,3,GOBLIN:5;GOLEM:1;MAGE:7,ARCHER:2;GOBLIN:7;GOLEM:4
3760,0,0,true,,,cascade,utility,3,75,163479843961,163479857876,21,0,BLUE,false,0,4,3,3,GOBLIN:5;GOLEM:1;MAGE:7,ARCHER:2;GOBLIN:7;GOLEM:4
3761,0,0,true,,,utility,cascade,3,75,163487755042,163487806863,12,0,GREEN,false,3,0,3,2,GOLEM:2;MAGE:1;SCORPION_RIDER:6,GOLEM:4;SPIDER:11
3762,0,0,true,,,cascade,utility,3,75,163487755042,163487806863,14,0,GREEN,false,4,0,3,2,GOLEM:2;MAGE:1;SCORPION_RIDER:6,GOLEM:4;SPIDER:11
3763,0,0,true,,,utility,cascade,3,75,163487762961,163487782076,11,0,BLUE,false,0,7,3,3,ARCHER:4;SPIDER:17,ARCHER:8;ASSASSIN:3;SPIDER:2
3764,0,0,true,,,cascade,utility,3,75,163487762961,163487782076,6,0,BLUE,false,0,9,3,3,ARCHER:4;SPIDER:17,ARCHER:8;ASSASSIN:3;SPIDER:2
3765,0,0,true,,,utility,cascade,3,75,163495674042,163495730711,6,0,GREEN,false,12,0,3,3,GOBLIN:9;GOLEM:4;SPIDER:2,GARGOYLE:2;GOBLIN:1;MAGE:8
3766,0,0,true,,,cascade,utility,3,75,163495674042,163495730711,14,0,GREEN,false,4,0,3,3,GOBLIN:9;GOLEM:4;SPIDER:2,GARGOYLE:2;GOBLIN:1;MAGE:8
3767,0,0,true,,,utility,cascade,3,75,163495681961,163495723268,21,0,BLUE,false,0,6,3,3,MAGE:7;SPIDER:8,ASSASSIN:1;GARGOYLE:6;SCORPION_RIDER:3
3768,0,0,true,,,cascade,utility,3,75,163495681961,163495723268,14,0,BLUE,false,0,7,3,3,MAGE:7;SPIDER:8,ASSASSIN:1;GARGOYLE:6;SCORPION_RIDER:3
3769,0,0,true,,,utility,cascade,3,75,163503593042,163503540479,11,0,BLUE,false,0,22,4,3,ASSASSIN:7;GOBLIN:6;SCORPION_RIDER:1,ARCHER:1;GOBLIN:8;SPIDER:15
3770,0,0,true,,,cascade,utility,3,75,163503593042,163503540479,4,0,BLUE,false,0,16,4,3,ASSASSIN:7;GOBLIN:6;SCORPION_RIDER:1,ARCHER:1;GOBLIN:8;SPIDER:15
3771,0,0,true,,,utility,cascade,3,75,163503600961,163503549420,15,0,GREEN,false,5,0,4,3,GARGOYLE:6;GOBLIN:6;SCORPION_RIDER:1;SPIDER:2,GOBLIN:13;SPIDER:12
3772,0,0,true,,,cascade,utility,3,75,163503600961,163503549420,12,0,BLUE,false,0,12,4,3,GARGOYLE:6;GOBLIN:6;SCORPION_RIDER:1;SPIDER:2,GOBLIN:13;SPIDER:12
3773,0,0,true,,,utility,cascade,3,75,163511512042,163511498055,7,0,BLUE,false,0,10,3,2,GOLEM:2;MAGE:7;SPIDER:2,ARCHER:7;SCORPION_RIDER:4
3774,0,0,true,,,cascade,utility,3,75,163511512042,163511498055,7,0,BLUE,false,0,8,3,2,GOLEM:2;MAGE:7;SPIDER:2,ARCHER:7;SCORPION_RIDER:4
3775,0,0,true,,,utility,cascade,3,75,163511519961,163511473268,7,0,BLUE,false,0,16,2,3,MAGE:7;SPIDER:8,GARGOYLE:6;GOBLIN:11
3776,0,0,true,,,cascade,utility,3,75,163511519961,163511473268,8,0,BLUE,false,0,17,2,3,MAGE:7;SPIDER:8,GARGOYLE:6;GOBLIN:11
3777,0,0,true,,,utility,utility,3,75,163519431042,163519422255,7,0,BLUE,false,0,18,3,3,GOBLIN:2;SPIDER:23,ARCHER:6;SPIDER:13
3778,0,0,true,,,utility,utility,3,75,163519431042,163519422255,10,0,GREEN,false,7,0,3,3,GOBLIN:2;SPIDER:23,ARCHER:6;SPIDER:13
3779,0,0,true,,,utility,utility,3,75,163519438961,163519430364,9,0,BLUE,false,0,3,4,3,ARCHER:8;GOBLIN:2;MAGE:3,ARCHER:7;ASSASSIN:4;SPIDER:1
3780,0,0,true,,,utility,utility,3,75,163519438961,163519430364,9,0,BLUE,false,0,3,4,3,ARCHER:8;GOBLIN:2;MAGE:3,ARCHER:7;ASSASSIN:4;SPIDER:1
3781,0,0,true,,,utility,cascade,3,75,164255898042,164255942423,10,0,GREEN,false,6,0,4,3,ARCHER:9;GOBLIN:1;SCORPION_RIDER:2,ARCHER:8;GARGOYLE:3;SPIDER:2
3782,0,0,true,,,cascade,utility,3,75,164255898042,164255942423,17,0,BLUE,false,0,2,4,3,ARCHER:9;GOBLIN:1;SCORPION_RIDER:2,ARCHER:8;GARGOYLE:3;SPIDER:2
3783,0,0,true,,,utility,cascade,3,75,164255905961,164255950340,15,0,BLUE,false,0,8,2,3,ASSASSIN:7;SCORPION_RIDER:3,GARGOYLE:2;MAGE:8;SPIDER:1
3784,0,0,true,,,cascade,utility,3,75,164255905961,164255950340,12,0,GREEN,false,2,0,2,3,ASSASSIN:7;SCORPION_RIDER:3,GARGOYLE:2;MAGE:8;SPIDER:1
3785,0,0,true,,,utility,utility,3,75,164263817042,164263768575,17,0,,false,15,4,3,3,GARGOYLE:1;GOBLIN:12;GOLEM:3,ARCHER:1;ASSASSIN:4;GOLEM:4
3786,0,0,true,,,utility,utility,3,75,164263817042,164263768575,17,0,,false,15,4,3,3,GARGOYLE:1;GOBLIN:12;GOLEM:3,ARCHER:1;ASSASSIN:4;GOLEM:4
3787,0,0,true,,,utility,utility,3,75,164263824961,164263874796,5,0,BLUE,false,0,7,3,2,ARCHER:3;ASSASSIN:7;GOBLIN:2,ASSASSIN:5;SCORPION_RIDER:5
3788,0,0,true,,,utility,utility,3,75,164263824961,164263874796,5,0,BLUE,false,0,7,3,2,ARCHER:3;ASSASSIN:7;GOBLIN:2,ASSASSIN:5;SCORPION_RIDER:5
3789,0,0,true,,,utility,cascade,3,75,164271736042,164271692359,13,0,BLUE,false,0,6,3,3,GOBLIN:1;GOLEM:4;SPIDER:10,ARCHER:12;GOBLIN:1
3790,0,0,true,,,cascade,utility,3,75,164271736042,164271692359,9,0,BLUE,false,0,13,3,3,GOBLIN:1;GOLEM:4;SPIDER:10,ARCHER:12;GOBLIN:1
3791,0,0,true,,,utility,cascade,3,75,164271743961,164271701364,15,0,BLUE,false,0,6,3,2,ASSASSIN:3;GOBLIN:2;SCORPION_RIDER:6,GARGOYLE:6;SCORPION_RIDER:4
3792,0,0,true,,,cascade,utility,3,75,164271743961,164271701364,8,0,BLUE,false,0,7,3,2,ASSASSIN:3;GOBLIN:2;SCORPION_RIDER:6,GARGOYLE:6;SCORPION_RIDER:4
3793,0,0,true,,,utility,utility,3,75,164279655042,164279632943,7,0,BLUE,false,0,15,3,4,ASSASSIN:3;GOBLIN:1;MAGE:7,GOBLIN:12;GOLEM:3;SPIDER:3
3794,0,0,true,,,utility,utility,3,75,164279655042,164279632943,7,0,BLUE,false,0,15,3,4,ASSASSIN:3;GOBLIN:1;MAGE:7,GOBLIN:12;GOLEM:3;SPIDER:3
3795,0,0,true,,,utility,utility,3,75,164279662961,164279642076,7,0,BLUE,false,0,12,3,2,ASSASSIN:3;MAGE:7;SPIDER:1,GOBLIN:11;MAGE:6
3796,0,0,true,,,utility,utility,3,75,164279662961,164279642076,7,0,BLUE,false,0,12,3,2,ASSASSIN:3;MAGE:7;SPIDER:1,GOBLIN:11;MAGE:6
3797,0,0,true,,,utility,cascade,3,75,164287574042,164287590071,5,0,GREEN,false,9,0,2,3,ARCHER:4;ASSASSIN:7,GOBLIN:6;MAGE:8
3798,0,0,true,,,cascade,utility,3,75,164287574042,164287590071,10,0,GREEN,false,6,0,2,3,ARCHER:4;ASSASSIN:7,GOBLIN:6;MAGE:8
3799,0,0,true,,,utility,cascade,3,75,164287581961,164287566244,16,0,GREEN,false,6,0,3,4,GARGOYLE:3;MAGE:7;SPIDER:1,GARGOYLE:1;GOLEM:2;SCORPION_RIDER:5;SPIDER:2
3800,0,0,true,,,cascade,utility,3,75,164287581961,164287566244,22,0,GREEN,false,4,0,3,4,GARGOYLE:3;MAGE:7;SPIDER:1,GARGOYLE:1;GOLEM:2;SCORPION_RIDER:5;SPIDER:2
3801,0,0,true,,,utility,utility,3,75,164295493042,164295514911,14,0,GREEN,false,4,0,3,3,GOBLIN:2;GOLEM:4;MAGE:4,GOLEM:1;MAGE:8;SCORPION_RIDER:1
3802,0,0,true,,,utility,utility,3,75,164295493042,164295514911,18,0,GREEN,false,4,0,3,3,GOBLIN:2;GOLEM:4;MAGE:4,GOLEM:1;MAGE:8;SCORPION_RIDER:1
3803,0,0,true,,,utility,utility,3,75,164295500961,164295522828,8,0,GREEN,false,9,0,3,2,ARCHER:7;GOLEM:3;SPIDER:1,ARCHER:4;ASSASSIN:7
3804,0,0,true,,,utility,utility,3,75,164295500961,164295522828,10,0,GREEN,false,3,0,3,2,ARCHER:7;GOLEM:3;SPIDER:1,ARCHER:4;ASSASSIN:7
3805,0,0,true,,,utility,utility,3,75,164303412042,164303455719,5,0,BLUE,false,0,10,3,3,ASSASSIN:7;GOBLIN:7;SPIDER:1,SCORPION_RIDER:9;SPIDER:1
3806,0,0,true,,,utility,utility,3,75,164303412042,164303455719,5,0,BLUE,false,0,10,3,3,ASSASSIN:7;GOBLIN:7;SPIDER:1,SCORPION_RIDER:9;SPIDER:1
3807,0,0,true,,,utility,utility,3,75,164303419961,164303463572,12,0,,false,15,8,2,3,GOBLIN:9;SCORPION_RIDER:6,GOLEM:7;SPIDER:1
3808,0,0,true,,,utility,utility,3,75,164303419961,164303463572,12,0,,false,15,8,2,3,GOBLIN:9;SCORPION_RIDER:6,GOLEM:7;SPIDER:1
3809,0,0,true,,,utility,utility,3,75,164311331042,164311281231,21,0,,false,13,15,3,3,ASSASSIN:1;GOBLIN:9;GOLEM:4,GOLEM:3;SPIDER:15
3810,0,0,true,,,utility,utility,3,75,164311331042,164311281231,21,0,,false,13,15,3,3,ASSASSIN:1;GOBLIN:9;GOLEM:4,GOLEM:3;SPIDER:15
3811,0,0,true,,,utility,utility,3,75,164311338961,164311388540,8,0,GREEN,false,8,0,3,3,ARCHER:8;SCORPION_RIDER:3;SPIDER:1,GOBLIN:10;MAGE:5;SPIDER:3
3812,0,0,true,,,utility,utility,3,75,164311338961,164311388540,8,0,GREEN,false,8,0,3,3,ARCHER:8;SCORPION_RIDER:3;SPIDER:1,GOBLIN:10;MAGE:5;SPIDER:3
3813,0,0,true,,,utility,cascade,3,75,165047798042,165047785399,10,0,GREEN,false,11,0,2,3,GOBLIN:11;SCORPION_RIDER:5,ARCHER:8;GOBLIN:9
3814,0,0,true,,,cascade,utility,3,75,165047798042,165047785399,8,0,GREEN,false,12,0,2,3,GOBLIN:11;SCORPION_RIDER:5,ARCHER:8;GOBLIN:9
3815,0,0,true,,,utility,cascade,3,75,165047805961,165047793316,9,0,BLUE,false,0,12,3,3,ASSASSIN:7;GARGOYLE:3;SPIDER:1,GOBLIN:14;SCORPION_RIDER:4
3816,0,0,true,,,cascade,utility,3,75,165047805961,165047793316,11,0,BLUE,false,0,16,3,3,ASSASSIN:7;GARGOYLE:3;SPIDER:1,GOBLIN:14;SCORPION_RIDER:4
3817,0,0,true,,,utility,cascade,3,75,165055717042,165055725599,17,0,BLUE,false,0,1,4,2,GARGOYLE:1;GOLEM:1;MAGE:8,ASSASSIN:7;SCORPION_RIDER:3
3818,0,0,true,,,cascade,utility,3,75,165055717042,165055725599,7,0,BLUE,false,0,8,4,2,GARGOYLE:1;GOLEM:1;MAGE:8,ASSASSIN:7;SCORPION_RIDER:3
3819,0,0,true,,,utility,cascade,3,75,165055724961,165055734540,10,0,GREEN,false,8,0,3,2,ARCHER:12;GOBLIN:1,GARGOYLE:5;SPIDER:13
3820,0,0,true,,,cascade,utility,3,75,165055724961,165055734540,10,0,GREEN,false,8,0,3,2,ARCHER:12;GOBLIN:1,GARGOYLE:5;SPIDER:13
3821,0,0,true,,,utility,cascade,3,75,165063636042,165063682791,9,0,BLUE,false,0,2,3,2,ASSASSIN:8;SCORPION_RIDER:2;SPIDER:1,ASSASSIN:8;GOBLIN:6
3822,0,0,true,,,cascade,utility,3,75,165063636042,165063682791,10,0,GREEN,false,3,0,3,2,ASSASSIN:8;SCORPION_RIDER:2;SPIDER:1,ASSASSIN:8;GOBLIN:6
3823,0,0,true,,,utility,cascade,3,75,165063643961,165063658900,23,0,BLUE,false,0,4,3,3,ARCHER:1;GOBLIN:11;SPIDER:12,GARGOYLE:10;GOBLIN:1
3824,0,0,true,,,cascade,utility,3,75,165063643961,165063658900,26,0,BLUE,false,0,3,3,3,ARCHER:1;GOBLIN:11;SPIDER:12,GARGOYLE:10;GOBLIN:1
3825,0,0,true,,,utility,cascade,3,75,165071555042,165071607631,7,0,BLUE,false,0,8,3,3,MAGE:8;SCORPION_RIDER:2;SPIDER:1,ASSASSIN:8;SCORPION_RIDER:2;SPIDER:1
3826,0,0,true,,,cascade,utility,3,75,165071555042,165071607631,3,0,BLUE,false,0,9,3,3,MAGE:8;SCORPION_RIDER:2;SPIDER:1,ASSASSIN:8;SCORPION_RIDER:2;SPIDER:1
3827,0,0,true,,,utility,cascade,3,75,165071562961,165071615612,13,0,BLUE,false,0,4,4,2,ARCHER:1;ASSASSIN:8;GOLEM:1;SPIDER:1,ARCHER:8;SPIDER:9
3828,0,0,true,,,cascade,utility,3,75,165071562961,165071615612,6,0,GREEN,false,9,0,4,2,ARCHER:1;ASSASSIN:8;GOLEM:1;SPIDER:1,ARCHER:8;SPIDER:9
3829,0,0,true,,,utility,cascade,3,75,165079474042,165079417303,11,0,BLUE,false,0,7,3,3,GARGOYLE:2;GOBLIN:1;MAGE:8,ARCHER:7;GOBLIN:1;GOLEM:3
3830,0,0,true,,,cascade,utility,3,75,165079474042,165079417303,9,0,BLUE,false,0,5,3,3,GARGOYLE:2;GOBLIN:1;MAGE:8,ARCHER:7;GOBLIN:1;GOLEM:3
3831,0,0,true,,,utility,cascade,3,75,165079481961,165079425220,11,0,BLUE,false,0,14,2,2,ARCHER:3;ASSASSIN:8,GOBLIN:11;GOLEM:4
3832,0,0,true,,,cascade,utility,3,75,165079481961,165079425220,7,0,BLUE,false,0,13,2,2,ARCHER:3;ASSASSIN:8,GOBLIN:11;GOLEM:4
3833,0,0,true,,,utility,cascade,3,75,165087393042,165087374271,11,0,GREEN,false,6,0,2,2,GARGOYLE:5;GOLEM:4,SCORPION_RIDER:5;SPIDER:11
3834,0,0,true,,,cascade,utility,3,75,165087393042,165087374271,10,0,GREEN,false,7,0,2,2,GARGOYLE:5;GOLEM:4,SCORPION_RIDER:5;SPIDER:11
3835,0,0,true,,,utility,cascade,3,75,165087400961,165087349420,23,0,BLUE,false,0,13,3,2,GOBLIN:1;MAGE:6;SPIDER:10,GOBLIN:11;GOLEM:4
3836,0,0,true,,,cascade,utility,3,75,165087400961,165087349420,11,0,BLUE,false,0,10,3,2,GOBLIN:1;MAGE:6;SPIDER:10,GOBLIN:11;GOLEM:4
3837,0,0,true,,,utility,cascade,3,75,165095312042,165095298055,32,0,,false,1,8,3,3,GOBLIN:11;GOLEM:1;SCORPION_RIDER:4,MAGE:10;SPIDER:1
3838,0,0,true,,,cascade,utility,3,75,165095312042,165095298055,14,0,GREEN,false,8,0,3,3,GOBLIN:11;GOLEM:1;SCORPION_RIDER:4,MAGE:10;SPIDER:1
3839,0,0,true,,,utility,cascade,3,75,165095319961,165095307060,15,0,BLUE,false,0,6,3,3,ASSASSIN:3;GOBLIN:2;SCORPION_RIDER:6,GARGOYLE:6;GOBLIN:1;MAGE:4
3840,0,0,true,,,cascade,utility,3,75,165095319961,165095307060,8,0,BLUE,false,0,9,3,3,ASSASSIN:3;GOBLIN:2;SCORPION_RIDER:6,GARGOYLE:6;GOBLIN:1;MAGE:4
3841,0,0,true,,,utility,cascade,3,75,165103231042,165103255279,16,0,GREEN,false,3,0,3,3,GOLEM:7;SPIDER:1,ARCHER:4;GOBLIN:1;SPIDER:16
3842,0,0,true,,,cascade,utility,3,75,165103231042,165103255279,12,0,GREEN,false,4,0,3,3,GOLEM:7;SPIDER:1,ARCHER:4;GOBLIN:1;SPIDER:16
3843,0,0,true,,,utility,cascade,3,75,165103238961,165103247772,11,0,BLUE,false,0,13,3,3,ARCHER:7;GOBLIN:10;SPIDER:1,ARCHER:1;GOLEM:3;SPIDER:13
3844,0,0,true,,,cascade,utility,3,75,165103238961,165103247772,6,0,GREEN,false,14,0,3,3,ARCHER:7;GOBLIN:10;SPIDER:1,ARCHER:1;GOLEM:3;SPIDER:13
3845,0,0,true,,,utility,cascade,3,75,165839698042,165839644375,17,0,BLUE,false,0,6,3,3,MAGE:5;SCORPION_RIDER:5,ARCHER:4;GARGOYLE:7
3846,0,0,true,,,cascade,utility,3,75,165839698042,165839644375,14,0,BLUE,false,0,5,3,3,MAGE:5;SCORPION_RIDER:5,ARCHER:4;GARGOYLE:7
3847,0,0,true,,,utility,cascade,3,75,165839705961,165839751620,15,0,BLUE,false,0,4,4,2,ASSASSIN:2;MAGE:1;SCORPION_RIDER:6;SPIDER:2,GOBLIN:11;GOLEM:4
3848,0,0,true,,,cascade,utility,3,75,165839705961,165839751620,9,0,BLUE,false,0,4,4,2,ASSASSIN:2;MAGE:1;SCORPION_RIDER:6;SPIDER:2,GOBLIN:11;GOLEM:4
3849,0,0,true,,,utility,cascade,3,75,165847617042,165847568575,19,0,BLUE,false,0,4,3,3,ARCHER:7;ASSASSIN:4;SPIDER:1,GARGOYLE:1;GOBLIN:9;GOLEM:4
3850,0,0,true,,,cascade,utility,3,75,165847617042,165847568575,13,0,BLUE,false,0,9,3,3,ARCHER:7;ASSASSIN:4;SPIDER:1,GARGOYLE:1;GOBLIN:9;GOLEM:4
3851,0,0,true,,,utility,cascade,3,75,165847624961,165847577516,15,0,GREEN,false,6,0,3,3,ARCHER:6;GOBLIN:13,ASSASSIN:5;GOLEM:4
3852,0,0,true,,,cascade,utility,3,75,165847624961,165847577516,12,0,GREEN,false,4,0,3,3,ARCHER:6;GOBLIN:13,ASSASSIN:5;GOLEM:4
3853,0,0,true,,,utility,cascade,3,75,165855536042,165855526151,16,0,GREEN,false,7,0,3,2,ASSASSIN:1;GOBLIN:9;SCORPION_RIDER:5,GOBLIN:11;GOLEM:4
3854,0,0,true,,,cascade,utility,3,75,165855536042,165855526151,8,0,GREEN,false,6,0,3,2,ASSASSIN:1;GOBLIN:9;SCORPION_RIDER:5,GOBLIN:11;GOLEM:4
3855,0,0,true,,,utility,cascade,3,75,165855543961,165855501364,16,0,GREEN,false,4,0,2,3,GARGOYLE:5;GOLEM:4,ARCHER:1;GOLEM:2;MAGE:7
3856,0,0,true,,,cascade,utility,3,75,165855543961,165855501364,20,0,GREEN,false,4,0,2,3,GARGOYLE:5;GOLEM:4,ARCHER:1;GOLEM:2;MAGE:7
3857,0,0,true,,,utility,cascade,3,75,165863455042,165863466991,14,0,GREEN,false,12,0,4,3,GOBLIN:22;SCORPION_RIDER:1,GOLEM:1;MAGE:8;SPIDER:3
3858,0,0,true,,,cascade,utility,3,75,165863455042,165863466991,6,0,GREEN,false,20,0,4,3,GOBLIN:22;SCORPION_RIDER:1,GOLEM:1;MAGE:8;SPIDER:3
3859,0,0,true,,,utility,cascade,3,75,165863462961,165863442076,23,0,BLUE,false,0,3,3,3,ASSASSIN:6;GOBLIN:11,GARGOYLE:3;MAGE:7;SPIDER:1
3860,0,0,true,,,cascade,utility,3,75,165863462961,165863442076,12,0,BLUE,false,0,4,3,3,ASSASSIN:6;GOBLIN:11,GARGOYLE:3;MAGE:7;SPIDER:1
3861,0,0,true,,,utility,cascade,3,75,165871374042,165871390839,12,0,GREEN,false,4,0,2,3,GARGOYLE:6;SCORPION_RIDER:4,GARGOYLE:3;GOBLIN:2;SPIDER:16
3862,0,0,true,,,cascade,utility,3,75,165871374042,165871390839,19,0,BLUE,false,0,2,2,3,GARGOYLE:6;SCORPION_RIDER:4,GARGOYLE:3;GOBLIN:2;SPIDER:16
3863,0,0,true,,,utility,cascade,3,75,165871381961,165871399780,11,0,GREEN,false,2,0,3,3,GOBLIN:1;GOLEM:7,ASSASSIN:3;GOBLIN:2;SCORPION_RIDER:6
3864,0,0,true,,,cascade,utility,3,75,165871381961,165871399780,7,0,BLUE,false,0,5,3,3,GOBLIN:1;GOLEM:7,ASSASSIN:3;GOBLIN:2;SCORPION_RIDER:6
3865,0,0,true,,,utility,cascade,3,75,165879293042,165879347935,8,0,GREEN,false,11,0,3,3,GARGOYLE:6;GOBLIN:1;MAGE:4,SPIDER:25
3866,0,0,true,,,cascade,utility,3,75,165879293042,165879347935,18,0,GREEN,false,10,0,3,3,GARGOYLE:6;GOBLIN:1;MAGE:4,SPIDER:25
3867,0,0,true,,,utility,cascade,3,75,165879300961,165879324108,22,0,GREEN,false,3,0,3,3,GOLEM:7;SPIDER:1,ARCHER:8;GOBLIN:2;MAGE:3
3868,0,0,true,,,cascade,utility,3,75,165879300961,165879324108,17,0,BLUE,false,0,8,3,3,GOLEM:7;SPIDER:1,ARCHER:8;GOBLIN:2;MAGE:3
3869,0,0,true,,,utility,utility,3,75,227417842042,227417800663,9,0,BLUE,false,0,8,3,3,ASSASSIN:8;GOBLIN:1;SCORPION_RIDER:2,ASSASSIN:5;GOBLIN:10;SCORPION_RIDER:1
3870,0,0,true,,,utility,utility,3,75,227417842042,227417800663,9,0,BLUE,false,0,8,3,3,ASSASSIN:8;GOBLIN:1;SCORPION_RIDER:2,ASSASSIN:5;GOBLIN:10;SCORPION_RIDER:1
3871,0,0,true,,,utility,utility,3,75,227417849961,227417906884,6,0,GREEN,false,6,0,3,3,GOBLIN:1;GOLEM:4;SCORPION_RIDER:4,ASSASSIN:8;GOBLIN:6
3872,0,0,true,,,utility,utility,3,75,227417849961,227417906884,6,0,GREEN,false,6,0,3,3,GOBLIN:1;GOLEM:4;SCORPION_RIDER:4,ASSASSIN:8;GOBLIN:6
3873,0,0,true,,,utility,utility,3,75,227417857880,227417899509,24,0,,false,3,4,3,3,ASSASSIN:8;GARGOYLE:2;SPIDER:1,GOLEM:3;SCORPION_RIDER:5;SPIDER:1
3874,0,0,true,,,utility,utility,3,75,227417857880,227417899509,24,0,,false,3,4,3,3,ASSASSIN:8;GARGOYLE:2;SPIDER:1,GOLEM:3;SCORPION_RIDER:5;SPIDER:1
3875,0,0,true,,,utility,utility,3,75,227417865799,227417907434,12,0,,false,11,11,3,3,GOBLIN:4;GOLEM:4;MAGE:3,GARGOYLE:3;GOBLIN:1;MAGE:7
3876,0,0,true,,,utility,utility,3,75,227417865799,227417907434,12,0,,false,11,11,3,3,GOBLIN:4;GOLEM:4;MAGE:3,GARGOYLE:3;GOBLIN:1;MAGE:7
3877,0,0,true,,,utility,utility,3,75,165887212042,165887157415,12,0,,false,8,11,3,3,GOBLIN:1;GOLEM:7,GARGOYLE:2;MAGE:8;SPIDER:1
3878,0,0,true,,,utility,utility,3,75,165887212042,165887157415,12,0,,false,8,11,3,3,GOBLIN:1;GOLEM:7,GARGOYLE:2;MAGE:8;SPIDER:1
3879,0,0,true,,,utility,utility,3,75,165887219961,165887264340,23,0,,false,7,11,3,3,GARGOYLE:6;GOBLIN:1;MAGE:4,ARCHER:3;GOBLIN:11;SPIDER:8
3880,0,0,true,,,utility,utility,3,75,165887219961,165887264340,23,0,,false,7,11,3,3,GARGOYLE:6;GOBLIN:1;MAGE:4,ARCHER:3;GOBLIN:11;SPIDER:8
3881,0,0,true,,,utility,cascade,3,75,165895131042,165895082255,15,0,BLUE,false,0,1,2,4,ASSASSIN:7;SPIDER:8,ARCHER:2;ASSASSIN:9
3882,0,0,true,,,cascade,utility,3,75,165895131042,165895082255,7,0,BLUE,false,0,6,2,4,ASSASSIN:7;SPIDER:8,ARCHER:2;ASSASSIN:9
3883,0,0,true,,,utility,cascade,3,75,165895138961,165895090236,27,0,BLUE,false,0,6,2,3,GARGOYLE:5;GOLEM:4,GARGOYLE:6;GOBLIN:10;SPIDER:1
3884,0,0,true,,,cascade,utility,3,75,165895138961,165895090236,22,0,GREEN,false,4,0,2,3,GARGOYLE:5;GOLEM:4,GARGOYLE:6;GOBLIN:10;SPIDER:1
3885,0,0,true,,,utility,cascade,3,75,84828328042,84828311239,23,0,BLUE,false,0,4,3,2,GOBLIN:11;GOLEM:4,GARGOYLE:5;GOLEM:4
3886,0,0,true,,,cascade,utility,3,75,84828328042,84828311239,21,0,,false,14,5,3,2,GOBLIN:11;GOLEM:4,GARGOYLE:5;GOLEM:4
3887,0,0,true,,,utility,cascade,3,75,84828335961,84828320244,11,0,BLUE,false,0,10,4,4,ASSASSIN:4;GARGOYLE:6;SPIDER:1,ARCHER:4;GOBLIN:16;SPIDER:1
3888,0,0,true,,,cascade,utility,3,75,84828335961,84828320244,7,0,BLUE,false,0,16,4,4,ASSASSIN:4;GARGOYLE:6;SPIDER:1,ARCHER:4;GOBLIN:16;SPIDER:1
3889,0,0,true,,,utility,utility,3,75,85097574042,85097525303,22,0,,false,25,10,2,3,GOBLIN:11;SPIDER:14,GARGOYLE:3;MAGE:2;SCORPION_RIDER:5
3890,0,0,true,,,utility,utility,3,75,85097574042,85097525303,22,0,,false,25,10,2,3,GOBLIN:11;SPIDER:14,GARGOYLE:3;MAGE:2;SCORPION_RIDER:5
3891,0,0,true,,,utility,utility,3,75,85097581961,85097632548,15,0,BLUE,false,0,2,3,3,ASSASSIN:3;SPIDER:18,SCORPION_RIDER:9;SPIDER:1
3892,0,0,true,,,utility,utility,3,75,85097581961,85097632548,15,0,BLUE,false,0,2,3,3,ASSASSIN:3;SPIDER:18,SCORPION_RIDER:9;SPIDER:1
3893,0,0,true,,,utility,utility,3,75,85232197042,85232239391,11,0,BLUE,false,0,10,3,2,MAGE:10;SPIDER:1,GOBLIN:11;MAGE:6
3894,0,0,true,,,utility,utility,3,75,85232197042,85232239391,15,0,BLUE,false,0,10,3,2,MAGE:10;SPIDER:1,GOBLIN:11;MAGE:6
3895,0,0,true,,,utility,utility,3,75,85232204961,85232247308,12,0,GREEN,false,9,0,3,3,GARGOYLE:4;GOLEM:4;MAGE:1,MAGE:4;SPIDER:15
3896,0,0,true,,,utility,utility,3,75,85232204961,85232247308,12,0,GREEN,false,9,0,3,3,GARGOYLE:4;GOLEM:4;MAGE:1,MAGE:4;SPIDER:15
3897,0,0,true,,,utility,utility,3,75,172966798042,172966755447,21,0,,false,6,8,3,3,GOBLIN:1;MAGE:10,MAGE:8;SCORPION_RIDER:2;SPIDER:1
3898,0,0,true,,,utility,utility,3,75,172966798042,172966755447,21,0,,false,6,8,3,3,GOBLIN:1;MAGE:10,MAGE:8;SCORPION_RIDER:2;SPIDER:1
3899,0,0,true,,,utility,utility,3,75,172966805961,172966862692,18,0,,false,7,11,3,3,GARGOYLE:6;GOBLIN:10;SPIDER:1,ARCHER:7;MAGE:4;SPIDER:1
3900,0,0,true,,,utility,utility,3,75,172966805961,172966862692,18,0,,false,7,11,3,3,GARGOYLE:6;GOBLIN:10;SPIDER:1,ARCHER:7;MAGE:4;SPIDER:1
3901,0,0,true,,,utility,cascade,3,75,172974717042,172974696159,9,0,BLUE,false,0,3,2,3,ASSASSIN:7;SCORPION_RIDER:3,ARCHER:4;SCORPION_RIDER:5;SPIDER:3
3902,0,0,true,,,cascade,utility,3,75,172974717042,172974696159,4,0,BLUE,false,0,5,2,3,ASSASSIN:7;SCORPION_RIDER:3,ARCHER:4;SCORPION_RIDER:5;SPIDER:3
3903,0,0,true,,,utility,cascade,3,75,172974724961,172974672332,7,0,BLUE,false,0,5,3,2,ASSASSIN:1;GOBLIN:22,GOBLIN:9;SCORPION_RIDER:6
3904,0,0,true,,,cascade,utility,3,75,172974724961,172974672332,5,0,BLUE,false,0,12,3,2,ASSASSIN:1;GOBLIN:22,GOBLIN:9;SCORPION_RIDER:6
3905,0,0,true,,,utility,cascade,3,75,172982636042,172982620327,13,0,BLUE,false,0,10,3,3,ARCHER:7;GOLEM:3;SPIDER:1,ARCHER:8;GOBLIN:8;SPIDER:1
3906,0,0,true,,,cascade,utility,3,75,172982636042,172982620327,20,0,GREEN,false,2,0,3,3,ARCHER:7;GOLEM:3;SPIDER:1,ARCHER:8;GOBLIN:8;SPIDER:1
3907,0,0,true,,,utility,cascade,3,75,172982643961,172982628948,29,0,BLUE,false,0,4,3,2,GARGOYLE:6;GOBLIN:1;SPIDER:10,GOBLIN:11;GOLEM:4
3908,0,0,true,,,cascade,utility,3,75,172982643961,172982628948,22,0,BLUE,false,0,10,3,2,GARGOYLE:6;GOBLIN:1;SPIDER:10,GOBLIN:11;GOLEM:4
3909,0,0,true,,,utility,cascade,3,75,172990555042,172990577935,19,0,BLUE,false,0,4,3,4,GOBLIN:2;MAGE:3;SPIDER:16,ARCHER:5;GARGOYLE:6;SPIDER:1
3910,0,0,true,,,cascade,utility,3,75,172990555042,172990577935,14,0,BLUE,false,0,4,3,4,GOBLIN:2;MAGE:3;SPIDER:16,ARCHER:5;GARGOYLE:6;SPIDER:1
3911,0,0,true,,,utility,cascade,3,75,172990562961,172990553148,8,0,GREEN,false,3,0,3,2,ASSASSIN:4;GARGOYLE:1;SCORPION_RIDER:5,ASSASSIN:5;GOLEM:4
3912,0,0,true,,,cascade,utility,3,75,172990562961,172990553148,5,0,BLUE,false,0,3,3,2,ASSASSIN:4;GARGOYLE:1;SCORPION_RIDER:5,ASSASSIN:5;GOLEM:4
3913,0,0,true,,,utility,cascade,3,75,172998474042,172998518679,9,0,GREEN,false,3,0,3,3,GARGOYLE:3;MAGE:7;SPIDER:1,ASSASSIN:2;MAGE:8;SPIDER:1
3914,0,0,true,,,cascade,utility,3,75,172998474042,172998518679,14,0,GREEN,false,5,0,3,3,GARGOYLE:3;MAGE:7;SPIDER:1,ASSASSIN:2;MAGE:8;SPIDER:1
3915,0,0,true,,,utility,cascade,3,75,172998481961,172998493828,17,0,GREEN,false,6,0,5,3,ARCHER:6;GARGOYLE:5;GOBLIN:1,GOLEM:3;SPIDER:15
3916,0,0,true,,,cascade,utility,3,75,172998481961,172998493828,26,0,GREEN,false,5,0,5,3,ARCHER:6;GARGOYLE:5;GOBLIN:1,GOLEM:3;SPIDER:15
3917,0,0,true,,,utility,cascade,3,75,173006393042,173006442623,13,0,BLUE,false,0,4,3,3,ARCHER:5;GOLEM:4;SPIDER:1,GOBLIN:15;MAGE:4
3918,0,0,true,,,cascade,utility,3,75,173006393042,173006442623,15,0,BLUE,false,0,6,3,3,ARCHER:5;GOLEM:4;SPIDER:1,GOBLIN:15;MAGE:4
3919,0,0,true,,,utility,cascade,3,75,173006400961,173006451564,14,0,GREEN,false,2,0,3,3,GOLEM:7;SPIDER:1,ARCHER:5;GOBLIN:1;GOLEM:4
3920,0,0,true,,,cascade,utility,3,75,173006400961,173006451564,18,0,GREEN,false,2,0,3,3,GOLEM:7;SPIDER:1,ARCHER:5;GOBLIN:1;GOLEM:4
3921,0,0,true,,,utility,cascade,3,75,173014312042,173014268615,4,0,GREEN,false,9,0,3,2,ARCHER:11;ASSASSIN:1,ARCHER:4;MAGE:7
3922,0,0,true,,,cascade,utility,3,75,173014312042,173014268615,8,0,GREEN,false,5,0,3,2,ARCHER:11;ASSASSIN:1,ARCHER:4;MAGE:7
3923,0,0,true,,,utility,cascade,3,75,173014319961,173014375924,16,0,GREEN,false,10,0,3,4,ARCHER:5;GOLEM:4;SPIDER:1,GARGOYLE:5;GOLEM:2;SPIDER:6
3924,0,0,true,,,cascade,utility,3,75,173014319961,173014375924,29,0,BLUE,false,0,6,3,4,ARCHER:5;GOLEM:4;SPIDER:1,GARGOYLE:5;GOLEM:2;SPIDER:6
3925,0,0,true,,,utility,cascade,3,75,234552861042,234552852447,9,0,GREEN,false,5,0,3,2,ARCHER:1;GARGOYLE:3;SCORPION_RIDER:6,GOBLIN:11;SCORPION_RIDER:5
3926,0,0,true,,,cascade,utility,3,75,234552861042,234552852447,11,0,BLUE,false,0,6,3,2,ARCHER:1;GARGOYLE:3;SCORPION_RIDER:6,GOBLIN:11;SCORPION_RIDER:5
3927,0,0,true,,,utility,cascade,3,75,234552868961,234552827596,11,0,GREEN,false,4,0,3,3,ARCHER:4;SCORPION_RIDER:6;SPIDER:1,ARCHER:5;GOBLIN:1;GOLEM:4
3928,0,0,true,,,cascade,utility,3,75,234552868961,234552827596,11,0,BLUE,false,0,1,3,3,ARCHER:4;SCORPION_RIDER:6;SPIDER:1,ARCHER:5;GOBLIN:1;GOLEM:4
3929,0,0,true,,,utility,cascade,3,75,234552876880,234552820221,17,0,BLUE,false,0,7,3,2,GARGOYLE:10;SPIDER:1,ARCHER:7;SPIDER:11
3930,0,0,true,,,cascade,utility,3,75,234552876880,234552820221,14,0,GREEN,false,6,0,3,2,GARGOYLE:10;SPIDER:1,ARCHER:7;SPIDER:11
3931,0,0,true,,,utility,cascade,3,75,234552884799,234552828050,9,0,BLUE,false,0,8,3,3,ASSASSIN:5;GOBLIN:12;SPIDER:1,ARCHER:9;ASSASSIN:3
3932,0,0,true,,,cascade,utility,3,75,234552884799,234552828050,8,0,GREEN,false,5,0,3,3,ASSASSIN:5;GOBLIN:12;SPIDER:1,ARCHER:9;ASSASSIN:3
3933,0,0,true,,,utility,cascade,3,75,173022231042,173022209199,18,0,GREEN,false,4,0,2,3,MAGE:8;SPIDER:6,ARCHER:1;ASSASSIN:4;GOLEM:4
3934,0,0,true,,,cascade,utility,3,75,173022231042,173022209199,13,0,BLUE,false,0,4,2,3,MAGE:8;SPIDER:6,ARCHER:1;ASSASSIN:4;GOLEM:4
3935,0,0,true,,,utility,cascade,3,75,173022238961,173022185052,24,0,GREEN,false,3,0,4,4,ASSASSIN:3;GARGOYLE:5;GOBLIN:1;MAGE:2,GOLEM:4;SPIDER:11
3936,0,0,true,,,cascade,utility,3,75,173022238961,173022185052,21,0,BLUE,false,0,5,4,4,ASSASSIN:3;GARGOYLE:5;GOBLIN:1;MAGE:2,GOLEM:4;SPIDER:11
3937,0,0,true,,,utility,cascade,3,75,234560780042,234560792999,4,0,GREEN,false,11,0,3,2,GARGOYLE:1;GOBLIN:12;SCORPION_RIDER:4,MAGE:7;SCORPION_RIDER:3
3938,0,0,true,,,cascade,utility,3,75,234560780042,234560792999,4,0,GREEN,false,15,0,3,2,GARGOYLE:1;GOBLIN:12;SCORPION_RIDER:4,MAGE:7;SCORPION_RIDER:3
3939,0,0,true,,,utility,cascade,3,75,234560787961,234560768852,13,0,BLUE,false,0,11,3,2,GOBLIN:10;SPIDER:15,ARCHER:7;GOBLIN:11
3940,0,0,true,,,cascade,utility,3,75,234560787961,234560768852,10,0,GREEN,false,5,0,3,2,GOBLIN:10;SPIDER:15,ARCHER:7;GOBLIN:11
3941,0,0,true,,,utility,cascade,3,75,234560795880,234560776773,6,0,GREEN,false,23,0,3,3,GOBLIN:24;SPIDER:1,ASSASSIN:2;MAGE:8;SPIDER:1
3942,0,0,true,,,cascade,utility,3,75,234560795880,234560776773,6,0,GREEN,false,21,0,3,3,GOBLIN:24;SPIDER:1,ASSASSIN:2;MAGE:8;SPIDER:1
3943,0,0,true,,,utility,cascade,3,75,234560803799,234560753018,27,0,BLUE,false,0,8,4,3,ASSASSIN:1;GOBLIN:10;GOLEM:3;SCORPION_RIDER:1,ARCHER:8;GOBLIN:9
3944,0,0,true,,,cascade,utility,3,75,234560803799,234560753018,13,0,BLUE,false,0,8,4,3,ASSASSIN:1;GOBLIN:10;GOLEM:3;SCORPION_RIDER:1,ARCHER:8;GOBLIN:9
3945,0,0,true,,,utility,cascade,3,75,173758698042,173758712983,9,0,BLUE,false,0,8,2,3,MAGE:7;SCORPION_RIDER:3,GOBLIN:13;MAGE:5
3946,0,0,true,,,cascade,utility,3,75,173758698042,173758712983,13,0,BLUE,false,0,7,2,3,MAGE:7;SCORPION_RIDER:3,GOBLIN:13;MAGE:5
3947,0,0,true,,,utility,cascade,3,75,173758705961,173758721924,6,0,GREEN,false,11,0,3,3,ARCHER:8;GOBLIN:1;SCORPION_RIDER:3,MAGE:10;SPIDER:1
3948,0,0,true,,,cascade,utility,3,75,173758705961,173758721924,10,0,GREEN,false,10,0,3,3,ARCHER:8;GOBLIN:1;SCORPION_RIDER:3,MAGE:10;SPIDER:1
3949,0,0,true,,,utility,cascade,3,75,173766617042,173766670719,10,0,GREEN,false,3,0,2,2,MAGE:7;SCORPION_RIDER:3,ARCHER:7;SPIDER:11
3950,0,0,true,,,cascade,utility,3,75,173766617042,173766670719,5,0,BLUE,false,0,14,2,2,MAGE:7;SCORPION_RIDER:3,ARCHER:7;SPIDER:11
3951,0,0,true,,,utility,cascade,3,75,173766624961,173766645868,17,0,BLUE,false,0,2,3,3,ARCHER:5;GOBLIN:1;SPIDER:14,ARCHER:1;GOLEM:2;MAGE:7
3952,0,0,true,,,cascade,utility,3,75,173766624961,173766645868,14,0,GREEN,false,7,0,3,3,ARCHER:5;GOBLIN:1;SPIDER:14,ARCHER:1;GOLEM:2;MAGE:7
3953,0,0,true,,,utility,cascade,3,75,173774536042,173774480327,15,0,BLUE,false,0,11,3,4,ASSASSIN:8;GARGOYLE:2;SPIDER:1,GARGOYLE:6;GOBLIN:10;SPIDER:1
3954,0,0,true,,,cascade,utility,3,75,173774536042,173774480327,8,0,BLUE,false,0,11,3,4,ASSASSIN:8;GARGOYLE:2;SPIDER:1,GARGOYLE:6;GOBLIN:10;SPIDER:1
3955,0,0,true,,,utility,cascade,3,75,173774543961,173774586612,21,0,GREEN,false,2,0,3,3,GARGOYLE:5;GOLEM:1;MAGE:4,GOBLIN:10;SCORPION_RIDER:4;SPIDER:4
3956,0,0,true,,,cascade,utility,3,75,173774543961,173774586612,9,0,BLUE,false,0,12,3,3,GARGOYLE:5;GOLEM:1;MAGE:4,GOBLIN:10;SCORPION_RIDER:4;SPIDER:4
3957,0,0,true,,,utility,cascade,3,75,235313085042,235313063135,7,0,BLUE,false,0,5,3,2,ASSASSIN:8;GOBLIN:1;SCORPION_RIDER:2,SCORPION_RIDER:6;SPIDER:9
3958,0,0,true,,,cascade,utility,3,75,235313085042,235313063135,7,0,BLUE,false,0,5,3,2,ASSASSIN:8;GOBLIN:1;SCORPION_RIDER:2,SCORPION_RIDER:6;SPIDER:9
3959,0,0,true,,,utility,cascade,3,75,235313092961,235313039308,13,0,BLUE,false,0,6,3,3,GOBLIN:1;MAGE:10,ASSASSIN:10;SPIDER:1
3960,0,0,true,,,cascade,utility,3,75,235313092961,235313039308,7,0,BLUE,false,0,8,3,3,GOBLIN:1;MAGE:10,ASSASSIN:10;SPIDER:1
3961,0,0,true,,,utility,cascade,3,75,235313100880,235313047293,11,0,GREEN,false,6,0,3,3,ARCHER:6;GARGOYLE:5;GOBLIN:1,ARCHER:11;MAGE:1
3962,0,0,true,,,cascade,utility,3,75,235313100880,235313047293,12,0,GREEN,false,5,0,3,3,ARCHER:6;GARGOYLE:5;GOBLIN:1,ARCHER:11;MAGE:1
3963,0,0,true,,,utility,cascade,3,75,235313108799,235313154450,10,0,GREEN,false,7,0,3,3,ARCHER:9;ASSASSIN:3,GARGOYLE:2;GOBLIN:1;MAGE:8
3964,0,0,true,,,cascade,utility,3,75,235313108799,235313154450,12,0,GREEN,false,5,0,3,3,ARCHER:9;ASSASSIN:3,GARGOYLE:2;GOBLIN:1;MAGE:8
3965,0,0,true,,,utility,cascade,3,75,173782455042,173782404527,19,0,BLUE,false,0,6,3,3,ARCHER:5;GOBLIN:1;GOLEM:4,GARGOYLE:6;GOLEM:3;SPIDER:1
3966,0,0,true,,,cascade,utility,3,75,173782455042,173782404527,11,0,BLUE,false,0,7,3,3,ARCHER:5;GOBLIN:1;GOLEM:4,GARGOYLE:6;GOLEM:3;SPIDER:1
3967,0,0,true,,,utility,cascade,3,75,173782462961,173782413148,11,0,BLUE,false,0,14,3,3,GOBLIN:7;MAGE:7;SPIDER:1,ARCHER:5;GOBLIN:12;SPIDER:3
3968,0,0,true,,,cascade,utility,3,75,173782462961,173782413148,19,0,BLUE,false,0,10,3,3,GOBLIN:7;MAGE:7;SPIDER:1,ARCHER:5;GOBLIN:12;SPIDER:3
3969,0,0,true,,,utility,cascade,3,75,173790374042,173790361143,9,0,GREEN,false,10,0,2,3,ARCHER:7;GOBLIN:11,GOBLIN:11;GOLEM:3;SPIDER:4
3970,0,0,true,,,cascade,utility,3,75,173790374042,173790361143,14,0,GREEN,false,7,0,2,3,ARCHER:7;GOBLIN:11,GOBLIN:11;GOLEM:3;SPIDER:4
3971,0,0,true,,,utility,cascade,3,75,173790381961,173790337316,13,0,BLUE,false,0,13,3,4,MAGE:10;SPIDER:1,GOBLIN:15;GOLEM:3
3972,0,0,true,,,cascade,utility,3,75,173790381961,173790337316,28,0,GREEN,false,8,0,3,4,MAGE:10;SPIDER:1,GOBLIN:15;GOLEM:3
3973,0,0,true,,,utility,cascade,3,75,173798293042,173798301855,12,0,GREEN,false,9,0,4,3,ARCHER:1;GOBLIN:22;SPIDER:1,ARCHER:6;ASSASSIN:1;GOBLIN:10
3974,0,0,true,,,cascade,utility,3,75,173798293042,173798301855,10,0,GREEN,false,6,0,4,3,ARCHER:1;GOBLIN:22;SPIDER:1,ARCHER:6;ASSASSIN:1;GOBLIN:10
3975,0,0,true,,,utility,cascade,3,75,173798300961,173798278028,11,0,BLUE,false,0,5,2,2,SPIDER:25,GOBLIN:10;SPIDER:15
3976,0,0,true,,,cascade,utility,3,75,173798300961,173798278028,8,0,BLUE,false,0,11,2,2,SPIDER:25,GOBLIN:10;SPIDER:15
3977,0,0,true,,,utility,utility,3,75,173806212042,173806226791,13,0,BLUE,false,0,6,3,3,GARGOYLE:1;GOBLIN:22,GOBLIN:1;SCORPION_RIDER:9
3978,0,0,true,,,utility,utility,3,75,173806212042,173806226791,13,0,BLUE,false,0,6,3,3,GARGOYLE:1;GOBLIN:22,GOBLIN:1;SCORPION_RIDER:9
3979,0,0,true,,,utility,utility,3,75,173806219961,173806234644,12,0,GREEN,false,4,0,3,3,GARGOYLE:4;GOBLIN:1;SPIDER:14,ASSASSIN:6;GOLEM:1;SPIDER:7
3980,0,0,true,,,utility,utility,3,75,173806219961,173806234644,12,0,GREEN,false,4,0,3,3,GARGOYLE:4;GOBLIN:1;SPIDER:14,ASSASSIN:6;GOLEM:1;SPIDER:7
3981,0,0,true,,,utility,cascade,3,75,173814131042,173814183887,7,0,BLUE,false,0,6,2,3,ASSASSIN:8;GOBLIN:6,ASSASSIN:6;GOBLIN:11
3982,0,0,true,,,cascade,utility,3,75,173814131042,173814183887,6,0,BLUE,false,0,8,2,3,ASSASSIN:8;GOBLIN:6,ASSASSIN:6;GOBLIN:11
3983,0,0,true,,,utility,cascade,3,75,173814138961,173814159100,19,0,BLUE,false,0,3,3,2,GOLEM:4;SCORPION_RIDER:4;SPIDER:1,GARGOYLE:5;SPIDER:13
3984,0,0,true,,,cascade,utility,3,75,173814138961,173814159100,16,0,GREEN,false,7,0,3,2,GOLEM:4;SCORPION_RIDER:4;SPIDER:1,GARGOYLE:5;SPIDER:13
3985,0,0,true,,,utility,cascade,3,75,92509758042,92509715703,8,0,GREEN,false,10,0,4,3,GARGOYLE:6;GOBLIN:1;GOLEM:3,GOBLIN:3;GOLEM:1;MAGE:8
3986,0,0,true,,,cascade,utility,3,75,92509758042,92509715703,14,0,GREEN,false,6,0,4,3,GARGOYLE:6;GOBLIN:1;GOLEM:3,GOBLIN:3;GOLEM:1;MAGE:8
3987,0,0,true,,,utility,cascade,3,75,92509765961,92509822948,31,0,,false,5,1,2,3,GARGOYLE:5;GOLEM:4,ARCHER:9;GARGOYLE:3
3988,0,0,true,,,cascade,utility,3,75,92509765961,92509822948,18,0,GREEN,false,7,0,2,3,GARGOYLE:5;GOLEM:4,ARCHER:9;GARGOYLE:3
3989,0,0,true,,,utility,utility,3,75,92779004042,92779028007,12,0,,false,25,18,3,3,GOBLIN:11;SPIDER:14,GARGOYLE:5;GOBLIN:2;SPIDER:11
3990,0,0,true,,,utility,utility,3,75,92779004042,92779028007,12,0,,false,25,18,3,3,GOBLIN:11;SPIDER:14,GARGOYLE:5;GOBLIN:2;SPIDER:11
3991,0,0,true,,,utility,utility,3,75,92779011961,92779020756,11,0,BLUE,false,0,7,3,3,ARCHER:2;ASSASSIN:4;GARGOYLE:5,GOLEM:7;SPIDER:1
3992,0,0,true,,,utility,utility,3,75,92779011961,92779020756,11,0,BLUE,false,0,7,3,3,ARCHER:2;ASSASSIN:4;GARGOYLE:5,GOLEM:7;SPIDER:1
3993,0,0,true,,,utility,utility,3,75,92913627042,92913643791,14,0,GREEN,false,13,0,3,3,ARCHER:7;GOBLIN:11,GARGOYLE:3;GOBLIN:1;MAGE:7
3994,0,0,true,,,utility,utility,3,75,92913627042,92913643791,14,0,GREEN,false,14,0,3,3,ARCHER:7;GOBLIN:11,GARGOYLE:3;GOBLIN:1;MAGE:7
3995,0,0,true,,,utility,utility,3,75,92913634961,92913619004,5,0,BLUE,false,0,24,2,3,MAGE:8;SPIDER:6,GOBLIN:15;SPIDER:10
3996,0,0,true,,,utility,utility,3,75,92913634961,92913619004,5,0,BLUE,false,0,24,2,3,MAGE:8;SPIDER:6,GOBLIN:15;SPIDER:10
3997,0,0,true,,,utility,cascade,3,75,174550598042,174550556471,13,0,BLUE,false,0,5,3,3,MAGE:8;SCORPION_RIDER:2;SPIDER:1,ASSASSIN:4;GARGOYLE:6;SPIDER:1
3998,0,0,true,,,cascade,utility,3,75,174550598042,174550556471,15,0,BLUE,false,0,6,3,3,MAGE:8;SCORPION_RIDER:2;SPIDER:1,ASSASSIN:4;GARGOYLE:6;SPIDER:1
3999,0,0,true,,,utility,cascade,3,75,174550605961,174550564388,9,0,BLUE,false,0,7,3,3,GOBLIN:1;SCORPION_RIDER:5;SPIDER:10,GARGOYLE:10;SPIDER:1
4000,0,0,true,,,cascade,utility,3,75,174550605961,174550564388,10,0,BLUE,false,0,6,3,3,GOBLIN:1;SCORPION_RIDER:5;SPIDER:10,GARGOYLE:10;SPIDER:1
4001,0,0,true,,,utility,cascade,3,75,174558517042,174558497183,16,0,GREEN,false,5,0,2,3,ASSASSIN:8;GOBLIN:6,MAGE:7;SPIDER:8
4002,0,0,true,,,cascade,utility,3,75,174558517042,174558497183,6,0,GREEN,false,10,0,2,3,ASSASSIN:8;GOBLIN:6,MAGE:7;SPIDER:8
4003,0,0,true,,,utility,cascade,3,75,174558524961,174558505100,15,0,BLUE,false,0,6,3,3,ARCHER:7;ASSASSIN:4;GOBLIN:1,ARCHER:5;GARGOYLE:6;GOBLIN:1
4004,0,0,true,,,cascade,utility,3,75,174558524961,174558505100,14,0,BLUE,false,0,6,3,3,ARCHER:7;ASSASSIN:4;GOBLIN:1,ARCHER:5;GARGOYLE:6;GOBLIN:1
4005,0,0,true,,,utility,cascade,3,75,174566436042,174566453863,14,0,GREEN,false,12,0,3,4,GOBLIN:14;SCORPION_RIDER:4,ASSASSIN:4;GARGOYLE:5;MAGE:1;SPIDER:1
4006,0,0,true,,,cascade,utility,3,75,174566436042,174566453863,10,0,GREEN,false,13,0,3,4,GOBLIN:14;SCORPION_RIDER:4,ASSASSIN:4;GARGOYLE:5;MAGE:1;SPIDER:1
4007,0,0,true,,,utility,cascade,3,75,174566443961,174566429972,10,0,GREEN,false,9,0,3,3,ARCHER:8;GARGOYLE:3;GOBLIN:2,GOBLIN:1;SCORPION_RIDER:6;SPIDER:8
4008,0,0,true,,,cascade,utility,3,75,174566443961,174566429972,14,0,GREEN,false,8,0,3,3,ARCHER:8;GARGOYLE:3;GOBLIN:2,GOBLIN:1;SCORPION_RIDER:6;SPIDER:8
4009,0,0,true,,,utility,cascade,3,75,174574355042,174574378191,7,0,BLUE,false,0,24,2,3,MAGE:7;SPIDER:8,GOBLIN:12;SPIDER:13
4010,0,0,true,,,cascade,utility,3,75,174574355042,174574378191,16,0,BLUE,false,0,12,2,3,MAGE:7;SPIDER:8,GOBLIN:12;SPIDER:13
4011,0,0,true,,,utility,cascade,3,75,174574362961,174574387196,16,0,GREEN,false,6,0,2,3,GOBLIN:10;SPIDER:15,GOLEM:2;SCORPION_RIDER:6;SPIDER:2
4012,0,0,true,,,cascade,utility,3,75,174574362961,174574387196,11,0,BLUE,false,0,6,2,3,GOBLIN:10;SPIDER:15,GOLEM:2;SCORPION_RIDER:6;SPIDER:2
4013,0,0,true,,,utility,utility,3,75,236112904042,236112847303,15,0,BLUE,false,0,11,3,3,ASSASSIN:4;GOBLIN:4;MAGE:5,ARCHER:6;GARGOYLE:5;SPIDER:1
4014,0,0,true,,,utility,utility,3,75,236112904042,236112847303,15,0,BLUE,false,0,11,3,3,ASSASSIN:4;GOBLIN:4;MAGE:5,ARCHER:6;GARGOYLE:5;SPIDER:1
4015,0,0,true,,,utility,utility,3,75,236112911961,236112953588,19,0,,false,14,4,3,3,GOBLIN:11;MAGE:4;SPIDER:4,ARCHER:1;ASSASSIN:4;GOLEM:4
4016,0,0,true,,,utility,utility,3,75,236112911961,236112953588,19,0,,false,14,4,3,3,GOBLIN:11;MAGE:4;SPIDER:4,ARCHER:1;ASSASSIN:4;GOLEM:4
4017,0,0,true,,,utility,utility,3,75,236112919880,236112962533,14,0,BLUE,false,0,2,3,3,ARCHER:5;GOBLIN:1;SCORPION_RIDER:5,GOBLIN:10;GOLEM:4;SPIDER:1
4018,0,0,true,,,utility,utility,3,75,236112919880,236112962533,8,0,GREEN,false,11,0,3,3,ARCHER:5;GOBLIN:1;SCORPION_RIDER:5,GOBLIN:10;GOLEM:4;SPIDER:1
4019,0,0,true,,,utility,utility,3,75,236112927799,236112937626,13,0,BLUE,false,0,5,3,3,ASSASSIN:3;SCORPION_RIDER:6;SPIDER:2,ASSASSIN:5;GARGOYLE:5;GOBLIN:1
4020,0,0,true,,,utility,utility,3,75,236112927799,236112937626,13,0,BLUE,false,0,5,3,3,ASSASSIN:3;SCORPION_RIDER:6;SPIDER:2,ASSASSIN:5;GARGOYLE:5;GOBLIN:1
4021,0,0,true,,,utility,cascade,3,75,174582274042,174582319447,13,0,BLUE,false,0,5,4,3,ARCHER:8;GOBLIN:3;MAGE:2;SPIDER:1,ASSASSIN:1;GOLEM:2;SCORPION_RIDER:6
4022,0,0,true,,,cascade,utility,3,75,174582274042,174582319447,11,0,BLUE,false,0,6,4,3,ARCHER:8;GOBLIN:3;MAGE:2;SPIDER:1,ASSASSIN:1;GOLEM:2;SCORPION_RIDER:6
4023,0,0,true,,,utility,cascade,3,75,174582281961,174582327364,25,0,BLUE,false,0,6,3,3,GOBLIN:1;GOLEM:7,GARGOYLE:1;GOBLIN:9;GOLEM:4
4024,0,0,true,,,cascade,utility,3,75,174582281961,174582327364,18,0,BLUE,false,0,5,3,3,GOBLIN:1;GOLEM:7,GARGOYLE:1;GOBLIN:9;GOLEM:4
4025,0,0,true,,,utility,cascade,3,75,174590193042,174590145343,11,0,BLUE,false,0,7,3,3,ASSASSIN:5;GOLEM:4,ARCHER:8;GOBLIN:9
4026,0,0,true,,,cascade,utility,3,75,174590193042,174590145343,16,0,GREEN,false,3,0,3,3,ASSASSIN:5;GOLEM:4,ARCHER:8;GOBLIN:9
4027,0,0,true,,,utility,cascade,3,75,174590200961,174590251564,22,0,GREEN,false,6,0,3,2,ARCHER:1;GOLEM:2;MAGE:7,GOLEM:3;SPIDER:15
4028,0,0,true,,,cascade,utility,3,75,174590200961,174590251564,13,0,BLUE,false,0,3,3,2,ARCHER:1;GOLEM:2;MAGE:7,GOLEM:3;SPIDER:15
4029,0,0,true,,,utility,cascade,3,75,174598112042,174598069639,15,0,BLUE,false,0,6,3,2,GOLEM:4;SCORPION_RIDER:4;SPIDER:1,GARGOYLE:6;SCORPION_RIDER:4
4030,0,0,true,,,cascade,utility,3,75,174598112042,174598069639,17,0,BLUE,false,0,2,3,2,GOLEM:4;SCORPION_RIDER:4;SPIDER:1,GARGOYLE:6;SCORPION_RIDER:4
4031,0,0,true,,,utility,cascade,3,75,174598119961,174598077620,25,0,BLUE,false,0,6,2,3,MAGE:4;SPIDER:15,GOBLIN:4;GOLEM:2;SPIDER:14
4032,0,0,true,,,cascade,utility,3,75,174598119961,174598077620,29,0,BLUE,false,0,2,2,3,MAGE:4;SPIDER:15,GOBLIN:4;GOLEM:2;SPIDER:14
4033,0,0,true,,,utility,cascade,3,75,174606031042,174606009967,16,0,GREEN,false,2,0,3,3,ASSASSIN:7;GARGOYLE:3;GOBLIN:1,ASSASSIN:8;GARGOYLE:2;SPIDER:1
4034,0,0,true,,,cascade,utility,3,75,174606031042,174606009967,16,0,GREEN,false,3,0,3,3,ASSASSIN:7;GARGOYLE:3;GOBLIN:1,ASSASSIN:8;GARGOYLE:2;SPIDER:1
4035,0,0,true,,,utility,cascade,3,75,174606038961,174606018844,5,0,GREEN,false,9,0,3,2,GOLEM:2;SPIDER:18,ASSASSIN:4;SPIDER:15
4036,0,0,true,,,cascade,utility,3,75,174606038961,174606018844,11,0,BLUE,false,0,1,3,2,GOLEM:2;SPIDER:18,ASSASSIN:4;SPIDER:15
4037,0,0,true,,,utility,cascade,3,75,175342498042,175342546519,20,0,GREEN,false,3,0,3,3,ARCHER:5;GARGOYLE:6;SPIDER:1,ARCHER:1;GARGOYLE:4;SCORPION_RIDER:5
4038,0,0,true,,,cascade,utility,3,75,175342498042,175342546519,26,0,GREEN,false,3,0,3,3,ARCHER:5;GARGOYLE:6;SPIDER:1,ARCHER:1;GARGOYLE:4;SCORPION_RIDER:5
4039,0,0,true,,,utility,cascade,3,75,175342505961,175342522692,17,0,BLUE,false,0,5,3,3,ASSASSIN:5;GOBLIN:13,GOBLIN:1;MAGE:8;SCORPION_RIDER:2
4040,0,0,true,,,cascade,utility,3,75,175342505961,175342522692,12,0,GREEN,false,7,0,3,3,ASSASSIN:5;GOBLIN:13,GOBLIN:1;MAGE:8;SCORPION_RIDER:2
4041,0,0,true,,,utility,cascade,3,75,175350417042,175350470719,8,0,GREEN,false,9,0,2,3,ARCHER:7;SCORPION_RIDER:4,ARCHER:1;GOLEM:4;MAGE:4
4042,0,0,true,,,cascade,utility,3,75,175350417042,175350470719,14,0,GREEN,false,7,0,2,3,ARCHER:7;SCORPION_RIDER:4,ARCHER:1;GOLEM:4;MAGE:4
4043,0,0,true,,,utility,cascade,3,75,175350424961,175350479660,19,0,BLUE,false,0,3,3,4,GOBLIN:1;GOLEM:3;SPIDER:14,ARCHER:4;ASSASSIN:1;GOBLIN:1;GOLEM:4
4044,0,0,true,,,cascade,utility,3,75,175350424961,175350479660,18,0,BLUE,false,0,2,3,4,GOBLIN:1;GOLEM:3;SPIDER:14,ARCHER:4;ASSASSIN:1;GOBLIN:1;GOLEM:4
4045,0,0,true,,,utility,cascade,3,75,175358336042,175358280327,11,0,BLUE,false,0,5,2,3,ARCHER:3;MAGE:8,ASSASSIN:4;SCORPION_RIDER:5;SPIDER:2
4046,0,0,true,,,cascade,utility,3,75,175358336042,175358280327,7,0,BLUE,false,0,7,2,3,ARCHER:3;MAGE:8,ASSASSIN:4;SCORPION_RIDER:5;SPIDER:2
4047,0,0,true,,,utility,cascade,3,75,175358343961,175358289332,23,0,GREEN,false,3,0,3,2,ARCHER:1;MAGE:3;SCORPION_RIDER:6,ARCHER:5;SPIDER:15
4048,0,0,true,,,cascade,utility,3,75,175358343961,175358289332,8,0,GREEN,false,6,0,3,2,ARCHER:1;MAGE:3;SCORPION_RIDER:6,ARCHER:5;SPIDER:15
4049,0,0,true,,,utility,cascade,3,75,175366255042,175366238063,16,0,GREEN,false,9,0,3,3,ARCHER:8;GOBLIN:8;SPIDER:1,GARGOYLE:4;GOLEM:4;MAGE:1
4050,0,0,true,,,cascade,utility,3,75,175366255042,175366238063,14,0,GREEN,false,11,0,3,3,ARCHER:8;GOBLIN:8;SPIDER:1,GARGOYLE:4;GOLEM:4;MAGE:1
4051,0,0,true,,,utility,cascade,3,75,175366262961,175366213148,8,0,GREEN,false,8,0,3,2,MAGE:3;SCORPION_RIDER:6;SPIDER:2,SPIDER:25
4052,0,0,true,,,cascade,utility,3,75,175366262961,175366213148,10,0,GREEN,false,3,0,3,2,MAGE:3;SCORPION_RIDER:6;SPIDER:2,SPIDER:25
4053,0,0,true,,,utility,cascade,3,75,175374174042,175374162423,10,0,GREEN,false,5,0,4,2,GOLEM:4;MAGE:1;SPIDER:9,GOBLIN:6;MAGE:8
4054,0,0,true,,,cascade,utility,3,75,175374174042,175374162423,8,0,GREEN,false,7,0,4,2,GOLEM:4;MAGE:1;SPIDER:9,GOBLIN:6;MAGE:8
4055,0,0,true,,,utility,cascade,3,75,175374181961,175374170340,11,0,BLUE,false,0,16,2,3,GOLEM:3;SPIDER:15,ARCHER:6;GOBLIN:13
4056,0,0,true,,,cascade,utility,3,75,175374181961,175374170340,5,0,BLUE,false,0,14,2,3,GOLEM:3;SPIDER:15,ARCHER:6;GOBLIN:13
4057,0,0,true,,,utility,cascade,3,75,175382093042,175382102623,5,0,BLUE,false,0,21,3,3,ASSASSIN:10;GOBLIN:1,GOBLIN:24;SPIDER:1
4058,0,0,true,,,cascade,utility,3,75,175382093042,175382102623,2,0,BLUE,false,0,22,3,3,ASSASSIN:10;GOBLIN:1,GOBLIN:24;SPIDER:1
4059,0,0,true,,,utility,cascade,3,75,175382100961,175382111564,19,0,GREEN,false,3,0,3,3,GARGOYLE:5;SPIDER:13,GOLEM:2;MAGE:7;SPIDER:2
4060,0,0,true,,,cascade,utility,3,75,175382100961,175382111564,21,0,BLUE,false,0,7,3,3,GARGOYLE:5;SPIDER:13,GOLEM:2;MAGE:7;SPIDER:2
4061,0,0,true,,,utility,cascade,3,75,175390012042,175390059559,14,0,GREEN,false,7,0,3,4,ARCHER:6;GARGOYLE:5;GOBLIN:1,GARGOYLE:8;GOLEM:1;SPIDER:3
4062,0,0,true,,,cascade,utility,3,75,175390012042,175390059559,17,0,BLUE,false,0,6,3,4,ARCHER:6;GARGOYLE:5;GOBLIN:1,GARGOYLE:8;GOLEM:1;SPIDER:3
4063,0,0,true,,,utility,cascade,3,75,175390019961,175390035924,12,0,GREEN,false,4,0,2,3,GARGOYLE:5;GOLEM:4,GOBLIN:8;SPIDER:17
4064,0,0,true,,,cascade,utility,3,75,175390019961,175390035924,16,0,GREEN,false,5,0,2,3,GARGOYLE:5;GOLEM:4,GOBLIN:8;SPIDER:17
4065,0,0,true,,,utility,cascade,3,75,175397931042,175397983887,19,0,BLUE,false,0,7,3,2,ASSASSIN:5;GOBLIN:13,ARCHER:5;SPIDER:15
4066,0,0,true,,,cascade,utility,3,75,175397931042,175397983887,8,0,GREEN,false,11,0,3,2,ASSASSIN:5;GOBLIN:13,ARCHER:5;SPIDER:15
4067,0,0,true,,,utility,cascade,3,75,175397938961,175397992892,6,0,GREEN,false,14,0,3,2,GOBLIN:10;SCORPION_RIDER:5;SPIDER:1,GOBLIN:10;SPIDER:15
4068,0,0,true,,,cascade,utility,3,75,175397938961,175397992892,6,0,GREEN,false,12,0,3,2,GOBLIN:10;SCORPION_RIDER:5;SPIDER:1,GOBLIN:10;SPIDER:15
4069,0,0,true,,,utility,cascade,3,75,176134398042,176134389495,13,0,BLUE,false,0,6,3,2,GOLEM:3;SPIDER:15,GARGOYLE:6;SCORPION_RIDER:4
4070,0,0,true,,,cascade,utility,3,75,176134398042,176134389495,18,0,BLUE,false,0,5,3,2,GOLEM:3;SPIDER:15,GARGOYLE:6;SCORPION_RIDER:4
4071,0,0,true,,,utility,cascade,3,75,176134405961,176134382052,11,0,BLUE,false,0,14,3,3,ASSASSIN:8;GARGOYLE:2;GOBLIN:1,GOBLIN:1;MAGE:4;SPIDER:14
4072,0,0,true,,,cascade,utility,3,75,176134405961,176134382052,6,0,GREEN,false,6,0,3,3,ASSASSIN:8;GARGOYLE:2;GOBLIN:1,GOBLIN:1;MAGE:4;SPIDER:14
4073,0,0,true,,,utility,utility,3,75,176142317042,176142330719,17,0,BLUE,false,0,7,3,3,GARGOYLE:3;GOBLIN:1;MAGE:7,ARCHER:7;ASSASSIN:4;SPIDER:1
4074,0,0,true,,,utility,utility,3,75,176142317042,176142330719,17,0,BLUE,false,0,7,3,3,GARGOYLE:3;GOBLIN:1;MAGE:7,ARCHER:7;ASSASSIN:4;SPIDER:1
4075,0,0,true,,,utility,utility,3,75,176142324961,176142305868,8,0,GREEN,false,10,0,3,3,ASSASSIN:4;GOBLIN:1;SPIDER:14,ASSASSIN:7;GOBLIN:1;MAGE:3
4076,0,0,true,,,utility,utility,3,75,176142324961,176142305868,8,0,GREEN,false,10,0,3,3,ASSASSIN:4;GOBLIN:1;SPIDER:14,ASSASSIN:7;GOBLIN:1;MAGE:3
4077,0,0,true,,,utility,cascade,3,75,176150236042,176150254887,44,0,,false,8,4,3,2,GOBLIN:10;GOLEM:4;SPIDER:1,ARCHER:4;ASSASSIN:7
4078,0,0,true,,,cascade,utility,3,75,176150236042,176150254887,12,0,GREEN,false,5,0,3,2,GOBLIN:10;GOLEM:4;SPIDER:1,ARCHER:4;ASSASSIN:7
4079,0,0,true,,,utility,cascade,3,75,176150243961,176150262996,17,0,BLUE,false,0,8,3,2,GOBLIN:1;SPIDER:24,ARCHER:8;GOBLIN:9
4080,0,0,true,,,cascade,utility,3,75,176150243961,176150262996,15,0,BLUE,false,0,8,3,2,GOBLIN:1;SPIDER:24,ARCHER:8;GOBLIN:9
4081,0,0,true,,,utility,cascade,3,75,176158155042,176158211983,12,0,GREEN,false,3,0,3,3,GARGOYLE:6;GOBLIN:11,ARCHER:4;GOBLIN:1;SPIDER:16
4082,0,0,true,,,cascade,utility,3,75,176158155042,176158211983,16,0,GREEN,false,7,0,3,3,GARGOYLE:6;GOBLIN:11,ARCHER:4;GOBLIN:1;SPIDER:16
4083,0,0,true,,,utility,cascade,3,75,176158162961,176158187196,9,0,BLUE,false,0,7,4,3,ARCHER:12;GOBLIN:1,ASSASSIN:8;SCORPION_RIDER:2;SPIDER:1
4084,0,0,true,,,cascade,utility,3,75,176158162961,176158187196,5,0,BLUE,false,0,10,4,3,ARCHER:12;GOBLIN:1,ASSASSIN:8;SCORPION_RIDER:2;SPIDER:1
4085,0,0,true,,,utility,utility,3,75,176166074042,176166021143,16,0,,false,15,10,2,3,GOBLIN:10;SPIDER:15,GOLEM:2;SCORPION_RIDER:6;SPIDER:2
4086,0,0,true,,,utility,utility,3,75,176166074042,176166021143,16,0,,false,15,10,2,3,GOBLIN:10;SPIDER:15,GOLEM:2;SCORPION_RIDER:6;SPIDER:2
4087,0,0,true,,,utility,utility,3,75,176166081961,176166128388,6,0,GREEN,false,9,0,3,3,ARCHER:4;GOBLIN:1;SCORPION_RIDER:6,ARCHER:11;MAGE:1
4088,0,0,true,,,utility,utility,3,75,176166081961,176166128388,6,0,GREEN,false,9,0,3,3,ARCHER:4;GOBLIN:1;SCORPION_RIDER:6,ARCHER:11;MAGE:1
4089,0,0,true,,,utility,cascade,3,75,176173993042,176173945599,22,0,GREEN,false,8,0,4,3,ASSASSIN:1;GARGOYLE:9;GOBLIN:1,ASSASSIN:4;GARGOYLE:6;SPIDER:1
4090,0,0,true,,,cascade,utility,3,75,176173993042,176173945599,18,0,GREEN,false,5,0,4,3,ASSASSIN:1;GARGOYLE:9;GOBLIN:1,ASSASSIN:4;GARGOYLE:6;SPIDER:1
4091,0,0,true,,,utility,cascade,3,75,176174000961,176173954540,9,0,GREEN,false,4,0,3,3,ARCHER:5;GOBLIN:1;SCORPION_RIDER:5,ARCHER:1;GOLEM:4;SPIDER:9
4092,0,0,true,,,cascade,utility,3,75,176174000961,176173954540,16,0,GREEN,false,1,0,3,3,ARCHER:5;GOBLIN:1;SCORPION_RIDER:5,ARCHER:1;GOLEM:4;SPIDER:9
4093,0,0,true,,,utility,cascade,3,75,176181912042,176181903175,20,0,GREEN,false,7,0,3,3,ARCHER:7;GOLEM:3;SPIDER:1,GOBLIN:2;MAGE:3;SCORPION_RIDER:6
4094,0,0,true,,,cascade,utility,3,75,176181912042,176181903175,14,0,GREEN,false,7,0,3,3,ARCHER:7;GOLEM:3;SPIDER:1,GOBLIN:2;MAGE:3;SCORPION_RIDER:6
4095,0,0,true,,,utility,cascade,3,75,176181919961,176181878388,8,0,GREEN,false,13,0,3,3,ARCHER:2;GARGOYLE:6;GOBLIN:7,GARGOYLE:3;SCORPION_RIDER:6;SPIDER:2
4096,0,0,true,,,cascade,utility,3,75,176181919961,176181878388,18,0,GREEN,false,3,0,3,3,ARCHER:2;GARGOYLE:6;GOBLIN:7,GARGOYLE:3;SCORPION_RIDER:6;SPIDER:2
4097,0,0,true,,,utility,cascade,3,75,176189831042,176189843759,9,0,BLUE,false,0,10,2,3,ASSASSIN:8;GOBLIN:6,ARCHER:4;GOBLIN:1;SPIDER:16
4098,0,0,true,,,cascade,utility,3,75,176189831042,176189843759,7,0,BLUE,false,0,7,2,3,ASSASSIN:8;GOBLIN:6,ARCHER:4;GOBLIN:1;SPIDER:16
4099,0,0,true,,,utility,cascade,3,75,176189838961,176189819100,14,0,GREEN,false,2,0,3,2,MAGE:10;SPIDER:1,ARCHER:3;ASSASSIN:8
4100,0,0,true,,,cascade,utility,3,75,176189838961,176189819100,5,0,BLUE,false,0,11,3,2,MAGE:10;SPIDER:1,ARCHER:3;ASSASSIN:8
4101,0,0,true,,,utility,cascade,3,75,176926298042,176926347543,8,0,GREEN,false,9,0,3,2,ARCHER:9;GOBLIN:7,ASSASSIN:5;GOLEM:4
4102,0,0,true,,,cascade,utility,3,75,176926298042,176926347543,8,0,GREEN,false,9,0,3,2,ARCHER:9;GOBLIN:7,ASSASSIN:5;GOLEM:4
4103,0,0,true,,,utility,cascade,3,75,176926305961,176926355460,17,0,BLUE,false,0,6,3,3,ARCHER:1;GOLEM:2;MAGE:7,GOBLIN:11;SPIDER:14
4104,0,0,true,,,cascade,utility,3,75,176926305961,176926355460,13,0,BLUE,false,0,9,3,3,ARCHER:1;GOLEM:2;MAGE:7,GOBLIN:11;SPIDER:14
4105,0,0,true,,,utility,cascade,3,75,176934217042,176934173695,8,0,GREEN,false,11,0,3,3,GOBLIN:23;SPIDER:2,GOBLIN:10;GOLEM:4;SPIDER:1
4106,0,0,true,,,cascade,utility,3,75,176934217042,176934173695,12,0,GREEN,false,9,0,3,3,GOBLIN:23;SPIDER:2,GOBLIN:10;GOLEM:4;SPIDER:1
4107,0,0,true,,,utility,cascade,3,75,176934224961,176934279916,20,0,GREEN,false,5,0,2,3,GARGOYLE:5;SCORPION_RIDER:5,GARGOYLE:5;MAGE:5;SPIDER:1
4108,0,0,true,,,cascade,utility,3,75,176934224961,176934279916,14,0,GREEN,false,5,0,2,3,GARGOYLE:5;SCORPION_RIDER:5,GARGOYLE:5;MAGE:5;SPIDER:1
4109,0,0,true,,,utility,cascade,3,75,176942136042,176942113863,8,0,GREEN,false,10,0,3,3,GOBLIN:15;GOLEM:3,GOBLIN:1;GOLEM:4;SPIDER:10
4110,0,0,true,,,cascade,utility,3,75,176942136042,176942113863,8,0,GREEN,false,8,0,3,3,GOBLIN:15;GOLEM:3,GOBLIN:1;GOLEM:4;SPIDER:10
4111,0,0,true,,,utility,cascade,3,75,176942143961,176942090100,15,0,GREEN,false,3,0,3,3,ARCHER:4;GOLEM:5,ASSASSIN:8;GARGOYLE:2;GOBLIN:1
4112,0,0,true,,,cascade,utility,3,75,176942143961,176942090100,18,0,GREEN,false,4,0,3,3,ARCHER:4;GOLEM:5,ASSASSIN:8;GARGOYLE:2;GOBLIN:1
4113,0,0,true,,,utility,cascade,3,75,176950055042,176950038063,13,0,GREEN,false,7,0,3,3,MAGE:1;SCORPION_RIDER:5;SPIDER:9,ASSASSIN:5;GARGOYLE:5;GOBLIN:1
4114,0,0,true,,,cascade,utility,3,75,176950055042,176950038063,16,0,GREEN,false,7,0,3,3,MAGE:1;SCORPION_RIDER:5;SPIDER:9,ASSASSIN:5;GARGOYLE:5;GOBLIN:1
4115,0,0,true,,,utility,cascade,3,75,176950062961,176950047196,14,0,GREEN,false,4,0,3,2,ASSASSIN:5;GARGOYLE:5;SPIDER:1,SCORPION_RIDER:6;SPIDER:9
4116,0,0,true,,,cascade,utility,3,75,176950062961,176950047196,9,0,BLUE,false,0,5,3,2,ASSASSIN:5;GARGOYLE:5;SPIDER:1,SCORPION_RIDER:6;SPIDER:9
4117,0,0,true,,,utility,cascade,3,75,176957974042,176957995191,13,0,BLUE,false,0,9,2,3,GOBLIN:8;MAGE:7,ARCHER:6;SCORPION_RIDER:4;SPIDER:2
4118,0,0,true,,,cascade,utility,3,75,176957974042,176957995191,10,0,BLUE,false,0,4,2,3,GOBLIN:8;MAGE:7,ARCHER:6;SCORPION_RIDER:4;SPIDER:2
4119,0,0,true,,,utility,cascade,3,75,176957981961,176957971364,12,0,GREEN,false,4,0,3,2,GARGOYLE:5;GOBLIN:1;MAGE:5,ARCHER:3;ASSASSIN:8
4120,0,0,true,,,cascade,utility,3,75,176957981961,176957971364,14,0,GREEN,false,5,0,3,2,GARGOYLE:5;GOBLIN:1;MAGE:5,ARCHER:3;ASSASSIN:8
4121,0,0,true,,,utility,cascade,3,75,176965893042,176965936415,13,0,BLUE,false,0,3,3,3,GOBLIN:11;SPIDER:14,GOBLIN:1;GOLEM:3;SCORPION_RIDER:5
4122,0,0,true,,,cascade,utility,3,75,176965893042,176965936415,14,0,GREEN,false,9,0,3,3,GOBLIN:11;SPIDER:14,GOBLIN:1;GOLEM:3;SCORPION_RIDER:5
4123,0,0,true,,,utility,cascade,3,75,176965900961,176965911564,7,0,BLUE,false,0,7,3,2,ASSASSIN:8;GOBLIN:3;GOLEM:1,ASSASSIN:8;SPIDER:6
4124,0,0,true,,,cascade,utility,3,75,176965900961,176965911564,6,0,BLUE,false,0,6,3,2,ASSASSIN:8;GOBLIN:3;GOLEM:1,ASSASSIN:8;SPIDER:6
4125,0,0,true,,,utility,cascade,3,75,176973812042,176973860839,4,0,GREEN,false,10,0,2,3,GARGOYLE:6;SCORPION_RIDER:4,ASSASSIN:3;GOBLIN:1;MAGE:7
4126,0,0,true,,,cascade,utility,3,75,176973812042,176973860839,10,0,GREEN,false,10,0,2,3,GARGOYLE:6;SCORPION_RIDER:4,ASSASSIN:3;GOBLIN:1;MAGE:7
4127,0,0,true,,,utility,cascade,3,75,176973819961,176973868692,10,0,GREEN,false,6,0,4,3,ARCHER:4;GOLEM:4;SCORPION_RIDER:1;SPIDER:1,GOLEM:1;MAGE:8;SCORPION_RIDER:1
4128,0,0,true,,,cascade,utility,3,75,176973819961,176973868692,136,0,GREEN,false,4,0,4,3,ARCHER:4;GOLEM:4;SCORPION_RIDER:1;SPIDER:1,GOLEM:1;MAGE:8;SCORPION_RIDER:1
4129,0,0,true,,,utility,cascade,3,75,176981731042,176981686351,8,0,GREEN,false,18,0,3,3,GOBLIN:2;SCORPION_RIDER:3;SPIDER:15,ASSASSIN:3;MAGE:7;SPIDER:1
4130,0,0,true,,,cascade,utility,3,75,176981731042,176981686351,22,0,GREEN,false,14,0,3,3,GOBLIN:2;SCORPION_RIDER:3;SPIDER:15,ASSASSIN:3;MAGE:7;SPIDER:1
4131,0,0,true,,,utility,cascade,3,75,176981738961,176981793660,20,0,GREEN,false,4,0,3,4,GARGOYLE:5;GOBLIN:10;GOLEM:1,GARGOYLE:1;GOBLIN:20;SCORPION_RIDER:1
4132,0,0,true,,,cascade,utility,3,75,176981738961,176981793660,18,0,GREEN,false,5,0,3,4,GARGOYLE:5;GOBLIN:10;GOLEM:1,GARGOYLE:1;GOBLIN:20;SCORPION_RIDER:1
4133,0,0,true,,,utility,cascade,3,75,177718198042,177718206903,9,0,GREEN,false,1,0,3,4,ARCHER:1;ASSASSIN:3;SCORPION_RIDER:6,ASSASSIN:1;GOBLIN:11;SCORPION_RIDER:4;SPIDER:1
4134,0,0,true,,,cascade,utility,3,75,177718198042,177718206903,9,0,BLUE,false,0,3,3,4,ARCHER:1;ASSASSIN:3;SCORPION_RIDER:6,ASSASSIN:1;GOBLIN:11;SCORPION_RIDER:4;SPIDER:1
4135,0,0,true,,,utility,cascade,3,75,177718205961,177718182052,10,0,GREEN,false,11,0,3,3,ARCHER:7;GOBLIN:10;SPIDER:1,ARCHER:6;GOLEM:3;SPIDER:3
4136,0,0,true,,,cascade,utility,3,75,177718205961,177718182052,14,0,GREEN,false,10,0,3,3,ARCHER:7;GOBLIN:10;SPIDER:1,ARCHER:6;GOLEM:3;SPIDER:3
4137,0,0,true,,,utility,utility,3,75,177726117042,177726130719,201,0,,true,8,4,3,3,ARCHER:4;GOBLIN:3;GOLEM:4,GOBLIN:1;GOLEM:4;SCORPION_RIDER:4
4138,0,0,true,,,utility,utility,3,75,177726117042,177726130719,201,0,,true,8,4,3,3,ARCHER:4;GOBLIN:3;GOLEM:4,GOBLIN:1;GOLEM:4;SCORPION_RIDER:4
4139,0,0,true,,,utility,utility,3,75,177726124961,177726139660,17,0,,false,18,16,3,3,ARCHER:6;GOBLIN:12;SPIDER:1,ASSASSIN:1;GARGOYLE:5;GOBLIN:11
4140,0,0,true,,,utility,utility,3,75,177726124961,177726139660,17,0,,false,18,16,3,3,ARCHER:6;GOBLIN:12;SPIDER:1,ASSASSIN:1;GARGOYLE:5;GOBLIN:11
4141,0,0,true,,,utility,cascade,3,75,177734036042,177734087911,13,0,BLUE,false,0,6,3,3,GARGOYLE:4;SPIDER:15,ARCHER:7;MAGE:4;SPIDER:1
4142,0,0,true,,,cascade,utility,3,75,177734036042,177734087911,11,0,BLUE,false,0,7,3,3,GARGOYLE:4;SPIDER:15,ARCHER:7;MAGE:4;SPIDER:1
4143,0,0,true,,,utility,cascade,3,75,177734043961,177734064020,13,0,GREEN,false,1,0,3,4,ARCHER:4;GOBLIN:1;SCORPION_RIDER:6,ARCHER:4;GOBLIN:1;GOLEM:4;SPIDER:2
4144,0,0,true,,,cascade,utility,3,75,177734043961,177734064020,10,0,GREEN,false,4,0,3,4,ARCHER:4;GOBLIN:1;SCORPION_RIDER:6,ARCHER:4;GOBLIN:1;GOLEM:4;SPIDER:2
4145,0,0,true,,,utility,cascade,3,75,177741955042,177741898063,13,0,BLUE,false,0,4,3,3,ASSASSIN:3;MAGE:7;SPIDER:1,GOLEM:4;MAGE:5
4146,0,0,true,,,cascade,utility,3,75,177741955042,177741898063,11,0,BLUE,false,0,8,3,3,ASSASSIN:3;MAGE:7;SPIDER:1,GOLEM:4;MAGE:5
4147,0,0,true,,,utility,cascade,3,75,177741962961,177742004348,9,0,BLUE,false,0,10,3,2,GOBLIN:1;SCORPION_RIDER:4;SPIDER:13,GARGOYLE:5;SCORPION_RIDER:5
4148,0,0,true,,,cascade,utility,3,75,177741962961,177742004348,7,0,BLUE,false,0,9,3,2,GOBLIN:1;SCORPION_RIDER:4;SPIDER:13,GARGOYLE:5;SCORPION_RIDER:5
4149,0,0,true,,,utility,cascade,3,75,177749874042,177749822423,13,0,BLUE,false,0,10,3,3,ASSASSIN:2;GOBLIN:20,ARCHER:7;GARGOYLE:4;GOBLIN:1
4150,0,0,true,,,cascade,utility,3,75,177749874042,177749822423,12,0,GREEN,false,10,0,3,3,ASSASSIN:2;GOBLIN:20,ARCHER:7;GARGOYLE:4;GOBLIN:1
4151,0,0,true,,,utility,cascade,3,75,177749881961,177749830340,21,0,BLUE,false,0,6,2,3,ARCHER:4;MAGE:7,GARGOYLE:10;GOBLIN:1
4152,0,0,true,,,cascade,utility,3,75,177749881961,177749830340,9,0,BLUE,false,0,10,2,3,ARCHER:4;MAGE:7,GARGOYLE:10;GOBLIN:1
4153,0,0,true,,,utility,cascade,3,75,177757793042,177757779391,5,0,BLUE,false,0,10,3,2,ASSASSIN:10;GOBLIN:1,ARCHER:7;SCORPION_RIDER:4
4154,0,0,true,,,cascade,utility,3,75,177757793042,177757779391,4,0,BLUE,false,0,9,3,2,ASSASSIN:10;GOBLIN:1,ARCHER:7;SCORPION_RIDER:4
4155,0,0,true,,,utility,cascade,3,75,177757800961,177757754540,15,0,BLUE,false,0,9,3,2,GARGOYLE:6;MAGE:4;SPIDER:1,ARCHER:5;SPIDER:15
4156,0,0,true,,,cascade,utility,3,75,177757800961,177757754540,27,0,BLUE,false,0,5,3,2,GARGOYLE:6;MAGE:4;SPIDER:1,ARCHER:5;SPIDER:15
4157,0,0,true,,,utility,utility,3,75,177765712042,177765703175,16,0,GREEN,false,15,0,2,3,GARGOYLE:5;SPIDER:13,ASSASSIN:4;SPIDER:15
4158,0,0,true,,,utility,utility,3,75,177765712042,177765703175,18,0,GREEN,false,16,0,2,3,GARGOYLE:5;SPIDER:13,ASSASSIN:4;SPIDER:15
4159,0,0,true,,,utility,utility,3,75,177765719961,177765695796,7,0,BLUE,false,0,12,3,3,GARGOYLE:3;MAGE:7;SPIDER:1,ARCHER:12;SPIDER:1
4160,0,0,true,,,utility,utility,3,75,177765719961,177765695796,7,0,BLUE,false,0,12,3,3,GARGOYLE:3;MAGE:7;SPIDER:1,ARCHER:12;SPIDER:1
4161,0,0,true,,,utility,utility,3,75,177773631042,177773644015,6,0,GREEN,false,10,0,2,3,ASSASSIN:8;GOBLIN:6,ASSASSIN:7;GOBLIN:1;SPIDER:7
4162,0,0,true,,,utility,utility,3,75,177773631042,177773644015,6,0,GREEN,false,10,0,2,3,ASSASSIN:8;GOBLIN:6,ASSASSIN:7;GOBLIN:1;SPIDER:7
4163,0,0,true,,,utility,utility,3,75,177773638961,177773652892,21,0,,false,5,8,3,3,GOBLIN:1;GOLEM:7,SCORPION_RIDER:9;SPIDER:1
4164,0,0,true,,,utility,utility,3,75,177773638961,177773652892,21,0,,false,5,8,3,3,GOBLIN:1;GOLEM:7,SCORPION_RIDER:9;SPIDER:1
4165,0,0,true,,,utility,cascade,3,75,178510098042,178510049495,11,0,BLUE,false,0,4,2,4,ASSASSIN:7;SCORPION_RIDER:3,GOLEM:6;SPIDER:5
4166,0,0,true,,,cascade,utility,3,75,178510098042,178510049495,7,0,BLUE,false,0,6,2,4,ASSASSIN:7;SCORPION_RIDER:3,GOLEM:6;SPIDER:5
4167,0,0,true,,,utility,cascade,3,75,178510105961,178510156740,11,0,BLUE,false,0,5,2,3,ARCHER:4;MAGE:7,ASSASSIN:7;MAGE:3;SPIDER:1
4168,0,0,true,,,cascade,utility,3,75,178510105961,178510156740,7,0,BLUE,false,0,7,2,3,ARCHER:4;MAGE:7,ASSASSIN:7;MAGE:3;SPIDER:1
4169,0,0,true,,,utility,cascade,3,75,178518017042,178517973695,10,0,GREEN,false,11,0,3,2,GOBLIN:11;SCORPION_RIDER:5,GOBLIN:12;SPIDER:13
4170,0,0,true,,,cascade,utility,3,75,178518017042,178517973695,8,0,BLUE,false,0,7,3,2,GOBLIN:11;SCORPION_RIDER:5,GOBLIN:12;SPIDER:13
4171,0,0,true,,,utility,cascade,3,75,178518024961,178517982636,11,0,BLUE,false,0,6,3,3,ASSASSIN:10;SPIDER:1,GARGOYLE:5;GOLEM:1;MAGE:4
4172,0,0,true,,,cascade,utility,3,75,178518024961,178517982636,5,0,BLUE,false,0,8,3,3,ASSASSIN:10;SPIDER:1,GARGOYLE:5;GOLEM:1;MAGE:4
4173,0,0,true,,,utility,cascade,3,75,178525936042,178525914887,9,0,BLUE,false,0,9,3,4,ARCHER:4;GARGOYLE:5;MAGE:2,MAGE:1;SCORPION_RIDER:8;SPIDER:1
4174,0,0,true,,,cascade,utility,3,75,178525936042,178525914887,23,0,BLUE,false,0,3,3,4,ARCHER:4;GARGOYLE:5;MAGE:2,MAGE:1;SCORPION_RIDER:8;SPIDER:1
4175,0,0,true,,,utility,cascade,3,75,178525943961,178525922868,9,0,BLUE,false,0,9,3,4,ASSASSIN:8;GOBLIN:1;SCORPION_RIDER:2,GARGOYLE:1;GOBLIN:2;GOLEM:2;SCORPION_RIDER:5
4176,0,0,true,,,cascade,utility,3,75,178525943961,178525922868,5,0,BLUE,false,0,8,3,4,ASSASSIN:8;GOBLIN:1;SCORPION_RIDER:2,GARGOYLE:1;GOBLIN:2;GOLEM:2;SCORPION_RIDER:5
4177,0,0,true,,,utility,utility,3,75,178533855042,178533872111,7,0,BLUE,false,0,10,3,3,ASSASSIN:7;GOBLIN:8,ARCHER:8;GOBLIN:1;SCORPION_RIDER:3
4178,0,0,true,,,utility,utility,3,75,178533855042,178533872111,7,0,BLUE,false,0,10,3,3,ASSASSIN:7;GOBLIN:8,ARCHER:8;GOBLIN:1;SCORPION_RIDER:3
4179,0,0,true,,,utility,utility,3,75,178533862961,178533847196,10,0,GREEN,false,16,0,3,3,ARCHER:6;GOBLIN:10;SPIDER:3,GOBLIN:1;MAGE:10
4180,0,0,true,,,utility,utility,3,75,178533862961,178533847196,12,0,,false,19,11,3,3,ARCHER:6;GOBLIN:10;SPIDER:3,GOBLIN:1;MAGE:10
4181,0,0,true,,,utility,cascade,3,75,178541774042,178541795959,28,0,GREEN,false,3,0,3,3,GOLEM:4;MAGE:5,GOLEM:2;MAGE:7;SPIDER:2
4182,0,0,true,,,cascade,utility,3,75,178541774042,178541795959,18,0,GREEN,false,4,0,3,3,GOLEM:4;MAGE:5,GOLEM:2;MAGE:7;SPIDER:2
4183,0,0,true,,,utility,cascade,3,75,178541781961,178541804900,13,0,BLUE,false,0,10,3,3,GOBLIN:2;MAGE:3;SPIDER:16,GARGOYLE:1;GOBLIN:11;SPIDER:11
4184,0,0,true,,,cascade,utility,3,75,178541781961,178541804900,9,0,BLUE,false,0,8,3,3,GOBLIN:2;MAGE:3;SPIDER:16,GARGOYLE:1;GOBLIN:11;SPIDER:11
4185,0,0,true,,,utility,cascade,3,75,178549693042,178549736671,10,0,GREEN,false,8,0,3,3,GOBLIN:1;MAGE:10,ASSASSIN:8;MAGE:2;SPIDER:1
4186,0,0,true,,,cascade,utility,3,75,178549693042,178549736671,5,0,BLUE,false,0,8,3,3,GOBLIN:1;MAGE:10,ASSASSIN:8;MAGE:2;SPIDER:1
4187,0,0,true,,,utility,cascade,3,75,178549700961,178549745612,17,0,BLUE,false,0,2,2,3,ARCHER:3;MAGE:8,GOLEM:4;MAGE:5
4188,0,0,true,,,cascade,utility,3,75,178549700961,178549745612,12,0,GREEN,false,7,0,2,3,ARCHER:3;MAGE:8,GOLEM:4;MAGE:5
4189,0,0,true,,,utility,cascade,3,75,178557612042,178557562535,19,0,BLUE,false,0,4,2,2,GARGOYLE:6;SCORPION_RIDER:4,GARGOYLE:5;GOLEM:4
4190,0,0,true,,,cascade,utility,3,75,178557612042,178557562535,20,0,GREEN,false,3,0,2,2,GARGOYLE:6;SCORPION_RIDER:4,GARGOYLE:5;GOLEM:4
4191,0,0,true,,,utility,cascade,3,75,178557619961,178557669460,13,0,BLUE,false,0,5,3,2,ARCHER:2;ASSASSIN:4;GARGOYLE:5,MAGE:7;SCORPION_RIDER:3
4192,0,0,true,,,cascade,utility,3,75,178557619961,178557669460,18,0,GREEN,false,4,0,3,2,ARCHER:2;ASSASSIN:4;GARGOYLE:5,MAGE:7;SCORPION_RIDER:3
4193,0,0,true,,,utility,cascade,3,75,178565531042,178565487375,10,0,GREEN,false,10,0,3,3,SCORPION_RIDER:9;SPIDER:1,GARGOYLE:3;GOBLIN:1;MAGE:7
4194,0,0,true,,,cascade,utility,3,75,178565531042,178565487375,14,0,GREEN,false,5,0,3,3,SCORPION_RIDER:9;SPIDER:1,GARGOYLE:3;GOBLIN:1;MAGE:7
4195,0,0,true,,,utility,cascade,3,75,178565538961,178565495356,23,0,BLUE,false,0,5,4,2,ARCHER:6;GOBLIN:12;SPIDER:1,GARGOYLE:5;SCORPION_RIDER:5
4196,0,0,true,,,cascade,utility,3,75,178565538961,178565495356,12,0,BLUE,false,0,5,4,2,ARCHER:6;GOBLIN:12;SPIDER:1,GARGOYLE:5;SCORPION_RIDER:5
4197,0,0,true,,,utility,cascade,3,75,179301998042,179302007671,11,0,BLUE,false,0,5,3,3,ARCHER:9;GARGOYLE:3,GOBLIN:1;SCORPION_RIDER:9
4198,0,0,true,,,cascade,utility,3,75,179301998042,179302007671,7,0,BLUE,false,0,9,3,3,ARCHER:9;GARGOYLE:3,GOBLIN:1;SCORPION_RIDER:9
4199,0,0,true,,,utility,cascade,3,75,179302005961,179302015588,13,0,BLUE,false,0,7,3,4,GOBLIN:11;SPIDER:14,ARCHER:7;GOBLIN:9;SPIDER:2
4200,0,0,true,,,cascade,utility,3,75,179302005961,179302015588,7,0,BLUE,false,0,14,3,4,GOBLIN:11;SPIDER:14,ARCHER:7;GOBLIN:9;SPIDER:2
4201,0,0,true,,,utility,cascade,3,75,179309917042,179309964767,13,0,BLUE,false,0,7,3,4,ASSASSIN:6;GOBLIN:11,ARCHER:8;ASSASSIN:3;GOBLIN:2
4202,0,0,true,,,cascade,utility,3,75,179309917042,179309964767,12,0,BLUE,false,0,4,3,4,ASSASSIN:6;GOBLIN:11,ARCHER:8;ASSASSIN:3;GOBLIN:2
4203,0,0,true,,,utility,cascade,3,75,179309924961,179309939916,6,0,GREEN,false,10,0,3,3,ARCHER:1;GOBLIN:7;SCORPION_RIDER:6,ARCHER:7;ASSASSIN:4;GOBLIN:1
4204,0,0,true,,,cascade,utility,3,75,179309924961,179309939916,6,0,GREEN,false,11,0,3,3,ARCHER:1;GOBLIN:7;SCORPION_RIDER:6,ARCHER:7;ASSASSIN:4;GOBLIN:1
4205,0,0,true,,,utility,utility,3,75,179317836042,179317888935,22,0,,false,8,12,2,3,GOBLIN:10;SPIDER:15,ARCHER:8;GOBLIN:1;SCORPION_RIDER:3
4206,0,0,true,,,utility,utility,3,75,179317836042,179317888935,22,0,,false,8,12,2,3,GOBLIN:10;SPIDER:15,ARCHER:8;GOBLIN:1;SCORPION_RIDER:3
4207,0,0,true,,,utility,utility,3,75,179317843961,179317897556,13,0,BLUE,false,0,4,2,3,GOBLIN:8;MAGE:7,GOBLIN:1;GOLEM:7
4208,0,0,true,,,utility,utility,3,75,179317843961,179317897556,13,0,BLUE,false,0,4,2,3,GOBLIN:8;MAGE:7,GOBLIN:1;GOLEM:7
4209,0,0,true,,,utility,utility,3,75,179325755042,179325698063,4,0,GREEN,false,12,0,2,2,ARCHER:8;SPIDER:9,ASSASSIN:5;SPIDER:13
4210,0,0,true,,,utility,utility,3,75,179325755042,179325698063,4,0,GREEN,false,12,0,2,2,ARCHER:8;SPIDER:9,ASSASSIN:5;SPIDER:13
4211,0,0,true,,,utility,utility,3,75,179325762961,179325707068,8,0,GREEN,false,14,0,2,3,SCORPION_RIDER:5;SPIDER:11,GARGOYLE:6;GOBLIN:1;MAGE:4
4212,0,0,true,,,utility,utility,3,75,179325762961,179325707068,8,0,GREEN,false,14,0,2,3,SCORPION_RIDER:5;SPIDER:11,GARGOYLE:6;GOBLIN:1;MAGE:4
4213,0,0,true,,,utility,cascade,3,75,179333674042,179333655191,39,0,BLUE,false,0,2,3,3,GOLEM:7;SPIDER:1,GARGOYLE:6;GOBLIN:1;GOLEM:3
4214,0,0,true,,,cascade,utility,3,75,179333674042,179333655191,24,0,GREEN,false,2,0,3,3,GOLEM:7;SPIDER:1,GARGOYLE:6;GOBLIN:1;GOLEM:3
4215,0,0,true,,,utility,cascade,3,75,179333681961,179333631364,16,0,GREEN,false,15,0,2,4,GARGOYLE:6;GOBLIN:11,GARGOYLE:1;GOBLIN:7;SPIDER:15
4216,0,0,true,,,cascade,utility,3,75,179333681961,179333631364,14,0,GREEN,false,16,0,2,4,GARGOYLE:6;GOBLIN:11,GARGOYLE:1;GOBLIN:7;SPIDER:15
4217,0,0,true,,,utility,cascade,3,75,179341593042,179341580159,9,0,GREEN,false,13,0,3,3,GOBLIN:2;MAGE:3;SPIDER:16,ASSASSIN:3;MAGE:7;SPIDER:1
4218,0,0,true,,,cascade,utility,3,75,179341593042,179341580159,23,0,BLUE,false,0,7,3,3,GOBLIN:2;MAGE:3;SPIDER:16,ASSASSIN:3;MAGE:7;SPIDER:1
4219,0,0,true,,,utility,cascade,3,75,179341600961,179341588076,15,0,BLUE,false,0,6,3,3,ASSASSIN:5;GOLEM:4,GOBLIN:1;MAGE:10
4220,0,0,true,,,cascade,utility,3,75,179341600961,179341588076,8,0,GREEN,false,8,0,3,3,ASSASSIN:5;GOLEM:4,GOBLIN:1;MAGE:10
4221,0,0,true,,,utility,utility,3,75,179349512042,179349520839,6,0,GREEN,false,9,0,3,2,ARCHER:1;GARGOYLE:3;SCORPION_RIDER:6,GOBLIN:8;MAGE:7
4222,0,0,true,,,utility,utility,3,75,179349512042,179349520839,8,0,GREEN,false,9,0,3,2,ARCHER:1;GARGOYLE:3;SCORPION_RIDER:6,GOBLIN:8;MAGE:7
4223,0,0,true,,,utility,utility,3,75,179349519961,179349528820,10,0,GREEN,false,6,0,3,3,ARCHER:1;ASSASSIN:3;SCORPION_RIDER:6,ASSASSIN:7;GOBLIN:2;GOLEM:2
4224,0,0,true,,,utility,utility,3,75,179349519961,179349528820,10,0,GREEN,false,6,0,3,3,ARCHER:1;ASSASSIN:3;SCORPION_RIDER:6,ASSASSIN:7;GOBLIN:2;GOLEM:2
4225,0,0,true,,,utility,cascade,3,75,179357431042,179357477807,19,0,BLUE,false,0,6,2,3,ARCHER:4;MAGE:7,ASSASSIN:4;GARGOYLE:6;GOBLIN:1
4226,0,0,true,,,cascade,utility,3,75,179357431042,179357477807,17,0,BLUE,false,0,6,2,3,ARCHER:4;MAGE:7,ASSASSIN:4;GARGOYLE:6;GOBLIN:1
4227,0,0,true,,,utility,cascade,3,75,179357438961,179357453660,7,0,GREEN,false,11,0,3,3,ARCHER:4;GARGOYLE:7,ASSASSIN:7;GARGOYLE:3;SPIDER:1
4228,0,0,true,,,cascade,utility,3,75,179357438961,179357453660,14,0,GREEN,false,8,0,3,3,ARCHER:4;GARGOYLE:7,ASSASSIN:7;GARGOYLE:3;SPIDER:1
4229,0,0,true,,,utility,utility,3,75,180093898042,180093850519,17,0,,false,9,4,3,3,GOBLIN:1;MAGE:10,GARGOYLE:3;GOBLIN:1;MAGE:7
4230,0,0,true,,,utility,utility,3,75,180093898042,180093850519,19,0,,false,9,4,3,3,GOBLIN:1;MAGE:10,GARGOYLE:3;GOBLIN:1;MAGE:7
4231,0,0,true,,,utility,utility,3,75,180093905961,180093858436,7,0,BLUE,false,0,9,2,2,ASSASSIN:7;SCORPION_RIDER:3,GARGOYLE:5;GOLEM:4
4232,0,0,true,,,utility,utility,3,75,180093905961,180093858436,9,0,BLUE,false,0,9,2,2,ASSASSIN:7;SCORPION_RIDER:3,GARGOYLE:5;GOLEM:4
4233,0,0,true,,,utility,cascade,3,75,180101817042,180101807231,23,0,BLUE,false,0,1,4,3,ARCHER:12;GOBLIN:1,GOBLIN:1;GOLEM:3;SCORPION_RIDER:5
4234,0,0,true,,,cascade,utility,3,75,180101817042,180101807231,18,0,GREEN,false,6,0,4,3,ARCHER:12;GOBLIN:1,GOBLIN:1;GOLEM:3;SCORPION_RIDER:5
4235,0,0,true,,,utility,cascade,3,75,180101824961,180101783404,14,0,GREEN,false,7,0,3,3,GARGOYLE:6;GOBLIN:11,GARGOYLE:3;MAGE:7;SPIDER:1
4236,0,0,true,,,cascade,utility,3,75,180101824961,180101783404,8,0,GREEN,false,15,0,3,3,GARGOYLE:6;GOBLIN:11,GARGOYLE:3;MAGE:7;SPIDER:1
4237,0,0,true,,,utility,cascade,3,75,180109736042,180109747911,9,0,BLUE,false,0,4,3,3,ARCHER:9;ASSASSIN:3,ARCHER:8;GARGOYLE:3;SPIDER:2
4238,0,0,true,,,cascade,utility,3,75,180109736042,180109747911,9,0,BLUE,false,0,5,3,3,ARCHER:9;ASSASSIN:3,ARCHER:8;GARGOYLE:3;SPIDER:2
4239,0,0,true,,,utility,cascade,3,75,180109743961,180109724148,7,0,BLUE,false,0,10,3,3,ASSASSIN:7;GOBLIN:1;SPIDER:7,GOBLIN:8;SCORPION_RIDER:6;SPIDER:1
4240,0,0,true,,,cascade,utility,3,75,180109743961,180109724148,7,0,BLUE,false,0,8,3,3,ASSASSIN:7;GOBLIN:1;SPIDER:7,GOBLIN:8;SCORPION_RIDER:6;SPIDER:1
4241,0,0,true,,,utility,cascade,3,75,180117655042,180117672111,6,0,GREEN,false,10,0,2,3,ASSASSIN:6;GOBLIN:11,ASSASSIN:4;GOLEM:4;SPIDER:2
4242,0,0,true,,,cascade,utility,3,75,180117655042,180117672111,8,0,GREEN,false,8,0,2,3,ASSASSIN:6;GOBLIN:11,ASSASSIN:4;GOLEM:4;SPIDER:2
4243,0,0,true,,,utility,cascade,3,75,180117662961,180117680732,9,0,GREEN,false,8,0,2,3,GARGOYLE:5;GOLEM:4,MAGE:10;SPIDER:1
4244,0,0,true,,,cascade,utility,3,75,180117662961,180117680732,14,0,GREEN,false,6,0,2,3,GARGOYLE:5;GOLEM:4,MAGE:10;SPIDER:1
4245,0,0,true,,,utility,cascade,3,75,180125574042,180125629751,11,0,BLUE,false,0,6,3,3,ARCHER:4;GOBLIN:1;SPIDER:16,ARCHER:1;SCORPION_RIDER:6;SPIDER:7
4246,0,0,true,,,cascade,utility,3,75,180125574042,180125629751,9,0,BLUE,false,0,4,3,3,ARCHER:4;GOBLIN:1;SPIDER:16,ARCHER:1;SCORPION_RIDER:6;SPIDER:7
4247,0,0,true,,,utility,cascade,3,75,180125581961,180125604900,12,0,GREEN,false,2,0,3,3,ARCHER:1;MAGE:4;SPIDER:13,ASSASSIN:8;GOBLIN:1;SCORPION_RIDER:2
4248,0,0,true,,,cascade,utility,3,75,180125581961,180125604900,7,0,BLUE,false,0,10,3,3,ARCHER:1;MAGE:4;SPIDER:13,ASSASSIN:8;GOBLIN:1;SCORPION_RIDER:2
4249,0,0,true,,,utility,utility,3,75,180133493042,180133439391,15,0,BLUE,false,0,10,3,3,GARGOYLE:4;GOBLIN:2;SCORPION_RIDER:5,ARCHER:5;GOBLIN:12;SCORPION_RIDER:1
4250,0,0,true,,,utility,utility,3,75,180133493042,180133439391,15,0,BLUE,false,0,10,3,3,GARGOYLE:4;GOBLIN:2;SCORPION_RIDER:5,ARCHER:5;GOBLIN:12;SCORPION_RIDER:1
4251,0,0,true,,,utility,utility,3,75,180133500961,180133545612,12,0,,false,15,10,2,2,GOLEM:4;SPIDER:11,GARGOYLE:5;SCORPION_RIDER:5
4252,0,0,true,,,utility,utility,3,75,180133500961,180133545612,12,0,,false,15,10,2,2,GOLEM:4;SPIDER:11,GARGOYLE:5;SCORPION_RIDER:5
4253,0,0,true,,,utility,cascade,3,75,180141412042,180141363303,10,0,GREEN,false,10,0,4,3,ARCHER:7;GOLEM:2;SCORPION_RIDER:1;SPIDER:1,GOBLIN:10;MAGE:6;SPIDER:1
4254,0,0,true,,,cascade,utility,3,75,180141412042,180141363303,17,0,BLUE,false,0,6,4,3,ARCHER:7;GOLEM:2;SCORPION_RIDER:1;SPIDER:1,GOBLIN:10;MAGE:6;SPIDER:1
4255,0,0,true,,,utility,cascade,3,75,180141419961,180141372180,19,0,BLUE,false,0,7,3,3,ASSASSIN:1;GOLEM:2;SCORPION_RIDER:6,ASSASSIN:1;GARGOYLE:5;GOBLIN:11
4256,0,0,true,,,cascade,utility,3,75,180141419961,180141372180,13,0,BLUE,false,0,8,3,3,ASSASSIN:1;GOLEM:2;SCORPION_RIDER:6,ASSASSIN:1;GARGOYLE:5;GOBLIN:11
4257,0,0,true,,,utility,cascade,3,75,241679961042,241679947135,13,0,BLUE,false,0,10,3,3,GARGOYLE:6;GOBLIN:1;MAGE:4,GOBLIN:9;SCORPION_RIDER:5;SPIDER:2
4258,0,0,true,,,cascade,utility,3,75,241679961042,241679947135,18,0,GREEN,false,5,0,3,3,GARGOYLE:6;GOBLIN:1;MAGE:4,GOBLIN:9;SCORPION_RIDER:5;SPIDER:2
4259,0,0,true,,,utility,cascade,3,75,241679968961,241679955052,7,0,BLUE,false,0,11,3,4,ASSASSIN:10;SPIDER:1,GARGOYLE:1;GOBLIN:9;SCORPION_RIDER:5
4260,0,0,true,,,cascade,utility,3,75,241679968961,241679955052,4,0,BLUE,false,0,12,3,4,ASSASSIN:10;SPIDER:1,GARGOYLE:1;GOBLIN:9;SCORPION_RIDER:5
4261,0,0,true,,,utility,cascade,3,75,241679976880,241679931165,6,0,GREEN,false,7,0,3,2,GOLEM:4;SCORPION_RIDER:4;SPIDER:1,ASSASSIN:7;SPIDER:8
4262,0,0,true,,,cascade,utility,3,75,241679976880,241679931165,6,0,GREEN,false,8,0,3,2,GOLEM:4;SCORPION_RIDER:4;SPIDER:1,ASSASSIN:7;SPIDER:8
4263,0,0,true,,,utility,cascade,3,75,241679984799,241679939122,17,0,BLUE,false,0,4,2,3,SPIDER:25,GOBLIN:1;GOLEM:7
4264,0,0,true,,,cascade,utility,3,75,241679984799,241679939122,16,0,GREEN,false,13,0,2,3,SPIDER:25,GOBLIN:1;GOLEM:7
4265,0,0,true,,,utility,utility,3,75,180149331042,180149320399,22,0,,false,12,9,3,2,GOBLIN:12;SPIDER:13,GARGOYLE:5;GOLEM:4
4266,0,0,true,,,utility,utility,3,75,180149331042,180149320399,22,0,,false,12,9,3,2,GOBLIN:12;SPIDER:13,GARGOYLE:5;GOLEM:4
4267,0,0,true,,,utility,utility,3,75,180149338961,180149296636,9,0,BLUE,false,0,17,2,2,GARGOYLE:4;SPIDER:15,ARCHER:7;GOBLIN:11
4268,0,0,true,,,utility,utility,3,75,180149338961,180149296636,9,0,BLUE,false,0,17,2,2,GARGOYLE:4;SPIDER:15,ARCHER:7;GOBLIN:11
4269,0,0,true,,,utility,cascade,3,75,180885798042,180885840439,11,0,BLUE,false,0,5,3,3,ARCHER:1;GOBLIN:7;SCORPION_RIDER:6,GOBLIN:1;SCORPION_RIDER:9
4270,0,0,true,,,cascade,utility,3,75,180885798042,180885840439,9,0,BLUE,false,0,3,3,3,ARCHER:1;GOBLIN:7;SCORPION_RIDER:6,GOBLIN:1;SCORPION_RIDER:9
4271,0,0,true,,,utility,cascade,3,75,180885805961,180885816612,16,0,GREEN,false,4,0,3,3,ASSASSIN:5;GOLEM:4,ASSASSIN:2;GOBLIN:1;MAGE:8
4272,0,0,true,,,cascade,utility,3,75,180885805961,180885816612,14,0,GREEN,false,4,0,3,3,ASSASSIN:5;GOLEM:4,ASSASSIN:2;GOBLIN:1;MAGE:8
4273,0,0,true,,,utility,utility,3,75,180893717042,180893764767,32,0,,false,4,8,2,3,GOLEM:4;SPIDER:11,ARCHER:8;GOLEM:2;MAGE:1
4274,0,0,true,,,utility,utility,3,75,180893717042,180893764767,24,0,,false,4,9,2,3,GOLEM:4;SPIDER:11,ARCHER:8;GOLEM:2;MAGE:1
4275,0,0,true,,,utility,utility,3,75,180893724961,180893773708,19,0,,false,11,4,3,3,GOBLIN:11;SCORPION_RIDER:5,ASSASSIN:7;MAGE:3;SPIDER:1
4276,0,0,true,,,utility,utility,3,75,180893724961,180893773708,19,0,,false,11,4,3,3,GOBLIN:11;SCORPION_RIDER:5,ASSASSIN:7;MAGE:3;SPIDER:1
4277,0,0,true,,,utility,cascade,3,75,180901636042,180901591399,7,0,GREEN,false,5,0,2,3,MAGE:5;SCORPION_RIDER:5,ASSASSIN:7;GOLEM:2;SPIDER:2
4278,0,0,true,,,cascade,utility,3,75,180901636042,180901591399,8,0,GREEN,false,3,0,2,3,MAGE:5;SCORPION_RIDER:5,ASSASSIN:7;GOLEM:2;SPIDER:2
4279,0,0,true,,,utility,cascade,3,75,180901643961,180901697556,9,0,GREEN,false,7,0,3,3,GARGOYLE:5;GOLEM:4,ASSASSIN:5;GOBLIN:10;SCORPION_RIDER:1
4280,0,0,true,,,cascade,utility,3,75,180901643961,180901697556,10,0,GREEN,false,4,0,3,3,GARGOYLE:5;GOLEM:4,ASSASSIN:5;GOBLIN:10;SCORPION_RIDER:1
4281,0,0,true,,,utility,cascade,3,75,180909555042,180909532111,22,0,GREEN,false,11,0,3,3,GARGOYLE:6;GOBLIN:1;MAGE:4,GARGOYLE:10;GOBLIN:1
4282,0,0,true,,,cascade,utility,3,75,180909555042,180909532111,24,0,GREEN,false,10,0,3,3,GARGOYLE:6;GOBLIN:1;MAGE:4,GARGOYLE:10;GOBLIN:1
4283,0,0,true,,,utility,cascade,3,75,180909562961,180909507324,4,0,GREEN,false,11,0,3,3,GOBLIN:9;SCORPION_RIDER:5;SPIDER:2,ASSASSIN:8;GOBLIN:1;MAGE:2
4284,0,0,true,,,cascade,utility,3,75,180909562961,180909507324,6,0,GREEN,false,14,0,3,3,GOBLIN:9;SCORPION_RIDER:5;SPIDER:2,ASSASSIN:8;GOBLIN:1;MAGE:2
4285,0,0,true,,,utility,cascade,3,75,180917474042,180917455959,25,0,BLUE,false,0,6,3,3,ARCHER:1;GOBLIN:7;SPIDER:16,GARGOYLE:6;GOBLIN:1;MAGE:4
4286,0,0,true,,,cascade,utility,3,75,180917474042,180917455959,10,0,GREEN,false,10,0,3,3,ARCHER:1;GOBLIN:7;SPIDER:16,GARGOYLE:6;GOBLIN:1;MAGE:4
4287,0,0,true,,,utility,cascade,3,75,180917481961,180917464900,6,0,GREEN,false,7,0,3,2,GOBLIN:1;GOLEM:3;SCORPION_RIDER:5,MAGE:7;SCORPION_RIDER:3
4288,0,0,true,,,cascade,utility,3,75,180917481961,180917464900,10,0,GREEN,false,5,0,3,2,GOBLIN:1;GOLEM:3;SCORPION_RIDER:5,MAGE:7;SCORPION_RIDER:3
4289,0,0,true,,,utility,cascade,3,75,180925393042,180925412927,11,0,BLUE,false,0,8,3,3,GOBLIN:2;SCORPION_RIDER:3;SPIDER:15,ARCHER:8;GOBLIN:2;GOLEM:2
4290,0,0,true,,,cascade,utility,3,75,180925393042,180925412927,9,0,BLUE,false,0,9,3,3,GOBLIN:2;SCORPION_RIDER:3;SPIDER:15,ARCHER:8;GOBLIN:2;GOLEM:2
4291,0,0,true,,,utility,cascade,3,75,180925400961,180925389100,13,0,BLUE,false,0,2,2,3,GOLEM:4;MAGE:5,GOBLIN:13;MAGE:5
4292,0,0,true,,,cascade,utility,3,75,180925400961,180925389100,10,0,GREEN,false,4,0,2,3,GOLEM:4;MAGE:5,GOBLIN:13;MAGE:5
4293,0,0,true,,,utility,utility,3,75,180933312042,180933353607,8,0,GREEN,false,9,0,3,4,GOBLIN:8;SCORPION_RIDER:6;SPIDER:1,ARCHER:8;ASSASSIN:2;GARGOYLE:1;GOBLIN:2
4294,0,0,true,,,utility,utility,3,75,180933312042,180933353607,8,0,GREEN,false,9,0,3,4,GOBLIN:8;SCORPION_RIDER:6;SPIDER:1,ARCHER:8;ASSASSIN:2;GARGOYLE:1;GOBLIN:2
4295,0,0,true,,,utility,utility,3,75,180933319961,180933329844,11,0,BLUE,false,0,8,3,2,ASSASSIN:3;GOBLIN:1;MAGE:7,GARGOYLE:5;GOLEM:4
4296,0,0,true,,,utility,utility,3,75,180933319961,180933329844,11,0,BLUE,false,0,8,3,2,ASSASSIN:3;GOBLIN:1;MAGE:7,GARGOYLE:5;GOLEM:4
4297,0,0,true,,,utility,cascade,3,75,180941231042,180941278575,9,0,BLUE,false,0,12,3,2,ASSASSIN:4;GARGOYLE:1;GOLEM:4,GOBLIN:9;SCORPION_RIDER:6
4298,0,0,true,,,cascade,utility,3,75,180941231042,180941278575,7,0,BLUE,false,0,13,3,2,ASSASSIN:4;GARGOYLE:1;GOLEM:4,GOBLIN:9;SCORPION_RIDER:6
4299,0,0,true,,,utility,cascade,3,75,180941238961,180941286428,9,0,BLUE,false,0,8,3,4,ASSASSIN:8;GARGOYLE:2;GOBLIN:1,ARCHER:5;GOBLIN:1;GOLEM:3;SPIDER:4
4300,0,0,true,,,cascade,utility,3,75,180941238961,180941286428,6,0,BLUE,false,0,9,3,4,ASSASSIN:8;GARGOYLE:2;GOBLIN:1,ARCHER:5;GOBLIN:1;GOLEM:3;SPIDER:4
4301,0,0,true,,,utility,cascade,3,75,181677698042,181677684055,10,0,GREEN,false,13,0,3,3,GOBLIN:10;GOLEM:4;SPIDER:1,ARCHER:1;GOLEM:3;SPIDER:13
4302,0,0,true,,,cascade,utility,3,75,181677698042,181677684055,8,0,GREEN,false,13,0,3,3,GOBLIN:10;GOLEM:4;SPIDER:1,ARCHER:1;GOLEM:3;SPIDER:13
4303,0,0,true,,,utility,cascade,3,75,181677705961,181677659204,17,0,BLUE,false,0,6,3,3,GOLEM:4;SPIDER:11,GOBLIN:11;SCORPION_RIDER:5
4304,0,0,true,,,cascade,utility,3,75,181677705961,181677659204,13,0,BLUE,false,0,5,3,3,GOLEM:4;SPIDER:11,GOBLIN:11;SCORPION_RIDER:5
4305,0,0,true,,,utility,cascade,3,75,181685617042,181685608255,23,0,BLUE,false,0,2,3,2,ASSASSIN:1;GOLEM:1;MAGE:8,GOLEM:3;SPIDER:15
4306,0,0,true,,,cascade,utility,3,75,181685617042,181685608255,9,0,BLUE,false,0,7,3,2,ASSASSIN:1;GOLEM:1;MAGE:8,GOLEM:3;SPIDER:15
4307,0,0,true,,,utility,cascade,3,75,181685624961,181685616172,8,0,GREEN,false,5,0,2,2,GARGOYLE:5;SCORPION_RIDER:5,SCORPION_RIDER:4;SPIDER:14
4308,0,0,true,,,cascade,utility,3,75,181685624961,181685616172,14,0,GREEN,false,4,0,2,2,GARGOYLE:5;SCORPION_RIDER:5,SCORPION_RIDER:4;SPIDER:14
4309,0,0,true,,,utility,cascade,3,75,181693536042,181693548935,17,0,BLUE,false,0,9,2,3,SCORPION_RIDER:5;SPIDER:11,GARGOYLE:6;MAGE:4;SPIDER:1
4310,0,0,true,,,cascade,utility,3,75,181693536042,181693548935,13,0,BLUE,false,0,7,2,3,SCORPION_RIDER:5;SPIDER:11,GARGOYLE:6;MAGE:4;SPIDER:1
4311,0,0,true,,,utility,cascade,3,75,181693543961,181693556916,16,0,GREEN,false,6,0,4,2,ARCHER:4;GARGOYLE:6;SPIDER:3,ARCHER:3;MAGE:8
4312,0,0,true,,,cascade,utility,3,75,181693543961,181693556916,14,0,GREEN,false,6,0,4,2,ARCHER:4;GARGOYLE:6;SPIDER:3,ARCHER:3;MAGE:8
4313,0,0,true,,,utility,cascade,3,75,181701455042,181701505647,17,0,BLUE,false,0,4,3,3,GOBLIN:8;SCORPION_RIDER:6;SPIDER:1,ARCHER:2;GARGOYLE:9
4314,0,0,true,,,cascade,utility,3,75,181701455042,181701505647,12,0,GREEN,false,13,0,3,3,GOBLIN:8;SCORPION_RIDER:6;SPIDER:1,ARCHER:2;GARGOYLE:9
4315,0,0,true,,,utility,cascade,3,75,181701462961,181701481756,9,0,BLUE,false,0,13,2,3,SCORPION_RIDER:4;SPIDER:14,ARCHER:5;GOBLIN:1;SPIDER:14
4316,0,0,true,,,cascade,utility,3,75,181701462961,181701481756,8,0,BLUE,false,0,10,2,3,SCORPION_RIDER:4;SPIDER:14,ARCHER:5;GOBLIN:1;SPIDER:14
4317,0,0,true,,,utility,cascade,3,75,181709374042,181709430007,8,0,GREEN,false,6,0,3,2,GOLEM:2;MAGE:7;SPIDER:2,ARCHER:4;ASSASSIN:7
4318,0,0,true,,,cascade,utility,3,75,181709374042,181709430007,6,0,BLUE,false,0,4,3,2,GOLEM:2;MAGE:7;SPIDER:2,ARCHER:4;ASSASSIN:7
4319,0,0,true,,,utility,cascade,3,75,181709381961,181709438948,9,0,BLUE,false,0,9,4,3,ARCHER:1;GOBLIN:1;GOLEM:1;MAGE:8,ASSASSIN:8;GARGOYLE:2;SPIDER:1
4320,0,0,true,,,cascade,utility,3,75,181709381961,181709438948,14,0,GREEN,false,3,0,4,3,ARCHER:1;GOBLIN:1;GOLEM:1;MAGE:8,ASSASSIN:8;GARGOYLE:2;SPIDER:1
4321,0,0,true,,,utility,cascade,3,75,181717293042,181717240159,9,0,BLUE,false,0,8,3,3,GOBLIN:2;GOLEM:3;SPIDER:13,ARCHER:5;GOBLIN:1;SCORPION_RIDER:5
4322,0,0,true,,,cascade,utility,3,75,181717293042,181717240159,7,0,BLUE,false,0,10,3,3,GOBLIN:2;GOLEM:3;SPIDER:13,ARCHER:5;GOBLIN:1;SCORPION_RIDER:5
4323,0,0,true,,,utility,cascade,3,75,181717300961,181717248076,7,0,BLUE,false,0,12,3,3,GARGOYLE:1;SCORPION_RIDER:5;SPIDER:9,GOBLIN:14;SCORPION_RIDER:4
4324,0,0,true,,,cascade,utility,3,75,181717300961,181717248076,10,0,BLUE,false,0,7,3,3,GARGOYLE:1;SCORPION_RIDER:5;SPIDER:9,GOBLIN:14;SCORPION_RIDER:4
4325,0,0,true,,,utility,cascade,3,75,181725212042,181725197095,9,0,BLUE,false,0,14,3,3,ASSASSIN:1;GOLEM:1;MAGE:8,ASSASSIN:1;GARGOYLE:5;GOBLIN:11
4326,0,0,true,,,cascade,utility,3,75,181725212042,181725197095,7,0,BLUE,false,0,14,3,3,ASSASSIN:1;GOLEM:1;MAGE:8,ASSASSIN:1;GARGOYLE:5;GOBLIN:11
4327,0,0,true,,,utility,cascade,3,75,181725219961,181725172436,11,0,BLUE,false,0,4,3,3,GOLEM:3;SCORPION_RIDER:5;SPIDER:1,GOBLIN:11;GOLEM:4
4328,0,0,true,,,cascade,utility,3,75,181725219961,181725172436,9,0,BLUE,false,0,8,3,3,GOLEM:3;SCORPION_RIDER:5;SPIDER:1,GOBLIN:11;GOLEM:4
4329,0,0,true,,,utility,cascade,3,75,181733131042,181733121423,11,0,BLUE,false,0,6,3,2,ASSASSIN:8;GARGOYLE:2;GOBLIN:1,MAGE:4;SPIDER:15
4330,0,0,true,,,cascade,utility,3,75,181733131042,181733121423,9,0,BLUE,false,0,1,3,2,ASSASSIN:8;GARGOYLE:2;GOBLIN:1,MAGE:4;SPIDER:15
4331,0,0,true,,,utility,cascade,3,75,181733138961,181733129404,11,0,BLUE,false,0,2,2,3,ASSASSIN:7;GOBLIN:8,GOLEM:4;MAGE:5
4332,0,0,true,,,cascade,utility,3,75,181733138961,181733129404,11,0,BLUE,false,0,1,2,3,ASSASSIN:7;GOBLIN:8,GOLEM:4;MAGE:5
4333,0,0,true,,,utility,cascade,3,75,100191188042,100191234791,19,0,BLUE,false,0,6,3,3,ARCHER:8;GOBLIN:9,GARGOYLE:6;GOBLIN:11
4334,0,0,true,,,cascade,utility,3,75,100191188042,100191234791,16,0,GREEN,false,8,0,3,3,ARCHER:8;GOBLIN:9,GARGOYLE:6;GOBLIN:11
4335,0,0,true,,,utility,cascade,3,75,100191195961,100191210900,7,0,BLUE,false,0,9,2,2,GARGOYLE:4;SPIDER:15,ARCHER:7;SCORPION_RIDER:4
4336,0,0,true,,,cascade,utility,3,75,100191195961,100191210900,7,0,BLUE,false,0,10,2,2,GARGOYLE:4;SPIDER:15,ARCHER:7;SCORPION_RIDER:4
4337,0,0,true,,,utility,utility,3,75,100460434042,100460416215,21,0,BLUE,false,0,4,3,2,GOBLIN:11;GOLEM:4,GARGOYLE:5;GOLEM:4
4338,0,0,true,,,utility,utility,3,75,100460434042,100460416215,21,0,BLUE,false,0,4,3,2,GOBLIN:11;GOLEM:4,GARGOYLE:5;GOLEM:4
4339,0,0,true,,,utility,utility,3,75,100460441961,100460425156,14,0,,false,6,12,3,3,ASSASSIN:5;GARGOYLE:5;GOBLIN:1,ARCHER:12;GOBLIN:1
4340,0,0,true,,,utility,utility,3,75,100460441961,100460425156,14,0,,false,6,12,3,3,ASSASSIN:5;GARGOYLE:5;GOBLIN:1,ARCHER:12;GOBLIN:1
4341,0,0,true,,,utility,utility,3,75,100595057042,100595015487,24,0,,false,7,8,3,2,ARCHER:7;GOBLIN:11,GARGOYLE:5;GOLEM:4
4342,0,0,true,,,utility,utility,3,75,100595057042,100595015487,22,0,,false,7,8,3,2,ARCHER:7;GOBLIN:11,GARGOYLE:5;GOLEM:4
4343,0,0,true,,,utility,utility,3,75,100595064961,100595023404,5,0,BLUE,false,0,10,3,3,MAGE:4;SPIDER:15,ARCHER:7;GOBLIN:1;GOLEM:3
4344,0,0,true,,,utility,utility,3,75,100595064961,100595023404,5,0,BLUE,false,0,10,3,3,MAGE:4;SPIDER:15,ARCHER:7;GOBLIN:1;GOLEM:3
4345,0,0,true,,,utility,cascade,3,75,182469598042,182469641719,6,0,GREEN,false,13,0,3,3,ARCHER:8;GOBLIN:2;MAGE:3,ASSASSIN:1;MAGE:4;SPIDER:13
4346,0,0,true,,,cascade,utility,3,75,182469598042,182469641719,8,0,GREEN,false,8,0,3,3,ARCHER:8;GOBLIN:2;MAGE:3,ASSASSIN:1;MAGE:4;SPIDER:13
4347,0,0,true,,,utility,cascade,3,75,182469605961,182469649636,8,0,GREEN,false,9,0,2,3,GOLEM:3;SPIDER:15,ASSASSIN:7;GOBLIN:1;MAGE:3
4348,0,0,true,,,cascade,utility,3,75,182469605961,182469649636,6,0,GREEN,false,16,0,2,3,GOLEM:3;SPIDER:15,ASSASSIN:7;GOBLIN:1;MAGE:3
4349,0,0,true,,,utility,utility,3,75,182477517042,182477467231,9,0,BLUE,false,0,12,2,4,GARGOYLE:6;SCORPION_RIDER:4,ARCHER:12;GOBLIN:1
4350,0,0,true,,,utility,utility,3,75,182477517042,182477467231,9,0,BLUE,false,0,11,2,4,GARGOYLE:6;SCORPION_RIDER:4,ARCHER:12;GOBLIN:1
4351,0,0,true,,,utility,utility,3,75,182477524961,182477574476,13,0,BLUE,false,0,4,3,3,ARCHER:4;GOLEM:5,GOBLIN:2;GOLEM:2;SCORPION_RIDER:6
4352,0,0,true,,,utility,utility,3,75,182477524961,182477574476,13,0,BLUE,false,0,4,3,3,ARCHER:4;GOLEM:5,GOBLIN:2;GOLEM:2;SCORPION_RIDER:6
4353,0,0,true,,,utility,utility,3,75,182485436042,182485391399,201,0,,true,5,15,3,3,ARCHER:1;ASSASSIN:4;GOLEM:4,GARGOYLE:1;GOBLIN:9;SCORPION_RIDER:5
4354,0,0,true,,,utility,utility,3,75,182485436042,182485391399,201,0,,true,5,15,3,3,ARCHER:1;ASSASSIN:4;GOLEM:4,GARGOYLE:1;GOBLIN:9;SCORPION_RIDER:5
4355,0,0,true,,,utility,utility,3,75,182485443961,182485400532,19,0,,false,7,3,2,2,ARCHER:4;MAGE:7,ASSASSIN:7;SCORPION_RIDER:3
4356,0,0,true,,,utility,utility,3,75,182485443961,182485400532,19,0,,false,7,3,2,2,ARCHER:4;MAGE:7,ASSASSIN:7;SCORPION_RIDER:3
4357,0,0,true,,,utility,cascade,3,75,182493355042,182493332111,4,0,GREEN,false,14,0,3,3,ARCHER:5;ASSASSIN:1;GOBLIN:12,ASSASSIN:4;GOBLIN:1;SPIDER:14
4358,0,0,true,,,cascade,utility,3,75,182493355042,182493332111,8,0,GREEN,false,14,0,3,3,ARCHER:5;ASSASSIN:1;GOBLIN:12,ASSASSIN:4;GOBLIN:1;SPIDER:14
4359,0,0,true,,,utility,cascade,3,75,182493362961,182493341116,21,0,BLUE,false,0,2,3,3,GOBLIN:2;GOLEM:2;SCORPION_RIDER:6,GARGOYLE:5;GOLEM:1;MAGE:4
4360,0,0,true,,,cascade,utility,3,75,182493362961,182493341116,14,0,GREEN,false,7,0,3,3,GOBLIN:2;GOLEM:2;SCORPION_RIDER:6,GARGOYLE:5;GOLEM:1;MAGE:4
4361,0,0,true,,,utility,utility,3,75,182501274042,182501289751,10,0,GREEN,false,9,0,2,4,GARGOYLE:5;SCORPION_RIDER:5,ARCHER:1;ASSASSIN:1;GOBLIN:2;MAGE:8
4362,0,0,true,,,utility,utility,3,75,182501274042,182501289751,8,0,GREEN,false,10,0,2,4,GARGOYLE:5;SCORPION_RIDER:5,ARCHER:1;ASSASSIN:1;GOBLIN:2;MAGE:8
4363,0,0,true,,,utility,utility,3,75,182501281961,182501264900,11,0,BLUE,false,0,3,2,3,ASSASSIN:8;GOBLIN:6,GOLEM:3;SPIDER:15
4364,0,0,true,,,utility,utility,3,75,182501281961,182501264900,11,0,BLUE,false,0,3,2,3,ASSASSIN:8;GOBLIN:6,GOLEM:3;SPIDER:15
4365,0,0,true,,,utility,utility,3,75,182509193042,182509214207,14,0,GREEN,false,2,0,2,3,ASSASSIN:5;SCORPION_RIDER:5,SPIDER:25
4366,0,0,true,,,utility,utility,3,75,182509193042,182509214207,14,0,GREEN,false,2,0,2,3,ASSASSIN:5;SCORPION_RIDER:5,SPIDER:25
4367,0,0,true,,,utility,utility,3,75,182509200961,182509222124,9,0,BLUE,false,0,15,3,3,GARGOYLE:2;GOLEM:1;MAGE:7,GOBLIN:8;SCORPION_RIDER:6;SPIDER:1
4368,0,0,true,,,utility,utility,3,75,182509200961,182509222124,7,0,BLUE,false,0,15,3,3,GARGOYLE:2;GOLEM:1;MAGE:7,GOBLIN:8;SCORPION_RIDER:6;SPIDER:1
4369,0,0,true,,,utility,cascade,3,75,182517112042,182517154375,9,0,GREEN,false,2,0,2,3,SPIDER:25,ASSASSIN:8;SPIDER:6
4370,0,0,true,,,cascade,utility,3,75,182517112042,182517154375,10,0,GREEN,false,15,0,2,3,SPIDER:25,ASSASSIN:8;SPIDER:6
4371,0,0,true,,,utility,cascade,3,75,182517119961,182517163380,27,0,BLUE,false,0,6,2,3,ARCHER:4;MAGE:7,ARCHER:4;GARGOYLE:6;GOBLIN:3
4372,0,0,true,,,cascade,utility,3,75,182517119961,182517163380,16,0,BLUE,false,0,6,2,3,ARCHER:4;MAGE:7,ARCHER:4;GARGOYLE:6;GOBLIN:3
4373,0,0,true,,,utility,cascade,3,75,182525031042,182524980271,27,0,BLUE,false,0,4,3,3,SCORPION_RIDER:3;SPIDER:17,GARGOYLE:5;GOBLIN:1;MAGE:5
4374,0,0,true,,,cascade,utility,3,75,182525031042,182524980271,12,0,GREEN,false,13,0,3,3,SCORPION_RIDER:3;SPIDER:17,GARGOYLE:5;GOBLIN:1;MAGE:5
4375,0,0,true,,,utility,cascade,3,75,182525038961,182525087708,8,0,GREEN,false,9,0,3,3,GARGOYLE:5;GOBLIN:11;MAGE:1,GOBLIN:13;SPIDER:12
4376,0,0,true,,,cascade,utility,3,75,182525038961,182525087708,8,0,GREEN,false,6,0,3,3,GARGOYLE:5;GOBLIN:11;MAGE:1,GOBLIN:13;SPIDER:12
4377,0,0,true,,,utility,cascade,3,75,183261498042,183261484055,14,0,GREEN,false,3,0,3,3,ASSASSIN:3;GOBLIN:2;SCORPION_RIDER:6,GARGOYLE:4;GOBLIN:1;SPIDER:14
4378,0,0,true,,,cascade,utility,3,75,183261498042,183261484055,9,0,BLUE,false,0,10,3,3,ASSASSIN:3;GOBLIN:2;SCORPION_RIDER:6,GARGOYLE:4;GOBLIN:1;SPIDER:14
4379,0,0,true,,,utility,cascade,3,75,183261505961,183261492996,12,0,GREEN,false,12,0,3,3,GARGOYLE:6;GOBLIN:11,GARGOYLE:3;MAGE:7;SPIDER:1
4380,0,0,true,,,cascade,utility,3,75,183261505961,183261492996,12,0,GREEN,false,14,0,3,3,GARGOYLE:6;GOBLIN:11,GARGOYLE:3;MAGE:7;SPIDER:1
4381,0,0,true,,,utility,utility,3,75,183269417042,183269441279,16,0,GREEN,false,13,0,3,3,ARCHER:12;GOBLIN:1,GOBLIN:2;GOLEM:3;SPIDER:13
4382,0,0,true,,,utility,utility,3,75,183269417042,183269441279,16,0,GREEN,false,13,0,3,3,ARCHER:12;GOBLIN:1,GOBLIN:2;GOLEM:3;SPIDER:13
4383,0,0,true,,,utility,utility,3,75,183269424961,183269433836,12,0,,false,15,15,3,4,MAGE:7;SPIDER:8,GARGOYLE:6;GOBLIN:8;MAGE:1
4384,0,0,true,,,utility,utility,3,75,183269424961,183269433836,20,0,,false,12,13,3,4,MAGE:7;SPIDER:8,GARGOYLE:6;GOBLIN:8;MAGE:1
4385,0,0,true,,,utility,utility,3,75,183277336042,183277382471,14,0,GREEN,false,6,0,2,3,SCORPION_RIDER:6;SPIDER:9,GOBLIN:11;GOLEM:4
4386,0,0,true,,,utility,utility,3,75,183277336042,183277382471,21,0,BLUE,false,0,2,2,3,SCORPION_RIDER:6;SPIDER:9,GOBLIN:11;GOLEM:4
4387,0,0,true,,,utility,utility,3,75,183277343961,183277357684,20,0,GREEN,false,11,0,3,2,ARCHER:5;GARGOYLE:6;GOBLIN:1,GOLEM:3;SPIDER:15
4388,0,0,true,,,utility,utility,3,75,183277343961,183277357684,20,0,GREEN,false,11,0,3,2,ARCHER:5;GARGOYLE:6;GOBLIN:1,GOLEM:3;SPIDER:15
4389,0,0,true,,,utility,utility,3,75,244815885042,244815834207,11,0,BLUE,false,0,11,3,3,MAGE:10;SPIDER:1,GOBLIN:9;GOLEM:4;SPIDER:2
4390,0,0,true,,,utility,utility,3,75,244815885042,244815834207,11,0,BLUE,false,0,11,3,3,MAGE:10;SPIDER:1,GOBLIN:9;GOLEM:4;SPIDER:2
4391,0,0,true,,,utility,utility,3,75,244815892961,244815941452,16,0,,false,6,8,3,4,ASSASSIN:4;GARGOYLE:6;SPIDER:1,ARCHER:4;ASSASSIN:1;GOLEM:4;SPIDER:1
4392,0,0,true,,,utility,utility,3,75,244815892961,244815941452,16,0,,false,6,8,3,4,ASSASSIN:4;GARGOYLE:6;SPIDER:1,ARCHER:4;ASSASSIN:1;GOLEM:4;SPIDER:1
4393,0,0,true,,,utility,utility,3,75,244815900880,244815949437,11,0,BLUE,false,0,5,2,3,GOBLIN:6;MAGE:8,ARCHER:7;ASSASSIN:4;GOBLIN:1
4394,0,0,true,,,utility,utility,3,75,244815900880,244815949437,11,0,BLUE,false,0,5,2,3,GOBLIN:6;MAGE:8,ARCHER:7;ASSASSIN:4;GOBLIN:1
4395,0,0,true,,,utility,utility,3,75,244815908799,244815925522,29,0,,false,10,5,3,3,ARCHER:6;GARGOYLE:5;SPIDER:1,ARCHER:7;GOBLIN:1;SPIDER:10
4396,0,0,true,,,utility,utility,3,75,244815908799,244815925522,29,0,,false,10,5,3,3,ARCHER:6;GARGOYLE:5;SPIDER:1,ARCHER:7;GOBLIN:1;SPIDER:10
4397,0,0,true,,,utility,utility,3,75,183285255042,183285306671,5,0,BLUE,false,0,9,3,3,ASSASSIN:10;SPIDER:1,ARCHER:8;GOBLIN:9
4398,0,0,true,,,utility,utility,3,75,183285255042,183285306671,5,0,BLUE,false,0,9,3,3,ASSASSIN:10;SPIDER:1,ARCHER:8;GOBLIN:9
4399,0,0,true,,,utility,utility,3,75,183285262961,183285314780,23,0,,false,1,4,3,3,ASSASSIN:4;GOLEM:4;MAGE:1,GOBLIN:1;GOLEM:3;SCORPION_RIDER:5
4400,0,0,true,,,utility,utility,3,75,183285262961,183285314780,23,0,,false,1,4,3,3,ASSASSIN:4;GOLEM:4;MAGE:1,GOBLIN:1;GOLEM:3;SCORPION_RIDER:5
4401,0,0,true,,,utility,cascade,3,75,183293174042,183293132727,9,0,BLUE,false,0,10,3,3,ARCHER:5;GARGOYLE:5;SCORPION_RIDER:1,GOBLIN:10;SCORPION_RIDER:5;SPIDER:1
4402,0,0,true,,,cascade,utility,3,75,183293174042,183293132727,11,0,BLUE,false,0,10,3,3,ARCHER:5;GARGOYLE:5;SCORPION_RIDER:1,GOBLIN:10;SCORPION_RIDER:5;SPIDER:1
4403,0,0,true,,,utility,cascade,3,75,183293181961,183293238948,9,0,BLUE,false,0,4,4,3,ASSASSIN:7;SCORPION_RIDER:2;SPIDER:3,GOLEM:4;SCORPION_RIDER:4;SPIDER:1
4404,0,0,true,,,cascade,utility,3,75,183293181961,183293238948,7,0,BLUE,false,0,5,4,3,ASSASSIN:7;SCORPION_RIDER:2;SPIDER:3,GOLEM:4;SCORPION_RIDER:4;SPIDER:1
4405,0,0,true,,,utility,cascade,3,75,183301093042,183301072927,6,0,GREEN,false,6,0,3,3,ASSASSIN:3;SCORPION_RIDER:5;SPIDER:4,MAGE:7;SCORPION_RIDER:3
4406,0,0,true,,,cascade,utility,3,75,183301093042,183301072927,16,0,GREEN,false,3,0,3,3,ASSASSIN:3;SCORPION_RIDER:5;SPIDER:4,MAGE:7;SCORPION_RIDER:3
4407,0,0,true,,,utility,cascade,3,75,183301100961,183301049100,19,0,BLUE,false,0,4,3,3,ARCHER:1;GOLEM:3;SPIDER:13,ARCHER:5;GOBLIN:1;GOLEM:4
4408,0,0,true,,,cascade,utility,3,75,183301100961,183301049100,15,0,BLUE,false,0,4,3,3,ARCHER:1;GOLEM:3;SPIDER:13,ARCHER:5;GOBLIN:1;GOLEM:4
4409,0,0,true,,,utility,cascade,3,75,183309012042,183308997351,9,0,GREEN,false,6,0,3,3,ASSASSIN:5;GARGOYLE:5;GOBLIN:1,ASSASSIN:8;GOLEM:1;MAGE:1
4410,0,0,true,,,cascade,utility,3,75,183309012042,183308997351,14,0,GREEN,false,5,0,3,3,ASSASSIN:5;GARGOYLE:5;GOBLIN:1,ASSASSIN:8;GOLEM:1;MAGE:1
4411,0,0,true,,,utility,cascade,3,75,183309019961,183309006228,6,0,GREEN,false,8,0,2,3,ARCHER:7;SCORPION_RIDER:4,ARCHER:1;ASSASSIN:3;SPIDER:16
4412,0,0,true,,,cascade,utility,3,75,183309019961,183309006228,6,0,GREEN,false,9,0,2,3,ARCHER:7;SCORPION_RIDER:4,ARCHER:1;ASSASSIN:3;SPIDER:16
4413,0,0,true,,,utility,cascade,3,75,183316931042,183316954959,19,0,BLUE,false,0,4,5,3,GOBLIN:1;GOLEM:6;SPIDER:4,GOBLIN:9;GOLEM:4;SPIDER:2
4414,0,0,true,,,cascade,utility,3,75,183316931042,183316954959,12,0,BLUE,false,0,8,5,3,GOBLIN:1;GOLEM:6;SPIDER:4,GOBLIN:9;GOLEM:4;SPIDER:2
4415,0,0,true,,,utility,cascade,3,75,183316938961,183316930172,17,0,BLUE,false,0,7,3,4,GOBLIN:1;SCORPION_RIDER:9,ARCHER:5;ASSASSIN:1;GARGOYLE:5;GOBLIN:1
4416,0,0,true,,,cascade,utility,3,75,183316938961,183316930172,13,0,BLUE,false,0,7,3,4,GOBLIN:1;SCORPION_RIDER:9,ARCHER:5;ASSASSIN:1;GARGOYLE:5;GOBLIN:1
4417,0,0,true,,,utility,cascade,3,75,184053398042,184053343415,11,0,BLUE,false,0,4,2,3,ARCHER:4;ASSASSIN:7,ARCHER:9;MAGE:3
4418,0,0,true,,,cascade,utility,3,75,184053398042,184053343415,7,0,BLUE,false,0,3,2,3,ARCHER:4;ASSASSIN:7,ARCHER:9;MAGE:3
4419,0,0,true,,,utility,cascade,3,75,184053405961,184053450660,23,0,BLUE,false,0,5,4,2,ASSASSIN:3;GARGOYLE:6;MAGE:1;SPIDER:1,GOBLIN:11;GOLEM:4
4420,0,0,true,,,cascade,utility,3,75,184053405961,184053450660,22,0,GREEN,false,6,0,4,2,ASSASSIN:3;GARGOYLE:6;MAGE:1;SPIDER:1,GOBLIN:11;GOLEM:4
4421,0,0,true,,,utility,cascade,3,75,184061317042,184061268255,17,0,BLUE,false,0,8,3,3,ASSASSIN:1;GOLEM:4;SPIDER:9,ARCHER:8;GOBLIN:2;GOLEM:2
4422,0,0,true,,,cascade,utility,3,75,184061317042,184061268255,9,0,BLUE,false,0,10,3,3,ASSASSIN:1;GOLEM:4;SPIDER:9,ARCHER:8;GOBLIN:2;GOLEM:2
4423,0,0,true,,,utility,cascade,3,75,184061324961,184061276172,6,0,GREEN,false,13,0,2,3,SCORPION_RIDER:6;SPIDER:9,ASSASSIN:2;GOBLIN:1;MAGE:8
4424,0,0,true,,,cascade,utility,3,75,184061324961,184061276172,6,0,GREEN,false,6,0,2,3,SCORPION_RIDER:6;SPIDER:9,ASSASSIN:2;GOBLIN:1;MAGE:8
4425,0,0,true,,,utility,cascade,3,75,184069236042,184069225447,15,0,BLUE,false,0,4,3,3,ARCHER:8;GOLEM:2;MAGE:1,ARCHER:1;GARGOYLE:6;GOBLIN:9
4426,0,0,true,,,cascade,utility,3,75,184069236042,184069225447,9,0,BLUE,false,0,6,3,3,ARCHER:8;GOLEM:2;MAGE:1,ARCHER:1;GARGOYLE:6;GOBLIN:9
4427,0,0,true,,,utility,cascade,3,75,184069243961,184069200532,13,0,BLUE,false,0,4,3,3,MAGE:10;SPIDER:1,ARCHER:1;GOLEM:4;MAGE:4
4428,0,0,true,,,cascade,utility,3,75,184069243961,184069200532,15,0,BLUE,false,0,3,3,3,MAGE:10;SPIDER:1,ARCHER:1;GOLEM:4;MAGE:4
4429,0,0,true,,,utility,cascade,3,75,184077155042,184077165647,19,0,BLUE,false,0,16,3,3,ASSASSIN:1;GOLEM:1;MAGE:8,GARGOYLE:5;GOBLIN:13
4430,0,0,true,,,cascade,utility,3,75,184077155042,184077165647,7,0,BLUE,false,0,18,3,3,ASSASSIN:1;GOLEM:1;MAGE:8,GARGOYLE:5;GOBLIN:13
4431,0,0,true,,,utility,cascade,3,75,184077162961,184077141884,11,0,GREEN,false,12,0,3,3,ARCHER:7;GOBLIN:11,GOBLIN:1;GOLEM:7
4432,0,0,true,,,cascade,utility,3,75,184077162961,184077141884,10,0,GREEN,false,7,0,3,3,ARCHER:7;GOBLIN:11,GOBLIN:1;GOLEM:7
4433,0,0,true,,,utility,cascade,3,75,184085074042,184085090007,17,0,GREEN,false,4,0,3,3,GOLEM:4;SCORPION_RIDER:4;SPIDER:1,ASSASSIN:1;GOBLIN:9;GOLEM:4
4434,0,0,true,,,cascade,utility,3,75,184085074042,184085090007,18,0,GREEN,false,4,0,3,3,GOLEM:4;SCORPION_RIDER:4;SPIDER:1,ASSASSIN:1;GOBLIN:9;GOLEM:4
4435,0,0,true,,,utility,cascade,3,75,184085081961,184085098948,10,0,GREEN,false,7,0,3,3,ARCHER:1;GARGOYLE:3;SCORPION_RIDER:6,GOBLIN:9;SPIDER:16
4436,0,0,true,,,cascade,utility,3,75,184085081961,184085098948,16,0,GREEN,false,4,0,3,3,ARCHER:1;GARGOYLE:3;SCORPION_RIDER:6,GOBLIN:9;SPIDER:16
4437,0,0,true,,,utility,utility,3,75,184092993042,184093046975,22,0,,false,1,3,3,2,ASSASSIN:10;GOBLIN:1,MAGE:7;SPIDER:8
4438,0,0,true,,,utility,utility,3,75,184092993042,184093046975,8,0,GREEN,false,5,0,3,2,ASSASSIN:10;GOBLIN:1,MAGE:7;SPIDER:8
4439,0,0,true,,,utility,utility,3,75,184093000961,184093023148,20,0,,false,4,4,3,2,ASSASSIN:8;SPIDER:6,GOBLIN:6;MAGE:8
4440,0,0,true,,,utility,utility,3,75,184093000961,184093023148,20,0,,false,4,4,3,2,ASSASSIN:8;SPIDER:6,GOBLIN:6;MAGE:8
4441,0,0,true,,,utility,cascade,3,75,184100912042,184100857095,11,0,GREEN,false,4,0,3,3,ASSASSIN:1;GARGOYLE:4;SCORPION_RIDER:5,ASSASSIN:7;GOBLIN:7;SPIDER:1
4442,0,0,true,,,cascade,utility,3,75,184100912042,184100857095,8,0,GREEN,false,8,0,3,3,ASSASSIN:1;GARGOYLE:4;SCORPION_RIDER:5,ASSASSIN:7;GOBLIN:7;SPIDER:1
4443,0,0,true,,,utility,cascade,3,75,184100919961,184100963380,7,0,GREEN,false,9,0,2,3,GOBLIN:11;GOLEM:4,ASSASSIN:5;GOBLIN:13
4444,0,0,true,,,cascade,utility,3,75,184100919961,184100963380,10,0,GREEN,false,10,0,2,3,GOBLIN:11;GOLEM:4,ASSASSIN:5;GOBLIN:13
4445,0,0,true,,,utility,utility,3,75,184108831042,184108781551,17,0,,false,18,24,3,2,GOBLIN:13;MAGE:5,GOBLIN:10;SPIDER:15
4446,0,0,true,,,utility,utility,3,75,184108831042,184108781551,19,0,,false,18,24,3,2,GOBLIN:13;MAGE:5,GOBLIN:10;SPIDER:15
4447,0,0,true,,,utility,utility,3,75,184108838961,184108789404,16,0,,false,6,12,2,3,MAGE:8;SPIDER:6,ARCHER:8;GARGOYLE:3;SPIDER:2
4448,0,0,true,,,utility,utility,3,75,184108838961,184108789404,16,0,,false,6,12,2,3,MAGE:8;SPIDER:6,ARCHER:8;GARGOYLE:3;SPIDER:2
4449,0,0,true,,,utility,cascade,3,75,184845298042,184845318103,27,0,BLUE,false,0,3,3,3,ARCHER:7;SPIDER:11,GOLEM:7;SPIDER:1
4450,0,0,true,,,cascade,utility,3,75,184845298042,184845318103,19,0,BLUE,false,0,6,3,3,ARCHER:7;SPIDER:11,GOLEM:7;SPIDER:1
4451,0,0,true,,,utility,cascade,3,75,184845305961,184845293252,26,0,GREEN,false,6,0,2,3,MAGE:7;SCORPION_RIDER:3,ARCHER:1;GOLEM:4;MAGE:4
4452,0,0,true,,,cascade,utility,3,75,184845305961,184845293252,22,0,GREEN,false,6,0,2,3,MAGE:7;SCORPION_RIDER:3,ARCHER:1;GOLEM:4;MAGE:4
4453,0,0,true,,,utility,utility,3,75,184853217042,184853258687,12,0,GREEN,false,6,0,3,3,GOLEM:3;SCORPION_RIDER:5;SPIDER:1,ASSASSIN:3;MAGE:7;SPIDER:1
4454,0,0,true,,,utility,utility,3,75,184853217042,184853258687,12,0,GREEN,false,6,0,3,3,GOLEM:3;SCORPION_RIDER:5;SPIDER:1,ASSASSIN:3;MAGE:7;SPIDER:1
4455,0,0,true,,,utility,utility,3,75,184853224961,184853233836,20,0,,false,23,14,3,3,GOBLIN:10;SPIDER:15,ARCHER:1;GOLEM:4;SPIDER:9
4456,0,0,true,,,utility,utility,3,75,184853224961,184853233836,25,0,,false,12,1,3,3,GOBLIN:10;SPIDER:15,ARCHER:1;GOLEM:4;SPIDER:9
4457,0,0,true,,,utility,utility,3,75,184861136042,184861182471,7,0,BLUE,false,0,5,2,2,ARCHER:4;MAGE:7,ARCHER:3;ASSASSIN:8
4458,0,0,true,,,utility,utility,3,75,184861136042,184861182471,7,0,BLUE,false,0,5,2,2,ARCHER:4;MAGE:7,ARCHER:3;ASSASSIN:8
4459,0,0,true,,,utility,utility,3,75,184861143961,184861191476,18,0,GREEN,false,10,0,2,3,ARCHER:7;SCORPION_RIDER:4,GARGOYLE:3;GOBLIN:1;MAGE:7
4460,0,0,true,,,utility,utility,3,75,184861143961,184861191476,14,0,GREEN,false,10,0,2,3,ARCHER:7;SCORPION_RIDER:4,GARGOYLE:3;GOBLIN:1;MAGE:7
4461,0,0,true,,,utility,cascade,3,75,184869055042,184869008623,44,0,GREEN,false,8,0,3,2,MAGE:5;SCORPION_RIDER:5,SCORPION_RIDER:4;SPIDER:14
4462,0,0,true,,,cascade,utility,3,75,184869055042,184869008623,11,0,BLUE,false,0,10,3,2,MAGE:5;SCORPION_RIDER:5,SCORPION_RIDER:4;SPIDER:14
4463,0,0,true,,,utility,cascade,3,75,184869062961,184869115804,19,0,BLUE,false,0,4,3,3,GARGOYLE:3;MAGE:7;SPIDER:1,GOLEM:1;MAGE:8;SPIDER:3
4464,0,0,true,,,cascade,utility,3,75,184869062961,184869115804,17,0,BLUE,false,0,1,3,3,GARGOYLE:3;MAGE:7;SPIDER:1,GOLEM:1;MAGE:8;SPIDER:3
4465,0,0,true,,,utility,utility,3,75,246407604042,246407592423,25,0,,false,7,11,3,3,GARGOYLE:5;GOLEM:4,GARGOYLE:6;GOBLIN:2;SPIDER:9
4466,0,0,true,,,utility,utility,3,75,246407604042,246407592423,21,0,,false,9,8,3,3,GARGOYLE:5;GOLEM:4,GARGOYLE:6;GOBLIN:2;SPIDER:9
4467,0,0,true,,,utility,utility,3,75,246407611961,246407567508,12,0,,false,24,25,4,2,ARCHER:1;GOBLIN:23,SPIDER:25
4468,0,0,true,,,utility,utility,3,75,246407611961,246407567508,22,0,,false,13,12,4,2,ARCHER:1;GOBLIN:23,SPIDER:25
4469,0,0,true,,,utility,utility,3,75,246407619880,246407576453,8,0,GREEN,false,9,0,3,2,GARGOYLE:4;SCORPION_RIDER:5;SPIDER:2,MAGE:4;SPIDER:15
4470,0,0,true,,,utility,utility,3,75,246407619880,246407576453,8,0,GREEN,false,9,0,3,2,GARGOYLE:4;SCORPION_RIDER:5;SPIDER:2,MAGE:4;SPIDER:15
4471,0,0,true,,,utility,utility,3,75,246407627799,246407682746,22,0,,false,5,6,3,2,ARCHER:2;ASSASSIN:4;GARGOYLE:5,MAGE:5;SCORPION_RIDER:5
4472,0,0,true,,,utility,utility,3,75,246407627799,246407682746,22,0,,false,5,6,3,2,ARCHER:2;ASSASSIN:4;GARGOYLE:5,MAGE:5;SCORPION_RIDER:5
4473,0,0,true,,,utility,cascade,3,75,184876974042,184876949879,11,0,BLUE,false,0,16,3,3,ASSASSIN:5;GOLEM:4,ASSASSIN:1;GARGOYLE:5;GOBLIN:11
4474,0,0,true,,,cascade,utility,3,75,184876974042,184876949879,7,0,BLUE,false,0,12,3,3,ASSASSIN:5;GOLEM:4,ASSASSIN:1;GARGOYLE:5;GOBLIN:11
4475,0,0,true,,,utility,cascade,3,75,184876981961,184876925028,10,0,GREEN,false,10,0,2,2,GOBLIN:11;GOLEM:4,SCORPION_RIDER:4;SPIDER:14
4476,0,0,true,,,cascade,utility,3,75,184876981961,184876925028,12,0,GREEN,false,7,0,2,2,GOBLIN:11;GOLEM:4,SCORPION_RIDER:4;SPIDER:14
4477,0,0,true,,,utility,cascade,3,75,184884893042,184884874207,16,0,GREEN,false,6,0,3,3,GARGOYLE:10;GOBLIN:1,ARCHER:7;MAGE:4;SPIDER:1
4478,0,0,true,,,cascade,utility,3,75,184884893042,184884874207,18,0,GREEN,false,10,0,3,3,GARGOYLE:10;GOBLIN:1,ARCHER:7;MAGE:4;SPIDER:1
4479,0,0,true,,,utility,cascade,3,75,184884900961,184884882124,9,0,BLUE,false,0,5,2,3,SPIDER:25,GOBLIN:10;SPIDER:15
4480,0,0,true,,,cascade,utility,3,75,184884900961,184884882124,12,0,GREEN,false,6,0,2,3,SPIDER:25,GOBLIN:10;SPIDER:15
4481,0,0,true,,,utility,cascade,3,75,184892812042,184892831143,7,0,BLUE,false,0,2,3,3,ASSASSIN:7;MAGE:3;SPIDER:1,ASSASSIN:7;GOBLIN:1;MAGE:3
4482,0,0,true,,,cascade,utility,3,75,184892812042,184892831143,8,0,GREEN,false,5,0,3,3,ASSASSIN:7;MAGE:3;SPIDER:1,ASSASSIN:7;GOBLIN:1;MAGE:3
4483,0,0,true,,,utility,cascade,3,75,184892819961,184892806996,8,0,GREEN,false,3,0,4,3,ARCHER:3;ASSASSIN:2;GOBLIN:1;SCORPION_RIDER:5,GOBLIN:14;SCORPION_RIDER:4
4484,0,0,true,,,cascade,utility,3,75,184892819961,184892806996,14,0,GREEN,false,3,0,4,3,ARCHER:3;ASSASSIN:2;GOBLIN:1;SCORPION_RIDER:5,GOBLIN:14;SCORPION_RIDER:4
4485,0,0,true,,,utility,cascade,3,75,184900731042,184900754959,10,0,GREEN,false,4,0,3,2,ARCHER:7;GOLEM:3;SPIDER:1,ARCHER:8;SPIDER:9
4486,0,0,true,,,cascade,utility,3,75,184900731042,184900754959,12,0,GREEN,false,3,0,3,2,ARCHER:7;GOLEM:3;SPIDER:1,ARCHER:8;SPIDER:9
4487,0,0,true,,,utility,cascade,3,75,184900738961,184900747580,11,0,BLUE,false,0,8,2,3,ARCHER:3;ASSASSIN:8,GARGOYLE:3;MAGE:7;SPIDER:1
4488,0,0,true,,,cascade,utility,3,75,184900738961,184900747580,7,0,BLUE,false,0,7,2,3,ARCHER:3;ASSASSIN:8,GARGOYLE:3;MAGE:7;SPIDER:1
4489,0,0,true,,,utility,cascade,3,75,185637198042,185637144183,10,0,GREEN,false,7,0,3,3,ARCHER:7;SPIDER:11,GOLEM:2;SPIDER:18
4490,0,0,true,,,cascade,utility,3,75,185637198042,185637144183,14,0,GREEN,false,6,0,3,3,ARCHER:7;SPIDER:11,GOLEM:2;SPIDER:18
4491,0,0,true,,,utility,cascade,3,75,185637205961,185637153124,7,0,GREEN,false,15,0,3,2,SCORPION_RIDER:3;SPIDER:17,ASSASSIN:5;SCORPION_RIDER:5
4492,0,0,true,,,cascade,utility,3,75,185637205961,185637153124,6,0,GREEN,false,16,0,3,2,SCORPION_RIDER:3;SPIDER:17,ASSASSIN:5;SCORPION_RIDER:5
4493,0,0,true,,,utility,cascade,3,75,185645117042,185645101279,14,0,GREEN,false,4,0,3,3,ASSASSIN:4;GARGOYLE:1;GOLEM:4,ARCHER:8;ASSASSIN:3;GOBLIN:2
4494,0,0,true,,,cascade,utility,3,75,185645117042,185645101279,16,0,GREEN,false,4,0,3,3,ASSASSIN:4;GARGOYLE:1;GOLEM:4,ARCHER:8;ASSASSIN:3;GOBLIN:2
4495,0,0,true,,,utility,cascade,3,75,185645124961,185645077452,15,0,BLUE,false,0,5,3,3,GOLEM:7;SPIDER:1,ARCHER:7;GOBLIN:1;MAGE:4
4496,0,0,true,,,cascade,utility,3,75,185645124961,185645077452,18,0,BLUE,false,0,6,3,3,GOLEM:7;SPIDER:1,ARCHER:7;GOBLIN:1;MAGE:4
4497,0,0,true,,,utility,cascade,3,75,185653036042,185653025447,9,0,BLUE,false,0,14,3,2,ASSASSIN:2;MAGE:8;SPIDER:1,GOBLIN:11;GOLEM:4
4498,0,0,true,,,cascade,utility,3,75,185653036042,185653025447,15,0,BLUE,false,0,4,3,2,ASSASSIN:2;MAGE:8;SPIDER:1,GOBLIN:11;GOLEM:4
4499,0,0,true,,,utility,cascade,3,75,185653043961,185653034068,8,0,GREEN,false,7,0,3,2,GOBLIN:1;GOLEM:7,ARCHER:3;ASSASSIN:8
4500,0,0,true,,,cascade,utility,3,75,185653043961,185653034068,8,0,GREEN,false,4,0,3,2,GOBLIN:1;GOLEM:7,ARCHER:3;ASSASSIN:8
4501,0,0,true,,,utility,cascade,3,75,185660955042,185660966671,8,0,GREEN,false,13,0,3,3,ARCHER:7;GOBLIN:11,MAGE:10;SPIDER:1
4502,0,0,true,,,cascade,utility,3,75,185660955042,185660966671,8,0,GREEN,false,16,0,3,3,ARCHER:7;GOBLIN:11,MAGE:10;SPIDER:1
4503,0,0,true,,,utility,cascade,3,75,185660962961,185660974652,12,0,GREEN,false,6,0,3,3,GARGOYLE:6;GOBLIN:1;GOLEM:3,MAGE:4;SCORPION_RIDER:5;SPIDER:2
4504,0,0,true,,,cascade,utility,3,75,185660962961,185660974652,201,0,,true,7,5,3,3,GARGOYLE:6;GOBLIN:1;GOLEM:3,MAGE:4;SCORPION_RIDER:5;SPIDER:2
4505,0,0,true,,,utility,utility,3,75,185668874042,185668923799,7,0,BLUE,false,0,13,3,3,MAGE:10;SPIDER:1,ASSASSIN:6;GOBLIN:10;SPIDER:1
4506,0,0,true,,,utility,utility,3,75,185668874042,185668923799,7,0,BLUE,false,0,11,3,3,MAGE:10;SPIDER:1,ASSASSIN:6;GOBLIN:10;SPIDER:1
4507,0,0,true,,,utility,utility,3,75,185668881961,185668898948,24,0,,false,14,14,2,3,GOBLIN:11;SPIDER:14,ARCHER:5;GOBLIN:1;SPIDER:14
4508,0,0,true,,,utility,utility,3,75,185668881961,185668898948,24,0,,false,14,14,2,3,GOBLIN:11;SPIDER:14,ARCHER:5;GOBLIN:1;SPIDER:14
4509,0,0,true,,,utility,cascade,3,75,185676793042,185676847743,10,0,GREEN,false,10,0,3,4,ARCHER:8;GOBLIN:2;SPIDER:7,SCORPION_RIDER:3;SPIDER:17
4510,0,0,true,,,cascade,utility,3,75,185676793042,185676847743,8,0,GREEN,false,8,0,3,4,ARCHER:8;GOBLIN:2;SPIDER:7,SCORPION_RIDER:3;SPIDER:17
4511,0,0,true,,,utility,cascade,3,75,185676800961,185676856684,14,0,GREEN,false,4,0,3,3,GOBLIN:10;GOLEM:1;MAGE:5,ARCHER:1;GOBLIN:10;SPIDER:13
4512,0,0,true,,,cascade,utility,3,75,185676800961,185676856684,10,0,GREEN,false,5,0,3,3,GOBLIN:10;GOLEM:1;MAGE:5,ARCHER:1;GOBLIN:10;SPIDER:13
4513,0,0,true,,,utility,utility,3,75,185684712042,185684657351,20,0,,false,6,9,4,2,ARCHER:4;ASSASSIN:1;GOBLIN:1;SCORPION_RIDER:5,GARGOYLE:5;GOLEM:4
4514,0,0,true,,,utility,utility,3,75,185684712042,185684657351,20,0,,false,6,9,4,2,ARCHER:4;ASSASSIN:1;GOBLIN:1;SCORPION_RIDER:5,GARGOYLE:5;GOLEM:4
4515,0,0,true,,,utility,utility,3,75,185684719961,185684666356,12,0,GREEN,false,6,0,3,3,SCORPION_RIDER:6;SPIDER:9,GOBLIN:10;GOLEM:4;SPIDER:1
4516,0,0,true,,,utility,utility,3,75,185684719961,185684666356,17,0,BLUE,false,0,2,3,3,SCORPION_RIDER:6;SPIDER:9,GOBLIN:10;GOLEM:4;SPIDER:1
4517,0,0,true,,,utility,cascade,3,75,185692631042,185692614319,13,0,BLUE,false,0,4,3,3,ASSASSIN:10;SPIDER:1,MAGE:4;SPIDER:15
4518,0,0,true,,,cascade,utility,3,75,185692631042,185692614319,7,0,BLUE,false,0,4,3,3,ASSASSIN:10;SPIDER:1,MAGE:4;SPIDER:15
4519,0,0,true,,,utility,cascade,3,75,185692638961,185692590172,7,0,BLUE,false,0,5,3,3,ARCHER:12;GOBLIN:1,ARCHER:4;GOBLIN:1;SCORPION_RIDER:6
4520,0,0,true,,,cascade,utility,3,75,185692638961,185692590172,5,0,BLUE,false,0,11,3,3,ARCHER:12;GOBLIN:1,ARCHER:4;GOBLIN:1;SCORPION_RIDER:6
4521,0,0,true,,,utility,utility,3,75,186429098042,186429118103,11,0,BLUE,false,0,5,2,2,SPIDER:25,ARCHER:3;MAGE:8
4522,0,0,true,,,utility,utility,3,75,186429098042,186429118103,11,0,BLUE,false,0,5,2,2,SPIDER:25,ARCHER:3;MAGE:8
4523,0,0,true,,,utility,utility,3,75,186429105961,186429127044,18,0,,false,13,14,3,3,ASSASSIN:5;GOBLIN:11;SPIDER:2,GOBLIN:10;GOLEM:4;SPIDER:1
4524,0,0,true,,,utility,utility,3,75,186429105961,186429127044,18,0,,false,13,14,3,3,ASSASSIN:5;GOBLIN:11;SPIDER:2,GOBLIN:10;GOLEM:4;SPIDER:1
4525,0,0,true,,,utility,cascade,3,75,186437017042,186437059455,7,0,BLUE,false,0,10,3,4,MAGE:3;SPIDER:18,ARCHER:7;GOBLIN:1;MAGE:4
4526,0,0,true,,,cascade,utility,3,75,186437017042,186437059455,8,0,BLUE,false,0,10,3,4,MAGE:3;SPIDER:18,ARCHER:7;GOBLIN:1;MAGE:4
4527,0,0,true,,,utility,cascade,3,75,186437024961,186437067372,22,0,BLUE,false,0,5,3,2,ARCHER:1;GARGOYLE:3;SCORPION_RIDER:6,GARGOYLE:6;GOBLIN:11
4528,0,0,true,,,cascade,utility,3,75,186437024961,186437067372,10,0,BLUE,false,0,7,3,2,ARCHER:1;GARGOYLE:3;SCORPION_RIDER:6,GARGOYLE:6;GOBLIN:11
4529,0,0,true,,,utility,cascade,3,75,186444936042,186444885447,19,0,BLUE,false,0,4,3,3,GOLEM:2;MAGE:1;SPIDER:16,ASSASSIN:3;GARGOYLE:2;GOLEM:4
4530,0,0,true,,,cascade,utility,3,75,186444936042,186444885447,12,0,GREEN,false,9,0,3,3,GOLEM:2;MAGE:1;SPIDER:16,ASSASSIN:3;GARGOYLE:2;GOLEM:4
4531,0,0,true,,,utility,cascade,3,75,186444943961,186444991732,7,0,BLUE,false,0,23,3,4,ARCHER:4;SPIDER:17,GOBLIN:25
4532,0,0,true,,,cascade,utility,3,75,186444943961,186444991732,17,0,BLUE,false,0,12,3,4,ARCHER:4;SPIDER:17,GOBLIN:25
4533,0,0,true,,,utility,cascade,3,75,186452855042,186452809647,6,0,GREEN,false,9,0,3,2,GOBLIN:2;MAGE:3;SCORPION_RIDER:6,ASSASSIN:8;GOBLIN:6
4534,0,0,true,,,cascade,utility,3,75,186452855042,186452809647,10,0,GREEN,false,8,0,3,2,GOBLIN:2;MAGE:3;SCORPION_RIDER:6,ASSASSIN:8;GOBLIN:6
4535,0,0,true,,,utility,cascade,3,75,186452862961,186452818268,6,0,GREEN,false,7,0,2,3,MAGE:5;SCORPION_RIDER:5,GOBLIN:1;MAGE:10
4536,0,0,true,,,cascade,utility,3,75,186452862961,186452818268,6,0,GREEN,false,5,0,2,3,MAGE:5;SCORPION_RIDER:5,GOBLIN:1;MAGE:10
4537,0,0,true,,,utility,utility,3,75,186460774042,186460749879,12,0,,false,15,16,4,3,GOBLIN:10;GOLEM:2;SCORPION_RIDER:3,GOBLIN:11;SCORPION_RIDER:5
4538,0,0,true,,,utility,utility,3,75,186460774042,186460749879,12,0,,false,15,16,4,3,GOBLIN:10;GOLEM:2;SCORPION_RIDER:3,GOBLIN:11;SCORPION_RIDER:5
4539,0,0,true,,,utility,utility,3,75,186460781961,186460758820,14,0,GREEN,false,11,0,3,2,GOBLIN:12;GOLEM:3;SCORPION_RIDER:1,GOBLIN:8;MAGE:7
4540,0,0,true,,,utility,utility,3,75,186460781961,186460758820,25,0,,false,15,8,3,2,GOBLIN:12;GOLEM:3;SCORPION_RIDER:1,GOBLIN:8;MAGE:7
4541,0,0,true,,,utility,utility,3,75,186468693042,186468706975,22,0,,false,1,10,3,3,ARCHER:7;MAGE:4;SPIDER:1,ARCHER:6;GOBLIN:13
4542,0,0,true,,,utility,utility,3,75,186468693042,186468706975,22,0,,false,1,10,3,3,ARCHER:7;MAGE:4;SPIDER:1,ARCHER:6;GOBLIN:13
4543,0,0,true,,,utility,utility,3,75,186468700961,186468683148,5,0,BLUE,false,0,10,3,3,ARCHER:7;GOBLIN:1;MAGE:4,ARCHER:5;SCORPION_RIDER:5;SPIDER:1
4544,0,0,true,,,utility,utility,3,75,186468700961,186468683148,5,0,BLUE,false,0,10,3,3,ARCHER:7;GOBLIN:1;MAGE:4,ARCHER:5;SCORPION_RIDER:5;SPIDER:1
4545,0,0,true,,,utility,cascade,3,75,186476612042,186476631911,10,0,GREEN,false,5,0,2,3,MAGE:7;SCORPION_RIDER:3,ARCHER:4;ASSASSIN:1;SPIDER:14
4546,0,0,true,,,cascade,utility,3,75,186476612042,186476631911,8,0,BLUE,false,0,10,2,3,MAGE:7;SCORPION_RIDER:3,ARCHER:4;ASSASSIN:1;SPIDER:14
4547,0,0,true,,,utility,cascade,3,75,186476619961,186476639764,9,0,BLUE,false,0,9,2,2,ASSASSIN:4;SPIDER:15,GOLEM:4;MAGE:5
4548,0,0,true,,,cascade,utility,3,75,186476619961,186476639764,7,0,BLUE,false,0,9,2,2,ASSASSIN:4;SPIDER:15,GOLEM:4;MAGE:5
4549,0,0,true,,,utility,cascade,3,75,186484531042,186484572623,14,0,GREEN,false,6,0,3,4,ARCHER:7;GARGOYLE:1;SCORPION_RIDER:3,GARGOYLE:1;GOBLIN:22
4550,0,0,true,,,cascade,utility,3,75,186484531042,186484572623,18,0,GREEN,false,6,0,3,4,ARCHER:7;GARGOYLE:1;SCORPION_RIDER:3,GARGOYLE:1;GOBLIN:22
4551,0,0,true,,,utility,cascade,3,75,186484538961,186484580604,18,0,GREEN,false,10,0,3,3,GOBLIN:14;SCORPION_RIDER:4,MAGE:8;SCORPION_RIDER:2;SPIDER:1
4552,0,0,true,,,cascade,utility,3,75,186484538961,186484580604,14,0,GREEN,false,10,0,3,3,GOBLIN:14;SCORPION_RIDER:4,MAGE:8;SCORPION_RIDER:2;SPIDER:1
4553,0,0,true,,,utility,cascade,3,75,187220998042,187220977975,13,0,BLUE,false,0,4,3,4,GARGOYLE:3;SPIDER:18,ARCHER:4;GARGOYLE:1;GOBLIN:1;GOLEM:4
4554,0,0,true,,,cascade,utility,3,75,187220998042,187220977975,9,0,BLUE,false,0,8,3,4,GARGOYLE:3;SPIDER:18,ARCHER:4;GARGOYLE:1;GOBLIN:1;GOLEM:4
4555,0,0,true,,,utility,cascade,3,75,187221005961,187220953124,17,0,BLUE,false,0,5,4,2,ASSASSIN:2;GOBLIN:1;SCORPION_RIDER:5;SPIDER:6,GARGOYLE:5;SCORPION_RIDER:5
4556,0,0,true,,,cascade,utility,3,75,187221005961,187220953124,7,0,BLUE,false,0,8,4,2,ASSASSIN:2;GOBLIN:1;SCORPION_RIDER:5;SPIDER:6,GARGOYLE:5;SCORPION_RIDER:5
4557,0,0,true,,,utility,cascade,3,75,187228917042,187228902303,20,0,GREEN,false,6,0,3,3,ARCHER:8;GOLEM:2;MAGE:1,GOBLIN:1;GOLEM:7
4558,0,0,true,,,cascade,utility,3,75,187228917042,187228902303,20,0,GREEN,false,6,0,3,3,ARCHER:8;GOLEM:2;MAGE:1,GOBLIN:1;GOLEM:7
4559,0,0,true,,,utility,cascade,3,75,187228924961,187228910220,9,0,BLUE,false,0,11,2,4,ASSASSIN:5;GOLEM:4,GOBLIN:10;GOLEM:4;SPIDER:1
4560,0,0,true,,,cascade,utility,3,75,187228924961,187228910220,13,0,BLUE,false,0,10,2,4,ASSASSIN:5;GOLEM:4,GOBLIN:10;GOLEM:4;SPIDER:1
4561,0,0,true,,,utility,cascade,3,75,187236836042,187236858983,14,0,GREEN,false,7,0,3,4,SCORPION_RIDER:6;SPIDER:9,GARGOYLE:8;MAGE:2;SPIDER:1
4562,0,0,true,,,cascade,utility,3,75,187236836042,187236858983,13,0,BLUE,false,0,4,3,4,SCORPION_RIDER:6;SPIDER:9,GARGOYLE:8;MAGE:2;SPIDER:1
4563,0,0,true,,,utility,cascade,3,75,187236843961,187236835092,17,0,GREEN,false,8,0,3,3,GARGOYLE:6;GOBLIN:11,GOBLIN:1;GOLEM:4;SCORPION_RIDER:4
4564,0,0,true,,,cascade,utility,3,75,187236843961,187236835092,14,0,GREEN,false,6,0,3,3,GARGOYLE:6;GOBLIN:11,GOBLIN:1;GOLEM:4;SCORPION_RIDER:4
4565,0,0,true,,,utility,cascade,3,75,187244755042,187244799695,12,0,GREEN,false,4,0,3,4,ARCHER:5;SCORPION_RIDER:5;SPIDER:1,ARCHER:10;SCORPION_RIDER:1;SPIDER:2
4566,0,0,true,,,cascade,utility,3,75,187244755042,187244799695,10,0,GREEN,false,5,0,3,4,ARCHER:5;SCORPION_RIDER:5;SPIDER:1,ARCHER:10;SCORPION_RIDER:1;SPIDER:2
4567,0,0,true,,,utility,cascade,3,75,187244762961,187244775932,14,0,GREEN,false,5,0,3,3,ARCHER:4;GOLEM:4;SPIDER:3,ARCHER:1;MAGE:3;SPIDER:16
4568,0,0,true,,,cascade,utility,3,75,187244762961,187244775932,8,0,GREEN,false,8,0,3,3,ARCHER:4;GOLEM:4;SPIDER:3,ARCHER:1;MAGE:3;SPIDER:16
4569,0,0,true,,,utility,cascade,3,75,187252674042,187252724567,6,0,GREEN,false,12,0,2,2,GARGOYLE:6;GOBLIN:11,ASSASSIN:5;SPIDER:13
4570,0,0,true,,,cascade,utility,3,75,187252674042,187252724567,4,0,GREEN,false,16,0,2,2,GARGOYLE:6;GOBLIN:11,ASSASSIN:5;SPIDER:13
4571,0,0,true,,,utility,cascade,3,75,187252681961,187252732484,9,0,BLUE,false,0,3,3,3,ASSASSIN:2;GOBLIN:1;MAGE:8,GOBLIN:1;MAGE:10
4572,0,0,true,,,cascade,utility,3,75,187252681961,187252732484,10,0,GREEN,false,4,0,3,3,ASSASSIN:2;GOBLIN:1;MAGE:8,GOBLIN:1;MAGE:10
4573,0,0,true,,,utility,utility,3,75,187260593042,187260550463,9,0,BLUE,false,0,10,4,3,ARCHER:1;ASSASSIN:3;SPIDER:16,ARCHER:6;GARGOYLE:5;GOBLIN:1
4574,0,0,true,,,utility,utility,3,75,187260593042,187260550463,9,0,BLUE,false,0,10,4,3,ARCHER:1;ASSASSIN:3;SPIDER:16,ARCHER:6;GARGOYLE:5;GOBLIN:1
4575,0,0,true,,,utility,utility,3,75,187260600961,187260656684,25,0,,false,7,11,2,3,ARCHER:3;MAGE:8,GARGOYLE:6;GOBLIN:10;SPIDER:1
4576,0,0,true,,,utility,utility,3,75,187260600961,187260656684,25,0,,false,7,11,2,3,ARCHER:3;MAGE:8,GARGOYLE:6;GOBLIN:10;SPIDER:1
4577,0,0,true,,,utility,cascade,3,75,187268512042,187268491143,23,0,BLUE,false,0,5,3,3,GARGOYLE:4;GOBLIN:12;GOLEM:1,GARGOYLE:5;SPIDER:13
4578,0,0,true,,,cascade,utility,3,75,187268512042,187268491143,10,0,GREEN,false,9,0,3,3,GARGOYLE:4;GOBLIN:12;GOLEM:1,GARGOYLE:5;SPIDER:13
4579,0,0,true,,,utility,cascade,3,75,187268519961,187268466356,12,0,GREEN,false,5,0,3,2,GOBLIN:1;GOLEM:4;SCORPION_RIDER:4,SPIDER:25
4580,0,0,true,,,cascade,utility,3,75,187268519961,187268466356,12,0,GREEN,false,4,0,3,2,GOBLIN:1;GOLEM:4;SCORPION_RIDER:4,SPIDER:25
4581,0,0,true,,,utility,cascade,3,75,187276431042,187276415087,12,0,GREEN,false,7,0,2,2,GOBLIN:10;SPIDER:15,ARCHER:4;MAGE:7
4582,0,0,true,,,cascade,utility,3,75,187276431042,187276415087,6,0,GREEN,false,18,0,2,2,GOBLIN:10;SPIDER:15,ARCHER:4;MAGE:7
4583,0,0,true,,,utility,cascade,3,75,187276438961,187276423964,18,0,GREEN,false,3,0,3,3,GOBLIN:9;GOLEM:4;SPIDER:2,ARCHER:1;MAGE:3;SCORPION_RIDER:6
4584,0,0,true,,,cascade,utility,3,75,187276438961,187276423964,8,0,BLUE,false,0,4,3,3,GOBLIN:9;GOLEM:4;SPIDER:2,ARCHER:1;MAGE:3;SCORPION_RIDER:6
4585,0,0,true,,,utility,utility,3,75,188012898042,188012951639,11,0,BLUE,false,0,10,3,3,MAGE:8;SPIDER:6,GARGOYLE:3;SCORPION_RIDER:6;SPIDER:2
4586,0,0,true,,,utility,utility,3,75,188012898042,188012951639,11,0,BLUE,false,0,10,3,3,MAGE:8;SPIDER:6,GARGOYLE:3;SCORPION_RIDER:6;SPIDER:2
4587,0,0,true,,,utility,utility,3,75,188012905961,188012927812,16,0,,false,3,9,3,3,ASSASSIN:8;SCORPION_RIDER:2;SPIDER:1,GARGOYLE:5;SCORPION_RIDER:5
4588,0,0,true,,,utility,utility,3,75,188012905961,188012927812,16,0,,false,3,9,3,3,ASSASSIN:8;SCORPION_RIDER:2;SPIDER:1,GARGOYLE:5;SCORPION_RIDER:5
4589,0,0,true,,,utility,cascade,3,75,188020817042,188020761151,21,0,BLUE,false,0,4,3,2,GOBLIN:7;MAGE:7;SPIDER:1,GARGOYLE:5;GOLEM:4
4590,0,0,true,,,cascade,utility,3,75,188020817042,188020761151,13,0,BLUE,false,0,4,3,2,GOBLIN:7;MAGE:7;SPIDER:1,GARGOYLE:5;GOLEM:4
4591,0,0,true,,,utility,cascade,3,75,188020824961,188020868396,21,0,BLUE,false,0,8,3,3,GARGOYLE:3;MAGE:7;SPIDER:1,GOBLIN:5;GOLEM:6
4592,0,0,true,,,cascade,utility,3,75,188020824961,188020868396,34,0,GREEN,false,5,0,3,3,GARGOYLE:3;MAGE:7;SPIDER:1,GOBLIN:5;GOLEM:6
4593,0,0,true,,,utility,utility,3,75,188028736042,188028685447,20,0,GREEN,false,6,0,3,2,MAGE:3;SCORPION_RIDER:6;SPIDER:2,GOBLIN:8;MAGE:7
4594,0,0,true,,,utility,utility,3,75,188028736042,188028685447,20,0,GREEN,false,6,0,3,2,MAGE:3;SCORPION_RIDER:6;SPIDER:2,GOBLIN:8;MAGE:7
4595,0,0,true,,,utility,utility,3,75,188028743961,188028694452,14,0,,false,8,9,3,3,ASSASSIN:3;MAGE:7;SPIDER:1,ARCHER:5;GOBLIN:1;GOLEM:4
4596,0,0,true,,,utility,utility,3,75,188028743961,188028694452,14,0,,false,8,9,3,3,ASSASSIN:3;MAGE:7;SPIDER:1,ARCHER:5;GOBLIN:1;GOLEM:4
4597,0,0,true,,,utility,utility,3,75,188036655042,188036643183,25,0,,false,4,4,3,2,GOLEM:4;MAGE:5,GOLEM:4;MAGE:5
4598,0,0,true,,,utility,utility,3,75,188036655042,188036643183,25,0,,false,4,4,3,2,GOLEM:4;MAGE:5,GOLEM:4;MAGE:5
4599,0,0,true,,,utility,utility,3,75,188036662961,188036618268,72,0,GREEN,false,7,0,4,3,ARCHER:2;GOBLIN:1;GOLEM:1;MAGE:7,ASSASSIN:1;GOBLIN:9;GOLEM:4
4600,0,0,true,,,utility,utility,3,75,188036662961,188036618268,72,0,GREEN,false,7,0,4,3,ARCHER:2;GOBLIN:1;GOLEM:1;MAGE:7,ASSASSIN:1;GOBLIN:9;GOLEM:4
4601,0,0,true,,,utility,utility,3,75,188044574042,188044583927,7,0,BLUE,false,0,3,3,2,ASSASSIN:8;SCORPION_RIDER:2;SPIDER:1,ASSASSIN:7;SCORPION_RIDER:3
4602,0,0,true,,,utility,utility,3,75,188044574042,188044583927,7,0,BLUE,false,0,3,3,2,ASSASSIN:8;SCORPION_RIDER:2;SPIDER:1,ASSASSIN:7;SCORPION_RIDER:3
4603,0,0,true,,,utility,utility,3,75,188044581961,188044559076,12,0,,false,15,10,2,3,GOBLIN:8;MAGE:7,ARCHER:5;GOBLIN:1;GOLEM:4
4604,0,0,true,,,utility,utility,3,75,188044581961,188044559076,12,0,,false,15,10,2,3,GOBLIN:8;MAGE:7,ARCHER:5;GOBLIN:1;GOLEM:4
4605,0,0,true,,,utility,cascade,3,75,188052493042,188052507743,19,0,BLUE,false,0,8,3,4,GARGOYLE:4;GOBLIN:15,ARCHER:4;GOBLIN:1;GOLEM:4;SCORPION_RIDER:1
4606,0,0,true,,,cascade,utility,3,75,188052493042,188052507743,16,0,GREEN,false,8,0,3,4,GARGOYLE:4;GOBLIN:15,ARCHER:4;GOBLIN:1;GOLEM:4;SCORPION_RIDER:1
4607,0,0,true,,,utility,cascade,3,75,188052500961,188052516684,23,0,,false,5,1,3,4,GOLEM:4;SCORPION_RIDER:4;SPIDER:1,ASSASSIN:5;GOBLIN:10;MAGE:1;SPIDER:1
4608,0,0,true,,,cascade,utility,3,75,188052500961,188052516684,14,0,GREEN,false,4,0,3,4,GOLEM:4;SCORPION_RIDER:4;SPIDER:1,ASSASSIN:5;GOBLIN:10;MAGE:1;SPIDER:1
4609,0,0,true,,,utility,cascade,3,75,188060412042,188060464679,19,0,BLUE,false,0,5,4,4,ARCHER:1;ASSASSIN:8;GOBLIN:1;GOLEM:1,GARGOYLE:5;GOLEM:1;MAGE:3;SCORPION_RIDER:1
4610,0,0,true,,,cascade,utility,3,75,188060412042,188060464679,5,0,BLUE,false,0,9,4,4,ARCHER:1;ASSASSIN:8;GOBLIN:1;GOLEM:1,GARGOYLE:5;GOLEM:1;MAGE:3;SCORPION_RIDER:1
4611,0,0,true,,,utility,cascade,3,75,188060419961,188060441044,9,0,BLUE,false,0,15,3,2,ASSASSIN:7;GARGOYLE:3;SPIDER:1,GOLEM:4;SPIDER:11
4612,0,0,true,,,cascade,utility,3,75,188060419961,188060441044,9,0,BLUE,false,0,4,3,2,ASSASSIN:7;GARGOYLE:3;SPIDER:1,GOLEM:4;SPIDER:11
4613,0,0,true,,,utility,utility,3,75,188068331042,188068274319,12,0,,false,11,16,3,3,GARGOYLE:2;GOBLIN:1;MAGE:8,ARCHER:9;SPIDER:7
4614,0,0,true,,,utility,utility,3,75,188068331042,188068274319,12,0,,false,11,16,3,3,GARGOYLE:2;GOBLIN:1;MAGE:8,ARCHER:9;SPIDER:7
4615,0,0,true,,,utility,utility,3,75,188068338961,188068381628,26,0,GREEN,false,5,0,2,2,GARGOYLE:5;GOLEM:4,GARGOYLE:5;SCORPION_RIDER:5
4616,0,0,true,,,utility,utility,3,75,188068338961,188068381628,26,0,GREEN,false,5,0,2,2,GARGOYLE:5;GOLEM:4,GARGOYLE:5;SCORPION_RIDER:5
4617,0,0,true,,,utility,cascade,3,75,188804798042,188804778231,6,0,GREEN,false,6,0,3,3,ARCHER:8;GOLEM:2;MAGE:1,ASSASSIN:10;SPIDER:1
4618,0,0,true,,,cascade,utility,3,75,188804798042,188804778231,12,0,GREEN,false,2,0,3,3,ARCHER:8;GOLEM:2;MAGE:1,ASSASSIN:10;SPIDER:1
4619,0,0,true,,,utility,cascade,3,75,188804805961,188804787172,13,0,GREEN,false,6,0,3,3,GARGOYLE:6;MAGE:4;SPIDER:1,ARCHER:7;GOBLIN:1;GOLEM:3
4620,0,0,true,,,cascade,utility,3,75,188804805961,188804787172,24,0,GREEN,false,4,0,3,3,GARGOYLE:6;MAGE:4;SPIDER:1,ARCHER:7;GOBLIN:1;GOLEM:3
4621,0,0,true,,,utility,cascade,3,75,188812717042,188812735839,12,0,GREEN,false,6,0,2,2,ARCHER:7;SPIDER:11,GOLEM:4;SPIDER:11
4622,0,0,true,,,cascade,utility,3,75,188812717042,188812735839,12,0,GREEN,false,6,0,2,2,ARCHER:7;SPIDER:11,GOLEM:4;SPIDER:11
4623,0,0,true,,,utility,cascade,3,75,188812724961,188812710988,8,0,GREEN,false,10,0,3,3,ASSASSIN:4;GARGOYLE:6;SPIDER:1,ASSASSIN:8;SPIDER:6
4624,0,0,true,,,cascade,utility,3,75,188812724961,188812710988,12,0,GREEN,false,6,0,3,3,ASSASSIN:4;GARGOYLE:6;SPIDER:1,ASSASSIN:8;SPIDER:6
4625,0,0,true,,,utility,cascade,3,75,188820636042,188820660007,13,0,GREEN,false,14,0,3,3,GARGOYLE:6;GOBLIN:11,GARGOYLE:3;MAGE:7;SPIDER:1
4626,0,0,true,,,cascade,utility,3,75,188820636042,188820660007,22,0,GREEN,false,6,0,3,3,GARGOYLE:6;GOBLIN:11,GARGOYLE:3;MAGE:7;SPIDER:1
4627,0,0,true,,,utility,cascade,3,75,188820643961,188820668116,10,0,GREEN,false,6,0,3,2,SCORPION_RIDER:6;SPIDER:9,GOBLIN:11;GOLEM:4
4628,0,0,true,,,cascade,utility,3,75,188820643961,188820668116,16,0,GREEN,false,8,0,3,2,SCORPION_RIDER:6;SPIDER:9,GOBLIN:11;GOLEM:4
4629,0,0,true,,,utility,cascade,3,75,188828555042,188828600719,19,0,BLUE,false,0,11,3,3,GOLEM:3;SCORPION_RIDER:5;SPIDER:1,MAGE:4;SPIDER:15
4630,0,0,true,,,cascade,utility,3,75,188828555042,188828600719,8,0,GREEN,false,7,0,3,3,GOLEM:3;SCORPION_RIDER:5;SPIDER:1,MAGE:4;SPIDER:15
4631,0,0,true,,,utility,cascade,3,75,188828562961,188828608700,13,0,GREEN,false,8,0,2,3,GARGOYLE:5;GOLEM:4,GOBLIN:8;SPIDER:17
4632,0,0,true,,,cascade,utility,3,75,188828562961,188828608700,15,0,BLUE,false,0,7,2,3,GARGOYLE:5;GOLEM:4,GOBLIN:8;SPIDER:17
4633,0,0,true,,,utility,cascade,3,75,188836474042,188836426263,13,0,BLUE,false,0,8,3,3,GOBLIN:1;MAGE:10,GARGOYLE:6;GOBLIN:2;SPIDER:9
4634,0,0,true,,,cascade,utility,3,75,188836474042,188836426263,8,0,BLUE,false,0,16,3,3,GOBLIN:1;MAGE:10,GARGOYLE:6;GOBLIN:2;SPIDER:9
4635,0,0,true,,,utility,cascade,3,75,188836481961,188836533508,9,0,BLUE,false,0,5,2,3,ARCHER:7;SCORPION_RIDER:4,GOLEM:4;SCORPION_RIDER:4;SPIDER:1
4636,0,0,true,,,cascade,utility,3,75,188836481961,188836533508,17,0,BLUE,false,0,2,2,3,ARCHER:7;SCORPION_RIDER:4,GOLEM:4;SCORPION_RIDER:4;SPIDER:1
4637,0,0,true,,,utility,cascade,3,75,188844393042,188844350719,8,0,GREEN,false,12,0,3,2,GOBLIN:12;SCORPION_RIDER:4;SPIDER:2,GOLEM:4;MAGE:5
4638,0,0,true,,,cascade,utility,3,75,188844393042,188844350719,23,0,BLUE,false,0,1,3,2,GOBLIN:12;SCORPION_RIDER:4;SPIDER:2,GOLEM:4;MAGE:5
4639,0,0,true,,,utility,cascade,3,75,188844400961,188844359660,9,0,BLUE,false,0,7,3,3,ASSASSIN:7;MAGE:3;SPIDER:1,ARCHER:7;MAGE:4;SPIDER:1
4640,0,0,true,,,cascade,utility,3,75,188844400961,188844359660,10,0,BLUE,false,0,1,3,3,ASSASSIN:7;MAGE:3;SPIDER:1,ARCHER:7;MAGE:4;SPIDER:1
4641,0,0,true,,,utility,cascade,3,75,188852312042,188852291911,4,0,GREEN,false,14,0,3,2,GOBLIN:10;SCORPION_RIDER:5;SPIDER:1,ASSASSIN:7;GOBLIN:8
4642,0,0,true,,,cascade,utility,3,75,188852312042,188852291911,4,0,GREEN,false,14,0,3,2,GOBLIN:10;SCORPION_RIDER:5;SPIDER:1,ASSASSIN:7;GOBLIN:8
4643,0,0,true,,,utility,cascade,3,75,188852319961,188852299892,7,0,BLUE,false,0,12,2,3,ASSASSIN:7;SCORPION_RIDER:3,GOBLIN:11;GOLEM:4
4644,0,0,true,,,cascade,utility,3,75,188852319961,188852299892,7,0,BLUE,false,0,11,2,3,ASSASSIN:7;SCORPION_RIDER:3,GOBLIN:11;GOLEM:4
4645,0,0,true,,,utility,utility,3,75,188860231042,188860248879,25,0,BLUE,false,0,9,3,2,ARCHER:5;GOBLIN:15,ARCHER:3;MAGE:8
4646,0,0,true,,,utility,utility,3,75,188860231042,188860248879,8,0,GREEN,false,15,0,3,2,ARCHER:5;GOBLIN:15,ARCHER:3;MAGE:8
4647,0,0,true,,,utility,utility,3,75,188860238961,188860224220,29,0,,false,7,9,3,2,ARCHER:1;GARGOYLE:3;SCORPION_RIDER:6,GARGOYLE:5;SCORPION_RIDER:5
4648,0,0,true,,,utility,utility,3,75,188860238961,188860224220,22,0,,false,6,10,3,2,ARCHER:1;GARGOYLE:3;SCORPION_RIDER:6,GARGOYLE:5;SCORPION_RIDER:5
4649,0,0,true,,,utility,cascade,3,75,189596698042,189596752663,7,0,BLUE,false,0,9,4,3,ASSASSIN:1;GOBLIN:4;MAGE:8,ASSASSIN:9;SPIDER:4
4650,0,0,true,,,cascade,utility,3,75,189596698042,189596752663,10,0,GREEN,false,8,0,4,3,ASSASSIN:1;GOBLIN:4;MAGE:8,ASSASSIN:9;SPIDER:4
4651,0,0,true,,,utility,cascade,3,75,189596705961,189596760580,17,0,GREEN,false,13,0,3,3,ARCHER:5;GOBLIN:1;SPIDER:14,SCORPION_RIDER:3;SPIDER:17
4652,0,0,true,,,cascade,utility,3,75,189596705961,189596760580,7,0,BLUE,false,0,11,3,3,ARCHER:5;GOBLIN:1;SPIDER:14,SCORPION_RIDER:3;SPIDER:17
4653,0,0,true,,,utility,cascade,3,75,189604617042,189604562431,23,0,BLUE,false,0,5,4,2,GARGOYLE:6;GOBLIN:11,GARGOYLE:6;SCORPION_RIDER:4
4654,0,0,true,,,cascade,utility,3,75,189604617042,189604562431,24,0,GREEN,false,4,0,4,2,GARGOYLE:6;GOBLIN:11,GARGOYLE:6;SCORPION_RIDER:4
4655,0,0,true,,,utility,cascade,3,75,189604624961,189604570348,15,0,BLUE,false,0,5,3,3,ARCHER:5;SCORPION_RIDER:5;SPIDER:1,GARGOYLE:6;GOLEM:3;SPIDER:1
4656,0,0,true,,,cascade,utility,3,75,189604624961,189604570348,9,0,BLUE,false,0,8,3,3,ARCHER:5;SCORPION_RIDER:5;SPIDER:1,GARGOYLE:6;GOLEM:3;SPIDER:1
4657,0,0,true,,,utility,cascade,3,75,189612536042,189612518983,8,0,GREEN,false,4,0,2,2,GOBLIN:11;GOLEM:4,ASSASSIN:5;SPIDER:13
4658,0,0,true,,,cascade,utility,3,75,189612536042,189612518983,10,0,GREEN,false,11,0,2,2,GOBLIN:11;GOLEM:4,ASSASSIN:5;SPIDER:13
4659,0,0,true,,,utility,cascade,3,75,189612543961,189612495220,26,0,GREEN,false,2,0,3,3,ARCHER:5;GOBLIN:1;GOLEM:4,GARGOYLE:4;GOLEM:4;MAGE:1
4660,0,0,true,,,cascade,utility,3,75,189612543961,189612495220,10,0,BLUE,false,0,6,3,3,ARCHER:5;GOBLIN:1;GOLEM:4,GARGOYLE:4;GOLEM:4;MAGE:1
4661,0,0,true,,,utility,utility,3,75,189620455042,189620443183,13,0,BLUE,false,0,8,3,4,GARGOYLE:3;MAGE:7;SPIDER:1,ARCHER:7;GOLEM:1;SPIDER:7
4662,0,0,true,,,utility,utility,3,75,189620455042,189620443183,13,0,BLUE,false,0,8,3,4,GARGOYLE:3;MAGE:7;SPIDER:1,ARCHER:7;GOLEM:1;SPIDER:7
4663,0,0,true,,,utility,utility,3,75,189620462961,189620452316,12,0,,false,25,16,2,2,SPIDER:25,GOBLIN:11;SCORPION_RIDER:5
4664,0,0,true,,,utility,utility,3,75,189620462961,189620452316,12,0,,false,25,16,2,2,SPIDER:25,GOBLIN:11;SCORPION_RIDER:5
4665,0,0,true,,,utility,cascade,3,75,189628374042,189628383927,21,0,BLUE,false,0,4,3,3,ASSASSIN:7;GOLEM:2;SPIDER:2,ASSASSIN:5;GOLEM:4
4666,0,0,true,,,cascade,utility,3,75,189628374042,189628383927,18,0,BLUE,false,0,3,3,3,ASSASSIN:7;GOLEM:2;SPIDER:2,ASSASSIN:5;GOLEM:4
4667,0,0,true,,,utility,cascade,3,75,189628381961,189628392868,6,0,GREEN,false,19,0,3,3,GARGOYLE:3;GOBLIN:2;SPIDER:16,MAGE:8;SCORPION_RIDER:2;SPIDER:1
4668,0,0,true,,,cascade,utility,3,75,189628381961,189628392868,18,0,BLUE,false,0,7,3,3,GARGOYLE:3;GOBLIN:2;SPIDER:16,MAGE:8;SCORPION_RIDER:2;SPIDER:1
4669,0,0,true,,,utility,utility,3,75,189636293042,189636341535,10,0,GREEN,false,6,0,3,2,GOLEM:3;SPIDER:15,ASSASSIN:4;SPIDER:15
4670,0,0,true,,,utility,utility,3,75,189636293042,189636341535,10,0,GREEN,false,6,0,3,2,GOLEM:3;SPIDER:15,ASSASSIN:4;SPIDER:15
4671,0,0,true,,,utility,utility,3,75,189636300961,189636316684,16,0,GREEN,false,8,0,3,3,ARCHER:8;MAGE:3;SPIDER:2,ASSASSIN:4;GARGOYLE:6;GOBLIN:1
4672,0,0,true,,,utility,utility,3,75,189636300961,189636316684,16,0,GREEN,false,8,0,3,3,ARCHER:8;MAGE:3;SPIDER:2,ASSASSIN:4;GARGOYLE:6;GOBLIN:1
4673,0,0,true,,,utility,utility,3,75,189644212042,189644265959,26,0,,false,3,1,2,3,GOBLIN:11;SCORPION_RIDER:5,ARCHER:1;GOBLIN:12;SCORPION_RIDER:4
4674,0,0,true,,,utility,utility,3,75,189644212042,189644265959,26,0,,false,3,1,2,3,GOBLIN:11;SCORPION_RIDER:5,ARCHER:1;GOBLIN:12;SCORPION_RIDER:4
4675,0,0,true,,,utility,utility,3,75,189644219961,189644273812,201,0,,true,10,14,3,3,ARCHER:5;GOBLIN:1;GOLEM:4,GARGOYLE:5;GOBLIN:13
4676,0,0,true,,,utility,utility,3,75,189644219961,189644273812,201,0,,true,10,15,3,3,ARCHER:5;GOBLIN:1;GOLEM:4,GARGOYLE:5;GOBLIN:13
4677,0,0,true,,,utility,cascade,3,75,189652131042,189652075087,47,0,BLUE,false,0,2,3,3,ARCHER:4;GARGOYLE:1;SPIDER:14,GOBLIN:3;GOLEM:1;MAGE:8
4678,0,0,true,,,cascade,utility,3,75,189652131042,189652075087,29,0,BLUE,false,0,3,3,3,ARCHER:4;GARGOYLE:1;SPIDER:14,GOBLIN:3;GOLEM:1;MAGE:8
4679,0,0,true,,,utility,cascade,3,75,189652138961,189652084092,31,0,BLUE,false,0,4,3,3,ARCHER:8;GOBLIN:8;SPIDER:1,GARGOYLE:5;GOLEM:4
4680,0,0,true,,,cascade,utility,3,75,189652138961,189652084092,14,0,GREEN,false,6,0,3,3,ARCHER:8;GOBLIN:8;SPIDER:1,GARGOYLE:5;GOLEM:4
4681,0,0,true,,,utility,cascade,3,75,107872618042,107872606359,17,0,BLUE,false,0,4,3,3,SCORPION_RIDER:4;SPIDER:14,ARCHER:1;GARGOYLE:4;GOLEM:4
4682,0,0,true,,,cascade,utility,3,75,107872618042,107872606359,7,0,BLUE,false,0,8,3,3,SCORPION_RIDER:4;SPIDER:14,ARCHER:1;GARGOYLE:4;GOLEM:4
4683,0,0,true,,,utility,cascade,3,75,107872625961,107872615300,25,0,BLUE,false,0,4,3,4,GARGOYLE:1;GOBLIN:11;MAGE:5,ARCHER:1;GARGOYLE:4;GOBLIN:12;SPIDER:1
4684,0,0,true,,,cascade,utility,3,75,107872625961,107872615300,14,0,BLUE,false,0,4,3,4,GARGOYLE:1;GOBLIN:11;MAGE:5,ARCHER:1;GARGOYLE:4;GOBLIN:12;SPIDER:1
4685,0,0,true,,,utility,utility,3,75,108141864042,108141820615,18,0,GREEN,false,4,0,3,3,GOBLIN:11;GOLEM:4,GARGOYLE:4;SCORPION_RIDER:5;SPIDER:2
4686,0,0,true,,,utility,utility,3,75,108141864042,108141820615,18,0,GREEN,false,4,0,3,3,GOBLIN:11;GOLEM:4,GARGOYLE:4;SCORPION_RIDER:5;SPIDER:2
4687,0,0,true,,,utility,utility,3,75,108141871961,108141927924,19,0,,false,7,3,3,3,MAGE:10;SPIDER:1,GARGOYLE:3;GOBLIN:1;MAGE:7
4688,0,0,true,,,utility,utility,3,75,108141871961,108141927924,19,0,,false,7,3,3,3,MAGE:10;SPIDER:1,GARGOYLE:3;GOBLIN:1;MAGE:7
4689,0,0,true,,,utility,utility,3,75,108276487042,108276534575,17,0,BLUE,false,0,8,3,3,GARGOYLE:6;MAGE:4;SPIDER:1,GARGOYLE:6;GOLEM:3;SPIDER:1
4690,0,0,true,,,utility,utility,3,75,108276487042,108276534575,17,0,BLUE,false,0,8,3,3,GARGOYLE:6;MAGE:4;SPIDER:1,GARGOYLE:6;GOLEM:3;SPIDER:1
4691,0,0,true,,,utility,utility,3,75,108276494961,108276542684,20,0,,false,3,9,3,3,ARCHER:8;GARGOYLE:3;GOBLIN:2,ARCHER:8;SPIDER:9
4692,0,0,true,,,utility,utility,3,75,108276494961,108276542684,20,0,,false,3,9,3,3,ARCHER:8;GARGOYLE:3;GOBLIN:2,ARCHER:8;SPIDER:9
4693,0,0,true,,,utility,cascade,3,75,190388598042,190388612023,10,0,GREEN,false,14,0,3,3,GOBLIN:8;SCORPION_RIDER:6;SPIDER:1,ARCHER:1;GOLEM:2;MAGE:7
4694,0,0,true,,,cascade,utility,3,75,190388598042,190388612023,12,0,GREEN,false,13,0,3,3,GOBLIN:8;SCORPION_RIDER:6;SPIDER:1,ARCHER:1;GOLEM:2;MAGE:7
4695,0,0,true,,,utility,cascade,3,75,190388605961,190388587172,7,0,BLUE,false,0,3,2,3,GOBLIN:6;MAGE:8,ASSASSIN:8;SCORPION_RIDER:2;SPIDER:1
4696,0,0,true,,,cascade,utility,3,75,190388605961,190388587172,7,0,BLUE,false,0,4,2,3,GOBLIN:6;MAGE:8,ASSASSIN:8;SCORPION_RIDER:2;SPIDER:1
4697,0,0,true,,,utility,cascade,3,75,190396517042,190396535839,6,0,GREEN,false,9,0,3,2,GOBLIN:1;GOLEM:4;SCORPION_RIDER:4,ARCHER:3;MAGE:8
4698,0,0,true,,,cascade,utility,3,75,190396517042,190396535839,6,0,GREEN,false,7,0,3,2,GOBLIN:1;GOLEM:4;SCORPION_RIDER:4,ARCHER:3;MAGE:8
4699,0,0,true,,,utility,cascade,3,75,190396524961,190396544780,4,0,GREEN,false,11,0,3,2,ARCHER:1;GOBLIN:7;SCORPION_RIDER:6,ARCHER:3;ASSASSIN:8
4700,0,0,true,,,cascade,utility,3,75,190396524961,190396544780,4,0,GREEN,false,12,0,3,2,ARCHER:1;GOBLIN:7;SCORPION_RIDER:6,ARCHER:3;ASSASSIN:8
4701,0,0,true,,,utility,cascade,3,75,190404436042,190404493031,21,0,BLUE,false,0,2,3,3,ARCHER:2;GARGOYLE:6;GOLEM:2,GOBLIN:1;GOLEM:4;SCORPION_RIDER:4
4702,0,0,true,,,cascade,utility,3,75,190404436042,190404493031,15,0,BLUE,false,0,5,3,3,ARCHER:2;GARGOYLE:6;GOLEM:2,GOBLIN:1;GOLEM:4;SCORPION_RIDER:4
4703,0,0,true,,,utility,cascade,3,75,190404443961,190404485524,11,0,GREEN,false,5,0,3,2,ARCHER:2;ASSASSIN:4;GARGOYLE:5,ASSASSIN:6;GOBLIN:11
4704,0,0,true,,,cascade,utility,3,75,190404443961,190404485524,13,0,BLUE,false,0,7,3,2,ARCHER:2;ASSASSIN:4;GARGOYLE:5,ASSASSIN:6;GOBLIN:11
4705,0,0,true,,,utility,cascade,3,75,190412355042,190412303183,15,0,BLUE,false,0,5,3,3,GOBLIN:1;GOLEM:4;SPIDER:10,GOLEM:4;MAGE:4;SPIDER:2
4706,0,0,true,,,cascade,utility,3,75,190412355042,190412303183,16,0,GREEN,false,2,0,3,3,GOBLIN:1;GOLEM:4;SPIDER:10,GOLEM:4;MAGE:4;SPIDER:2
4707,0,0,true,,,utility,cascade,3,75,190412362961,190412409468,6,0,GREEN,false,10,0,2,2,ARCHER:4;ASSASSIN:7,MAGE:7;SPIDER:8
4708,0,0,true,,,cascade,utility,3,75,190412362961,190412409468,11,0,BLUE,false,0,3,2,2,ARCHER:4;ASSASSIN:7,MAGE:7;SPIDER:8
4709,0,0,true,,,utility,cascade,3,75,190420274042,190420227543,19,0,BLUE,false,0,6,3,4,ARCHER:1;MAGE:3;SCORPION_RIDER:6,GARGOYLE:6;GOBLIN:4;GOLEM:2
4710,0,0,true,,,cascade,utility,3,75,190420274042,190420227543,9,0,BLUE,false,0,7,3,4,ARCHER:1;MAGE:3;SCORPION_RIDER:6,GARGOYLE:6;GOBLIN:4;GOLEM:2
4711,0,0,true,,,utility,cascade,3,75,190420281961,190420235460,15,0,BLUE,false,0,5,3,3,ASSASSIN:5;GARGOYLE:5;GOBLIN:1,ARCHER:1;MAGE:3;SCORPION_RIDER:6
4712,0,0,true,,,cascade,utility,3,75,190420281961,190420235460,7,0,BLUE,false,0,5,3,3,ASSASSIN:5;GARGOYLE:5;GOBLIN:1,ARCHER:1;MAGE:3;SCORPION_RIDER:6
4713,0,0,true,,,utility,cascade,3,75,190428193042,190428184511,10,0,GREEN,false,6,0,3,3,GOBLIN:8;SCORPION_RIDER:6;SPIDER:1,GOBLIN:9;SPIDER:16
4714,0,0,true,,,cascade,utility,3,75,190428193042,190428184511,12,0,GREEN,false,5,0,3,3,GOBLIN:8;SCORPION_RIDER:6;SPIDER:1,GOBLIN:9;SPIDER:16
4715,0,0,true,,,utility,cascade,3,75,190428200961,190428159660,9,0,GREEN,false,10,0,3,3,GARGOYLE:10;GOBLIN:1,GOBLIN:7;MAGE:7;SPIDER:1
4716,0,0,true,,,cascade,utility,3,75,190428200961,190428159660,14,0,GREEN,false,7,0,3,3,GARGOYLE:10;GOBLIN:1,GOBLIN:7;MAGE:7;SPIDER:1
4717,0,0,true,,,utility,cascade,3,75,190436112042,190436124679,7,0,GREEN,false,10,0,2,3,MAGE:5;SCORPION_RIDER:5,GOBLIN:1;MAGE:10
4718,0,0,true,,,cascade,utility,3,75,190436112042,190436124679,6,0,GREEN,false,10,0,2,3,MAGE:5;SCORPION_RIDER:5,GOBLIN:1;MAGE:10
4719,0,0,true,,,utility,cascade,3,75,190436119961,190436100916,11,0,BLUE,false,0,5,3,3,ARCHER:1;SCORPION_RIDER:3;SPIDER:15,SCORPION_RIDER:9;SPIDER:1
4720,0,0,true,,,cascade,utility,3,75,190436119961,190436100916,11,0,BLUE,false,0,4,3,3,ARCHER:1;SCORPION_RIDER:3;SPIDER:15,SCORPION_RIDER:9;SPIDER:1
4721,0,0,true,,,utility,cascade,3,75,190444031042,190444049135,13,0,BLUE,false,0,4,3,2,ASSASSIN:8;GOLEM:1;SPIDER:3,SCORPION_RIDER:4;SPIDER:14
4722,0,0,true,,,cascade,utility,3,75,190444031042,190444049135,6,0,BLUE,false,0,2,3,2,ASSASSIN:8;GOLEM:1;SPIDER:3,SCORPION_RIDER:4;SPIDER:14
4723,0,0,true,,,utility,cascade,3,75,190444038961,190444058012,20,0,GREEN,false,10,0,3,2,GARGOYLE:1;GOBLIN:11;MAGE:5,ARCHER:8;SPIDER:9
4724,0,0,true,,,cascade,utility,3,75,190444038961,190444058012,10,0,BLUE,false,0,1,3,2,GARGOYLE:1;GOBLIN:11;MAGE:5,ARCHER:8;SPIDER:9
4725,0,0,true,,,utility,cascade,3,75,191180498042,191180454615,8,0,GREEN,false,9,0,3,3,ARCHER:5;GOBLIN:12;SCORPION_RIDER:1,GOBLIN:12;MAGE:5;SPIDER:1
4726,0,0,true,,,cascade,utility,3,75,191180498042,191180454615,10,0,GREEN,false,13,0,3,3,ARCHER:5;GOBLIN:12;SCORPION_RIDER:1,GOBLIN:12;MAGE:5;SPIDER:1
4727,0,0,true,,,utility,cascade,3,75,191180505961,191180561860,8,0,GREEN,false,14,0,3,2,ARCHER:7;SPIDER:11,GOBLIN:8;MAGE:7
4728,0,0,true,,,cascade,utility,3,75,191180505961,191180561860,14,0,GREEN,false,12,0,3,2,ARCHER:7;SPIDER:11,GOBLIN:8;MAGE:7
4729,0,0,true,,,utility,cascade,3,75,191188417042,191188395199,11,0,BLUE,false,0,4,3,2,SCORPION_RIDER:9;SPIDER:1,GARGOYLE:5;GOLEM:4
4730,0,0,true,,,cascade,utility,3,75,191188417042,191188395199,12,0,BLUE,false,0,3,3,2,SCORPION_RIDER:9;SPIDER:1,GARGOYLE:5;GOLEM:4
4731,0,0,true,,,utility,cascade,3,75,191188424961,191188371372,19,0,BLUE,false,0,3,3,3,GOBLIN:1;GOLEM:7,ARCHER:2;GOBLIN:7;GOLEM:4
4732,0,0,true,,,cascade,utility,3,75,191188424961,191188371372,18,0,GREEN,false,2,0,3,3,GOBLIN:1;GOLEM:7,ARCHER:2;GOBLIN:7;GOLEM:4
4733,0,0,true,,,utility,cascade,3,75,191196336042,191196320007,13,0,BLUE,false,0,4,3,2,ASSASSIN:3;MAGE:7;SPIDER:1,ARCHER:4;ASSASSIN:7
4734,0,0,true,,,cascade,utility,3,75,191196336042,191196320007,8,0,GREEN,false,2,0,3,2,ASSASSIN:3;MAGE:7;SPIDER:1,ARCHER:4;ASSASSIN:7
4735,0,0,true,,,utility,cascade,3,75,191196343961,191196327988,13,0,GREEN,false,6,0,2,2,GOLEM:4;SPIDER:11,SPIDER:25
4736,0,0,true,,,cascade,utility,3,75,191196343961,191196327988,14,0,GREEN,false,12,0,2,2,GOLEM:4;SPIDER:11,SPIDER:25
4737,0,0,true,,,utility,cascade,3,75,191204255042,191204277231,21,0,BLUE,false,0,2,3,3,ARCHER:5;GOLEM:4;SPIDER:1,GOBLIN:1;GOLEM:7
4738,0,0,true,,,cascade,utility,3,75,191204255042,191204277231,13,0,BLUE,false,0,5,3,3,ARCHER:5;GOLEM:4;SPIDER:1,GOBLIN:1;GOLEM:7
4739,0,0,true,,,utility,cascade,3,75,191204262961,191204252316,5,0,BLUE,false,0,8,3,3,ASSASSIN:2;MAGE:8;SPIDER:1,GOBLIN:1;GOLEM:4;SCORPION_RIDER:4
4740,0,0,true,,,cascade,utility,3,75,191204262961,191204252316,7,0,BLUE,false,0,9,3,3,ASSASSIN:2;MAGE:8;SPIDER:1,GOBLIN:1;GOLEM:4;SCORPION_RIDER:4
4741,0,0,true,,,utility,cascade,3,75,191212174042,191212217463,15,0,BLUE,false,0,12,3,2,SCORPION_RIDER:4;SPIDER:14,GOBLIN:12;SPIDER:13
4742,0,0,true,,,cascade,utility,3,75,191212174042,191212217463,13,0,BLUE,false,0,9,3,2,SCORPION_RIDER:4;SPIDER:14,GOBLIN:12;SPIDER:13
4743,0,0,true,,,utility,cascade,3,75,191212181961,191212193636,8,0,GREEN,false,23,0,3,3,GOBLIN:11;SPIDER:14,MAGE:4;SPIDER:15
4744,0,0,true,,,cascade,utility,3,75,191212181961,191212193636,10,0,GREEN,false,21,0,3,3,GOBLIN:11;SPIDER:14,MAGE:4;SPIDER:15
4745,0,0,true,,,utility,cascade,3,75,191220093042,191220141791,8,0,GREEN,false,11,0,3,3,GARGOYLE:6;GOBLIN:1;MAGE:4,SPIDER:25
4746,0,0,true,,,cascade,utility,3,75,191220093042,191220141791,20,0,GREEN,false,6,0,3,3,GARGOYLE:6;GOBLIN:1;MAGE:4,SPIDER:25
4747,0,0,true,,,utility,cascade,3,75,191220100961,191220150732,13,0,BLUE,false,0,11,3,3,ARCHER:4;GARGOYLE:1;SPIDER:14,GOBLIN:10;SCORPION_RIDER:5;SPIDER:1
4748,0,0,true,,,cascade,utility,3,75,191220100961,191220150732,7,0,BLUE,false,0,10,3,3,ARCHER:4;GARGOYLE:1;SPIDER:14,GOBLIN:10;SCORPION_RIDER:5;SPIDER:1
4749,0,0,true,,,utility,utility,3,75,191228012042,191227967655,20,0,GREEN,false,1,0,2,3,GARGOYLE:6;SCORPION_RIDER:4,ARCHER:7;GOBLIN:1;SPIDER:10
4750,0,0,true,,,utility,utility,3,75,191228012042,191227967655,20,0,GREEN,false,1,0,2,3,GARGOYLE:6;SCORPION_RIDER:4,ARCHER:7;GOBLIN:1;SPIDER:10
4751,0,0,true,,,utility,utility,3,75,191228019961,191228074580,201,0,,true,9,7,3,3,ARCHER:4;ASSASSIN:1;GARGOYLE:6,ARCHER:4;SCORPION_RIDER:6;SPIDER:1
4752,0,0,true,,,utility,utility,3,75,191228019961,191228074580,31,0,,false,9,7,3,3,ARCHER:4;ASSASSIN:1;GARGOYLE:6,ARCHER:4;SCORPION_RIDER:6;SPIDER:1
4753,0,0,true,,,utility,utility,3,75,191235931042,191235908879,16,0,GREEN,false,5,0,3,3,GOBLIN:2;SCORPION_RIDER:6;SPIDER:7,ASSASSIN:8;SPIDER:6
4754,0,0,true,,,utility,utility,3,75,191235931042,191235908879,16,0,GREEN,false,5,0,3,3,GOBLIN:2;SCORPION_RIDER:6;SPIDER:7,ASSASSIN:8;SPIDER:6
4755,0,0,true,,,utility,utility,3,75,191235938961,191235884092,14,0,,false,3,18,3,3,ASSASSIN:8;GOBLIN:1;SCORPION_RIDER:2,GARGOYLE:5;GOBLIN:13
4756,0,0,true,,,utility,utility,3,75,191235938961,191235884092,14,0,,false,3,18,3,3,ASSASSIN:8;GOBLIN:1;SCORPION_RIDER:2,GARGOYLE:5;GOBLIN:13
4757,0,0,true,,,utility,utility,3,75,191972398042,191972412791,13,0,BLUE,false,0,1,3,3,GOBLIN:2;GOLEM:2;SCORPION_RIDER:6,GOBLIN:9;SCORPION_RIDER:6
4758,0,0,true,,,utility,utility,3,75,191972398042,191972412791,13,0,BLUE,false,0,1,3,3,GOBLIN:2;GOLEM:2;SCORPION_RIDER:6,GOBLIN:9;SCORPION_RIDER:6
4759,0,0,true,,,utility,utility,3,75,191972405961,191972420708,12,0,GREEN,false,1,0,3,2,GOBLIN:2;GOLEM:3;SPIDER:13,ASSASSIN:7;SCORPION_RIDER:3
4760,0,0,true,,,utility,utility,3,75,191972405961,191972420708,13,0,BLUE,false,0,1,3,2,GOBLIN:2;GOLEM:3;SPIDER:13,ASSASSIN:7;SCORPION_RIDER:3
4761,0,0,true,,,utility,cascade,3,75,191980317042,191980369887,13,0,GREEN,false,4,0,3,2,GARGOYLE:6;GOBLIN:10;SPIDER:1,SCORPION_RIDER:5;SPIDER:11
4762,0,0,true,,,cascade,utility,3,75,191980317042,191980369887,10,0,GREEN,false,7,0,3,2,GARGOYLE:6;GOBLIN:10;SPIDER:1,SCORPION_RIDER:5;SPIDER:11
4763,0,0,true,,,utility,cascade,3,75,191980324961,191980345036,17,0,BLUE,false,0,5,2,3,GOLEM:4;MAGE:5,ASSASSIN:5;GARGOYLE:5;SPIDER:1
4764,0,0,true,,,cascade,utility,3,75,191980324961,191980345036,17,0,BLUE,false,0,6,2,3,GOLEM:4;MAGE:5,ASSASSIN:5;GARGOYLE:5;SPIDER:1
4765,0,0,true,,,utility,cascade,3,75,191988236042,191988179367,12,0,GREEN,false,5,0,3,3,GOLEM:4;SCORPION_RIDER:4;SPIDER:1,GOBLIN:12;GOLEM:3;SPIDER:3
4766,0,0,true,,,cascade,utility,3,75,191988236042,191988179367,14,0,GREEN,false,4,0,3,3,GOLEM:4;SCORPION_RIDER:4;SPIDER:1,GOBLIN:12;GOLEM:3;SPIDER:3
4767,0,0,true,,,utility,cascade,3,75,191988243961,191988286292,11,0,GREEN,false,10,0,4,3,GARGOYLE:5;GOBLIN:11;MAGE:1,ARCHER:1;ASSASSIN:7;GOLEM:2
4768,0,0,true,,,cascade,utility,3,75,191988243961,191988286292,8,0,GREEN,false,11,0,4,3,GARGOYLE:5;GOBLIN:11;MAGE:1,ARCHER:1;ASSASSIN:7;GOLEM:2
4769,0,0,true,,,utility,utility,3,75,191996155042,191996103183,13,0,BLUE,false,0,10,3,3,ASSASSIN:10;GOBLIN:1,GARGOYLE:10;GOBLIN:1
4770,0,0,true,,,utility,utility,3,75,191996155042,191996103183,13,0,BLUE,false,0,10,3,3,ASSASSIN:10;GOBLIN:1,GARGOYLE:10;GOBLIN:1
4771,0,0,true,,,utility,utility,3,75,191996162961,191996112188,15,0,BLUE,false,0,3,3,4,ARCHER:7;ASSASSIN:4;SPIDER:1,ARCHER:4;SCORPION_RIDER:6;SPIDER:1
4772,0,0,true,,,utility,utility,3,75,191996162961,191996112188,18,0,GREEN,false,1,0,3,4,ARCHER:7;ASSASSIN:4;SPIDER:1,ARCHER:4;SCORPION_RIDER:6;SPIDER:1
4773,0,0,true,,,utility,cascade,3,75,192004074042,192004060311,22,0,GREEN,false,5,0,3,3,ARCHER:5;GARGOYLE:5;SCORPION_RIDER:1,GARGOYLE:1;MAGE:8;SPIDER:4
4774,0,0,true,,,cascade,utility,3,75,192004074042,192004060311,14,0,GREEN,false,5,0,3,3,ARCHER:5;GARGOYLE:5;SCORPION_RIDER:1,GARGOYLE:1;MAGE:8;SPIDER:4
4775,0,0,true,,,utility,cascade,3,75,192004081961,192004036484,4,0,GREEN,false,8,0,3,4,SCORPION_RIDER:9;SPIDER:1,ARCHER:8;GOBLIN:1;SCORPION_RIDER:3
4776,0,0,true,,,cascade,utility,3,75,192004081961,192004036484,6,0,GREEN,false,8,0,3,4,SCORPION_RIDER:9;SPIDER:1,ARCHER:8;GOBLIN:1;SCORPION_RIDER:3
4777,0,0,true,,,utility,utility,3,75,192011993042,192012001663,18,0,,false,1,12,3,2,ASSASSIN:10;SPIDER:1,GOBLIN:11;GOLEM:4
4778,0,0,true,,,utility,utility,3,75,192011993042,192012001663,18,0,,false,1,12,3,2,ASSASSIN:10;SPIDER:1,GOBLIN:11;GOLEM:4
4779,0,0,true,,,utility,utility,3,75,192012000961,192011976812,18,0,,false,16,17,4,3,GARGOYLE:5;MAGE:1;SPIDER:11,GARGOYLE:4;SCORPION_RIDER:1;SPIDER:13
4780,0,0,true,,,utility,utility,3,75,192012000961,192011976812,18,0,,false,16,17,4,3,GARGOYLE:5;MAGE:1;SPIDER:11,GARGOYLE:4;SCORPION_RIDER:1;SPIDER:13
4781,0,0,true,,,utility,utility,3,75,192019912042,192019925959,5,0,BLUE,false,0,9,3,3,ASSASSIN:10;SPIDER:1,GARGOYLE:3;SCORPION_RIDER:6;SPIDER:2
4782,0,0,true,,,utility,utility,3,75,192019912042,192019925959,5,0,BLUE,false,0,9,3,3,ASSASSIN:10;SPIDER:1,GARGOYLE:3;SCORPION_RIDER:6;SPIDER:2
4783,0,0,true,,,utility,utility,3,75,192019919961,192019933940,33,0,,false,2,4,4,4,ARCHER:2;GOBLIN:1;SCORPION_RIDER:6;SPIDER:4,GARGOYLE:6;GOBLIN:8;SCORPION_RIDER:1
4784,0,0,true,,,utility,utility,3,75,192019919961,192019933940,33,0,,false,2,4,4,4,ARCHER:2;GOBLIN:1;SCORPION_RIDER:6;SPIDER:4,GARGOYLE:6;GOBLIN:8;SCORPION_RIDER:1
4785,0,0,true,,,utility,utility,3,75,192027831042,192027882927,19,0,,false,15,13,3,3,GOBLIN:15;GOLEM:3,ASSASSIN:5;GOBLIN:12;SPIDER:1
4786,0,0,true,,,utility,utility,3,75,192027831042,192027882927,19,0,,false,15,13,3,3,GOBLIN:15;GOLEM:3,ASSASSIN:5;GOBLIN:12;SPIDER:1
4787,0,0,true,,,utility,utility,3,75,192027838961,192027858780,170,0,GREEN,false,12,0,3,3,ARCHER:7;MAGE:4;SPIDER:1,GARGOYLE:6;GOBLIN:1;MAGE:4
4788,0,0,true,,,utility,utility,3,75,192027838961,192027858780,132,0,GREEN,false,12,0,3,3,ARCHER:7;MAGE:4;SPIDER:1,GARGOYLE:6;GOBLIN:1;MAGE:4
4789,0,0,true,,,utility,cascade,3,75,192764298042,192764255639,15,0,BLUE,false,0,3,3,2,ASSASSIN:8;GARGOYLE:2;SPIDER:1,GOLEM:3;SPIDER:15
4790,0,0,true,,,cascade,utility,3,75,192764298042,192764255639,12,0,GREEN,false,2,0,3,2,ASSASSIN:8;GARGOYLE:2;SPIDER:1,GOLEM:3;SPIDER:15
4791,0,0,true,,,utility,cascade,3,75,192764305961,192764263556,15,0,BLUE,false,0,3,3,3,ASSASSIN:1;GOLEM:4;SPIDER:9,GOBLIN:1;GOLEM:4;SCORPION_RIDER:4
4792,0,0,true,,,cascade,utility,3,75,192764305961,192764263556,8,0,BLUE,false,0,7,3,3,ASSASSIN:1;GOLEM:4;SPIDER:9,GOBLIN:1;GOLEM:4;SCORPION_RIDER:4
4793,0,0,true,,,utility,cascade,3,75,192772217042,192772195967,17,0,BLUE,false,0,4,3,2,ARCHER:7;GOBLIN:11,GOBLIN:11;GOLEM:4
4794,0,0,true,,,cascade,utility,3,75,192772217042,192772195967,10,0,BLUE,false,0,4,3,2,ARCHER:7;GOBLIN:11,GOBLIN:11;GOLEM:4
4795,0,0,true,,,utility,cascade,3,75,192772224961,192772204908,71,0,BLUE,false,0,7,3,3,GOBLIN:10;GOLEM:4;SPIDER:1,ASSASSIN:2;GOBLIN:1;MAGE:8
4796,0,0,true,,,cascade,utility,3,75,192772224961,192772204908,10,0,GREEN,false,4,0,3,3,GOBLIN:10;GOLEM:4;SPIDER:1,ASSASSIN:2;GOBLIN:1;MAGE:8
4797,0,0,true,,,utility,cascade,3,75,192780136042,192780153031,5,0,BLUE,false,0,9,2,3,ARCHER:4;ASSASSIN:7,ARCHER:5;SCORPION_RIDER:5;SPIDER:1
4798,0,0,true,,,cascade,utility,3,75,192780136042,192780153031,3,0,BLUE,false,0,11,2,3,ARCHER:4;ASSASSIN:7,ARCHER:5;SCORPION_RIDER:5;SPIDER:1
4799,0,0,true,,,utility,cascade,3,75,192780143961,192780129268,8,0,GREEN,false,7,0,2,3,ARCHER:3;ASSASSIN:8,SPIDER:25
4800,0,0,true,,,cascade,utility,3,75,192780143961,192780129268,7,0,BLUE,false,0,6,2,3,ARCHER:3;ASSASSIN:8,SPIDER:25
4801,0,0,true,,,utility,cascade,3,75,192788055042,192788077231,15,0,BLUE,false,0,3,3,3,MAGE:8;SPIDER:6,ASSASSIN:7;GOBLIN:1;SPIDER:7
4802,0,0,true,,,cascade,utility,3,75,192788055042,192788077231,16,0,GREEN,false,8,0,3,3,MAGE:8;SPIDER:6,ASSASSIN:7;GOBLIN:1;SPIDER:7
4803,0,0,true,,,utility,cascade,3,75,192788062961,192788085852,19,0,GREEN,false,3,0,4,3,ARCHER:1;GARGOYLE:4;GOBLIN:12;SPIDER:1,GOBLIN:1;GOLEM:3;SCORPION_RIDER:5
4804,0,0,true,,,cascade,utility,3,75,192788062961,192788085852,13,0,BLUE,false,0,4,4,3,ARCHER:1;GARGOYLE:4;GOBLIN:12;SPIDER:1,GOBLIN:1;GOLEM:3;SCORPION_RIDER:5
4805,0,0,true,,,utility,cascade,3,75,192795974042,192796018487,17,0,BLUE,false,0,6,3,3,GOBLIN:1;SPIDER:24,GARGOYLE:6;MAGE:4;SPIDER:1
4806,0,0,true,,,cascade,utility,3,75,192795974042,192796018487,9,0,BLUE,false,0,10,3,3,GOBLIN:1;SPIDER:24,GARGOYLE:6;MAGE:4;SPIDER:1
4807,0,0,true,,,utility,cascade,3,75,192795981961,192796026404,6,0,GREEN,false,2,0,2,3,ASSASSIN:8;SPIDER:6,ASSASSIN:7;SPIDER:8
4808,0,0,true,,,cascade,utility,3,75,192795981961,192796026404,6,0,GREEN,false,2,0,2,3,ASSASSIN:8;SPIDER:6,ASSASSIN:7;SPIDER:8
4809,0,0,true,,,utility,cascade,3,75,192803893042,192803844511,6,0,GREEN,false,19,0,3,3,GOBLIN:24;SPIDER:1,ARCHER:1;ASSASSIN:7;GOLEM:2
4810,0,0,true,,,cascade,utility,3,75,192803893042,192803844511,8,0,GREEN,false,20,0,3,3,GOBLIN:24;SPIDER:1,ARCHER:1;ASSASSIN:7;GOLEM:2
4811,0,0,true,,,utility,cascade,3,75,192803900961,192803950732,11,0,GREEN,false,9,0,3,3,GOBLIN:2;GOLEM:2;SPIDER:16,ASSASSIN:2;GOBLIN:1;MAGE:8
4812,0,0,true,,,cascade,utility,3,75,192803900961,192803950732,21,0,BLUE,false,0,2,3,3,GOBLIN:2;GOLEM:2;SPIDER:16,ASSASSIN:2;GOBLIN:1;MAGE:8
4813,0,0,true,,,utility,cascade,3,75,192811812042,192811768423,20,0,GREEN,false,6,0,3,3,ARCHER:6;GOBLIN:13,ASSASSIN:1;MAGE:4;SCORPION_RIDER:5
4814,0,0,true,,,cascade,utility,3,75,192811812042,192811768423,11,0,BLUE,false,0,4,3,3,ARCHER:6;GOBLIN:13,ASSASSIN:1;MAGE:4;SCORPION_RIDER:5
4815,0,0,true,,,utility,cascade,3,75,192811819961,192811777300,7,0,BLUE,false,0,14,3,3,ASSASSIN:2;GOBLIN:1;MAGE:8,ARCHER:1;SPIDER:23
4816,0,0,true,,,cascade,utility,3,75,192811819961,192811777300,7,0,BLUE,false,0,12,3,3,ASSASSIN:2;GOBLIN:1;MAGE:8,ARCHER:1;SPIDER:23
4817,0,0,true,,,utility,cascade,3,75,192819731042,192819709135,13,0,BLUE,false,0,11,3,3,ARCHER:8;GOBLIN:2;MAGE:3,ASSASSIN:8;GOBLIN:1;SPIDER:5
4818,0,0,true,,,cascade,utility,3,75,192819731042,192819709135,24,0,GREEN,false,1,0,3,3,ARCHER:8;GOBLIN:2;MAGE:3,ASSASSIN:8;GOBLIN:1;SPIDER:5
4819,0,0,true,,,utility,cascade,3,75,192819738961,192819718140,7,0,BLUE,false,0,10,3,2,ASSASSIN:1;GARGOYLE:4;GOLEM:4,GOBLIN:11;GOLEM:4
4820,0,0,true,,,cascade,utility,3,75,192819738961,192819718140,5,0,BLUE,false,0,12,3,2,ASSASSIN:1;GARGOYLE:4;GOLEM:4,GOBLIN:11;GOLEM:4
4821,0,0,true,,,utility,cascade,3,75,193556198042,193556245559,14,0,GREEN,false,6,0,2,3,GARGOYLE:6;SCORPION_RIDER:4,ARCHER:7;MAGE:4;SPIDER:1
4822,0,0,true,,,cascade,utility,3,75,193556198042,193556245559,18,0,GREEN,false,4,0,2,3,GARGOYLE:6;SCORPION_RIDER:4,ARCHER:7;MAGE:4;SPIDER:1
4823,0,0,true,,,utility,cascade,3,75,193556205961,193556221732,14,0,GREEN,false,6,0,2,3,GARGOYLE:5;GOLEM:4,ASSASSIN:1;GARGOYLE:4;GOLEM:4
4824,0,0,true,,,cascade,utility,3,75,193556205961,193556221732,14,0,GREEN,false,7,0,2,3,GARGOYLE:5;GOLEM:4,ASSASSIN:1;GARGOYLE:4;GOLEM:4
4825,0,0,true,,,utility,cascade,3,75,193564117042,193564169887,9,0,GREEN,false,5,0,3,3,ARCHER:5;GARGOYLE:5;SPIDER:3,GOBLIN:1;MAGE:10
4826,0,0,true,,,cascade,utility,3,75,193564117042,193564169887,14,0,GREEN,false,5,0,3,3,ARCHER:5;GARGOYLE:5;SPIDER:3,GOBLIN:1;MAGE:10
4827,0,0,true,,,utility,cascade,3,75,193564124961,193564178828,9,0,BLUE,false,0,18,3,2,ASSASSIN:6;GOBLIN:7;SPIDER:4,GOBLIN:12;SPIDER:13
4828,0,0,true,,,cascade,utility,3,75,193564124961,193564178828,12,0,BLUE,false,0,11,3,2,ASSASSIN:6;GOBLIN:7;SPIDER:4,GOBLIN:12;SPIDER:13
4829,0,0,true,,,utility,utility,3,75,193572036042,193571980135,11,0,BLUE,false,0,8,3,3,ARCHER:1;GOLEM:2;MAGE:7,ASSASSIN:3;GOBLIN:2;SCORPION_RIDER:6
4830,0,0,true,,,utility,utility,3,75,193572036042,193571980135,9,0,BLUE,false,0,8,3,3,ARCHER:1;GOLEM:2;MAGE:7,ASSASSIN:3;GOBLIN:2;SCORPION_RIDER:6
4831,0,0,true,,,utility,utility,3,75,193572043961,193571987988,22,0,,false,10,6,3,4,GOBLIN:1;SCORPION_RIDER:9,ARCHER:1;GOBLIN:11;MAGE:5
4832,0,0,true,,,utility,utility,3,75,193572043961,193571987988,22,0,,false,10,6,3,4,GOBLIN:1;SCORPION_RIDER:9,ARCHER:1;GOBLIN:11;MAGE:5
4833,0,0,true,,,utility,cascade,3,75,193579955042,193579937231,11,0,BLUE,false,0,4,2,3,ARCHER:3;MAGE:8,ASSASSIN:2;MAGE:8;SPIDER:1
4834,0,0,true,,,cascade,utility,3,75,193579955042,193579937231,14,0,GREEN,false,6,0,2,3,ARCHER:3;MAGE:8,ASSASSIN:2;MAGE:8;SPIDER:1
4835,0,0,true,,,utility,cascade,3,75,193579962961,193579912444,14,0,GREEN,false,7,0,3,3,GARGOYLE:5;GOBLIN:10;SPIDER:3,ASSASSIN:5;GARGOYLE:5;SPIDER:1
4836,0,0,true,,,cascade,utility,3,75,193579962961,193579912444,14,0,GREEN,false,10,0,3,3,GARGOYLE:5;GOBLIN:10;SPIDER:3,ASSASSIN:5;GARGOYLE:5;SPIDER:1
4837,0,0,true,,,utility,cascade,3,75,193587874042,193587861079,16,0,GREEN,false,1,0,2,2,GARGOYLE:5;GOLEM:4,GOBLIN:11;GOLEM:4
4838,0,0,true,,,cascade,utility,3,75,193587874042,193587861079,9,0,BLUE,false,0,6,2,2,GARGOYLE:5;GOLEM:4,GOBLIN:11;GOLEM:4
4839,0,0,true,,,utility,cascade,3,75,193587881961,193587870020,9,0,BLUE,false,0,3,3,3,ARCHER:9;GOLEM:2,ARCHER:8;GOBLIN:9
4840,0,0,true,,,cascade,utility,3,75,193587881961,193587870020,14,0,GREEN,false,2,0,3,3,ARCHER:9;GOLEM:2,ARCHER:8;GOBLIN:9
4841,0,0,true,,,utility,cascade,3,75,193595793042,193595801663,17,0,BLUE,false,0,9,3,2,GOBLIN:1;MAGE:10,GARGOYLE:5;GOLEM:4
4842,0,0,true,,,cascade,utility,3,75,193595793042,193595801663,11,0,BLUE,false,0,9,3,2,GOBLIN:1;MAGE:10,GARGOYLE:5;GOLEM:4
4843,0,0,true,,,utility,cascade,3,75,193595800961,193595810604,13,0,BLUE,false,0,12,4,3,ARCHER:7;ASSASSIN:2;MAGE:2;SPIDER:1,GOBLIN:11;GOLEM:4
4844,0,0,true,,,cascade,utility,3,75,193595800961,193595810604,11,0,BLUE,false,0,11,4,3,ARCHER:7;ASSASSIN:2;MAGE:2;SPIDER:1,GOBLIN:11;GOLEM:4
4845,0,0,true,,,utility,utility,3,75,193603712042,193603758727,12,0,GREEN,false,9,0,3,3,GOBLIN:4;MAGE:3;SPIDER:14,GOBLIN:1;MAGE:8;SCORPION_RIDER:2
4846,0,0,true,,,utility,utility,3,75,193603712042,193603758727,12,0,GREEN,false,9,0,3,3,GOBLIN:4;MAGE:3;SPIDER:14,GOBLIN:1;MAGE:8;SCORPION_RIDER:2
4847,0,0,true,,,utility,utility,3,75,193603719961,193603734964,12,0,,false,23,10,4,2,GOBLIN:22;SCORPION_RIDER:1,GARGOYLE:5;SCORPION_RIDER:5
4848,0,0,true,,,utility,utility,3,75,193603719961,193603734964,12,0,,false,23,10,4,2,GOBLIN:22;SCORPION_RIDER:1,GARGOYLE:5;SCORPION_RIDER:5
4849,0,0,true,,,utility,cascade,3,75,193611631042,193611683695,11,0,BLUE,false,0,3,2,3,ASSASSIN:7;SPIDER:8,ASSASSIN:7;MAGE:3;SPIDER:1
4850,0,0,true,,,cascade,utility,3,75,193611631042,193611683695,31,0,BLUE,false,0,4,2,3,ASSASSIN:7;SPIDER:8,ASSASSIN:7;MAGE:3;SPIDER:1
4851,0,0,true,,,utility,cascade,3,75,193611638961,193611691548,7,0,BLUE,false,0,8,3,3,MAGE:8;SPIDER:6,GOBLIN:1;GOLEM:4;SCORPION_RIDER:4
4852,0,0,true,,,cascade,utility,3,75,193611638961,193611691548,9,0,BLUE,false,0,9,3,3,MAGE:8;SPIDER:6,GOBLIN:1;GOLEM:4;SCORPION_RIDER:4
4853,0,0,true,,,utility,cascade,3,75,194348098042,194348089175,13,0,BLUE,false,0,8,3,3,ASSASSIN:7;MAGE:3;SPIDER:1,GOBLIN:6;MAGE:8
4854,0,0,true,,,cascade,utility,3,75,194348098042,194348089175,6,0,BLUE,false,0,8,3,3,ASSASSIN:7;MAGE:3;SPIDER:1,GOBLIN:6;MAGE:8
4855,0,0,true,,,utility,cascade,3,75,194348105961,194348064324,9,0,BLUE,false,0,8,2,3,GOLEM:4;SPIDER:11,ARCHER:2;GOBLIN:21
4856,0,0,true,,,cascade,utility,3,75,194348105961,194348064324,5,0,BLUE,false,0,20,2,3,GOLEM:4;SPIDER:11,ARCHER:2;GOBLIN:21
4857,0,0,true,,,utility,cascade,3,75,194356017042,194356029759,6,0,GREEN,false,6,0,3,3,GOLEM:3;SCORPION_RIDER:5;SPIDER:1,ARCHER:8;GOBLIN:1;SCORPION_RIDER:3
4858,0,0,true,,,cascade,utility,3,75,194356017042,194356029759,12,0,GREEN,false,3,0,3,3,GOLEM:3;SCORPION_RIDER:5;SPIDER:1,ARCHER:8;GOBLIN:1;SCORPION_RIDER:3
4859,0,0,true,,,utility,cascade,3,75,194356024961,194356004908,7,0,BLUE,false,0,10,4,4,ARCHER:1;GOLEM:1;MAGE:8;SPIDER:1,ARCHER:8;GARGOYLE:1;GOBLIN:2;MAGE:2
4860,0,0,true,,,cascade,utility,3,75,194356024961,194356004908,7,0,BLUE,false,0,8,4,4,ARCHER:1;GOLEM:1;MAGE:8;SPIDER:1,ARCHER:8;GARGOYLE:1;GOBLIN:2;MAGE:2
4861,0,0,true,,,utility,cascade,3,75,194363936042,194363954055,17,0,BLUE,false,0,2,3,2,ASSASSIN:8;GOBLIN:1;MAGE:2,GOLEM:4;SPIDER:11
4862,0,0,true,,,cascade,utility,3,75,194363936042,194363954055,10,0,BLUE,false,0,2,3,2,ASSASSIN:8;GOBLIN:1;MAGE:2,GOLEM:4;SPIDER:11
4863,0,0,true,,,utility,cascade,3,75,194363943961,194363962036,19,0,BLUE,false,0,6,3,3,ASSASSIN:5;GARGOYLE:5;SPIDER:1,GARGOYLE:6;GOBLIN:11
4864,0,0,true,,,cascade,utility,3,75,194363943961,194363962036,11,0,BLUE,false,0,15,3,3,ASSASSIN:5;GARGOYLE:5;SPIDER:1,GARGOYLE:6;GOBLIN:11
4865,0,0,true,,,utility,cascade,3,75,194371855042,194371910767,9,0,BLUE,false,0,9,2,2,ARCHER:4;MAGE:7,GOBLIN:11;MAGE:6
4866,0,0,true,,,cascade,utility,3,75,194371855042,194371910767,6,0,BLUE,false,0,13,2,2,ARCHER:4;MAGE:7,GOBLIN:11;MAGE:6
4867,0,0,true,,,utility,cascade,3,75,194371862961,194371886876,12,0,BLUE,false,0,10,4,4,ASSASSIN:2;SCORPION_RIDER:5;SPIDER:7,GARGOYLE:2;GOBLIN:5;SPIDER:15
4868,0,0,true,,,cascade,utility,3,75,194371862961,194371886876,18,0,BLUE,false,0,10,4,4,ASSASSIN:2;SCORPION_RIDER:5;SPIDER:7,GARGOYLE:2;GOBLIN:5;SPIDER:15
4869,0,0,true,,,utility,cascade,3,75,194379774042,194379720439,18,0,GREEN,false,12,0,3,3,ARCHER:1;GARGOYLE:6;SPIDER:9,GOBLIN:1;GOLEM:3;SCORPION_RIDER:5
4870,0,0,true,,,cascade,utility,3,75,194379774042,194379720439,20,0,GREEN,false,4,0,3,3,ARCHER:1;GARGOYLE:6;SPIDER:9,GOBLIN:1;GOLEM:3;SCORPION_RIDER:5
4871,0,0,true,,,utility,cascade,3,75,194379781961,194379827684,14,0,GREEN,false,4,0,2,3,ARCHER:5;SPIDER:15,GARGOYLE:10;GOBLIN:1
4872,0,0,true,,,cascade,utility,3,75,194379781961,194379827684,10,0,BLUE,false,0,7,2,3,ARCHER:5;SPIDER:15,GARGOYLE:10;GOBLIN:1
4873,0,0,true,,,utility,cascade,3,75,255918323042,255918304207,19,0,BLUE,false,0,3,3,3,GOLEM:2;MAGE:7;SPIDER:2,GOLEM:1;MAGE:8;SCORPION_RIDER:1
4874,0,0,true,,,cascade,utility,3,75,255918323042,255918304207,12,0,GREEN,false,1,0,3,3,GOLEM:2;MAGE:7;SPIDER:2,GOLEM:1;MAGE:8;SCORPION_RIDER:1
4875,0,0,true,,,utility,cascade,3,75,255918330961,255918279420,15,0,GREEN,false,6,0,3,2,ARCHER:5;GARGOYLE:5;SCORPION_RIDER:1,ARCHER:6;SPIDER:13
4876,0,0,true,,,cascade,utility,3,75,255918330961,255918279420,10,0,GREEN,false,6,0,3,2,ARCHER:5;GARGOYLE:5;SCORPION_RIDER:1,ARCHER:6;SPIDER:13
4877,0,0,true,,,utility,cascade,3,75,255918338880,255918288365,18,0,GREEN,false,8,0,4,2,GARGOYLE:6;GOBLIN:1;GOLEM:3,ASSASSIN:5;GOLEM:4
4878,0,0,true,,,cascade,utility,3,75,255918338880,255918288365,16,0,GREEN,false,6,0,4,2,GARGOYLE:6;GOBLIN:1;GOLEM:3,ASSASSIN:5;GOLEM:4
4879,0,0,true,,,utility,cascade,3,75,255918346799,255918394498,7,0,BLUE,false,0,7,3,3,ARCHER:8;GOBLIN:2;MAGE:3,GOBLIN:9;SCORPION_RIDER:6
4880,0,0,true,,,cascade,utility,3,75,255918346799,255918394498,6,0,BLUE,false,0,13,3,3,ARCHER:8;GOBLIN:2;MAGE:3,GOBLIN:9;SCORPION_RIDER:6
4881,0,0,true,,,utility,utility,3,75,194387693042,194387645279,17,0,,false,9,15,3,3,GARGOYLE:6;GOBLIN:1;GOLEM:3,ASSASSIN:4;SPIDER:15
4882,0,0,true,,,utility,utility,3,75,194387693042,194387645279,17,0,,false,9,15,3,3,GARGOYLE:6;GOBLIN:1;GOLEM:3,ASSASSIN:4;SPIDER:15
4883,0,0,true,,,utility,utility,3,75,194387700961,194387653196,19,0,,false,11,4,3,4,ARCHER:8;SCORPION_RIDER:3;SPIDER:1,GARGOYLE:1;GOLEM:2;SPIDER:16
4884,0,0,true,,,utility,utility,3,75,194387700961,194387653196,19,0,,false,11,4,3,4,ARCHER:8;SCORPION_RIDER:3;SPIDER:1,GARGOYLE:1;GOLEM:2;SPIDER:16
4885,0,0,true,,,utility,cascade,3,75,194395612042,194395602215,17,0,BLUE,false,0,3,3,3,GARGOYLE:1;GOLEM:4;MAGE:4,GOBLIN:1;GOLEM:7
4886,0,0,true,,,cascade,utility,3,75,194395612042,194395602215,14,0,BLUE,false,0,3,3,3,GARGOYLE:1;GOLEM:4;MAGE:4,GOBLIN:1;GOLEM:7
4887,0,0,true,,,utility,cascade,3,75,194395619961,194395577556,30,0,GREEN,false,10,0,3,3,ARCHER:5;GOBLIN:15,GARGOYLE:4;SPIDER:15
4888,0,0,true,,,cascade,utility,3,75,194395619961,194395577556,12,0,GREEN,false,10,0,3,3,ARCHER:5;GOBLIN:15,GARGOYLE:4;SPIDER:15
4889,0,0,true,,,utility,cascade,3,75,194403531042,194403542927,5,0,GREEN,false,12,0,3,3,ARCHER:12;GOBLIN:1,MAGE:7;SCORPION_RIDER:2;SPIDER:3
4890,0,0,true,,,cascade,utility,3,75,194403531042,194403542927,10,0,GREEN,false,10,0,3,3,ARCHER:12;GOBLIN:1,MAGE:7;SCORPION_RIDER:2;SPIDER:3
4891,0,0,true,,,utility,cascade,3,75,194403538961,194403518140,9,0,GREEN,false,10,0,3,3,GARGOYLE:10;GOBLIN:1,ASSASSIN:4;SPIDER:15
4892,0,0,true,,,cascade,utility,3,75,194403538961,194403518140,16,0,GREEN,false,6,0,3,3,GARGOYLE:10;GOBLIN:1,ASSASSIN:4;SPIDER:15
4893,0,0,true,,,utility,cascade,3,75,195139998042,195140046839,39,0,BLUE,false,0,3,3,2,ARCHER:11;MAGE:1,GARGOYLE:6;GOBLIN:11
4894,0,0,true,,,cascade,utility,3,75,195139998042,195140046839,11,0,BLUE,false,0,9,3,2,ARCHER:11;MAGE:1,GARGOYLE:6;GOBLIN:11
4895,0,0,true,,,utility,cascade,3,75,195140005961,195140054756,10,0,GREEN,false,12,0,3,2,ARCHER:5;GOBLIN:12;MAGE:1,MAGE:7;SPIDER:8
4896,0,0,true,,,cascade,utility,3,75,195140005961,195140054756,12,0,GREEN,false,12,0,3,2,ARCHER:5;GOBLIN:12;MAGE:1,MAGE:7;SPIDER:8
4897,0,0,true,,,utility,utility,3,75,195147917042,195147872351,9,0,BLUE,false,0,7,3,3,ASSASSIN:6;GOBLIN:11,ARCHER:9;ASSASSIN:3
4898,0,0,true,,,utility,utility,3,75,195147917042,195147872351,9,0,BLUE,false,0,7,3,3,ASSASSIN:6;GOBLIN:11,ARCHER:9;ASSASSIN:3
4899,0,0,true,,,utility,utility,3,75,195147924961,195147979596,15,0,,false,11,7,2,3,MAGE:7;SPIDER:8,ASSASSIN:4;GARGOYLE:6;GOBLIN:1
4900,0,0,true,,,utility,utility,3,75,195147924961,195147979596,15,0,,false,11,7,2,3,MAGE:7;SPIDER:8,ASSASSIN:4;GARGOYLE:6;GOBLIN:1
4901,0,0,true,,,utility,cascade,3,75,195155836042,195155812903,8,0,GREEN,false,4,0,4,3,ARCHER:2;GOLEM:4;SPIDER:7,ASSASSIN:7;MAGE:3;SPIDER:1
4902,0,0,true,,,cascade,utility,3,75,195155836042,195155812903,16,0,GREEN,false,4,0,4,3,ARCHER:2;GOLEM:4;SPIDER:7,ASSASSIN:7;MAGE:3;SPIDER:1
4903,0,0,true,,,utility,cascade,3,75,195155843961,195155789268,11,0,BLUE,false,0,15,3,3,GOBLIN:8;SPIDER:17,ARCHER:1;GARGOYLE:5;GOBLIN:11
4904,0,0,true,,,cascade,utility,3,75,195155843961,195155789268,9,0,BLUE,false,0,10,3,3,GOBLIN:8;SPIDER:17,ARCHER:1;GARGOYLE:5;GOBLIN:11
4905,0,0,true,,,utility,cascade,3,75,195163755042,195163737231,10,0,GREEN,false,6,0,3,2,ARCHER:8;GOBLIN:2;MAGE:3,GOBLIN:11;MAGE:6
4906,0,0,true,,,cascade,utility,3,75,195163755042,195163737231,10,0,GREEN,false,5,0,3,2,ARCHER:8;GOBLIN:2;MAGE:3,GOBLIN:11;MAGE:6
4907,0,0,true,,,utility,cascade,3,75,195163762961,195163746236,11,0,BLUE,false,0,5,3,3,GOBLIN:8;MAGE:7,ASSASSIN:5;SCORPION_RIDER:5
4908,0,0,true,,,cascade,utility,3,75,195163762961,195163746236,7,0,BLUE,false,0,5,3,3,GOBLIN:8;MAGE:7,ASSASSIN:5;SCORPION_RIDER:5
4909,0,0,true,,,utility,cascade,3,75,195171674042,195171694871,6,0,GREEN,false,7,0,3,3,ARCHER:1;MAGE:3;SCORPION_RIDER:6,GOBLIN:25
4910,0,0,true,,,cascade,utility,3,75,195171674042,195171694871,16,0,GREEN,false,3,0,3,3,ARCHER:1;MAGE:3;SCORPION_RIDER:6,GOBLIN:25
4911,0,0,true,,,utility,cascade,3,75,195171681961,195171670020,11,0,BLUE,false,0,14,3,3,GARGOYLE:2;SPIDER:20,ARCHER:8;GOBLIN:9
4912,0,0,true,,,cascade,utility,3,75,195171681961,195171670020,9,0,BLUE,false,0,15,3,3,GARGOYLE:2;SPIDER:20,ARCHER:8;GOBLIN:9
4913,0,0,true,,,utility,cascade,3,75,195179593042,195179635711,5,0,BLUE,false,0,9,3,3,ASSASSIN:10;GOBLIN:1,ASSASSIN:5;GARGOYLE:5;GOBLIN:1
4914,0,0,true,,,cascade,utility,3,75,195179593042,195179635711,5,0,BLUE,false,0,9,3,3,ASSASSIN:10;GOBLIN:1,ASSASSIN:5;GARGOYLE:5;GOBLIN:1
4915,0,0,true,,,utility,cascade,3,75,195179600961,195179610860,15,0,BLUE,false,0,7,3,3,SPIDER:25,GARGOYLE:1;GOLEM:2;SCORPION_RIDER:6
4916,0,0,true,,,cascade,utility,3,75,195179600961,195179610860,9,0,BLUE,false,0,8,3,3,SPIDER:25,GARGOYLE:1;GOLEM:2;SCORPION_RIDER:6
4917,0,0,true,,,utility,utility,3,75,195187512042,195187559495,5,0,BLUE,false,0,12,3,3,ASSASSIN:7;GOBLIN:1;MAGE:3,ASSASSIN:4;GARGOYLE:5;GOBLIN:4
4918,0,0,true,,,utility,utility,3,75,195187512042,195187559495,5,0,BLUE,false,0,12,3,3,ASSASSIN:7;GOBLIN:1;MAGE:3,ASSASSIN:4;GARGOYLE:5;GOBLIN:4
4919,0,0,true,,,utility,utility,3,75,195187519961,195187568500,11,0,BLUE,false,0,7,4,3,ASSASSIN:5;GARGOYLE:4;MAGE:1;SPIDER:1,ARCHER:7;GOBLIN:1;MAGE:4
4920,0,0,true,,,utility,utility,3,75,195187519961,195187568500,9,0,BLUE,false,0,9,4,3,ASSASSIN:5;GARGOYLE:4;MAGE:1;SPIDER:1,ARCHER:7;GOBLIN:1;MAGE:4
4921,0,0,true,,,utility,cascade,3,75,195195431042,195195385391,9,0,BLUE,false,0,5,3,3,ASSASSIN:10;SPIDER:1,GOBLIN:1;GOLEM:3;SCORPION_RIDER:5
4922,0,0,true,,,cascade,utility,3,75,195195431042,195195385391,6,0,BLUE,false,0,5,3,3,ASSASSIN:10;SPIDER:1,GOBLIN:1;GOLEM:3;SCORPION_RIDER:5
4923,0,0,true,,,utility,cascade,3,75,195195438961,195195492828,11,0,BLUE,false,0,7,3,3,ASSASSIN:3;MAGE:7;SPIDER:1,GARGOYLE:3;GOBLIN:1;MAGE:7
4924,0,0,true,,,cascade,utility,3,75,195195438961,195195492828,11,0,BLUE,false,0,4,3,3,ASSASSIN:3;MAGE:7;SPIDER:1,GARGOYLE:3;GOBLIN:1;MAGE:7
4925,0,0,true,,,utility,utility,3,75,195931898042,195931889175,19,0,,false,9,7,2,3,GARGOYLE:6;SCORPION_RIDER:4,GOBLIN:8;MAGE:7
4926,0,0,true,,,utility,utility,3,75,195931898042,195931889175,19,0,,false,9,7,2,3,GARGOYLE:6;SCORPION_RIDER:4,GOBLIN:8;MAGE:7
4927,0,0,true,,,utility,utility,3,75,195931905961,195931881732,10,0,GREEN,false,7,0,3,3,GOLEM:4;SCORPION_RIDER:4;SPIDER:1,ASSASSIN:8;SCORPION_RIDER:2;SPIDER:1
4928,0,0,true,,,utility,utility,3,75,195931905961,195931881732,10,0,GREEN,false,7,0,3,3,GOLEM:4;SCORPION_RIDER:4;SPIDER:1,ASSASSIN:8;SCORPION_RIDER:2;SPIDER:1
4929,0,0,true,,,utility,cascade,3,75,195939817042,195939830015,15,0,BLUE,false,0,6,3,2,ARCHER:1;GARGOYLE:5;SPIDER:11,GARGOYLE:4;SPIDER:15
4930,0,0,true,,,cascade,utility,3,75,195939817042,195939830015,18,0,BLUE,false,0,2,3,2,ARCHER:1;GARGOYLE:5;SPIDER:11,GARGOYLE:4;SPIDER:15
4931,0,0,true,,,utility,cascade,3,75,195939824961,195939838956,44,0,GREEN,false,9,0,3,4,GOLEM:4;MAGE:5,SPIDER:25
4932,0,0,true,,,cascade,utility,3,75,195939824961,195939838956,22,0,GREEN,false,7,0,3,4,GOLEM:4;MAGE:5,SPIDER:25
4933,0,0,true,,,utility,cascade,3,75,195947736042,195947787591,9,0,BLUE,false,0,6,2,3,MAGE:5;SPIDER:13,ASSASSIN:3;GOBLIN:2;SCORPION_RIDER:6
4934,0,0,true,,,cascade,utility,3,75,195947736042,195947787591,15,0,BLUE,false,0,6,2,3,MAGE:5;SPIDER:13,ASSASSIN:3;GOBLIN:2;SCORPION_RIDER:6
4935,0,0,true,,,utility,cascade,3,75,195947743961,195947762804,13,0,BLUE,false,0,11,3,3,GOLEM:1;MAGE:9,ARCHER:7;GARGOYLE:4;GOBLIN:1
4936,0,0,true,,,cascade,utility,3,75,195947743961,195947762804,7,0,BLUE,false,0,11,3,3,GOLEM:1;MAGE:9,ARCHER:7;GARGOYLE:4;GOBLIN:1
4937,0,0,true,,,utility,cascade,3,75,195955655042,195955711791,15,0,BLUE,false,0,10,3,3,GOLEM:1;MAGE:9,GOBLIN:13;MAGE:5
4938,0,0,true,,,cascade,utility,3,75,195955655042,195955711791,7,0,BLUE,false,0,16,3,3,GOLEM:1;MAGE:9,GOBLIN:13;MAGE:5
4939,0,0,true,,,utility,cascade,3,75,195955662961,195955719900,35,0,BLUE,false,0,5,3,3,GARGOYLE:10;GOBLIN:1,ARCHER:1;GARGOYLE:4;GOLEM:4
4940,0,0,true,,,cascade,utility,3,75,195955662961,195955719900,32,0,GREEN,false,4,0,3,3,GARGOYLE:10;GOBLIN:1,ARCHER:1;GARGOYLE:4;GOLEM:4
4941,0,0,true,,,utility,cascade,3,75,195963574042,195963521463,8,0,GREEN,false,3,0,3,3,ARCHER:8;SPIDER:9,ARCHER:7;ASSASSIN:4;SPIDER:1
4942,0,0,true,,,cascade,utility,3,75,195963574042,195963521463,8,0,GREEN,false,6,0,3,3,ARCHER:8;SPIDER:9,ARCHER:7;ASSASSIN:4;SPIDER:1
4943,0,0,true,,,utility,cascade,3,75,195963581961,195963529380,12,0,GREEN,false,9,0,3,4,ARCHER:12;GOBLIN:1,ARCHER:4;GARGOYLE:1;GOBLIN:1;GOLEM:4
4944,0,0,true,,,cascade,utility,3,75,195963581961,195963529380,16,0,GREEN,false,3,0,3,4,ARCHER:12;GOBLIN:1,ARCHER:4;GARGOYLE:1;GOBLIN:1;GOLEM:4
4945,0,0,true,,,utility,cascade,3,75,195971493042,195971478047,21,0,BLUE,false,0,5,3,4,GARGOYLE:5;SPIDER:13,GOBLIN:1;GOLEM:4;MAGE:1;SCORPION_RIDER:3
4946,0,0,true,,,cascade,utility,3,75,195971493042,195971478047,32,0,GREEN,false,4,0,3,4,GARGOYLE:5;SPIDER:13,GOBLIN:1;GOLEM:4;MAGE:1;SCORPION_RIDER:3
4947,0,0,true,,,utility,cascade,3,75,195971500961,195971454220,12,0,GREEN,false,9,0,3,3,GARGOYLE:10;SPIDER:1,GARGOYLE:5;GOLEM:1;MAGE:4
4948,0,0,true,,,cascade,utility,3,75,195971500961,195971454220,22,0,GREEN,false,5,0,3,3,GARGOYLE:10;SPIDER:1,GARGOYLE:5;GOLEM:1;MAGE:4
4949,0,0,true,,,utility,utility,3,75,195979412042,195979402471,19,0,,false,11,12,3,2,GARGOYLE:2;MAGE:8;SPIDER:1,SPIDER:25
4950,0,0,true,,,utility,utility,3,75,195979412042,195979402471,19,0,,false,11,12,3,2,GARGOYLE:2;MAGE:8;SPIDER:1,SPIDER:25
4951,0,0,true,,,utility,utility,3,75,195979419961,195979411348,22,0,,false,4,13,2,4,GOLEM:4;SPIDER:11,GARGOYLE:2;GOBLIN:12;SCORPION_RIDER:3
4952,0,0,true,,,utility,utility,3,75,195979419961,195979411348,18,0,,false,8,13,2,4,GOLEM:4;SPIDER:11,GARGOYLE:2;GOBLIN:12;SCORPION_RIDER:3
4953,0,0,true,,,utility,cascade,3,75,195987331042,195987343695,17,0,GREEN,false,3,0,4,2,GARGOYLE:6;GOBLIN:10;SPIDER:1,GARGOYLE:6;SCORPION_RIDER:4
4954,0,0,true,,,cascade,utility,3,75,195987331042,195987343695,13,0,BLUE,false,0,6,4,2,GARGOYLE:6;GOBLIN:10;SPIDER:1,GARGOYLE:6;SCORPION_RIDER:4
4955,0,0,true,,,utility,cascade,3,75,195987338961,195987351676,10,0,GREEN,false,7,0,2,3,ARCHER:7;SCORPION_RIDER:4,ASSASSIN:1;GOBLIN:12;SCORPION_RIDER:4
4956,0,0,true,,,cascade,utility,3,75,195987338961,195987351676,10,0,GREEN,false,8,0,2,3,ARCHER:7;SCORPION_RIDER:4,ASSASSIN:1;GOBLIN:12;SCORPION_RIDER:4
4957,0,0,true,,,utility,cascade,3,75,196723798042,196723748535,9,0,GREEN,false,6,0,2,3,GARGOYLE:5;SCORPION_RIDER:5,GOBLIN:1;GOLEM:4;SCORPION_RIDER:4
4958,0,0,true,,,cascade,utility,3,75,196723798042,196723748535,16,0,GREEN,false,5,0,2,3,GARGOYLE:5;SCORPION_RIDER:5,GOBLIN:1;GOLEM:4;SCORPION_RIDER:4
4959,0,0,true,,,utility,cascade,3,75,196723805961,196723855780,12,0,GREEN,false,5,0,3,3,SCORPION_RIDER:9;SPIDER:1,ARCHER:8;SCORPION_RIDER:3;SPIDER:1
4960,0,0,true,,,cascade,utility,3,75,196723805961,196723855780,8,0,GREEN,false,4,0,3,3,SCORPION_RIDER:9;SPIDER:1,ARCHER:8;SCORPION_RIDER:3;SPIDER:1
4961,0,0,true,,,utility,cascade,3,75,196731717042,196731673375,22,0,GREEN,false,3,0,3,3,GOBLIN:2;MAGE:4;SCORPION_RIDER:5,ARCHER:3;MAGE:1;SPIDER:16
4962,0,0,true,,,cascade,utility,3,75,196731717042,196731673375,10,0,GREEN,false,4,0,3,3,GOBLIN:2;MAGE:4;SCORPION_RIDER:5,ARCHER:3;MAGE:1;SPIDER:16
4963,0,0,true,,,utility,cascade,3,75,196731724961,196731681292,15,0,BLUE,false,0,4,3,3,SCORPION_RIDER:3;SPIDER:17,ARCHER:8;SPIDER:9
4964,0,0,true,,,cascade,utility,3,75,196731724961,196731681292,12,0,GREEN,false,12,0,3,3,SCORPION_RIDER:3;SPIDER:17,ARCHER:8;SPIDER:9
4965,0,0,true,,,utility,cascade,3,75,196739636042,196739614183,18,0,GREEN,false,5,0,3,3,GARGOYLE:6;GOBLIN:1;GOLEM:3,GARGOYLE:6;GOBLIN:1;GOLEM:3
4966,0,0,true,,,cascade,utility,3,75,196739636042,196739614183,15,0,BLUE,false,0,7,3,3,GARGOYLE:6;GOBLIN:1;GOLEM:3,GARGOYLE:6;GOBLIN:1;GOLEM:3
4967,0,0,true,,,utility,cascade,3,75,196739643961,196739622036,15,0,BLUE,false,0,5,3,3,ARCHER:7;ASSASSIN:2;GOBLIN:6,ARCHER:5;GARGOYLE:6;GOBLIN:1
4968,0,0,true,,,cascade,utility,3,75,196739643961,196739622036,13,0,BLUE,false,0,6,3,3,ARCHER:7;ASSASSIN:2;GOBLIN:6,ARCHER:5;GARGOYLE:6;GOBLIN:1
4969,0,0,true,,,utility,utility,3,75,196747555042,196747570767,12,0,,false,8,10,3,3,GOBLIN:1;GOLEM:7,ARCHER:5;GOLEM:4;SPIDER:1
4970,0,0,true,,,utility,utility,3,75,196747555042,196747570767,12,0,,false,8,10,3,3,GOBLIN:1;GOLEM:7,ARCHER:5;GOLEM:4;SPIDER:1
4971,0,0,true,,,utility,utility,3,75,196747562961,196747547004,21,0,,false,14,5,2,4,MAGE:7;SPIDER:8,ASSASSIN:1;GARGOYLE:5;GOBLIN:1;MAGE:4
4972,0,0,true,,,utility,utility,3,75,196747562961,196747547004,21,0,,false,14,5,2,4,MAGE:7;SPIDER:8,ASSASSIN:1;GARGOYLE:5;GOBLIN:1;MAGE:4
4973,0,0,true,,,utility,utility,3,75,196755474042,196755495127,8,0,GREEN,false,13,0,3,3,SCORPION_RIDER:6;SPIDER:9,ARCHER:11;GARGOYLE:1
4974,0,0,true,,,utility,utility,3,75,196755474042,196755495127,21,0,BLUE,false,0,2,3,3,SCORPION_RIDER:6;SPIDER:9,ARCHER:11;GARGOYLE:1
4975,0,0,true,,,utility,utility,3,75,196755481961,196755504068,25,0,,false,11,2,3,4,ARCHER:5;GARGOYLE:6;GOBLIN:1,ASSASSIN:2;MAGE:2;SPIDER:15
4976,0,0,true,,,utility,utility,3,75,196755481961,196755504068,14,0,GREEN,false,12,0,3,4,ARCHER:5;GARGOYLE:6;GOBLIN:1,ASSASSIN:2;MAGE:2;SPIDER:15
4977,0,0,true,,,utility,cascade,3,75,196763393042,196763435711,15,0,BLUE,false,0,4,4,3,GARGOYLE:1;GOLEM:2;SCORPION_RIDER:6,GOBLIN:1;SCORPION_RIDER:9
4978,0,0,true,,,cascade,utility,3,75,196763393042,196763435711,10,0,BLUE,false,0,3,4,3,GARGOYLE:1;GOLEM:2;SCORPION_RIDER:6,GOBLIN:1;SCORPION_RIDER:9
4979,0,0,true,,,utility,cascade,3,75,196763400961,196763444652,11,0,BLUE,false,0,8,2,3,SPIDER:25,GOBLIN:1;GOLEM:4;SCORPION_RIDER:4
4980,0,0,true,,,cascade,utility,3,75,196763400961,196763444652,9,0,BLUE,false,0,9,2,3,SPIDER:25,GOBLIN:1;GOLEM:4;SCORPION_RIDER:4
4981,0,0,true,,,utility,cascade,3,75,196771312042,196771262215,25,0,BLUE,false,0,6,4,3,GOBLIN:12;MAGE:1;SCORPION_RIDER:4,GARGOYLE:6;GOLEM:3;SPIDER:1
4982,0,0,true,,,cascade,utility,3,75,196771312042,196771262215,33,0,,false,1,8,4,3,GOBLIN:12;MAGE:1;SCORPION_RIDER:4,GARGOYLE:6;GOLEM:3;SPIDER:1
4983,0,0,true,,,utility,cascade,3,75,196771319961,196771368500,20,0,GREEN,false,3,0,3,3,ARCHER:7;GOBLIN:1;SPIDER:10,ARCHER:3;ASSASSIN:7;SPIDER:2
4984,0,0,true,,,cascade,utility,3,75,196771319961,196771368500,10,0,GREEN,false,4,0,3,3,ARCHER:7;GOBLIN:1;SPIDER:10,ARCHER:3;ASSASSIN:7;SPIDER:2
4985,0,0,true,,,utility,utility,3,75,196779231042,196779186671,14,0,GREEN,false,10,0,3,3,GARGOYLE:5;GOBLIN:1;MAGE:5,ASSASSIN:8;GOBLIN:1;MAGE:2
4986,0,0,true,,,utility,utility,3,75,196779231042,196779186671,14,0,GREEN,false,10,0,3,3,GARGOYLE:5;GOBLIN:1;MAGE:5,ASSASSIN:8;GOBLIN:1;MAGE:2
4987,0,0,true,,,utility,utility,3,75,196779238961,196779194524,15,0,BLUE,false,0,5,3,3,GOBLIN:1;SCORPION_RIDER:9,GARGOYLE:6;GOBLIN:9;SPIDER:2
4988,0,0,true,,,utility,utility,3,75,196779238961,196779194524,15,0,BLUE,false,0,5,3,3,GOBLIN:1;SCORPION_RIDER:9,GARGOYLE:6;GOBLIN:9;SPIDER:2
4989,0,0,true,,,utility,utility,3,75,197515698042,197515706839,25,0,,false,4,8,2,3,GARGOYLE:5;GOLEM:4,SCORPION_RIDER:9;SPIDER:1
4990,0,0,true,,,utility,utility,3,75,197515698042,197515706839,25,0,,false,4,8,2,3,GARGOYLE:5;GOLEM:4,SCORPION_RIDER:9;SPIDER:1
4991,0,0,true,,,utility,utility,3,75,197515705961,197515714756,16,0,GREEN,false,7,0,3,3,GOBLIN:11;SPIDER:14,GARGOYLE:3;GOBLIN:10;SCORPION_RIDER:3
4992,0,0,true,,,utility,utility,3,75,197515705961,197515714756,16,0,GREEN,false,7,0,3,3,GOBLIN:11;SPIDER:14,GARGOYLE:3;GOBLIN:10;SCORPION_RIDER:3
4993,0,0,true,,,utility,cascade,3,75,197523617042,197523663807,9,0,BLUE,false,0,5,3,3,GOBLIN:6;MAGE:8,ASSASSIN:8;GOBLIN:5;SPIDER:1
4994,0,0,true,,,cascade,utility,3,75,197523617042,197523663807,7,0,BLUE,false,0,8,3,3,GOBLIN:6;MAGE:8,ASSASSIN:8;GOBLIN:5;SPIDER:1
4995,0,0,true,,,utility,cascade,3,75,197523624961,197523638956,13,0,BLUE,false,0,7,2,3,GOLEM:4;MAGE:5,GARGOYLE:6;GOBLIN:9;SPIDER:2
4996,0,0,true,,,cascade,utility,3,75,197523624961,197523638956,13,0,BLUE,false,0,7,2,3,GOLEM:4;MAGE:5,GARGOYLE:6;GOBLIN:9;SPIDER:2
4997,0,0,true,,,utility,cascade,3,75,197531536042,197531587591,9,0,GREEN,false,13,0,3,2,ARCHER:8;SPIDER:9,ARCHER:3;MAGE:8
4998,0,0,true,,,cascade,utility,3,75,197531536042,197531587591,10,0,GREEN,false,5,0,3,2,ARCHER:8;SPIDER:9,ARCHER:3;MAGE:8
4999,0,0,true,,,utility,cascade,3,75,197531543961,197531596596,35,0,BLUE,false,0,1,3,3,ARCHER:4;SCORPION_RIDER:6;SPIDER:1,ARCHER:1;GARGOYLE:3;SCORPION_RIDER:6
5000,0,0,true,,,cascade,utility,3,75,197531543961,197531596596,18,0,BLUE,false,0,2,3,3,ARCHER:4;SCORPION_RIDER:6;SPIDER:1,ARCHER:1;GARGOYLE:3;SCORPION_RIDER:6
5001,0,0,true,,,utility,cascade,3,75,197539455042,197539413743,17,0,BLUE,false,0,8,3,3,ASSASSIN:6;GOBLIN:10;SPIDER:1,GARGOYLE:6;GOBLIN:1;GOLEM:3
5002,0,0,true,,,cascade,utility,3,75,197539455042,197539413743,10,0,BLUE,false,0,7,3,3,ASSASSIN:6;GOBLIN:10;SPIDER:1,GARGOYLE:6;GOBLIN:1;GOLEM:3
5003,0,0,true,,,utility,cascade,3,75,197539462961,197539406236,6,0,GREEN,false,14,0,3,2,ARCHER:7;GOBLIN:9;SPIDER:2,GOBLIN:8;MAGE:7
5004,0,0,true,,,cascade,utility,3,75,197539462961,197539406236,14,0,GREEN,false,16,0,3,2,ARCHER:7;GOBLIN:9;SPIDER:2,GOBLIN:8;MAGE:7
5005,0,0,true,,,utility,cascade,3,75,197547374042,197547354999,5,0,BLUE,false,0,21,3,3,ARCHER:9;GARGOYLE:3,GOBLIN:12;SPIDER:13
5006,0,0,true,,,cascade,utility,3,75,197547374042,197547354999,12,0,GREEN,false,9,0,3,3,ARCHER:9;GARGOYLE:3,GOBLIN:12;SPIDER:13
5007,0,0,true,,,utility,cascade,3,75,197547381961,197547330148,13,0,GREEN,false,12,0,2,3,GARGOYLE:6;GOBLIN:11,ARCHER:1;GOBLIN:12;SPIDER:11
5008,0,0,true,,,cascade,utility,3,75,197547381961,197547330148,14,0,GREEN,false,6,0,2,3,GARGOYLE:6;GOBLIN:11,ARCHER:1;GOBLIN:12;SPIDER:11
5009,0,0,true,,,utility,cascade,3,75,197555293042,197555279327,14,0,GREEN,false,8,0,3,3,ARCHER:9;ASSASSIN:3,GARGOYLE:5;GOBLIN:13
5010,0,0,true,,,cascade,utility,3,75,197555293042,197555279327,5,0,BLUE,false,0,18,3,3,ARCHER:9;ASSASSIN:3,GARGOYLE:5;GOBLIN:13
5011,0,0,true,,,utility,cascade,3,75,197555300961,197555287244,9,0,BLUE,false,0,8,2,3,SPIDER:25,SCORPION_RIDER:9;SPIDER:1
5012,0,0,true,,,cascade,utility,3,75,197555300961,197555287244,10,0,GREEN,false,9,0,2,3,SPIDER:25,SCORPION_RIDER:9;SPIDER:1
5013,0,0,true,,,utility,cascade,3,75,197563212042,197563236263,13,0,BLUE,false,0,18,2,4,ARCHER:7;SPIDER:11,ARCHER:1;GOBLIN:20;SPIDER:3
5014,0,0,true,,,cascade,utility,3,75,197563212042,197563236263,7,0,BLUE,false,0,16,2,4,ARCHER:7;SPIDER:11,ARCHER:1;GOBLIN:20;SPIDER:3
5015,0,0,true,,,utility,cascade,3,75,197563219961,197563228500,11,0,BLUE,false,0,4,3,3,GARGOYLE:1;GOLEM:4;MAGE:4,GOBLIN:1;GOLEM:4;SCORPION_RIDER:4
5016,0,0,true,,,cascade,utility,3,75,197563219961,197563228500,8,0,BLUE,false,0,6,3,3,GARGOYLE:1;GOLEM:4;MAGE:4,GOBLIN:1;GOLEM:4;SCORPION_RIDER:4
5017,0,0,true,,,utility,cascade,3,75,197571131042,197571176463,15,0,BLUE,false,0,7,5,3,GOBLIN:13;MAGE:1;SCORPION_RIDER:3;SPIDER:1,ARCHER:4;GARGOYLE:7
5018,0,0,true,,,cascade,utility,3,75,197571131042,197571176463,12,0,GREEN,false,11,0,5,3,GOBLIN:13;MAGE:1;SCORPION_RIDER:3;SPIDER:1,ARCHER:4;GARGOYLE:7
5019,0,0,true,,,utility,cascade,3,75,197571138961,197571152700,8,0,GREEN,false,6,0,3,3,ASSASSIN:1;GOLEM:2;SCORPION_RIDER:6,ASSASSIN:1;GARGOYLE:5;SCORPION_RIDER:4
5020,0,0,true,,,cascade,utility,3,75,197571138961,197571152700,12,0,GREEN,false,6,0,3,3,ASSASSIN:1;GOLEM:2;SCORPION_RIDER:6,ASSASSIN:1;GARGOYLE:5;SCORPION_RIDER:4
5021,0,0,true,,,utility,cascade,3,75,115554048042,115553994375,4,0,GREEN,false,9,0,3,3,ASSASSIN:8;SCORPION_RIDER:2;SPIDER:1,GARGOYLE:1;GOLEM:1;MAGE:8
5022,0,0,true,,,cascade,utility,3,75,115554048042,115553994375,8,0,GREEN,false,7,0,3,3,ASSASSIN:8;SCORPION_RIDER:2;SPIDER:1,GARGOYLE:1;GOLEM:1;MAGE:8
5023,0,0,true,,,utility,cascade,3,75,115554055961,115554003380,12,0,GREEN,false,7,0,4,4,ARCHER:5;ASSASSIN:1;GARGOYLE:5;SPIDER:1,ARCHER:5;SCORPION_RIDER:5;SPIDER:1
5024,0,0,true,,,cascade,utility,3,75,115554055961,115554003380,9,0,BLUE,false,0,9,4,4,ARCHER:5;ASSASSIN:1;GARGOYLE:5;SPIDER:1,ARCHER:5;SCORPION_RIDER:5;SPIDER:1
5025,0,0,true,,,utility,utility,3,75,115823294042,115823339767,15,0,BLUE,false,0,3,3,3,GOBLIN:5;SPIDER:20,GOBLIN:1;SCORPION_RIDER:9
5026,0,0,true,,,utility,utility,3,75,115823294042,115823339767,15,0,BLUE,false,0,3,3,3,GOBLIN:5;SPIDER:20,GOBLIN:1;SCORPION_RIDER:9
5027,0,0,true,,,utility,utility,3,75,115823301961,115823315940,13,0,BLUE,false,0,6,3,2,ARCHER:7;SPIDER:11,SCORPION_RIDER:6;SPIDER:9
5028,0,0,true,,,utility,utility,3,75,115823301961,115823315940,13,0,BLUE,false,0,6,3,2,ARCHER:7;SPIDER:11,SCORPION_RIDER:6;SPIDER:9
5029,0,0,true,,,utility,utility,3,75,115957917042,115957939167,9,0,BLUE,false,0,10,3,2,MAGE:8;SPIDER:6,ASSASSIN:6;GOBLIN:11
5030,0,0,true,,,utility,utility,3,75,115957917042,115957939167,9,0,BLUE,false,0,10,3,2,MAGE:8;SPIDER:6,ASSASSIN:6;GOBLIN:11
5031,0,0,true,,,utility,utility,3,75,115957924961,115957914316,19,0,,false,19,11,2,3,GARGOYLE:4;SPIDER:15,ARCHER:8;GARGOYLE:3;GOBLIN:2
5032,0,0,true,,,utility,utility,3,75,115957924961,115957914316,19,0,,false,19,11,2,3,GARGOYLE:4;SPIDER:15,ARCHER:8;GARGOYLE:3;GOBLIN:2
