game_id,legion_id,team,unit_type,start_x,start_y,start_units,end_units,damage_dealt,damage_received,team_won
93,GREEN_1,GREEN,GOBLIN,2,-2,11,9,60.00,46.00,false
93,GREEN_2,GREEN,GOBLIN,3,-3,10,10,12.00,12.00,false
93,GREEN_3,GREEN,ARCHER,1,-3,2,1,8.00,8.00,false
93,BLUE_4,BLUE,ASSASSIN,-1,3,8,0,46.00,64.00,false
93,BLUE_5,BLUE,ASSASSIN,1,2,2,0,20.00,16.00,false
93,BLUE_6,BLUE,GOBLIN,-3,3,1,1,0.00,0.00,false
94,GREEN_1,GREEN,GOBLIN,2,-2,11,9,60.00,46.00,false
94,GREEN_2,GREEN,GOBLIN,3,-3,10,10,12.00,12.00,false
94,GREEN_3,GREEN,ARCHER,1,-3,2,1,8.00,8.00,false
94,BLUE_4,BLUE,ASSASSIN,-1,3,8,0,46.00,64.00,false
94,BLUE_5,BLUE,ASSASSIN,1,2,2,0,20.00,16.00,false
94,BLUE_6,BLUE,GOBLIN,-3,3,1,1,0.00,0.00,false
95,GREEN_1,GREEN,GOBLIN,1,-2,12,12,56.00,7.00,false
95,GREEN_2,GREEN,GOLEM,3,-3,3,3,0.00,0.00,false
95,GREEN_3,GREEN,SPIDER,2,-2,3,3,0.00,6.00,false
95,BLUE_4,BLUE,MAGE,1,2,7,0,13.00,56.00,false
95,BLUE_5,BLUE,GOBLIN,-3,3,7,7,0.00,0.00,false
95,BLUE_6,BLUE,SPIDER,-2,3,1,1,0.00,0.00,false
96,GREEN_1,GREEN,GOBLIN,1,-2,12,12,56.00,7.00,false
96,GREEN_2,GREEN,GOLEM,3,-3,3,3,0.00,0.00,false
96,GREEN_3,GREEN,SPIDER,2,-2,3,3,0.00,6.00,false
96,BLUE_4,BLUE,MAGE,1,2,7,0,13.00,56.00,false
96,BLUE_5,BLUE,GOBLIN,-3,3,7,7,0.00,0.00,false
96,BLUE_6,BLUE,SPIDER,-2,3,1,1,0.00,0.00,false
93,GREEN_1,GREEN,GARGOYLE,0,-3,6,0,78.00,96.00,true
93,GREEN_2,GREEN,GARGOYLE,3,-3,4,4,64.00,27.00,true
93,GREEN_3,GREEN,SPIDER,1,-2,1,0,0.00,4.00,true
93,BLUE_4,BLUE,SCORPION_RIDER,-3,3,5,0,78.00,102.00,false
93,BLUE_5,BLUE,MAGE,-2,3,4,0,47.00,32.00,false
93,BLUE_6,BLUE,SPIDER,-2,2,2,0,2.00,8.00,false
94,GREEN_1,GREEN,GARGOYLE,0,-3,6,0,78.00,96.00,true
94,GREEN_2,GREEN,GARGOYLE,3,-3,4,4,52.00,42.00,true
94,GREEN_3,GREEN,SPIDER,1,-2,1,0,0.00,4.00,true
94,BLUE_4,BLUE,SCORPION_RIDER,-3,3,5,0,78.00,90.00,false
94,BLUE_5,BLUE,MAGE,-2,3,4,0,64.00,32.00,false
94,BLUE_6,BLUE,SPIDER,-2,2,2,0,0.00,8.00,false
95,GREEN_1,GREEN,SPIDER,2,-3,15,0,24.00,60.00,false
95,GREEN_2,GREEN,ASSASSIN,0,-3,4,0,12.00,32.00,false
95,BLUE_3,BLUE,SCORPION_RIDER,-2,2,6,6,32.00,12.00,true
95,BLUE_4,BLUE,ASSASSIN,-2,3,3,0,0.00,24.00,true
95,BLUE_5,BLUE,ARCHER,0,2,1,1,60.00,0.00,true
96,GREEN_1,GREEN,SPIDER,2,-3,15,0,24.00,60.00,false
96,GREEN_2,GREEN,ASSASSIN,0,-3,4,0,12.00,32.00,false
96,BLUE_3,BLUE,SCORPION_RIDER,-2,2,6,6,32.00,12.00,true
96,BLUE_4,BLUE,ASSASSIN,-2,3,3,0,0.00,24.00,true
96,BLUE_5,BLUE,ARCHER,0,2,1,1,60.00,0.00,true
93,GREEN_1,GREEN,GOBLIN,3,-3,12,11,0.00,16.00,false
93,GREEN_2,GREEN,ARCHER,2,-2,6,4,48.00,24.00,false
93,GREEN_3,GREEN,GOBLIN,2,-3,1,0,0.00,8.00,false
93,BLUE_4,BLUE,ARCHER,-2,3,5,0,45.00,40.00,false
93,BLUE_5,BLUE,SPIDER,-3,2,12,12,0.00,0.00,false
93,BLUE_6,BLUE,MAGE,-3,3,1,0,3.00,8.00,false
94,GREEN_1,GREEN,GOBLIN,3,-3,12,11,0.00,16.00,false
94,GREEN_2,GREEN,ARCHER,2,-2,6,4,48.00,24.00,false
94,GREEN_3,GREEN,GOBLIN,2,-3,1,0,0.00,8.00,false
94,BLUE_4,BLUE,ARCHER,-2,3,5,0,45.00,40.00,false
94,BLUE_5,BLUE,SPIDER,-3,2,12,12,0.00,0.00,false
94,BLUE_6,BLUE,MAGE,-3,3,1,0,3.00,8.00,false
95,GREEN_1,GREEN,SPIDER,-1,-2,15,0,34.00,60.00,false
95,GREEN_2,GREEN,GOBLIN,3,-3,8,8,0.00,0.00,false
95,GREEN_3,GREEN,SPIDER,1,-3,2,2,0.00,0.00,false
95,BLUE_4,BLUE,GARGOYLE,1,2,6,6,20.00,2.00,false
95,BLUE_5,BLUE,ARCHER,-2,2,4,0,40.00,32.00,false
95,BLUE_6,BLUE,GOBLIN,0,3,3,3,0.00,0.00,false
96,GREEN_1,GREEN,SPIDER,-1,-2,15,0,34.00,60.00,false
96,GREEN_2,GREEN,GOBLIN,3,-3,8,8,0.00,0.00,false
96,GREEN_3,GREEN,SPIDER,1,-3,2,2,0.00,0.00,false
96,BLUE_4,BLUE,GARGOYLE,1,2,6,6,20.00,2.00,false
96,BLUE_5,BLUE,ARCHER,-2,2,4,0,40.00,32.00,false
96,BLUE_6,BLUE,GOBLIN,0,3,3,3,0.00,0.00,false
709,GREEN_1,GREEN,SPIDER,3,-3,15,0,36.00,60.00,true
709,GREEN_2,GREEN,GOLEM,-1,-2,3,3,72.00,41.00,true
709,BLUE_3,BLUE,SPIDER,-3,3,15,0,72.00,60.00,false
709,BLUE_4,BLUE,ARCHER,0,2,4,0,24.00,32.00,false
709,BLUE_5,BLUE,GOBLIN,-2,2,2,0,5.00,16.00,false
710,GREEN_1,GREEN,SPIDER,3,-3,15,0,36.00,60.00,true
710,GREEN_2,GREEN,GOLEM,-1,-2,3,3,72.00,41.00,true
710,BLUE_3,BLUE,SPIDER,-3,3,15,0,72.00,60.00,false
710,BLUE_4,BLUE,ARCHER,0,2,4,0,24.00,32.00,false
710,BLUE_5,BLUE,GOBLIN,-2,2,2,0,5.00,16.00,false
711,GREEN_1,GREEN,ASSASSIN,1,-3,8,0,118.00,64.00,false
711,GREEN_2,GREEN,MAGE,2,-3,2,2,12.00,0.00,false
711,GREEN_3,GREEN,SPIDER,3,-3,1,1,0.00,0.00,false
711,BLUE_4,BLUE,GOLEM,-1,2,4,4,29.00,48.00,false
711,BLUE_5,BLUE,GARGOYLE,-3,2,3,0,21.00,48.00,false
711,BLUE_6,BLUE,SCORPION_RIDER,-1,3,1,0,6.00,18.00,false
711,BLUE_7,BLUE,GOBLIN,0,3,2,0,8.00,16.00,false
712,GREEN_1,GREEN,ASSASSIN,1,-3,8,0,118.00,64.00,false
712,GREEN_2,GREEN,MAGE,2,-3,2,2,12.00,0.00,false
712,GREEN_3,GREEN,SPIDER,3,-3,1,1,0.00,0.00,false
712,BLUE_4,BLUE,GOLEM,-1,2,4,4,29.00,48.00,false
712,BLUE_5,BLUE,GARGOYLE,-3,2,3,0,21.00,48.00,false
712,BLUE_6,BLUE,SCORPION_RIDER,-1,3,1,0,6.00,18.00,false
712,BLUE_7,BLUE,GOBLIN,0,3,2,0,8.00,16.00,false
709,GREEN_1,GREEN,SPIDER,1,-3,14,14,0.00,0.00,false
709,GREEN_2,GREEN,SPIDER,0,-2,9,9,0.00,0.00,false
709,GREEN_3,GREEN,ARCHER,3,-3,1,1,0.00,0.00,false
709,BLUE_4,BLUE,GOLEM,-3,3,4,4,0.00,0.00,false
709,BLUE_5,BLUE,MAGE,-2,3,5,5,0.00,0.00,false
710,GREEN_1,GREEN,SPIDER,1,-3,14,12,102.00,20.00,true
710,GREEN_2,GREEN,SPIDER,0,-2,9,1,38.00,34.00,true
710,GREEN_3,GREEN,ARCHER,3,-3,1,0,4.00,8.00,true
710,BLUE_4,BLUE,GOLEM,-3,3,4,0,31.00,104.00,false
710,BLUE_5,BLUE,MAGE,-2,3,5,0,31.00,40.00,false
711,GREEN_1,GREEN,ASSASSIN,2,-3,8,0,56.00,64.00,false
711,GREEN_2,GREEN,SCORPION_RIDER,2,-2,2,2,0.00,0.00,false
711,GREEN_3,GREEN,SPIDER,0,-3,1,1,0.00,0.00,false
711,BLUE_4,BLUE,SCORPION_RIDER,-3,3,6,6,28.00,18.00,false
711,BLUE_5,BLUE,GOBLIN,-3,2,9,8,36.00,38.00,false
712,GREEN_1,GREEN,ASSASSIN,2,-3,8,0,56.00,64.00,false
712,GREEN_2,GREEN,SCORPION_RIDER,2,-2,2,2,0.00,0.00,false
712,GREEN_3,GREEN,SPIDER,0,-3,1,1,0.00,0.00,false
712,BLUE_4,BLUE,SCORPION_RIDER,-3,3,6,6,28.00,18.00,false
712,BLUE_5,BLUE,GOBLIN,-3,2,9,8,36.00,38.00,false
709,GREEN_1,GREEN,SPIDER,2,-2,14,14,0.00,0.00,false
709,GREEN_2,GREEN,GOBLIN,0,-2,11,0,85.00,88.00,false
709,BLUE_3,BLUE,GOBLIN,-1,2,9,5,32.00,40.00,false
709,BLUE_4,BLUE,GOLEM,-3,3,4,4,52.00,37.00,false
709,BLUE_5,BLUE,ASSASSIN,0,3,1,0,4.00,8.00,false
710,GREEN_1,GREEN,SPIDER,2,-2,14,14,0.00,0.00,false
710,GREEN_2,GREEN,GOBLIN,0,-2,11,0,85.00,88.00,false
710,BLUE_3,BLUE,GOBLIN,-1,2,9,5,32.00,40.00,false
710,BLUE_4,BLUE,GOLEM,-3,3,4,4,52.00,37.00,false
710,BLUE_5,BLUE,ASSASSIN,0,3,1,0,4.00,8.00,false
711,GREEN_1,GREEN,MAGE,1,-3,7,2,55.00,54.00,true
711,GREEN_2,GREEN,GARGOYLE,0,-3,3,1,31.00,45.00,true
711,GREEN_3,GREEN,SPIDER,-1,-2,1,0,2.00,4.00,true
711,BLUE_4,BLUE,MAGE,-3,2,8,0,98.00,64.00,false
711,BLUE_5,BLUE,MAGE,-1,3,2,0,5.00,16.00,false
711,BLUE_6,BLUE,GOBLIN,-3,3,1,0,0.00,8.00,false
712,GREEN_1,GREEN,MAGE,1,-3,7,0,53.00,56.00,false
712,GREEN_2,GREEN,GARGOYLE,0,-3,3,0,33.00,48.00,false
712,GREEN_3,GREEN,SPIDER,-1,-2,1,0,0.00,4.00,false
712,BLUE_4,BLUE,MAGE,-3,2,8,1,100.00,62.00,true
712,BLUE_5,BLUE,MAGE,-1,3,2,0,6.00,16.00,true
712,BLUE_6,BLUE,GOBLIN,-3,3,1,0,2.00,8.00,true
1325,GREEN_1,GREEN,GOBLIN,1,-3,10,0,34.00,80.00,false
1325,GREEN_2,GREEN,GOBLIN,1,-2,11,0,46.00,88.00,false
1325,GREEN_3,GREEN,ASSASSIN,2,-3,1,0,3.00,8.00,false
1325,GREEN_4,GREEN,SPIDER,-1,-2,1,0,2.00,4.00,false
1325,BLUE_5,BLUE,SCORPION_RIDER,-3,3,5,4,168.00,78.00,true
1325,BLUE_6,BLUE,GOLEM,-1,2,3,3,8.00,3.00,true
1325,BLUE_7,BLUE,SPIDER,1,2,1,0,4.00,4.00,true
1326,GREEN_1,GREEN,GOBLIN,1,-3,10,0,34.00,80.00,false
1326,GREEN_2,GREEN,GOBLIN,1,-2,11,0,46.00,88.00,false
1326,GREEN_3,GREEN,ASSASSIN,2,-3,1,0,3.00,8.00,false
1326,GREEN_4,GREEN,SPIDER,-1,-2,1,0,2.00,4.00,false
1326,BLUE_5,BLUE,SCORPION_RIDER,-3,3,5,4,168.00,78.00,true
1326,BLUE_6,BLUE,GOLEM,-1,2,3,3,8.00,3.00,true
1326,BLUE_7,BLUE,SPIDER,1,2,1,0,4.00,4.00,true
1327,GREEN_1,GREEN,ARCHER,0,-3,8,4,74.00,56.00,true
1327,GREEN_2,GREEN,GARGOYLE,1,-3,3,3,24.00,0.00,true
1327,GREEN_3,GREEN,SPIDER,-1,-2,2,0,2.00,8.00,true
1327,BLUE_4,BLUE,ASSASSIN,-2,3,8,0,64.00,64.00,false
1327,BLUE_5,BLUE,GARGOYLE,-3,3,2,0,0.00,32.00,false
1327,BLUE_6,BLUE,SPIDER,0,3,1,0,0.00,4.00,false
1328,GREEN_1,GREEN,ARCHER,0,-3,8,4,74.00,56.00,true
1328,GREEN_2,GREEN,GARGOYLE,1,-3,3,3,24.00,0.00,true
1328,GREEN_3,GREEN,SPIDER,-1,-2,2,0,2.00,8.00,true
1328,BLUE_4,BLUE,ASSASSIN,-2,3,8,0,64.00,64.00,false
1328,BLUE_5,BLUE,GARGOYLE,-3,3,2,0,0.00,32.00,false
1328,BLUE_6,BLUE,SPIDER,0,3,1,0,0.00,4.00,false
1325,GREEN_1,GREEN,GARGOYLE,3,-2,6,6,0.00,0.00,false
1325,GREEN_2,GREEN,ARCHER,0,-3,4,4,0.00,0.00,false
1325,GREEN_3,GREEN,SCORPION_RIDER,3,-3,1,1,0.00,0.00,false
1325,BLUE_4,BLUE,GARGOYLE,0,3,5,5,0.00,0.00,false
1325,BLUE_5,BLUE,GARGOYLE,-2,2,4,4,0.00,0.00,false
1325,BLUE_6,BLUE,GARGOYLE,-1,3,1,1,0.00,0.00,false
1325,BLUE_7,BLUE,GOBLIN,0,2,1,1,0.00,0.00,false
1326,GREEN_1,GREEN,GARGOYLE,3,-2,6,6,0.00,0.00,false
1326,GREEN_2,GREEN,ARCHER,0,-3,4,4,0.00,0.00,false
1326,GREEN_3,GREEN,SCORPION_RIDER,3,-3,1,1,0.00,0.00,false
1326,BLUE_4,BLUE,GARGOYLE,0,3,5,5,0.00,0.00,false
1326,BLUE_5,BLUE,GARGOYLE,-2,2,4,4,0.00,0.00,false
1326,BLUE_6,BLUE,GARGOYLE,-1,3,1,1,0.00,0.00,false
1326,BLUE_7,BLUE,GOBLIN,0,2,1,1,0.00,0.00,false
1327,GREEN_1,GREEN,GOLEM,1,-2,4,4,66.00,21.00,false
1327,GREEN_2,GREEN,ASSASSIN,3,-2,4,0,20.00,32.00,false
1327,GREEN_3,GREEN,SPIDER,2,-2,2,0,2.00,8.00,false
1327,BLUE_4,BLUE,ARCHER,1,2,7,0,48.00,56.00,false
1327,BLUE_5,BLUE,MAGE,-2,3,4,0,13.00,32.00,false
1327,BLUE_6,BLUE,GOBLIN,-3,3,1,1,0.00,0.00,false
1328,GREEN_1,GREEN,GOLEM,1,-2,4,4,87.00,60.00,false
1328,GREEN_2,GREEN,ASSASSIN,3,-2,4,0,0.00,32.00,false
1328,GREEN_3,GREEN,SPIDER,2,-2,2,0,1.00,8.00,false
1328,BLUE_4,BLUE,ARCHER,1,2,7,0,69.00,56.00,false
1328,BLUE_5,BLUE,MAGE,-2,3,4,0,31.00,32.00,false
1328,BLUE_6,BLUE,GOBLIN,-3,3,1,1,0.00,0.00,false
1325,GREEN_1,GREEN,ASSASSIN,-1,-2,7,0,60.00,56.00,false
1325,GREEN_2,GREEN,ASSASSIN,0,-3,3,0,20.00,24.00,false
1325,GREEN_3,GREEN,GOBLIN,1,-3,1,0,0.00,8.00,false
1325,BLUE_4,BLUE,ARCHER,-3,3,7,5,58.00,40.00,true
1325,BLUE_5,BLUE,ASSASSIN,-2,3,4,0,26.00,32.00,true
1325,BLUE_6,BLUE,GOBLIN,0,3,1,0,4.00,8.00,true
1326,GREEN_1,GREEN,ASSASSIN,-1,-2,7,0,64.00,56.00,true
1326,GREEN_2,GREEN,ASSASSIN,0,-3,3,2,28.00,18.00,true
1326,GREEN_3,GREEN,GOBLIN,1,-3,1,0,4.00,8.00,true
1326,BLUE_4,BLUE,ARCHER,-3,3,7,0,44.00,56.00,false
1326,BLUE_5,BLUE,ASSASSIN,-2,3,4,0,34.00,32.00,false
1326,BLUE_6,BLUE,GOBLIN,0,3,1,0,4.00,8.00,false
1327,GREEN_1,GREEN,MAGE,1,-2,7,0,35.00,56.00,false
1327,GREEN_2,GREEN,GARGOYLE,3,-3,3,0,49.00,48.00,false
1327,GREEN_3,GREEN,GOBLIN,2,-3,1,0,0.00,8.00,false
1327,BLUE_4,BLUE,SCORPION_RIDER,-1,3,5,5,91.00,36.00,true
1327,BLUE_5,BLUE,MAGE,0,2,4,0,17.00,32.00,true
1327,BLUE_6,BLUE,GOBLIN,-2,3,2,0,4.00,16.00,true
1328,GREEN_1,GREEN,MAGE,1,-2,7,0,37.00,56.00,false
1328,GREEN_2,GREEN,GARGOYLE,3,-3,3,0,32.00,48.00,false
1328,GREEN_3,GREEN,GOBLIN,2,-3,1,0,0.00,8.00,false
1328,BLUE_4,BLUE,SCORPION_RIDER,-1,3,5,5,95.00,21.00,true
1328,BLUE_5,BLUE,MAGE,0,2,4,0,17.00,32.00,true
1328,BLUE_6,BLUE,GOBLIN,-2,3,2,0,0.00,16.00,true
1941,GREEN_1,GREEN,GOBLIN,0,-3,11,11,33.00,12.00,false
1941,GREEN_2,GREEN,MAGE,1,-3,6,0,23.00,48.00,false
1941,BLUE_3,BLUE,ARCHER,-3,2,7,0,60.00,56.00,false
1941,BLUE_4,BLUE,SPIDER,0,2,11,11,0.00,0.00,false
1942,GREEN_1,GREEN,GOBLIN,0,-3,11,11,33.00,12.00,false
1942,GREEN_2,GREEN,MAGE,1,-3,6,0,23.00,48.00,false
1942,BLUE_3,BLUE,ARCHER,-3,2,7,0,60.00,56.00,false
1942,BLUE_4,BLUE,SPIDER,0,2,11,11,0.00,0.00,false
1943,GREEN_1,GREEN,ARCHER,0,-2,7,7,108.00,0.00,false
1943,GREEN_2,GREEN,MAGE,2,-3,4,0,15.00,32.00,false
1943,GREEN_3,GREEN,SPIDER,1,-3,1,1,0.00,0.00,false
1943,BLUE_4,BLUE,SPIDER,0,3,13,0,0.00,64.00,false
1943,BLUE_5,BLUE,GOBLIN,-2,3,12,8,32.00,59.00,false
1944,GREEN_1,GREEN,ARCHER,0,-2,7,7,49.00,0.00,false
1944,GREEN_2,GREEN,MAGE,2,-3,4,0,27.00,32.00,false
1944,GREEN_3,GREEN,SPIDER,1,-3,1,1,0.00,0.00,false
1944,BLUE_4,BLUE,SPIDER,0,3,13,13,0.00,12.00,false
1944,BLUE_5,BLUE,GOBLIN,-2,3,12,6,32.00,64.00,false
1941,GREEN_1,GREEN,ARCHER,0,-2,8,7,86.00,38.00,true
1941,GREEN_2,GREEN,MAGE,2,-2,3,3,22.00,0.00,true
1941,GREEN_3,GREEN,GOBLIN,2,-3,2,2,0.00,0.00,true
1941,BLUE_4,BLUE,SPIDER,-1,3,15,0,38.00,60.00,false
1941,BLUE_5,BLUE,SPIDER,-3,3,8,0,0.00,32.00,false
1941,BLUE_6,BLUE,GOBLIN,-1,2,2,0,0.00,16.00,false
1942,GREEN_1,GREEN,ARCHER,0,-2,8,7,102.00,34.00,true
1942,GREEN_2,GREEN,MAGE,2,-2,3,3,6.00,0.00,true
1942,GREEN_3,GREEN,GOBLIN,2,-3,2,2,0.00,0.00,true
1942,BLUE_4,BLUE,SPIDER,-1,3,15,0,10.00,60.00,false
1942,BLUE_5,BLUE,SPIDER,-3,3,8,0,16.00,32.00,false
1942,BLUE_6,BLUE,GOBLIN,-1,2,2,0,8.00,16.00,false
1943,GREEN_1,GREEN,GOLEM,2,-2,4,2,89.00,82.00,true
1943,GREEN_2,GREEN,ASSASSIN,3,-2,4,0,18.00,32.00,true
1943,GREEN_3,GREEN,MAGE,0,-3,1,0,3.00,8.00,true
1943,BLUE_4,BLUE,ASSASSIN,-1,3,7,0,59.00,56.00,false
1943,BLUE_5,BLUE,SCORPION_RIDER,-3,3,3,0,63.00,54.00,false
1944,GREEN_1,GREEN,GOLEM,2,-2,4,2,89.00,82.00,true
1944,GREEN_2,GREEN,ASSASSIN,3,-2,4,0,18.00,32.00,true
1944,GREEN_3,GREEN,MAGE,0,-3,1,0,3.00,8.00,true
1944,BLUE_4,BLUE,ASSASSIN,-1,3,7,0,59.00,56.00,false
1944,BLUE_5,BLUE,SCORPION_RIDER,-3,3,3,0,63.00,54.00,false
1941,GREEN_1,GREEN,MAGE,-1,-2,7,7,0.00,0.00,false
1941,GREEN_2,GREEN,ASSASSIN,2,-3,3,0,12.00,24.00,false
1941,GREEN_3,GREEN,GOBLIN,2,-2,1,1,0.00,0.00,false
1941,BLUE_4,BLUE,SPIDER,-3,3,14,14,0.00,0.00,false
1941,BLUE_5,BLUE,SPIDER,-2,3,11,8,24.00,12.00,false
1942,GREEN_1,GREEN,MAGE,-1,-2,7,7,0.00,0.00,false
1942,GREEN_2,GREEN,ASSASSIN,2,-3,3,0,12.00,24.00,false
1942,GREEN_3,GREEN,GOBLIN,2,-2,1,1,0.00,0.00,false
1942,BLUE_4,BLUE,SPIDER,-3,3,14,14,0.00,0.00,false
1942,BLUE_5,BLUE,SPIDER,-2,3,11,8,24.00,12.00,false
1943,GREEN_1,GREEN,GOBLIN,-1,-2,12,12,0.00,0.00,false
1943,GREEN_2,GREEN,GOBLIN,2,-3,10,10,0.00,0.00,false
1943,GREEN_3,GREEN,MAGE,3,-2,1,1,6.00,0.00,false
1943,BLUE_4,BLUE,GOBLIN,-2,3,11,11,0.00,6.00,false
1943,BLUE_5,BLUE,SCORPION_RIDER,-2,2,5,5,0.00,0.00,false
1944,GREEN_1,GREEN,GOBLIN,-1,-2,12,12,0.00,0.00,false
1944,GREEN_2,GREEN,GOBLIN,2,-3,10,10,0.00,0.00,false
1944,GREEN_3,GREEN,MAGE,3,-2,1,1,12.00,0.00,false
1944,BLUE_4,BLUE,GOBLIN,-2,3,11,11,0.00,3.00,false
1944,BLUE_5,BLUE,SCORPION_RIDER,-2,2,5,5,0.00,9.00,false
2557,GREEN_1,GREEN,MAGE,3,-3,8,7,544.00,26.00,false
2557,GREEN_2,GREEN,GOLEM,0,-3,1,1,0.00,0.00,false
2557,GREEN_3,GREEN,ASSASSIN,2,-3,1,0,0.00,8.00,false
2557,BLUE_4,BLUE,SCORPION_RIDER,-3,3,5,5,8.00,504.00,false
2557,BLUE_5,BLUE,MAGE,-1,2,5,0,26.00,40.00,false
2558,GREEN_1,GREEN,MAGE,3,-3,8,7,544.00,26.00,false
2558,GREEN_2,GREEN,GOLEM,0,-3,1,1,0.00,0.00,false
2558,GREEN_3,GREEN,ASSASSIN,2,-3,1,0,0.00,8.00,false
2558,BLUE_4,BLUE,SCORPION_RIDER,-3,3,5,5,8.00,504.00,false
2558,BLUE_5,BLUE,MAGE,-1,2,5,0,26.00,40.00,false
2559,GREEN_1,GREEN,SPIDER,2,-2,13,0,12.00,52.00,false
2559,GREEN_2,GREEN,ARCHER,1,-3,3,0,14.00,24.00,false
2559,GREEN_3,GREEN,GOBLIN,0,-3,6,6,0.00,0.00,false
2559,BLUE_4,BLUE,MAGE,0,3,7,7,52.00,20.00,false
2559,BLUE_5,BLUE,ARCHER,-1,3,4,4,24.00,6.00,false
2560,GREEN_1,GREEN,SPIDER,2,-2,13,0,12.00,52.00,false
2560,GREEN_2,GREEN,ARCHER,1,-3,3,0,20.00,24.00,false
2560,GREEN_3,GREEN,GOBLIN,0,-3,6,6,0.00,0.00,false
2560,BLUE_4,BLUE,MAGE,0,3,7,7,44.00,20.00,false
2560,BLUE_5,BLUE,ARCHER,-1,3,4,3,32.00,12.00,false
2557,GREEN_1,GREEN,SPIDER,-1,-2,14,8,33.00,24.00,false
2557,GREEN_2,GREEN,MAGE,3,-2,4,0,19.00,32.00,false
2557,GREEN_3,GREEN,GOBLIN,2,-2,1,0,4.00,8.00,false
2557,BLUE_4,BLUE,ASSASSIN,-1,2,7,0,64.00,56.00,false
2557,BLUE_5,BLUE,GOLEM,0,3,2,2,0.00,0.00,false
2557,BLUE_6,BLUE,SPIDER,-3,3,2,2,0.00,0.00,false
2558,GREEN_1,GREEN,SPIDER,-1,-2,14,8,33.00,24.00,false
2558,GREEN_2,GREEN,MAGE,3,-2,4,0,19.00,32.00,false
2558,GREEN_3,GREEN,GOBLIN,2,-2,1,0,4.00,8.00,false
2558,BLUE_4,BLUE,ASSASSIN,-1,2,7,0,64.00,56.00,false
2558,BLUE_5,BLUE,GOLEM,0,3,2,2,0.00,0.00,false
2558,BLUE_6,BLUE,SPIDER,-3,3,2,2,0.00,0.00,false
2559,GREEN_1,GREEN,MAGE,0,-3,7,5,57.00,22.00,true
2559,GREEN_2,GREEN,GOBLIN,0,-2,7,6,35.00,26.00,true
2559,GREEN_3,GREEN,GOBLIN,2,-3,1,0,0.00,8.00,true
2559,BLUE_4,BLUE,SPIDER,-3,3,13,0,26.00,52.00,false
2559,BLUE_5,BLUE,MAGE,-1,3,4,0,27.00,32.00,false
2559,BLUE_6,BLUE,MAGE,-2,3,1,0,3.00,8.00,false
2560,GREEN_1,GREEN,MAGE,0,-3,7,5,70.00,22.00,true
2560,GREEN_2,GREEN,GOBLIN,0,-2,7,7,22.00,21.00,true
2560,GREEN_3,GREEN,GOBLIN,2,-3,1,0,0.00,8.00,true
2560,BLUE_4,BLUE,SPIDER,-3,3,13,0,18.00,52.00,false
2560,BLUE_5,BLUE,MAGE,-1,3,4,0,30.00,32.00,false
2560,BLUE_6,BLUE,MAGE,-2,3,1,0,3.00,8.00,false
2557,GREEN_1,GREEN,MAGE,3,-2,8,5,69.00,24.00,false
2557,GREEN_2,GREEN,SCORPION_RIDER,-1,-2,2,0,32.00,36.00,false
2557,GREEN_3,GREEN,GOBLIN,3,-3,1,0,3.00,8.00,false
2557,BLUE_4,BLUE,SPIDER,0,2,13,13,0.00,24.00,false
2557,BLUE_5,BLUE,SCORPION_RIDER,-2,2,4,0,68.00,72.00,false
2557,BLUE_6,BLUE,GOBLIN,-2,3,1,0,0.00,8.00,false
2558,GREEN_1,GREEN,MAGE,3,-2,8,5,69.00,24.00,false
2558,GREEN_2,GREEN,SCORPION_RIDER,-1,-2,2,0,32.00,36.00,false
2558,GREEN_3,GREEN,GOBLIN,3,-3,1,0,3.00,8.00,false
2558,BLUE_4,BLUE,SPIDER,0,2,13,13,0.00,24.00,false
2558,BLUE_5,BLUE,SCORPION_RIDER,-2,2,4,0,68.00,72.00,false
2558,BLUE_6,BLUE,GOBLIN,-2,3,1,0,0.00,8.00,false
2559,GREEN_1,GREEN,MAGE,0,-3,8,0,58.00,64.00,false
2559,GREEN_2,GREEN,SCORPION_RIDER,2,-2,2,0,11.00,36.00,false
2559,GREEN_3,GREEN,SPIDER,-1,-2,1,0,2.00,4.00,false
2559,BLUE_4,BLUE,GOBLIN,-3,2,12,12,52.00,15.00,true
2559,BLUE_5,BLUE,SPIDER,-1,2,10,0,46.00,40.00,true
2559,BLUE_6,BLUE,GARGOYLE,0,2,1,0,6.00,16.00,true
2560,GREEN_1,GREEN,MAGE,0,-3,8,0,58.00,64.00,false
2560,GREEN_2,GREEN,SCORPION_RIDER,2,-2,2,0,11.00,36.00,false
2560,GREEN_3,GREEN,SPIDER,-1,-2,1,0,2.00,4.00,false
2560,BLUE_4,BLUE,GOBLIN,-3,2,12,12,52.00,15.00,true
2560,BLUE_5,BLUE,SPIDER,-1,2,10,0,46.00,40.00,true
2560,BLUE_6,BLUE,GARGOYLE,0,2,1,0,6.00,16.00,true
3173,GREEN_1,GREEN,SCORPION_RIDER,0,-3,6,6,0.00,0.00,false
3173,GREEN_2,GREEN,GOBLIN,2,-3,8,8,0.00,0.00,false
3173,GREEN_3,GREEN,GOBLIN,1,-3,1,1,0.00,0.00,false
3173,BLUE_4,BLUE,GARGOYLE,-3,2,5,5,0.00,0.00,false
3173,BLUE_5,BLUE,SPIDER,-1,3,12,12,0.00,0.00,false
3173,BLUE_6,BLUE,GOBLIN,0,3,1,1,0.00,0.00,false
3174,GREEN_1,GREEN,SCORPION_RIDER,0,-3,6,6,0.00,0.00,false
3174,GREEN_2,GREEN,GOBLIN,2,-3,8,8,0.00,0.00,false
3174,GREEN_3,GREEN,GOBLIN,1,-3,1,1,0.00,0.00,false
3174,BLUE_4,BLUE,GARGOYLE,-3,2,5,5,0.00,0.00,false
3174,BLUE_5,BLUE,SPIDER,-1,3,12,12,0.00,0.00,false
3174,BLUE_6,BLUE,GOBLIN,0,3,1,1,0.00,0.00,false
3175,GREEN_1,GREEN,GOBLIN,1,-3,11,0,65.00,88.00,false
3175,GREEN_2,GREEN,ASSASSIN,0,-3,6,0,27.00,48.00,false
3175,BLUE_3,BLUE,GARGOYLE,-3,3,6,6,101.00,24.00,true
3175,BLUE_4,BLUE,GARGOYLE,0,3,4,0,35.00,64.00,true
3175,BLUE_5,BLUE,SPIDER,-1,3,1,0,0.00,4.00,true
3176,GREEN_1,GREEN,GOBLIN,1,-3,11,0,65.00,88.00,false
3176,GREEN_2,GREEN,ASSASSIN,0,-3,6,0,27.00,48.00,false
3176,BLUE_3,BLUE,GARGOYLE,-3,3,6,6,101.00,24.00,true
3176,BLUE_4,BLUE,GARGOYLE,0,3,4,0,35.00,64.00,true
3176,BLUE_5,BLUE,SPIDER,-1,3,1,0,0.00,4.00,true
3173,GREEN_1,GREEN,ASSASSIN,1,-3,7,0,48.00,56.00,false
3173,GREEN_2,GREEN,ASSASSIN,0,-2,3,0,18.00,24.00,false
3173,GREEN_3,GREEN,SPIDER,2,-3,1,0,2.00,4.00,false
3173,BLUE_4,BLUE,SPIDER,-2,3,16,4,60.00,50.00,true
3173,BLUE_5,BLUE,GOBLIN,-1,3,9,9,24.00,18.00,true
3174,GREEN_1,GREEN,ASSASSIN,1,-3,7,0,48.00,56.00,false
3174,GREEN_2,GREEN,ASSASSIN,0,-2,3,0,18.00,24.00,false
3174,GREEN_3,GREEN,SPIDER,2,-3,1,0,2.00,4.00,false
3174,BLUE_4,BLUE,SPIDER,-2,3,16,4,60.00,50.00,true
3174,BLUE_5,BLUE,GOBLIN,-1,3,9,9,24.00,18.00,true
3175,GREEN_1,GREEN,ASSASSIN,2,-2,8,0,36.00,64.00,false
3175,GREEN_2,GREEN,GARGOYLE,1,-3,2,2,0.00,0.00,false
3175,GREEN_3,GREEN,SPIDER,0,-3,1,1,0.00,0.00,false
3175,BLUE_4,BLUE,GARGOYLE,-3,3,6,6,46.00,0.00,false
3175,BLUE_5,BLUE,ASSASSIN,-1,3,4,0,18.00,32.00,false
3175,BLUE_6,BLUE,SPIDER,0,3,1,0,0.00,4.00,false
3176,GREEN_1,GREEN,ASSASSIN,2,-2,8,0,36.00,64.00,false
3176,GREEN_2,GREEN,GARGOYLE,1,-3,2,2,0.00,0.00,false
3176,GREEN_3,GREEN,SPIDER,0,-3,1,1,0.00,0.00,false
3176,BLUE_4,BLUE,GARGOYLE,-3,3,6,6,46.00,0.00,false
3176,BLUE_5,BLUE,ASSASSIN,-1,3,4,0,18.00,32.00,false
3176,BLUE_6,BLUE,SPIDER,0,3,1,0,0.00,4.00,false
3173,GREEN_1,GREEN,GOBLIN,2,-2,10,0,0.00,80.00,false
3173,GREEN_2,GREEN,MAGE,-1,-2,6,0,40.00,48.00,false
3173,GREEN_3,GREEN,GOBLIN,1,-3,1,0,0.00,8.00,false
3173,BLUE_4,BLUE,SPIDER,-1,2,15,15,0.00,15.00,true
3173,BLUE_5,BLUE,ARCHER,-3,3,5,3,136.00,25.00,true
3174,GREEN_1,GREEN,GOBLIN,2,-2,10,0,0.00,80.00,false
3174,GREEN_2,GREEN,MAGE,-1,-2,6,0,42.00,48.00,false
3174,GREEN_3,GREEN,GOBLIN,1,-3,1,0,0.00,8.00,false
3174,BLUE_4,BLUE,SPIDER,-1,2,15,15,0.00,15.00,true
3174,BLUE_5,BLUE,ARCHER,-3,3,5,3,136.00,27.00,true
3175,GREEN_1,GREEN,GOBLIN,0,-3,12,9,71.00,54.00,true
3175,GREEN_2,GREEN,SCORPION_RIDER,1,-3,4,0,56.00,72.00,true
3175,GREEN_3,GREEN,MAGE,3,-3,1,0,1.00,8.00,true
3175,BLUE_4,BLUE,ARCHER,-2,3,8,0,110.00,64.00,false
3175,BLUE_5,BLUE,GOBLIN,1,2,7,0,22.00,56.00,false
3175,BLUE_6,BLUE,SPIDER,-3,2,2,0,2.00,8.00,false
3176,GREEN_1,GREEN,GOBLIN,0,-3,12,9,71.00,54.00,true
3176,GREEN_2,GREEN,SCORPION_RIDER,1,-3,4,0,56.00,75.00,true
3176,GREEN_3,GREEN,MAGE,3,-3,1,0,1.00,8.00,true
3176,BLUE_4,BLUE,ARCHER,-2,3,8,0,113.00,64.00,false
3176,BLUE_5,BLUE,GOBLIN,1,2,7,0,22.00,56.00,false
3176,BLUE_6,BLUE,SPIDER,-3,2,2,0,2.00,8.00,false
3789,GREEN_1,GREEN,MAGE,3,-3,7,0,32.00,56.00,false
3789,GREEN_2,GREEN,SPIDER,2,-3,7,0,8.00,28.00,false
3789,GREEN_3,GREEN,GOBLIN,1,-2,1,0,4.00,8.00,false
3789,BLUE_4,BLUE,ASSASSIN,1,2,8,8,76.00,20.00,true
3789,BLUE_5,BLUE,ARCHER,-1,2,3,0,16.00,24.00,true
3790,GREEN_1,GREEN,MAGE,3,-3,7,0,32.00,56.00,false
3790,GREEN_2,GREEN,SPIDER,2,-3,7,0,8.00,28.00,false
3790,GREEN_3,GREEN,GOBLIN,1,-2,1,0,4.00,8.00,false
3790,BLUE_4,BLUE,ASSASSIN,1,2,8,8,76.00,20.00,true
3790,BLUE_5,BLUE,ARCHER,-1,2,3,0,16.00,24.00,true
3791,GREEN_1,GREEN,ASSASSIN,3,-3,7,0,38.00,56.00,false
3791,GREEN_2,GREEN,SPIDER,1,-3,8,8,0.00,0.00,false
3791,BLUE_3,BLUE,GARGOYLE,-1,2,5,5,14.00,0.00,false
3791,BLUE_4,BLUE,GOBLIN,-2,2,10,9,40.00,38.00,false
3791,BLUE_5,BLUE,GARGOYLE,-1,3,1,1,2.00,0.00,false
3791,BLUE_6,BLUE,SPIDER,-3,2,1,1,0.00,0.00,false
3792,GREEN_1,GREEN,ASSASSIN,3,-3,7,0,54.00,56.00,false
3792,GREEN_2,GREEN,SPIDER,1,-3,8,8,0.00,0.00,false
3792,BLUE_3,BLUE,GARGOYLE,-1,2,5,5,24.00,22.00,false
3792,BLUE_4,BLUE,GOBLIN,-2,2,10,9,30.00,32.00,false
3792,BLUE_5,BLUE,GARGOYLE,-1,3,1,1,2.00,0.00,false
3792,BLUE_6,BLUE,SPIDER,-3,2,1,1,0.00,0.00,false
3789,GREEN_1,GREEN,ASSASSIN,2,-2,8,0,52.00,64.00,false
3789,GREEN_2,GREEN,ARCHER,1,-3,3,0,26.00,24.00,false
3789,BLUE_3,BLUE,GOBLIN,0,2,11,5,88.00,70.00,true
3789,BLUE_4,BLUE,GOBLIN,-1,3,12,12,0.00,0.00,true
3789,BLUE_5,BLUE,SPIDER,-2,3,2,0,0.00,8.00,true
3790,GREEN_1,GREEN,ASSASSIN,2,-2,8,0,52.00,64.00,false
3790,GREEN_2,GREEN,ARCHER,1,-3,3,0,26.00,24.00,false
3790,BLUE_3,BLUE,GOBLIN,0,2,11,5,88.00,70.00,true
3790,BLUE_4,BLUE,GOBLIN,-1,3,12,12,0.00,0.00,true
3790,BLUE_5,BLUE,SPIDER,-2,3,2,0,0.00,8.00,true
3791,GREEN_1,GREEN,ASSASSIN,3,-3,7,0,74.00,56.00,false
3791,GREEN_2,GREEN,GARGOYLE,2,-3,3,3,0.00,0.00,false
3791,GREEN_3,GREEN,SPIDER,-1,-2,1,1,0.00,0.00,false
3791,BLUE_4,BLUE,GOLEM,1,2,4,3,47.00,68.00,false
3791,BLUE_5,BLUE,GARGOYLE,-2,3,4,4,7.00,0.00,false
3791,BLUE_6,BLUE,MAGE,-3,3,1,1,2.00,6.00,false
3792,GREEN_1,GREEN,ASSASSIN,3,-3,7,0,74.00,56.00,false
3792,GREEN_2,GREEN,GARGOYLE,2,-3,3,3,0.00,0.00,false
3792,GREEN_3,GREEN,SPIDER,-1,-2,1,1,0.00,0.00,false
3792,BLUE_4,BLUE,GOLEM,1,2,4,3,47.00,68.00,false
3792,BLUE_5,BLUE,GARGOYLE,-2,3,4,4,7.00,0.00,false
3792,BLUE_6,BLUE,MAGE,-3,3,1,1,2.00,6.00,false
3789,GREEN_1,GREEN,SCORPION_RIDER,1,-3,6,0,91.00,116.00,false
3789,GREEN_2,GREEN,GARGOYLE,-1,-2,3,0,12.00,48.00,false
3789,GREEN_3,GREEN,SPIDER,2,-3,2,0,0.00,8.00,false
3789,BLUE_4,BLUE,GARGOYLE,-1,2,5,5,94.00,23.00,true
3789,BLUE_5,BLUE,GARGOYLE,-3,2,5,0,78.00,80.00,true
3789,BLUE_6,BLUE,GOBLIN,-3,3,1,1,0.00,0.00,true
3790,GREEN_1,GREEN,SCORPION_RIDER,1,-3,6,0,48.00,110.00,false
3790,GREEN_2,GREEN,GARGOYLE,-1,-2,3,0,5.00,48.00,false
3790,GREEN_3,GREEN,SPIDER,2,-3,2,0,2.00,8.00,false
3790,BLUE_4,BLUE,GARGOYLE,-1,2,5,5,56.00,2.00,true
3790,BLUE_5,BLUE,GARGOYLE,-3,2,5,4,110.00,53.00,true
3790,BLUE_6,BLUE,GOBLIN,-3,3,1,1,0.00,0.00,true
3791,GREEN_1,GREEN,SCORPION_RIDER,1,-2,1,0,0.00,18.00,false
3791,GREEN_2,GREEN,ASSASSIN,1,-3,7,0,46.00,56.00,false
3791,GREEN_3,GREEN,MAGE,-1,-2,2,0,8.00,16.00,false
3791,GREEN_4,GREEN,GOBLIN,3,-3,1,0,0.00,8.00,false
3791,BLUE_5,BLUE,MAGE,-1,3,8,8,62.00,6.00,true
3791,BLUE_6,BLUE,GOBLIN,-1,2,6,0,36.00,48.00,true
3792,GREEN_1,GREEN,SCORPION_RIDER,1,-2,1,0,0.00,18.00,false
3792,GREEN_2,GREEN,ASSASSIN,1,-3,7,0,46.00,56.00,false
3792,GREEN_3,GREEN,MAGE,-1,-2,2,0,8.00,16.00,false
3792,GREEN_4,GREEN,GOBLIN,3,-3,1,0,0.00,8.00,false
3792,BLUE_5,BLUE,MAGE,-1,3,8,8,62.00,6.00,true
3792,BLUE_6,BLUE,GOBLIN,-1,2,6,0,36.00,48.00,true
4405,GREEN_1,GREEN,SCORPION_RIDER,3,-3,5,5,0.00,24.00,false
4405,GREEN_2,GREEN,GOLEM,2,-3,3,3,0.00,3.00,false
4405,GREEN_3,GREEN,GOBLIN,1,-3,1,0,8.00,12.00,false
4405,BLUE_4,BLUE,SPIDER,-1,2,13,13,0.00,0.00,false
4405,BLUE_5,BLUE,MAGE,-2,3,4,4,33.00,0.00,false
4405,BLUE_6,BLUE,ASSASSIN,-3,3,1,0,6.00,8.00,false
4406,GREEN_1,GREEN,SCORPION_RIDER,3,-3,5,5,0.00,24.00,false
4406,GREEN_2,GREEN,GOLEM,2,-3,3,3,0.00,3.00,false
4406,GREEN_3,GREEN,GOBLIN,1,-3,1,0,8.00,12.00,false
4406,BLUE_4,BLUE,SPIDER,-1,2,13,13,0.00,0.00,false
4406,BLUE_5,BLUE,MAGE,-2,3,4,4,33.00,0.00,false
4406,BLUE_6,BLUE,ASSASSIN,-3,3,1,0,6.00,8.00,false
4407,GREEN_1,GREEN,SPIDER,2,-3,13,13,0.00,0.00,false
4407,GREEN_2,GREEN,GOLEM,0,-3,3,3,0.00,0.00,false
4407,GREEN_3,GREEN,GOBLIN,-1,-2,2,2,0.00,0.00,false
4407,BLUE_4,BLUE,GOLEM,-3,3,4,4,0.00,0.00,false
4407,BLUE_5,BLUE,GOLEM,-1,3,3,3,0.00,0.00,false
4407,BLUE_6,BLUE,GOBLIN,-3,2,1,1,0.00,0.00,false
4408,GREEN_1,GREEN,SPIDER,2,-3,13,13,0.00,0.00,false
4408,GREEN_2,GREEN,GOLEM,0,-3,3,3,0.00,0.00,false
4408,GREEN_3,GREEN,GOBLIN,-1,-2,2,2,0.00,0.00,false
4408,BLUE_4,BLUE,GOLEM,-3,3,4,4,0.00,0.00,false
4408,BLUE_5,BLUE,GOLEM,-1,3,3,3,0.00,0.00,false
4408,BLUE_6,BLUE,GOBLIN,-3,2,1,1,0.00,0.00,false
4405,GREEN_1,GREEN,ARCHER,0,-2,7,4,40.00,36.00,false
4405,GREEN_2,GREEN,SPIDER,2,-3,9,0,16.00,36.00,false
4405,GREEN_3,GREEN,ARCHER,1,-3,1,1,0.00,0.00,false
4405,BLUE_4,BLUE,GOLEM,-3,3,3,3,0.00,0.00,false
4405,BLUE_5,BLUE,ARCHER,-1,3,7,0,72.00,56.00,false
4405,BLUE_6,BLUE,SPIDER,-2,2,1,1,0.00,0.00,false
4406,GREEN_1,GREEN,ARCHER,0,-2,7,4,40.00,36.00,false
4406,GREEN_2,GREEN,SPIDER,2,-3,9,0,16.00,36.00,false
4406,GREEN_3,GREEN,ARCHER,1,-3,1,1,0.00,0.00,false
4406,BLUE_4,BLUE,GOLEM,-3,3,3,3,0.00,0.00,false
4406,BLUE_5,BLUE,ARCHER,-1,3,7,0,72.00,56.00,false
4406,BLUE_6,BLUE,SPIDER,-2,2,1,1,0.00,0.00,false
4407,GREEN_1,GREEN,ARCHER,-1,-2,7,7,0.00,0.00,false
4407,GREEN_2,GREEN,ASSASSIN,2,-3,4,0,12.00,32.00,false
4407,GREEN_3,GREEN,SPIDER,1,-3,1,0,0.00,4.00,false
4407,BLUE_4,BLUE,MAGE,0,3,7,7,12.00,0.00,false
4407,BLUE_5,BLUE,SCORPION_RIDER,0,2,3,3,24.00,12.00,false
4408,GREEN_1,GREEN,ARCHER,-1,-2,7,0,82.00,56.00,false
4408,GREEN_2,GREEN,ASSASSIN,2,-3,4,0,12.00,32.00,false
4408,GREEN_3,GREEN,SPIDER,1,-3,1,0,0.00,4.00,false
4408,BLUE_4,BLUE,MAGE,0,3,7,3,52.00,40.00,true
4408,BLUE_5,BLUE,SCORPION_RIDER,0,2,3,0,40.00,54.00,true
4405,GREEN_1,GREEN,GARGOYLE,1,-3,5,4,31.00,24.00,true
4405,GREEN_2,GREEN,SCORPION_RIDER,2,-2,5,5,57.00,22.00,true
4405,BLUE_3,BLUE,ASSASSIN,-3,2,7,0,42.00,56.00,false
4405,BLUE_4,BLUE,ARCHER,-1,2,4,0,4.00,32.00,false
4406,GREEN_1,GREEN,GARGOYLE,1,-3,5,4,31.00,24.00,true
4406,GREEN_2,GREEN,SCORPION_RIDER,2,-2,5,5,57.00,44.00,true
4406,BLUE_3,BLUE,ASSASSIN,-3,2,7,0,48.00,56.00,false
4406,BLUE_4,BLUE,ARCHER,-1,2,4,0,20.00,32.00,false
4407,GREEN_1,GREEN,ARCHER,0,-3,2,2,2.00,0.00,false
4407,GREEN_2,GREEN,GOLEM,-1,-2,4,4,0.00,0.00,false
4407,GREEN_3,GREEN,ASSASSIN,3,-2,3,0,0.00,24.00,false
4407,BLUE_4,BLUE,GOLEM,-3,3,4,4,0.00,2.00,false
4407,BLUE_5,BLUE,GARGOYLE,-2,3,5,5,24.00,0.00,false
4408,GREEN_1,GREEN,ARCHER,0,-3,2,2,2.00,0.00,false
4408,GREEN_2,GREEN,GOLEM,-1,-2,4,4,0.00,0.00,false
4408,GREEN_3,GREEN,ASSASSIN,3,-2,3,0,0.00,24.00,false
4408,BLUE_4,BLUE,GOLEM,-3,3,4,4,0.00,2.00,false
4408,BLUE_5,BLUE,GARGOYLE,-2,3,5,5,24.00,0.00,false
5021,GREEN_1,GREEN,SCORPION_RIDER,0,-3,5,0,114.00,90.00,false
5021,GREEN_2,GREEN,MAGE,0,-2,5,0,20.00,40.00,false
5021,BLUE_3,BLUE,SCORPION_RIDER,-1,3,5,0,90.00,90.00,true
5021,BLUE_4,BLUE,GOLEM,-2,3,3,3,40.00,44.00,true
5021,BLUE_5,BLUE,GOBLIN,-2,2,1,1,0.00,0.00,true
5022,GREEN_1,GREEN,SCORPION_RIDER,0,-3,5,0,114.00,90.00,false
5022,GREEN_2,GREEN,MAGE,0,-2,5,0,20.00,40.00,false
5022,BLUE_3,BLUE,SCORPION_RIDER,-1,3,5,0,90.00,90.00,true
5022,BLUE_4,BLUE,GOLEM,-2,3,3,3,40.00,44.00,true
5022,BLUE_5,BLUE,GOBLIN,-2,2,1,1,0.00,0.00,true
5023,GREEN_1,GREEN,SPIDER,0,-3,14,14,0.00,0.00,false
5023,GREEN_2,GREEN,GARGOYLE,1,-3,4,4,0.00,0.00,false
5023,GREEN_3,GREEN,SPIDER,3,-3,1,1,0.00,0.00,false
5023,BLUE_4,BLUE,GOBLIN,-1,3,11,11,0.00,0.00,false
5023,BLUE_5,BLUE,SCORPION_RIDER,-2,2,4,4,0.00,0.00,false
5023,BLUE_6,BLUE,SCORPION_RIDER,-3,3,1,1,0.00,0.00,false
5024,GREEN_1,GREEN,SPIDER,0,-3,14,14,0.00,0.00,false
5024,GREEN_2,GREEN,GARGOYLE,1,-3,4,4,0.00,0.00,false
5024,GREEN_3,GREEN,SPIDER,3,-3,1,1,0.00,0.00,false
5024,BLUE_4,BLUE,GOBLIN,-1,3,11,11,0.00,0.00,false
5024,BLUE_5,BLUE,SCORPION_RIDER,-2,2,4,4,0.00,0.00,false
5024,BLUE_6,BLUE,SCORPION_RIDER,-3,3,1,1,0.00,0.00,false
5021,GREEN_1,GREEN,SCORPION_RIDER,1,-3,6,6,64.00,12.00,true
5021,GREEN_2,GREEN,ASSASSIN,0,-3,3,3,12.00,4.00,true
5021,GREEN_3,GREEN,GOBLIN,3,-3,2,0,12.00,16.00,true
5021,BLUE_4,BLUE,MAGE,0,2,8,0,12.00,64.00,false
5021,BLUE_5,BLUE,ASSASSIN,-3,2,2,0,16.00,16.00,false
5021,BLUE_6,BLUE,GOBLIN,-2,2,1,0,4.00,8.00,false
5022,GREEN_1,GREEN,SCORPION_RIDER,1,-3,6,6,64.00,12.00,true
5022,GREEN_2,GREEN,ASSASSIN,0,-3,3,3,12.00,4.00,true
5022,GREEN_3,GREEN,GOBLIN,3,-3,2,0,12.00,16.00,true
5022,BLUE_4,BLUE,MAGE,0,2,8,0,12.00,64.00,false
5022,BLUE_5,BLUE,ASSASSIN,-3,2,2,0,16.00,16.00,false
5022,BLUE_6,BLUE,GOBLIN,-2,2,1,0,4.00,8.00,false
5023,GREEN_1,GREEN,SPIDER,2,-3,14,7,96.00,40.00,false
5023,GREEN_2,GREEN,MAGE,0,-2,4,4,20.00,0.00,false
5023,GREEN_3,GREEN,GOBLIN,2,-2,1,0,4.00,8.00,false
5023,BLUE_4,BLUE,GARGOYLE,-1,3,5,0,40.00,80.00,false
5023,BLUE_5,BLUE,ASSASSIN,-2,3,5,0,8.00,40.00,false
5023,BLUE_6,BLUE,SPIDER,-3,3,1,1,0.00,0.00,false
5024,GREEN_1,GREEN,SPIDER,2,-3,14,7,96.00,40.00,false
5024,GREEN_2,GREEN,MAGE,0,-2,4,4,20.00,0.00,false
5024,GREEN_3,GREEN,GOBLIN,2,-2,1,0,4.00,8.00,false
5024,BLUE_4,BLUE,GARGOYLE,-1,3,5,0,40.00,80.00,false
5024,BLUE_5,BLUE,ASSASSIN,-2,3,5,0,8.00,40.00,false
5024,BLUE_6,BLUE,SPIDER,-3,3,1,1,0.00,0.00,false
5021,GREEN_1,GREEN,ASSASSIN,0,-3,8,0,56.00,64.00,false
5021,GREEN_2,GREEN,ARCHER,3,-2,3,3,0.00,0.00,false
5021,BLUE_3,BLUE,SCORPION_RIDER,-3,3,5,5,24.00,18.00,false
5021,BLUE_4,BLUE,GOBLIN,-2,3,11,10,40.00,38.00,false
5022,GREEN_1,GREEN,ASSASSIN,0,-3,8,0,56.00,64.00,false
5022,GREEN_2,GREEN,ARCHER,3,-2,3,3,0.00,0.00,false
5022,BLUE_3,BLUE,SCORPION_RIDER,-3,3,5,5,24.00,18.00,false
5022,BLUE_4,BLUE,GOBLIN,-2,3,11,10,40.00,38.00,false
5023,GREEN_1,GREEN,SCORPION_RIDER,-1,-2,5,5,0.00,0.00,false
5023,GREEN_2,GREEN,SPIDER,1,-3,10,10,0.00,0.00,false
5023,GREEN_3,GREEN,GOBLIN,2,-3,1,1,0.00,0.00,false
5023,BLUE_4,BLUE,GARGOYLE,-1,3,5,5,0.00,0.00,false
5023,BLUE_5,BLUE,GARGOYLE,-2,3,5,5,0.00,0.00,false
5023,BLUE_6,BLUE,SPIDER,-3,3,1,1,0.00,0.00,false
5024,GREEN_1,GREEN,SCORPION_RIDER,-1,-2,5,5,0.00,0.00,false
5024,GREEN_2,GREEN,SPIDER,1,-3,10,10,0.00,0.00,false
5024,GREEN_3,GREEN,GOBLIN,2,-3,1,1,0.00,0.00,false
5024,BLUE_4,BLUE,GARGOYLE,-1,3,5,5,0.00,0.00,false
5024,BLUE_5,BLUE,GARGOYLE,-2,3,5,5,0.00,0.00,false
5024,BLUE_6,BLUE,SPIDER,-3,3,1,1,0.00,0.00,false
5637,GREEN_1,GREEN,GARGOYLE,0,-3,5,5,0.00,0.00,false
5637,GREEN_2,GREEN,GARGOYLE,0,-2,5,5,0.00,0.00,false
5637,GREEN_3,GREEN,GOBLIN,1,-2,1,1,0.00,0.00,false
5637,BLUE_4,BLUE,SCORPION_RIDER,0,3,5,5,0.00,0.00,false
5637,BLUE_5,BLUE,GOLEM,0,2,3,3,0.00,0.00,false
5637,BLUE_6,BLUE,SPIDER,-1,3,1,1,0.00,0.00,false
5638,GREEN_1,GREEN,GARGOYLE,0,-3,5,5,0.00,0.00,false
5638,GREEN_2,GREEN,GARGOYLE,0,-2,5,5,0.00,0.00,false
5638,GREEN_3,GREEN,GOBLIN,1,-2,1,1,0.00,0.00,false
5638,BLUE_4,BLUE,SCORPION_RIDER,0,3,5,5,0.00,0.00,false
5638,BLUE_5,BLUE,GOLEM,0,2,3,3,0.00,0.00,false
5638,BLUE_6,BLUE,SPIDER,-1,3,1,1,0.00,0.00,false
5639,GREEN_1,GREEN,GOLEM,1,-3,4,0,79.00,104.00,false
5639,GREEN_2,GREEN,SCORPION_RIDER,3,-3,4,0,31.00,72.00,false
5639,GREEN_3,GREEN,SPIDER,2,-3,1,1,0.00,0.00,false
5639,BLUE_4,BLUE,GARGOYLE,-2,3,6,6,135.00,57.00,false
5639,BLUE_5,BLUE,SCORPION_RIDER,-1,3,4,3,41.00,53.00,false
5640,GREEN_1,GREEN,GOLEM,1,-3,4,0,79.00,104.00,false
5640,GREEN_2,GREEN,SCORPION_RIDER,3,-3,4,0,31.00,72.00,false
5640,GREEN_3,GREEN,SPIDER,2,-3,1,1,0.00,0.00,false
5640,BLUE_4,BLUE,GARGOYLE,-2,3,6,6,135.00,57.00,false
5640,BLUE_5,BLUE,SCORPION_RIDER,-1,3,4,3,41.00,53.00,false
5637,GREEN_1,GREEN,GOLEM,0,-3,4,0,60.00,104.00,false
5637,GREEN_2,GREEN,SPIDER,1,-2,10,0,22.00,40.00,false
5637,GREEN_3,GREEN,SPIDER,-1,-2,1,0,2.00,4.00,false
5637,BLUE_4,BLUE,SPIDER,-3,3,16,6,132.00,48.00,true
5637,BLUE_5,BLUE,SPIDER,0,2,7,0,16.00,28.00,true
5637,BLUE_6,BLUE,SPIDER,-1,2,2,0,0.00,8.00,true
5638,GREEN_1,GREEN,GOLEM,0,-3,4,0,60.00,104.00,false
5638,GREEN_2,GREEN,SPIDER,1,-2,10,0,22.00,40.00,false
5638,GREEN_3,GREEN,SPIDER,-1,-2,1,0,2.00,4.00,false
5638,BLUE_4,BLUE,SPIDER,-3,3,16,6,132.00,48.00,true
5638,BLUE_5,BLUE,SPIDER,0,2,7,0,16.00,28.00,true
5638,BLUE_6,BLUE,SPIDER,-1,2,2,0,0.00,8.00,true
5639,GREEN_1,GREEN,GARGOYLE,3,-3,5,5,0.00,3.00,false
5639,GREEN_2,GREEN,ARCHER,1,-3,5,0,56.00,40.00,false
5639,GREEN_3,GREEN,SPIDER,0,-3,3,3,0.00,0.00,false
5639,BLUE_4,BLUE,MAGE,-2,3,7,5,23.00,24.00,false
5639,BLUE_5,BLUE,ARCHER,-1,3,4,0,20.00,32.00,false
5640,GREEN_1,GREEN,GARGOYLE,3,-3,5,5,0.00,3.00,false
5640,GREEN_2,GREEN,ARCHER,1,-3,5,0,56.00,40.00,false
5640,GREEN_3,GREEN,SPIDER,0,-3,3,3,0.00,0.00,false
5640,BLUE_4,BLUE,MAGE,-2,3,7,5,23.00,24.00,false
5640,BLUE_5,BLUE,ARCHER,-1,3,4,0,20.00,32.00,false
5637,GREEN_1,GREEN,GARGOYLE,2,-2,5,0,37.00,80.00,false
5637,GREEN_2,GREEN,GARGOYLE,3,-2,3,0,6.00,48.00,false
5637,GREEN_3,GREEN,SPIDER,3,-3,6,0,0.00,24.00,false
5637,BLUE_4,BLUE,ARCHER,1,2,8,7,143.00,11.00,true
5637,BLUE_5,BLUE,MAGE,0,2,3,0,9.00,24.00,true
5637,BLUE_6,BLUE,SPIDER,-1,3,2,0,0.00,8.00,true
5638,GREEN_1,GREEN,GARGOYLE,2,-2,5,3,18.00,60.00,false
5638,GREEN_2,GREEN,GARGOYLE,3,-2,3,0,6.00,48.00,false
5638,GREEN_3,GREEN,SPIDER,3,-3,6,0,0.00,24.00,false
5638,BLUE_4,BLUE,ARCHER,1,2,8,8,123.00,0.00,false
5638,BLUE_5,BLUE,MAGE,0,2,3,0,9.00,24.00,false
5638,BLUE_6,BLUE,SPIDER,-1,3,2,2,0.00,0.00,false
5639,GREEN_1,GREEN,GARGOYLE,-1,-2,6,3,98.00,69.00,true
5639,GREEN_2,GREEN,GOLEM,0,-3,3,3,0.00,0.00,true
5639,GREEN_3,GREEN,GOBLIN,3,-3,1,1,0.00,3.00,true
5639,BLUE_4,BLUE,ASSASSIN,1,2,8,0,58.00,64.00,false
5639,BLUE_5,BLUE,MAGE,-2,2,1,0,3.00,8.00,false
5639,BLUE_6,BLUE,GOLEM,-1,3,1,0,11.00,26.00,false
5640,GREEN_1,GREEN,GARGOYLE,-1,-2,6,3,98.00,69.00,true
5640,GREEN_2,GREEN,GOLEM,0,-3,3,3,0.00,0.00,true
5640,GREEN_3,GREEN,GOBLIN,3,-3,1,1,0.00,3.00,true
5640,BLUE_4,BLUE,ASSASSIN,1,2,8,0,58.00,64.00,false
5640,BLUE_5,BLUE,MAGE,-2,2,1,0,3.00,8.00,false
5640,BLUE_6,BLUE,GOLEM,-1,3,1,0,11.00,26.00,false
6253,GREEN_1,GREEN,ASSASSIN,2,-2,7,0,14.00,56.00,false
6253,GREEN_2,GREEN,ASSASSIN,3,-2,3,0,18.00,24.00,false
6253,GREEN_3,GREEN,GOBLIN,3,-3,1,0,0.00,8.00,false
6253,BLUE_4,BLUE,ARCHER,1,2,8,8,84.00,18.00,true
6253,BLUE_5,BLUE,GOBLIN,-2,3,7,7,0.00,0.00,true
6253,BLUE_6,BLUE,GOBLIN,-1,3,2,1,4.00,14.00,true
6254,GREEN_1,GREEN,ASSASSIN,2,-2,7,0,14.00,56.00,false
6254,GREEN_2,GREEN,ASSASSIN,3,-2,3,0,18.00,24.00,false
6254,GREEN_3,GREEN,GOBLIN,3,-3,1,0,0.00,8.00,false
6254,BLUE_4,BLUE,ARCHER,1,2,8,8,84.00,18.00,true
6254,BLUE_5,BLUE,GOBLIN,-2,3,7,7,0.00,0.00,true
6254,BLUE_6,BLUE,GOBLIN,-1,3,2,1,4.00,14.00,true
6255,GREEN_1,GREEN,GARGOYLE,2,-3,5,5,0.00,0.00,false
6255,GREEN_2,GREEN,MAGE,1,-3,5,5,0.00,0.00,false
6255,GREEN_3,GREEN,SPIDER,0,-3,1,1,0.00,0.00,false
6255,BLUE_4,BLUE,GARGOYLE,-1,3,6,6,0.00,0.00,false
6255,BLUE_5,BLUE,SPIDER,-3,3,9,9,0.00,0.00,false
6255,BLUE_6,BLUE,ARCHER,-2,3,1,1,0.00,0.00,false
6256,GREEN_1,GREEN,GARGOYLE,2,-3,5,5,0.00,0.00,false
6256,GREEN_2,GREEN,MAGE,1,-3,5,5,0.00,0.00,false
6256,GREEN_3,GREEN,SPIDER,0,-3,1,1,0.00,0.00,false
6256,BLUE_4,BLUE,GARGOYLE,-1,3,6,6,0.00,0.00,false
6256,BLUE_5,BLUE,SPIDER,-3,3,9,9,0.00,0.00,false
6256,BLUE_6,BLUE,ARCHER,-2,3,1,1,0.00,0.00,false
6253,GREEN_1,GREEN,GARGOYLE,3,-2,6,0,68.00,96.00,true
6253,GREEN_2,GREEN,SPIDER,3,-3,11,5,20.00,35.00,true
6253,BLUE_3,BLUE,MAGE,0,3,8,0,119.00,64.00,false
6253,BLUE_4,BLUE,SPIDER,-2,3,5,0,12.00,20.00,false
6253,BLUE_5,BLUE,SPIDER,-3,3,1,0,0.00,4.00,false
6254,GREEN_1,GREEN,GARGOYLE,3,-2,6,0,68.00,96.00,true
6254,GREEN_2,GREEN,SPIDER,3,-3,11,5,20.00,35.00,true
6254,BLUE_3,BLUE,MAGE,0,3,8,0,119.00,64.00,false
6254,BLUE_4,BLUE,SPIDER,-2,3,5,0,12.00,20.00,false
6254,BLUE_5,BLUE,SPIDER,-3,3,1,0,0.00,4.00,false
6255,GREEN_1,GREEN,ARCHER,2,-3,7,2,76.00,48.00,true
6255,GREEN_2,GREEN,SPIDER,2,-2,10,4,52.00,24.00,true
6255,GREEN_3,GREEN,SPIDER,0,-2,1,0,0.00,4.00,true
6255,BLUE_4,BLUE,ARCHER,-2,2,7,0,52.00,56.00,false
6255,BLUE_5,BLUE,SCORPION_RIDER,-1,3,4,0,24.00,72.00,false
6256,GREEN_1,GREEN,ARCHER,2,-3,7,2,76.00,48.00,true
6256,GREEN_2,GREEN,SPIDER,2,-2,10,4,52.00,24.00,true
6256,GREEN_3,GREEN,SPIDER,0,-2,1,0,0.00,4.00,true
6256,BLUE_4,BLUE,ARCHER,-2,2,7,0,52.00,56.00,false
6256,BLUE_5,BLUE,SCORPION_RIDER,-1,3,4,0,24.00,72.00,false
6253,GREEN_1,GREEN,ARCHER,-1,-2,8,0,76.00,64.00,true
6253,GREEN_2,GREEN,GOLEM,1,-3,2,2,18.00,12.00,true
6253,GREEN_3,GREEN,ASSASSIN,0,-3,1,0,6.00,8.00,true
6253,BLUE_4,BLUE,SPIDER,-3,3,16,0,82.00,64.00,false
6253,BLUE_5,BLUE,SPIDER,0,2,7,0,0.00,28.00,false
6253,BLUE_6,BLUE,ARCHER,-3,2,1,0,2.00,8.00,false
6254,GREEN_1,GREEN,ARCHER,-1,-2,8,6,94.00,40.00,true
6254,GREEN_2,GREEN,GOLEM,1,-3,2,2,0.00,0.00,true
6254,GREEN_3,GREEN,ASSASSIN,0,-3,1,0,6.00,8.00,true
6254,BLUE_4,BLUE,SPIDER,-3,3,16,0,46.00,64.00,false
6254,BLUE_5,BLUE,SPIDER,0,2,7,0,0.00,28.00,false
6254,BLUE_6,BLUE,ARCHER,-3,2,1,0,2.00,8.00,false
6255,GREEN_1,GREEN,ASSASSIN,1,-2,3,0,12.00,24.00,false
6255,GREEN_2,GREEN,SPIDER,2,-2,15,5,49.00,40.00,false
6255,GREEN_3,GREEN,GARGOYLE,2,-3,1,0,3.00,16.00,false
6255,BLUE_4,BLUE,ASSASSIN,-1,2,8,0,56.00,64.00,false
6255,BLUE_5,BLUE,ARCHER,-1,3,3,3,24.00,0.00,false
6256,GREEN_1,GREEN,ASSASSIN,1,-2,3,0,12.00,24.00,false
6256,GREEN_2,GREEN,SPIDER,2,-2,15,12,49.00,12.00,false
6256,GREEN_3,GREEN,GARGOYLE,2,-3,1,0,3.00,16.00,false
6256,BLUE_4,BLUE,ASSASSIN,-1,2,8,0,40.00,64.00,false
6256,BLUE_5,BLUE,ARCHER,-1,3,3,3,12.00,0.00,false
6869,GREEN_1,GREEN,MAGE,0,-3,8,0,51.00,64.00,false
6869,GREEN_2,GREEN,SPIDER,3,-3,6,0,0.00,24.00,false
6869,BLUE_3,BLUE,GOLEM,1,2,2,2,11.00,12.00,true
6869,BLUE_4,BLUE,ARCHER,0,2,8,6,77.00,31.00,true
6869,BLUE_5,BLUE,ASSASSIN,-3,3,1,0,0.00,8.00,true
6870,GREEN_1,GREEN,MAGE,0,-3,8,0,51.00,64.00,false
6870,GREEN_2,GREEN,SPIDER,3,-3,6,0,0.00,24.00,false
6870,BLUE_3,BLUE,GOLEM,1,2,2,2,11.00,12.00,true
6870,BLUE_4,BLUE,ARCHER,0,2,8,6,77.00,31.00,true
6870,BLUE_5,BLUE,ASSASSIN,-3,3,1,0,0.00,8.00,true
6871,GREEN_1,GREEN,GARGOYLE,0,-2,5,0,93.00,80.00,false
6871,GREEN_2,GREEN,GOLEM,3,-3,4,4,45.00,33.00,false
6871,BLUE_3,BLUE,SCORPION_RIDER,1,2,5,2,96.00,82.00,false
6871,BLUE_4,BLUE,ARCHER,-2,3,4,0,17.00,32.00,false
6871,BLUE_5,BLUE,GOBLIN,0,3,3,0,0.00,24.00,false
6872,GREEN_1,GREEN,GARGOYLE,0,-2,5,0,93.00,80.00,false
6872,GREEN_2,GREEN,GOLEM,3,-3,4,4,45.00,33.00,false
6872,BLUE_3,BLUE,SCORPION_RIDER,1,2,5,2,96.00,82.00,false
6872,BLUE_4,BLUE,ARCHER,-2,3,4,0,17.00,32.00,false
6872,BLUE_5,BLUE,GOBLIN,0,3,3,0,0.00,24.00,false
6869,GREEN_1,GREEN,GOBLIN,1,-2,11,11,0.00,12.00,false
6869,GREEN_2,GREEN,SPIDER,1,-3,14,0,90.00,62.00,false
6869,BLUE_3,BLUE,SCORPION_RIDER,-3,2,5,0,33.00,90.00,false
6869,BLUE_4,BLUE,MAGE,-1,3,2,2,41.00,0.00,false
6869,BLUE_5,BLUE,GARGOYLE,-3,3,3,3,0.00,0.00,false
6870,GREEN_1,GREEN,GOBLIN,1,-2,11,0,48.00,88.00,false
6870,GREEN_2,GREEN,SPIDER,1,-3,14,0,30.00,68.00,false
6870,BLUE_3,BLUE,SCORPION_RIDER,-3,2,5,4,104.00,78.00,true
6870,BLUE_4,BLUE,MAGE,-1,3,2,2,52.00,0.00,true
6870,BLUE_5,BLUE,GARGOYLE,-3,3,3,3,0.00,0.00,true
6871,GREEN_1,GREEN,SPIDER,2,-3,16,0,144.00,64.00,false
6871,GREEN_2,GREEN,ASSASSIN,0,-3,3,0,10.00,24.00,false
6871,GREEN_3,GREEN,SPIDER,3,-3,2,0,2.00,8.00,false
6871,BLUE_4,BLUE,SCORPION_RIDER,-2,2,5,0,28.00,90.00,true
6871,BLUE_5,BLUE,SCORPION_RIDER,0,2,4,2,68.00,62.00,true
6871,BLUE_6,BLUE,SPIDER,0,3,1,0,0.00,4.00,true
6872,GREEN_1,GREEN,SPIDER,2,-3,16,0,144.00,64.00,false
6872,GREEN_2,GREEN,ASSASSIN,0,-3,3,0,10.00,24.00,false
6872,GREEN_3,GREEN,SPIDER,3,-3,2,0,2.00,8.00,false
6872,BLUE_4,BLUE,SCORPION_RIDER,-2,2,5,0,28.00,90.00,true
6872,BLUE_5,BLUE,SCORPION_RIDER,0,2,4,2,68.00,62.00,true
6872,BLUE_6,BLUE,SPIDER,0,3,1,0,0.00,4.00,true
6869,GREEN_1,GREEN,MAGE,-1,-2,8,0,81.00,64.00,false
6869,GREEN_2,GREEN,MAGE,1,-3,2,0,6.00,16.00,false
6869,GREEN_3,GREEN,SPIDER,0,-3,1,0,2.00,4.00,false
6869,BLUE_4,BLUE,GOBLIN,-1,3,11,4,48.00,74.00,true
6869,BLUE_5,BLUE,MAGE,-2,3,6,6,36.00,15.00,true
6870,GREEN_1,GREEN,MAGE,-1,-2,8,0,81.00,64.00,false
6870,GREEN_2,GREEN,MAGE,1,-3,2,0,6.00,16.00,false
6870,GREEN_3,GREEN,SPIDER,0,-3,1,0,0.00,4.00,false
6870,BLUE_4,BLUE,GOBLIN,-1,3,11,4,49.00,72.00,true
6870,BLUE_5,BLUE,MAGE,-2,3,6,6,35.00,15.00,true
6871,GREEN_1,GREEN,GOLEM,2,-2,4,4,37.00,7.00,false
6871,GREEN_2,GREEN,GARGOYLE,3,-2,4,4,0.00,0.00,false
6871,GREEN_3,GREEN,MAGE,0,-3,1,0,3.00,8.00,false
6871,BLUE_4,BLUE,SPIDER,-1,3,13,13,0.00,0.00,false
6871,BLUE_5,BLUE,MAGE,-2,2,4,0,15.00,32.00,false
6871,BLUE_6,BLUE,SPIDER,-3,3,2,0,0.00,8.00,false
6872,GREEN_1,GREEN,GOLEM,2,-2,4,4,37.00,7.00,false
6872,GREEN_2,GREEN,GARGOYLE,3,-2,4,4,0.00,0.00,false
6872,GREEN_3,GREEN,MAGE,0,-3,1,0,3.00,8.00,false
6872,BLUE_4,BLUE,SPIDER,-1,3,13,13,0.00,0.00,false
6872,BLUE_5,BLUE,MAGE,-2,2,4,0,15.00,32.00,false
6872,BLUE_6,BLUE,SPIDER,-3,3,2,0,0.00,8.00,false
7485,GREEN_1,GREEN,ARCHER,0,-3,7,0,46.00,56.00,false
7485,GREEN_2,GREEN,GARGOYLE,3,-3,4,0,27.00,64.00,false
7485,GREEN_3,GREEN,SPIDER,1,-2,1,0,0.00,4.00,false
7485,BLUE_4,BLUE,ARCHER,-2,2,8,0,64.00,64.00,true
7485,BLUE_5,BLUE,ARCHER,-3,3,4,4,60.00,5.00,true
7485,BLUE_6,BLUE,SPIDER,-2,3,1,0,0.00,4.00,true
7486,GREEN_1,GREEN,ARCHER,0,-3,7,0,46.00,56.00,false
7486,GREEN_2,GREEN,GARGOYLE,3,-3,4,0,27.00,64.00,false
7486,GREEN_3,GREEN,SPIDER,1,-2,1,0,0.00,4.00,false
7486,BLUE_4,BLUE,ARCHER,-2,2,8,0,64.00,64.00,true
7486,BLUE_5,BLUE,ARCHER,-3,3,4,4,60.00,5.00,true
7486,BLUE_6,BLUE,SPIDER,-2,3,1,0,0.00,4.00,true
7487,GREEN_1,GREEN,GARGOYLE,2,-3,6,6,128.00,51.00,true
7487,GREEN_2,GREEN,GOBLIN,3,-3,4,0,8.00,32.00,true
7487,GREEN_3,GREEN,GOLEM,1,-3,2,0,32.00,52.00,true
7487,BLUE_4,BLUE,GARGOYLE,-1,3,6,0,75.00,96.00,false
7487,BLUE_5,BLUE,SCORPION_RIDER,0,2,4,0,60.00,72.00,false
7488,GREEN_1,GREEN,GARGOYLE,2,-3,6,6,128.00,51.00,true
7488,GREEN_2,GREEN,GOBLIN,3,-3,4,0,8.00,32.00,true
7488,GREEN_3,GREEN,GOLEM,1,-3,2,0,32.00,52.00,true
7488,BLUE_4,BLUE,GARGOYLE,-1,3,6,0,75.00,96.00,false
7488,BLUE_5,BLUE,SCORPION_RIDER,0,2,4,0,60.00,72.00,false
7485,GREEN_1,GREEN,SPIDER,0,-3,13,13,0.00,0.00,false
7485,GREEN_2,GREEN,GOBLIN,3,-3,11,11,0.00,0.00,false
7485,GREEN_3,GREEN,SPIDER,2,-2,1,1,0.00,0.00,false
7485,BLUE_4,BLUE,GARGOYLE,-1,3,5,5,0.00,0.00,false
7485,BLUE_5,BLUE,SPIDER,-3,3,11,11,0.00,0.00,false
7485,BLUE_6,BLUE,GOBLIN,-3,2,2,2,0.00,0.00,false
7486,GREEN_1,GREEN,SPIDER,0,-3,13,13,0.00,0.00,false
7486,GREEN_2,GREEN,GOBLIN,3,-3,11,11,0.00,0.00,false
7486,GREEN_3,GREEN,SPIDER,2,-2,1,1,0.00,0.00,false
7486,BLUE_4,BLUE,GARGOYLE,-1,3,5,5,0.00,0.00,false
7486,BLUE_5,BLUE,SPIDER,-3,3,11,11,0.00,0.00,false
7486,BLUE_6,BLUE,GOBLIN,-3,2,2,2,0.00,0.00,false
7487,GREEN_1,GREEN,GARGOYLE,1,-3,5,0,41.00,80.00,false
7487,GREEN_2,GREEN,ASSASSIN,3,-2,4,0,19.00,32.00,false
7487,GREEN_3,GREEN,ARCHER,2,-3,2,0,19.00,16.00,false
7487,BLUE_4,BLUE,GOLEM,-3,3,4,3,78.00,65.00,true
7487,BLUE_5,BLUE,GOLEM,0,2,3,3,50.00,10.00,true
7487,BLUE_6,BLUE,SPIDER,-1,2,1,0,0.00,4.00,true
7488,GREEN_1,GREEN,GARGOYLE,1,-3,5,0,41.00,80.00,false
7488,GREEN_2,GREEN,ASSASSIN,3,-2,4,0,19.00,32.00,false
7488,GREEN_3,GREEN,ARCHER,2,-3,2,0,19.00,16.00,false
7488,BLUE_4,BLUE,GOLEM,-3,3,4,3,78.00,65.00,true
7488,BLUE_5,BLUE,GOLEM,0,2,3,3,50.00,10.00,true
7488,BLUE_6,BLUE,SPIDER,-1,2,1,0,0.00,4.00,true
7485,GREEN_1,GREEN,ARCHER,3,-3,7,4,92.00,38.00,true
7485,GREEN_2,GREEN,GOBLIN,0,-3,9,0,20.00,72.00,true
7485,GREEN_3,GREEN,GOBLIN,-1,-2,2,0,0.00,16.00,true
7485,BLUE_4,BLUE,MAGE,-3,2,7,0,92.00,56.00,false
7485,BLUE_5,BLUE,GARGOYLE,-1,2,3,0,34.00,48.00,false
7485,BLUE_6,BLUE,GOBLIN,-1,3,1,0,0.00,8.00,false
7486,GREEN_1,GREEN,ARCHER,3,-3,7,5,76.00,31.00,true
7486,GREEN_2,GREEN,GOBLIN,0,-3,9,9,36.00,15.00,true
7486,GREEN_3,GREEN,GOBLIN,-1,-2,2,0,0.00,16.00,true
7486,BLUE_4,BLUE,MAGE,-3,2,7,0,47.00,56.00,false
7486,BLUE_5,BLUE,GARGOYLE,-1,2,3,0,15.00,48.00,false
7486,BLUE_6,BLUE,GOBLIN,-1,3,1,0,0.00,8.00,false
7487,GREEN_1,GREEN,MAGE,1,-2,8,0,35.00,64.00,false
7487,GREEN_2,GREEN,SPIDER,3,-3,6,0,8.00,24.00,false
7487,BLUE_3,BLUE,GOBLIN,-1,2,12,12,88.00,25.00,true
7487,BLUE_4,BLUE,SPIDER,-2,2,10,10,0.00,9.00,true
7487,BLUE_5,BLUE,GOBLIN,-2,3,3,3,0.00,9.00,true
7488,GREEN_1,GREEN,MAGE,1,-2,8,0,35.00,64.00,false
7488,GREEN_2,GREEN,SPIDER,3,-3,6,0,8.00,24.00,false
7488,BLUE_3,BLUE,GOBLIN,-1,2,12,12,88.00,25.00,true
7488,BLUE_4,BLUE,SPIDER,-2,2,10,10,0.00,9.00,true
7488,BLUE_5,BLUE,GOBLIN,-2,3,3,3,0.00,9.00,true
8101,GREEN_1,GREEN,MAGE,2,-2,8,0,36.00,64.00,false
8101,GREEN_2,GREEN,ASSASSIN,3,-3,2,0,8.00,16.00,false
8101,GREEN_3,GREEN,SPIDER,0,-3,1,0,0.00,4.00,false
8101,BLUE_4,BLUE,SCORPION_RIDER,1,2,6,6,64.00,36.00,true
8101,BLUE_5,BLUE,ARCHER,-3,3,4,3,20.00,8.00,true
8101,BLUE_6,BLUE,GOBLIN,-2,3,1,1,0.00,0.00,true
8102,GREEN_1,GREEN,MAGE,2,-2,8,0,36.00,64.00,false
8102,GREEN_2,GREEN,ASSASSIN,3,-3,2,0,8.00,16.00,false
8102,GREEN_3,GREEN,SPIDER,0,-3,1,0,0.00,4.00,false
8102,BLUE_4,BLUE,SCORPION_RIDER,1,2,6,6,64.00,36.00,true
8102,BLUE_5,BLUE,ARCHER,-3,3,4,3,20.00,8.00,true
8102,BLUE_6,BLUE,GOBLIN,-2,3,1,1,0.00,0.00,true
8103,GREEN_1,GREEN,SPIDER,2,-2,13,9,104.00,28.00,true
8103,GREEN_2,GREEN,ARCHER,3,-3,5,0,28.00,40.00,true
8103,GREEN_3,GREEN,SPIDER,0,-3,2,0,2.00,8.00,true
8103,BLUE_4,BLUE,SCORPION_RIDER,0,3,5,0,48.00,90.00,false
8103,BLUE_5,BLUE,SPIDER,1,2,11,0,28.00,44.00,false
8104,GREEN_1,GREEN,SPIDER,2,-2,13,9,104.00,28.00,true
8104,GREEN_2,GREEN,ARCHER,3,-3,5,0,28.00,40.00,true
8104,GREEN_3,GREEN,SPIDER,0,-3,2,0,2.00,8.00,true
8104,BLUE_4,BLUE,SCORPION_RIDER,0,3,5,0,48.00,90.00,false
8104,BLUE_5,BLUE,SPIDER,1,2,11,0,28.00,44.00,false
8101,GREEN_1,GREEN,GOLEM,2,-3,4,0,102.00,110.00,false
8101,GREEN_2,GREEN,GOBLIN,1,-3,10,0,60.00,82.00,false
8101,GREEN_3,GREEN,GOBLIN,-1,-2,1,0,0.00,8.00,false
8101,BLUE_4,BLUE,GARGOYLE,-1,3,5,3,112.00,62.00,true
8101,BLUE_5,BLUE,GOLEM,-3,3,4,1,88.00,100.00,true
8102,GREEN_1,GREEN,GOLEM,2,-3,4,3,99.00,85.00,true
8102,GREEN_2,GREEN,GOBLIN,1,-3,10,3,85.00,63.00,true
8102,GREEN_3,GREEN,GOBLIN,-1,-2,1,1,0.00,0.00,true
8102,BLUE_4,BLUE,GARGOYLE,-1,3,5,0,72.00,80.00,false
8102,BLUE_5,BLUE,GOLEM,-3,3,4,0,76.00,104.00,false
8103,GREEN_1,GREEN,GARGOYLE,-1,-2,5,0,15.00,80.00,false
8103,GREEN_2,GREEN,ASSASSIN,3,-3,5,0,8.00,40.00,false
8103,GREEN_3,GREEN,GOBLIN,2,-3,1,1,0.00,0.00,false
8103,BLUE_4,BLUE,ARCHER,0,3,8,8,80.00,6.00,false
8103,BLUE_5,BLUE,ARCHER,-1,3,4,4,36.00,9.00,false
8103,BLUE_6,BLUE,GOBLIN,0,2,1,0,4.00,8.00,false
8104,GREEN_1,GREEN,GARGOYLE,-1,-2,5,5,0.00,0.00,false
8104,GREEN_2,GREEN,ASSASSIN,3,-3,5,0,8.00,40.00,false
8104,GREEN_3,GREEN,GOBLIN,2,-3,1,1,0.00,0.00,false
8104,BLUE_4,BLUE,ARCHER,0,3,8,8,32.00,0.00,false
8104,BLUE_5,BLUE,ARCHER,-1,3,4,4,4.00,0.00,false
8104,BLUE_6,BLUE,GOBLIN,0,2,1,0,4.00,8.00,false
8101,GREEN_1,GREEN,GOBLIN,3,-2,10,0,64.00,80.00,false
8101,GREEN_2,GREEN,ARCHER,0,-3,7,7,38.00,0.00,false
8101,GREEN_3,GREEN,GOBLIN,3,-3,1,0,0.00,8.00,false
8101,BLUE_4,BLUE,GARGOYLE,-1,3,5,5,60.00,36.00,false
8101,BLUE_5,BLUE,GOLEM,0,3,4,3,28.00,66.00,false
8102,GREEN_1,GREEN,GOBLIN,3,-2,10,0,51.00,80.00,false
8102,GREEN_2,GREEN,ARCHER,0,-3,7,7,0.00,0.00,false
8102,GREEN_3,GREEN,GOBLIN,3,-3,1,0,0.00,8.00,false
8102,BLUE_4,BLUE,GARGOYLE,-1,3,5,5,45.00,12.00,false
8102,BLUE_5,BLUE,GOLEM,0,3,4,4,43.00,39.00,false
8103,GREEN_1,GREEN,SPIDER,0,-3,14,0,14.00,56.00,false
8103,GREEN_2,GREEN,MAGE,3,-2,4,0,12.00,32.00,false
8103,GREEN_3,GREEN,SPIDER,0,-2,1,0,0.00,4.00,false
8103,BLUE_4,BLUE,ARCHER,-1,2,7,7,60.00,12.00,true
8103,BLUE_5,BLUE,GOLEM,-2,3,3,3,24.00,6.00,true
8103,BLUE_6,BLUE,GOBLIN,0,2,1,0,8.00,8.00,true
8104,GREEN_1,GREEN,SPIDER,0,-3,14,0,14.00,56.00,false
8104,GREEN_2,GREEN,MAGE,3,-2,4,0,12.00,32.00,false
8104,GREEN_3,GREEN,SPIDER,0,-2,1,0,0.00,4.00,false
8104,BLUE_4,BLUE,ARCHER,-1,2,7,7,60.00,12.00,true
8104,BLUE_5,BLUE,GOLEM,-2,3,3,3,24.00,6.00,true
8104,BLUE_6,BLUE,GOBLIN,0,2,1,0,8.00,8.00,true
8717,GREEN_1,GREEN,ARCHER,2,-3,8,8,24.00,0.00,false
8717,GREEN_2,GREEN,GARGOYLE,0,-3,3,3,0.00,0.00,false
8717,GREEN_3,GREEN,GOBLIN,3,-3,2,1,8.00,14.00,false
8717,BLUE_4,BLUE,GOBLIN,-2,3,12,12,0.00,0.00,false
8717,BLUE_5,BLUE,ASSASSIN,0,3,4,0,14.00,32.00,false
8717,BLUE_6,BLUE,GOBLIN,-1,3,3,3,0.00,0.00,false
8718,GREEN_1,GREEN,ARCHER,2,-3,8,8,24.00,0.00,false
8718,GREEN_2,GREEN,GARGOYLE,0,-3,3,3,0.00,0.00,false
8718,GREEN_3,GREEN,GOBLIN,3,-3,2,1,8.00,14.00,false
8718,BLUE_4,BLUE,GOBLIN,-2,3,12,12,0.00,0.00,false
8718,BLUE_5,BLUE,ASSASSIN,0,3,4,0,14.00,32.00,false
8718,BLUE_6,BLUE,GOBLIN,-1,3,3,3,0.00,0.00,false
8719,GREEN_1,GREEN,GOBLIN,2,-3,12,0,76.00,96.00,false
8719,GREEN_2,GREEN,ARCHER,2,-2,3,0,16.00,24.00,false
8719,GREEN_3,GREEN,GOBLIN,3,-3,2,0,2.00,16.00,false
8719,GREEN_4,GREEN,SPIDER,0,-3,5,0,6.00,20.00,false
8719,BLUE_5,BLUE,SCORPION_RIDER,-2,3,5,4,124.00,60.00,true
8719,BLUE_6,BLUE,SPIDER,0,3,10,0,32.00,40.00,true
8719,BLUE_7,BLUE,GOBLIN,-3,3,1,1,0.00,0.00,true
8720,GREEN_1,GREEN,GOBLIN,2,-3,12,0,76.00,96.00,false
8720,GREEN_2,GREEN,ARCHER,2,-2,3,0,16.00,24.00,false
8720,GREEN_3,GREEN,GOBLIN,3,-3,2,0,2.00,16.00,false
8720,GREEN_4,GREEN,SPIDER,0,-3,5,0,6.00,20.00,false
8720,BLUE_5,BLUE,SCORPION_RIDER,-2,3,5,4,124.00,60.00,true
8720,BLUE_6,BLUE,SPIDER,0,3,10,0,32.00,40.00,true
8720,BLUE_7,BLUE,GOBLIN,-3,3,1,1,0.00,0.00,true
8717,GREEN_1,GREEN,GOBLIN,0,-2,10,0,44.00,80.00,true
8717,GREEN_2,GREEN,GOLEM,3,-2,4,4,118.00,81.00,true
8717,GREEN_3,GREEN,GOBLIN,2,-3,1,0,0.00,8.00,true
8717,BLUE_4,BLUE,SCORPION_RIDER,-3,3,5,0,78.00,90.00,false
8717,BLUE_5,BLUE,GARGOYLE,0,3,4,0,85.00,64.00,false
8717,BLUE_6,BLUE,SPIDER,-3,2,2,0,6.00,8.00,false
8718,GREEN_1,GREEN,GOBLIN,0,-2,10,0,44.00,80.00,true
8718,GREEN_2,GREEN,GOLEM,3,-2,4,4,118.00,81.00,true
8718,GREEN_3,GREEN,GOBLIN,2,-3,1,0,0.00,8.00,true
8718,BLUE_4,BLUE,SCORPION_RIDER,-3,3,5,0,78.00,90.00,false
8718,BLUE_5,BLUE,GARGOYLE,0,3,4,0,85.00,64.00,false
8718,BLUE_6,BLUE,SPIDER,-3,2,2,0,6.00,8.00,false
8719,GREEN_1,GREEN,MAGE,1,-2,7,3,70.00,47.00,true
8719,GREEN_2,GREEN,MAGE,3,-3,3,3,48.00,15.00,true
8719,GREEN_3,GREEN,SPIDER,2,-2,1,0,0.00,4.00,true
8719,BLUE_4,BLUE,GARGOYLE,-2,3,3,0,16.00,54.00,false
8719,BLUE_5,BLUE,MAGE,0,2,7,0,50.00,56.00,false
8719,BLUE_6,BLUE,GOBLIN,0,3,1,0,0.00,8.00,false
8720,GREEN_1,GREEN,MAGE,1,-2,7,0,70.00,56.00,true
8720,GREEN_2,GREEN,MAGE,3,-3,3,3,48.00,12.00,true
8720,GREEN_3,GREEN,SPIDER,2,-2,1,0,0.00,4.00,true
8720,BLUE_4,BLUE,GARGOYLE,-2,3,3,0,22.00,54.00,false
8720,BLUE_5,BLUE,MAGE,0,2,7,0,50.00,56.00,false
8720,BLUE_6,BLUE,GOBLIN,0,3,1,0,0.00,8.00,false
8717,GREEN_1,GREEN,GARGOYLE,3,-2,6,0,71.00,96.00,false
8717,GREEN_2,GREEN,MAGE,2,-3,4,0,6.00,32.00,false
8717,GREEN_3,GREEN,SPIDER,3,-3,1,0,0.00,4.00,false
8717,BLUE_4,BLUE,GARGOYLE,-1,2,6,4,128.00,77.00,true
8717,BLUE_5,BLUE,GOLEM,1,2,3,3,4.00,0.00,true
8717,BLUE_6,BLUE,SPIDER,-2,2,1,1,0.00,0.00,true
8718,GREEN_1,GREEN,GARGOYLE,3,-2,6,0,71.00,96.00,false
8718,GREEN_2,GREEN,MAGE,2,-3,4,0,6.00,32.00,false
8718,GREEN_3,GREEN,SPIDER,3,-3,1,0,0.00,4.00,false
8718,BLUE_4,BLUE,GARGOYLE,-1,2,6,4,128.00,77.00,true
8718,BLUE_5,BLUE,GOLEM,1,2,3,3,4.00,0.00,true
8718,BLUE_6,BLUE,SPIDER,-2,2,1,1,0.00,0.00,true
8719,GREEN_1,GREEN,ARCHER,2,-2,8,0,68.00,64.00,false
8719,GREEN_2,GREEN,GARGOYLE,0,-3,3,3,0.00,0.00,false
8719,GREEN_3,GREEN,GOBLIN,2,-3,2,0,0.00,16.00,false
8719,BLUE_4,BLUE,ARCHER,-2,2,7,0,48.00,56.00,false
8719,BLUE_5,BLUE,SPIDER,0,2,9,9,28.00,4.00,false
8719,BLUE_6,BLUE,ARCHER,-1,3,1,0,4.00,8.00,false
8720,GREEN_1,GREEN,ARCHER,2,-2,8,0,68.00,64.00,false
8720,GREEN_2,GREEN,GARGOYLE,0,-3,3,3,0.00,0.00,false
8720,GREEN_3,GREEN,GOBLIN,2,-3,2,0,0.00,16.00,false
8720,BLUE_4,BLUE,ARCHER,-2,2,7,0,48.00,56.00,false
8720,BLUE_5,BLUE,SPIDER,0,2,9,9,28.00,4.00,false
8720,BLUE_6,BLUE,ARCHER,-1,3,1,0,4.00,8.00,false
9333,GREEN_1,GREEN,SCORPION_RIDER,0,-3,5,5,0.00,0.00,false
9333,GREEN_2,GREEN,MAGE,1,-3,4,3,26.00,20.00,false
9333,GREEN_3,GREEN,ASSASSIN,2,-2,1,0,6.00,8.00,false
9333,BLUE_4,BLUE,GOBLIN,-2,3,1,1,0.00,0.00,false
9333,BLUE_5,BLUE,GOLEM,-1,3,4,4,4.00,0.00,false
9333,BLUE_6,BLUE,MAGE,0,3,4,0,24.00,32.00,false
9333,BLUE_7,BLUE,GOBLIN,-2,2,1,1,0.00,0.00,false
9334,GREEN_1,GREEN,SCORPION_RIDER,0,-3,5,5,0.00,0.00,false
9334,GREEN_2,GREEN,MAGE,1,-3,4,3,26.00,20.00,false
9334,GREEN_3,GREEN,ASSASSIN,2,-2,1,0,6.00,8.00,false
9334,BLUE_4,BLUE,GOBLIN,-2,3,1,1,0.00,0.00,false
9334,BLUE_5,BLUE,GOLEM,-1,3,4,4,4.00,0.00,false
9334,BLUE_6,BLUE,MAGE,0,3,4,0,24.00,32.00,false
9334,BLUE_7,BLUE,GOBLIN,-2,2,1,1,0.00,0.00,false
9335,GREEN_1,GREEN,GOBLIN,1,-2,11,5,64.00,54.00,true
9335,GREEN_2,GREEN,SPIDER,3,-2,11,8,58.00,12.00,true
9335,GREEN_3,GREEN,SCORPION_RIDER,3,-3,1,0,8.00,18.00,true
9335,BLUE_4,BLUE,SCORPION_RIDER,-3,2,5,0,64.00,90.00,false
9335,BLUE_5,BLUE,ASSASSIN,-2,3,5,0,20.00,40.00,false
9336,GREEN_1,GREEN,GOBLIN,1,-2,11,5,64.00,54.00,true
9336,GREEN_2,GREEN,SPIDER,3,-2,11,8,58.00,12.00,true
9336,GREEN_3,GREEN,SCORPION_RIDER,3,-3,1,0,8.00,18.00,true
9336,BLUE_4,BLUE,SCORPION_RIDER,-3,2,5,0,64.00,90.00,false
9336,BLUE_5,BLUE,ASSASSIN,-2,3,5,0,20.00,40.00,false
9333,GREEN_1,GREEN,GOBLIN,0,-3,5,0,14.00,40.00,false
9333,GREEN_2,GREEN,SPIDER,1,-2,14,0,122.00,56.00,false
9333,GREEN_3,GREEN,SPIDER,2,-3,6,0,24.00,24.00,false
9333,BLUE_4,BLUE,SCORPION_RIDER,-3,3,5,0,28.00,90.00,true
9333,BLUE_5,BLUE,SCORPION_RIDER,0,3,4,3,88.00,62.00,true
9333,BLUE_6,BLUE,GOBLIN,-1,3,1,0,4.00,8.00,true
9334,GREEN_1,GREEN,GOBLIN,0,-3,5,0,14.00,40.00,false
9334,GREEN_2,GREEN,SPIDER,1,-2,14,0,122.00,56.00,false
9334,GREEN_3,GREEN,SPIDER,2,-3,6,0,24.00,24.00,false
9334,BLUE_4,BLUE,SCORPION_RIDER,-3,3,5,0,28.00,90.00,true
9334,BLUE_5,BLUE,SCORPION_RIDER,0,3,4,3,88.00,62.00,true
9334,BLUE_6,BLUE,GOBLIN,-1,3,1,0,4.00,8.00,true
9335,GREEN_1,GREEN,ARCHER,-1,-2,7,0,72.00,56.00,false
9335,GREEN_2,GREEN,SPIDER,2,-3,10,0,26.00,40.00,false
9335,GREEN_3,GREEN,SPIDER,0,-3,1,0,2.00,4.00,false
9335,BLUE_4,BLUE,SCORPION_RIDER,-1,2,6,5,84.00,94.00,true
9335,BLUE_5,BLUE,SPIDER,0,3,9,9,16.00,6.00,true
9336,GREEN_1,GREEN,ARCHER,-1,-2,7,0,40.00,56.00,true
9336,GREEN_2,GREEN,SPIDER,2,-3,10,3,104.00,30.00,true
9336,GREEN_3,GREEN,SPIDER,0,-3,1,0,0.00,4.00,true
9336,BLUE_4,BLUE,SCORPION_RIDER,-1,2,6,0,76.00,108.00,false
9336,BLUE_5,BLUE,SPIDER,0,3,9,0,14.00,36.00,false
9333,GREEN_1,GREEN,MAGE,3,-3,8,0,54.00,64.00,false
9333,GREEN_2,GREEN,SPIDER,0,-3,5,0,34.00,20.00,false
9333,GREEN_3,GREEN,SPIDER,2,-3,1,0,2.00,4.00,false
9333,BLUE_4,BLUE,GOBLIN,1,2,11,10,52.00,42.00,true
9333,BLUE_5,BLUE,ASSASSIN,-3,2,6,0,36.00,48.00,true
9334,GREEN_1,GREEN,MAGE,3,-3,8,0,54.00,64.00,false
9334,GREEN_2,GREEN,SPIDER,0,-3,5,0,34.00,20.00,false
9334,GREEN_3,GREEN,SPIDER,2,-3,1,0,2.00,4.00,false
9334,BLUE_4,BLUE,GOBLIN,1,2,11,10,52.00,42.00,true
9334,BLUE_5,BLUE,ASSASSIN,-3,2,6,0,36.00,48.00,true
9335,GREEN_1,GREEN,SPIDER,0,-3,15,15,0.00,0.00,false
9335,GREEN_2,GREEN,GARGOYLE,1,-3,4,4,16.00,0.00,false
9335,BLUE_3,BLUE,ARCHER,-3,3,8,8,0.00,0.00,false
9335,BLUE_4,BLUE,GARGOYLE,-1,2,3,3,0.00,0.00,false
9335,BLUE_5,BLUE,GOBLIN,0,3,2,0,0.00,16.00,false
9336,GREEN_1,GREEN,SPIDER,0,-3,15,15,0.00,0.00,false
9336,GREEN_2,GREEN,GARGOYLE,1,-3,4,4,16.00,0.00,false
9336,BLUE_3,BLUE,ARCHER,-3,3,8,8,0.00,0.00,false
9336,BLUE_4,BLUE,GARGOYLE,-1,2,3,3,0.00,0.00,false
9336,BLUE_5,BLUE,GOBLIN,0,3,2,0,0.00,16.00,false
9949,GREEN_1,GREEN,SCORPION_RIDER,3,-2,6,6,0.00,508.00,false
9949,GREEN_2,GREEN,GARGOYLE,2,-3,3,3,0.00,12.00,false
9949,GREEN_3,GREEN,ARCHER,0,-2,1,0,8.00,8.00,false
9949,BLUE_4,BLUE,SPIDER,-2,2,13,12,0.00,4.00,false
9949,BLUE_5,BLUE,ARCHER,-1,3,5,5,516.00,0.00,false
9949,BLUE_6,BLUE,ARCHER,-3,2,1,1,12.00,4.00,false
9950,GREEN_1,GREEN,SCORPION_RIDER,3,-2,6,6,0.00,508.00,false
9950,GREEN_2,GREEN,GARGOYLE,2,-3,3,3,0.00,12.00,false
9950,GREEN_3,GREEN,ARCHER,0,-2,1,0,8.00,8.00,false
9950,BLUE_4,BLUE,SPIDER,-2,2,13,12,0.00,4.00,false
9950,BLUE_5,BLUE,ARCHER,-1,3,5,5,516.00,0.00,false
9950,BLUE_6,BLUE,ARCHER,-3,2,1,1,12.00,4.00,false
9951,GREEN_1,GREEN,ASSASSIN,2,-3,7,0,90.00,56.00,false
9951,GREEN_2,GREEN,SPIDER,-1,-2,7,7,0.00,0.00,false
9951,GREEN_3,GREEN,GOBLIN,0,-3,1,1,0.00,0.00,false
9951,BLUE_4,BLUE,MAGE,-2,2,8,0,37.00,64.00,false
9951,BLUE_5,BLUE,SCORPION_RIDER,0,2,2,2,18.00,18.00,false
9951,BLUE_6,BLUE,GOBLIN,0,3,1,0,1.00,8.00,false
9952,GREEN_1,GREEN,ASSASSIN,2,-3,7,0,90.00,56.00,false
9952,GREEN_2,GREEN,SPIDER,-1,-2,7,7,0.00,0.00,false
9952,GREEN_3,GREEN,GOBLIN,0,-3,1,1,0.00,0.00,false
9952,BLUE_4,BLUE,MAGE,-2,2,8,0,37.00,64.00,false
9952,BLUE_5,BLUE,SCORPION_RIDER,0,2,2,2,18.00,18.00,false
9952,BLUE_6,BLUE,GOBLIN,0,3,1,0,1.00,8.00,false
9949,GREEN_1,GREEN,SCORPION_RIDER,2,-2,6,6,48.00,4.00,true
9949,GREEN_2,GREEN,ARCHER,3,-2,4,4,88.00,0.00,true
9949,GREEN_3,GREEN,GOBLIN,2,-3,1,1,0.00,0.00,true
9949,BLUE_4,BLUE,GOBLIN,0,3,11,0,0.00,88.00,false
9949,BLUE_5,BLUE,MAGE,-3,3,6,0,4.00,48.00,false
9950,GREEN_1,GREEN,SCORPION_RIDER,2,-2,6,6,96.00,47.00,true
9950,GREEN_2,GREEN,ARCHER,3,-2,4,0,72.00,32.00,true
9950,GREEN_3,GREEN,GOBLIN,2,-3,1,0,0.00,8.00,true
9950,BLUE_4,BLUE,GOBLIN,0,3,11,0,44.00,120.00,false
9950,BLUE_5,BLUE,MAGE,-3,3,6,0,43.00,48.00,false
9951,GREEN_1,GREEN,GOLEM,0,-2,4,0,82.00,104.00,false
9951,GREEN_2,GREEN,ASSASSIN,1,-3,5,0,14.00,40.00,false
9951,BLUE_3,BLUE,SCORPION_RIDER,0,3,5,2,91.00,82.00,true
9951,BLUE_4,BLUE,ARCHER,-2,3,5,4,53.00,14.00,true
9951,BLUE_5,BLUE,GOBLIN,-1,3,1,1,0.00,0.00,true
9952,GREEN_1,GREEN,GOLEM,0,-2,4,0,82.00,104.00,false
9952,GREEN_2,GREEN,ASSASSIN,1,-3,5,0,14.00,40.00,false
9952,BLUE_3,BLUE,SCORPION_RIDER,0,3,5,2,91.00,82.00,true
9952,BLUE_4,BLUE,ARCHER,-2,3,5,4,53.00,14.00,true
9952,BLUE_5,BLUE,GOBLIN,-1,3,1,1,0.00,0.00,true
9949,GREEN_1,GREEN,GOBLIN,0,-2,12,12,0.00,0.00,false
9949,GREEN_2,GREEN,GOLEM,2,-2,3,3,0.00,0.00,false
9949,GREEN_3,GREEN,ASSASSIN,0,-3,1,0,0.00,8.00,false
9949,BLUE_4,BLUE,MAGE,-1,3,7,7,8.00,0.00,false
9949,BLUE_5,BLUE,SPIDER,1,2,8,8,0.00,0.00,false
9950,GREEN_1,GREEN,GOBLIN,0,-2,12,12,0.00,0.00,false
9950,GREEN_2,GREEN,GOLEM,2,-2,3,3,0.00,0.00,false
9950,GREEN_3,GREEN,ASSASSIN,0,-3,1,0,0.00,8.00,false
9950,BLUE_4,BLUE,MAGE,-1,3,7,7,8.00,0.00,false
9950,BLUE_5,BLUE,SPIDER,1,2,8,8,0.00,0.00,false
9951,GREEN_1,GREEN,SPIDER,-1,-2,8,0,20.00,32.00,false
9951,GREEN_2,GREEN,MAGE,0,-2,7,0,38.00,56.00,false
9951,BLUE_3,BLUE,GARGOYLE,0,2,6,6,20.00,2.00,true
9951,BLUE_4,BLUE,GOLEM,-3,2,3,3,68.00,52.00,true
9951,BLUE_5,BLUE,SPIDER,-2,3,1,0,0.00,4.00,true
9952,GREEN_1,GREEN,SPIDER,-1,-2,8,0,20.00,32.00,false
9952,GREEN_2,GREEN,MAGE,0,-2,7,0,38.00,56.00,false
9952,BLUE_3,BLUE,GARGOYLE,0,2,6,6,20.00,2.00,true
9952,BLUE_4,BLUE,GOLEM,-3,2,3,3,68.00,52.00,true
9952,BLUE_5,BLUE,SPIDER,-2,3,1,0,0.00,4.00,true
10565,GREEN_1,GREEN,GOLEM,0,-3,4,0,102.00,112.00,false
10565,GREEN_2,GREEN,MAGE,1,-3,4,0,13.00,32.00,false
10565,GREEN_3,GREEN,ARCHER,2,-3,1,0,8.00,8.00,false
10565,BLUE_4,BLUE,SCORPION_RIDER,-1,2,5,2,117.00,83.00,true
10565,BLUE_5,BLUE,ASSASSIN,-2,2,4,0,32.00,32.00,true
10565,BLUE_6,BLUE,MAGE,-3,3,1,0,3.00,8.00,true
10566,GREEN_1,GREEN,GOLEM,0,-3,4,0,102.00,112.00,false
10566,GREEN_2,GREEN,MAGE,1,-3,4,0,13.00,32.00,false
10566,GREEN_3,GREEN,ARCHER,2,-3,1,0,8.00,8.00,false
10566,BLUE_4,BLUE,SCORPION_RIDER,-1,2,5,2,117.00,83.00,true
10566,BLUE_5,BLUE,ASSASSIN,-2,2,4,0,32.00,32.00,true
10566,BLUE_6,BLUE,MAGE,-3,3,1,0,3.00,8.00,true
10567,GREEN_1,GREEN,MAGE,2,-2,7,0,11.00,56.00,false
10567,GREEN_2,GREEN,MAGE,1,-3,3,0,26.00,24.00,false
10567,GREEN_3,GREEN,SPIDER,0,-3,1,0,0.00,4.00,false
10567,BLUE_4,BLUE,SCORPION_RIDER,-2,2,5,5,84.00,24.00,true
10567,BLUE_5,BLUE,SPIDER,-1,3,11,10,0.00,13.00,true
10568,GREEN_1,GREEN,MAGE,2,-2,7,0,11.00,56.00,false
10568,GREEN_2,GREEN,MAGE,1,-3,3,0,28.00,24.00,false
10568,GREEN_3,GREEN,SPIDER,0,-3,1,0,2.00,4.00,false
10568,BLUE_4,BLUE,SCORPION_RIDER,-2,2,5,4,84.00,41.00,true
10568,BLUE_5,BLUE,SPIDER,-1,3,11,11,0.00,0.00,true
10565,GREEN_1,GREEN,GARGOYLE,2,-2,5,5,24.00,12.00,false
10565,GREEN_2,GREEN,SPIDER,0,-2,13,10,56.00,36.00,false
10565,BLUE_3,BLUE,GOLEM,-2,3,4,4,0.00,0.00,false
10565,BLUE_4,BLUE,GARGOYLE,0,3,5,0,48.00,80.00,false
10566,GREEN_1,GREEN,GARGOYLE,2,-2,5,5,17.00,12.00,false
10566,GREEN_2,GREEN,SPIDER,0,-2,13,9,63.00,40.00,false
10566,BLUE_3,BLUE,GOLEM,-2,3,4,4,0.00,0.00,false
10566,BLUE_4,BLUE,GARGOYLE,0,3,5,0,52.00,80.00,false
10567,GREEN_1,GREEN,GARGOYLE,1,-2,5,5,64.00,38.00,false
10567,GREEN_2,GREEN,MAGE,1,-3,4,0,7.00,32.00,false
10567,GREEN_3,GREEN,GARGOYLE,3,-3,1,0,0.00,16.00,false
10567,GREEN_4,GREEN,SPIDER,3,-2,1,0,0.00,4.00,false
10567,BLUE_5,BLUE,SPIDER,-2,3,13,0,64.00,52.00,false
10567,BLUE_6,BLUE,ARCHER,0,3,5,5,26.00,3.00,false
10567,BLUE_7,BLUE,GOBLIN,-1,3,2,0,0.00,16.00,false
10568,GREEN_1,GREEN,GARGOYLE,1,-2,5,5,64.00,42.00,false
10568,GREEN_2,GREEN,MAGE,1,-3,4,0,7.00,32.00,false
10568,GREEN_3,GREEN,GARGOYLE,3,-3,1,0,0.00,16.00,false
10568,GREEN_4,GREEN,SPIDER,3,-2,1,0,0.00,4.00,false
10568,BLUE_5,BLUE,SPIDER,-2,3,13,0,68.00,52.00,false
10568,BLUE_6,BLUE,ARCHER,0,3,5,5,26.00,3.00,false
10568,BLUE_7,BLUE,GOBLIN,-1,3,2,0,0.00,16.00,false
10565,GREEN_1,GREEN,GARGOYLE,3,-3,5,0,42.00,80.00,false
10565,GREEN_2,GREEN,GARGOYLE,1,-3,4,0,45.00,64.00,false
10565,GREEN_3,GREEN,ASSASSIN,-1,-2,1,0,0.00,8.00,false
10565,GREEN_4,GREEN,SPIDER,0,-3,1,0,0.00,4.00,false
10565,BLUE_5,BLUE,SCORPION_RIDER,0,3,5,5,103.00,39.00,true
10565,BLUE_6,BLUE,GOBLIN,0,2,9,6,53.00,36.00,true
10565,BLUE_7,BLUE,GOBLIN,-3,3,2,2,0.00,12.00,true
10566,GREEN_1,GREEN,GARGOYLE,3,-3,5,5,113.00,8.00,true
10566,GREEN_2,GREEN,GARGOYLE,1,-3,4,0,69.00,64.00,true
10566,GREEN_3,GREEN,ASSASSIN,-1,-2,1,0,0.00,8.00,true
10566,GREEN_4,GREEN,SPIDER,0,-3,1,0,2.00,4.00,true
10566,BLUE_5,BLUE,SCORPION_RIDER,0,3,5,0,46.00,90.00,false
10566,BLUE_6,BLUE,GOBLIN,0,2,9,0,38.00,78.00,false
10566,BLUE_7,BLUE,GOBLIN,-3,3,2,0,0.00,16.00,false
10567,GREEN_1,GREEN,ASSASSIN,-1,-2,8,0,54.00,64.00,false
10567,GREEN_2,GREEN,GOLEM,1,-2,1,0,11.00,26.00,false
10567,GREEN_3,GREEN,GARGOYLE,0,-3,1,0,0.00,16.00,false
10567,BLUE_4,BLUE,ARCHER,1,2,7,6,80.00,21.00,true
10567,BLUE_5,BLUE,ARCHER,-1,3,4,0,24.00,32.00,true
10567,BLUE_6,BLUE,ARCHER,-3,3,1,0,2.00,8.00,true
10567,BLUE_7,BLUE,SPIDER,0,3,1,0,0.00,4.00,true
10568,GREEN_1,GREEN,ASSASSIN,-1,-2,8,0,89.00,64.00,false
10568,GREEN_2,GREEN,GOLEM,1,-2,1,0,4.00,26.00,false
10568,GREEN_3,GREEN,GARGOYLE,0,-3,1,0,3.00,16.00,false
10568,BLUE_4,BLUE,ARCHER,1,2,7,2,78.00,52.00,true
10568,BLUE_5,BLUE,ARCHER,-1,3,4,0,26.00,32.00,true
10568,BLUE_6,BLUE,ARCHER,-3,3,1,0,2.00,8.00,true
10568,BLUE_7,BLUE,SPIDER,0,3,1,0,0.00,4.00,true
11181,GREEN_1,GREEN,GOLEM,3,-3,4,4,0.00,6.00,false
11181,GREEN_2,GREEN,MAGE,3,-2,4,0,14.00,32.00,false
11181,GREEN_3,GREEN,GOBLIN,1,-3,2,0,0.00,18.00,false
11181,BLUE_4,BLUE,SCORPION_RIDER,-2,2,6,6,0.00,3.00,false
11181,BLUE_5,BLUE,ARCHER,0,2,4,3,56.00,11.00,false
11181,BLUE_6,BLUE,SPIDER,-2,3,1,1,0.00,0.00,false
11182,GREEN_1,GREEN,GOLEM,3,-3,4,4,0.00,27.00,false
11182,GREEN_2,GREEN,MAGE,3,-2,4,0,15.00,32.00,false
11182,GREEN_3,GREEN,GOBLIN,1,-3,2,0,0.00,16.00,false
11182,BLUE_4,BLUE,SCORPION_RIDER,-2,2,6,6,0.00,0.00,false
11182,BLUE_5,BLUE,ARCHER,0,2,4,4,75.00,15.00,false
11182,BLUE_6,BLUE,SPIDER,-2,3,1,1,0.00,0.00,false
11183,GREEN_1,GREEN,SCORPION_RIDER,-1,-2,5,5,42.00,16.00,true
11183,GREEN_2,GREEN,GARGOYLE,2,-2,4,4,62.00,18.00,true
11183,GREEN_3,GREEN,SPIDER,3,-3,2,0,4.00,8.00,true
11183,BLUE_4,BLUE,ASSASSIN,-1,3,8,0,26.00,64.00,false
11183,BLUE_5,BLUE,SCORPION_RIDER,0,2,2,0,16.00,36.00,false
11183,BLUE_6,BLUE,GOBLIN,0,3,1,0,0.00,8.00,false
11184,GREEN_1,GREEN,SCORPION_RIDER,-1,-2,5,5,42.00,16.00,true
11184,GREEN_2,GREEN,GARGOYLE,2,-2,4,4,62.00,15.00,true
11184,GREEN_3,GREEN,SPIDER,3,-3,2,0,4.00,8.00,true
11184,BLUE_4,BLUE,ASSASSIN,-1,3,8,0,23.00,64.00,false
11184,BLUE_5,BLUE,SCORPION_RIDER,0,2,2,0,16.00,36.00,false
11184,BLUE_6,BLUE,GOBLIN,0,3,1,0,0.00,8.00,false
11181,GREEN_1,GREEN,GOLEM,0,-3,4,4,38.00,23.00,false
11181,GREEN_2,GREEN,SPIDER,1,-3,10,0,38.00,40.00,false
11181,GREEN_3,GREEN,GOBLIN,2,-3,1,0,0.00,8.00,false
11181,BLUE_4,BLUE,GOLEM,-3,3,4,4,0.00,0.00,false
11181,BLUE_5,BLUE,SCORPION_RIDER,-1,2,4,0,71.00,72.00,false
11181,BLUE_6,BLUE,SPIDER,-3,2,1,0,0.00,4.00,false
11182,GREEN_1,GREEN,GOLEM,0,-3,4,4,36.00,23.00,false
11182,GREEN_2,GREEN,SPIDER,1,-3,10,0,38.00,40.00,false
11182,GREEN_3,GREEN,GOBLIN,2,-3,1,0,4.00,8.00,false
11182,BLUE_4,BLUE,GOLEM,-3,3,4,4,0.00,0.00,false
11182,BLUE_5,BLUE,SCORPION_RIDER,-1,2,4,0,71.00,74.00,false
11182,BLUE_6,BLUE,SPIDER,-3,2,1,0,0.00,4.00,false
11183,GREEN_1,GREEN,ARCHER,0,-2,7,0,12.00,56.00,false
11183,GREEN_2,GREEN,SPIDER,2,-3,10,0,40.00,40.00,false
11183,GREEN_3,GREEN,GOBLIN,3,-3,1,1,0.00,0.00,false
11183,BLUE_4,BLUE,SCORPION_RIDER,-2,3,6,6,93.00,36.00,false
11183,BLUE_5,BLUE,GOLEM,-2,2,2,2,0.00,0.00,false
11183,BLUE_6,BLUE,GARGOYLE,0,2,1,0,3.00,16.00,false
11184,GREEN_1,GREEN,ARCHER,0,-2,7,0,12.00,56.00,false
11184,GREEN_2,GREEN,SPIDER,2,-3,10,0,40.00,40.00,false
11184,GREEN_3,GREEN,GOBLIN,3,-3,1,1,0.00,0.00,false
11184,BLUE_4,BLUE,SCORPION_RIDER,-2,3,6,6,93.00,36.00,false
11184,BLUE_5,BLUE,GOLEM,-2,2,2,2,0.00,0.00,false
11184,BLUE_6,BLUE,GARGOYLE,0,2,1,0,3.00,16.00,false
11181,GREEN_1,GREEN,SCORPION_RIDER,2,-3,6,0,131.00,112.00,true
11181,GREEN_2,GREEN,SPIDER,1,-3,1,0,0.00,4.00,true
11181,GREEN_3,GREEN,SPIDER,1,-2,8,8,13.00,3.00,true
11181,BLUE_4,BLUE,GARGOYLE,-2,3,5,0,105.00,80.00,false
11181,BLUE_5,BLUE,ARCHER,1,2,5,0,6.00,40.00,false
11181,BLUE_6,BLUE,GOBLIN,0,3,3,0,8.00,24.00,false
11182,GREEN_1,GREEN,SCORPION_RIDER,2,-3,6,2,127.00,104.00,true
11182,GREEN_2,GREEN,SPIDER,1,-3,1,0,0.00,4.00,true
11182,GREEN_3,GREEN,SPIDER,1,-2,8,7,17.00,7.00,true
11182,BLUE_4,BLUE,GARGOYLE,-2,3,5,0,101.00,80.00,false
11182,BLUE_5,BLUE,ARCHER,1,2,5,0,6.00,40.00,false
11182,BLUE_6,BLUE,GOBLIN,0,3,3,0,8.00,24.00,false
11183,GREEN_1,GREEN,GOLEM,2,-2,4,4,92.00,58.00,true
11183,GREEN_2,GREEN,ASSASSIN,0,-3,4,0,18.00,32.00,true
11183,GREEN_3,GREEN,GOBLIN,-1,-2,2,0,0.00,16.00,true
11183,BLUE_4,BLUE,MAGE,-3,3,7,0,59.00,56.00,false
11183,BLUE_5,BLUE,SCORPION_RIDER,-2,3,3,0,47.00,54.00,false
11184,GREEN_1,GREEN,GOLEM,2,-2,4,4,92.00,58.00,true
11184,GREEN_2,GREEN,ASSASSIN,0,-3,4,0,18.00,32.00,true
11184,GREEN_3,GREEN,GOBLIN,-1,-2,2,0,0.00,16.00,true
11184,BLUE_4,BLUE,MAGE,-3,3,7,0,59.00,56.00,false
11184,BLUE_5,BLUE,SCORPION_RIDER,-2,3,3,0,47.00,54.00,false
11797,GREEN_1,GREEN,GOBLIN,0,-2,12,12,16.00,6.00,false
11797,GREEN_2,GREEN,GOBLIN,1,-3,10,9,0.00,23.00,false
11797,GREEN_3,GREEN,SCORPION_RIDER,3,-3,1,0,4.00,18.00,false
11797,BLUE_4,BLUE,GARGOYLE,-2,3,1,0,6.00,16.00,false
11797,BLUE_5,BLUE,GARGOYLE,-1,3,5,5,0.00,0.00,false
11797,BLUE_6,BLUE,MAGE,1,2,4,4,41.00,0.00,false
11797,BLUE_7,BLUE,SPIDER,0,3,1,0,0.00,4.00,false
11798,GREEN_1,GREEN,GOBLIN,0,-2,12,12,16.00,6.00,false
11798,GREEN_2,GREEN,GOBLIN,1,-3,10,9,0.00,23.00,false
11798,GREEN_3,GREEN,SCORPION_RIDER,3,-3,1,0,4.00,18.00,false
11798,BLUE_4,BLUE,GARGOYLE,-2,3,1,0,6.00,16.00,false
11798,BLUE_5,BLUE,GARGOYLE,-1,3,5,5,0.00,0.00,false
11798,BLUE_6,BLUE,MAGE,1,2,4,4,41.00,0.00,false
11798,BLUE_7,BLUE,SPIDER,0,3,1,0,0.00,4.00,false
11799,GREEN_1,GREEN,SCORPION_RIDER,2,-2,5,0,131.00,100.00,false
11799,GREEN_2,GREEN,MAGE,0,-3,4,0,14.00,32.00,false
11799,GREEN_3,GREEN,ASSASSIN,-1,-2,1,0,0.00,8.00,false
11799,BLUE_4,BLUE,GOLEM,-2,2,4,1,112.00,101.00,true
11799,BLUE_5,BLUE,ARCHER,-3,3,3,0,22.00,24.00,true
11799,BLUE_6,BLUE,GOLEM,1,2,1,1,0.00,12.00,true
11799,BLUE_7,BLUE,SPIDER,-1,3,2,0,6.00,8.00,true
11800,GREEN_1,GREEN,SCORPION_RIDER,2,-2,5,0,131.00,100.00,false
11800,GREEN_2,GREEN,MAGE,0,-3,4,0,14.00,32.00,false
11800,GREEN_3,GREEN,ASSASSIN,-1,-2,1,0,0.00,8.00,false
11800,BLUE_4,BLUE,GOLEM,-2,2,4,1,112.00,101.00,true
11800,BLUE_5,BLUE,ARCHER,-3,3,3,0,22.00,24.00,true
11800,BLUE_6,BLUE,GOLEM,1,2,1,1,0.00,12.00,true
11800,BLUE_7,BLUE,SPIDER,-1,3,2,0,6.00,8.00,true
11797,GREEN_1,GREEN,MAGE,3,-3,7,0,35.00,56.00,false
11797,GREEN_2,GREEN,ARCHER,1,-2,4,0,38.00,32.00,false
11797,BLUE_3,BLUE,SPIDER,-3,3,15,11,72.00,31.00,true
11797,BLUE_4,BLUE,MAGE,-2,2,1,0,3.00,8.00,true
11797,BLUE_5,BLUE,SCORPION_RIDER,0,2,1,0,8.00,18.00,true
11797,BLUE_6,BLUE,MAGE,-1,2,2,0,5.00,16.00,true
11798,GREEN_1,GREEN,MAGE,3,-3,7,7,52.00,15.00,true
11798,GREEN_2,GREEN,ARCHER,1,-2,4,0,50.00,32.00,true
11798,BLUE_3,BLUE,SPIDER,-3,3,15,0,31.00,60.00,false
11798,BLUE_4,BLUE,MAGE,-2,2,1,0,3.00,8.00,false
11798,BLUE_5,BLUE,SCORPION_RIDER,0,2,1,0,8.00,18.00,false
11798,BLUE_6,BLUE,MAGE,-1,2,2,0,5.00,16.00,false
11799,GREEN_1,GREEN,ARCHER,1,-3,7,7,0.00,0.00,false
11799,GREEN_2,GREEN,MAGE,3,-3,4,4,0.00,0.00,false
11799,GREEN_3,GREEN,SPIDER,0,-2,1,1,0.00,0.00,false
11799,BLUE_4,BLUE,GOLEM,-3,3,4,4,0.00,0.00,false
11799,BLUE_5,BLUE,MAGE,-1,3,4,4,0.00,0.00,false
11799,BLUE_6,BLUE,GOBLIN,-1,2,2,2,0.00,0.00,false
11800,GREEN_1,GREEN,ARCHER,1,-3,7,7,0.00,0.00,false
11800,GREEN_2,GREEN,MAGE,3,-3,4,4,0.00,0.00,false
11800,GREEN_3,GREEN,SPIDER,0,-2,1,1,0.00,0.00,false
11800,BLUE_4,BLUE,GOLEM,-3,3,4,4,0.00,0.00,false
11800,BLUE_5,BLUE,MAGE,-1,3,4,4,0.00,0.00,false
11800,BLUE_6,BLUE,GOBLIN,-1,2,2,2,0.00,0.00,false
11797,GREEN_1,GREEN,GOBLIN,3,-3,10,0,76.00,80.00,false
11797,GREEN_2,GREEN,SPIDER,2,-3,12,0,35.00,48.00,false
11797,GREEN_3,GREEN,MAGE,0,-2,1,0,1.00,8.00,false
11797,BLUE_4,BLUE,GOBLIN,0,3,10,4,62.00,56.00,true
11797,BLUE_5,BLUE,SPIDER,-2,2,13,0,66.00,52.00,true
11797,BLUE_6,BLUE,SPIDER,-2,3,2,1,8.00,4.00,true
11798,GREEN_1,GREEN,GOBLIN,3,-3,10,0,76.00,80.00,false
11798,GREEN_2,GREEN,SPIDER,2,-3,12,0,35.00,48.00,false
11798,GREEN_3,GREEN,MAGE,0,-2,1,0,1.00,8.00,false
11798,BLUE_4,BLUE,GOBLIN,0,3,10,4,62.00,56.00,true
11798,BLUE_5,BLUE,SPIDER,-2,2,13,0,66.00,52.00,true
11798,BLUE_6,BLUE,SPIDER,-2,3,2,1,8.00,4.00,true
11799,GREEN_1,GREEN,SPIDER,2,-3,14,0,14.00,56.00,false
11799,GREEN_2,GREEN,SPIDER,2,-2,10,0,0.00,40.00,false
11799,GREEN_3,GREEN,SPIDER,3,-2,1,0,2.00,4.00,false
11799,BLUE_4,BLUE,ARCHER,1,2,7,7,96.00,14.00,true
11799,BLUE_5,BLUE,SPIDER,0,3,10,10,4.00,2.00,true
11799,BLUE_6,BLUE,GOBLIN,-2,3,1,1,0.00,0.00,true
11800,GREEN_1,GREEN,SPIDER,2,-3,14,0,32.00,56.00,false
11800,GREEN_2,GREEN,SPIDER,2,-2,10,0,40.00,40.00,false
11800,GREEN_3,GREEN,SPIDER,3,-2,1,0,2.00,4.00,false
11800,BLUE_4,BLUE,ARCHER,1,2,7,0,60.00,56.00,true
11800,BLUE_5,BLUE,SPIDER,0,3,10,7,40.00,18.00,true
11800,BLUE_6,BLUE,GOBLIN,-2,3,1,1,0.00,0.00,true
12413,GREEN_1,GREEN,ASSASSIN,0,-2,7,0,38.00,56.00,false
12413,GREEN_2,GREEN,GARGOYLE,2,-2,3,0,18.00,48.00,false
12413,GREEN_3,GREEN,SPIDER,0,-3,1,0,0.00,4.00,false
12413,BLUE_4,BLUE,MAGE,-1,3,7,5,64.00,34.00,true
12413,BLUE_5,BLUE,GARGOYLE,-2,3,3,3,42.00,18.00,true
12413,BLUE_6,BLUE,SPIDER,1,2,1,0,2.00,4.00,true
12414,GREEN_1,GREEN,ASSASSIN,0,-2,7,0,38.00,56.00,false
12414,GREEN_2,GREEN,GARGOYLE,2,-2,3,0,30.00,48.00,false
12414,GREEN_3,GREEN,SPIDER,0,-3,1,0,0.00,4.00,false
12414,BLUE_4,BLUE,MAGE,-1,3,7,5,71.00,55.00,true
12414,BLUE_5,BLUE,GARGOYLE,-2,3,3,3,35.00,9.00,true
12414,BLUE_6,BLUE,SPIDER,1,2,1,0,2.00,4.00,true
12415,GREEN_1,GREEN,ASSASSIN,2,-3,8,3,78.00,46.00,true
12415,GREEN_2,GREEN,SCORPION_RIDER,1,-3,1,1,0.00,0.00,true
12415,GREEN_3,GREEN,ASSASSIN,1,-2,1,0,6.00,8.00,true
12415,GREEN_4,GREEN,SPIDER,3,-2,1,0,0.00,4.00,true
12415,BLUE_5,BLUE,ASSASSIN,-2,3,7,0,56.00,56.00,false
12415,BLUE_6,BLUE,MAGE,-2,2,3,0,2.00,24.00,false
12415,BLUE_7,BLUE,SPIDER,-3,2,1,0,0.00,4.00,false
12416,GREEN_1,GREEN,ASSASSIN,2,-3,8,3,78.00,46.00,true
12416,GREEN_2,GREEN,SCORPION_RIDER,1,-3,1,1,0.00,0.00,true
12416,GREEN_3,GREEN,ASSASSIN,1,-2,1,0,6.00,8.00,true
12416,GREEN_4,GREEN,SPIDER,3,-2,1,0,0.00,4.00,true
12416,BLUE_5,BLUE,ASSASSIN,-2,3,7,0,56.00,56.00,false
12416,BLUE_6,BLUE,MAGE,-2,2,3,0,2.00,24.00,false
12416,BLUE_7,BLUE,SPIDER,-3,2,1,0,0.00,4.00,false
12413,GREEN_1,GREEN,SCORPION_RIDER,0,-3,6,6,30.00,20.00,false
12413,GREEN_2,GREEN,GARGOYLE,3,-3,3,0,8.00,48.00,false
12413,GREEN_3,GREEN,ARCHER,3,-2,1,0,2.00,8.00,false
12413,BLUE_4,BLUE,ARCHER,-3,2,7,7,48.00,0.00,false
12413,BLUE_5,BLUE,ARCHER,1,2,4,0,28.00,32.00,false
12413,BLUE_6,BLUE,ASSASSIN,-3,3,1,0,0.00,8.00,false
12414,GREEN_1,GREEN,SCORPION_RIDER,0,-3,6,5,86.00,66.00,true
12414,GREEN_2,GREEN,GARGOYLE,3,-3,3,0,8.00,48.00,true
12414,GREEN_3,GREEN,ARCHER,3,-2,1,0,2.00,8.00,true
12414,BLUE_4,BLUE,ARCHER,-3,2,7,0,94.00,56.00,false
12414,BLUE_5,BLUE,ARCHER,1,2,4,0,28.00,32.00,false
12414,BLUE_6,BLUE,ASSASSIN,-3,3,1,0,0.00,8.00,false
12415,GREEN_1,GREEN,ASSASSIN,2,-3,7,0,16.00,56.00,false
12415,GREEN_2,GREEN,GARGOYLE,3,-3,3,3,0.00,15.00,false
12415,GREEN_3,GREEN,SPIDER,0,-3,1,0,0.00,4.00,false
12415,BLUE_4,BLUE,MAGE,0,3,8,8,60.00,0.00,false
12415,BLUE_5,BLUE,GOBLIN,-1,3,1,1,0.00,0.00,false
12415,BLUE_6,BLUE,ASSASSIN,-3,3,2,0,15.00,16.00,false
12416,GREEN_1,GREEN,ASSASSIN,2,-3,7,0,26.00,56.00,false
12416,GREEN_2,GREEN,GARGOYLE,3,-3,3,3,16.00,15.00,false
12416,GREEN_3,GREEN,SPIDER,0,-3,1,0,0.00,4.00,false
12416,BLUE_4,BLUE,MAGE,0,3,8,8,67.00,18.00,false
12416,BLUE_5,BLUE,GOBLIN,-1,3,1,0,4.00,8.00,false
12416,BLUE_6,BLUE,ASSASSIN,-3,3,2,0,4.00,16.00,false
12413,GREEN_1,GREEN,ASSASSIN,1,-2,8,0,40.00,64.00,false
12413,GREEN_2,GREEN,GOBLIN,1,-3,3,3,0.00,0.00,false
12413,GREEN_3,GREEN,ASSASSIN,-1,-2,1,0,0.00,8.00,false
12413,GREEN_4,GREEN,SPIDER,2,-2,1,0,0.00,4.00,false
12413,BLUE_5,BLUE,SPIDER,-2,3,13,13,50.00,0.00,false
12413,BLUE_6,BLUE,ASSASSIN,-1,2,4,0,24.00,32.00,false
12413,BLUE_7,BLUE,SPIDER,0,3,2,0,2.00,8.00,false
12414,GREEN_1,GREEN,ASSASSIN,1,-2,8,0,40.00,64.00,false
12414,GREEN_2,GREEN,GOBLIN,1,-3,3,3,0.00,0.00,false
12414,GREEN_3,GREEN,ASSASSIN,-1,-2,1,0,0.00,8.00,false
12414,GREEN_4,GREEN,SPIDER,2,-2,1,0,0.00,4.00,false
12414,BLUE_5,BLUE,SPIDER,-2,3,13,13,50.00,0.00,false
12414,BLUE_6,BLUE,ASSASSIN,-1,2,4,0,24.00,32.00,false
12414,BLUE_7,BLUE,SPIDER,0,3,2,0,2.00,8.00,false
12415,GREEN_1,GREEN,MAGE,1,-2,8,0,84.00,74.00,false
12415,GREEN_2,GREEN,ASSASSIN,2,-2,2,0,9.00,16.00,false
12415,GREEN_3,GREEN,GOBLIN,1,-3,1,0,0.00,8.00,false
12415,BLUE_4,BLUE,GARGOYLE,-2,3,5,0,56.00,80.00,true
12415,BLUE_5,BLUE,GOLEM,-3,3,4,4,42.00,13.00,true
12416,GREEN_1,GREEN,MAGE,1,-2,8,0,108.00,64.00,false
12416,GREEN_2,GREEN,ASSASSIN,2,-2,2,0,9.00,16.00,false
12416,GREEN_3,GREEN,GOBLIN,1,-3,1,0,0.00,8.00,false
12416,BLUE_4,BLUE,GARGOYLE,-2,3,5,0,34.00,80.00,true
12416,BLUE_5,BLUE,GOLEM,-3,3,4,4,54.00,37.00,true
13029,GREEN_1,GREEN,ARCHER,-1,-2,8,8,146.00,18.00,true
13029,GREEN_2,GREEN,GARGOYLE,3,-2,3,0,36.00,48.00,true
13029,GREEN_3,GREEN,GOBLIN,2,-3,2,0,0.00,16.00,true
13029,BLUE_4,BLUE,GARGOYLE,-2,2,6,0,58.00,96.00,false
13029,BLUE_5,BLUE,GOLEM,-1,3,3,0,22.00,78.00,false
13029,BLUE_6,BLUE,GOBLIN,0,3,1,0,2.00,8.00,false
13030,GREEN_1,GREEN,ARCHER,-1,-2,8,8,164.00,18.00,true
13030,GREEN_2,GREEN,GARGOYLE,3,-2,3,0,26.00,48.00,true
13030,GREEN_3,GREEN,GOBLIN,2,-3,2,0,0.00,16.00,true
13030,BLUE_4,BLUE,GARGOYLE,-2,2,6,0,52.00,104.00,false
13030,BLUE_5,BLUE,GOLEM,-1,3,3,0,30.00,78.00,false
13030,BLUE_6,BLUE,GOBLIN,0,3,1,0,0.00,8.00,false
13031,GREEN_1,GREEN,GOBLIN,-1,-2,10,0,56.00,80.00,false
13031,GREEN_2,GREEN,SPIDER,1,-3,15,15,0.00,9.00,false
13031,BLUE_3,BLUE,SCORPION_RIDER,-2,2,6,6,43.00,28.00,false
13031,BLUE_4,BLUE,MAGE,0,2,3,2,38.00,12.00,false
13031,BLUE_5,BLUE,GOBLIN,-2,3,2,0,8.00,16.00,false
13032,GREEN_1,GREEN,GOBLIN,-1,-2,10,0,56.00,80.00,false
13032,GREEN_2,GREEN,SPIDER,1,-3,15,15,0.00,9.00,false
13032,BLUE_3,BLUE,SCORPION_RIDER,-2,2,6,6,43.00,28.00,false
13032,BLUE_4,BLUE,MAGE,0,2,3,2,38.00,12.00,false
13032,BLUE_5,BLUE,GOBLIN,-2,3,2,0,8.00,16.00,false
13029,GREEN_1,GREEN,GARGOYLE,3,-3,5,4,49.00,30.00,false
13029,GREEN_2,GREEN,GOLEM,2,-2,4,2,59.00,89.00,false
13029,BLUE_3,BLUE,SCORPION_RIDER,0,2,6,0,110.00,108.00,false
13029,BLUE_4,BLUE,MAGE,-2,2,2,2,9.00,0.00,false
13029,BLUE_5,BLUE,SPIDER,-2,3,4,4,0.00,0.00,false
13030,GREEN_1,GREEN,GARGOYLE,3,-3,5,5,51.00,3.00,false
13030,GREEN_2,GREEN,GOLEM,2,-2,4,0,57.00,104.00,false
13030,BLUE_3,BLUE,SCORPION_RIDER,0,2,6,0,98.00,108.00,false
13030,BLUE_4,BLUE,MAGE,-2,2,2,2,9.00,0.00,false
13030,BLUE_5,BLUE,SPIDER,-2,3,4,4,0.00,0.00,false
13031,GREEN_1,GREEN,SCORPION_RIDER,2,-3,5,5,123.00,40.00,false
13031,GREEN_2,GREEN,MAGE,1,-2,4,0,7.00,32.00,false
13031,GREEN_3,GREEN,SPIDER,0,-3,2,0,2.00,8.00,false
13031,BLUE_4,BLUE,GOBLIN,-3,3,8,8,0.00,0.00,false
13031,BLUE_5,BLUE,GOBLIN,-1,3,10,0,36.00,80.00,false
13031,BLUE_6,BLUE,GOBLIN,1,2,6,0,44.00,48.00,false
13031,BLUE_7,BLUE,SPIDER,0,3,1,0,0.00,4.00,false
13032,GREEN_1,GREEN,SCORPION_RIDER,2,-3,5,5,123.00,40.00,false
13032,GREEN_2,GREEN,MAGE,1,-2,4,0,7.00,32.00,false
13032,GREEN_3,GREEN,SPIDER,0,-3,2,0,2.00,8.00,false
13032,BLUE_4,BLUE,GOBLIN,-3,3,8,8,0.00,0.00,false
13032,BLUE_5,BLUE,GOBLIN,-1,3,10,0,36.00,80.00,false
13032,BLUE_6,BLUE,GOBLIN,1,2,6,0,44.00,48.00,false
13032,BLUE_7,BLUE,SPIDER,0,3,1,0,0.00,4.00,false
13029,GREEN_1,GREEN,GOBLIN,3,-3,10,0,36.00,80.00,true
13029,GREEN_2,GREEN,SCORPION_RIDER,0,-3,5,3,98.00,58.00,true
13029,GREEN_3,GREEN,GOBLIN,-1,-2,1,0,0.00,8.00,true
13029,BLUE_4,BLUE,SCORPION_RIDER,-1,3,5,0,123.00,90.00,false
13029,BLUE_5,BLUE,ARCHER,-3,2,4,0,20.00,32.00,false
13029,BLUE_6,BLUE,MAGE,-2,3,1,0,3.00,8.00,false
13029,BLUE_7,BLUE,SPIDER,-3,3,1,0,0.00,4.00,false
13030,GREEN_1,GREEN,GOBLIN,3,-3,10,0,36.00,80.00,true
13030,GREEN_2,GREEN,SCORPION_RIDER,0,-3,5,3,98.00,58.00,true
13030,GREEN_3,GREEN,GOBLIN,-1,-2,1,0,0.00,8.00,true
13030,BLUE_4,BLUE,SCORPION_RIDER,-1,3,5,0,123.00,90.00,false
13030,BLUE_5,BLUE,ARCHER,-3,2,4,0,20.00,32.00,false
13030,BLUE_6,BLUE,MAGE,-2,3,1,0,3.00,8.00,false
13030,BLUE_7,BLUE,SPIDER,-3,3,1,0,0.00,4.00,false
13031,GREEN_1,GREEN,SCORPION_RIDER,3,-2,6,0,36.00,108.00,false
13031,GREEN_2,GREEN,SPIDER,2,-3,8,8,0.00,0.00,false
13031,GREEN_3,GREEN,GOBLIN,1,-3,1,1,0.00,0.00,false
13031,BLUE_4,BLUE,SPIDER,-2,2,14,5,75.00,36.00,false
13031,BLUE_5,BLUE,MAGE,0,3,4,4,33.00,0.00,false
13031,BLUE_6,BLUE,GOBLIN,-2,3,1,1,0.00,0.00,false
13032,GREEN_1,GREEN,SCORPION_RIDER,3,-2,6,0,36.00,108.00,false
13032,GREEN_2,GREEN,SPIDER,2,-3,8,8,0.00,0.00,false
13032,GREEN_3,GREEN,GOBLIN,1,-3,1,1,0.00,0.00,false
13032,BLUE_4,BLUE,SPIDER,-2,2,14,5,75.00,36.00,false
13032,BLUE_5,BLUE,MAGE,0,3,4,4,33.00,0.00,false
13032,BLUE_6,BLUE,GOBLIN,-2,3,1,1,0.00,0.00,false
13645,GREEN_1,GREEN,ARCHER,1,-3,7,7,68.00,0.00,true
13645,GREEN_2,GREEN,SCORPION_RIDER,2,-3,4,4,52.00,44.00,true
13645,BLUE_3,BLUE,ASSASSIN,-2,3,7,0,24.00,56.00,false
13645,BLUE_4,BLUE,GOBLIN,-1,3,8,0,20.00,64.00,false
13646,GREEN_1,GREEN,ARCHER,1,-3,7,7,68.00,0.00,true
13646,GREEN_2,GREEN,SCORPION_RIDER,2,-3,4,4,52.00,44.00,true
13646,BLUE_3,BLUE,ASSASSIN,-2,3,7,0,24.00,56.00,false
13646,BLUE_4,BLUE,GOBLIN,-1,3,8,0,20.00,64.00,false
13647,GREEN_1,GREEN,MAGE,2,-2,8,0,15.00,64.00,false
13647,GREEN_2,GREEN,ARCHER,2,-3,3,0,22.00,24.00,false
13647,BLUE_3,BLUE,GOBLIN,-1,2,12,12,88.00,33.00,true
13647,BLUE_4,BLUE,GOBLIN,0,3,12,12,0.00,0.00,true
13647,BLUE_5,BLUE,SPIDER,0,2,1,0,0.00,4.00,true
13648,GREEN_1,GREEN,MAGE,2,-2,8,0,15.00,64.00,false
13648,GREEN_2,GREEN,ARCHER,2,-3,3,0,22.00,24.00,false
13648,BLUE_3,BLUE,GOBLIN,-1,2,12,12,88.00,33.00,true
13648,BLUE_4,BLUE,GOBLIN,0,3,12,12,0.00,0.00,true
13648,BLUE_5,BLUE,SPIDER,0,2,1,0,0.00,4.00,true
13645,GREEN_1,GREEN,GOLEM,-1,-2,4,0,32.00,104.00,false
13645,GREEN_2,GREEN,GOLEM,0,-2,3,0,30.00,78.00,false
13645,GREEN_3,GREEN,GOBLIN,1,-3,1,0,0.00,8.00,false
13645,BLUE_4,BLUE,ARCHER,-3,3,7,7,154.00,14.00,true
13645,BLUE_5,BLUE,ARCHER,-3,2,4,0,33.00,32.00,true
13645,BLUE_6,BLUE,GARGOYLE,-1,3,1,0,3.00,16.00,true
13646,GREEN_1,GREEN,GOLEM,-1,-2,4,0,32.00,104.00,false
13646,GREEN_2,GREEN,GOLEM,0,-2,3,0,30.00,78.00,false
13646,GREEN_3,GREEN,GOBLIN,1,-3,1,0,0.00,8.00,false
13646,BLUE_4,BLUE,ARCHER,-3,3,7,7,154.00,14.00,true
13646,BLUE_5,BLUE,ARCHER,-3,2,4,0,33.00,32.00,true
13646,BLUE_6,BLUE,GARGOYLE,-1,3,1,0,3.00,16.00,true
13647,GREEN_1,GREEN,GARGOYLE,3,-3,6,0,61.00,96.00,false
13647,GREEN_2,GREEN,SPIDER,1,-3,11,0,4.00,44.00,false
13647,BLUE_3,BLUE,ARCHER,-3,3,7,6,121.00,29.00,true
13647,BLUE_4,BLUE,MAGE,0,3,4,0,19.00,32.00,true
13647,BLUE_5,BLUE,SPIDER,-1,3,1,0,0.00,4.00,true
13648,GREEN_1,GREEN,GARGOYLE,3,-3,6,0,61.00,96.00,false
13648,GREEN_2,GREEN,SPIDER,1,-3,11,0,4.00,44.00,false
13648,BLUE_3,BLUE,ARCHER,-3,3,7,6,121.00,29.00,true
13648,BLUE_4,BLUE,MAGE,0,3,4,0,19.00,32.00,true
13648,BLUE_5,BLUE,SPIDER,-1,3,1,0,0.00,4.00,true
13645,GREEN_1,GREEN,GOLEM,3,-3,4,4,76.00,49.00,true
13645,GREEN_2,GREEN,SPIDER,0,-2,10,0,12.00,40.00,true
13645,GREEN_3,GREEN,SPIDER,2,-2,1,0,0.00,4.00,true
13645,BLUE_4,BLUE,ASSASSIN,0,3,7,0,73.00,56.00,false
13645,BLUE_5,BLUE,MAGE,-2,2,3,0,19.00,24.00,false
13645,BLUE_6,BLUE,GOBLIN,-2,3,1,0,1.00,8.00,false
13646,GREEN_1,GREEN,GOLEM,3,-3,4,4,76.00,49.00,true
13646,GREEN_2,GREEN,SPIDER,0,-2,10,0,12.00,40.00,true
13646,GREEN_3,GREEN,SPIDER,2,-2,1,0,0.00,4.00,true
13646,BLUE_4,BLUE,ASSASSIN,0,3,7,0,73.00,56.00,false
13646,BLUE_5,BLUE,MAGE,-2,2,3,0,19.00,24.00,false
13646,BLUE_6,BLUE,GOBLIN,-2,3,1,0,1.00,8.00,false
13647,GREEN_1,GREEN,SCORPION_RIDER,2,-2,6,6,36.00,6.00,true
13647,GREEN_2,GREEN,SCORPION_RIDER,0,-2,3,0,44.00,54.00,true
13647,GREEN_3,GREEN,GOBLIN,1,-3,1,0,4.00,8.00,true
13647,BLUE_4,BLUE,ASSASSIN,-1,2,7,0,62.00,56.00,false
13647,BLUE_5,BLUE,ASSASSIN,-3,2,3,0,6.00,24.00,false
13647,BLUE_6,BLUE,SPIDER,0,3,1,0,0.00,4.00,false
13648,GREEN_1,GREEN,SCORPION_RIDER,2,-2,6,6,36.00,6.00,true
13648,GREEN_2,GREEN,SCORPION_RIDER,0,-2,3,0,44.00,54.00,true
13648,GREEN_3,GREEN,GOBLIN,1,-3,1,0,4.00,8.00,true
13648,BLUE_4,BLUE,ASSASSIN,-1,2,7,0,62.00,56.00,false
13648,BLUE_5,BLUE,ASSASSIN,-3,2,3,0,6.00,24.00,false
13648,BLUE_6,BLUE,SPIDER,0,3,1,0,0.00,4.00,false
14261,GREEN_1,GREEN,GARGOYLE,0,-2,5,4,99.00,54.00,true
14261,GREEN_2,GREEN,SCORPION_RIDER,3,-2,4,0,26.00,72.00,true
14261,GREEN_3,GREEN,GARGOYLE,2,-3,1,0,3.00,16.00,true
14261,BLUE_4,BLUE,GARGOYLE,-3,2,5,0,112.00,80.00,false
14261,BLUE_5,BLUE,ASSASSIN,-2,3,5,0,30.00,40.00,false
14261,BLUE_6,BLUE,GOBLIN,-2,2,1,0,0.00,8.00,false
14262,GREEN_1,GREEN,GARGOYLE,0,-2,5,4,99.00,54.00,true
14262,GREEN_2,GREEN,SCORPION_RIDER,3,-2,4,0,26.00,72.00,true
14262,GREEN_3,GREEN,GARGOYLE,2,-3,1,0,3.00,16.00,true
14262,BLUE_4,BLUE,GARGOYLE,-3,2,5,0,112.00,80.00,false
14262,BLUE_5,BLUE,ASSASSIN,-2,3,5,0,30.00,40.00,false
14262,BLUE_6,BLUE,GOBLIN,-2,2,1,0,0.00,8.00,false
14263,GREEN_1,GREEN,GARGOYLE,2,-3,6,6,15.00,0.00,false
14263,GREEN_2,GREEN,ARCHER,0,-3,5,5,25.00,0.00,false
14263,GREEN_3,GREEN,SPIDER,3,-3,1,0,0.00,4.00,false
14263,BLUE_4,BLUE,GOLEM,-1,3,4,4,0.00,0.00,false
14263,BLUE_5,BLUE,ASSASSIN,0,2,5,0,4.00,40.00,false
14264,GREEN_1,GREEN,GARGOYLE,2,-3,6,6,15.00,0.00,false
14264,GREEN_2,GREEN,ARCHER,0,-3,5,5,25.00,0.00,false
14264,GREEN_3,GREEN,SPIDER,3,-3,1,0,0.00,4.00,false
14264,BLUE_4,BLUE,GOLEM,-1,3,4,4,0.00,0.00,false
14264,BLUE_5,BLUE,ASSASSIN,0,2,5,0,4.00,40.00,false
14261,GREEN_1,GREEN,GOLEM,3,-2,3,3,0.00,0.00,false
14261,GREEN_2,GREEN,SCORPION_RIDER,2,-2,4,0,54.00,72.00,false
14261,GREEN_3,GREEN,GOBLIN,0,-3,4,4,0.00,0.00,false
14261,BLUE_4,BLUE,MAGE,-3,2,7,7,30.00,0.00,false
14261,BLUE_5,BLUE,SCORPION_RIDER,0,3,3,0,42.00,54.00,false
14262,GREEN_1,GREEN,GOLEM,3,-2,3,3,0.00,0.00,false
14262,GREEN_2,GREEN,SCORPION_RIDER,2,-2,4,0,54.00,72.00,false
14262,GREEN_3,GREEN,GOBLIN,0,-3,4,4,0.00,0.00,false
14262,BLUE_4,BLUE,MAGE,-3,2,7,7,30.00,0.00,false
14262,BLUE_5,BLUE,SCORPION_RIDER,0,3,3,0,42.00,54.00,false
14263,GREEN_1,GREEN,ASSASSIN,1,-3,7,0,28.00,56.00,false
14263,GREEN_2,GREEN,GOBLIN,2,-3,8,0,40.00,64.00,false
14263,BLUE_3,BLUE,SPIDER,-2,3,13,3,88.00,40.00,true
14263,BLUE_4,BLUE,SCORPION_RIDER,-1,3,4,4,32.00,24.00,true
14263,BLUE_5,BLUE,SPIDER,0,3,1,0,0.00,4.00,true
14264,GREEN_1,GREEN,ASSASSIN,1,-3,7,0,28.00,56.00,false
14264,GREEN_2,GREEN,GOBLIN,2,-3,8,0,40.00,64.00,false
14264,BLUE_3,BLUE,SPIDER,-2,3,13,3,88.00,40.00,true
14264,BLUE_4,BLUE,SCORPION_RIDER,-1,3,4,4,32.00,24.00,true
14264,BLUE_5,BLUE,SPIDER,0,3,1,0,0.00,4.00,true
14261,GREEN_1,GREEN,ARCHER,-1,-2,8,5,86.00,41.00,true
14261,GREEN_2,GREEN,GARGOYLE,3,-3,3,3,0.00,0.00,true
14261,GREEN_3,GREEN,SPIDER,0,-2,2,0,2.00,8.00,true
14261,BLUE_4,BLUE,MAGE,-2,3,8,0,37.00,64.00,false
14261,BLUE_5,BLUE,ASSASSIN,-3,2,2,0,8.00,16.00,false
14261,BLUE_6,BLUE,GOBLIN,1,2,1,0,4.00,8.00,false
14262,GREEN_1,GREEN,ARCHER,-1,-2,8,5,86.00,41.00,true
14262,GREEN_2,GREEN,GARGOYLE,3,-3,3,3,0.00,0.00,true
14262,GREEN_3,GREEN,SPIDER,0,-2,2,0,2.00,8.00,true
14262,BLUE_4,BLUE,MAGE,-2,3,8,0,37.00,64.00,false
14262,BLUE_5,BLUE,ASSASSIN,-3,2,2,0,8.00,16.00,false
14262,BLUE_6,BLUE,GOBLIN,1,2,1,0,4.00,8.00,false
14263,GREEN_1,GREEN,ASSASSIN,2,-2,8,0,60.00,64.00,false
14263,GREEN_2,GREEN,GOLEM,0,-2,1,0,7.00,26.00,false
14263,GREEN_3,GREEN,SPIDER,1,-3,3,0,4.00,12.00,false
14263,BLUE_4,BLUE,ASSASSIN,-1,3,8,5,88.00,51.00,true
14263,BLUE_5,BLUE,ASSASSIN,-2,2,2,0,12.00,16.00,true
14263,BLUE_6,BLUE,SPIDER,-3,3,1,0,2.00,4.00,true
14264,GREEN_1,GREEN,ASSASSIN,2,-2,8,0,60.00,64.00,false
14264,GREEN_2,GREEN,GOLEM,0,-2,1,0,7.00,26.00,false
14264,GREEN_3,GREEN,SPIDER,1,-3,3,0,4.00,12.00,false
14264,BLUE_4,BLUE,ASSASSIN,-1,3,8,5,88.00,51.00,true
14264,BLUE_5,BLUE,ASSASSIN,-2,2,2,0,12.00,16.00,true
14264,BLUE_6,BLUE,SPIDER,-3,3,1,0,2.00,4.00,true
14877,GREEN_1,GREEN,ASSASSIN,1,-3,8,0,24.00,64.00,false
14877,GREEN_2,GREEN,MAGE,2,-2,2,2,0.00,0.00,false
14877,GREEN_3,GREEN,GOBLIN,2,-3,1,1,0.00,0.00,false
14877,BLUE_4,BLUE,MAGE,-1,3,8,8,56.00,0.00,false
14877,BLUE_5,BLUE,SPIDER,-2,3,5,0,8.00,20.00,false
14877,BLUE_6,BLUE,SPIDER,1,2,1,0,0.00,4.00,false
14878,GREEN_1,GREEN,ASSASSIN,1,-3,8,0,24.00,64.00,false
14878,GREEN_2,GREEN,MAGE,2,-2,2,2,0.00,0.00,false
14878,GREEN_3,GREEN,GOBLIN,2,-3,1,1,0.00,0.00,false
14878,BLUE_4,BLUE,MAGE,-1,3,8,8,56.00,0.00,false
14878,BLUE_5,BLUE,SPIDER,-2,3,5,0,8.00,20.00,false
14878,BLUE_6,BLUE,SPIDER,1,2,1,0,0.00,4.00,false
14879,GREEN_1,GREEN,SPIDER,1,-2,16,1,62.00,63.00,true
14879,GREEN_2,GREEN,ARCHER,1,-3,4,4,26.00,0.00,true
14879,GREEN_3,GREEN,GOBLIN,2,-2,1,1,0.00,0.00,true
14879,BLUE_4,BLUE,ASSASSIN,0,2,8,0,48.00,64.00,false
14879,BLUE_5,BLUE,MAGE,-2,3,2,0,12.00,16.00,false
14879,BLUE_6,BLUE,GOBLIN,-3,3,1,0,3.00,8.00,false
14880,GREEN_1,GREEN,SPIDER,1,-2,16,1,62.00,63.00,true
14880,GREEN_2,GREEN,ARCHER,1,-3,4,4,26.00,0.00,true
14880,GREEN_3,GREEN,GOBLIN,2,-2,1,1,0.00,0.00,true
14880,BLUE_4,BLUE,ASSASSIN,0,2,8,0,48.00,64.00,false
14880,BLUE_5,BLUE,MAGE,-2,3,2,0,12.00,16.00,false
14880,BLUE_6,BLUE,GOBLIN,-3,3,1,0,3.00,8.00,false
14877,GREEN_1,GREEN,SCORPION_RIDER,2,-3,6,0,90.00,108.00,false
14877,GREEN_2,GREEN,ASSASSIN,1,-3,3,0,18.00,24.00,false
14877,GREEN_3,GREEN,SPIDER,1,-2,2,0,0.00,8.00,false
14877,BLUE_4,BLUE,GARGOYLE,0,3,6,6,90.00,50.00,true
14877,BLUE_5,BLUE,ARCHER,0,2,5,0,50.00,50.00,true
14877,BLUE_6,BLUE,GOBLIN,-3,2,1,0,0.00,8.00,true
14878,GREEN_1,GREEN,SCORPION_RIDER,2,-3,6,3,70.00,97.00,false
14878,GREEN_2,GREEN,ASSASSIN,1,-3,3,0,18.00,24.00,false
14878,GREEN_3,GREEN,SPIDER,1,-2,2,0,0.00,8.00,false
14878,BLUE_4,BLUE,GARGOYLE,0,3,6,6,53.00,22.00,false
14878,BLUE_5,BLUE,ARCHER,0,2,5,0,76.00,58.00,false
14878,BLUE_6,BLUE,GOBLIN,-3,2,1,0,0.00,8.00,false
14879,GREEN_1,GREEN,ARCHER,2,-3,8,5,68.00,54.00,true
14879,GREEN_2,GREEN,ARCHER,0,-3,4,4,32.00,3.00,true
14879,GREEN_3,GREEN,GOBLIN,3,-3,1,1,0.00,0.00,true
14879,BLUE_4,BLUE,ASSASSIN,0,2,8,0,54.00,64.00,false
14879,BLUE_5,BLUE,GARGOYLE,-2,3,2,0,3.00,32.00,false
14879,BLUE_6,BLUE,SPIDER,-2,2,1,0,0.00,4.00,false
14880,GREEN_1,GREEN,ARCHER,2,-3,8,1,60.00,62.00,true
14880,GREEN_2,GREEN,ARCHER,0,-3,4,4,40.00,0.00,true
14880,GREEN_3,GREEN,GOBLIN,3,-3,1,1,0.00,0.00,true
14880,BLUE_4,BLUE,ASSASSIN,0,2,8,0,54.00,64.00,false
14880,BLUE_5,BLUE,GARGOYLE,-2,3,2,0,8.00,32.00,false
14880,BLUE_6,BLUE,SPIDER,-2,2,1,0,0.00,4.00,false
14877,GREEN_1,GREEN,GOBLIN,2,-3,11,6,52.00,70.00,true
14877,GREEN_2,GREEN,SPIDER,1,-2,13,0,40.00,52.00,true
14877,GREEN_3,GREEN,GOBLIN,1,-3,1,1,0.00,0.00,true
14877,BLUE_4,BLUE,SPIDER,-3,2,14,0,68.00,56.00,false
14877,BLUE_5,BLUE,MAGE,-1,2,4,0,52.00,32.00,false
14877,BLUE_6,BLUE,SPIDER,0,2,1,0,2.00,4.00,false
14878,GREEN_1,GREEN,GOBLIN,2,-3,11,6,52.00,70.00,true
14878,GREEN_2,GREEN,SPIDER,1,-2,13,0,40.00,52.00,true
14878,GREEN_3,GREEN,GOBLIN,1,-3,1,1,0.00,0.00,true
14878,BLUE_4,BLUE,SPIDER,-3,2,14,0,68.00,56.00,false
14878,BLUE_5,BLUE,MAGE,-1,2,4,0,52.00,32.00,false
14878,BLUE_6,BLUE,SPIDER,0,2,1,0,2.00,4.00,false
14879,GREEN_1,GREEN,GARGOYLE,-1,-2,6,6,33.00,0.00,false
14879,GREEN_2,GREEN,GARGOYLE,1,-2,3,0,21.00,48.00,false
14879,GREEN_3,GREEN,ARCHER,2,-2,2,0,2.00,16.00,false
14879,BLUE_4,BLUE,ASSASSIN,1,2,7,0,64.00,56.00,false
14879,BLUE_5,BLUE,GARGOYLE,-1,3,3,3,0.00,0.00,false
14879,BLUE_6,BLUE,SPIDER,0,3,1,1,0.00,0.00,false
14880,GREEN_1,GREEN,GARGOYLE,-1,-2,6,6,33.00,0.00,false
14880,GREEN_2,GREEN,GARGOYLE,1,-2,3,0,21.00,48.00,false
14880,GREEN_3,GREEN,ARCHER,2,-2,2,0,2.00,16.00,false
14880,BLUE_4,BLUE,ASSASSIN,1,2,7,0,64.00,56.00,false
14880,BLUE_5,BLUE,GARGOYLE,-1,3,3,3,0.00,0.00,false
14880,BLUE_6,BLUE,SPIDER,0,3,1,1,0.00,0.00,false
15493,GREEN_1,GREEN,MAGE,-1,-2,7,0,15.00,56.00,false
15493,GREEN_2,GREEN,GARGOYLE,0,-3,3,0,36.00,48.00,false
15493,GREEN_3,GREEN,GOBLIN,1,-2,1,0,0.00,8.00,false
15493,BLUE_4,BLUE,GARGOYLE,-1,2,6,6,39.00,4.00,true
15493,BLUE_5,BLUE,SCORPION_RIDER,-2,2,4,3,73.00,47.00,true
15494,GREEN_1,GREEN,MAGE,-1,-2,7,0,15.00,56.00,false
15494,GREEN_2,GREEN,GARGOYLE,0,-3,3,0,36.00,48.00,false
15494,GREEN_3,GREEN,GOBLIN,1,-2,1,0,0.00,8.00,false
15494,BLUE_4,BLUE,GARGOYLE,-1,2,6,6,39.00,4.00,true
15494,BLUE_5,BLUE,SCORPION_RIDER,-2,2,4,3,73.00,47.00,true
15495,GREEN_1,GREEN,ARCHER,2,-2,2,0,20.00,16.00,true
15495,GREEN_2,GREEN,ARCHER,3,-2,8,7,111.00,22.00,true
15495,GREEN_3,GREEN,MAGE,0,-3,2,2,13.00,0.00,true
15495,BLUE_4,BLUE,GOLEM,0,3,4,0,38.00,104.00,false
15495,BLUE_5,BLUE,ASSASSIN,1,2,5,0,0.00,40.00,false
15496,GREEN_1,GREEN,ARCHER,2,-2,2,0,20.00,16.00,true
15496,GREEN_2,GREEN,ARCHER,3,-2,8,7,111.00,22.00,true
15496,GREEN_3,GREEN,MAGE,0,-3,2,2,13.00,0.00,true
15496,BLUE_4,BLUE,GOLEM,0,3,4,0,38.00,104.00,false
15496,BLUE_5,BLUE,ASSASSIN,1,2,5,0,0.00,40.00,false
15493,GREEN_1,GREEN,SCORPION_RIDER,1,-2,6,1,138.00,102.00,true
15493,GREEN_2,GREEN,GOLEM,3,-2,2,1,36.00,39.00,true
15493,GREEN_3,GREEN,ASSASSIN,2,-2,1,0,6.00,8.00,true
15493,BLUE_4,BLUE,GOBLIN,-3,3,12,0,52.00,100.00,false
15493,BLUE_5,BLUE,SCORPION_RIDER,-1,2,4,0,91.00,72.00,false
15493,BLUE_6,BLUE,SPIDER,-1,3,2,0,6.00,8.00,false
15494,GREEN_1,GREEN,SCORPION_RIDER,1,-2,6,0,147.00,108.00,true
15494,GREEN_2,GREEN,GOLEM,3,-2,2,2,31.00,36.00,true
15494,GREEN_3,GREEN,ASSASSIN,2,-2,1,0,6.00,8.00,true
15494,BLUE_4,BLUE,GOBLIN,-3,3,12,0,52.00,98.00,false
15494,BLUE_5,BLUE,SCORPION_RIDER,-1,2,4,0,94.00,78.00,false
15494,BLUE_6,BLUE,SPIDER,-1,3,2,0,6.00,8.00,false
15495,GREEN_1,GREEN,ASSASSIN,1,-3,7,0,81.00,56.00,false
15495,GREEN_2,GREEN,GARGOYLE,0,-3,3,0,52.00,48.00,false
15495,GREEN_3,GREEN,SPIDER,3,-2,1,0,0.00,4.00,false
15495,BLUE_4,BLUE,GOLEM,-2,2,4,2,72.00,85.00,true
15495,BLUE_5,BLUE,GOLEM,-3,2,3,3,36.00,48.00,true
15495,BLUE_6,BLUE,SPIDER,-3,3,1,1,0.00,0.00,true
15496,GREEN_1,GREEN,ASSASSIN,1,-3,7,0,81.00,56.00,false
15496,GREEN_2,GREEN,GARGOYLE,0,-3,3,0,52.00,48.00,false
15496,GREEN_3,GREEN,SPIDER,3,-2,1,0,0.00,4.00,false
15496,BLUE_4,BLUE,GOLEM,-2,2,4,2,72.00,85.00,true
15496,BLUE_5,BLUE,GOLEM,-3,2,3,3,36.00,48.00,true
15496,BLUE_6,BLUE,SPIDER,-3,3,1,1,0.00,0.00,true
15493,GREEN_1,GREEN,GOBLIN,1,-3,11,4,100.00,74.00,true
15493,GREEN_2,GREEN,ARCHER,2,-3,6,5,91.00,22.00,true
15493,GREEN_3,GREEN,ARCHER,0,-3,1,0,5.00,8.00,true
15493,BLUE_4,BLUE,GOLEM,0,3,4,0,69.00,108.00,false
15493,BLUE_5,BLUE,GOBLIN,1,2,11,0,35.00,88.00,false
15494,GREEN_1,GREEN,GOBLIN,1,-3,11,4,100.00,74.00,true
15494,GREEN_2,GREEN,ARCHER,2,-3,6,5,91.00,22.00,true
15494,GREEN_3,GREEN,ARCHER,0,-3,1,0,5.00,8.00,true
15494,BLUE_4,BLUE,GOLEM,0,3,4,0,69.00,108.00,false
15494,BLUE_5,BLUE,GOBLIN,1,2,11,0,35.00,88.00,false
15495,GREEN_1,GREEN,GOBLIN,1,-3,10,0,40.00,80.00,false
15495,GREEN_2,GREEN,GOLEM,3,-3,4,4,0.00,0.00,false
15495,GREEN_3,GREEN,SPIDER,0,-2,1,0,0.00,4.00,false
15495,BLUE_4,BLUE,MAGE,-1,3,8,7,66.00,16.00,false
15495,BLUE_5,BLUE,ASSASSIN,-1,2,2,0,16.00,16.00,false
15495,BLUE_6,BLUE,GOBLIN,0,3,1,0,2.00,8.00,false
15496,GREEN_1,GREEN,GOBLIN,1,-3,10,0,40.00,80.00,false
15496,GREEN_2,GREEN,GOLEM,3,-3,4,4,0.00,0.00,false
15496,GREEN_3,GREEN,SPIDER,0,-2,1,0,0.00,4.00,false
15496,BLUE_4,BLUE,MAGE,-1,3,8,7,66.00,16.00,false
15496,BLUE_5,BLUE,ASSASSIN,-1,2,2,0,16.00,16.00,false
15496,BLUE_6,BLUE,GOBLIN,0,3,1,0,2.00,8.00,false
16109,GREEN_1,GREEN,ARCHER,3,-2,7,7,52.00,12.00,false
16109,GREEN_2,GREEN,SPIDER,1,-3,9,9,0.00,0.00,false
16109,GREEN_3,GREEN,GOBLIN,2,-3,2,2,0.00,0.00,false
16109,BLUE_4,BLUE,GARGOYLE,0,3,6,6,0.00,12.00,false
16109,BLUE_5,BLUE,MAGE,-2,3,4,0,12.00,32.00,false
16109,BLUE_6,BLUE,GOBLIN,-3,3,1,0,0.00,8.00,false
16110,GREEN_1,GREEN,ARCHER,3,-2,7,7,52.00,12.00,false
16110,GREEN_2,GREEN,SPIDER,1,-3,9,9,0.00,0.00,false
16110,GREEN_3,GREEN,GOBLIN,2,-3,2,2,0.00,0.00,false
16110,BLUE_4,BLUE,GARGOYLE,0,3,6,6,0.00,12.00,false
16110,BLUE_5,BLUE,MAGE,-2,3,4,0,12.00,32.00,false
16110,BLUE_6,BLUE,GOBLIN,-3,3,1,0,0.00,8.00,false
16111,GREEN_1,GREEN,SPIDER,1,-3,13,0,16.00,52.00,false
16111,GREEN_2,GREEN,SPIDER,3,-3,12,0,14.00,48.00,false
16111,BLUE_3,BLUE,GOBLIN,-1,3,11,11,88.00,30.00,true
16111,BLUE_4,BLUE,ARCHER,-3,2,6,6,8.00,0.00,true
16111,BLUE_5,BLUE,ARCHER,-1,2,1,1,4.00,0.00,true
16112,GREEN_1,GREEN,SPIDER,1,-3,13,0,16.00,52.00,false
16112,GREEN_2,GREEN,SPIDER,3,-3,12,0,14.00,48.00,false
16112,BLUE_3,BLUE,GOBLIN,-1,3,11,11,88.00,30.00,true
16112,BLUE_4,BLUE,ARCHER,-3,2,6,6,8.00,0.00,true
16112,BLUE_5,BLUE,ARCHER,-1,2,1,1,4.00,0.00,true
16109,GREEN_1,GREEN,GOBLIN,0,-2,10,10,0.00,0.00,false
16109,GREEN_2,GREEN,GOLEM,1,-3,4,4,0.00,6.00,false
16109,GREEN_3,GREEN,SPIDER,3,-3,1,1,0.00,0.00,false
16109,BLUE_4,BLUE,GOBLIN,-3,3,10,10,0.00,0.00,false
16109,BLUE_5,BLUE,MAGE,-1,2,5,5,6.00,0.00,false
16109,BLUE_6,BLUE,GOBLIN,-1,3,3,3,0.00,0.00,false
16110,GREEN_1,GREEN,GOBLIN,0,-2,10,10,0.00,15.00,false
16110,GREEN_2,GREEN,GOLEM,1,-3,4,4,0.00,6.00,false
16110,GREEN_3,GREEN,SPIDER,3,-3,1,1,0.00,0.00,false
16110,BLUE_4,BLUE,GOBLIN,-3,3,10,10,0.00,0.00,false
16110,BLUE_5,BLUE,MAGE,-1,2,5,5,21.00,0.00,false
16110,BLUE_6,BLUE,GOBLIN,-1,3,3,3,0.00,0.00,false
16111,GREEN_1,GREEN,MAGE,0,-3,7,0,34.00,56.00,false
16111,GREEN_2,GREEN,SPIDER,1,-2,8,0,12.00,32.00,false
16111,BLUE_3,BLUE,SPIDER,-1,2,15,9,38.00,39.00,true
16111,BLUE_4,BLUE,SCORPION_RIDER,-3,3,3,3,50.00,7.00,true
16111,BLUE_5,BLUE,GOBLIN,-3,2,2,2,0.00,0.00,true
16112,GREEN_1,GREEN,MAGE,0,-3,7,0,34.00,56.00,false
16112,GREEN_2,GREEN,SPIDER,1,-2,8,0,12.00,32.00,false
16112,BLUE_3,BLUE,SPIDER,-1,2,15,9,38.00,39.00,true
16112,BLUE_4,BLUE,SCORPION_RIDER,-3,3,3,3,50.00,7.00,true
16112,BLUE_5,BLUE,GOBLIN,-3,2,2,2,0.00,0.00,true
16109,GREEN_1,GREEN,MAGE,1,-2,7,6,30.00,20.00,false
16109,GREEN_2,GREEN,GOBLIN,0,-3,7,5,34.00,40.00,false
16109,GREEN_3,GREEN,SPIDER,2,-2,1,0,0.00,4.00,false
16109,BLUE_4,BLUE,ASSASSIN,-2,2,7,0,64.00,56.00,false
16109,BLUE_5,BLUE,GOBLIN,-2,3,7,7,0.00,0.00,false
16109,BLUE_6,BLUE,GOBLIN,0,3,1,0,0.00,8.00,false
16110,GREEN_1,GREEN,MAGE,1,-2,7,7,79.00,20.00,true
16110,GREEN_2,GREEN,GOBLIN,0,-3,7,5,52.00,46.00,true
16110,GREEN_3,GREEN,SPIDER,2,-2,1,0,0.00,4.00,true
16110,BLUE_4,BLUE,ASSASSIN,-2,2,7,0,30.00,56.00,false
16110,BLUE_5,BLUE,GOBLIN,-2,3,7,0,40.00,67.00,false
16110,BLUE_6,BLUE,GOBLIN,0,3,1,0,0.00,8.00,false
16111,GREEN_1,GREEN,SPIDER,2,-2,13,0,52.00,52.00,false
16111,GREEN_2,GREEN,ASSASSIN,0,-2,4,0,8.00,32.00,false
16111,GREEN_3,GREEN,GOBLIN,3,-3,2,0,8.00,16.00,false
16111,BLUE_4,BLUE,GOBLIN,1,2,11,6,68.00,60.00,true
16111,BLUE_5,BLUE,SPIDER,-2,2,12,12,30.00,0.00,true
16111,BLUE_6,BLUE,ARCHER,-3,3,1,0,2.00,8.00,true
16112,GREEN_1,GREEN,SPIDER,2,-2,13,0,52.00,52.00,false
16112,GREEN_2,GREEN,ASSASSIN,0,-2,4,0,8.00,32.00,false
16112,GREEN_3,GREEN,GOBLIN,3,-3,2,0,8.00,16.00,false
16112,BLUE_4,BLUE,GOBLIN,1,2,11,6,68.00,60.00,true
16112,BLUE_5,BLUE,SPIDER,-2,2,12,12,30.00,0.00,true
16112,BLUE_6,BLUE,ARCHER,-3,3,1,0,2.00,8.00,true
16725,GREEN_1,GREEN,SPIDER,2,-3,15,15,24.00,0.00,false
16725,GREEN_2,GREEN,SCORPION_RIDER,1,-3,3,3,0.00,0.00,false
16725,GREEN_3,GREEN,GOBLIN,0,-2,2,0,8.00,16.00,false
16725,BLUE_4,BLUE,GOBLIN,-2,3,12,12,0.00,0.00,false
16725,BLUE_5,BLUE,ASSASSIN,-1,3,4,0,16.00,32.00,false
16725,BLUE_6,BLUE,SPIDER,-2,2,3,3,0.00,0.00,false
16726,GREEN_1,GREEN,SPIDER,2,-3,15,0,88.00,60.00,false
16726,GREEN_2,GREEN,SCORPION_RIDER,1,-3,3,0,28.00,54.00,false
16726,GREEN_3,GREEN,GOBLIN,0,-2,2,0,8.00,16.00,false
16726,BLUE_4,BLUE,GOBLIN,-2,3,12,1,114.00,92.00,true
16726,BLUE_5,BLUE,ASSASSIN,-1,3,4,0,16.00,32.00,true
16726,BLUE_6,BLUE,SPIDER,-2,2,3,3,0.00,0.00,true
16727,GREEN_1,GREEN,GOLEM,1,-2,4,4,0.00,0.00,false
16727,GREEN_2,GREEN,SCORPION_RIDER,-1,-2,4,4,0.00,0.00,false
16727,GREEN_3,GREEN,SPIDER,0,-3,1,1,0.00,0.00,false
16727,BLUE_4,BLUE,GOBLIN,-2,3,10,10,0.00,0.00,false
16727,BLUE_5,BLUE,GOBLIN,-1,3,12,12,0.00,0.00,false
16727,BLUE_6,BLUE,ARCHER,-1,2,1,1,0.00,0.00,false
16727,BLUE_7,BLUE,SPIDER,-3,3,1,1,0.00,0.00,false
16728,GREEN_1,GREEN,GOLEM,1,-2,4,4,0.00,0.00,false
16728,GREEN_2,GREEN,SCORPION_RIDER,-1,-2,4,4,0.00,0.00,false
16728,GREEN_3,GREEN,SPIDER,0,-3,1,1,0.00,0.00,false
16728,BLUE_4,BLUE,GOBLIN,-2,3,10,10,0.00,0.00,false
16728,BLUE_5,BLUE,GOBLIN,-1,3,12,12,0.00,0.00,false
16728,BLUE_6,BLUE,ARCHER,-1,2,1,1,0.00,0.00,false
16728,BLUE_7,BLUE,SPIDER,-3,3,1,1,0.00,0.00,false
16725,GREEN_1,GREEN,SPIDER,1,-3,15,10,71.00,36.00,true
16725,GREEN_2,GREEN,GOLEM,3,-2,3,3,39.00,28.00,true
16725,BLUE_3,BLUE,MAGE,-3,3,7,0,30.00,56.00,false
16725,BLUE_4,BLUE,SCORPION_RIDER,1,2,3,0,34.00,54.00,false
16726,GREEN_1,GREEN,SPIDER,1,-3,15,12,56.00,30.00,true
16726,GREEN_2,GREEN,GOLEM,3,-2,3,3,54.00,33.00,true
16726,BLUE_3,BLUE,MAGE,-3,3,7,0,30.00,56.00,false
16726,BLUE_4,BLUE,SCORPION_RIDER,1,2,3,0,33.00,54.00,false
16727,GREEN_1,GREEN,MAGE,0,-2,7,0,75.00,56.00,false
16727,GREEN_2,GREEN,SCORPION_RIDER,3,-3,3,0,9.00,54.00,false
16727,BLUE_3,BLUE,SPIDER,-2,3,15,5,56.00,52.00,true
16727,BLUE_4,BLUE,GOLEM,0,2,3,3,54.00,32.00,true
16728,GREEN_1,GREEN,MAGE,0,-2,7,0,75.00,56.00,false
16728,GREEN_2,GREEN,SCORPION_RIDER,3,-3,3,0,9.00,54.00,false
16728,BLUE_3,BLUE,SPIDER,-2,3,15,5,56.00,52.00,true
16728,BLUE_4,BLUE,GOLEM,0,2,3,3,54.00,32.00,true
16725,GREEN_1,GREEN,SCORPION_RIDER,1,-3,6,0,134.00,108.00,false
16725,GREEN_2,GREEN,GOBLIN,1,-2,8,0,22.00,64.00,false
16725,GREEN_3,GREEN,SPIDER,3,-3,1,0,0.00,4.00,false
16725,BLUE_4,BLUE,SCORPION_RIDER,-1,3,6,0,128.00,108.00,true
16725,BLUE_5,BLUE,GOBLIN,-2,3,7,1,38.00,48.00,true
16725,BLUE_6,BLUE,ARCHER,0,3,1,1,10.00,0.00,true
16726,GREEN_1,GREEN,SCORPION_RIDER,1,-3,6,0,138.00,108.00,false
16726,GREEN_2,GREEN,GOBLIN,1,-2,8,0,18.00,64.00,false
16726,GREEN_3,GREEN,SPIDER,3,-3,1,0,0.00,4.00,false
16726,BLUE_4,BLUE,SCORPION_RIDER,-1,3,6,4,144.00,92.00,true
16726,BLUE_5,BLUE,GOBLIN,-2,3,7,0,28.00,56.00,true
16726,BLUE_6,BLUE,ARCHER,0,3,1,0,4.00,8.00,true
16727,GREEN_1,GREEN,ARCHER,-1,-2,7,0,95.00,56.00,false
16727,GREEN_2,GREEN,ASSASSIN,2,-3,4,0,16.00,32.00,false
16727,GREEN_3,GREEN,GOBLIN,0,-3,1,0,1.00,8.00,false
16727,BLUE_4,BLUE,GOLEM,0,3,4,3,96.00,68.00,true
16727,BLUE_5,BLUE,SPIDER,-2,3,10,0,0.00,40.00,true
16727,BLUE_6,BLUE,SPIDER,1,2,1,0,0.00,4.00,true
16728,GREEN_1,GREEN,ARCHER,-1,-2,7,0,95.00,56.00,false
16728,GREEN_2,GREEN,ASSASSIN,2,-3,4,0,16.00,32.00,false
16728,GREEN_3,GREEN,GOBLIN,0,-3,1,0,1.00,8.00,false
16728,BLUE_4,BLUE,GOLEM,0,3,4,3,96.00,68.00,true
16728,BLUE_5,BLUE,SPIDER,-2,3,10,0,0.00,40.00,true
16728,BLUE_6,BLUE,SPIDER,1,2,1,0,0.00,4.00,true
17341,GREEN_1,GREEN,GOLEM,3,-3,4,0,79.00,104.00,false
17341,GREEN_2,GREEN,ARCHER,0,-2,4,0,4.00,32.00,false
17341,GREEN_3,GREEN,GOLEM,-1,-2,1,0,11.00,26.00,false
17341,BLUE_4,BLUE,SCORPION_RIDER,0,3,5,1,149.00,86.00,true
17341,BLUE_5,BLUE,GOLEM,0,2,3,3,13.00,4.00,true
17341,BLUE_6,BLUE,SPIDER,-2,2,1,0,0.00,4.00,true
17342,GREEN_1,GREEN,GOLEM,3,-3,4,0,79.00,104.00,false
17342,GREEN_2,GREEN,ARCHER,0,-2,4,0,4.00,32.00,false
17342,GREEN_3,GREEN,GOLEM,-1,-2,1,0,11.00,26.00,false
17342,BLUE_4,BLUE,SCORPION_RIDER,0,3,5,1,149.00,86.00,true
17342,BLUE_5,BLUE,GOLEM,0,2,3,3,13.00,4.00,true
17342,BLUE_6,BLUE,SPIDER,-2,2,1,0,0.00,4.00,true
17343,GREEN_1,GREEN,MAGE,-1,-2,7,0,11.00,56.00,false
17343,GREEN_2,GREEN,GARGOYLE,1,-2,3,0,18.00,58.00,false
17343,GREEN_3,GREEN,SPIDER,1,-3,1,0,0.00,4.00,false
17343,BLUE_4,BLUE,SCORPION_RIDER,-2,3,6,6,86.00,29.00,true
17343,BLUE_5,BLUE,ARCHER,0,2,4,4,32.00,0.00,true
17343,BLUE_6,BLUE,SPIDER,-2,2,1,1,0.00,0.00,true
17344,GREEN_1,GREEN,MAGE,-1,-2,7,0,11.00,56.00,false
17344,GREEN_2,GREEN,GARGOYLE,1,-2,3,0,15.00,54.00,false
17344,GREEN_3,GREEN,SPIDER,1,-3,1,0,0.00,4.00,false
17344,BLUE_4,BLUE,SCORPION_RIDER,-2,3,6,6,85.00,26.00,true
17344,BLUE_5,BLUE,ARCHER,0,2,4,4,29.00,0.00,true
17344,BLUE_6,BLUE,SPIDER,-2,2,1,1,0.00,0.00,true
17341,GREEN_1,GREEN,GARGOYLE,1,-3,6,6,18.00,2.00,false
17341,GREEN_2,GREEN,GOLEM,-1,-2,3,0,43.00,78.00,false
17341,GREEN_3,GREEN,GOBLIN,0,-2,1,0,0.00,8.00,false
17341,BLUE_4,BLUE,MAGE,-1,3,7,6,86.00,29.00,false
17341,BLUE_5,BLUE,ARCHER,0,3,4,0,2.00,32.00,false
17342,GREEN_1,GREEN,GARGOYLE,1,-3,6,6,18.00,2.00,false
17342,GREEN_2,GREEN,GOLEM,-1,-2,3,0,43.00,78.00,false
17342,GREEN_3,GREEN,GOBLIN,0,-2,1,0,0.00,8.00,false
17342,BLUE_4,BLUE,MAGE,-1,3,7,6,86.00,29.00,false
17342,BLUE_5,BLUE,ARCHER,0,3,4,0,2.00,32.00,false
17343,GREEN_1,GREEN,GARGOYLE,2,-3,6,6,52.00,39.00,true
17343,GREEN_2,GREEN,ARCHER,2,-2,4,0,36.00,32.00,true
17343,GREEN_3,GREEN,ASSASSIN,3,-3,1,0,0.00,8.00,true
17343,BLUE_4,BLUE,MAGE,1,2,8,0,67.00,64.00,false
17343,BLUE_5,BLUE,SPIDER,-2,2,6,0,12.00,24.00,false
17344,GREEN_1,GREEN,GARGOYLE,2,-3,6,6,52.00,39.00,true
17344,GREEN_2,GREEN,ARCHER,2,-2,4,0,36.00,32.00,true
17344,GREEN_3,GREEN,ASSASSIN,3,-3,1,0,0.00,8.00,true
17344,BLUE_4,BLUE,MAGE,1,2,8,0,67.00,64.00,false
17344,BLUE_5,BLUE,SPIDER,-2,2,6,0,12.00,24.00,false
17341,GREEN_1,GREEN,GOBLIN,1,-2,11,11,48.00,10.00,true
17341,GREEN_2,GREEN,ASSASSIN,3,-2,5,0,34.00,40.00,true
17341,GREEN_3,GREEN,ASSASSIN,1,-3,1,0,6.00,8.00,true
17341,BLUE_4,BLUE,MAGE,1,2,4,0,11.00,32.00,false
17341,BLUE_5,BLUE,MAGE,-3,3,5,0,21.00,40.00,false
17341,BLUE_6,BLUE,ARCHER,0,3,2,0,26.00,16.00,false
17342,GREEN_1,GREEN,GOBLIN,1,-2,11,10,48.00,18.00,true
17342,GREEN_2,GREEN,ASSASSIN,3,-2,5,0,34.00,40.00,true
17342,GREEN_3,GREEN,ASSASSIN,1,-3,1,0,6.00,8.00,true
17342,BLUE_4,BLUE,MAGE,1,2,4,0,11.00,32.00,false
17342,BLUE_5,BLUE,MAGE,-3,3,5,0,21.00,40.00,false
17342,BLUE_6,BLUE,ARCHER,0,3,2,0,34.00,16.00,false
17343,GREEN_1,GREEN,ARCHER,3,-3,7,0,40.00,56.00,false
17343,GREEN_2,GREEN,SCORPION_RIDER,0,-2,4,0,74.00,80.00,false
17343,BLUE_3,BLUE,SCORPION_RIDER,-1,3,6,5,120.00,52.00,true
17343,BLUE_4,BLUE,SCORPION_RIDER,-2,3,3,0,16.00,54.00,true
17343,BLUE_5,BLUE,GOBLIN,-3,3,1,0,0.00,8.00,true
17344,GREEN_1,GREEN,ARCHER,3,-3,7,0,40.00,56.00,false
17344,GREEN_2,GREEN,SCORPION_RIDER,0,-2,4,0,74.00,80.00,false
17344,BLUE_3,BLUE,SCORPION_RIDER,-1,3,6,5,120.00,52.00,true
17344,BLUE_4,BLUE,SCORPION_RIDER,-2,3,3,0,16.00,54.00,true
17344,BLUE_5,BLUE,GOBLIN,-3,3,1,0,0.00,8.00,true
17957,GREEN_1,GREEN,ASSASSIN,3,-3,8,0,49.00,64.00,false
17957,GREEN_2,GREEN,ARCHER,0,-3,3,0,6.00,24.00,false
17957,BLUE_3,BLUE,GARGOYLE,-3,3,6,6,73.00,19.00,true
17957,BLUE_4,BLUE,MAGE,0,3,4,0,15.00,32.00,true
17957,BLUE_5,BLUE,SPIDER,-2,3,1,0,0.00,4.00,true
17958,GREEN_1,GREEN,ASSASSIN,3,-3,8,0,74.00,64.00,false
17958,GREEN_2,GREEN,ARCHER,0,-3,3,0,14.00,24.00,false
17958,BLUE_3,BLUE,GARGOYLE,-3,3,6,5,70.00,52.00,true
17958,BLUE_4,BLUE,MAGE,0,3,4,0,18.00,32.00,true
17958,BLUE_5,BLUE,SPIDER,-2,3,1,0,0.00,4.00,true
17959,GREEN_1,GREEN,ASSASSIN,3,-3,8,0,64.00,64.00,false
17959,GREEN_2,GREEN,GOLEM,1,-3,1,1,0.00,0.00,false
17959,GREEN_3,GREEN,SCORPION_RIDER,0,-3,1,1,0.00,0.00,false
17959,BLUE_4,BLUE,GOLEM,0,3,4,4,0.00,0.00,false
17959,BLUE_5,BLUE,GOBLIN,-3,3,9,7,56.00,46.00,false
17959,BLUE_6,BLUE,SCORPION_RIDER,-3,2,1,0,8.00,18.00,false
17960,GREEN_1,GREEN,ASSASSIN,3,-3,8,0,64.00,64.00,false
17960,GREEN_2,GREEN,GOLEM,1,-3,1,1,0.00,0.00,false
17960,GREEN_3,GREEN,SCORPION_RIDER,0,-3,1,1,0.00,0.00,false
17960,BLUE_4,BLUE,GOLEM,0,3,4,4,0.00,0.00,false
17960,BLUE_5,BLUE,GOBLIN,-3,3,9,7,56.00,46.00,false
17960,BLUE_6,BLUE,SCORPION_RIDER,-3,2,1,0,8.00,18.00,false
17957,GREEN_1,GREEN,GOLEM,0,-2,4,4,0.00,0.00,false
17957,GREEN_2,GREEN,SCORPION_RIDER,3,-3,4,4,28.00,12.00,false
17957,GREEN_3,GREEN,GOBLIN,0,-3,1,0,4.00,8.00,false
17957,BLUE_4,BLUE,GARGOYLE,0,3,6,6,0.00,0.00,false
17957,BLUE_5,BLUE,ASSASSIN,-2,2,4,0,20.00,32.00,false
17957,BLUE_6,BLUE,SPIDER,-2,3,1,1,0.00,0.00,false
17958,GREEN_1,GREEN,GOLEM,0,-2,4,4,0.00,0.00,false
17958,GREEN_2,GREEN,SCORPION_RIDER,3,-3,4,4,28.00,12.00,false
17958,GREEN_3,GREEN,GOBLIN,0,-3,1,0,4.00,8.00,false
17958,BLUE_4,BLUE,GARGOYLE,0,3,6,6,0.00,0.00,false
17958,BLUE_5,BLUE,ASSASSIN,-2,2,4,0,20.00,32.00,false
17958,BLUE_6,BLUE,SPIDER,-2,3,1,1,0.00,0.00,false
17959,GREEN_1,GREEN,SCORPION_RIDER,3,-3,5,5,0.00,48.00,false
17959,GREEN_2,GREEN,GOLEM,2,-3,3,3,16.00,48.00,false
17959,GREEN_3,GREEN,SPIDER,1,-3,1,0,0.00,4.00,false
17959,BLUE_4,BLUE,MAGE,-1,3,8,8,100.00,0.00,false
17959,BLUE_5,BLUE,GOLEM,-3,3,1,1,0.00,0.00,false
17959,BLUE_6,BLUE,GARGOYLE,-2,3,1,0,0.00,16.00,false
17960,GREEN_1,GREEN,SCORPION_RIDER,3,-3,5,0,0.00,120.00,false
17960,GREEN_2,GREEN,GOLEM,2,-3,3,3,0.00,30.00,false
17960,GREEN_3,GREEN,SPIDER,1,-3,1,0,0.00,4.00,false
17960,BLUE_4,BLUE,MAGE,-1,3,8,8,154.00,0.00,false
17960,BLUE_5,BLUE,GOLEM,-3,3,1,1,0.00,0.00,false
17960,BLUE_6,BLUE,GARGOYLE,-2,3,1,1,0.00,0.00,false
17957,GREEN_1,GREEN,SCORPION_RIDER,3,-3,5,1,82.00,88.00,false
17957,GREEN_2,GREEN,ASSASSIN,1,-2,2,0,0.00,16.00,false
17957,GREEN_3,GREEN,GOBLIN,2,-3,7,7,0.00,0.00,false
17957,BLUE_4,BLUE,GARGOYLE,-3,3,6,5,62.00,34.00,false
17957,BLUE_5,BLUE,ARCHER,0,2,4,0,36.00,32.00,false
17957,BLUE_6,BLUE,GARGOYLE,-1,3,1,0,6.00,16.00,false
17958,GREEN_1,GREEN,SCORPION_RIDER,3,-3,5,0,48.00,90.00,false
17958,GREEN_2,GREEN,ASSASSIN,1,-2,2,0,0.00,16.00,false
17958,GREEN_3,GREEN,GOBLIN,2,-3,7,7,0.00,0.00,false
17958,BLUE_4,BLUE,GARGOYLE,-3,3,6,6,46.00,0.00,false
17958,BLUE_5,BLUE,ARCHER,0,2,4,0,54.00,32.00,false
17958,BLUE_6,BLUE,GARGOYLE,-1,3,1,0,6.00,16.00,false
17959,GREEN_1,GREEN,ASSASSIN,0,-2,8,4,100.00,56.00,true
17959,GREEN_2,GREEN,SPIDER,3,-3,6,0,6.00,24.00,true
17959,BLUE_3,BLUE,ASSASSIN,-3,2,8,0,70.00,64.00,false
17959,BLUE_4,BLUE,GARGOYLE,-3,3,1,0,3.00,16.00,false
17959,BLUE_5,BLUE,GOLEM,-2,3,1,0,7.00,26.00,false
17960,GREEN_1,GREEN,ASSASSIN,0,-2,8,4,100.00,56.00,true
17960,GREEN_2,GREEN,SPIDER,3,-3,6,0,6.00,24.00,true
17960,BLUE_3,BLUE,ASSASSIN,-3,2,8,0,70.00,64.00,false
17960,BLUE_4,BLUE,GARGOYLE,-3,3,1,0,3.00,16.00,false
17960,BLUE_5,BLUE,GOLEM,-2,3,1,0,7.00,26.00,false
18573,GREEN_1,GREEN,ARCHER,0,-3,7,0,133.00,56.00,false
18573,GREEN_2,GREEN,GOLEM,1,-2,3,0,23.00,78.00,false
18573,GREEN_3,GREEN,GOBLIN,2,-3,1,0,0.00,8.00,false
18573,BLUE_4,BLUE,GARGOYLE,-3,3,6,4,120.00,68.00,true
18573,BLUE_5,BLUE,GOBLIN,-2,2,10,0,22.00,80.00,true
18573,BLUE_6,BLUE,GOBLIN,-3,2,1,0,0.00,8.00,true
18574,GREEN_1,GREEN,ARCHER,0,-3,7,0,133.00,56.00,false
18574,GREEN_2,GREEN,GOLEM,1,-2,3,0,23.00,78.00,false
18574,GREEN_3,GREEN,GOBLIN,2,-3,1,0,0.00,8.00,false
18574,BLUE_4,BLUE,GARGOYLE,-3,3,6,4,120.00,68.00,true
18574,BLUE_5,BLUE,GOBLIN,-2,2,10,0,22.00,80.00,true
18574,BLUE_6,BLUE,GOBLIN,-3,2,1,0,0.00,8.00,true
18575,GREEN_1,GREEN,GOLEM,3,-3,4,4,95.00,66.00,true
18575,GREEN_2,GREEN,ARCHER,2,-3,5,5,39.00,25.00,true
18575,GREEN_3,GREEN,GOBLIN,1,-3,1,0,0.00,8.00,true
18575,BLUE_4,BLUE,GOLEM,0,2,3,0,51.00,78.00,false
18575,BLUE_5,BLUE,MAGE,-3,2,6,0,44.00,48.00,false
18575,BLUE_6,BLUE,GOBLIN,-1,2,1,0,4.00,8.00,false
18576,GREEN_1,GREEN,GOLEM,3,-3,4,4,95.00,66.00,true
18576,GREEN_2,GREEN,ARCHER,2,-3,5,5,39.00,25.00,true
18576,GREEN_3,GREEN,GOBLIN,1,-3,1,0,0.00,8.00,true
18576,BLUE_4,BLUE,GOLEM,0,2,3,0,51.00,78.00,false
18576,BLUE_5,BLUE,MAGE,-3,2,6,0,44.00,48.00,false
18576,BLUE_6,BLUE,GOBLIN,-1,2,1,0,4.00,8.00,false
18573,GREEN_1,GREEN,SPIDER,2,-2,16,0,22.00,64.00,false
18573,GREEN_2,GREEN,SCORPION_RIDER,-1,-2,3,0,50.00,54.00,false
18573,GREEN_3,GREEN,GOBLIN,0,-3,1,0,0.00,8.00,false
18573,BLUE_4,BLUE,ARCHER,0,2,7,3,98.00,32.00,true
18573,BLUE_5,BLUE,ASSASSIN,-3,2,4,0,28.00,32.00,true
18573,BLUE_6,BLUE,GOBLIN,-2,3,1,0,0.00,8.00,true
18574,GREEN_1,GREEN,SPIDER,2,-2,16,0,22.00,64.00,false
18574,GREEN_2,GREEN,SCORPION_RIDER,-1,-2,3,0,50.00,54.00,false
18574,GREEN_3,GREEN,GOBLIN,0,-3,1,0,0.00,8.00,false
18574,BLUE_4,BLUE,ARCHER,0,2,7,3,98.00,32.00,true
18574,BLUE_5,BLUE,ASSASSIN,-3,2,4,0,28.00,32.00,true
18574,BLUE_6,BLUE,GOBLIN,-2,3,1,0,0.00,8.00,true
18575,GREEN_1,GREEN,SCORPION_RIDER,0,-2,5,0,28.00,90.00,false
18575,GREEN_2,GREEN,GARGOYLE,1,-3,5,0,78.00,80.00,false
18575,BLUE_3,BLUE,SPIDER,-2,2,13,0,77.00,52.00,true
18575,BLUE_4,BLUE,GARGOYLE,-3,2,4,3,93.00,46.00,true
18575,BLUE_5,BLUE,ASSASSIN,0,2,1,0,0.00,8.00,true
18576,GREEN_1,GREEN,SCORPION_RIDER,0,-2,5,0,36.00,90.00,true
18576,GREEN_2,GREEN,GARGOYLE,1,-3,5,5,88.00,47.00,true
18576,BLUE_3,BLUE,SPIDER,-2,2,13,0,81.00,52.00,false
18576,BLUE_4,BLUE,GARGOYLE,-3,2,4,0,56.00,64.00,false
18576,BLUE_5,BLUE,ASSASSIN,0,2,1,0,0.00,8.00,false
18573,GREEN_1,GREEN,ASSASSIN,0,-2,8,0,74.00,64.00,false
18573,GREEN_2,GREEN,ARCHER,2,-3,3,0,6.00,24.00,false
18573,BLUE_3,BLUE,GARGOYLE,0,3,6,5,68.00,36.00,true
18573,BLUE_4,BLUE,ARCHER,-2,2,5,0,18.00,40.00,true
18573,BLUE_5,BLUE,SPIDER,-3,3,1,0,2.00,4.00,true
18574,GREEN_1,GREEN,ASSASSIN,0,-2,8,0,73.00,64.00,false
18574,GREEN_2,GREEN,ARCHER,2,-3,3,0,6.00,24.00,false
18574,BLUE_3,BLUE,GARGOYLE,0,3,6,5,68.00,35.00,true
18574,BLUE_4,BLUE,ARCHER,-2,2,5,0,18.00,40.00,true
18574,BLUE_5,BLUE,SPIDER,-3,3,1,0,2.00,4.00,true
18575,GREEN_1,GREEN,GOBLIN,2,-2,12,12,0.00,0.00,false
18575,GREEN_2,GREEN,GARGOYLE,2,-3,5,5,0.00,0.00,false
18575,GREEN_3,GREEN,GOBLIN,3,-2,1,1,0.00,0.00,false
18575,BLUE_4,BLUE,SPIDER,-3,2,14,14,0.00,0.00,false
18575,BLUE_5,BLUE,ARCHER,-3,3,5,5,0.00,0.00,false
18575,BLUE_6,BLUE,SPIDER,-2,3,1,1,0.00,0.00,false
18576,GREEN_1,GREEN,GOBLIN,2,-2,12,12,0.00,0.00,false
18576,GREEN_2,GREEN,GARGOYLE,2,-3,5,5,0.00,0.00,false
18576,GREEN_3,GREEN,GOBLIN,3,-2,1,1,0.00,0.00,false
18576,BLUE_4,BLUE,SPIDER,-3,2,14,14,0.00,0.00,false
18576,BLUE_5,BLUE,ARCHER,-3,3,5,5,0.00,0.00,false
18576,BLUE_6,BLUE,SPIDER,-2,3,1,1,0.00,0.00,false
19189,GREEN_1,GREEN,GOLEM,1,-3,4,4,84.00,48.00,true
19189,GREEN_2,GREEN,ARCHER,-1,-2,5,0,18.00,40.00,true
19189,GREEN_3,GREEN,SPIDER,0,-3,1,0,2.00,4.00,true
19189,BLUE_4,BLUE,ASSASSIN,-3,2,8,0,89.00,64.00,false
19189,BLUE_5,BLUE,GARGOYLE,0,2,2,0,3.00,32.00,false
19189,BLUE_6,BLUE,GOBLIN,-3,3,1,0,0.00,8.00,false
19190,GREEN_1,GREEN,GOLEM,1,-3,4,4,84.00,48.00,true
19190,GREEN_2,GREEN,ARCHER,-1,-2,5,0,18.00,40.00,true
19190,GREEN_3,GREEN,SPIDER,0,-3,1,0,2.00,4.00,true
19190,BLUE_4,BLUE,ASSASSIN,-3,2,8,0,89.00,64.00,false
19190,BLUE_5,BLUE,GARGOYLE,0,2,2,0,3.00,32.00,false
19190,BLUE_6,BLUE,GOBLIN,-3,3,1,0,0.00,8.00,false
19191,GREEN_1,GREEN,GOLEM,0,-3,4,0,52.00,104.00,false
19191,GREEN_2,GREEN,ASSASSIN,2,-3,1,0,4.00,8.00,false
19191,GREEN_3,GREEN,ASSASSIN,1,-3,4,0,0.00,32.00,false
19191,BLUE_4,BLUE,ARCHER,0,2,8,8,103.00,0.00,true
19191,BLUE_5,BLUE,GOBLIN,-1,2,7,1,39.00,48.00,true
19191,BLUE_6,BLUE,SPIDER,-2,3,2,0,2.00,8.00,true
19192,GREEN_1,GREEN,GOLEM,0,-3,4,0,52.00,104.00,false
19192,GREEN_2,GREEN,ASSASSIN,2,-3,1,0,4.00,8.00,false
19192,GREEN_3,GREEN,ASSASSIN,1,-3,4,0,0.00,32.00,false
19192,BLUE_4,BLUE,ARCHER,0,2,8,8,103.00,0.00,true
19192,BLUE_5,BLUE,GOBLIN,-1,2,7,1,39.00,48.00,true
19192,BLUE_6,BLUE,SPIDER,-2,3,2,0,2.00,8.00,true
19189,GREEN_1,GREEN,GOLEM,2,-2,4,4,0.00,0.00,false
19189,GREEN_2,GREEN,GOBLIN,3,-3,10,10,36.00,6.00,false
19189,GREEN_3,GREEN,SPIDER,1,-3,1,1,0.00,0.00,false
19189,BLUE_4,BLUE,MAGE,-3,3,8,8,0.00,0.00,false
19189,BLUE_5,BLUE,GARGOYLE,-1,3,2,0,6.00,32.00,false
19189,BLUE_6,BLUE,SPIDER,0,3,1,0,0.00,4.00,false
19190,GREEN_1,GREEN,GOLEM,2,-2,4,4,32.00,0.00,false
19190,GREEN_2,GREEN,GOBLIN,3,-3,10,10,0.00,0.00,false
19190,GREEN_3,GREEN,SPIDER,1,-3,1,0,0.00,4.00,false
19190,BLUE_4,BLUE,MAGE,-3,3,8,8,0.00,0.00,false
19190,BLUE_5,BLUE,GARGOYLE,-1,3,2,0,4.00,32.00,false
19190,BLUE_6,BLUE,SPIDER,0,3,1,1,0.00,0.00,false
19191,GREEN_1,GREEN,MAGE,2,-3,7,0,55.00,56.00,false
19191,GREEN_2,GREEN,ARCHER,2,-2,4,0,18.00,32.00,false
19191,BLUE_3,BLUE,ARCHER,-2,3,7,4,48.00,34.00,true
19191,BLUE_4,BLUE,SPIDER,1,2,10,1,40.00,39.00,true
19191,BLUE_5,BLUE,SPIDER,-2,2,1,1,0.00,0.00,true
19192,GREEN_1,GREEN,MAGE,2,-3,7,0,55.00,56.00,false
19192,GREEN_2,GREEN,ARCHER,2,-2,4,0,18.00,32.00,false
19192,BLUE_3,BLUE,ARCHER,-2,3,7,4,48.00,34.00,true
19192,BLUE_4,BLUE,SPIDER,1,2,10,1,40.00,39.00,true
19192,BLUE_5,BLUE,SPIDER,-2,2,1,1,0.00,0.00,true
19189,GREEN_1,GREEN,SPIDER,1,-2,15,0,0.00,202.00,false
19189,GREEN_2,GREEN,SPIDER,0,-2,9,0,10.00,36.00,false
19189,GREEN_3,GREEN,SPIDER,3,-3,1,0,0.00,4.00,false
19189,BLUE_4,BLUE,ARCHER,-2,2,7,7,32.00,10.00,true
19189,BLUE_5,BLUE,MAGE,-1,3,4,4,210.00,0.00,true
19189,BLUE_6,BLUE,SPIDER,-3,3,1,1,0.00,0.00,true
19190,GREEN_1,GREEN,SPIDER,1,-2,15,0,0.00,202.00,false
19190,GREEN_2,GREEN,SPIDER,0,-2,9,0,10.00,36.00,false
19190,GREEN_3,GREEN,SPIDER,3,-3,1,0,0.00,4.00,false
19190,BLUE_4,BLUE,ARCHER,-2,2,7,7,32.00,10.00,true
19190,BLUE_5,BLUE,MAGE,-1,3,4,4,210.00,0.00,true
19190,BLUE_6,BLUE,SPIDER,-3,3,1,1,0.00,0.00,true
19191,GREEN_1,GREEN,ASSASSIN,1,-2,7,0,44.00,56.00,false
19191,GREEN_2,GREEN,MAGE,1,-3,3,0,12.00,24.00,false
19191,GREEN_3,GREEN,GOBLIN,-1,-2,1,1,0.00,0.00,false
19191,BLUE_4,BLUE,GOBLIN,-3,3,11,6,80.00,56.00,false
19191,BLUE_5,BLUE,GOLEM,0,3,4,4,0.00,0.00,false
19192,GREEN_1,GREEN,ASSASSIN,1,-2,7,0,44.00,56.00,false
19192,GREEN_2,GREEN,MAGE,1,-3,3,0,12.00,24.00,false
19192,GREEN_3,GREEN,GOBLIN,-1,-2,1,1,0.00,0.00,false
19192,BLUE_4,BLUE,GOBLIN,-3,3,11,6,80.00,56.00,false
19192,BLUE_5,BLUE,GOLEM,0,3,4,4,0.00,0.00,false
19805,GREEN_1,GREEN,ARCHER,0,-3,8,8,104.00,4.00,false
19805,GREEN_2,GREEN,SPIDER,3,-3,8,8,0.00,0.00,false
19805,GREEN_3,GREEN,GOBLIN,1,-3,1,1,0.00,4.00,false
19805,BLUE_4,BLUE,GOBLIN,-2,2,12,0,0.00,96.00,false
19805,BLUE_5,BLUE,SCORPION_RIDER,-3,3,4,4,0.00,0.00,false
19805,BLUE_6,BLUE,ARCHER,1,2,1,0,8.00,8.00,false
19806,GREEN_1,GREEN,ARCHER,0,-3,8,8,104.00,4.00,false
19806,GREEN_2,GREEN,SPIDER,3,-3,8,8,0.00,0.00,false
19806,GREEN_3,GREEN,GOBLIN,1,-3,1,1,0.00,4.00,false
19806,BLUE_4,BLUE,GOBLIN,-2,2,12,0,0.00,96.00,false
19806,BLUE_5,BLUE,SCORPION_RIDER,-3,3,4,4,0.00,0.00,false
19806,BLUE_6,BLUE,ARCHER,1,2,1,0,8.00,8.00,false
19807,GREEN_1,GREEN,SCORPION_RIDER,1,-2,6,0,104.00,108.00,false
19807,GREEN_2,GREEN,GARGOYLE,1,-3,3,3,0.00,0.00,false
19807,GREEN_3,GREEN,SPIDER,0,-3,2,0,0.00,8.00,false
19807,BLUE_4,BLUE,GOBLIN,-2,3,12,0,46.00,96.00,false
19807,BLUE_5,BLUE,ARCHER,-1,3,6,6,70.00,0.00,false
19807,BLUE_6,BLUE,GOBLIN,-3,2,1,0,0.00,8.00,false
19808,GREEN_1,GREEN,SCORPION_RIDER,1,-2,6,0,104.00,108.00,false
19808,GREEN_2,GREEN,GARGOYLE,1,-3,3,3,0.00,0.00,false
19808,GREEN_3,GREEN,SPIDER,0,-3,2,0,0.00,8.00,false
19808,BLUE_4,BLUE,GOBLIN,-2,3,12,0,46.00,96.00,false
19808,BLUE_5,BLUE,ARCHER,-1,3,6,6,70.00,0.00,false
19808,BLUE_6,BLUE,GOBLIN,-3,2,1,0,0.00,8.00,false
19805,GREEN_1,GREEN,GOLEM,3,-3,4,4,72.00,24.00,false
19805,GREEN_2,GREEN,GARGOYLE,0,-3,4,2,24.00,53.00,false
19805,GREEN_3,GREEN,GARGOYLE,0,-2,1,1,0.00,15.00,false
19805,BLUE_4,BLUE,GARGOYLE,-1,3,6,0,92.00,96.00,false
19805,BLUE_5,BLUE,SPIDER,0,2,9,9,0.00,0.00,false
19805,BLUE_6,BLUE,GOBLIN,-3,2,2,2,0.00,0.00,false
19806,GREEN_1,GREEN,GOLEM,3,-3,4,4,72.00,24.00,false
19806,GREEN_2,GREEN,GARGOYLE,0,-3,4,2,24.00,53.00,false
19806,GREEN_3,GREEN,GARGOYLE,0,-2,1,1,0.00,15.00,false
19806,BLUE_4,BLUE,GARGOYLE,-1,3,6,0,92.00,96.00,false
19806,BLUE_5,BLUE,SPIDER,0,2,9,9,0.00,0.00,false
19806,BLUE_6,BLUE,GOBLIN,-3,2,2,2,0.00,0.00,false
19807,GREEN_1,GREEN,GOBLIN,2,-3,11,0,60.00,88.00,false
19807,GREEN_2,GREEN,GOBLIN,0,-2,11,11,0.00,0.00,false
19807,GREEN_3,GREEN,ARCHER,1,-3,1,1,0.00,0.00,false
19807,GREEN_4,GREEN,GOBLIN,2,-2,1,1,0.00,0.00,false
19807,BLUE_5,BLUE,SPIDER,-3,3,15,0,62.00,60.00,false
19807,BLUE_6,BLUE,SPIDER,-2,3,10,10,26.00,0.00,false
19808,GREEN_1,GREEN,GOBLIN,2,-3,11,10,100.00,42.00,true
19808,GREEN_2,GREEN,GOBLIN,0,-2,11,11,0.00,0.00,true
19808,GREEN_3,GREEN,ARCHER,1,-3,1,1,0.00,0.00,true
19808,GREEN_4,GREEN,GOBLIN,2,-2,1,1,0.00,0.00,true
19808,BLUE_5,BLUE,SPIDER,-3,3,15,0,30.00,60.00,false
19808,BLUE_6,BLUE,SPIDER,-2,3,10,0,12.00,40.00,false
19805,GREEN_1,GREEN,SCORPION_RIDER,2,-2,6,4,129.00,60.00,true
19805,GREEN_2,GREEN,GARGOYLE,2,-3,3,0,35.00,48.00,true
19805,GREEN_3,GREEN,GOBLIN,1,-2,2,0,4.00,16.00,true
19805,BLUE_4,BLUE,GOBLIN,1,2,10,0,36.00,80.00,false
19805,BLUE_5,BLUE,SCORPION_RIDER,-1,3,4,0,79.00,72.00,false
19805,BLUE_6,BLUE,MAGE,0,3,1,0,3.00,8.00,false
19805,BLUE_7,BLUE,SPIDER,-3,2,2,0,6.00,8.00,false
19806,GREEN_1,GREEN,SCORPION_RIDER,2,-2,6,4,129.00,60.00,true
19806,GREEN_2,GREEN,GARGOYLE,2,-3,3,0,35.00,48.00,true
19806,GREEN_3,GREEN,GOBLIN,1,-2,2,0,4.00,16.00,true
19806,BLUE_4,BLUE,GOBLIN,1,2,10,0,36.00,80.00,false
19806,BLUE_5,BLUE,SCORPION_RIDER,-1,3,4,0,79.00,72.00,false
19806,BLUE_6,BLUE,MAGE,0,3,1,0,3.00,8.00,false
19806,BLUE_7,BLUE,SPIDER,-3,2,2,0,6.00,8.00,false
19807,GREEN_1,GREEN,SCORPION_RIDER,3,-3,6,5,126.00,43.00,true
19807,GREEN_2,GREEN,GOLEM,2,-2,2,2,0.00,0.00,true
19807,GREEN_3,GREEN,ARCHER,1,-3,1,0,6.00,8.00,true
19807,BLUE_4,BLUE,ARCHER,-3,3,8,0,28.00,64.00,false
19807,BLUE_5,BLUE,GOLEM,0,3,2,0,19.00,52.00,false
19807,BLUE_6,BLUE,GOBLIN,-2,3,2,0,4.00,16.00,false
19808,GREEN_1,GREEN,SCORPION_RIDER,3,-3,6,6,72.00,16.00,false
19808,GREEN_2,GREEN,GOLEM,2,-2,2,2,0.00,0.00,false
19808,GREEN_3,GREEN,ARCHER,1,-3,1,0,8.00,8.00,false
19808,BLUE_4,BLUE,ARCHER,-3,3,8,0,20.00,64.00,false
19808,BLUE_5,BLUE,GOLEM,0,3,2,2,0.00,0.00,false
19808,BLUE_6,BLUE,GOBLIN,-2,3,2,0,4.00,16.00,false
20421,GREEN_1,GREEN,SCORPION_RIDER,0,-2,5,3,100.00,56.00,true
20421,GREEN_2,GREEN,SCORPION_RIDER,0,-3,4,2,76.00,68.00,true
20421,GREEN_3,GREEN,SPIDER,1,-3,1,1,0.00,0.00,true
20421,BLUE_4,BLUE,GOBLIN,1,2,12,0,60.00,96.00,false
20421,BLUE_5,BLUE,SCORPION_RIDER,0,3,4,0,64.00,72.00,false
20421,BLUE_6,BLUE,MAGE,-3,3,1,0,0.00,8.00,false
20422,GREEN_1,GREEN,SCORPION_RIDER,0,-2,5,3,108.00,56.00,true
20422,GREEN_2,GREEN,SCORPION_RIDER,0,-3,4,2,68.00,64.00,true
20422,GREEN_3,GREEN,SPIDER,1,-3,1,1,0.00,0.00,true
20422,BLUE_4,BLUE,GOBLIN,1,2,12,0,56.00,96.00,false
20422,BLUE_5,BLUE,SCORPION_RIDER,0,3,4,0,64.00,72.00,false
20422,BLUE_6,BLUE,MAGE,-3,3,1,0,0.00,8.00,false
20423,GREEN_1,GREEN,ASSASSIN,1,-3,7,0,60.00,56.00,false
20423,GREEN_2,GREEN,GARGOYLE,2,-2,3,3,0.00,0.00,false
20423,GREEN_3,GREEN,GOBLIN,0,-2,1,1,0.00,0.00,false
20423,BLUE_4,BLUE,SPIDER,-1,3,15,0,54.00,60.00,false
20423,BLUE_5,BLUE,GARGOYLE,0,3,4,4,2.00,0.00,false
20424,GREEN_1,GREEN,ASSASSIN,1,-3,7,0,60.00,56.00,false
20424,GREEN_2,GREEN,GARGOYLE,2,-2,3,3,0.00,0.00,false
20424,GREEN_3,GREEN,GOBLIN,0,-2,1,1,0.00,0.00,false
20424,BLUE_4,BLUE,SPIDER,-1,3,15,0,54.00,60.00,false
20424,BLUE_5,BLUE,GARGOYLE,0,3,4,4,2.00,0.00,false
20421,GREEN_1,GREEN,SCORPION_RIDER,3,-3,5,5,0.00,0.00,false
20421,GREEN_2,GREEN,MAGE,-1,-2,5,0,3.00,40.00,false
20421,BLUE_3,BLUE,GARGOYLE,1,2,6,6,0.00,0.00,false
20421,BLUE_4,BLUE,SCORPION_RIDER,-1,3,4,4,40.00,3.00,false
20422,GREEN_1,GREEN,SCORPION_RIDER,3,-3,5,5,0.00,0.00,false
20422,GREEN_2,GREEN,MAGE,-1,-2,5,0,3.00,40.00,false
20422,BLUE_3,BLUE,GARGOYLE,1,2,6,6,0.00,0.00,false
20422,BLUE_4,BLUE,SCORPION_RIDER,-1,3,4,4,40.00,3.00,false
20423,GREEN_1,GREEN,GOLEM,1,-3,4,4,73.00,39.00,true
20423,GREEN_2,GREEN,GARGOYLE,3,-3,4,4,8.00,2.00,true
20423,GREEN_3,GREEN,MAGE,2,-3,1,0,3.00,8.00,true
20423,BLUE_4,BLUE,MAGE,-3,3,8,0,43.00,64.00,false
20423,BLUE_5,BLUE,ASSASSIN,-2,3,2,0,6.00,16.00,false
20423,BLUE_6,BLUE,SPIDER,-1,3,1,0,0.00,4.00,false
20424,GREEN_1,GREEN,GOLEM,1,-3,4,4,81.00,42.00,true
20424,GREEN_2,GREEN,GARGOYLE,3,-3,4,4,0.00,0.00,true
20424,GREEN_3,GREEN,MAGE,2,-3,1,0,3.00,8.00,true
20424,BLUE_4,BLUE,MAGE,-3,3,8,0,44.00,64.00,false
20424,BLUE_5,BLUE,ASSASSIN,-2,3,2,0,6.00,16.00,false
20424,BLUE_6,BLUE,SPIDER,-1,3,1,0,0.00,4.00,false
20421,GREEN_1,GREEN,SPIDER,2,-3,15,15,0.00,0.00,false
20421,GREEN_2,GREEN,MAGE,1,-3,4,4,0.00,0.00,false
20421,BLUE_3,BLUE,ARCHER,1,2,7,7,0.00,0.00,false
20421,BLUE_4,BLUE,ARCHER,-2,3,5,5,0.00,0.00,false
20421,BLUE_5,BLUE,SPIDER,0,3,1,1,0.00,0.00,false
20422,GREEN_1,GREEN,SPIDER,2,-3,15,15,0.00,0.00,false
20422,GREEN_2,GREEN,MAGE,1,-3,4,4,0.00,0.00,false
20422,BLUE_3,BLUE,ARCHER,1,2,7,7,0.00,0.00,false
20422,BLUE_4,BLUE,ARCHER,-2,3,5,5,0.00,0.00,false
20422,BLUE_5,BLUE,SPIDER,0,3,1,1,0.00,0.00,false
20423,GREEN_1,GREEN,SPIDER,3,-3,16,16,0.00,0.00,false
20423,GREEN_2,GREEN,ARCHER,0,-3,4,4,0.00,0.00,false
20423,GREEN_3,GREEN,SPIDER,2,-2,1,1,0.00,0.00,false
20423,BLUE_4,BLUE,SPIDER,1,2,14,14,0.00,0.00,false
20423,BLUE_5,BLUE,ARCHER,-1,3,4,4,0.00,0.00,false
20423,BLUE_6,BLUE,GARGOYLE,0,3,1,1,0.00,0.00,false
20424,GREEN_1,GREEN,SPIDER,3,-3,16,16,0.00,0.00,false
20424,GREEN_2,GREEN,ARCHER,0,-3,4,4,0.00,0.00,false
20424,GREEN_3,GREEN,SPIDER,2,-2,1,1,0.00,0.00,false
20424,BLUE_4,BLUE,SPIDER,1,2,14,14,0.00,0.00,false
20424,BLUE_5,BLUE,ARCHER,-1,3,4,4,0.00,0.00,false
20424,BLUE_6,BLUE,GARGOYLE,0,3,1,1,0.00,0.00,false
21037,GREEN_1,GREEN,GARGOYLE,1,-3,6,6,0.00,0.00,false
21037,GREEN_2,GREEN,SPIDER,2,-3,10,10,0.00,0.00,false
21037,GREEN_3,GREEN,GOBLIN,3,-2,1,1,0.00,0.00,false
21037,BLUE_4,BLUE,GOBLIN,-3,2,10,10,0.00,0.00,false
21037,BLUE_5,BLUE,MAGE,-3,3,5,5,0.00,0.00,false
21037,BLUE_6,BLUE,GOLEM,-1,3,1,1,0.00,0.00,false
21038,GREEN_1,GREEN,GARGOYLE,1,-3,6,6,0.00,0.00,false
21038,GREEN_2,GREEN,SPIDER,2,-3,10,10,0.00,0.00,false
21038,GREEN_3,GREEN,GOBLIN,3,-2,1,1,0.00,0.00,false
21038,BLUE_4,BLUE,GOBLIN,-3,2,10,10,0.00,0.00,false
21038,BLUE_5,BLUE,MAGE,-3,3,5,5,0.00,0.00,false
21038,BLUE_6,BLUE,GOLEM,-1,3,1,1,0.00,0.00,false
21039,GREEN_1,GREEN,SPIDER,3,-3,14,14,0.00,0.00,false
21039,GREEN_2,GREEN,ASSASSIN,1,-3,4,0,20.00,32.00,false
21039,GREEN_3,GREEN,SPIDER,2,-2,1,1,0.00,0.00,false
21039,BLUE_4,BLUE,ARCHER,-3,2,7,6,32.00,20.00,false
21039,BLUE_5,BLUE,GOLEM,-1,2,3,3,0.00,0.00,false
21039,BLUE_6,BLUE,GOBLIN,-1,3,1,1,0.00,0.00,false
21040,GREEN_1,GREEN,SPIDER,3,-3,14,14,0.00,0.00,false
21040,GREEN_2,GREEN,ASSASSIN,1,-3,4,0,20.00,32.00,false
21040,GREEN_3,GREEN,SPIDER,2,-2,1,1,0.00,0.00,false
21040,BLUE_4,BLUE,ARCHER,-3,2,7,6,32.00,20.00,false
21040,BLUE_5,BLUE,GOLEM,-1,2,3,3,0.00,0.00,false
21040,BLUE_6,BLUE,GOBLIN,-1,3,1,1,0.00,0.00,false
21037,GREEN_1,GREEN,SCORPION_RIDER,0,-2,5,0,4.00,136.00,false
21037,GREEN_2,GREEN,GOLEM,1,-3,3,0,0.00,90.00,false
21037,GREEN_3,GREEN,GOBLIN,1,-2,1,0,4.00,14.00,false
21037,BLUE_4,BLUE,SCORPION_RIDER,-1,3,1,1,0.00,0.00,true
21037,BLUE_5,BLUE,MAGE,-2,3,8,8,234.00,0.00,true
21037,BLUE_6,BLUE,ASSASSIN,0,2,1,0,6.00,8.00,true
21037,BLUE_7,BLUE,GOBLIN,-3,2,1,1,0.00,0.00,true
21038,GREEN_1,GREEN,SCORPION_RIDER,0,-2,5,0,4.00,136.00,false
21038,GREEN_2,GREEN,GOLEM,1,-3,3,0,0.00,90.00,false
21038,GREEN_3,GREEN,GOBLIN,1,-2,1,0,4.00,14.00,false
21038,BLUE_4,BLUE,SCORPION_RIDER,-1,3,1,1,0.00,0.00,true
21038,BLUE_5,BLUE,MAGE,-2,3,8,8,234.00,0.00,true
21038,BLUE_6,BLUE,ASSASSIN,0,2,1,0,6.00,8.00,true
21038,BLUE_7,BLUE,GOBLIN,-3,2,1,1,0.00,0.00,true
21039,GREEN_1,GREEN,GOLEM,3,-3,4,4,0.00,0.00,false
21039,GREEN_2,GREEN,SPIDER,2,-3,9,9,0.00,0.00,false
21039,GREEN_3,GREEN,ASSASSIN,0,-3,1,0,6.00,8.00,false
21039,BLUE_4,BLUE,SPIDER,0,3,14,14,0.00,0.00,false
21039,BLUE_5,BLUE,SPIDER,-2,3,9,9,0.00,0.00,false
21039,BLUE_6,BLUE,GOBLIN,-2,2,2,2,8.00,6.00,false
21040,GREEN_1,GREEN,GOLEM,3,-3,4,4,0.00,0.00,false
21040,GREEN_2,GREEN,SPIDER,2,-3,9,9,0.00,0.00,false
21040,GREEN_3,GREEN,ASSASSIN,0,-3,1,0,6.00,8.00,false
21040,BLUE_4,BLUE,SPIDER,0,3,14,14,0.00,0.00,false
21040,BLUE_5,BLUE,SPIDER,-2,3,9,9,0.00,0.00,false
21040,BLUE_6,BLUE,GOBLIN,-2,2,2,2,8.00,6.00,false
21037,GREEN_1,GREEN,GOLEM,2,-2,4,4,24.00,9.00,false
21037,GREEN_2,GREEN,GARGOYLE,3,-2,5,0,38.00,80.00,false
21037,BLUE_3,BLUE,ARCHER,-1,2,8,5,80.00,30.00,false
21037,BLUE_4,BLUE,ASSASSIN,0,3,3,0,9.00,24.00,false
21037,BLUE_5,BLUE,ARCHER,-1,3,1,0,0.00,8.00,false
21038,GREEN_1,GREEN,GOLEM,2,-2,4,4,24.00,9.00,false
21038,GREEN_2,GREEN,GARGOYLE,3,-2,5,0,38.00,80.00,false
21038,BLUE_3,BLUE,ARCHER,-1,2,8,5,80.00,30.00,false
21038,BLUE_4,BLUE,ASSASSIN,0,3,3,0,9.00,24.00,false
21038,BLUE_5,BLUE,ARCHER,-1,3,1,0,0.00,8.00,false
21039,GREEN_1,GREEN,SPIDER,3,-2,16,16,0.00,0.00,false
21039,GREEN_2,GREEN,GARGOYLE,0,-2,1,0,7.00,16.00,false
21039,GREEN_3,GREEN,MAGE,3,-3,2,0,6.00,16.00,false
21039,GREEN_4,GREEN,SPIDER,0,-3,2,2,0.00,0.00,false
21039,BLUE_5,BLUE,SPIDER,-3,3,16,16,16.00,3.00,false
21039,BLUE_6,BLUE,ARCHER,-2,3,4,4,16.00,6.00,false
21039,BLUE_7,BLUE,SPIDER,-1,2,1,0,0.00,4.00,false
21040,GREEN_1,GREEN,SPIDER,3,-2,16,16,0.00,0.00,false
21040,GREEN_2,GREEN,GARGOYLE,0,-2,1,0,7.00,16.00,false
21040,GREEN_3,GREEN,MAGE,3,-3,2,0,6.00,16.00,false
21040,GREEN_4,GREEN,SPIDER,0,-3,2,2,0.00,0.00,false
21040,BLUE_5,BLUE,SPIDER,-3,3,16,16,16.00,3.00,false
21040,BLUE_6,BLUE,ARCHER,-2,3,4,4,16.00,6.00,false
21040,BLUE_7,BLUE,SPIDER,-1,2,1,0,0.00,4.00,false
21653,GREEN_1,GREEN,SPIDER,3,-3,15,0,26.00,60.00,false
21653,GREEN_2,GREEN,ASSASSIN,0,-3,4,0,29.00,32.00,false
21653,BLUE_3,BLUE,ARCHER,1,2,8,8,62.00,4.00,true
21653,BLUE_4,BLUE,GOLEM,-3,2,1,1,7.00,21.00,true
21653,BLUE_5,BLUE,GARGOYLE,-2,3,2,2,23.00,30.00,true
21653,BLUE_6,BLUE,GOBLIN,0,3,1,1,0.00,0.00,true
21654,GREEN_1,GREEN,SPIDER,3,-3,15,0,26.00,60.00,false
21654,GREEN_2,GREEN,ASSASSIN,0,-3,4,0,29.00,32.00,false
21654,BLUE_3,BLUE,ARCHER,1,2,8,8,62.00,4.00,true
21654,BLUE_4,BLUE,GOLEM,-3,2,1,1,7.00,21.00,true
21654,BLUE_5,BLUE,GARGOYLE,-2,3,2,2,23.00,30.00,true
21654,BLUE_6,BLUE,GOBLIN,0,3,1,1,0.00,0.00,true
21655,GREEN_1,GREEN,ASSASSIN,-1,-2,7,0,48.00,56.00,false
21655,GREEN_2,GREEN,GOLEM,3,-2,2,2,14.00,21.00,false
21655,GREEN_3,GREEN,SPIDER,2,-3,2,0,2.00,8.00,false
21655,BLUE_4,BLUE,ASSASSIN,-1,2,8,0,71.00,64.00,false
21655,BLUE_5,BLUE,MAGE,-3,3,2,2,14.00,0.00,false
21655,BLUE_6,BLUE,GOBLIN,1,2,1,1,0.00,0.00,false
21656,GREEN_1,GREEN,ASSASSIN,-1,-2,7,0,48.00,56.00,false
21656,GREEN_2,GREEN,GOLEM,3,-2,2,2,14.00,21.00,false
21656,GREEN_3,GREEN,SPIDER,2,-3,2,0,2.00,8.00,false
21656,BLUE_4,BLUE,ASSASSIN,-1,2,8,0,71.00,64.00,false
21656,BLUE_5,BLUE,MAGE,-3,3,2,2,14.00,0.00,false
21656,BLUE_6,BLUE,GOBLIN,1,2,1,1,0.00,0.00,false
21653,GREEN_1,GREEN,GOBLIN,0,-3,11,9,96.00,42.00,true
21653,GREEN_2,GREEN,GOLEM,2,-3,4,4,4.00,0.00,true
21653,BLUE_3,BLUE,SPIDER,0,3,15,0,30.00,60.00,false
21653,BLUE_4,BLUE,SPIDER,-2,3,10,0,12.00,40.00,false
21654,GREEN_1,GREEN,GOBLIN,0,-3,11,0,40.00,88.00,true
21654,GREEN_2,GREEN,GOLEM,2,-3,4,4,60.00,42.00,true
21654,BLUE_3,BLUE,SPIDER,0,3,15,0,118.00,60.00,false
21654,BLUE_4,BLUE,SPIDER,-2,3,10,0,12.00,40.00,false
21655,GREEN_1,GREEN,SCORPION_RIDER,3,-2,5,0,57.00,90.00,false
21655,GREEN_2,GREEN,ARCHER,1,-3,5,5,44.00,0.00,false
21655,GREEN_3,GREEN,SPIDER,2,-2,1,1,0.00,0.00,false
21655,BLUE_4,BLUE,GARGOYLE,0,2,5,4,62.00,43.00,false
21655,BLUE_5,BLUE,SPIDER,-3,3,10,0,20.00,40.00,false
21655,BLUE_6,BLUE,SCORPION_RIDER,1,2,1,0,8.00,18.00,false
21656,GREEN_1,GREEN,SCORPION_RIDER,3,-2,5,0,49.00,90.00,false
21656,GREEN_2,GREEN,ARCHER,1,-3,5,0,87.00,40.00,false
21656,GREEN_3,GREEN,SPIDER,2,-2,1,0,0.00,4.00,false
21656,BLUE_4,BLUE,GARGOYLE,0,2,5,0,97.00,80.00,true
21656,BLUE_5,BLUE,SPIDER,-3,3,10,1,37.00,38.00,true
21656,BLUE_6,BLUE,SCORPION_RIDER,1,2,1,0,0.00,18.00,true
21653,GREEN_1,GREEN,SCORPION_RIDER,-1,-2,5,5,0.00,0.00,false
21653,GREEN_2,GREEN,ARCHER,0,-3,5,5,0.00,0.00,false
21653,GREEN_3,GREEN,SPIDER,0,-2,1,1,0.00,0.00,false
21653,BLUE_4,BLUE,GOBLIN,0,2,12,12,0.00,0.00,false
21653,BLUE_5,BLUE,GARGOYLE,-3,3,5,5,0.00,0.00,false
21653,BLUE_6,BLUE,GOBLIN,-1,3,1,1,0.00,0.00,false
21654,GREEN_1,GREEN,SCORPION_RIDER,-1,-2,5,5,0.00,0.00,false
21654,GREEN_2,GREEN,ARCHER,0,-3,5,5,0.00,0.00,false
21654,GREEN_3,GREEN,SPIDER,0,-2,1,1,0.00,0.00,false
21654,BLUE_4,BLUE,GOBLIN,0,2,12,12,0.00,0.00,false
21654,BLUE_5,BLUE,GARGOYLE,-3,3,5,5,0.00,0.00,false
21654,BLUE_6,BLUE,GOBLIN,-1,3,1,1,0.00,0.00,false
21655,GREEN_1,GREEN,GOBLIN,1,-3,10,10,0.00,0.00,false
21655,GREEN_2,GREEN,GOLEM,0,-3,4,4,0.00,0.00,false
21655,GREEN_3,GREEN,SPIDER,0,-2,1,1,0.00,0.00,false
21655,BLUE_4,BLUE,ARCHER,-3,3,7,7,0.00,0.00,false
21655,BLUE_5,BLUE,SPIDER,0,3,9,9,0.00,0.00,false
21655,BLUE_6,BLUE,GOBLIN,-3,2,2,2,0.00,0.00,false
21656,GREEN_1,GREEN,GOBLIN,1,-3,10,10,0.00,0.00,false
21656,GREEN_2,GREEN,GOLEM,0,-3,4,4,0.00,0.00,false
21656,GREEN_3,GREEN,SPIDER,0,-2,1,1,0.00,0.00,false
21656,BLUE_4,BLUE,ARCHER,-3,3,7,7,0.00,0.00,false
21656,BLUE_5,BLUE,SPIDER,0,3,9,9,0.00,0.00,false
21656,BLUE_6,BLUE,GOBLIN,-3,2,2,2,0.00,0.00,false
22269,GREEN_1,GREEN,GOBLIN,3,-2,12,12,0.00,0.00,false
22269,GREEN_2,GREEN,ASSASSIN,2,-3,4,0,0.00,32.00,false
22269,GREEN_3,GREEN,ARCHER,3,-3,1,0,4.00,8.00,false
22269,GREEN_4,GREEN,SPIDER,0,-3,1,0,2.00,4.00,false
22269,BLUE_5,BLUE,ARCHER,0,2,7,7,28.00,0.00,false
22269,BLUE_6,BLUE,MAGE,0,3,4,4,14.00,4.00,false
22269,BLUE_7,BLUE,SPIDER,-3,3,1,1,2.00,2.00,false
22270,GREEN_1,GREEN,GOBLIN,3,-2,12,12,0.00,0.00,false
22270,GREEN_2,GREEN,ASSASSIN,2,-3,4,0,0.00,32.00,false
22270,GREEN_3,GREEN,ARCHER,3,-3,1,0,4.00,8.00,false
22270,GREEN_4,GREEN,SPIDER,0,-3,1,0,2.00,4.00,false
22270,BLUE_5,BLUE,ARCHER,0,2,7,7,28.00,0.00,false
22270,BLUE_6,BLUE,MAGE,0,3,4,4,14.00,4.00,false
22270,BLUE_7,BLUE,SPIDER,-3,3,1,1,2.00,2.00,false
22271,GREEN_1,GREEN,MAGE,0,-3,8,0,84.00,76.00,false
22271,GREEN_2,GREEN,GARGOYLE,-1,-2,2,0,9.00,32.00,false
22271,GREEN_3,GREEN,SPIDER,1,-3,1,0,0.00,4.00,false
22271,BLUE_4,BLUE,ARCHER,-2,3,7,0,80.00,56.00,true
22271,BLUE_5,BLUE,GARGOYLE,0,3,4,4,32.00,29.00,true
22271,BLUE_6,BLUE,GOBLIN,-3,2,1,0,0.00,8.00,true
22272,GREEN_1,GREEN,MAGE,0,-3,8,0,43.00,64.00,false
22272,GREEN_2,GREEN,GARGOYLE,-1,-2,2,0,12.00,32.00,false
22272,GREEN_3,GREEN,SPIDER,1,-3,1,0,0.00,4.00,false
22272,BLUE_4,BLUE,ARCHER,-2,3,7,3,92.00,47.00,true
22272,BLUE_5,BLUE,GARGOYLE,0,3,4,4,8.00,0.00,true
22272,BLUE_6,BLUE,GOBLIN,-3,2,1,0,0.00,8.00,true
22269,GREEN_1,GREEN,GARGOYLE,0,-2,6,6,0.00,0.00,false
22269,GREEN_2,GREEN,GARGOYLE,2,-2,4,4,0.00,0.00,false
22269,GREEN_3,GREEN,SPIDER,3,-3,1,1,0.00,0.00,false
22269,BLUE_4,BLUE,SCORPION_RIDER,-1,3,5,5,0.00,0.00,false
22269,BLUE_5,BLUE,GOBLIN,-2,3,11,11,0.00,0.00,false
22270,GREEN_1,GREEN,GARGOYLE,0,-2,6,6,0.00,0.00,false
22270,GREEN_2,GREEN,GARGOYLE,2,-2,4,4,0.00,0.00,false
22270,GREEN_3,GREEN,SPIDER,3,-3,1,1,0.00,0.00,false
22270,BLUE_4,BLUE,SCORPION_RIDER,-1,3,5,5,0.00,0.00,false
22270,BLUE_5,BLUE,GOBLIN,-2,3,11,11,0.00,0.00,false
22271,GREEN_1,GREEN,GOLEM,2,-2,4,4,0.00,0.00,false
22271,GREEN_2,GREEN,ARCHER,0,-3,4,4,0.00,0.00,false
22271,GREEN_3,GREEN,MAGE,3,-3,1,1,0.00,0.00,false
22271,GREEN_4,GREEN,GOBLIN,3,-2,1,1,0.00,0.00,false
22271,BLUE_5,BLUE,GARGOYLE,-2,2,6,6,0.00,0.00,false
22271,BLUE_6,BLUE,SPIDER,-3,3,10,10,0.00,0.00,false
22271,BLUE_7,BLUE,SPIDER,-3,2,1,1,0.00,0.00,false
22272,GREEN_1,GREEN,GOLEM,2,-2,4,4,0.00,0.00,false
22272,GREEN_2,GREEN,ARCHER,0,-3,4,4,0.00,0.00,false
22272,GREEN_3,GREEN,MAGE,3,-3,1,1,0.00,0.00,false
22272,GREEN_4,GREEN,GOBLIN,3,-2,1,1,0.00,0.00,false
22272,BLUE_5,BLUE,GARGOYLE,-2,2,6,6,0.00,0.00,false
22272,BLUE_6,BLUE,SPIDER,-3,3,10,10,0.00,0.00,false
22272,BLUE_7,BLUE,SPIDER,-3,2,1,1,0.00,0.00,false
22269,GREEN_1,GREEN,ASSASSIN,0,-2,8,5,82.00,46.00,true
22269,GREEN_2,GREEN,SPIDER,2,-2,6,0,6.00,24.00,true
22269,BLUE_3,BLUE,ASSASSIN,-1,2,8,0,64.00,64.00,false
22269,BLUE_4,BLUE,MAGE,-3,3,2,0,2.00,16.00,false
22269,BLUE_5,BLUE,GOBLIN,-1,3,1,0,4.00,8.00,false
22270,GREEN_1,GREEN,ASSASSIN,0,-2,8,5,82.00,46.00,true
22270,GREEN_2,GREEN,SPIDER,2,-2,6,0,6.00,24.00,true
22270,BLUE_3,BLUE,ASSASSIN,-1,2,8,0,64.00,64.00,false
22270,BLUE_4,BLUE,MAGE,-3,3,2,0,2.00,16.00,false
22270,BLUE_5,BLUE,GOBLIN,-1,3,1,0,4.00,8.00,false
22271,GREEN_1,GREEN,ARCHER,3,-2,7,0,32.00,56.00,false
22271,GREEN_2,GREEN,SCORPION_RIDER,1,-2,4,0,32.00,72.00,false
22271,BLUE_3,BLUE,ARCHER,-1,2,8,7,122.00,28.00,true
22271,BLUE_4,BLUE,ARCHER,0,3,4,0,4.00,32.00,true
22271,BLUE_5,BLUE,SPIDER,-2,3,1,0,2.00,4.00,true
22272,GREEN_1,GREEN,ARCHER,3,-2,7,0,32.00,56.00,false
22272,GREEN_2,GREEN,SCORPION_RIDER,1,-2,4,0,40.00,72.00,false
22272,BLUE_3,BLUE,ARCHER,-1,2,8,6,122.00,36.00,true
22272,BLUE_4,BLUE,ARCHER,0,3,4,0,4.00,32.00,true
22272,BLUE_5,BLUE,SPIDER,-2,3,1,0,2.00,4.00,true
22885,GREEN_1,GREEN,SPIDER,1,-3,4,4,0.00,0.00,false
22885,GREEN_2,GREEN,SPIDER,2,-2,14,0,30.00,56.00,false
22885,GREEN_3,GREEN,SPIDER,0,-3,7,7,0.00,0.00,false
22885,BLUE_4,BLUE,GOBLIN,-3,3,11,11,0.00,0.00,false
22885,BLUE_5,BLUE,GOBLIN,1,2,10,9,42.00,20.00,false
22885,BLUE_6,BLUE,SPIDER,-1,2,4,2,14.00,10.00,false
22886,GREEN_1,GREEN,SPIDER,1,-3,4,4,0.00,0.00,false
22886,GREEN_2,GREEN,SPIDER,2,-2,14,0,30.00,56.00,false
22886,GREEN_3,GREEN,SPIDER,0,-3,7,7,0.00,0.00,false
22886,BLUE_4,BLUE,GOBLIN,-3,3,11,11,0.00,0.00,false
22886,BLUE_5,BLUE,GOBLIN,1,2,10,9,42.00,20.00,false
22886,BLUE_6,BLUE,SPIDER,-1,2,4,2,14.00,10.00,false
22887,GREEN_1,GREEN,ARCHER,1,-3,7,7,56.00,0.00,true
22887,GREEN_2,GREEN,GOBLIN,-1,-2,10,9,90.00,45.00,true
22887,GREEN_3,GREEN,GOBLIN,0,-3,1,1,0.00,0.00,true
22887,BLUE_4,BLUE,SPIDER,-3,3,13,0,16.00,52.00,false
22887,BLUE_5,BLUE,GOLEM,1,2,3,0,21.00,78.00,false
22887,BLUE_6,BLUE,GOBLIN,-2,3,2,0,8.00,16.00,false
22888,GREEN_1,GREEN,ARCHER,1,-3,7,7,56.00,0.00,true
22888,GREEN_2,GREEN,GOBLIN,-1,-2,10,9,90.00,45.00,true
22888,GREEN_3,GREEN,GOBLIN,0,-3,1,1,0.00,0.00,true
22888,BLUE_4,BLUE,SPIDER,-3,3,13,0,16.00,52.00,false
22888,BLUE_5,BLUE,GOLEM,1,2,3,0,21.00,78.00,false
22888,BLUE_6,BLUE,GOBLIN,-2,3,2,0,8.00,16.00,false
22885,GREEN_1,GREEN,ARCHER,0,-3,8,8,140.00,0.00,true
22885,GREEN_2,GREEN,GOLEM,3,-2,2,0,34.00,52.00,true
22885,GREEN_3,GREEN,ARCHER,3,-3,1,1,24.00,0.00,true
22885,BLUE_4,BLUE,GARGOYLE,-3,3,6,0,0.00,118.00,false
22885,BLUE_5,BLUE,GOBLIN,-2,3,9,0,52.00,72.00,false
22885,BLUE_6,BLUE,SPIDER,1,2,2,0,0.00,8.00,false
22886,GREEN_1,GREEN,ARCHER,0,-3,8,8,16.00,0.00,false
22886,GREEN_2,GREEN,GOLEM,3,-2,2,2,0.00,0.00,false
22886,GREEN_3,GREEN,ARCHER,3,-3,1,0,2.00,8.00,false
22886,BLUE_4,BLUE,GARGOYLE,-3,3,6,6,0.00,8.00,false
22886,BLUE_5,BLUE,GOBLIN,-2,3,9,9,8.00,2.00,false
22886,BLUE_6,BLUE,SPIDER,1,2,2,0,0.00,8.00,false
22887,GREEN_1,GREEN,SCORPION_RIDER,1,-2,6,6,76.00,15.00,true
22887,GREEN_2,GREEN,SCORPION_RIDER,3,-2,3,1,24.00,46.00,true
22887,GREEN_3,GREEN,SPIDER,2,-3,1,1,0.00,0.00,true
22887,BLUE_4,BLUE,MAGE,1,2,8,0,47.00,64.00,false
22887,BLUE_5,BLUE,GARGOYLE,-3,2,2,0,12.00,32.00,false
22887,BLUE_6,BLUE,SPIDER,0,3,1,0,2.00,4.00,false
22888,GREEN_1,GREEN,SCORPION_RIDER,1,-2,6,6,44.00,3.00,false
22888,GREEN_2,GREEN,SCORPION_RIDER,3,-2,3,0,24.00,54.00,false
22888,GREEN_3,GREEN,SPIDER,2,-3,1,1,0.00,0.00,false
22888,BLUE_4,BLUE,MAGE,1,2,8,0,47.00,64.00,false
22888,BLUE_5,BLUE,GARGOYLE,-3,2,2,2,8.00,0.00,false
22888,BLUE_6,BLUE,SPIDER,0,3,1,0,2.00,4.00,false
22885,GREEN_1,GREEN,GOLEM,1,-2,4,0,88.00,104.00,false
22885,GREEN_2,GREEN,ARCHER,2,-2,5,0,36.00,40.00,false
22885,GREEN_3,GREEN,GOBLIN,0,-2,1,0,4.00,8.00,false
22885,BLUE_4,BLUE,GARGOYLE,-2,3,6,4,78.00,64.00,true
22885,BLUE_5,BLUE,GOBLIN,0,3,10,6,74.00,60.00,true
22885,BLUE_6,BLUE,SPIDER,-3,3,1,0,0.00,4.00,true
22886,GREEN_1,GREEN,GOLEM,1,-2,4,0,84.00,104.00,false
22886,GREEN_2,GREEN,ARCHER,2,-2,5,0,18.00,40.00,false
22886,GREEN_3,GREEN,GOBLIN,0,-2,1,0,0.00,8.00,false
22886,BLUE_4,BLUE,GARGOYLE,-2,3,6,6,95.00,39.00,true
22886,BLUE_5,BLUE,GOBLIN,0,3,10,4,57.00,59.00,true
22886,BLUE_6,BLUE,SPIDER,-3,3,1,0,0.00,4.00,true
22887,GREEN_1,GREEN,SCORPION_RIDER,3,-2,5,5,76.00,49.00,true
22887,GREEN_2,GREEN,MAGE,1,-2,5,0,12.00,40.00,true
22887,BLUE_3,BLUE,ASSASSIN,0,2,8,0,82.00,64.00,false
22887,BLUE_4,BLUE,MAGE,0,3,2,0,7.00,16.00,false
22887,BLUE_5,BLUE,GOBLIN,-3,2,1,0,0.00,8.00,false
22888,GREEN_1,GREEN,SCORPION_RIDER,3,-2,5,5,76.00,49.00,true
22888,GREEN_2,GREEN,MAGE,1,-2,5,0,12.00,40.00,true
22888,BLUE_3,BLUE,ASSASSIN,0,2,8,0,82.00,64.00,false
22888,BLUE_4,BLUE,MAGE,0,3,2,0,7.00,16.00,false
22888,BLUE_5,BLUE,GOBLIN,-3,2,1,0,0.00,8.00,false
23501,GREEN_1,GREEN,MAGE,2,-3,3,0,24.00,24.00,true
23501,GREEN_2,GREEN,SCORPION_RIDER,1,-3,6,4,120.00,83.00,true
23501,GREEN_3,GREEN,SPIDER,3,-3,2,2,0.00,3.00,true
23501,BLUE_4,BLUE,GOLEM,-2,2,4,0,67.00,104.00,false
23501,BLUE_5,BLUE,MAGE,-2,3,5,0,43.00,40.00,false
23502,GREEN_1,GREEN,MAGE,2,-3,3,0,24.00,24.00,true
23502,GREEN_2,GREEN,SCORPION_RIDER,1,-3,6,4,120.00,83.00,true
23502,GREEN_3,GREEN,SPIDER,3,-3,2,2,0.00,3.00,true
23502,BLUE_4,BLUE,GOLEM,-2,2,4,0,67.00,104.00,false
23502,BLUE_5,BLUE,MAGE,-2,3,5,0,43.00,40.00,false
23503,GREEN_1,GREEN,SCORPION_RIDER,2,-3,5,4,154.00,69.00,true
23503,GREEN_2,GREEN,ARCHER,0,-3,5,5,0.00,0.00,true
23503,GREEN_3,GREEN,GOBLIN,3,-3,1,1,0.00,0.00,true
23503,BLUE_4,BLUE,GOBLIN,-3,2,12,0,48.00,96.00,false
23503,BLUE_5,BLUE,MAGE,-2,3,4,0,14.00,32.00,false
23503,BLUE_6,BLUE,GOLEM,-3,3,1,0,7.00,26.00,false
23504,GREEN_1,GREEN,SCORPION_RIDER,2,-3,5,4,154.00,69.00,true
23504,GREEN_2,GREEN,ARCHER,0,-3,5,5,0.00,0.00,true
23504,GREEN_3,GREEN,GOBLIN,3,-3,1,1,0.00,0.00,true
23504,BLUE_4,BLUE,GOBLIN,-3,2,12,0,48.00,96.00,false
23504,BLUE_5,BLUE,MAGE,-2,3,4,0,14.00,32.00,false
23504,BLUE_6,BLUE,GOLEM,-3,3,1,0,7.00,26.00,false
23501,GREEN_1,GREEN,GARGOYLE,1,-3,5,4,90.00,39.00,false
23501,GREEN_2,GREEN,GOBLIN,0,-3,12,12,0.00,0.00,false
23501,GREEN_3,GREEN,GOBLIN,2,-3,1,0,0.00,8.00,false
23501,BLUE_4,BLUE,SCORPION_RIDER,0,3,5,0,47.00,90.00,false
23501,BLUE_5,BLUE,GOBLIN,-3,3,11,11,0.00,0.00,false
23502,GREEN_1,GREEN,GARGOYLE,1,-3,5,4,90.00,39.00,false
23502,GREEN_2,GREEN,GOBLIN,0,-3,12,12,0.00,0.00,false
23502,GREEN_3,GREEN,GOBLIN,2,-3,1,0,0.00,8.00,false
23502,BLUE_4,BLUE,SCORPION_RIDER,0,3,5,0,47.00,90.00,false
23502,BLUE_5,BLUE,GOBLIN,-3,3,11,11,0.00,0.00,false
23503,GREEN_1,GREEN,GOLEM,2,-3,4,4,0.00,0.00,false
23503,GREEN_2,GREEN,SCORPION_RIDER,3,-2,4,0,67.00,72.00,false
23503,GREEN_3,GREEN,GOBLIN,0,-2,1,1,0.00,0.00,false
23503,BLUE_4,BLUE,GOBLIN,-2,3,11,11,0.00,0.00,false
23503,BLUE_5,BLUE,GOLEM,0,3,4,3,72.00,67.00,false
23504,GREEN_1,GREEN,GOLEM,2,-3,4,4,0.00,0.00,false
23504,GREEN_2,GREEN,SCORPION_RIDER,3,-2,4,0,67.00,72.00,false
23504,GREEN_3,GREEN,GOBLIN,0,-2,1,1,0.00,0.00,false
23504,BLUE_4,BLUE,GOBLIN,-2,3,11,11,0.00,0.00,false
23504,BLUE_5,BLUE,GOLEM,0,3,4,3,72.00,67.00,false
23501,GREEN_1,GREEN,SPIDER,3,-3,13,0,25.00,52.00,false
23501,GREEN_2,GREEN,GOLEM,3,-2,3,0,36.00,90.00,false
23501,GREEN_3,GREEN,SPIDER,2,-3,2,0,0.00,8.00,false
23501,BLUE_4,BLUE,GARGOYLE,-1,3,5,3,111.00,61.00,true
23501,BLUE_5,BLUE,GARGOYLE,-2,3,4,4,0.00,0.00,true
23501,BLUE_6,BLUE,ARCHER,-2,2,2,2,39.00,0.00,true
23502,GREEN_1,GREEN,SPIDER,3,-3,13,0,25.00,52.00,false
23502,GREEN_2,GREEN,GOLEM,3,-2,3,0,36.00,90.00,false
23502,GREEN_3,GREEN,SPIDER,2,-3,2,0,0.00,8.00,false
23502,BLUE_4,BLUE,GARGOYLE,-1,3,5,3,105.00,61.00,true
23502,BLUE_5,BLUE,GARGOYLE,-2,3,4,4,0.00,0.00,true
23502,BLUE_6,BLUE,ARCHER,-2,2,2,2,45.00,0.00,true
23503,GREEN_1,GREEN,SCORPION_RIDER,2,-2,5,5,0.00,525.00,false
23503,GREEN_2,GREEN,ASSASSIN,0,-2,4,0,30.00,32.00,false
23503,GREEN_3,GREEN,GOBLIN,1,-3,2,0,0.00,16.00,false
23503,BLUE_4,BLUE,MAGE,-3,3,7,7,567.00,24.00,false
23503,BLUE_5,BLUE,GOBLIN,-2,3,7,7,6.00,6.00,false
23503,BLUE_6,BLUE,GOBLIN,-1,3,1,1,0.00,0.00,false
23504,GREEN_1,GREEN,SCORPION_RIDER,2,-2,5,5,0.00,525.00,false
23504,GREEN_2,GREEN,ASSASSIN,0,-2,4,0,30.00,32.00,false
23504,GREEN_3,GREEN,GOBLIN,1,-3,2,0,0.00,16.00,false
23504,BLUE_4,BLUE,MAGE,-3,3,7,7,567.00,24.00,false
23504,BLUE_5,BLUE,GOBLIN,-2,3,7,7,6.00,6.00,false
23504,BLUE_6,BLUE,GOBLIN,-1,3,1,1,0.00,0.00,false
24117,GREEN_1,GREEN,ARCHER,1,-3,8,6,134.00,25.00,true
24117,GREEN_2,GREEN,ASSASSIN,3,-3,3,0,0.00,24.00,true
24117,GREEN_3,GREEN,SPIDER,0,-3,2,0,6.00,8.00,true
24117,BLUE_4,BLUE,GARGOYLE,-1,2,5,0,29.00,80.00,false
24117,BLUE_5,BLUE,SPIDER,-2,3,10,0,28.00,40.00,false
24117,BLUE_6,BLUE,GARGOYLE,-3,2,1,0,0.00,16.00,false
24117,BLUE_7,BLUE,SPIDER,0,3,1,0,0.00,4.00,false
24118,GREEN_1,GREEN,ARCHER,1,-3,8,6,134.00,25.00,true
24118,GREEN_2,GREEN,ASSASSIN,3,-3,3,0,0.00,24.00,true
24118,GREEN_3,GREEN,SPIDER,0,-3,2,0,6.00,8.00,true
24118,BLUE_4,BLUE,GARGOYLE,-1,2,5,0,29.00,80.00,false
24118,BLUE_5,BLUE,SPIDER,-2,3,10,0,28.00,40.00,false
24118,BLUE_6,BLUE,GARGOYLE,-3,2,1,0,0.00,16.00,false
24118,BLUE_7,BLUE,SPIDER,0,3,1,0,0.00,4.00,false
24119,GREEN_1,GREEN,ASSASSIN,3,-2,8,0,42.00,64.00,false
24119,GREEN_2,GREEN,GOLEM,2,-3,1,0,7.00,26.00,false
24119,GREEN_3,GREEN,MAGE,3,-3,1,0,6.00,8.00,false
24119,BLUE_4,BLUE,GOLEM,1,2,4,4,8.00,0.00,true
24119,BLUE_5,BLUE,GOBLIN,-1,2,11,8,90.00,55.00,true
24120,GREEN_1,GREEN,ASSASSIN,3,-2,8,0,42.00,64.00,false
24120,GREEN_2,GREEN,GOLEM,2,-3,1,0,7.00,26.00,false
24120,GREEN_3,GREEN,MAGE,3,-3,1,0,6.00,8.00,false
24120,BLUE_4,BLUE,GOLEM,1,2,4,4,8.00,0.00,true
24120,BLUE_5,BLUE,GOBLIN,-1,2,11,8,90.00,55.00,true
24117,GREEN_1,GREEN,ARCHER,0,-2,7,6,84.00,26.00,false
24117,GREEN_2,GREEN,GOBLIN,0,-3,10,10,0.00,0.00,false
24117,GREEN_3,GREEN,GOBLIN,2,-2,1,0,4.00,8.00,false
24117,BLUE_4,BLUE,ASSASSIN,-1,3,7,0,34.00,56.00,false
24117,BLUE_5,BLUE,GOBLIN,1,2,4,0,0.00,32.00,false
24117,BLUE_6,BLUE,GARGOYLE,0,3,2,2,0.00,0.00,false
24118,GREEN_1,GREEN,ARCHER,0,-2,7,6,84.00,26.00,false
24118,GREEN_2,GREEN,GOBLIN,0,-3,10,10,0.00,0.00,false
24118,GREEN_3,GREEN,GOBLIN,2,-2,1,0,4.00,8.00,false
24118,BLUE_4,BLUE,ASSASSIN,-1,3,7,0,34.00,56.00,false
24118,BLUE_5,BLUE,GOBLIN,1,2,4,0,0.00,32.00,false
24118,BLUE_6,BLUE,GARGOYLE,0,3,2,2,0.00,0.00,false
24119,GREEN_1,GREEN,GOBLIN,3,-2,5,0,7.00,40.00,false
24119,GREEN_2,GREEN,ASSASSIN,1,-2,7,0,23.00,56.00,false
24119,GREEN_3,GREEN,GOLEM,0,-3,1,0,2.00,26.00,false
24119,BLUE_4,BLUE,GARGOYLE,0,2,6,5,116.00,25.00,true
24119,BLUE_5,BLUE,GOLEM,-3,3,3,3,6.00,3.00,true
24119,BLUE_6,BLUE,SPIDER,1,2,1,0,0.00,4.00,true
24120,GREEN_1,GREEN,GOBLIN,3,-2,5,0,4.00,40.00,false
24120,GREEN_2,GREEN,ASSASSIN,1,-2,7,0,19.00,56.00,false
24120,GREEN_3,GREEN,GOLEM,0,-3,1,0,7.00,26.00,false
24120,BLUE_4,BLUE,GARGOYLE,0,2,6,6,99.00,11.00,true
24120,BLUE_5,BLUE,GOLEM,-3,3,3,3,23.00,15.00,true
24120,BLUE_6,BLUE,SPIDER,1,2,1,0,0.00,4.00,true
24117,GREEN_1,GREEN,GARGOYLE,0,-2,6,4,107.00,62.00,true
24117,GREEN_2,GREEN,SCORPION_RIDER,0,-3,4,0,77.00,72.00,true
24117,BLUE_3,BLUE,GOLEM,0,3,4,0,74.00,104.00,false
24117,BLUE_4,BLUE,SCORPION_RIDER,-2,3,4,0,60.00,72.00,false
24117,BLUE_5,BLUE,GOBLIN,-2,2,1,0,0.00,8.00,false
24118,GREEN_1,GREEN,GARGOYLE,0,-2,6,4,107.00,62.00,true
24118,GREEN_2,GREEN,SCORPION_RIDER,0,-3,4,0,77.00,72.00,true
24118,BLUE_3,BLUE,GOLEM,0,3,4,0,74.00,104.00,false
24118,BLUE_4,BLUE,SCORPION_RIDER,-2,3,4,0,60.00,72.00,false
24118,BLUE_5,BLUE,GOBLIN,-2,2,1,0,0.00,8.00,false
24119,GREEN_1,GREEN,SPIDER,1,-3,15,0,78.00,60.00,false
24119,GREEN_2,GREEN,SCORPION_RIDER,0,-2,3,0,12.00,54.00,false
24119,GREEN_3,GREEN,GOBLIN,3,-3,2,0,2.00,16.00,false
24119,BLUE_4,BLUE,GOLEM,0,3,4,4,58.00,48.00,true
24119,BLUE_5,BLUE,SPIDER,-3,2,11,0,72.00,44.00,true
24120,GREEN_1,GREEN,SPIDER,1,-3,15,0,80.00,60.00,false
24120,GREEN_2,GREEN,SCORPION_RIDER,0,-2,3,0,24.00,56.00,false
24120,GREEN_3,GREEN,GOBLIN,3,-3,2,0,5.00,26.00,false
24120,BLUE_4,BLUE,GOLEM,0,3,4,4,70.00,65.00,true
24120,BLUE_5,BLUE,SPIDER,-3,2,11,0,72.00,44.00,true
24733,GREEN_1,GREEN,SCORPION_RIDER,0,-3,5,4,56.00,42.00,false
24733,GREEN_2,GREEN,GOLEM,2,-2,3,3,16.00,18.00,false
24733,GREEN_3,GREEN,GOBLIN,1,-3,1,0,0.00,8.00,false
24733,BLUE_4,BLUE,GOLEM,-2,3,4,4,0.00,0.00,false
24733,BLUE_5,BLUE,SCORPION_RIDER,0,3,4,0,68.00,72.00,false
24733,BLUE_6,BLUE,SPIDER,1,2,1,1,0.00,0.00,false
24734,GREEN_1,GREEN,SCORPION_RIDER,0,-3,5,4,52.00,34.00,false
24734,GREEN_2,GREEN,GOLEM,2,-2,3,3,16.00,18.00,false
24734,GREEN_3,GREEN,GOBLIN,1,-3,1,0,4.00,8.00,false
24734,BLUE_4,BLUE,GOLEM,-2,3,4,4,0.00,0.00,false
24734,BLUE_5,BLUE,SCORPION_RIDER,0,3,4,0,60.00,72.00,false
24734,BLUE_6,BLUE,SPIDER,1,2,1,1,0.00,0.00,false
24735,GREEN_1,GREEN,SPIDER,0,-3,13,13,0.00,0.00,false
24735,GREEN_2,GREEN,GOLEM,3,-2,3,0,50.00,78.00,false
24735,GREEN_3,GREEN,GOBLIN,3,-3,2,2,0.00,0.00,false
24735,BLUE_4,BLUE,GOBLIN,-1,3,10,9,67.00,36.00,false
24735,BLUE_5,BLUE,SPIDER,-3,3,7,7,0.00,0.00,false
24735,BLUE_6,BLUE,GOBLIN,-2,2,8,8,11.00,14.00,false
24736,GREEN_1,GREEN,SPIDER,0,-3,13,13,0.00,0.00,false
24736,GREEN_2,GREEN,GOLEM,3,-2,3,0,50.00,78.00,false
24736,GREEN_3,GREEN,GOBLIN,3,-3,2,2,0.00,0.00,false
24736,BLUE_4,BLUE,GOBLIN,-1,3,10,9,67.00,36.00,false
24736,BLUE_5,BLUE,SPIDER,-3,3,7,7,0.00,0.00,false
24736,BLUE_6,BLUE,GOBLIN,-2,2,8,8,11.00,14.00,false
24733,GREEN_1,GREEN,GOLEM,0,-2,4,4,0.00,0.00,false
24733,GREEN_2,GREEN,GOLEM,2,-2,3,0,50.00,78.00,false
24733,GREEN_3,GREEN,GOBLIN,1,-2,1,1,0.00,0.00,false
24733,BLUE_4,BLUE,GOLEM,0,3,4,4,77.00,42.00,false
24733,BLUE_5,BLUE,SPIDER,-3,3,10,10,0.00,0.00,false
24733,BLUE_6,BLUE,GOBLIN,-1,2,1,0,1.00,8.00,false
24734,GREEN_1,GREEN,GOLEM,0,-2,4,4,0.00,0.00,false
24734,GREEN_2,GREEN,GOLEM,2,-2,3,0,50.00,78.00,false
24734,GREEN_3,GREEN,GOBLIN,1,-2,1,1,0.00,0.00,false
24734,BLUE_4,BLUE,GOLEM,0,3,4,4,77.00,42.00,false
24734,BLUE_5,BLUE,SPIDER,-3,3,10,10,0.00,0.00,false
24734,BLUE_6,BLUE,GOBLIN,-1,2,1,0,1.00,8.00,false
24735,GREEN_1,GREEN,SCORPION_RIDER,1,-3,6,5,97.00,54.00,true
24735,GREEN_2,GREEN,SCORPION_RIDER,-1,-2,3,0,23.00,54.00,true
24735,GREEN_3,GREEN,GOBLIN,2,-2,1,1,0.00,0.00,true
24735,BLUE_4,BLUE,SPIDER,0,3,15,0,80.00,60.00,false
24735,BLUE_5,BLUE,GARGOYLE,-1,3,1,0,12.00,16.00,false
24735,BLUE_6,BLUE,SCORPION_RIDER,-2,3,2,0,16.00,36.00,false
24735,BLUE_7,BLUE,ARCHER,-3,2,1,0,0.00,8.00,false
24736,GREEN_1,GREEN,SCORPION_RIDER,1,-3,6,5,80.00,74.00,true
24736,GREEN_2,GREEN,SCORPION_RIDER,-1,-2,3,0,40.00,54.00,true
24736,GREEN_3,GREEN,GOBLIN,2,-2,1,0,0.00,8.00,true
24736,BLUE_4,BLUE,SPIDER,0,3,15,0,117.00,60.00,false
24736,BLUE_5,BLUE,GARGOYLE,-1,3,1,0,3.00,16.00,false
24736,BLUE_6,BLUE,SCORPION_RIDER,-2,3,2,0,16.00,36.00,false
24736,BLUE_7,BLUE,ARCHER,-3,2,1,0,0.00,8.00,false
24733,GREEN_1,GREEN,MAGE,0,-3,7,7,51.00,22.00,false
24733,GREEN_2,GREEN,GOBLIN,1,-2,8,8,0.00,0.00,false
24733,BLUE_3,BLUE,SPIDER,1,2,16,15,0.00,19.00,false
24733,BLUE_4,BLUE,ASSASSIN,-3,3,3,0,18.00,24.00,false
24733,BLUE_5,BLUE,ARCHER,-3,2,1,0,4.00,8.00,false
24734,GREEN_1,GREEN,MAGE,0,-3,7,7,51.00,22.00,false
24734,GREEN_2,GREEN,GOBLIN,1,-2,8,8,0.00,0.00,false
24734,BLUE_3,BLUE,SPIDER,1,2,16,15,0.00,19.00,false
24734,BLUE_4,BLUE,ASSASSIN,-3,3,3,0,18.00,24.00,false
24734,BLUE_5,BLUE,ARCHER,-3,2,1,0,4.00,8.00,false
24735,GREEN_1,GREEN,MAGE,0,-2,7,1,74.00,55.00,false
24735,GREEN_2,GREEN,MAGE,1,-2,3,0,15.00,31.00,false
24735,GREEN_3,GREEN,GOBLIN,3,-2,1,1,0.00,0.00,false
24735,BLUE_4,BLUE,MAGE,-1,2,7,0,61.00,56.00,false
24735,BLUE_5,BLUE,ARCHER,-2,3,1,1,2.00,3.00,false
24735,BLUE_6,BLUE,MAGE,-3,3,2,0,7.00,16.00,false
24735,BLUE_7,BLUE,ARCHER,-2,2,1,0,16.00,14.00,false
24736,GREEN_1,GREEN,MAGE,0,-2,7,1,74.00,55.00,false
24736,GREEN_2,GREEN,MAGE,1,-2,3,0,15.00,31.00,false
24736,GREEN_3,GREEN,GOBLIN,3,-2,1,1,0.00,0.00,false
24736,BLUE_4,BLUE,MAGE,-1,2,7,0,61.00,56.00,false
24736,BLUE_5,BLUE,ARCHER,-2,3,1,1,2.00,3.00,false
24736,BLUE_6,BLUE,MAGE,-3,3,2,0,7.00,16.00,false
24736,BLUE_7,BLUE,ARCHER,-2,2,1,0,16.00,14.00,false
25349,GREEN_1,GREEN,ASSASSIN,0,-3,8,0,89.00,64.00,false
25349,GREEN_2,GREEN,GOLEM,2,-2,1,0,7.00,26.00,false
25349,GREEN_3,GREEN,SCORPION_RIDER,1,-2,1,0,8.00,18.00,false
25349,BLUE_4,BLUE,GOBLIN,-1,3,10,5,87.00,52.00,true
25349,BLUE_5,BLUE,MAGE,-2,2,6,0,19.00,48.00,true
25349,BLUE_6,BLUE,SPIDER,1,2,1,0,2.00,4.00,true
25350,GREEN_1,GREEN,ASSASSIN,0,-3,8,0,95.00,64.00,false
25350,GREEN_2,GREEN,GOLEM,2,-2,1,0,7.00,26.00,false
25350,GREEN_3,GREEN,SCORPION_RIDER,1,-2,1,0,8.00,18.00,false
25350,BLUE_4,BLUE,GOBLIN,-1,3,10,5,87.00,58.00,true
25350,BLUE_5,BLUE,MAGE,-2,2,6,0,19.00,48.00,true
25350,BLUE_6,BLUE,SPIDER,1,2,1,0,2.00,4.00,true
25351,GREEN_1,GREEN,GARGOYLE,2,-3,6,6,0.00,0.00,false
25351,GREEN_2,GREEN,GOBLIN,1,-3,1,1,0.00,0.00,false
25351,GREEN_3,GREEN,SPIDER,3,-3,8,0,34.00,32.00,false
25351,GREEN_4,GREEN,ARCHER,3,-2,1,0,14.00,8.00,false
25351,BLUE_5,BLUE,SCORPION_RIDER,0,3,6,6,0.00,0.00,false
25351,BLUE_6,BLUE,SCORPION_RIDER,-1,3,3,2,40.00,48.00,false
25351,BLUE_7,BLUE,GOBLIN,-3,3,1,1,0.00,0.00,false
25352,GREEN_1,GREEN,GARGOYLE,2,-3,6,6,0.00,0.00,false
25352,GREEN_2,GREEN,GOBLIN,1,-3,1,1,0.00,0.00,false
25352,GREEN_3,GREEN,SPIDER,3,-3,8,0,34.00,32.00,false
25352,GREEN_4,GREEN,ARCHER,3,-2,1,0,14.00,8.00,false
25352,BLUE_5,BLUE,SCORPION_RIDER,0,3,6,6,0.00,0.00,false
25352,BLUE_6,BLUE,SCORPION_RIDER,-1,3,3,2,40.00,48.00,false
25352,BLUE_7,BLUE,GOBLIN,-3,3,1,1,0.00,0.00,false
25349,GREEN_1,GREEN,ASSASSIN,0,-3,8,0,80.00,64.00,false
25349,GREEN_2,GREEN,GOLEM,0,-2,1,0,4.00,26.00,false
25349,GREEN_3,GREEN,ARCHER,2,-3,1,0,2.00,8.00,false
25349,GREEN_4,GREEN,GOBLIN,2,-2,1,0,2.00,8.00,false
25349,BLUE_5,BLUE,ASSASSIN,-2,2,7,1,84.00,48.00,true
25349,BLUE_6,BLUE,ARCHER,-1,2,1,0,7.00,8.00,true
25349,BLUE_7,BLUE,MAGE,-2,3,2,0,8.00,16.00,true
25349,BLUE_8,BLUE,GOBLIN,1,2,2,0,7.00,16.00,true
25350,GREEN_1,GREEN,ASSASSIN,0,-3,8,0,80.00,64.00,false
25350,GREEN_2,GREEN,GOLEM,0,-2,1,0,8.00,26.00,false
25350,GREEN_3,GREEN,ARCHER,2,-3,1,0,2.00,8.00,false
25350,GREEN_4,GREEN,GOBLIN,2,-2,1,0,2.00,8.00,false
25350,BLUE_5,BLUE,ASSASSIN,-2,2,7,2,85.00,52.00,true
25350,BLUE_6,BLUE,ARCHER,-1,2,1,0,7.00,8.00,true
25350,BLUE_7,BLUE,MAGE,-2,3,2,0,8.00,16.00,true
25350,BLUE_8,BLUE,GOBLIN,1,2,2,0,6.00,16.00,true
25351,GREEN_1,GREEN,MAGE,1,-3,8,0,40.00,64.00,false
25351,GREEN_2,GREEN,GARGOYLE,2,-3,2,0,12.00,32.00,false
25351,GREEN_3,GREEN,SPIDER,3,-3,1,0,2.00,4.00,false
25351,BLUE_4,BLUE,GOBLIN,-3,3,12,10,76.00,44.00,true
25351,BLUE_5,BLUE,SCORPION_RIDER,0,3,4,4,20.00,2.00,true
25351,BLUE_6,BLUE,ARCHER,-2,3,1,0,4.00,8.00,true
25352,GREEN_1,GREEN,MAGE,1,-3,8,0,15.00,64.00,false
25352,GREEN_2,GREEN,GARGOYLE,2,-3,2,0,24.00,32.00,false
25352,GREEN_3,GREEN,SPIDER,3,-3,1,0,2.00,4.00,false
25352,BLUE_4,BLUE,GOBLIN,-3,3,12,12,0.00,0.00,true
25352,BLUE_5,BLUE,SCORPION_RIDER,0,3,4,4,96.00,33.00,true
25352,BLUE_6,BLUE,ARCHER,-2,3,1,0,4.00,8.00,true
25349,GREEN_1,GREEN,SPIDER,1,-3,15,15,0.00,0.00,false
25349,GREEN_2,GREEN,SCORPION_RIDER,3,-3,3,3,4.00,0.00,false
25349,GREEN_3,GREEN,SPIDER,1,-2,2,0,4.00,8.00,false
25349,BLUE_4,BLUE,GARGOYLE,1,2,5,5,0.00,0.00,false
25349,BLUE_5,BLUE,SPIDER,-1,2,10,10,0.00,0.00,false
25349,BLUE_6,BLUE,ASSASSIN,-2,3,1,0,8.00,8.00,false
25349,BLUE_7,BLUE,SPIDER,0,2,1,1,0.00,0.00,false
25350,GREEN_1,GREEN,SPIDER,1,-3,15,15,0.00,0.00,false
25350,GREEN_2,GREEN,SCORPION_RIDER,3,-3,3,3,4.00,0.00,false
25350,GREEN_3,GREEN,SPIDER,1,-2,2,0,4.00,8.00,false
25350,BLUE_4,BLUE,GARGOYLE,1,2,5,5,0.00,0.00,false
25350,BLUE_5,BLUE,SPIDER,-1,2,10,10,0.00,0.00,false
25350,BLUE_6,BLUE,ASSASSIN,-2,3,1,0,8.00,8.00,false
25350,BLUE_7,BLUE,SPIDER,0,2,1,1,0.00,0.00,false
25351,GREEN_1,GREEN,MAGE,3,-3,7,0,77.00,56.00,false
25351,GREEN_2,GREEN,GARGOYLE,0,-3,3,0,36.00,48.00,false
25351,GREEN_3,GREEN,SPIDER,2,-3,1,0,0.00,4.00,false
25351,BLUE_4,BLUE,GOBLIN,-3,2,11,11,86.00,23.00,true
25351,BLUE_5,BLUE,SCORPION_RIDER,-2,2,5,0,22.00,90.00,true
25352,GREEN_1,GREEN,MAGE,3,-3,7,0,77.00,56.00,false
25352,GREEN_2,GREEN,GARGOYLE,0,-3,3,0,36.00,48.00,false
25352,GREEN_3,GREEN,SPIDER,2,-3,1,0,0.00,4.00,false
25352,BLUE_4,BLUE,GOBLIN,-3,2,11,11,86.00,23.00,true
25352,BLUE_5,BLUE,SCORPION_RIDER,-2,2,5,0,22.00,90.00,true
25965,GREEN_1,GREEN,MAGE,3,-3,8,0,82.00,64.00,false
25965,GREEN_2,GREEN,SCORPION_RIDER,2,-2,2,0,18.00,36.00,false
25965,GREEN_3,GREEN,GOBLIN,0,-2,1,0,0.00,8.00,false
25965,BLUE_4,BLUE,MAGE,-1,3,7,5,71.00,40.00,true
25965,BLUE_5,BLUE,GOLEM,-2,3,2,0,35.00,52.00,true
25965,BLUE_6,BLUE,SPIDER,-2,2,2,0,2.00,8.00,true
25966,GREEN_1,GREEN,MAGE,3,-3,8,0,82.00,64.00,false
25966,GREEN_2,GREEN,SCORPION_RIDER,2,-2,2,0,18.00,36.00,false
25966,GREEN_3,GREEN,GOBLIN,0,-2,1,0,0.00,8.00,false
25966,BLUE_4,BLUE,MAGE,-1,3,7,5,71.00,40.00,true
25966,BLUE_5,BLUE,GOLEM,-2,3,2,0,35.00,52.00,true
25966,BLUE_6,BLUE,SPIDER,-2,2,2,0,2.00,8.00,true
25967,GREEN_1,GREEN,GARGOYLE,0,-3,6,4,55.00,76.00,false
25967,GREEN_2,GREEN,SPIDER,0,-2,9,0,0.00,36.00,false
25967,GREEN_3,GREEN,ARCHER,2,-2,1,0,13.00,8.00,false
25967,BLUE_4,BLUE,SPIDER,-2,3,16,0,68.00,64.00,false
25967,BLUE_5,BLUE,GARGOYLE,0,3,3,3,0.00,0.00,false
25967,BLUE_6,BLUE,ARCHER,-1,3,1,1,52.00,4.00,false
25968,GREEN_1,GREEN,GARGOYLE,0,-3,6,4,55.00,76.00,false
25968,GREEN_2,GREEN,SPIDER,0,-2,9,0,0.00,36.00,false
25968,GREEN_3,GREEN,ARCHER,2,-2,1,0,13.00,8.00,false
25968,BLUE_4,BLUE,SPIDER,-2,3,16,0,68.00,64.00,false
25968,BLUE_5,BLUE,GARGOYLE,0,3,3,3,0.00,0.00,false
25968,BLUE_6,BLUE,ARCHER,-1,3,1,1,52.00,4.00,false
25965,GREEN_1,GREEN,ASSASSIN,1,-3,7,0,46.00,56.00,false
25965,GREEN_2,GREEN,GOLEM,-1,-2,2,0,15.00,52.00,false
25965,GREEN_3,GREEN,GOBLIN,3,-3,2,0,8.00,16.00,false
25965,BLUE_4,BLUE,GOBLIN,0,3,10,7,56.00,42.00,true
25965,BLUE_5,BLUE,ASSASSIN,-1,3,6,5,68.00,23.00,true
25965,BLUE_6,BLUE,SPIDER,-1,2,1,0,0.00,4.00,true
25966,GREEN_1,GREEN,ASSASSIN,1,-3,7,0,57.00,56.00,false
25966,GREEN_2,GREEN,GOLEM,-1,-2,2,0,21.00,56.00,false
25966,GREEN_3,GREEN,GOBLIN,3,-3,2,0,12.00,16.00,false
25966,BLUE_4,BLUE,GOBLIN,0,3,10,6,86.00,38.00,true
25966,BLUE_5,BLUE,ASSASSIN,-1,3,6,0,42.00,48.00,true
25966,BLUE_6,BLUE,SPIDER,-1,2,1,0,0.00,4.00,true
25967,GREEN_1,GREEN,GOBLIN,-1,-2,10,10,0.00,0.00,false
25967,GREEN_2,GREEN,GARGOYLE,1,-2,6,6,0.00,0.00,false
25967,GREEN_3,GREEN,SPIDER,3,-2,1,1,0.00,0.00,false
25967,BLUE_4,BLUE,GARGOYLE,-2,3,5,5,0.00,0.00,false
25967,BLUE_5,BLUE,GOLEM,-1,3,4,4,0.00,0.00,false
25968,GREEN_1,GREEN,GOBLIN,-1,-2,10,0,28.00,80.00,false
25968,GREEN_2,GREEN,GARGOYLE,1,-2,6,0,56.00,96.00,false
25968,GREEN_3,GREEN,SPIDER,3,-2,1,0,0.00,4.00,false
25968,BLUE_4,BLUE,GARGOYLE,-2,3,5,3,87.00,48.00,true
25968,BLUE_5,BLUE,GOLEM,-1,3,4,4,93.00,36.00,true
25965,GREEN_1,GREEN,GARGOYLE,2,-2,6,0,58.00,96.00,false
25965,GREEN_2,GREEN,GOBLIN,0,-2,9,0,0.00,88.00,false
25965,GREEN_3,GREEN,SPIDER,3,-3,2,0,2.00,8.00,false
25965,BLUE_4,BLUE,ARCHER,-3,3,7,6,142.00,32.00,true
25965,BLUE_5,BLUE,ASSASSIN,0,3,1,0,0.00,8.00,true
25965,BLUE_6,BLUE,SCORPION_RIDER,-2,3,3,3,50.00,20.00,true
25966,GREEN_1,GREEN,GARGOYLE,2,-2,6,4,118.00,70.00,true
25966,GREEN_2,GREEN,GOBLIN,0,-2,9,6,0.00,28.00,true
25966,GREEN_3,GREEN,SPIDER,3,-3,2,0,0.00,8.00,true
25966,BLUE_4,BLUE,ARCHER,-3,3,7,0,92.00,56.00,false
25966,BLUE_5,BLUE,ASSASSIN,0,3,1,0,0.00,8.00,false
25966,BLUE_6,BLUE,SCORPION_RIDER,-2,3,3,0,14.00,54.00,false
25967,GREEN_1,GREEN,GARGOYLE,1,-3,6,2,115.00,85.00,true
25967,GREEN_2,GREEN,GARGOYLE,1,-2,4,0,26.00,64.00,true
25967,GREEN_3,GREEN,GOBLIN,3,-2,1,0,1.00,8.00,true
25967,BLUE_4,BLUE,SPIDER,-2,2,14,0,80.00,56.00,false
25967,BLUE_5,BLUE,GOLEM,-2,3,3,0,77.00,78.00,false
25967,BLUE_6,BLUE,GOBLIN,1,2,1,0,0.00,8.00,false
25968,GREEN_1,GREEN,GARGOYLE,1,-3,6,2,115.00,85.00,true
25968,GREEN_2,GREEN,GARGOYLE,1,-2,4,0,26.00,64.00,true
25968,GREEN_3,GREEN,GOBLIN,3,-2,1,0,1.00,8.00,true
25968,BLUE_4,BLUE,SPIDER,-2,2,14,0,80.00,56.00,false
25968,BLUE_5,BLUE,GOLEM,-2,3,3,0,77.00,78.00,false
25968,BLUE_6,BLUE,GOBLIN,1,2,1,0,0.00,8.00,false
26581,GREEN_1,GREEN,GOLEM,-1,-2,4,3,123.00,56.00,true
26581,GREEN_2,GREEN,SPIDER,3,-3,9,0,40.00,36.00,true
26581,GREEN_3,GREEN,MAGE,0,-3,1,1,15.00,0.00,true
26581,BLUE_4,BLUE,GOBLIN,-3,2,4,0,8.00,32.00,false
26581,BLUE_5,BLUE,GOLEM,0,2,2,0,18.00,52.00,false
26581,BLUE_6,BLUE,SCORPION_RIDER,0,3,5,0,66.00,90.00,false
26581,BLUE_7,BLUE,SPIDER,-2,3,1,0,0.00,4.00,false
26582,GREEN_1,GREEN,GOLEM,-1,-2,4,3,123.00,56.00,true
26582,GREEN_2,GREEN,SPIDER,3,-3,9,0,40.00,36.00,true
26582,GREEN_3,GREEN,MAGE,0,-3,1,1,15.00,0.00,true
26582,BLUE_4,BLUE,GOBLIN,-3,2,4,0,8.00,32.00,false
26582,BLUE_5,BLUE,GOLEM,0,2,2,0,18.00,52.00,false
26582,BLUE_6,BLUE,SCORPION_RIDER,0,3,5,0,66.00,90.00,false
26582,BLUE_7,BLUE,SPIDER,-2,3,1,0,0.00,4.00,false
26583,GREEN_1,GREEN,ASSASSIN,3,-2,7,0,48.00,56.00,false
26583,GREEN_2,GREEN,GARGOYLE,1,-3,3,0,21.00,48.00,false
26583,GREEN_3,GREEN,SPIDER,2,-3,1,0,0.00,4.00,false
26583,BLUE_4,BLUE,ARCHER,-2,3,8,5,70.00,30.00,true
26583,BLUE_5,BLUE,SCORPION_RIDER,-3,2,3,2,38.00,39.00,true
26583,BLUE_6,BLUE,GOBLIN,-3,3,1,1,0.00,0.00,true
26584,GREEN_1,GREEN,ASSASSIN,3,-2,7,0,48.00,56.00,false
26584,GREEN_2,GREEN,GARGOYLE,1,-3,3,0,12.00,48.00,false
26584,GREEN_3,GREEN,SPIDER,2,-3,1,0,0.00,4.00,false
26584,BLUE_4,BLUE,ARCHER,-2,3,8,5,67.00,30.00,true
26584,BLUE_5,BLUE,SCORPION_RIDER,-3,2,3,3,41.00,30.00,true
26584,BLUE_6,BLUE,GOBLIN,-3,3,1,1,0.00,0.00,true
26581,GREEN_1,GREEN,GARGOYLE,1,-3,6,6,0.00,0.00,false
26581,GREEN_2,GREEN,GARGOYLE,0,-2,4,4,0.00,0.00,false
26581,GREEN_3,GREEN,SPIDER,3,-2,1,1,0.00,0.00,false
26581,BLUE_4,BLUE,GARGOYLE,-3,3,5,5,0.00,0.00,false
26581,BLUE_5,BLUE,MAGE,-1,3,5,5,0.00,0.00,false
26581,BLUE_6,BLUE,SPIDER,-2,3,1,1,0.00,0.00,false
26582,GREEN_1,GREEN,GARGOYLE,1,-3,6,6,0.00,0.00,false
26582,GREEN_2,GREEN,GARGOYLE,0,-2,4,4,0.00,0.00,false
26582,GREEN_3,GREEN,SPIDER,3,-2,1,1,0.00,0.00,false
26582,BLUE_4,BLUE,GARGOYLE,-3,3,5,5,0.00,0.00,false
26582,BLUE_5,BLUE,MAGE,-1,3,5,5,0.00,0.00,false
26582,BLUE_6,BLUE,SPIDER,-2,3,1,1,0.00,0.00,false
26583,GREEN_1,GREEN,SPIDER,1,-3,14,0,76.00,56.00,false
26583,GREEN_2,GREEN,GOBLIN,0,-2,11,0,94.00,88.00,false
26583,BLUE_3,BLUE,GOLEM,0,2,4,0,84.00,104.00,true
26583,BLUE_4,BLUE,SCORPION_RIDER,-3,3,4,3,56.00,58.00,true
26583,BLUE_5,BLUE,GOBLIN,-1,3,1,0,4.00,8.00,true
26584,GREEN_1,GREEN,SPIDER,1,-3,14,0,76.00,56.00,false
26584,GREEN_2,GREEN,GOBLIN,0,-2,11,0,94.00,88.00,false
26584,BLUE_3,BLUE,GOLEM,0,2,4,0,84.00,104.00,true
26584,BLUE_4,BLUE,SCORPION_RIDER,-3,3,4,3,56.00,58.00,true
26584,BLUE_5,BLUE,GOBLIN,-1,3,1,0,4.00,8.00,true
26581,GREEN_1,GREEN,SPIDER,2,-2,13,13,0.00,0.00,false
26581,GREEN_2,GREEN,MAGE,0,-3,4,4,0.00,0.00,false
26581,GREEN_3,GREEN,SPIDER,1,-3,2,2,0.00,0.00,false
26581,BLUE_4,BLUE,GOBLIN,-1,2,11,11,0.00,0.00,false
26581,BLUE_5,BLUE,ARCHER,-2,2,6,6,0.00,0.00,false
26581,BLUE_6,BLUE,ARCHER,-3,3,1,1,0.00,0.00,false
26582,GREEN_1,GREEN,SPIDER,2,-2,13,13,0.00,0.00,false
26582,GREEN_2,GREEN,MAGE,0,-3,4,4,0.00,0.00,false
26582,GREEN_3,GREEN,SPIDER,1,-3,2,2,0.00,0.00,false
26582,BLUE_4,BLUE,GOBLIN,-1,2,11,11,0.00,0.00,false
26582,BLUE_5,BLUE,ARCHER,-2,2,6,6,0.00,0.00,false
26582,BLUE_6,BLUE,ARCHER,-3,3,1,1,0.00,0.00,false
26583,GREEN_1,GREEN,SPIDER,1,-2,16,0,30.00,64.00,false
26583,GREEN_2,GREEN,SPIDER,0,-3,8,0,8.00,32.00,false
26583,GREEN_3,GREEN,GOBLIN,2,-3,1,0,0.00,8.00,false
26583,BLUE_4,BLUE,ASSASSIN,-3,2,8,6,89.00,34.00,true
26583,BLUE_5,BLUE,MAGE,-3,3,2,2,14.00,0.00,true
26583,BLUE_6,BLUE,SPIDER,-1,3,1,0,1.00,4.00,true
26584,GREEN_1,GREEN,SPIDER,1,-2,16,0,50.00,64.00,false
26584,GREEN_2,GREEN,SPIDER,0,-3,8,0,8.00,32.00,false
26584,GREEN_3,GREEN,GOBLIN,2,-3,1,0,0.00,8.00,false
26584,BLUE_4,BLUE,ASSASSIN,-3,2,8,5,92.00,38.00,true
26584,BLUE_5,BLUE,MAGE,-3,3,2,0,8.00,16.00,true
26584,BLUE_6,BLUE,SPIDER,-1,3,1,0,4.00,4.00,true
27197,GREEN_1,GREEN,SPIDER,0,-2,13,5,72.00,32.00,false
27197,GREEN_2,GREEN,SPIDER,3,-3,10,0,68.00,40.00,false
27197,GREEN_3,GREEN,SPIDER,2,-3,2,0,6.00,8.00,false
27197,BLUE_4,BLUE,SCORPION_RIDER,-1,3,5,0,72.00,100.00,false
27197,BLUE_5,BLUE,SCORPION_RIDER,1,2,4,4,8.00,46.00,false
27197,BLUE_6,BLUE,SPIDER,-2,3,1,1,0.00,0.00,false
27198,GREEN_1,GREEN,SPIDER,0,-2,13,5,72.00,32.00,false
27198,GREEN_2,GREEN,SPIDER,3,-3,10,0,68.00,40.00,false
27198,GREEN_3,GREEN,SPIDER,2,-3,2,0,6.00,8.00,false
27198,BLUE_4,BLUE,SCORPION_RIDER,-1,3,5,0,72.00,100.00,false
27198,BLUE_5,BLUE,SCORPION_RIDER,1,2,4,4,8.00,46.00,false
27198,BLUE_6,BLUE,SPIDER,-2,3,1,1,0.00,0.00,false
27199,GREEN_1,GREEN,ASSASSIN,0,-3,8,0,32.00,64.00,false
27199,GREEN_2,GREEN,SCORPION_RIDER,3,-3,2,0,16.00,36.00,false
27199,GREEN_3,GREEN,GOBLIN,1,-3,1,1,0.00,0.00,false
27199,BLUE_4,BLUE,SPIDER,-3,3,14,12,82.00,8.00,false
27199,BLUE_5,BLUE,ASSASSIN,-1,2,4,0,18.00,32.00,false
27199,BLUE_6,BLUE,GOBLIN,0,3,1,0,0.00,8.00,false
27200,GREEN_1,GREEN,ASSASSIN,0,-3,8,0,48.00,64.00,false
27200,GREEN_2,GREEN,SCORPION_RIDER,3,-3,2,0,16.00,36.00,false
27200,GREEN_3,GREEN,GOBLIN,1,-3,1,1,0.00,0.00,false
27200,BLUE_4,BLUE,SPIDER,-3,3,14,8,82.00,24.00,false
27200,BLUE_5,BLUE,ASSASSIN,-1,2,4,0,18.00,32.00,false
27200,BLUE_6,BLUE,GOBLIN,0,3,1,0,0.00,8.00,false
27197,GREEN_1,GREEN,SPIDER,0,-3,14,0,20.00,56.00,false
27197,GREEN_2,GREEN,ASSASSIN,1,-2,4,0,14.00,32.00,false
27197,GREEN_3,GREEN,GOBLIN,2,-3,1,0,2.00,8.00,false
27197,BLUE_4,BLUE,GOLEM,-2,3,4,4,20.00,0.00,true
27197,BLUE_5,BLUE,GOBLIN,0,3,11,9,76.00,36.00,true
27198,GREEN_1,GREEN,SPIDER,0,-3,14,0,20.00,56.00,false
27198,GREEN_2,GREEN,ASSASSIN,1,-2,4,0,14.00,32.00,false
27198,GREEN_3,GREEN,GOBLIN,2,-3,1,0,2.00,8.00,false
27198,BLUE_4,BLUE,GOLEM,-2,3,4,4,20.00,0.00,true
27198,BLUE_5,BLUE,GOBLIN,0,3,11,9,76.00,36.00,true
27199,GREEN_1,GREEN,GARGOYLE,-1,-2,5,5,43.00,13.00,false
27199,GREEN_2,GREEN,GOLEM,0,-3,4,0,65.00,104.00,false
27199,BLUE_3,BLUE,MAGE,-1,3,7,0,91.00,60.00,false
27199,BLUE_4,BLUE,GARGOYLE,-2,2,3,0,26.00,48.00,false
27199,BLUE_5,BLUE,GOBLIN,1,2,1,1,0.00,0.00,false
27200,GREEN_1,GREEN,GARGOYLE,-1,-2,5,5,43.00,13.00,false
27200,GREEN_2,GREEN,GOLEM,0,-3,4,0,65.00,104.00,false
27200,BLUE_3,BLUE,MAGE,-1,3,7,0,91.00,60.00,false
27200,BLUE_4,BLUE,GARGOYLE,-2,2,3,0,26.00,48.00,false
27200,BLUE_5,BLUE,GOBLIN,1,2,1,1,0.00,0.00,false
27197,GREEN_1,GREEN,GOLEM,0,-2,3,3,37.00,7.00,true
27197,GREEN_2,GREEN,ARCHER,2,-2,7,0,63.00,56.00,true
27197,GREEN_3,GREEN,GOBLIN,1,-3,1,0,4.00,8.00,true
27197,BLUE_4,BLUE,ARCHER,-1,3,8,0,57.00,64.00,false
27197,BLUE_5,BLUE,MAGE,0,2,3,0,12.00,24.00,false
27197,BLUE_6,BLUE,GOBLIN,1,2,2,0,2.00,16.00,false
27198,GREEN_1,GREEN,GOLEM,0,-2,3,3,37.00,7.00,true
27198,GREEN_2,GREEN,ARCHER,2,-2,7,0,63.00,56.00,true
27198,GREEN_3,GREEN,GOBLIN,1,-3,1,0,4.00,8.00,true
27198,BLUE_4,BLUE,ARCHER,-1,3,8,0,57.00,64.00,false
27198,BLUE_5,BLUE,MAGE,0,2,3,0,12.00,24.00,false
27198,BLUE_6,BLUE,GOBLIN,1,2,2,0,2.00,16.00,false
27199,GREEN_1,GREEN,GOBLIN,2,-3,10,0,64.00,80.00,false
27199,GREEN_2,GREEN,SPIDER,0,-2,14,0,78.00,56.00,false
27199,GREEN_3,GREEN,SPIDER,1,-2,1,0,2.00,4.00,false
27199,BLUE_4,BLUE,GARGOYLE,-2,2,5,1,56.00,78.00,true
27199,BLUE_5,BLUE,GOBLIN,-2,3,11,5,84.00,66.00,true
27199,BLUE_6,BLUE,GOBLIN,0,2,2,2,0.00,0.00,true
27200,GREEN_1,GREEN,GOBLIN,2,-3,10,0,64.00,80.00,false
27200,GREEN_2,GREEN,SPIDER,0,-2,14,0,40.00,56.00,false
27200,GREEN_3,GREEN,SPIDER,1,-2,1,0,0.00,4.00,false
27200,BLUE_4,BLUE,GARGOYLE,-2,2,5,5,20.00,0.00,true
27200,BLUE_5,BLUE,GOBLIN,-2,3,11,0,120.00,88.00,true
27200,BLUE_6,BLUE,GOBLIN,0,2,2,0,0.00,16.00,true
27813,GREEN_1,GREEN,SCORPION_RIDER,1,-3,5,4,84.00,60.00,false
27813,GREEN_2,GREEN,SPIDER,-1,-2,10,0,20.00,40.00,false
27813,GREEN_3,GREEN,GOBLIN,3,-2,1,1,0.00,0.00,false
27813,BLUE_4,BLUE,GOLEM,-2,2,4,0,100.00,104.00,false
27813,BLUE_5,BLUE,GOLEM,-1,3,3,3,0.00,0.00,false
27813,BLUE_6,BLUE,GOBLIN,-1,2,1,1,0.00,0.00,false
27814,GREEN_1,GREEN,SCORPION_RIDER,1,-3,5,0,141.00,90.00,false
27814,GREEN_2,GREEN,SPIDER,-1,-2,10,0,22.00,40.00,false
27814,GREEN_3,GREEN,GOBLIN,3,-2,1,1,0.00,0.00,false
27814,BLUE_4,BLUE,GOLEM,-2,2,4,3,88.00,77.00,false
27814,BLUE_5,BLUE,GOLEM,-1,3,3,0,42.00,78.00,false
27814,BLUE_6,BLUE,GOBLIN,-1,2,1,0,0.00,8.00,false
27815,GREEN_1,GREEN,ASSASSIN,3,-2,8,0,92.00,64.00,false
27815,GREEN_2,GREEN,MAGE,2,-3,2,0,8.00,16.00,false
27815,GREEN_3,GREEN,SPIDER,2,-2,1,0,0.00,4.00,false
27815,BLUE_4,BLUE,ASSASSIN,-2,2,8,2,74.00,60.00,true
27815,BLUE_5,BLUE,GARGOYLE,-1,2,2,0,6.00,32.00,true
27815,BLUE_6,BLUE,GOBLIN,-3,3,1,0,4.00,8.00,true
27816,GREEN_1,GREEN,ASSASSIN,3,-2,8,0,92.00,64.00,false
27816,GREEN_2,GREEN,MAGE,2,-3,2,0,8.00,16.00,false
27816,GREEN_3,GREEN,SPIDER,2,-2,1,0,0.00,4.00,false
27816,BLUE_4,BLUE,ASSASSIN,-2,2,8,2,74.00,60.00,true
27816,BLUE_5,BLUE,GARGOYLE,-1,2,2,0,6.00,32.00,true
27816,BLUE_6,BLUE,GOBLIN,-3,3,1,0,4.00,8.00,true
27813,GREEN_1,GREEN,MAGE,2,-3,7,0,30.00,56.00,false
27813,GREEN_2,GREEN,GOBLIN,3,-2,8,6,0.00,24.00,false
27813,BLUE_3,BLUE,GARGOYLE,0,3,5,5,0.00,0.00,false
27813,BLUE_4,BLUE,ARCHER,-3,3,6,6,80.00,30.00,false
27813,BLUE_5,BLUE,GOBLIN,-2,3,1,1,0.00,0.00,false
27814,GREEN_1,GREEN,MAGE,2,-3,7,0,29.00,56.00,false
27814,GREEN_2,GREEN,GOBLIN,3,-2,8,8,0.00,0.00,false
27814,BLUE_3,BLUE,GARGOYLE,0,3,5,5,0.00,0.00,false
27814,BLUE_4,BLUE,ARCHER,-3,3,6,5,56.00,29.00,false
27814,BLUE_5,BLUE,GOBLIN,-2,3,1,1,0.00,0.00,false
27815,GREEN_1,GREEN,GOLEM,1,-2,4,0,89.00,104.00,false
27815,GREEN_2,GREEN,SCORPION_RIDER,0,-2,4,0,70.00,72.00,false
27815,GREEN_3,GREEN,SPIDER,-1,-2,1,0,0.00,4.00,false
27815,BLUE_4,BLUE,GOLEM,-2,2,4,4,128.00,83.00,true
27815,BLUE_5,BLUE,SCORPION_RIDER,-1,3,4,0,52.00,72.00,true
27815,BLUE_6,BLUE,SPIDER,-3,3,1,0,0.00,4.00,true
27816,GREEN_1,GREEN,GOLEM,1,-2,4,0,89.00,104.00,false
27816,GREEN_2,GREEN,SCORPION_RIDER,0,-2,4,0,70.00,72.00,false
27816,GREEN_3,GREEN,SPIDER,-1,-2,1,0,0.00,4.00,false
27816,BLUE_4,BLUE,GOLEM,-2,2,4,4,128.00,83.00,true
27816,BLUE_5,BLUE,SCORPION_RIDER,-1,3,4,0,52.00,72.00,true
27816,BLUE_6,BLUE,SPIDER,-3,3,1,0,0.00,4.00,true
27813,GREEN_1,GREEN,MAGE,2,-3,7,0,86.00,56.00,false
27813,GREEN_2,GREEN,ARCHER,0,-3,4,0,10.00,32.00,false
27813,BLUE_3,BLUE,SPIDER,0,2,15,0,40.00,60.00,true
27813,BLUE_4,BLUE,GOLEM,1,2,3,2,48.00,36.00,true
27814,GREEN_1,GREEN,MAGE,2,-3,7,0,86.00,56.00,false
27814,GREEN_2,GREEN,ARCHER,0,-3,4,0,10.00,32.00,false
27814,BLUE_3,BLUE,SPIDER,0,2,15,0,40.00,60.00,true
27814,BLUE_4,BLUE,GOLEM,1,2,3,2,48.00,36.00,true
27815,GREEN_1,GREEN,MAGE,1,-2,7,7,0.00,0.00,false
27815,GREEN_2,GREEN,ARCHER,3,-2,4,4,0.00,0.00,false
27815,BLUE_3,BLUE,ARCHER,-3,3,7,7,0.00,0.00,false
27815,BLUE_4,BLUE,GARGOYLE,-2,2,4,4,0.00,0.00,false
27815,BLUE_5,BLUE,SPIDER,-1,3,1,1,0.00,0.00,false
27816,GREEN_1,GREEN,MAGE,1,-2,7,7,0.00,0.00,false
27816,GREEN_2,GREEN,ARCHER,3,-2,4,4,0.00,0.00,false
27816,BLUE_3,BLUE,ARCHER,-3,3,7,7,0.00,0.00,false
27816,BLUE_4,BLUE,GARGOYLE,-2,2,4,4,0.00,0.00,false
27816,BLUE_5,BLUE,SPIDER,-1,3,1,1,0.00,0.00,false
28429,GREEN_1,GREEN,ASSASSIN,1,-3,7,0,32.00,56.00,false
28429,GREEN_2,GREEN,GOLEM,2,-2,2,0,28.00,52.00,false
28429,GREEN_3,GREEN,GOBLIN,-1,-2,2,0,4.00,16.00,false
28429,BLUE_4,BLUE,GOLEM,-3,2,4,4,0.00,0.00,true
28429,BLUE_5,BLUE,SCORPION_RIDER,-3,3,4,2,124.00,60.00,true
28429,BLUE_6,BLUE,SPIDER,1,2,1,0,0.00,4.00,true
28430,GREEN_1,GREEN,ASSASSIN,1,-3,7,0,51.00,56.00,false
28430,GREEN_2,GREEN,GOLEM,2,-2,2,0,21.00,52.00,false
28430,GREEN_3,GREEN,GOBLIN,-1,-2,2,0,1.00,16.00,false
28430,BLUE_4,BLUE,GOLEM,-3,2,4,4,36.00,13.00,true
28430,BLUE_5,BLUE,SCORPION_RIDER,-3,3,4,3,86.00,56.00,true
28430,BLUE_6,BLUE,SPIDER,1,2,1,0,2.00,4.00,true
28431,GREEN_1,GREEN,SPIDER,1,-2,14,14,38.00,0.00,false
28431,GREEN_2,GREEN,ASSASSIN,0,-3,4,0,22.00,34.00,false
28431,GREEN_3,GREEN,GOBLIN,2,-3,1,0,4.00,8.00,false
28431,BLUE_4,BLUE,ASSASSIN,-2,3,8,0,38.00,64.00,false
28431,BLUE_5,BLUE,SPIDER,0,3,6,6,4.00,0.00,false
28432,GREEN_1,GREEN,SPIDER,1,-2,14,14,38.00,0.00,false
28432,GREEN_2,GREEN,ASSASSIN,0,-3,4,0,22.00,34.00,false
28432,GREEN_3,GREEN,GOBLIN,2,-3,1,0,4.00,8.00,false
28432,BLUE_4,BLUE,ASSASSIN,-2,3,8,0,38.00,64.00,false
28432,BLUE_5,BLUE,SPIDER,0,3,6,6,4.00,0.00,false
28429,GREEN_1,GREEN,SCORPION_RIDER,2,-3,6,6,8.00,21.00,false
28429,GREEN_2,GREEN,SPIDER,0,-3,9,9,0.00,21.00,false
28429,BLUE_3,BLUE,MAGE,-1,3,7,7,42.00,0.00,false
28429,BLUE_4,BLUE,GOLEM,0,2,2,2,0.00,0.00,false
28429,BLUE_5,BLUE,ARCHER,-3,3,1,0,0.00,8.00,false
28430,GREEN_1,GREEN,SCORPION_RIDER,2,-3,6,6,8.00,21.00,false
28430,GREEN_2,GREEN,SPIDER,0,-3,9,9,0.00,21.00,false
28430,BLUE_3,BLUE,MAGE,-1,3,7,7,42.00,0.00,false
28430,BLUE_4,BLUE,GOLEM,0,2,2,2,0.00,0.00,false
28430,BLUE_5,BLUE,ARCHER,-3,3,1,0,0.00,8.00,false
28431,GREEN_1,GREEN,GOBLIN,3,-2,12,12,0.00,0.00,false
28431,GREEN_2,GREEN,SPIDER,2,-2,13,13,0.00,0.00,false
28431,BLUE_3,BLUE,GOBLIN,-1,2,11,11,0.00,0.00,false
28431,BLUE_4,BLUE,MAGE,-1,3,5,5,0.00,0.00,false
28431,BLUE_5,BLUE,GOBLIN,-3,2,2,2,0.00,0.00,false
28432,GREEN_1,GREEN,GOBLIN,3,-2,12,12,0.00,0.00,false
28432,GREEN_2,GREEN,SPIDER,2,-2,13,13,0.00,0.00,false
28432,BLUE_3,BLUE,GOBLIN,-1,2,11,11,0.00,0.00,false
28432,BLUE_4,BLUE,MAGE,-1,3,5,5,0.00,0.00,false
28432,BLUE_5,BLUE,GOBLIN,-3,2,2,2,0.00,0.00,false
28429,GREEN_1,GREEN,GOBLIN,3,-2,11,7,64.00,56.00,false
28429,GREEN_2,GREEN,SPIDER,2,-2,14,14,0.00,0.00,false
28429,BLUE_3,BLUE,GOBLIN,-2,3,12,12,0.00,0.00,false
28429,BLUE_4,BLUE,GARGOYLE,1,2,4,0,56.00,64.00,false
28429,BLUE_5,BLUE,GOBLIN,-2,2,3,3,0.00,0.00,false
28430,GREEN_1,GREEN,GOBLIN,3,-2,11,7,64.00,56.00,false
28430,GREEN_2,GREEN,SPIDER,2,-2,14,14,0.00,0.00,false
28430,BLUE_3,BLUE,GOBLIN,-2,3,12,12,0.00,0.00,false
28430,BLUE_4,BLUE,GARGOYLE,1,2,4,0,56.00,64.00,false
28430,BLUE_5,BLUE,GOBLIN,-2,2,3,3,0.00,0.00,false
28431,GREEN_1,GREEN,ARCHER,3,-2,7,7,0.00,0.00,false
28431,GREEN_2,GREEN,SCORPION_RIDER,1,-3,4,0,58.00,72.00,false
28431,BLUE_3,BLUE,SCORPION_RIDER,-3,2,5,4,72.00,58.00,false
28431,BLUE_4,BLUE,GOLEM,-2,3,3,3,0.00,0.00,false
28431,BLUE_5,BLUE,GOBLIN,-1,3,1,1,0.00,0.00,false
28432,GREEN_1,GREEN,ARCHER,3,-2,7,7,0.00,0.00,false
28432,GREEN_2,GREEN,SCORPION_RIDER,1,-3,4,0,58.00,72.00,false
28432,BLUE_3,BLUE,SCORPION_RIDER,-3,2,5,4,72.00,58.00,false
28432,BLUE_4,BLUE,GOLEM,-2,3,3,3,0.00,0.00,false
28432,BLUE_5,BLUE,GOBLIN,-1,3,1,1,0.00,0.00,false
